date,All in QQQ,All in VGT,Top 5,Top 10,Top 15,Top 20,Top 25,Top 50,Top 75
2020-01-02,1000.0,999.9999999999999,1000.0000000000002,1000.0000000000001,1000.0000000000003,999.9999999999999,999.9999999999999,1000.0,1000.0
2020-01-03,990.8400545073536,989.4922312004196,989.9941339042737,990.4356874387856,990.5791034863333,990.353624481448,990.6811916389983,991.0195844898291,991.3699420473074
2020-01-06,997.2242033320424,992.7806235142307,1001.0259243212506,1000.3017561827082,1000.4095854779108,999.2975910188418,998.9719377397694,998.1957995821729,997.9135810375747
2020-01-07,997.085541956774,992.6603540259072,997.6251777085059,996.3538761015496,996.5863456398096,996.069726370868,996.3271084278645,997.3368007223698,997.3584999289632
2020-01-08,2004.5800094486458,2003.1280329960462,2006.9644024774957,2004.5870341457285,2005.1448658603185,2004.2641995489046,2004.0915922782353,2005.479846205526,2005.4581418901687
2020-01-09,2021.5656469320638,2025.632483183115,2034.0218794741918,2026.8818756241903,2025.651113760863,2024.5283464474135,2023.6735559760236,2023.5849953467273,2023.267763546676
2020-01-10,2016.3956784023198,2021.2276843403235,2030.0323103638943,2022.8734469329281,2021.0551847292536,2018.6456210430867,2017.8137793094693,2018.1016011217148,2018.3023425904687
2020-01-13,2039.6587790906121,2048.297170752845,2057.312767636024,2049.597916624658,2048.9444689807137,2045.432141060852,2044.3066576184551,2042.412483275105,2042.4289923301885
2020-01-14,2031.6277216190192,2037.4051275298484,2035.618411358063,2032.6248703212616,2033.5011416329176,2032.4322612097237,2031.9205651157843,2032.4104586819,2032.7525700770602
2020-01-15,3032.458232769395,3039.087043654327,3038.4487090435455,3037.033695249194,3037.2084714832154,3035.3923306167203,3034.0579512322192,3033.543259391256,3034.233626926937
2020-01-16,3061.5213056117755,3080.7442888243113,3073.7999414634915,3072.118658563776,3069.3001138434747,3065.9311494859476,3063.300387418736,3062.772065215247,3063.4783704160072
2020-01-17,3076.670442711628,3099.0072637267303,3091.6903930228596,3093.2059419045563,3089.821218402515,3085.8444429205497,3083.9027712868087,3081.887136323443,3081.0901524352876
2020-01-21,3075.2936259120625,3094.4713963999743,3090.8315695610504,3095.224520696761,3090.31170189769,3086.469949353984,3084.3944360168566,3082.0602340433556,3080.5033060124674
2020-01-22,4083.4194675376875,4107.243413730024,4088.7977679424343,4102.429749827155,4093.762586255223,4092.110058691309,4091.12807807646,4090.2639571665495,4088.798670799516
2020-01-23,4096.552432088991,4127.595531105998,4097.278546213051,4104.301687088198,4105.10417108809,4107.001262983376,4104.736284171283,4102.952789060618,4101.268298471095
2020-01-24,4062.079449285581,4106.296627567145,4062.870388003173,4087.6173201581832,4085.7433199598745,4085.1770819646867,4080.1738046599557,4071.250035721746,4069.6199817204174
2020-01-27,3978.174285433764,4008.3173814790493,3976.5821759471783,3998.3238734141028,3996.9262258037465,3995.0523698903485,3991.9387526580495,3984.0924839388213,3984.4427620354495
2020-01-28,4039.2793123354268,4084.524583288581,4054.661136550071,4067.6795646097225,4066.5536980934176,4061.3510930510024,4057.0343929521573,4047.227478791584,4046.736744314481
2020-01-29,5045.84420280675,5088.625136366081,5113.274648306997,5102.819403311873,5094.06313322748,5081.674082247452,5075.555792202272,5057.744253782643,5055.027514281827
2020-01-30,5063.816816719508,5129.273571668421,5120.519497205159,5115.80947454042,5109.331530495454,5094.208315375731,5094.831927130732,5078.493678277677,5076.080729465662
2020-01-31,4983.513970727644,4991.228308353561,5076.952085643902,5053.466282775228,5039.294551428185,5025.31718078231,5025.508031893342,5002.957608223871,4998.035183180471
2020-02-03,5058.8118306873275,5053.869089501745,5129.889172034537,5109.673404837679,5099.436368002283,5086.056683470409,5101.5179816099035,5080.511320965707,5075.378037149731
2020-02-04,5174.602575981501,5186.02416279663,5252.308987679109,5207.771393860125,5201.465895095374,5187.155299278637,5211.971126949854,5194.825002287181,5190.484679814477
2020-02-05,6191.663781432463,6210.569186034228,6258.774684231833,6227.960127797128,6225.820925370671,6214.953177070268,6223.631205159823,6213.470630423256,6207.013432756625
2020-02-06,6245.109964420504,6260.422147586648,6339.3780114493675,6299.063034421705,6290.451311875928,6274.341512262944,6283.267312554317,6270.355117127902,6262.232373681721
2020-02-07,6218.251917601553,6201.908984908552,6341.329436610581,6294.5907003084985,6282.980035371219,6262.267016564097,6267.920835759597,6251.467977015134,6237.774899991687
2020-02-10,6293.401155331852,6279.1440537504495,6448.669150127791,6390.640488276942,6378.775836520069,6351.589138747205,6355.566830908919,6333.701242091553,6318.286536171084
2020-02-11,6294.486394164866,6267.677850133395,6388.244082085534,6354.398153060307,6350.461834108751,6328.4975684042,6333.739442153047,6329.004618829226,6314.147862133192
2020-02-12,7355.801742510898,7334.3821742998,7455.850234438501,7418.838598596934,7414.647164184519,7391.9449832549035,7394.076924190598,7388.192220359901,7375.384083336017
2020-02-13,7346.382092259609,7319.4782921736705,7426.135791302139,7381.380186948746,7386.1435608265065,7368.706315295277,7376.005986222725,7375.096205935917,7364.417135846671
2020-02-14,7367.418995621363,7349.0147300078825,7440.811402920768,7392.528806291089,7415.006887586902,7391.926217803196,7399.826585688969,7398.971455912682,7387.9334429493765
2020-02-18,7370.24334624677,7322.186355208744,7449.533857001914,7388.540108587262,7423.525135562208,7396.377611235938,7407.165380268966,7407.589770824323,7395.3946367613535
2020-02-19,8440.891968655618,8404.030712269088,8500.259632237157,8431.037847616697,8482.314828315333,8456.963241325499,8474.104724807834,8481.101950394952,8466.088399851602
2020-02-20,8362.531233347054,8326.20722228782,8407.643745548532,8349.755092425647,8400.119986387574,8374.604414681793,8391.059045854381,8400.152142888499,8386.710317137224
2020-02-21,8201.890906474797,8141.642342477636,8190.979465668548,8163.037873454195,8214.538095347343,8197.123961499608,8221.759091671813,8236.535411558118,8227.10233882735
2020-02-24,7885.598401750724,7808.508923382148,7829.451815928054,7816.6731381052,7864.981278887994,7855.958729645468,7886.151274953594,7909.0170004798865,7905.26951202556
2020-02-25,7671.174118212886,7560.273499198334,7649.557512055611,7631.99609767739,7666.754631128296,7655.207376496022,7680.632708408937,7700.484079096942,7695.847621871165
2020-02-26,8710.710257429413,8577.805775429544,8721.582117542393,8677.827574707248,8724.7256273588,8709.84070070098,8731.824339202107,8745.554035237998,8736.079025154759
2020-02-27,8274.529994261882,8133.857581848185,8203.640708987983,8187.633755475755,8247.038632280119,8248.431128913911,8272.777114846765,8299.444793715196,8297.48839172134
2020-02-28,8280.970793377239,8205.237037602566,8286.364248184997,8240.238362545202,8306.593530416807,8292.485913584878,8310.80182751435,8332.994809167625,8325.87021075594
2020-03-02,8708.296873145506,8635.955737515886,8781.887950435925,8692.378038794956,8754.110872644473,8733.590288794214,8754.713087528027,8761.346487507717,8745.60050769609
2020-03-03,8429.046603808245,8320.836950260651,8459.430973413722,8385.962943905313,8452.15398651751,8435.858774263446,8462.64214377695,8472.613370223475,8463.479378369955
2020-03-04,9780.725217043622,9660.328612573783,9783.447915509336,9706.456467549024,9787.401585829419,9776.087141756663,9798.798713163002,9823.052663482355,9814.57930411563
2020-03-05,9483.565783366661,9358.151149180425,9477.059262156767,9388.576425491054,9469.963328425538,9460.392685505034,9486.188808365836,9516.66535581839,9510.029516621351
2020-03-06,9323.55538048868,9159.68082524056,9305.17324174774,9232.675731064246,9304.914842195532,9298.990300039784,9331.174626490867,9359.815732010471,9353.30535204404
2020-03-09,8675.89852688685,8453.564339425202,8682.600507073172,8623.038529436695,8676.081728262143,8671.971646441465,8699.114781903016,8716.207333247705,8711.30752093886
2020-03-10,9148.308092872545,8988.167847442752,9220.65899399913,9126.050543587471,9186.619233463958,9175.439347443402,9194.586195130274,9192.910721615466,9183.415041096692
2020-03-11,9749.852711579302,9555.760734436408,9841.239013890709,9739.454430030191,9793.90013752002,9773.107710960925,9796.94223858327,9791.970515141182,9782.071748707642
2020-03-12,8855.87792947075,8615.554681959333,8948.686589457442,8837.005418667082,8881.992082051249,8875.51595498868,8898.429788187897,8884.96227311179,8878.935191620567
2020-03-13,9606.0196036798,9564.470001329675,9924.68305983363,9843.583281293817,9883.414818048284,9853.846405808592,9859.879671776816,9812.473465661247,9786.362707992315
2020-03-16,8455.334929197545,8274.573666204784,8764.057859991008,8672.995292437325,8682.882687967893,8647.375920086484,8653.989375443065,8601.921390993433,8575.822777234845
2020-03-17,9096.600906301186,8773.200530183258,9278.257332568583,9216.962260604303,9245.116149334941,9211.104324886046,9211.47853967336,9160.279311201002,9129.702388765314
2020-03-18,9819.917275141524,9478.380779741909,10089.76391479035,10006.653117778475,10004.580574786405,9945.452062774686,9930.134951600385,9828.338447498127,9777.405714114242
2020-03-19,9878.860168549345,9493.472237202472,10228.995234088803,10109.889481536384,10145.011443294054,10105.560137557926,10104.45840585142,9997.994994510185,9937.297401120308
2020-03-20,9491.844832561857,9111.297772476615,9824.107928407846,9684.054208445808,9730.5075610638,9691.54229452278,9685.160896400024,9591.734205062214,9531.21445146458
2020-03-23,9498.699416564572,9030.482424417383,9788.49544039191,9695.057283504137,9780.685483087083,9737.753976702747,9722.651967483369,9611.106728059542,9542.350254502786
2020-03-24,10234.25565880517,9969.11880091738,10497.993484518602,10386.413141644485,10467.158850262651,10436.251515371496,10426.97717374402,10349.954933175053,10291.952396935503
2020-03-25,11158.469669939526,10973.986662716346,11325.687164023984,11197.27361528716,11276.024299534087,11248.29104957902,11250.76665879754,11212.812456146334,11172.0748060906
2020-03-26,11746.078745001978,11652.127241731296,11911.010691548914,11830.690411892314,11897.632701293342,11883.184423566383,11888.280663530055,11857.631181510196,11808.609643839134
2020-03-27,11342.097990473027,11136.82840394576,11451.0453975905,11364.879085994626,11445.810183694308,11426.354413675475,11433.920822915106,11396.94303547356,11350.908003791363
2020-03-30,11754.649933861596,11577.673501626594,11954.035810478264,11863.876233598186,11938.649665428362,11903.738389388887,11906.592470627018,11864.476705139925,11808.275814887613
2020-03-31,11654.262161852805,11350.553922325955,11897.439894495183,11770.351510231729,11852.505459874039,11803.720283986158,11804.110473371034,11755.966238537168,11692.76576570964
2020-04-01,12159.08314376903,11813.825440464389,12428.045729292566,12306.935714328156,12376.684157175669,12335.622466045474,12336.53076818462,12269.94443781836,12204.592129435548
2020-04-02,12405.851748970565,12044.975882515475,12595.389557029945,12539.432794018458,12620.99548936289,12599.854034018119,12602.952708654357,12530.597977986441,12461.411122056097
2020-04-03,12229.777182142618,11850.692860081332,12438.48290474905,12385.257837255018,12445.587661009919,12430.117529400886,12435.567098256062,12353.335897432922,12281.607693130356
2020-04-06,13104.145590228241,12860.145445773991,13340.167773849007,13274.715718468437,13340.855031336863,13318.956629728993,13313.545461711457,13248.358667838556,13185.45749638203
2020-04-07,13098.804333284577,12762.417509133616,13289.650154448651,13239.322012563724,13274.987255642593,13247.828745206187,13250.63730548835,13186.462001823871,13129.449589082873
2020-04-08,14376.92563098461,14128.75159749306,14531.97544419265,14485.027742999942,14527.088671065163,14515.03858054226,14511.991514237807,14470.084993496414,14420.612133849128
2020-04-09,14397.7143966787,14162.127270414678,14565.124422083352,14488.914926613501,14524.025632975077,14504.72191150808,14504.323676347682,14472.664949261334,14436.031031295843
2020-04-13,14553.256175400315,14194.243767941238,14872.344644991883,14721.309719212617,14779.737460600172,14752.796420634379,14749.514317113104,14672.29656164571,14613.861160204278
2020-04-14,15186.193907005498,14770.482561800462,15590.366223413432,15396.2400833009,15467.362095224396,15429.016784808218,15421.838317548687,15323.806494936733,15254.257186027031
2020-04-15,16012.010676270702,15450.5607086978,16527.008146153574,16267.009038482824,16345.677100886222,16297.870414210855,16281.440145557257,16153.495620284602,16078.86414119341
2020-04-16,16304.069471321287,15610.814768419257,16883.062353098503,16575.68247962248,16688.441195974996,16632.51088928716,16607.839206542856,16471.52169777757,16388.55917232481
2020-04-17,16460.037453071884,15861.974401128606,16856.21254515915,16591.5899763884,16690.078012352624,16666.75880352027,16671.770975520772,16585.20872074602,16517.308342650795
2020-04-20,16265.078989066376,15598.693667767968,16661.288647011108,16394.18135273681,16521.887079423916,16496.292330718647,16489.420060519977,16385.529649675133,16314.359735580634
2020-04-21,15664.904714292314,14957.669919571179,16082.953799819754,15803.766762511967,15919.146790032903,15893.942063126755,15881.097227311782,15764.630231922889,15699.128523009489
2020-04-22,17129.753240958886,16524.628260991594,17562.989195169663,17302.041934740082,17400.583970212294,17387.36273309107,17384.618100284293,17263.388520490113,17195.353717388178
2020-04-23,17093.21658275481,16440.054179102808,17589.855910244074,17313.8691013174,17406.839571080527,17380.398317520303,17354.677207160556,17219.657514634262,17149.60423539659
2020-04-24,17362.780498737586,16763.291668147554,17865.750465253153,17593.69666053433,17692.61180885252,17679.773350386964,17652.771302809273,17505.5896082956,17433.609608912975
2020-04-27,17502.437439414047,16953.94103977701,17769.520771833602,17535.728245809976,17680.314884470048,17697.249522562077,17689.885791086723,17574.16270634685,17522.66219392846
2020-04-28,17172.788590479693,16738.92667753982,17349.261996524656,17166.76696501405,17288.908803836814,17309.05333123547,17316.617706224435,17231.223253819095,17199.506245805394
2020-04-29,18781.752606363672,18453.488433207243,19106.625134942646,18887.720897606945,18974.031574904646,18975.218128056633,18970.9097712705,18852.56437935426,18811.697721453547
2020-04-30,18774.0329713036,18338.3088889776,19534.912355050546,19182.484377412813,19223.21132258662,19184.43003718244,19159.879457632633,18950.708058449465,18881.62679946506
2020-05-01,18244.88423795023,17811.654998586833,18859.09232969989,18563.344555643525,18617.453920815587,18584.859488802063,18550.766774292984,18344.020804390893,18283.78514090852
2020-05-04,18457.575460177886,18030.65114764851,19150.47730609863,18810.411087444267,18886.38989214008,18854.670207135216,18809.55135980401,18590.822299632215,18521.094232334668
2020-05-05,18666.82984927677,18309.511588355934,19353.492754476552,18998.409984858423,19073.08599082262,19038.067397003386,18990.474695039797,18789.059648033704,18723.127209189
2020-05-06,19781.752606363672,19441.36732063266,20529.149557339133,20128.161544187824,20218.628633381068,20173.45917861913,20116.05108854596,19889.24186997801,19835.72154156803
2020-05-07,20036.477308502737,19791.27759366015,20724.372849041636,20315.423628603825,20426.212692132318,20414.647945246008,20367.57228520239,20151.43257838716,20098.401969331564
2020-05-08,20311.070265671788,20084.45893810937,20959.842583518763,20568.657894587617,20674.01612171415,20660.588130225806,20619.626562845493,20411.983107488333,20366.893230373054
2020-05-11,20492.63196361318,20222.66792768226,21221.55088578155,20791.740226506532,20908.656845898022,20874.59142492147,20815.41953527454,20597.34132182164,20537.155603611263
2020-05-12,20063.573764002173,19788.075359425588,20830.29573351463,20412.625829944154,20519.540320729287,20481.945554512153,20421.784904056676,20195.828551937586,20132.408903608954
2020-05-13,20812.46316209783,20436.57160576945,21609.10153783542,21178.27448055059,21307.410889038452,21272.822753034725,21209.36454746363,20962.91789857177,20889.278578281504
2020-05-14,21048.73053699652,20682.686866667194,21746.00147705123,21363.23186595085,21496.743129110735,21456.054765476183,21396.06670507378,21169.57783749491,21112.91051032012
2020-05-15,21185.370548440234,20804.48187688858,21905.958996696896,21533.356097054246,21717.589590134066,21649.807011492336,21564.013062478167,21317.77439501133,21253.653911349982
2020-05-18,21580.094003196522,21305.94752554138,22183.89917632511,21831.176133535588,22007.974187458323,21959.271004062462,21895.289843314684,21704.097272826042,21659.6116137632
2020-05-19,21526.00679990693,21241.272196475,22152.512481328333,21794.35309048394,21976.472368352835,21916.54442955245,21827.557527956535,21619.16775141089,21579.06758474863
2020-05-20,22955.84539597839,22727.6131670027,23617.606800060952,23291.061154642528,23451.488100997136,23381.30771144846,23286.538376361754,23077.5903651607,23023.454894916606
2020-05-21,22705.841887034057,22446.45482783265,23372.715522324477,23055.924519301207,23204.678787447203,23135.526773859976,23037.12016583728,22812.821119575856,22766.59401417499
2020-05-22,22784.21263691625,22556.2792200893,23433.000954966818,23128.87700126479,23288.650005356496,23215.44992670527,23116.541578615812,22890.210944544546,22842.147066288846
2020-05-26,22722.70608110796,22572.098602378643,23285.06886849805,23004.40763558835,23118.80581683703,23063.1774798903,22976.599027003347,22784.635793786372,22768.41317591916
2020-05-27,23846.719797384107,23697.739577281718,24276.536834117927,24039.402316823103,24145.744596803474,24115.733429171913,24043.55725381248,23893.07179673118,23891.06317542215
2020-05-28,23815.65173433976,23650.037883035337,24213.794409699378,23933.707781699497,24053.9577397416,24033.105087984284,23966.975993570853,23813.54480195885,23817.803823919246
2020-05-29,24164.617780380257,23945.42330622615,24405.11154109867,24159.43979745955,24331.99828948911,24338.685408186422,24280.457497656636,24144.357991750323,24146.77949472343
2020-06-01,24237.10282271444,24022.47471780014,24592.825627216764,24298.740274032978,24473.69709608961,24468.098239433857,24400.69846018946,24244.80487097075,24247.601457502155
2020-06-02,24399.67852567244,24237.138918630702,24728.41465251391,24431.80633562176,24594.282532870402,24603.555219306338,24537.490507512335,24383.0780050427,24392.74572665052
2020-06-03,25509.443932010126,25462.80670584507,25773.747334681782,25455.094870746245,25600.547825304442,25639.42420930366,25587.718989621248,25470.505501827167,25510.05253665637
2020-06-04,25330.535539875775,25212.630113634947,25484.748029861472,25212.1413360796,25365.78807086941,25420.758938388488,25388.65353428702,25283.56955036524,25324.750084468116
2020-06-05,25832.77150858127,25821.836950291574,26006.714508621364,25719.30757802561,25860.843750011343,25898.892691182693,25871.504353927816,25786.57118360944,25837.96019743915
2020-06-08,26033.235868833755,25980.334658750813,26222.17461003142,25891.982830460107,26032.643374822987,26079.876256793777,26077.235798933514,25974.552109650667,26020.059561147937
2020-06-09,26221.845470495624,26038.573705402636,26773.1919782966,26330.08906599833,26436.138362087677,26429.847816919977,26387.269343526285,26220.630522532796,26234.097192123954
2020-06-10,27536.545199156284,27426.239719731442,28372.943527368054,27797.011850512303,27912.36876029719,27885.244476570053,27821.544757352043,27593.52910173584,27586.538012918863
2020-06-11,26172.1332026311,25863.47454602792,27076.125625972487,26464.809304083527,26591.37857557617,26569.17891729265,26482.365425597814,26222.420157510827,26211.998789140685
2020-06-12,26380.14652560411,26181.578019368593,27225.719969055357,26636.98140656256,26767.89018937546,26738.774494244142,26661.424810262524,26413.371279141833,26407.437550047005
2020-06-15,26701.127457198705,26507.607082017454,27490.35838899132,26902.74106211449,27047.42298241808,27020.662562134774,26950.916678375826,26698.38632044542,26694.961967364667
2020-06-16,27159.657732051615,27065.51804762879,28081.39557804226,27419.05174765843,27540.220550157937,27507.76751669153,27430.614067472237,27182.788785910245,27181.42117341548
2020-06-17,28245.771716860636,28044.71574389878,29180.510362129786,28501.239165891104,28645.73870942205,28613.109434287595,28525.43839329709,28273.315256202746,28267.64875358182
2020-06-18,28322.293345475045,28197.834653866325,29264.669904214108,28548.90639284929,28725.089231776376,28709.42786323629,28626.40261167237,28347.11440529882,28338.821335604316
2020-06-19,28317.654391547672,28010.816291877014,29229.196110664525,28500.479733269505,28700.201312587204,28668.896892612775,28586.4779844937,28329.068677343024,28308.554866901795
2020-06-22,28657.259964082055,28529.494607047516,29840.382791133656,29001.943181021226,29193.852446602217,29131.067632817125,29014.185035981696,28696.636597206005,28671.415825667955
2020-06-23,28901.156592430634,28716.98775127803,30272.83709267949,29361.453871410973,29518.33639801785,29430.415660890354,29295.33080532017,28947.724125294786,28912.575547864217
2020-06-24,29305.341979996076,29067.983348077927,30720.78357561348,29818.07563788252,29961.0006218399,29870.561247668196,29750.68880705597,29370.126282088724,29324.045588365432
2020-06-25,29584.317442167798,29454.18644270634,31039.5573139258,30098.23950854452,30276.13702694272,30185.9747860446,30054.04445573825,29657.13239995912,29616.408621677798
2020-06-26,28885.677600679628,28910.0907456362,30042.560309571672,29150.45853898809,29362.566613875155,29323.03315203119,29206.86333051687,28851.290610231685,28842.24507143879
2020-06-29,29200.724756223542,29204.536271228262,30430.92411021354,29526.536457829494,29711.05967092843,29664.359946278397,29554.137416306894,29193.533572033648,29183.878010972046
2020-06-30,29773.1051181602,29734.772875772753,31046.511394060337,30112.983318172526,30327.887330799596,30279.391951879155,30160.199238779685,29792.78713533366,29770.289691793354
2020-07-01,31120.61470706715,30805.183983480754,32564.455650710537,31562.958182345898,31829.091952507966,31773.195701469373,31626.85839409622,31184.07243174876,31139.804523585815
2020-07-02,31331.819664342383,30973.8976248702,32703.466360190272,31681.736066283484,31967.727778289656,31927.476102238943,31796.619324311585,31367.976677504095,31323.520199035058
2020-07-06,32102.10292052836,31463.478410362946,33767.23270080786,32609.029369274376,32909.23874530126,32847.06699549864,32698.792957882513,32203.49830361103,32136.03681661064
2020-07-07,31880.953731484507,31174.578467288207,33444.93317782133,32310.363754845643,32654.691249093114,32610.301339336198,32463.83091775664,31955.096203901518,31884.65295130373
2020-07-08,33300.88544293625,32715.99161063771,35157.95877244705,33908.14674420659,34223.50681761065,34140.9703601313,33961.89130266282,33417.83939283406,33334.836080446556
2020-07-09,33581.39278403043,32847.939095976224,35616.9932627193,34291.92157164565,34612.39015304226,34521.457450327114,34307.74201794266,33722.127749280735,33622.74962439525
2020-07-10,33810.66394777819,32784.23756731182,35730.24895553106,34495.20676440889,34919.88989372311,34825.6188082008,34629.63498237306,33999.48290295906,33884.97078419185
2020-07-13,33115.16745933918,32035.806065549812,34967.24823449014,33776.54654037605,34144.25830654205,34068.19986796052,33892.80085850718,33282.30546146864,33173.74344234424
2020-07-14,33349.55859671224,32419.11428774699,35164.38137401565,33977.05407587498,34354.40546774394,34302.3226642817,34131.14817354905,33537.661537067164,33424.27243158444
2020-07-15,34417.43823122498,33621.59259730308,35990.44219791635,34837.523678384125,35235.45487991467,35208.351492732996,35062.727748343736,34532.759078869254,34440.78729203385
2020-07-16,34182.628188899085,33197.21710887207,35649.244808816016,34569.2948431637,34966.34229469981,34951.727589329865,34801.46458645985,34278.94297984649,34195.96402453698
2020-07-17,34222.203149413275,33394.15756180584,35475.59153017331,34469.71336711422,34867.468886713585,34890.87459783756,34762.9762816545,34309.34803594066,34241.65254455173
2020-07-20,35193.124138003084,34271.02958150835,36981.903687679456,35740.72231209507,36118.68915137459,36094.44228720439,35921.598791627206,35363.67463639567,35257.154315341504
2020-07-21,34826.38852525076,33940.44058417249,36467.63944239808,35304.95513524237,35654.90940917869,35636.04478552614,35473.638312354466,34945.27219716702,34871.3354501348
2020-07-22,35949.0646475823,35196.0190192423,37529.471358179515,36379.1898746099,36749.56143175832,36720.8096666661,36563.898144556464,36065.88100594377,35993.26280959614
2020-07-23,35010.08099969365,34330.89273178007,36025.74253623082,35113.820826909476,35538.98703406283,35555.933463324414,35432.55598164022,35042.43802719736,35015.32463842169
2020-07-24,34677.627864533504,33888.07456906395,35972.386192467115,34784.20905249102,35213.57317011898,35225.557293393555,35097.17923189017,34726.38756599689,34694.3463911763
2020-07-27,35296.39416597026,34462.40548833713,36568.245974992344,35309.91569785427,35810.464648351146,35839.94413920133,35724.63317193013,35357.01143110059,35320.76868904736
2020-07-28,34847.24527908076,34050.95832610616,36023.51710687574,34794.47631984011,35290.6066889799,35333.518995731916,35219.00138694181,34866.846131028375,34839.07143973523
2020-07-29,36248.89871619914,35633.74944428768,37514.59454489058,36208.168948669736,36707.30666684089,36739.585156651905,36630.92915325751,36294.612913323814,36284.65470069372
2020-07-30,36438.68787968165,35812.50290258629,37746.239989398535,36400.77800931284,36905.87785521147,36922.97459890552,36861.86559665268,36484.47061567027,36471.03709091299
2020-07-31,37088.947737964794,36655.440163400715,39367.13447594069,37635.38143848047,37963.44725329546,37893.00743343227,37743.99353953584,37226.86047221568,37180.25363004739
2020-08-03,37589.89990618821,37513.2689422854,40034.93700729319,38180.106342282685,38517.80637186598,38444.5521316751,38297.37413062949,37746.594352333705,37680.79264523094
2020-08-04,37729.434608957075,37636.169343274916,39993.75464313196,38195.43276276962,38579.02611151876,38543.08467040919,38397.618080020664,37876.58762833282,37813.17133603325
2020-08-05,38822.92974126569,38801.27421625157,41246.40181591306,39359.1753416927,39717.89993452493,39678.81174943676,39517.85490962055,38989.05206051682,38927.843277081454
2020-08-06,39337.14468930658,39268.92262697351,42187.37052804898,40196.629500126495,40502.28492411556,40406.37343284297,40205.90042128815,39580.34531371955,39477.54208450048
2020-08-07,38883.095353318095,38634.32896243392,41516.736663991265,39637.019449662046,39917.94673359725,39851.27058158933,39686.162478872895,39116.25498902272,39037.54824567936
2020-08-10,38716.9426365906,38512.004778057766,41368.98999516336,39517.22264174558,39747.09939668153,39684.29950613936,39516.18360413296,38928.57446513457,38853.6680356362
2020-08-11,37983.60405856204,37830.287019576834,40386.369734557265,38634.58506636964,38868.25604666235,38836.47014441561,38722.70789359446,38168.474034236635,38119.74089832532
2020-08-12,39938.95048503682,39659.82498059987,42492.95602599843,40665.33241643914,40951.00755663197,40921.84220802804,40819.82842971747,40210.91106471846,40131.252766527505
2020-08-13,40030.04441494518,39756.54844767637,42750.83619398566,40781.197343114574,41063.22390796115,41027.221506024944,40911.851769745226,40278.98394578306,40204.1708828228
2020-08-14,39983.027593818886,39658.51616612635,42669.643499554506,40725.20915100314,41032.64416697058,41003.02591036432,40893.91580050029,40251.21177181197,40164.16789903428
2020-08-17,40447.25136305876,39998.39243258357,42853.1147958826,40961.68150028269,41401.92236978553,41411.507511055854,41308.69263866976,40673.62048852748,40593.77428410035
2020-08-18,40836.5705187125,40117.3491258436,43601.37926311434,41593.70136086542,41993.43776387503,41959.63763401381,41831.72403367932,41123.07728569167,41012.33497314219
2020-08-19,41561.853703530265,41054.600820513064,44346.953884754,42344.94248467821,42733.8343852239,42708.40614949724,42560.33059290435,41870.77282446532,41764.316408817234
2020-08-20,42138.38061314414,41583.84213999211,45223.150892132544,43163.39316860187,43570.1163151068,43504.41054201573,43324.198843979364,42516.05198292958,42367.634793348836
2020-08-21,42430.41525012159,42016.61540632334,45817.94795583928,43641.48947471508,44016.260452392744,43931.88232996411,43746.96586211745,42863.90298722731,42686.40118612621
2020-08-24,42695.354478545196,42358.282321736704,46192.47439389157,43959.73760936689,44295.789579762604,44189.63041610955,44012.493011409584,43134.57479576282,42964.539743615285
2020-08-25,43031.03013973187,42560.60460095915,46520.630457258674,44279.59684006893,44617.11415627501,44523.08610543667,44350.3353902619,43493.13440705954,43316.87039229106
2020-08-26,44949.2856363632,44440.877715282615,48699.50616606796,46460.97573300805,46903.19665760671,46741.23458554534,46513.087872378776,45491.165415272466,45267.299775102016
2020-08-27,44809.1783541521,44413.47821816449,48477.03417448867,46203.52717915926,46646.12552979375,46530.26752996757,46330.40623007458,45316.56431821926,45095.221431988226
2020-08-28,45037.04492887503,44842.51626518333,48622.717027648534,46402.308397774126,46864.66834790947,46752.3681469306,46561.79329502637,45565.31768851773,45357.786464476885
2020-08-31,45398.847602196314,44979.566031576214,49104.655398383795,46856.424577273596,47397.83342554008,47295.67923681873,47123.50309666285,46057.46185310388,45793.735593487014
2020-09-01,46174.776604217914,46050.08516560021,50119.348495670056,47708.719760988795,48209.94206451509,48060.448296661445,47845.72278117459,46714.79664503917,46447.82819260044
2020-09-02,47612.02053714578,47379.057757092094,51409.08267470964,49125.47202514683,49601.551072656905,49470.20426741059,49252.93680179871,48186.43946963518,47930.451606078685
2020-09-03,45198.09306851491,44577.16005808325,48270.848718226596,46265.75691573274,46765.388275528734,46701.274578230805,46543.77770856998,45610.38348373662,45408.01672032384
2020-09-04,44595.778208458585,43868.61767940578,47589.635800669224,45581.18735945061,46066.67484121225,46060.17855399593,45942.94690438454,45053.437758389875,44850.40347793707
2020-09-08,42452.33788098655,41957.26364985675,45065.500760189876,43257.21623251633,43677.25927900845,43692.74747322191,43585.15834362982,42821.867866243156,42673.609328986066
2020-09-09,44699.40241523138,44281.91242041057,47648.90835554213,45671.24871962528,46122.16170870601,46140.36849874201,46015.20400895156,45136.87067643693,44940.964230885606
2020-09-10,43808.244596817436,43347.848236846265,46329.7623844844,44511.09515092281,45006.22985299713,45069.90294970584,44981.4219902659,44140.884962434786,43968.10186269342
2020-09-11,43504.2102348853,42999.92434363763,45791.54447090461,44092.34675001516,44627.9182881229,44720.56367984988,44666.84191429863,43857.1664643945,43700.96902208383
2020-09-14,44261.86040699504,43914.62704157316,46237.15461945947,44589.860730193686,45268.07104302758,45399.680333453434,45364.983739568605,44583.07036579536,44428.0921435389
2020-09-15,44889.21159114443,44394.238179462904,46804.704778130676,45191.16861931908,45937.80124665078,46083.58387762802,46068.95719196081,45239.95885417532,45060.005915862566
2020-09-16,45173.38076328172,44729.381519854054,46680.24518805803,45192.16877304113,45940.27204151197,46154.008799768955,46175.29092636754,45403.17557636918,45267.78724655014
2020-09-17,44467.694080675275,44328.40150010016,45860.55094393659,44417.98288763316,45150.600115536516,45384.97369768715,45419.83258850437,44702.61241374058,44577.35499457891
2020-09-18,43900.15984710759,43677.721281265935,44905.94521754119,43592.29151155389,44422.57375242268,44715.64301248953,44760.90998172959,44069.961297137095,43953.183669673905
2020-09-21,44005.42653231449,44080.182427342916,45348.07361980181,43918.97719258801,44798.62965481375,45047.47672498363,45065.33484879396,44282.79180831068,44138.10815151005
2020-09-22,44823.01009444878,44811.63992234529,46672.105644404655,45029.166702005234,45801.18285785623,46008.204514088706,45970.3349993131,45129.10092777989,44968.20876118661
2020-09-23,44454.35078111997,44472.09157674265,45925.60170181832,44385.974070633805,45119.225691351385,45345.700345285615,45326.17614488668,44625.31965638591,44514.99133467835
2020-09-24,44661.34504439957,44608.82619974753,46356.62512058896,44776.07681909509,45493.70908291506,45702.19872542092,45679.596355801004,44938.37745079557,44812.50958595559
2020-09-25,45699.67316830539,45732.7641217431,47598.23490878418,45924.25707089093,46652.83128575137,46813.64668109756,46773.16974897759,45995.64104164312,45847.23438005534
2020-09-28,46648.803841365436,46580.22622745619,48453.74599665952,46760.8076800229,47518.925579741255,47707.627971224734,47680.41992213302,46878.34598792971,46733.50322641859
2020-09-29,46438.45277057801,46452.51131526945,48183.726027202836,46584.52251798231,47383.349671556156,47580.202491123215,47538.91146238052,46744.63947817338,46586.770979975765
2020-09-30,47756.51427181062,47798.10489442989,49615.88011310584,48000.6003390751,48834.03811570864,49032.21406223219,48991.694969959564,48149.29630523158,47979.21600025344
2020-10-01,48514.51761190426,48393.55117005118,50304.43595395086,48677.77202188657,49553.51583827165,49750.31822882965,49713.139406001246,48846.780123398305,48678.94109814997
2020-10-02,47149.755155651284,47279.38521525372,48822.82349834843,47232.503266704676,48022.887433433694,48215.61043893191,48190.82019087068,47405.56690898203,47285.877219888454
2020-10-05,48155.28065766707,48353.65489720727,50005.78429922635,48331.69977556588,49141.57688915182,49342.9397223407,49322.28363023343,48502.14322689985,48357.36780786909
2020-10-06,47295.85919507537,47687.613923626275,48693.98730623661,47183.92374942799,48036.67905638103,48280.390719673276,48281.278247140355,47551.902537215974,47432.18728110851
2020-10-07,49114.03420881184,49590.0006511307,50589.14684503084,49031.796938489206,49946.174056605145,50175.76674954305,50174.37289944537,49438.35883927598,49314.98900026476
2020-10-08,49375.46437884948,49807.71779647109,50764.37592823329,49241.85937533375,50098.615614103466,50303.75031734534,50309.44462693077,49622.46104875343,49515.42125603645
2020-10-09,50129.92010123734,50648.8057914642,51856.12538391151,50138.28452173824,50928.16368428678,51109.84818894853,51104.25206998149,50376.56487032169,50259.57513801096
2020-10-12,51677.46867769045,51925.328077138074,54218.644968765766,52214.073912883425,52863.80270579698,52962.9893969172,52894.16527661835,52032.3276985432,51855.085358560435
2020-10-13,51675.72152057326,51673.14670751305,53858.85186112517,51983.39036476149,52736.89686696144,52870.90268282157,52813.4948931013,51971.78821531566,51811.567022733456
2020-10-14,52244.06832854608,52383.39193297186,54360.07872126067,52543.6480413898,53298.62691301592,53439.11118944899,53401.40219807475,52549.68288165414,52402.76374790026
2020-10-15,51893.461400272965,52185.402761324636,54008.628684212694,52199.62957765053,52943.88575978866,53083.20869008408,53032.92285095282,52127.65908288733,51994.75651748303
2020-10-16,51609.049186724624,52019.32821677812,53529.08886795042,51832.5133166976,52602.70816678892,52771.94376977451,52726.95990388521,51880.2201151548,51764.30326350934
2020-10-19,50766.5226767552,51224.14614268116,52286.718396842014,50708.71215920778,51504.807477680944,51690.261342913225,51667.81996673741,50887.87168479996,50790.261988609614
2020-10-20,50875.64273570308,51289.61593935137,52735.69674610486,51066.31134453909,51795.02038634165,51950.35705814989,51904.50405888516,51099.03087580071,50998.20546280869
2020-10-21,51836.28555011583,52105.981514305844,53810.753985451505,52196.212866319445,52872.399757504754,53000.890767358826,52937.4689088189,52086.0636561539,51972.9855873482
2020-10-22,51834.45196118644,51899.22422238333,53682.71516153285,52095.78913528463,52718.16673941341,52845.423962985216,52804.929635797416,52011.25355904022,51900.540286181495
2020-10-23,51936.60823496611,51868.300971980934,53970.35968141057,52247.349111489566,52826.88360275893,52937.56857994242,52905.011805672264,52113.88583857823,52023.09853118709
2020-10-26,51157.759624193255,50748.21334759761,53302.8844863228,51460.04711305455,51998.94080403011,52098.305409343,52068.70440586562,51276.19108646539,51174.703448546585
2020-10-27,51557.22254066793,50976.15229167388,54203.312868500245,52193.997632096754,52663.100381126176,52714.91113850125,52647.07073874779,51757.831899171055,51632.68894473396
2020-10-28,50547.176623841464,49941.14429123644,52681.40051014335,50795.40474827073,51322.267207666126,51440.10061023502,51411.88685848029,50649.05105732571,50565.741143149484
2020-10-29,51431.056697217806,50648.84238926331,54006.490348475556,52029.88785558694,52507.1969873047,52582.91427446864,52531.299677188916,51691.21408136641,51586.00636852807
2020-10-30,50126.621968440006,49504.21947174598,52086.51809855024,50415.39777619832,50878.629838320965,51042.5718624616,51040.23653856766,50308.82649554094,50241.72806729834
2020-11-02,50238.27536472746,49607.22394480478,51931.480832677065,50349.336756225246,50876.84710267566,51075.18449801812,51081.80931608022,50406.97684911682,50363.1520576226
2020-11-03,51107.26714212342,50505.969975115724,52776.63939308193,51201.324565006595,51743.62971586218,51909.70867053019,51920.917563827665,51265.44622186875,51244.36525562541
2020-11-04,54388.623499995316,53502.822813032006,56604.021324432324,54807.858023768065,55240.24552954637,55350.43994316089,55299.94041077965,54607.58276698762,54523.91637028873
2020-11-05,55806.58839204143,55205.8943142186,58202.17083604126,56244.35734038572,56678.29173506381,56818.01609174752,56813.7917271718,56058.68099550001,55952.69298649969
2020-11-06,55848.278612917704,55463.21300780773,58134.17467174233,56207.88977705034,56658.11966849443,56812.817242422054,56821.61919247979,56123.00505531613,56042.763973027875
2020-11-09,54707.097955718986,54884.24192100766,56475.947388796216,54697.44297353036,55094.40049754946,55264.382956971516,55373.21499075096,54850.908045536606,54832.79781180615
2020-11-10,53727.045178198474,53749.97931591819,55283.1070763686,53616.94677488329,54093.50894416393,54309.55323530153,54432.917271646525,53876.80864789395,53868.11375838932
2020-11-11,55928.88849256702,56063.68806396979,57726.90902694114,55943.20648613471,56422.351362350055,56639.382825147084,56766.5788607491,56135.51641986839,56112.03106929275
2020-11-12,55666.37093498944,55627.58892422846,57452.75159152284,55647.452595628485,56110.73426343202,56316.045278363235,56426.621769953934,55810.80296245991,55772.50896012845
2020-11-13,56154.722906872084,56065.40432263197,57748.363701970105,55993.92164747013,56464.13768534418,56684.105989277385,56806.19106226275,56290.515598611135,56274.9467092247
2020-11-16,56592.86436877644,56616.979248219555,58009.75611027803,56276.534297623366,56749.225314807176,56985.5917969579,57143.411541215304,56638.574839735826,56636.202735734914
2020-11-17,56413.36591422045,56453.23505394767,57601.18411387937,55990.7875807521,56572.26471242742,56840.25047122415,57030.39116773844,56519.69464481667,56503.079536052144
2020-11-18,56996.45210624907,56865.47658586459,57948.20145032912,56499.34010232107,57180.507378101356,57500.11642235134,57716.073213510645,57166.004040633554,57135.79358910929
2020-11-19,57442.436650407,57488.313878834444,58271.90562177218,56849.21380092591,57541.94910402807,57880.378248926456,58103.660312847,57569.76480279793,57557.81896159552
2020-11-20,57049.478370530094,57026.877502978394,57712.017462594216,56292.405750198224,57006.44318338315,57375.835411418586,57601.70783291411,57118.614915924394,57114.595789131185
2020-11-23,57051.47197920123,57063.714299676445,57092.09602651885,55938.29559021689,56802.963756195095,57237.666712199316,57472.138389853644,57077.41659054547,57093.45075788809
2020-11-24,57853.045509235264,57740.95833406153,57923.786161870914,56844.44932500784,57762.732613271844,58195.04295804445,58428.94066623097,57973.25823214305,57963.66838687107
2020-11-25,59208.646916349186,59011.16160674504,59342.97423198412,58271.033084154406,59240.31760348564,59660.50922042336,59868.32172259669,59348.87594087256,59307.70419411564
2020-11-27,59754.21021611522,59448.42872183655,59699.76572743632,58654.62122536703,59629.94271731703,60055.00504051303,60263.75823567768,59778.17112179408,59750.113979693095
2020-11-30,59876.11543838925,59848.201407098626,59747.48909089067,58607.95598456028,59554.13211299012,60020.477590220136,60256.27730101548,59772.9053013422,59747.64343394009
2020-12-01,60643.49861014099,60344.37297889424,61036.51791817968,59828.2013268055,60742.117989013655,61184.977895452,61402.39218738843,60824.16288453213,60751.76186254415
2020-12-02,61721.42900460502,61271.20649001351,62082.41411908432,60899.16122332749,61763.79995026874,62170.02212316145,62376.077981322254,61830.63044525463,61743.8512336659
2020-12-03,61808.77866096863,61309.28849444258,61808.9426785242,60767.05380517264,61711.274017165575,62117.81054504553,62351.578583375216,61858.10944914356,61784.38233859995
2020-12-04,62060.656207896696,61996.945127070976,61566.546019473346,60670.04194181707,61697.920833945725,62200.955474186776,62516.03250178481,62121.07236970598,62072.04013362669
2020-12-07,62412.08398070178,62151.15451892964,61882.279779978366,61020.24293815229,62130.75226662742,62670.308247222994,62985.823060218725,62501.833813337864,62418.169273641965
2020-12-08,62623.359316559705,62432.3940627432,62146.58330740407,61201.43426691077,62283.66823918132,62825.85112762349,63132.693414274254,62651.831919333046,62570.594395344284
2020-12-09,62205.4926052926,62151.44292992957,61844.090666651624,60880.03615525268,61911.15658705248,62438.98288445671,62738.39762359147,62306.213391932426,62239.17255923364
2020-12-10,62455.272422871465,62426.19463684495,61947.030094655616,60991.45611550823,62049.61297707175,62585.06487693377,62929.72165200664,62480.86405957536,62412.5009802012
2020-12-11,62316.961245959574,62315.57120025905,62026.88266474211,61003.28124494324,62032.00900408084,62502.693100284,62755.474453241244,62328.098294932046,62269.253572327616
2020-12-14,62769.101024964715,62582.95502842942,62129.5722367362,61234.30369272951,62421.92350943432,62916.995015598564,63180.13153740924,62734.987046916365,62675.308687470635
2020-12-15,63440.060010815454,63622.99543603955,63222.173916620784,62091.35688843112,63161.25594138274,63615.815721235136,63855.048635002335,63392.010111056305,63375.20345132252
2020-12-16,64788.947719329255,65085.861951865416,64913.62505236827,63616.910595141686,64645.9091086211,65068.30678277021,65270.667019796914,64765.76306711782,64751.1076692005
2020-12-17,65212.513810588935,65678.81823719807,64998.69303409657,63774.9928194624,64920.31622231413,65392.18362054761,65617.05730974613,65146.58783392259,65159.95622623519
2020-12-18,65015.406435163306,65502.43089050404,64446.03598563026,63368.0410944151,64636.246265090274,65208.92934294532,65466.25455479569,65025.40682419892,65064.43323832449
2020-12-21,64893.79192692635,65676.94752529582,64948.18061153012,63567.88128444489,64652.603550463915,65137.67344426318,65337.14029328346,64828.763892211085,64852.33306196993
2020-12-22,65070.23139824325,66386.27396848406,65494.73037122215,63896.426511715705,64912.19354204975,65358.310292424074,65514.13340313197,64987.733514858664,65011.01537569489
2020-12-23,65742.53442087854,66782.02808529056,66080.8838897152,64551.203692739575,65545.00364578243,66002.33028815682,66183.8833577518,65677.1329000847,65689.59294575237
2020-12-24,66032.65230118147,67225.92273163624,66347.53629212512,64833.566047631604,65846.54983893325,66333.8767859742,66528.75064847982,66002.15009617004,66006.70929330171
2020-12-28,66698.16260648498,67698.36491757998,68174.13432323058,66353.89030466267,67196.26226850704,67568.98913818467,67695.22097193144,66969.4301818228,66905.73608108705
2020-12-29,66757.89315425094,67250.69005849343,67923.58551773276,66212.18152674746,67141.2902049621,67527.83485572912,67678.61506593484,66965.55503488102,66885.78904024365
2020-12-30,67760.02686888265,68340.22141288228,68234.53872544444,66693.21572297714,67730.47184950138,68209.76320615543,68411.47378251147,67825.63274109607,67816.84995864525
2020-12-31,67926.72240348272,68400.15900868269,68064.83308332543,66711.28818324124,67878.97841854031,68414.37863361994,68656.37913844151,68078.61999924903,68057.89060862649
2021-01-04,66967.61505073801,67263.35770082899,66655.05426735504,65519.905360692894,66739.02279473617,67315.38196549818,67575.55316327886,67035.22591792127,67022.89553849967
2021-01-05,67519.70519590612,67816.28752880837,67197.9563865613,66055.86232124615,67246.87781125048,67795.39934306752,68049.57150348114,67586.05708034299,67568.68762190138
2021-01-06,67734.39294754715,67841.06257163397,66603.13774776038,65712.8620134299,66975.57784392955,67644.1639420938,67989.95782205474,67664.63704158821,67717.43337639025
2021-01-07,69373.0116278247,69772.3651677879,68324.12238650858,67528.72280767714,68831.0771352453,69511.02966132783,69838.3065671357,69429.1099324841,69447.40240734609
2021-01-08,70265.04344599565,70281.72564914096,68879.01339522203,68211.74589881477,69639.92702494549,70391.5524213496,70758.37792476022,70344.81074801377,70379.85398820967
2021-01-11,69249.68086567266,69681.89186161895,67379.90226598788,66744.13751678255,68158.09502298445,68939.47674449382,69329.82836069548,69099.5101381277,69160.53848240423
2021-01-12,69139.5894308,69579.63013759887,67058.6357536122,66530.85905503583,68014.29094833418,68823.89894747824,69191.24257381582,68972.65374217219,69070.7309361735
2021-01-13,70756.49637285229,71077.74323707804,68959.29209168328,68436.92379690705,69954.4167307459,70724.76979767386,71049.16690576146,70680.87378946104,70723.37620070709
2021-01-14,70378.13060714585,70633.95584718179,67963.79429168344,67556.39930650177,69104.37617863949,69935.80869890862,70314.82569639148,70130.57419688412,70225.07730327595
2021-01-15,69820.64901142858,69890.30766715175,67569.41154254256,67086.5699023217,68566.77753903894,69404.98850030571,69794.26746276816,69602.28531436269,69688.73914662816
2021-01-19,70839.32879009916,70761.89552309374,68499.17530499735,68078.27036703698,69515.87138803794,70400.93307383927,70834.34110048554,70706.52683191073,70776.44154619615
2021-01-20,73637.11106393678,73251.2416650419,72223.62267584346,71633.31681605615,73049.37087460811,73770.97529963474,74115.97338469807,73733.6799185169,73729.43632291042
2021-01-21,74226.18711137664,74100.16597742971,73486.26367121286,72793.8618085195,74125.3176586914,74777.93978532638,75043.95873610232,74488.07136569974,74440.00557592422
2021-01-22,74012.39388687878,73882.85729328501,73954.85052914903,72969.59258360494,74142.92674862403,74773.86933397135,75015.4320197254,74336.87419204011,74274.89121604631
2021-01-25,74624.19129547206,74380.43054921705,75077.59524487793,73873.89110461938,74963.34488910444,75570.04429059947,75815.14294783189,75082.47703301569,74979.55403567426
2021-01-26,74733.36291450735,74142.83715027907,75647.08609917833,74346.06204035688,75397.21798638122,75944.82341130784,76159.79067045878,75287.71898286355,75120.66370928963
2021-01-27,73800.0308324015,73804.13447587518,75602.8584547932,73993.15508532776,74874.06539088822,75276.5075515029,75381.53501111189,74400.41521483069,74209.55309133117
2021-01-28,74236.69669925522,74196.14069124447,75122.31992164179,73823.02202069479,74879.26932251775,75385.6442767273,75524.80998240528,74713.86982412165,74587.12189702166
2021-01-29,72674.88555699761,72475.5246029286,73141.53951618623,71988.14155969267,73046.5232467893,73568.8955144212,73718.3880062714,72974.23271659424,72883.63481181575
2021-02-01,74490.83584008898,74295.160782222,75281.12457594884,74078.16659831094,75091.33183093899,75603.06933085708,75728.34694538794,74915.6073095858,74810.85634662179
2021-02-02,75706.08896921363,75479.37342900089,75885.09195240968,74905.95429136536,76063.35076700478,76643.60559920191,76816.85580536319,76011.95330226251,75938.12068253505
2021-02-03,76555.73674709056,76350.84922611217,77250.90797067096,76497.46565731749,77502.2632860552,77928.77764537078,78022.40564013617,77036.36545629115,76922.95617705665
2021-02-04,77461.14281906374,77632.75160119997,77875.08819030592,77172.73312300676,78307.97782083394,78717.52516976048,78735.34714730881,77825.90849439941,77747.58238236622
2021-02-05,77723.85772100514,77647.41479312102,78092.98751076944,77430.971920093,78534.19979913865,78863.40422266915,78882.70982342784,77975.711415558,77924.12222177447
2021-02-08,78244.56539198363,78537.62035653458,77964.60095040603,77596.8453806513,78871.11636997598,79287.9734187186,79313.41381995832,78464.51930519707,78438.31721075998
2021-02-09,78228.14894875203,78562.77051482956,77801.46236412377,77412.94530058224,78715.95426218474,79119.84918250103,79130.12469931903,78315.86892092109,78344.313294916
2021-02-10,79199.8921323453,79572.42282072801,78656.10249438044,78303.27163964513,79546.50953544214,79902.52599048591,79900.81620242902,79170.3911782359,79239.7850985926
2021-02-11,79635.44952148809,80439.55642985372,78605.3721461527,78420.63390632895,79721.63619872712,80124.34945531392,80133.8008325927,79549.12134240448,79667.70091203676
2021-02-12,80080.55277722857,80892.2523686421,78814.59737328693,78646.6754580523,79971.09626229272,80418.42805530007,80427.5433582848,79949.39231340514,80080.06070499044
2021-02-16,79863.95698902156,80579.84347364472,78335.01053422927,78388.4323702016,79754.99916881853,80214.49205294467,80208.7822379456,79776.79478970233,79906.3739013501
2021-02-17,80630.73287954266,80866.94733096137,79364.87184842546,79313.87693547459,80604.49161638982,81050.1970150836,81035.50633295915,80603.4957518942,80701.04540122206
2021-02-18,80278.2236372507,80496.09446330972,79059.76965995367,78943.14667189888,80199.72558650932,80634.95279435553,80632.44899587025,80237.2676549663,80339.25723282012
2021-02-19,79928.11443843174,80593.11992286975,78187.77992675312,78160.45389106809,79425.45259673006,79917.79473139653,79923.52769173047,79709.35792262548,79909.59263527732
2021-02-22,77856.39691253538,78631.17915863993,76197.22045711469,76112.88978455446,77326.43408318638,77775.03975510276,77777.0663719658,77624.11272989116,77845.71151014812
2021-02-23,77624.56795141453,78182.74686235275,76237.854592597,76113.74426755996,77303.37163451353,77686.84845777339,77670.84588157228,77529.31149102886,77722.00781771552
2021-02-24,79414.4500180597,80408.576347951,77376.9275858977,77586.81229199575,78929.66089457877,79405.44971332852,79467.48826665632,79408.34041774005,79553.02386033782
2021-02-25,76645.84366754652,77422.93396846867,74870.17870449401,74871.61439455643,76137.54154508746,76594.19731812112,76675.8825868941,76579.66995620378,76713.23951065843
2021-02-26,76966.80968436228,77976.3198720413,75472.68878361429,75431.8306627259,76635.5952555293,77100.45090899672,77197.1073579626,77085.07226275455,77177.09534676463
2021-03-01,79282.14701570474,80548.55645580207,77874.71480454483,77771.33334102144,78995.2812640511,79468.3295429399,79514.08070027066,79355.183687444,79432.44948496742
2021-03-02,78010.55226794958,79124.65930591221,76578.96444288817,76497.14449528,77716.16378767039,78183.58612519028,78248.5485374374,78047.9847951608,78138.23926871491
2021-03-03,76896.67340582199,78102.6902405166,75736.747050642,75577.00903700506,76705.06819559274,77147.62119391217,77228.63804061932,77045.79205566598,77098.83377281112
2021-03-04,75638.11680514755,76111.38479216184,75171.07214925873,74891.16508624084,75850.30396061359,76157.25842660347,76215.78045190017,75892.33279680122,75883.57836134729
2021-03-05,76777.2660863412,77343.45300486345,76285.81920018049,76052.47251433782,76974.65051817027,77281.5562159461,77337.08315088175,77112.06235750914,77133.21039885937
2021-03-08,74603.3998752758,75347.70034163116,74017.20501142429,73664.20761587372,74597.84997349203,74886.34866064027,74983.9266579125,74805.4950781421,74857.06868318495
2021-03-09,77545.82414818137,78231.4346522551,76788.13152801074,76589.33426871047,77655.55153002993,77993.24990932108,78071.9690573751,77832.59536552396,77890.02565921236
2021-03-10,78474.48815392099,79048.4345088673,77531.60919666539,77432.04674371405,78579.95161661008,78941.02658889972,79041.18401922072,78755.621873773,78784.4568175771
2021-03-11,80281.85732045757,81001.55114246692,79193.77741516603,79242.2152184864,80423.28359970714,80786.2069260819,80842.54742929466,80546.3325949742,80591.1895719375
2021-03-12,79630.60320403823,80411.3492461243,78412.3944436802,78387.05908871886,79612.98815848063,80022.3703486039,80110.59723823812,79807.51075357465,79857.78097853107
2021-03-15,80481.27511917427,81402.56190849314,79052.00541688193,79066.42434994158,80321.25084327406,80768.02253416754,80866.05178292838,80618.20302881699,80715.34885915325
2021-03-16,80923.01947526267,81839.57581006964,79809.68897164949,79738.23381050485,80906.60130005775,81344.73772331196,81449.667268903,81144.10260450596,81186.10701406062
2021-03-17,82406.22147861453,83014.36450359604,81157.55852854323,81161.34231827929,82360.6925121841,82850.70282817425,82955.18291321986,82666.87465750631,82717.1755585666
2021-03-18,79882.07327822075,80353.06854603585,78603.8406777363,78554.88791100742,79694.03705891805,80182.12809953658,80300.0222897479,80054.22887060433,80131.16012063951
2021-03-19,80163.67946631997,80305.0792313172,78999.40214482565,79003.76054709419,80157.8043982862,80692.52637181492,80792.39598011435,80510.51092263554,80585.36896041548
2021-03-22,81667.02240054496,81771.63066486357,80521.94919098681,80450.02710255745,81667.76429300221,82184.71183102868,82267.16640818646,81920.90162015126,81978.04720485488
2021-03-23,81310.69496979871,81154.87615628228,80606.94698692329,80452.11687301955,81666.5661992132,82121.95118027506,82159.24872287517,81635.42919005195,81629.10404053809
2021-03-24,81089.39456879624,81059.90840699722,80464.26462327877,80237.02011766775,81381.7539139507,81855.71145716577,81902.00872037184,81462.89199093878,81451.4044524823
2021-03-25,80948.97908207947,81078.44755816317,80010.54774877615,79882.42021738045,81082.16107589404,81631.94400143343,81709.15603450732,81311.534810602,81303.89630243613
2021-03-26,82163.23380308338,83011.96808848699,80525.17398280533,80487.86585814667,81788.90679287056,82465.91803854713,82575.25209161856,82389.58983807813,82465.77639084269
2021-03-29,82139.81483360178,82387.48176825895,80811.47795228795,80785.88265875536,82050.54584283307,82656.52212876911,82738.3402628747,82440.11745844843,82453.11390142013
2021-03-30,81726.41839891105,81865.1441175683,80106.98321992502,80229.32761430534,81532.51044113269,82121.30678689627,82232.91797301319,81955.93783509023,82011.72440378288
2021-03-31,84127.07986638336,84370.85621420333,82612.82100353616,82710.78434701865,83990.24909189025,84558.1002225111,84623.34579556665,84352.6877205453,84392.95385330486
2021-04-01,85561.13810234808,86131.29084448057,84129.99318608262,84262.87304514204,85494.273848036,86032.75666031639,86076.46653032023,85856.51573797739,85893.040018647
2021-04-05,87269.34365710875,87656.37484180403,86428.33994891748,86563.32140815599,87679.20026015921,88196.95021068462,88183.36381219118,87790.6261479665,87752.13816509533
2021-04-06,87208.72203265788,87498.68880249535,86285.25855954322,86390.73997903724,87525.50787893852,88019.0593999589,88022.56721304622,87654.38501947602,87612.81457593961
2021-04-07,88569.60586369266,88964.06088111272,88487.63711745634,88487.35213179924,89484.29550834752,89857.61553447726,89800.13889415193,89261.03027754299,89144.8761038472
2021-04-08,89493.69521376045,90318.37848581422,89539.97802891966,89491.96626089426,90476.05253420142,90829.19245257022,90741.05003514703,90175.95833994097,90067.92155703188
2021-04-09,90035.88688838763,91069.42470129667,90822.1915162709,90570.65334482699,91426.69048339035,91695.15687582809,91554.67925854513,90884.82983225,90732.70637585281
2021-04-12,89918.35983993973,90769.0092279958,90462.68234763954,90342.94626114113,91294.2964991401,91584.70769123101,91436.23751126899,90678.12235457593,90528.84045766004
2021-04-13,90967.9976720421,91746.56467307165,91742.4619673832,91653.75261620157,92666.85449537917,92912.09699121065,92753.2138725071,91847.23460219378,91643.95199513569
2021-04-14,91025.64339140624,91902.30274118953,91392.9333010194,91298.34957951352,92276.26454097414,92549.9900850734,92424.95480183359,91661.77658402534,91514.06163564716
2021-04-15,92405.16699559407,93464.51214099329,92881.03188203885,92910.62845648767,93912.17400863388,94165.17126267268,94040.26422389771,93175.39670578278,92990.03466465056
2021-04-16,92513.37144424852,93319.6472874667,93011.36511593667,92969.72140731347,94003.80413865203,94260.90390958493,94161.43807535346,93299.75055450732,93114.35815248982
2021-04-19,91666.68633869356,92438.33778655498,92636.77195539016,92429.91284660646,93381.37538068544,93543.29892264667,93409.07277047345,92500.6228763733,92284.98319284711
2021-04-20,90998.57736095812,91501.46065411731,91979.74021610644,91798.29186724788,92766.65677176576,92953.94940084536,92839.50073085725,91883.40017066499,91654.24464934279
2021-04-21,92927.60165275983,93614.88210470328,93672.19925814543,93450.63519881555,94324.44435807398,94572.88361808655,94498.90871360066,93762.41297036648,93581.88516196683
2021-04-22,91807.41617621986,92744.61315011731,92363.69657438046,92095.76350141801,92982.19587847896,93245.25019340981,93182.49319292356,92450.44801576414,92342.95956551947
2021-04-23,92963.19817070008,94096.4676855514,93792.25060700178,93387.1467272934,94148.02784093867,94420.9307473793,94362.3670306929,93654.53601876198,93546.91187514615
2021-04-26,93568.50297516093,94859.18476661912,94461.14652951677,94010.32979830155,94715.53043680175,94981.79361528196,94909.17774601115,94218.59214898225,94089.70793555157
2021-04-27,93163.17395334797,94526.70606980134,94270.98474030537,93639.4972179025,94270.34773837864,94508.3018991674,94423.52480240767,93765.87295218137,93650.94571727887
2021-04-28,93998.17411685143,94928.67726786277,95117.64058975935,94742.74671432059,95299.50911325004,95383.18611048623,95220.80238511831,94543.22448597659,94424.72877269294
2021-04-29,94336.46612510344,94636.67971015912,95564.34125915576,95387.94027413643,95940.80971224296,96072.3814060291,95928.74792130833,95118.88291577584,94956.02728600574
2021-04-30,93718.13268403937,93275.68951409019,94980.69531542224,94762.50151452204,95379.85479323287,95491.97272148354,95366.21818812302,94485.56924401532,94273.63573461252
2021-05-03,93219.03553188598,92902.02519641197,94465.17351839454,94190.70808968306,94822.45258717886,94952.72900673821,94859.97974255806,94042.54755519987,93864.89512423228
2021-05-04,91541.49585766395,91018.89774572627,92276.2589591849,92130.86806701697,92847.59121368089,93056.30186186983,93003.78862653379,92269.92897577723,92125.69982181762
2021-05-05,92383.68359845702,91896.7012699615,93034.17883977982,92962.33761766867,93676.81930925821,93964.8322368292,93938.10036188096,93190.87482478455,93019.79514924684
2021-05-06,93080.03368483853,92458.01516450195,94116.95334751887,93983.87811137532,94666.1764179724,94991.18550662941,94940.51497921711,94077.3257128927,93838.62478595952
2021-05-07,93835.33320035844,93345.10897473391,94528.5941797753,94513.05321730985,95283.34081816743,95648.88526223431,95614.3488708614,94760.34208980996,94557.22103031701
2021-05-10,91465.56968843905,90931.90887463216,91887.43434479483,91837.182567599,92652.12714390043,93005.6887405021,93009.17585459721,92182.45217632095,92019.29639643808
2021-05-11,91339.23810636031,90851.708735496,91644.65889139373,91555.92196819847,92422.20741227861,92808.10107411811,92803.27537502653,92019.25090540476,91876.62590805584
2021-05-12,90125.09346077278,89327.92745091638,90428.68337708853,90278.73356673663,91146.17790066519,91526.62069125468,91565.11106864168,90767.71252564459,90592.57524175235
2021-05-13,90821.86627952196,90343.34724858339,91470.94974910753,91163.4312798715,91971.28127856944,92369.29124571168,92393.97288126752,91586.81732627653,91407.81518270021
2021-05-14,92826.91994171806,92435.17554663942,93471.48654129228,93244.62855058681,94030.71081469039,94430.94394091985,94437.91798246469,93600.40481125131,93414.84923341271
2021-05-17,92263.80302635314,91739.5755339237,93182.84551146948,92898.53410622338,93549.72910437916,93917.09919283418,93915.77160521164,93082.45999494006,92884.60988219659
2021-05-18,91640.95683656812,91137.94062703228,92194.57687750888,91971.49299499902,92682.22579619863,93037.43077555436,93062.6536696436,92295.06505862821,92135.63890767281
2021-05-19,92896.17321598252,92607.80050974998,93411.2734216645,93194.52521769321,93845.92617691889,94220.35118194582,94235.36730045083,93549.14060964371,93401.6078974101
2021-05-20,94693.13265002151,94440.56486146539,94845.78096500011,94790.09064282832,95513.90529240754,95919.6507983139,95951.85203661039,95310.77722661718,95163.60727452148
2021-05-21,94169.03271660693,93988.16970331929,93862.21127208685,94046.19841976133,94843.0038493497,95262.6399912959,95303.0506139146,94674.0818755102,94550.09855002367
2021-05-24,95752.85817772399,95622.99137989031,95666.5358234866,96027.0281953355,96804.56271348064,97179.96560294683,97171.20014390044,96425.9833811949,96234.27766207355
2021-05-25,95885.30344920888,95653.84886945171,95879.42964151832,96239.03815446871,97009.74333694555,97350.73019838436,97309.7119202137,96549.70339497537,96361.99599109836
2021-05-26,97369.3842587129,96991.51112833698,97186.95239679374,97676.59211962248,98488.07232089837,98828.57840853134,98779.1552475561,98009.98907320235,97815.54924879168
2021-05-27,97005.09084249665,96583.07684006578,96445.02399675788,97052.53321067318,97939.1635657897,98384.43087324793,98362.66595953629,97662.4378116268,97472.78177347778
2021-05-28,97311.05800549513,96843.22041523556,96163.78975199343,96988.83188878253,97948.41995628277,98395.88565579375,98408.19606033099,97781.08768128775,97618.27147598407
2021-06-01,96987.62327303983,96408.80135362955,95926.2405743481,96831.01007842437,97724.70980688736,98147.5761305448,98143.8146608022,97560.3923243623,97400.05745899666
2021-06-02,98327.02976750738,98107.68654672847,97217.65035579442,98167.87966234815,99072.70955756494,99504.57868225085,99490.78277424909,98895.17445535857,98711.58900973952
2021-06-03,97303.87283428202,97057.43105214529,96073.75202137863,97073.0682838994,97994.77015774196,98411.43081598032,98398.83944341796,97813.88321141091,97640.65612149629
2021-06-04,98955.08937191436,98892.07699405814,97699.47367160826,98849.46994565519,99788.90691363692,100211.44970345635,100183.46626751155,99561.46753830886,99368.49126344673
2021-06-07,99249.93951170004,99028.95512694652,98181.21982114,99294.30731473502,100170.09264858531,100460.70150534765,100387.39794172428,99785.6811628505,99611.84331582517
2021-06-08,99297.10810008805,99202.69497923799,98637.15607286523,99598.25286088632,100389.95989575429,100661.89331822944,100583.46495697548,99875.37393663816,99699.65647208551
2021-06-09,100470.70168675417,100300.02587689213,100032.55806258341,100899.72814932425,101643.11347899771,101912.32969526651,101828.85545954021,101103.17864015338,100910.17425285761
2021-06-10,101517.6528841026,101202.70699830074,100864.66687099397,101832.23975202085,102665.750343809,102934.3293261479,102850.87233452278,102126.60659405649,101943.79841873577
2021-06-11,101783.08255952506,101823.12362263552,101148.25376725692,102160.65408843795,103023.63453613345,103264.05376094254,103162.25485023228,102350.50979115207,102179.68507134351
2021-06-14,102758.46165117294,102946.79809447697,102585.29109674858,103488.69488919074,104330.59646451383,104521.47785209569,104373.0852297599,103447.68508702026,103228.53300396296
2021-06-15,102087.34390931697,102238.52079926556,102073.84798648013,102878.24230667348,103653.13434006566,103832.18627575367,103675.46488682667,102780.19825241379,102561.89636524893
2021-06-16,102864.51847507802,102959.80783115656,103302.7786073281,103960.6573446033,104672.46233204399,104799.74613949831,104622.71061917114,103645.7124429007,103397.00647033022
2021-06-17,104170.63324204231,104287.37278477129,104830.10136394989,105558.10400179,106258.95406018294,106339.09984666773,106121.08978062392,105046.72872051518,104744.18811688335
2021-06-18,103353.1731278741,103452.59592674766,104092.44453775257,104863.21288322422,105627.37169079891,105652.35789957742,105405.35623883488,104208.70617091615,103870.55172555297
2021-06-21,103995.51686052456,104373.52924927346,104815.7099051306,105492.08729114036,106219.81107924736,106286.12815787167,106046.22512819398,104864.38436057689,104554.62418850276
2021-06-22,104964.93589975445,105375.25977754981,106095.00789726168,106729.39995456654,107444.79555842446,107455.48373899085,107177.10173015896,105886.4604604095,105534.80938257994
2021-06-23,106166.27016283441,106452.56100724614,107301.29257215318,107979.74828671866,108656.4758216242,108681.73028961048,108408.14305576176,107104.74095882731,106747.65500439901
2021-06-24,106822.67323480835,107182.11329056087,107229.31517958832,108214.83843584641,109029.30396700061,109132.01762236629,108915.98385088782,107685.01994355507,107353.053727627
2021-06-25,106691.38493205677,107157.58705596415,106558.79137287408,107616.34841532943,108539.40489971923,108657.3503516702,108497.44210427093,107431.33486636364,107157.38875758734
2021-06-28,107988.93929820898,108299.8886926115,108071.93359343144,109247.60010027626,110161.06651967071,110246.66040681663,110018.71565216292,108809.22980921829,108479.06119659755
2021-06-29,108379.72886374501,109074.1592157239,108582.1628310349,109528.36799906251,110396.42354571212,110501.10026083642,110279.56926207287,109109.80822037201,108805.13109297324
2021-06-30,109358.77825036788,109867.0066739859,109629.40555950688,110501.9927114258,111361.20920868851,111470.549691392,111286.01649475541,110191.91538070496,109855.22029901457
2021-07-01,109401.95067738618,109902.85551467897,109951.74231066644,110890.01151435546,111753.57985755778,111773.34199741553,111573.76210610886,110344.22778924473,109983.47237154876
2021-07-02,110657.72925531746,111228.06331365208,112050.1720390123,112801.99946054691,113532.72615600144,113450.9070936216,113211.87791547303,111810.49459148367,111372.54133543989
2021-07-06,111135.99621847502,111779.08389433169,113654.0319411792,114035.75439581081,114572.43682356324,114368.31074135161,114036.26630083343,112423.45594371599,111900.72097713698
2021-07-07,112520.50651101876,113358.89628564252,115713.1790701843,115800.33402769559,116262.33553815215,116011.94927135957,115650.81461942948,113886.9336823993,113348.36433106572
2021-07-08,111840.91598484457,112253.91007996637,115164.07349654955,115143.27376588368,115643.83662232522,115435.14805716569,115079.69172907765,113245.59082134484,112682.18185267967
2021-07-09,112539.20984713727,113314.37444697654,115777.15177924538,115790.94551882378,116288.67965130911,116126.50916331701,115772.23284946356,113990.4008569504,113471.65323459478
2021-07-12,112978.74805879557,113303.22423299393,115874.1915085793,116236.0090737921,116771.38911680007,116619.31917872603,116256.8003916331,114433.05825050091,113879.67454910936
2021-07-13,112978.74805879557,113548.19531216138,116189.5799223986,116376.64665479242,116887.70611274194,116682.09195288154,116298.54451377693,114482.40783785009,113900.99372184237
2021-07-14,114331.35444958205,115190.83283718338,118306.04069776907,118153.86639825343,118593.58829338258,118341.93486909792,117913.48472970598,115948.92893183562,115342.38806503825
2021-07-15,113528.3661949861,114142.16446860998,117426.60635541941,117084.47261119568,117537.47631289059,117320.12643081392,116924.85986948888,115072.45830037653,114488.86233438127
2021-07-16,112608.86549153362,113099.13629523669,116376.44410577603,115991.32600252653,116430.45748429537,116247.10207821708,115896.82314497614,114082.13582551027,113527.9215148464
2021-07-19,111686.19276292935,111729.94343748488,114485.65131402416,114493.64168314078,115125.32664851515,115017.1831477726,114679.15249827264,112915.22575252021,112373.8170571235
2021-07-20,112983.5907003241,113546.13950130808,116175.57026107417,116009.2814652392,116533.91694098327,116366.54408156827,116028.08774289259,114284.79094289744,113770.77653852415
2021-07-21,115005.87779190797,115854.45468348858,117678.77161532221,117816.93188483403,118308.80003580096,118200.58214280684,117882.80648799863,116233.38870255271,115753.24279038735
2021-07-22,115766.09207637173,116623.99860347173,119109.61343044254,119044.12077153396,119429.06485309546,119123.1355847351,118791.8062483141,117096.39323423537,116585.98705538342
2021-07-23,117117.9368072022,117768.38996982422,120965.54322536993,120829.54364922857,121009.4175770573,120682.05195355653,120347.08572791379,118552.82118188107,117998.78811103315
2021-07-26,117210.17380408703,117796.76619649863,121584.88297805612,121433.64492306458,121562.17551545726,121199.3200711194,120833.98359070903,118879.42533765703,118215.37243371985
2021-07-27,115918.73569529368,116513.2524965896,119807.6485057561,119716.51192356907,119994.43410304115,119673.0005738482,119355.50026157322,117513.92536498336,116883.8287391834
2021-07-28,117514.07057484711,117785.37417413983,120847.43495908834,121015.12626822191,121257.40527952125,120951.62375782723,120620.13818075757,118954.94417582438,118392.00430012203
2021-07-29,117722.86611331941,118367.48556393909,120560.93058050831,120725.01357407642,121024.88513047993,120847.7989747888,120605.5849224801,119058.67574687542,118571.92955435292
2021-07-30,117109.33140983037,118206.90155201899,118343.28248762047,118925.34435768636,119511.20836768365,119510.31273275134,119397.59260678082,118063.70178674224,117663.54962059202
2021-08-02,117118.96781586281,117914.38953841722,118306.32356804477,119001.76021828981,119580.13449963086,119582.71978805168,119474.85946314943,118128.85955215213,117726.735139029
2021-08-03,117828.8868029839,118571.07168213239,119313.55821572187,119854.84370155213,120368.0263447862,120344.7381334017,120233.51655633925,118944.13551597857,118508.6625837715
2021-08-04,119149.12660567265,120016.4691967651,120380.79626872277,121093.96166492587,121601.63001481346,121546.26964373032,121405.18705533005,120195.77965501769,119736.90466403225
2021-08-05,119904.90604981422,120775.0445572483,121127.14852273192,121968.4077938745,122516.8761127414,122434.85117520945,122238.67514523074,121041.70011145993,120573.40026119814
2021-08-06,119379.41767268803,120586.82317721486,120631.94148083372,121435.39116863221,121975.24096775932,121886.8391041327,121681.8068013103,120525.7320453686,120045.803774347
2021-08-09,119599.99883924979,120291.50859021978,120594.33760476286,121488.10909548755,122010.09504638803,121906.57414539778,121684.68878654561,120604.55375181194,120126.04008476772
2021-08-10,118986.96820503693,119385.26223678394,120069.73401715071,120920.56021111463,121434.65267765956,121359.60753067303,121125.7487904672,120003.12740341666,119550.14166726645
2021-08-11,119932.60083649869,120431.03678242218,121047.12229852655,121882.70249186302,122458.56047683129,122437.39932077249,122231.49802687656,120994.89626785272,120570.94442989813
2021-08-12,120364.91088422106,121082.92614737236,122459.21146535507,123122.31141176951,123593.89366160106,123474.24261423004,123196.81702477671,121676.03783867479,121173.1402357048
2021-08-13,120787.36547932336,121632.48983218714,122804.76281090992,123494.303455207,123997.54309546802,123878.83081500907,123624.87041010823,122125.31683775144,121613.94649265593
2021-08-16,120839.75607578276,121857.60264007625,123556.65637116489,123954.39285756138,124350.64942155207,124190.86344255692,123912.61937925975,122291.68928332186,121742.894024968
2021-08-17,119775.39811996791,120816.90888629043,122245.73851878969,122473.61916204303,122934.93358281825,122770.35149803461,122532.26456962943,121069.24270571228,120523.58676352598
2021-08-18,119772.60912589476,120423.40202877358,121837.99450413958,122259.66326420773,122801.44083101214,122640.6987125367,122419.21337504177,120988.7513223768,120486.00600765579
2021-08-19,120351.28668780702,121329.50942662968,122462.7393989125,123035.58222995716,123765.87590094673,123565.40351906107,123264.7836878327,121682.18752952777,121173.81362750518
2021-08-20,121597.94056336096,122864.26042731784,124122.66749028335,124806.91178463446,125487.23760139506,125193.07759354376,124823.06431988298,123065.1632882594,122499.98852617959
2021-08-23,123416.62065424187,124590.87974165397,125539.32298302835,126657.58115067877,127360.05766187978,127005.16668244066,126618.87486252084,124845.78445590015,124240.09985609527
2021-08-24,123793.58233903973,124767.98250891709,125775.1697305466,126948.87551967545,127618.40826902653,127221.73880642839,126806.3772738457,125109.63775678966,124556.30201067284
2021-08-25,125085.79000265172,125926.85487064772,126636.85178739189,128052.15676448953,128717.45534015624,128300.0614776846,127889.82724403108,126277.30071537451,125757.91478532793
2021-08-26,124291.47374644956,125188.13416445903,125978.29923645762,127299.90570331387,127963.1077281022,127562.64322211612,127151.73977315376,125499.2649597418,124999.00207289457
2021-08-27,125499.62573602097,126620.87067979552,127111.82976356262,128710.85863630881,129368.56039595867,128972.91363454293,128575.60862510785,126857.63688121735,126356.32099205021
2021-08-30,126908.01404459162,127874.89096003014,129678.74249494518,130986.21330685311,131518.29304994916,131026.62891668495,130536.21514218391,128527.06005839311,127930.77692642425
2021-08-31,126804.5446056712,127094.45319985626,129505.85966433864,130816.23630156988,131408.58876455834,130924.17441764435,130473.61780900098,128365.71003011774,127758.36124977762
2021-09-01,128164.78223504226,128327.87791209377,131001.35656364611,132295.19381140708,132926.73405904588,132370.05270394095,131882.45147557787,129748.96638021109,129156.41999490665
2021-09-02,128104.17805428914,128427.05544526702,130727.93563340916,131912.76084173334,132666.08348045062,132138.64324051092,131659.35740810732,129558.58367294894,129005.65926375941
2021-09-03,128498.18473440678,129046.2205668117,131096.62320647456,132403.1670065726,133152.6305669166,132614.2661113319,132102.74546558896,129978.56392117347,129407.17162783524
2021-09-07,128680.0396794514,128910.95951473419,132179.46237960184,133329.9113164569,133931.11110318475,133279.27764573245,132667.99531587327,130383.00097143075,129733.02530133622
2021-09-08,129382.14966003549,129312.58202347167,132851.62912108318,133882.22629470093,134531.0299714964,133908.1114511555,133344.03147617917,131048.48789574433,130412.49180968836
2021-09-09,128937.03472420387,128891.03796176359,131918.3406730056,133115.925554288,133770.08695693885,133162.12118566068,132610.64732625583,130397.96766004126,129830.61916261667
2021-09-10,127958.46853345586,127602.19482946269,129899.6653784004,131361.88990840805,132195.7637584435,131746.75028836852,131280.3893137582,129163.6822542661,128678.45235593732
2021-09-13,127870.12151860654,127611.29187046034,130236.8572152878,131619.08060428174,132359.6344152524,131917.2657709591,131447.66648498861,129283.09749683957,128779.26517208599
2021-09-14,127506.56178716065,127450.55834797508,130144.2002704032,131460.74919447923,131972.5816532977,131532.111824761,131044.78149695987,128883.29097339927,128377.26244015875
2021-09-15,129604.5273956467,129689.2665783277,132496.00000176398,133823.15669631548,134369.1048708952,133862.30850570794,133266.4140136085,131073.8961723648,130567.00749774101
2021-09-16,129693.68692764275,129906.49905725988,132471.6728114006,133723.76683215113,134304.18514936604,133816.3333058579,133236.76364419906,131079.25857867056,130599.69905609879
2021-09-17,128157.81632576152,128162.452713496,130381.42917572912,131663.31535745529,132390.32288750168,131992.9237904246,131449.82881972427,129451.45034880309,129002.23481362476
2021-09-20,125509.66383537468,125705.51940403788,127419.50960619455,128636.80152163024,129389.86837288094,129045.77611619404,128566.38146464834,126662.04899558522,126284.06036909057
2021-09-21,125664.11205879849,125769.7684093805,127661.18710851483,128927.97513232847,129630.61394149497,129259.59296950413,128769.80219142382,126832.56300129142,126459.18553302289
2021-09-22,127987.84085788092,128780.07485805005,129978.90083204089,131246.91479959353,131917.45415723207,131576.83864711804,131084.2032379452,129213.58030562791,128854.54875819526
2021-09-23,129168.82490604912,130444.12769408814,130825.11908006371,132275.82318754753,132981.79599312445,132648.18371028823,132159.5781704506,130347.02334562787,129998.54269832757
2021-09-24,129289.97995496358,130456.47586848315,131295.2381986315,132696.32753445153,133344.81879653406,133061.0436022147,132540.38126214594,130601.0213356099,130207.27437817666
2021-09-27,128257.99505602209,129178.31322059703,130083.43135014536,131555.96652002496,132237.56829193473,131995.660365154,131513.28385085592,129595.60506763324,129178.98974698846
2021-09-28,124628.61404011409,125140.15830588408,126179.72713810184,127503.64994842964,128299.88233656879,128142.93943915775,127718.70205532899,125851.20017548218,125452.23880594749
2021-09-29,125574.26426050518,126004.56295061397,127348.20727820904,128502.97647310498,129429.3051233445,129291.57594174097,128884.21542251405,126869.9013965725,126436.11397800165
2021-09-30,125112.91469975437,125305.14316977652,126466.41145234561,127785.98278535396,128785.95603079618,128640.29857102898,128215.97153261639,126242.6472243551,125807.611456449
2021-10-01,125888.83126966144,127044.37567343644,128054.83723943523,129362.90387207929,130293.89192806532,130034.31430415787,129564.59963327223,127330.49794820859,126841.21085716342
2021-10-04,123246.49257076725,123962.43134281147,124892.24746766734,126178.97359969145,127244.68523924537,127087.21706304657,126703.08708350916,124542.377587143,124098.39921004765
2021-10-05,124910.20399563924,125751.6490782582,126798.86340221917,128210.96386540092,129322.1470769898,129106.89805612995,128636.5246860051,126354.36974130999,125870.27646623355
2021-10-06,126860.57333413705,127769.7370753609,129214.3926813783,130572.51465017522,131619.30110068922,131327.08678174153,130796.65758913923,128404.24930801462,127908.24134163723
2021-10-07,128024.53711439515,129143.52630437976,130221.68586563492,131655.89533510368,132698.03778553443,132352.99307649958,131792.52978349268,129446.89880442114,128989.5373852814
2021-10-08,127386.15425805804,128535.39957257369,130059.97551670403,131358.66582342878,132252.11436455243,131855.2053477497,131211.00382263996,128847.41661672232,128375.22591700523
2021-10-11,126409.12161248422,127816.98292908439,129415.3783043916,130603.18876983823,131410.8694355824,130985.05928165482,130338.79297313369,127958.85917263954,127469.302761683
2021-10-12,125968.25027068834,127514.48649115958,128683.47785989847,129903.68094959088,130797.18870590045,130304.63566002193,129672.95830195198,127336.56253068666,126900.0185488289
2021-10-13,128126.9796936533,129735.8090340507,130552.64786730829,131865.0721644573,132792.2479153747,132236.19289475342,131626.72381665744,129346.29457354482,128933.9765881657
2021-10-14,130486.66693863676,132546.13304469225,132795.3898688617,134423.18107696183,135383.7739348003,134841.28522642885,134195.4982954284,131836.76985366293,131372.32968249795
2021-10-15,131308.81296935302,133477.59788536173,134208.20072779543,135651.67164102293,136495.29473002776,135925.00089065667,135237.9568822312,132805.95266992674,132292.2083625974
2021-10-18,132629.20422676974,134723.82021593826,135961.8255897129,137439.36586238033,138184.8211901561,137534.94851799958,136827.08964166054,134230.33274139743,133659.75288982136
2021-10-19,133632.9016772956,135963.65874390933,136845.6006924594,138309.98414190716,139123.30909230816,138531.1189984956,137831.92746112793,135214.91330485762,134643.6190467453
2021-10-20,134608.51249065364,136849.81157948298,137679.27502947833,138915.06279806164,139721.9051482509,139231.95842761704,138601.44650436324,136048.45429550207,135522.20146807173
2021-10-21,135430.53021771408,137439.68693730547,138536.7575694112,139773.7633096088,140614.9808185036,140069.42454693714,139441.4964386597,136843.22643939668,136362.3106981402
2021-10-22,134292.6114370843,136856.19902840274,136453.3488787229,137604.84924897423,138655.02448735642,138287.60467268116,137801.52962100538,135446.46899265124,135086.32947938784
2021-10-25,135667.47576087798,137497.40606498468,136962.04263537392,138805.961194952,140037.0688258038,139756.66525082794,139304.7321351959,136900.13360014063,136451.78898625422
2021-10-26,136094.6482113847,137680.15975753687,137590.88940091472,139658.1850493222,140833.4769021501,140471.92991958055,139976.76390162803,137453.77220724084,136941.27125511365
2021-10-27,137560.5605523751,138310.77842523312,141099.81421017516,142936.41696155968,143699.14034497642,143010.81349861817,142363.44549768127,139456.03874586985,138764.1614666405
2021-10-28,139088.18232048824,139723.5763857915,143074.9103979827,144797.73497122593,145487.32765025983,144740.3537252835,144027.76326928244,141101.17806208524,140365.793180178
2021-10-29,139772.36637376226,140360.44203852216,143232.60661269538,145553.18429743312,146367.42707406176,145537.65846614577,144648.8759664407,141641.84443465766,140968.4050808421
2021-11-01,140250.1842713522,140528.57969922488,142522.7572060483,145233.46589104025,146279.57739017502,145569.08862566482,144820.94576763525,141957.4600146113,141328.8723423779
2021-11-02,140836.64888466217,141488.73691306944,143200.2103912944,145921.64863023884,146943.41483446135,146250.6377754909,145529.72056202343,142616.7662644266,141948.38892532085
2021-11-03,143481.7164770855,143492.22582038134,145916.1072133518,148728.07253362183,149807.56453177182,149166.49356621155,148486.33536590982,145485.95968603258,144762.7045707637
2021-11-04,145320.96012990444,145542.18040911216,147277.37173967191,151013.6917649028,152014.85916842113,151406.1087066407,150721.5866068392,147502.49666397896,146719.85906887482
2021-11-05,145459.60708045634,146034.29752486487,147894.14259972138,151463.58176045126,152307.00414784928,151769.5634038641,151138.12700438127,147861.40437463537,147070.74045386614
2021-11-08,145262.53173693828,147080.43618344984,147123.057258935,150979.23640631637,151835.03584356784,151228.7649929068,150651.68301963483,147554.13095103414,146774.8800524212
2021-11-09,144262.65119202883,146689.335604214,146874.6581248881,149775.19547170957,150453.89368335248,149769.3694876165,149172.23116281946,146332.14428968815,145664.425876096
2021-11-10,143292.41883399474,145098.48247597332,145506.85020884612,148509.45682344574,149416.42036631983,148829.90085863907,148277.1216206084,145390.04064275333,144731.23076122088
2021-11-11,143689.7583881812,145883.61363077987,145609.8679841476,148782.59306895832,149653.1167503339,149123.69638551085,148579.4257807638,145737.05200927868,145099.5712640075
2021-11-12,145201.73082275796,147631.29169709707,147703.37024554977,150695.37594416473,151446.75295698794,150811.5617594052,150199.13875861344,147323.9374351148,146641.77837099176
2021-11-15,145168.64811169615,147434.17916222868,147830.10413271424,150676.60332186497,151404.07813944254,150799.00038672818,150187.49306806715,147307.3850852993,146629.87130618267
2021-11-16,146202.3671585629,148971.60316871852,148592.26943078754,151509.40612385972,152308.3840386733,151811.89957691,151323.12534131066,148386.18208790536,147705.39991350693
2021-11-17,147429.6141321541,149494.15997390344,150700.2449741326,153120.82189720633,153840.39209742902,153342.8968807949,152844.4743203061,149722.76657436648,148967.73670169574
2021-11-18,148957.1921779939,150570.07431449412,153694.49603663437,156080.47587215633,156322.13402040626,155679.85223543266,155070.36977194613,151703.40290620804,150780.21902369705
2021-11-19,149787.69593862313,151447.35847558608,154926.76649056035,157539.2983032494,157734.79480752719,156986.19319165917,156386.08269919362,152846.16577966878,151797.91330144147
2021-11-22,148048.78752136222,149186.26912912517,153460.8426165097,155851.0536637334,156115.196702125,155388.96144952893,154776.64898405346,151192.80750480475,150116.01824985148
2021-11-23,147374.00394449598,148504.31211197088,152904.44574368303,155021.59441051038,155277.47302747893,154638.10662492787,154096.22586251886,150574.8301209018,149504.9306433718
2021-11-24,148998.61416243354,150889.1264282923,154426.37342429764,156863.62820229874,157155.77109380477,156494.40600725941,155974.05374740902,152315.0411072547,151237.49946748908
2021-11-26,146173.76652837588,147489.78754501152,150333.07634457902,152776.4118458466,153318.44614427644,152778.87017733286,152323.27817370562,148885.2452123973,147859.34511002334
2021-11-29,149346.10262543525,150835.76698412807,153607.48953958042,156573.17334817618,157117.64767752745,156571.6492752696,156110.8849694584,152539.57973138697,151390.4652071761
2021-11-30,147152.74031425477,149347.92886598498,153104.40687054218,155341.52984407547,155590.38080900558,154907.91954087577,154312.44390214275,150494.96937022754,149232.33648136578
2021-12-01,145799.26311326737,147772.41833545573,152664.67792603845,154292.71971000082,154390.20180443983,153734.23920853843,153153.97460262795,149479.26599803648,148227.3069908872
2021-12-02,146850.02822096617,149362.71993097954,152400.80672418125,154704.4356198104,155076.4387346805,154449.96599741152,153958.00387713427,150274.94373315532,149123.9156694171
2021-12-03,144296.52062387334,146588.98582057512,149869.54788747404,151662.72045052552,151967.18229033967,151618.8081240178,151198.97940344035,147615.6421971411,146462.32928963425
2021-12-06,145452.76606848877,147836.29156416812,152012.23598918316,153373.09715600047,153614.961828845,153206.72445903916,152688.7900785757,148976.9367569571,147809.08392357163
2021-12-07,149832.90604098313,153182.10831938003,156622.5585865136,158375.0263099144,158400.4866052035,157916.35621117693,157332.31645076143,153522.2782325915,152275.56129752807
2021-12-08,151653.29297176926,155354.1963812823,159327.81735384953,160736.6271197021,160525.35955449732,159847.42073337885,159202.92479106857,155368.40219356882,154097.32500744436
2021-12-09,149421.8411984942,153338.8052967562,158022.61301713804,158731.0140610054,158273.85286820348,157579.69647700433,156893.54995641662,153130.8762753967,151887.57022278232
2021-12-10,151046.12329728913,155825.00582815625,160498.34344862495,160695.28285020118,160283.89325112096,159865.0329001757,159102.2568406086,155086.26811248242,153765.67628301022
2021-12-13,148863.94245648387,153538.64504771068,158042.28893211667,157772.28120422963,157389.2252424302,157081.03532529256,156382.75584327857,152533.62255279103,151300.8250541921
2021-12-14,147323.1548392804,151025.3017045779,155833.83381313272,155808.96160264057,155467.66163859007,155233.3484663304,154620.94744597733,150921.20190825424,149695.79699802227
2021-12-15,151831.78808048894,156172.24597714946,160680.41347610464,160942.8188279062,160555.5988897685,160342.28413058416,159662.50892149948,155708.17866293184,154396.85729902456
2021-12-16,147927.46112843516,151643.1135752447,155680.0885861084,155811.98134213762,155560.83173772617,155483.66793951447,154941.8656208591,151390.45515593878,150268.07528357705
2021-12-17,147189.4419483922,151116.679329002,155131.69449433679,154921.40777925478,154635.07989002543,154651.4905635103,154080.77466247245,150654.17623957052,149541.12871604005
2021-12-20,145761.64375107095,149342.4876594694,153204.84290800928,153112.38176143361,152959.83711465047,153083.87339749502,152506.67304298445,149051.9392768007,147933.90846842164
2021-12-21,149023.84267414064,153369.4368459789,156480.50593880814,156596.31695409046,156349.99257868688,156314.83520493846,155716.69596050674,152405.6926932944,151309.83673946396
2021-12-22,151988.74052252015,156351.7536611918,159997.74090680713,160265.29424841993,159998.40522892517,159894.3580871245,159237.09896541885,155729.98673268384,154567.05705595468
2021-12-23,153134.60140270035,157205.8119544332,160984.5885335608,161510.90749219886,161343.1875150077,161258.84550813356,160625.7762969189,157069.012664754,155874.99282703217
2021-12-27,155665.49801144507,160515.2878407436,163645.40358202223,164317.5161082233,164098.914383128,163991.71851347867,163368.552389804,159665.28201927117,158425.92108499503
2021-12-28,154944.01165202647,159392.59978029085,163129.38750884664,163527.19531472438,163316.7778314722,163228.91467222144,162642.9237695613,158945.6173290697,157715.32050264993
2021-12-29,156070.87077970928,160556.39480821072,164024.4760690329,164359.58411079418,164207.56950808878,164182.44785835623,163616.2389146447,160045.86010712062,158857.66159175054
2021-12-30,155604.4713057001,159716.9896911318,163075.87353124935,163435.82893126996,163329.78166626042,163253.95670812376,162665.18878584553,159185.56248357892,158078.29732979034
2021-12-31,154632.7853922208,158922.6574009456,161671.88312835435,161987.305905223,161948.0975175274,161971.66807407068,161442.2484024091,158072.67248328755,157019.22934056987
2022-01-03,156121.4018647715,160251.13974194092,164599.06005810597,165242.0709768194,165158.32394854698,165082.3496547057,164481.102796854,160749.6771843637,159403.56502455848
2022-01-04,154096.43576157113,158225.4779762692,162108.44893990317,162673.94379945105,162598.93421881253,162710.209263746,162129.68256321916,158523.7701258041,157240.28208838234
2022-01-05,150684.94204253447,154296.4269636259,158159.63797642261,158282.4430217507,158372.951401755,158635.98410767125,158148.548134048,154821.77696533207,153631.98266611385
2022-01-06,150579.03235655912,153712.17456737228,156829.09635645224,157495.88888027976,157685.57257028422,157976.80695201305,157524.7749629063,154410.23905131788,153317.78996372374
2022-01-07,148947.83109963118,152141.2673521523,156371.90202387274,156487.27016283857,156502.48881708577,156469.20570744376,155856.1646804503,152661.75415963502,151525.31809846344
2022-01-10,149045.8723645696,152302.2327179969,156520.37585449056,157005.77954591805,157148.43448456153,157011.24503919712,156359.66810020016,153042.79144487254,151834.47325834466
2022-01-11,151284.8260294732,154313.91507459688,158562.01053670264,159029.85792729308,159089.22180967766,158969.55570137367,158303.82102963765,155140.46489098412,153941.52933903245
2022-01-12,153207.2838982996,156140.22875552336,160897.10293172827,161443.32600314147,161401.85879473772,161262.7536107148,160591.83186998224,157325.7900456831,156067.38862858023
2022-01-13,149374.62694328072,151726.06476222823,156226.91386511092,156630.58861352789,156727.45484455378,156685.56701274338,156124.46203843778,153171.3782324243,152029.58407242774
2022-01-14,150304.11761274826,152950.46863967992,157787.4305134406,158161.86059791365,158191.68036895053,158019.68404196942,157428.08266361328,154482.07599200384,153256.3876958631
2022-01-18,146562.40623898152,149047.925167791,154217.7165839634,154399.24041578153,154445.1465403984,154208.35019850067,153555.6773012598,150651.59677794718,149447.29317042933
2022-01-19,146275.12473570084,148292.1379365374,153734.9764780527,153848.2883846204,153990.43147377635,153678.08828442192,152987.55220774518,150074.91175295637,148942.44901003406
2022-01-20,144375.2423605916,146447.93157036623,151795.3206196084,151764.85114547814,151915.09752381552,151514.40441435046,150809.52197454715,148010.21031971945,146945.23687120108
2022-01-21,140371.9348998556,143275.7431548062,147588.20617969107,147276.1806743953,147096.47171346343,146946.17040995718,146411.30841616285,143805.9099720573,142881.42609653645
2022-01-24,141014.512681578,144201.3921572331,147829.87143142865,147525.804419345,147331.54549012,147350.01857570375,146882.90870637598,144289.47898403404,143415.44688018053
2022-01-25,137745.60847810176,140658.91729538236,144571.66391374497,144037.34050228933,143872.87683363704,143949.78487676271,143511.27900023496,140938.13479723677,140066.03040923967
2022-01-26,138852.55801361692,142469.17438748459,147048.14584839792,146563.67034376768,146178.01696040833,146353.5407641885,145808.1524751907,142965.1323861975,141942.97576512687
2022-01-27,137454.2621040307,141261.6934943128,146571.97241027144,145263.6976262686,144687.84156634353,144715.6682244637,144123.2742895373,141179.81976321468,140176.83932930417
2022-01-28,141766.054133513,147281.05597278257,152831.37883019718,151001.9721186508,150083.27528159932,149966.87155333508,149272.61526152233,146011.7293144565,144894.58625486586
2022-01-31,146299.53154295599,151744.34784554105,156974.97662126817,155692.97279638465,154888.37068857512,154774.68387081576,154042.3366871123,150677.30400848144,149555.4237651326
2022-02-01,147294.86321266968,152373.2093321399,157290.28712058082,156328.89391581152,155602.01858616833,155543.13965400014,154823.66569410084,151465.51788327022,150344.0139012126
2022-02-02,149814.19598439924,154486.25999358177,160588.00438894468,159711.56222952157,158473.6113677335,158402.70918626816,157680.30327754808,154249.58607743148,153086.2506283421
2022-02-03,143740.15716039456,149672.7443675252,152434.62786849996,151503.09896368056,150872.34493747327,151200.28268845862,150762.4810898222,147926.6541364964,146978.75274525688
2022-02-04,145553.42522606338,150814.54636437527,156701.9154479768,154983.6352472271,153954.39721656783,154020.9155978229,153419.89802822648,150188.505840297,149093.76321745678
2022-02-07,144382.52463740882,150075.07683198154,154907.78789456675,153086.93940428237,152186.28036390195,152309.5430984411,151798.442233233,148782.22667609053,147758.84682230183
2022-02-08,146004.7154136893,152010.67975629814,157053.44675259021,154898.53853188345,153925.7437605737,154143.54940668045,153676.00036635998,150577.81841384544,149557.80240656028
2022-02-09,150421.1711595168,157066.5357752613,160476.41984014245,158867.0797688744,157910.7513921012,158147.61149083287,157709.43279984713,154767.90470995402,153784.19116771946
2022-02-10,147016.7451269139,153231.9850114401,156817.4204580877,155102.23299025875,154111.36778207263,154241.49649980833,153750.25757391014,150995.71627101704,150086.28897800032
2022-02-11,142353.14323434184,148395.901792243,152445.2149188171,150223.08009416217,149287.86304805416,149457.67184478266,148977.2879856845,146356.30838781915,145523.41997900017
2022-02-14,142529.5182770555,148370.2912635528,153074.61767240547,150937.3076450834,149899.19431023608,150013.61833654135,149484.68872332026,146719.34121323435,145837.29839899144
2022-02-15,146073.33894284666,152643.4941095816,156033.15948684583,154390.415022083,153378.97252723825,153537.34558607673,152979.2332962231,150267.7457484776,149389.64081992197
2022-02-16,147358.93581735372,153695.45275336836,157509.82173855143,155808.20584030842,154695.51179237716,154820.6033487162,154257.34920402724,151584.3815214823,150685.2204173169
2022-02-17,142975.94094098257,148640.41169680603,153126.95343925647,150843.15724902216,149963.83547130052,150206.53869775092,149659.4004205049,147150.6845786315,146280.2772728423
2022-02-18,141345.23232335,146782.05945838892,151378.19090789277,148813.59283118043,148053.66776146408,148449.18817355947,147967.45389486215,145453.8210073208,144630.44925929894
2022-02-22,139925.60016489215,145340.36846327153,149425.91256743867,146910.52031313255,146171.40265209376,146612.85966540856,146209.50402184448,143851.83075086353,143090.68913496233
2022-02-23,137663.86851974265,142986.78984776553,146482.4641431403,144023.76553189434,143310.89088949567,143846.3278564234,143441.52701069636,141329.05856404683,140652.36821791268
2022-02-24,142289.98225153118,148152.33614450594,151835.58356813152,149580.4539047223,148691.6535449853,149100.3644382191,148614.8342301912,146104.91069527925,145369.19900001772
2022-02-25,144496.50998421808,150284.7895692244,153745.30467981478,151596.49364915426,150802.30924820976,151261.1035452732,150786.32822857925,148284.63295230095,147589.89855908696
2022-02-28,144926.917866177,150318.27650095156,154593.62052420326,152634.51617800634,151772.2207417561,152179.96442660736,151643.27598457725,148856.75928308765,148091.0505354635
2022-03-01,142707.9097878566,147426.62616143763,152541.60979111027,150436.9094527783,149573.50051844845,149934.04666781067,149319.9825525838,146520.05735097054,145825.19305871555
2022-03-02,146424.95635534014,151819.47090653316,156245.03596247968,154098.31541904574,153204.15492009273,153615.8900033007,153029.50708732207,150300.02712319972,149625.57014405337
2022-03-03,144333.31693756828,149457.99518458464,154140.63383597016,151892.06549139097,151047.64110047166,151512.97033907918,150898.57910589795,148189.87070163657,147548.97669946824
2022-03-04,142241.63779079134,146477.0755818243,151473.02652681526,149384.26932311917,148826.3921250109,149470.44847456753,148852.06811841473,146112.88015051238,145507.52874413438
2022-03-07,136995.58158268267,140984.58746081466,145707.31812395473,143443.12204817432,143167.54172908605,143938.28424229627,143326.00750357422,140676.10557525334,140120.85174969817
2022-03-08,136358.81833185974,140290.0441038498,144741.84766486147,142894.5157621911,142518.87069632614,143361.5490383051,142812.14956123862,140107.95460258468,139534.64615196502
2022-03-09,142589.96934261246,147593.11394673988,151639.49792824598,150006.67896145748,149329.23162850845,150043.4762384564,149422.2342299439,146491.64471806126,145862.36155195048
2022-03-10,141006.53045224753,145043.6029319506,150773.85886680777,148809.0881509479,147960.24993441938,148713.15573668366,148046.26006978433,144907.24243653263,144253.7451427038
2022-03-11,138082.31679679043,142028.18574813826,147576.5693537314,145496.98002939214,144691.26323678842,145550.76693568585,144918.77550444033,141890.5221594171,141233.1487725705
2022-03-14,135430.49542649408,138955.92577417483,144252.9241559364,142133.35921416877,141550.06765867118,142438.1134914398,141812.97971697073,139015.79151243743,138461.88154997554
2022-03-15,139678.5077845174,143626.8535158672,149237.77956497524,147157.33648210505,146445.8359549593,147307.54866550508,146622.63163803605,143622.25817102485,142956.22425530254
2022-03-16,146181.21984687014,150207.35921186913,155412.80930766743,153647.75482316336,152767.90961996742,153491.71415107496,152780.21865344976,150015.21741064003,149417.30958610645
2022-03-17,147950.9244400383,151839.29534341642,157175.51950037456,155455.09277247358,154612.6634659958,155336.12116660332,154613.76819315518,151765.09316529118,151123.0272884247
2022-03-18,150979.2079331803,155317.22489013325,160742.60603681178,159358.94632555713,158387.25367257273,158933.01161947008,158088.47527167542,154982.03767439496,154299.8578139713
2022-03-21,150559.40286024683,154923.58378792947,161044.85636310143,159606.7345862425,158569.83734115498,159033.9787266381,158113.2469086073,154847.19907327622,154073.84800542824
2022-03-22,153518.35282485987,157403.99222414455,164757.67316680262,163282.22499970667,162121.35185215418,162485.88213948344,161476.70347795956,157961.52466521223,157121.873803142
2022-03-23,152634.54933715926,156330.14813092825,165286.3428011469,163200.39592713807,161741.24001743743,162028.14751287445,160957.29045953823,157263.74663646868,156416.1412046221
2022-03-24,156027.14665617814,160417.743426295,168133.9460200044,166872.5660323764,165382.64394434018,165691.34020306877,164565.39179859357,160753.7149551641,159858.0132572177
2022-03-25,155896.9557391634,160043.20774827336,168533.03770717158,167037.15583792882,165524.23429652775,165795.44271512833,164634.25344146864,160765.71054633264,159851.54582340576
2022-03-28,158309.0935351455,162020.00725063035,171509.2744728597,169986.41107672203,168459.10894383804,168687.27786449986,167506.04375077435,163482.79111328165,162506.35383155948
2022-03-29,161033.56434838905,165602.98208223734,173813.9551774389,172310.83220495924,170816.64608025886,171080.51714211798,169920.10205497636,166013.8685051052,165093.0247595289
2022-03-30,160577.31461638265,164415.87021692135,173682.67400652665,171997.15910697213,170529.87691050832,170749.43552640904,169528.19749688738,165572.47182559295,164677.6306953991
2022-03-31,158587.0501566678,162103.87205320317,170475.82439984792,168853.464436908,167532.45086637442,167873.90853103163,166709.43971046808,162903.01880801326,162052.3752965717
2022-04-01,158285.17106256378,161629.0250214051,170866.2895791041,169123.88897871503,167782.61380548863,168058.54644864268,166884.38392342706,163101.18346820146,162294.37056940194
2022-04-04,161544.0603605017,164808.98388596007,175213.5926341715,173491.97401586678,171978.21501103233,172122.59191966706,170827.95840943957,166673.12079362723,165735.95098814723
2022-04-05,157957.10066769875,160912.86008345854,171695.99566117907,169650.2710458383,168223.8433031465,168330.60797310804,166997.61544661465,162942.92772630288,162077.5541132571
2022-04-06,155850.11805720848,157914.95528180257,167975.95574251117,165785.2032875114,164709.6790684213,165141.56298205108,163997.958339742,160369.63542855458,159702.43438725977
2022-04-07,156220.72315247697,158405.5944702623,168172.74748412208,165877.3612675631,164843.5555343223,165390.5773199284,164252.285266963,160668.90803267382,160044.83446131734
2022-04-08,154036.87489236574,156081.91259873877,165487.01983970316,162972.36169975295,162064.55974221294,162615.9058751645,161539.14824578154,158223.46104722476,157702.88451433924
2022-04-11,150392.75980968872,152384.4582352409,160390.84149771443,157853.35842058793,157218.7027807609,157954.26826615998,157038.15860315855,154085.40294411764,153705.44714939347
2022-04-12,149757.5020223355,151968.44968338177,160344.6098870556,157476.52188602666,156746.21091714955,157544.30741135287,156590.27110250364,153592.85008467396,153198.86645580668
2022-04-13,154124.08914899087,155940.37421637255,164996.4274502275,161961.86853395676,161073.6202258607,161866.61857509112,160908.68998507987,157866.96012202904,157467.82950811784
2022-04-14,150599.72903059528,152084.60843991986,160395.71707266,157433.7602758827,156732.4805132687,157657.76996216064,156810.07659116003,154043.0407240773,153754.69095219582
2022-04-18,150715.41933299982,152262.76074919433,160971.44258067786,158246.82721434295,157467.74912043833,158376.66187455814,157472.2345968047,154578.72681284448,154234.34281520743
2022-04-19,154084.03230644038,155330.7476425813,164281.1800294077,161548.07365939263,160773.1897693422,161673.31391473013,160767.21155962453,157812.80532437426,157474.62446888455
2022-04-20,153159.3015680937,156011.9092624137,163587.8157145761,160063.642930024,158883.64013988234,159921.90515216577,159100.06892763026,156587.77332640067,156447.02353936527
2022-04-21,149990.30909927373,153009.55932973875,160766.36941837583,156958.80583470085,155942.28253527815,157051.74489877647,156268.79921068827,153814.92145256235,153620.48877450768
2022-04-22,146062.71649718634,148781.464500816,156548.38615205453,152730.3296697082,151839.7789543931,152996.6667230647,152263.1118609701,149746.82183499963,149542.65138961002
2022-04-25,147938.95060739326,151208.8982263565,158741.15360753925,154961.2085988359,153883.76055542487,154903.34396603584,154121.84183081833,151603.72782285968,151411.1756416519
2022-04-26,142355.00431900573,145451.68407221537,151823.75154730366,148029.083274757,147145.18163967016,148196.59084182914,147476.1615176416,145328.6805332569,145326.80934853537
2022-04-27,143506.9414213472,148339.25600973354,154133.72626565938,149328.89441896297,148285.41860861637,149422.60318637625,148710.92441154027,146669.28072558483,146704.09461600357
2022-04-28,148603.69907295034,154341.61802982885,160385.71001861777,155605.9878736792,154003.9325940326,155055.042922208,154207.27097113745,151886.02175080765,151714.26562441856
2022-04-29,141916.7162027531,147924.33710921466,151521.80765065234,147589.54686936265,146287.10867761233,147356.92657599703,146645.3611407152,144837.33147517685,144829.54491010617
2022-05-02,144286.15348361083,150369.6015937087,153729.26003060362,150339.20088731826,149018.2565458455,150167.8567827702,149447.58685485367,147414.63616957905,147294.90274491473
2022-05-03,144440.2140117043,150466.2871234843,153987.31203949358,150695.14903341146,149354.72463834597,150467.31209698753,149728.33387604,147706.84401680186,147553.9961552791
2022-05-04,150646.5265356549,157005.598167145,160536.99575647473,157347.2447752372,155939.38237052065,157097.08480212645,156443.08758581965,154237.40974314636,153986.72551400185
2022-05-05,143059.34488265388,148990.01725082844,151374.9736301907,148346.0610075968,147246.78532712982,148567.1845185233,148066.75181254145,146357.39700830053,146149.26151755353
2022-05-06,141345.36949665056,147373.04979306366,150556.89791830204,147334.8102852806,146160.38745055697,147414.59087870747,146910.46089915282,145017.6539197009,144738.28783831283
2022-05-09,135814.9812435777,141027.1782159853,144464.37481902505,141200.20281773488,140356.7074852399,141734.73130949822,141271.02823545062,139316.200032475,139083.64506401517
2022-05-10,137464.9631690909,143074.77122159084,146512.75869272926,143376.91718264183,142544.15847591194,143947.33269132182,143394.9869010948,141264.60289622127,140970.6848232501
2022-05-11,134710.47477977024,139497.65364827885,141853.9792040112,139152.87905927992,138533.0929983734,140062.799025761,139618.9949227081,137928.50641094506,137771.7915361632
2022-05-12,134391.99688380628,138472.27869495095,139862.8074069523,137513.61983846108,137236.09944673118,138940.25181204447,138637.3453187479,137279.3522708816,137206.5903901254
2022-05-13,139372.51747012945,143709.9693432538,144781.44846046274,142667.50863232615,142282.9222883769,143909.91009760468,143591.61082172938,142230.0939696404,142175.5796283298
2022-05-16,137756.99281085012,141995.513604529,143184.36959755915,140892.09271392465,140590.79126136427,142237.73161260696,141885.83610582523,140596.82051030634,140560.19742062635
2022-05-17,141325.09476582735,146015.02716130024,147013.3553283944,144693.7422788921,144302.2793798428,146015.2720028406,145694.02573055145,144456.85519013458,144349.4662690002
2022-05-18,135709.893012049,140606.896755972,140314.69896154397,138284.2716281194,137962.934929059,139532.1723387622,139374.96552720352,138446.43303903344,138387.46088475297
2022-05-19,134982.74983891906,139625.59011293703,138768.52370841062,136837.11797058585,136259.62702652597,137821.11848182426,137830.37369811238,137242.1157167757,137423.07748502918
2022-05-20,134563.21267275902,139853.32618784587,138214.75479802146,135945.392023028,135458.18293068168,137047.20754915357,137088.83167691174,136594.7115816204,136791.4178249401
2022-05-23,136800.651631916,142813.77828069162,141951.31411936192,139259.67451350242,138578.24993091403,139947.5306015874,139872.55728348673,139187.26495973297,139300.02817109728
2022-05-24,133891.9327388226,140052.08876919164,138422.1355648548,135215.0872249382,134923.9834332792,136508.1150773188,136523.53101404206,136022.04084197665,136220.91719258035
2022-05-25,137088.34397158673,143382.7077125655,141261.59596947522,138255.35001145693,138039.82745358438,139680.69160882276,139755.0784844501,139289.9324669131,139490.167766294
2022-05-26,140886.63940979165,147018.47496251977,144967.33768306335,142120.33739169143,141843.8149788355,143589.81451117856,143675.72024517457,143096.6354601775,143339.52338753626
2022-05-27,145485.14939836823,152141.98940998618,150360.7497440068,147560.51155358786,147039.0962372843,148755.02840972418,148777.709354972,148013.4428170145,148173.72198990875
2022-05-31,145099.1698087653,150904.97890558265,151000.53764781062,147996.84978477054,147234.15796375342,148895.30713087818,148907.28896123343,147893.57501176844,147945.09633987368
2022-06-01,145348.5414408693,151646.58612349824,152313.98599589826,148942.62334052532,148053.74032539997,149571.2193666085,149475.29247298592,148300.43194804294,148275.63260108815
2022-06-02,149329.01100868924,155816.01987959343,155605.14397487327,152897.94504150833,152011.52133182395,153560.3960990315,153456.54787861547,152174.2278146779,152185.96876492287
2022-06-03,145443.56105268135,151857.38704111346,150630.9787800328,147825.99693477948,147081.30735853536,148723.41021847157,148730.3835556422,147715.7461761615,147881.27080215912
2022-06-06,145928.02997029127,151945.91496379778,151736.4589177197,149032.4995113974,148095.74191889723,149537.30021223446,149457.68560207417,148352.6022826854,148524.17049989104
2022-06-07,147186.7791113405,153965.25076436775,152998.18440393792,150170.75432452743,149209.03134174924,150689.52087296164,150610.9914673345,149550.73556699103,149734.78412197324
2022-06-08,147450.05923667553,153630.96292259678,153435.86079348746,150659.06188603764,149642.72992608926,150974.24342621188,150854.65688539544,149798.11067159276,149966.95050407824
2022-06-09,143500.6568231263,149310.5139818877,148714.33701885675,146234.0428101461,145483.15237422625,146974.72981583246,146924.16901299378,145752.198633616,145932.60102646082
2022-06-10,138439.31899471022,143450.72212801932,142377.8656380101,140156.49326724876,139686.48695309943,141358.9489164547,141386.833407546,140410.83166398774,140678.79463271727
2022-06-13,132002.41451897874,136702.15220634794,135886.01087484712,133517.0441581342,133244.66995442216,134961.37288439157,135021.13455152063,134048.4180556429,134303.36264891375
2022-06-14,132242.05330990432,137463.32748024567,136484.87634589887,134077.0785513957,133655.79924919363,135391.45562187373,135429.98507586203,134399.3074111079,134648.35222487053
2022-06-15,136866.86634666464,141826.2871533989,142109.84197892537,139653.14756320114,139048.97743345553,140607.98846236296,140544.39062873166,139271.3190015916,139419.17409278458
2022-06-16,131344.74958040463,135628.03041184807,136698.67993420482,134119.2459487927,133633.11818201293,135087.60902095848,134926.666215067,133698.38648060602,133855.62115434394
2022-06-17,132941.8793230255,137276.3348008557,138618.81262323068,135897.06856604398,135246.8006697423,136624.81048487936,136503.8996194898,135328.50254502834,135448.84812654275
2022-06-21,136295.9337520074,140744.58781884232,142773.66766756633,140005.59347205778,139151.6137267842,140540.39033599326,140372.8277865612,138952.31615507585,138997.52670083317
2022-06-22,137419.65776755998,141582.0706610284,143775.7788356758,140986.21624258865,140203.14622655642,141566.73560403337,141440.02639432164,140059.37680147515,140100.6559863609
2022-06-23,139466.23109128003,144028.5275220777,146696.19459622307,143297.93149994526,142323.92864249158,143581.10637709845,143420.15907589076,141965.62268964472,142045.7356177044
2022-06-24,144244.81817855692,149337.35861648165,151796.08979019054,148707.22529783344,147499.4395797233,148662.01858498738,148465.29532466969,146902.65590748278,146990.34305515306
2022-06-27,143187.26792457563,148256.50890609025,150311.70572350343,147189.19139558342,146100.9845556817,147354.96981900156,147189.9128285595,145711.43566689355,145843.92164638752
2022-06-28,138824.8099028735,143672.6112999072,144839.44592777774,141749.78782430856,140882.84921070872,142380.1878378911,142346.83870965714,141100.19293752374,141308.2659869781
2022-06-29,140274.57029445606,145107.9379246909,147668.1894590368,143971.97930128308,142957.88585207425,144312.534628455,144210.5379335537,142787.68394442392,142955.71491713682
2022-06-30,138534.76477527717,143053.38682732236,144955.85911756277,141337.605720544,140589.0313838477,142136.53476880418,142107.87581397823,140805.7140764165,141021.02462445275
2022-07-01,139449.18311159665,143482.6755412585,146950.22663636,142583.17085023547,141769.43199187663,143118.8230070871,143066.38993157743,141714.76048060384,141932.097173185
2022-07-05,141836.5146546111,145677.4380930222,150420.6277582782,146187.28433450757,145026.56241105252,146181.1807900796,146016.18280383194,144320.06166707395,144390.84058099356
2022-07-06,144068.48165809998,148011.89365788965,153176.33581718127,148869.6143686333,147656.9637765517,148763.39126139425,148513.107206759,146651.83729888615,146681.24312427742
2022-07-07,147151.35142192105,151304.98172411715,156388.0998455456,152416.61714487727,151056.18825085516,152181.37157144537,151883.18450334424,149909.22941532347,149894.82169805738
2022-07-08,147335.96693220854,151411.07108911307,156619.56595198667,152720.58589192005,151382.2448998251,152550.5430459577,152242.5093720008,150221.7465856152,150175.44734707955
2022-07-11,144188.16472956364,148988.78490170158,153089.99756189922,148828.97411386317,147613.24982865958,148834.40991796798,148593.32024846133,146784.91695297684,146830.90048701336
2022-07-12,142791.39894656217,146946.64073973658,150833.27398204207,146880.62375816633,145831.66186040267,147184.51596836577,147021.15843499388,145385.98631758138,145444.172311657
2022-07-13,143819.59477578924,147928.7856859002,151933.7134872221,147817.81583388709,146859.93336091496,148307.04243204722,148172.91518983868,146544.14108366106,146631.0787616405
2022-07-14,144333.15771744263,148923.3562335118,153136.01206482976,148615.3527598048,147610.10218106306,149249.22713498675,149096.15843679255,147287.0086248477,147330.4484611628
2022-07-15,146951.23489259317,151657.42333790928,155357.12383427937,150962.7386752128,150055.32429191473,151760.91174922447,151638.55878035212,149866.57485933712,149887.2495832086
2022-07-18,145707.66044932668,150288.1346345215,153569.022171931,149435.41448846867,148608.27787221503,150285.77383777284,150168.59254075383,148438.56629700062,148478.9668405539
2022-07-19,150188.63266157286,154810.76703427001,158073.66711410458,154219.0517753947,153282.01557042828,154954.17095948348,154842.87044812314,153074.47656941583,153104.0986655062
2022-07-20,153892.5869407302,159027.83387716167,162029.38769749895,158143.4516106818,157136.9343648789,158731.6549505896,158611.29753958635,156701.93177743832,156703.08161226165
2022-07-21,156101.77986345827,161339.5910464371,164722.29736576238,160760.18468427364,159751.6911538803,161292.32174969223,161166.53168126618,159126.4469814028,159098.9610967514
2022-07-22,153364.44544819303,158820.94345957477,161655.77768329994,157032.1546647673,156382.32682023823,158082.76870179878,158101.4784609399,156217.28382244863,156296.2129573782
2022-07-25,152490.97150025438,157800.02310044318,160393.76839237608,155788.43874029187,155186.3204313019,156993.6945620427,157020.33238743606,155317.42154324724,155428.58744513322
2022-07-26,149494.64569234822,154827.19662436386,156304.57946482836,151824.8150453891,151507.7463143438,153407.60453986443,153527.20422590454,152186.22551333084,152415.27570752735
2022-07-27,157134.7487577695,162846.46613170783,165932.6234583803,161530.92262242417,160673.26788632906,162446.102521352,162389.90066276418,160521.435484139,160540.32737535663
2022-07-28,158671.23205192792,165168.09397720106,167868.03166833962,163089.8796455115,161980.41928720125,163714.49500363637,163604.48194127236,161784.84006892133,161941.4537200898
2022-07-29,161564.88827897556,167861.46279434074,174312.42589685204,168242.55422107017,166288.26774690693,167747.83449427658,167455.34866462546,165187.45932952448,165170.48717228463
2022-08-01,161467.60150571185,167562.17908685392,173442.18674133616,167661.15639368913,165906.9833422521,167493.19507871612,167224.64026970151,164978.24821133068,164975.3394777862
2022-08-02,160986.1698597721,166696.15578301525,172217.04704069006,166816.5036671591,165077.61085007028,166660.40088862085,166428.3141538432,164361.72000820702,164377.3149411081
2022-08-03,166692.76330108146,172852.25375414515,179366.24118815595,173499.49336657184,171457.34557872664,172919.15320973925,172657.01760613904,170410.78980824823,170260.67574288184
2022-08-04,167472.23944167094,173400.54545877292,180282.90296374084,174382.5265226116,172273.9074687089,173766.07174253976,173518.57369665697,171326.0479648734,171148.43287599552
2022-08-05,166104.2290787426,173130.97025377367,178681.9261494917,172573.73008734285,170436.39469923332,171976.25386534468,171754.2610864757,169693.72849959595,169626.6584216727
2022-08-08,165567.3130101822,171929.26910909396,177798.6225748089,171515.55135771298,169497.43044268244,171048.60563440356,170860.11567129672,168857.90223868797,168854.25250266684
2022-08-09,163693.30252364592,169818.23088599267,177340.71006412205,170522.80196303505,168362.59796592168,169696.49897558763,169406.25591163497,167148.80252466997,167099.42188637663
2022-08-10,169584.63941106043,176322.29993326205,183855.753296124,177119.2058907072,174799.79220379563,176044.17448860564,175702.13297092848,173285.6406954241,173146.30685494412
2022-08-11,168622.0676958189,175300.26521311246,182273.26421367016,175617.5234530076,173396.7054141609,174645.10320646613,174387.8709283146,172127.34814787228,172030.63077362184
2022-08-12,171905.25539084492,178941.88099168258,186251.4690898595,179685.06611174773,177366.90048938183,178581.73607392583,178279.35905801592,175841.86992157483,175711.35968487032
2022-08-15,173294.47488023806,180023.80478148992,187295.7841750121,180869.02340135234,178626.16231974476,179843.11259382303,179559.22941662962,177167.924667912,177039.66468766745
2022-08-16,172888.6594533087,179397.68653916437,187257.87259396372,180645.39658652048,178385.6174964368,179552.3321511218,179270.31211408705,176810.6989574801,176671.04572226212
2022-08-17,172239.12288158023,179210.1171596787,187854.49122284682,180648.04918235744,178282.97755537136,179316.3235720251,178969.87791135878,176298.5008453107,176120.34569877302
2022-08-18,172653.38011381315,180147.03425948654,187601.5597054888,180830.50006937006,178711.35111719705,179932.12050516077,179589.23858301144,176830.8866082568,176605.64028344976
2022-08-19,169287.15847577556,176677.7313914433,184013.49632803132,177005.60448568367,175055.2642018184,176350.98012616934,176042.0454977705,173389.56281245605,173216.02161478586
2022-08-22,164830.29035018152,171830.96203127532,178930.43895002516,172022.12811717615,170146.31278026273,171423.24061256266,171131.01194956564,168657.6279926706,168566.40122106817
2022-08-23,164694.00467781327,171427.42639686132,178815.78928187522,171983.8389448843,170087.023373096,171354.4548620461,171050.3431441004,168556.69571303058,168459.6408590997
2022-08-24,166493.6112222825,173028.21932358117,180264.64496644636,173455.36463424985,171531.02358563812,172837.34329568018,172614.38595579402,170238.4052484801,170179.71543709587
2022-08-25,169437.52701742278,176169.03356426154,183203.3413401156,176542.79057891463,174430.68376623216,175860.5832475615,175611.44744196002,173222.98888145806,173166.61258970154
2022-08-26,162492.60647507975,168709.6601026795,175701.55341834074,168806.3574071024,166918.90455662203,168329.72068060286,168149.6129382425,165965.90049128397,166014.47310353187
2022-08-29,160891.1225036135,166531.65059081998,173705.5502059023,166833.18212455703,165035.53501356725,166511.55560462835,166347.16236810933,164263.84604525508,164339.49548299966
2022-08-30,159099.38237531888,164853.77334477956,171646.8300125186,164846.09013989582,163054.08742275456,164525.36636511836,164374.42458028242,162324.77953648983,162422.80680248467
2022-08-31,159496.95849680592,164568.50153440255,171541.53854357585,164938.79739443355,163236.6660353487,164685.22712606593,164590.27678919933,162653.07376627935,162782.59806120204
2022-09-01,159566.22958977276,163126.74100577098,172132.64618018435,165160.1155478023,163494.67900264965,164919.49979076945,164821.67706903335,162933.55477783346,163010.00763746782
2022-09-02,157311.84925112803,161209.08945814802,169712.32561994568,162659.9774303789,160997.65999921807,162448.690517669,162317.0898924389,160451.17944001468,160612.4440961892
2022-09-06,156181.98967552563,160040.5816258308,168308.44555199056,161339.66228814484,159679.2830825849,161185.08832212488,161104.6383867784,159282.33706373582,159509.82026239648
2022-09-07,160659.59442821043,163912.07317289006,172694.72157979224,165781.4550758719,164117.67364292082,165647.48374800323,165629.24155316915,163805.1720564497,164094.50442699122
2022-09-08,161492.48158679175,164900.10520150734,172398.8589465184,165704.70949230215,164115.02843266758,165773.1651019965,165825.44285068102,164405.42925620248,164777.57892414625
2022-09-09,165023.05443741588,168462.57640943318,176450.3828444407,169646.58627346228,167923.45302691052,169507.78702195533,169482.09662726085,167930.60474614243,168245.67900706542
2022-09-12,166984.49688285755,171132.05784848216,180258.7136215154,172676.01717644624,170698.89606714982,172057.1693016072,171882.58795809708,170121.0737911949,170363.534838704
2022-09-13,157827.61659529075,162168.87826684857,169469.35377170533,162154.1495178786,160399.46408567613,161821.31486235862,161808.25055606,160487.38071289452,160838.13651506533
2022-09-14,160402.21459574247,164194.35787257363,172286.57100907355,164872.45347331476,163171.2857009461,164688.01495474172,164757.90964570013,163342.32021538547,163624.13883497266
2022-09-15,157730.88489501664,160540.71296300515,168998.61881986982,161700.56760311546,159862.51139427588,161487.72260111474,161625.3819227603,160466.54163002782,160808.1675094866
2022-09-16,156766.45291211084,159338.80282373854,167420.45334250428,160540.4277853384,158917.12692304817,160694.03834060836,160888.1206956326,159695.59187164583,160013.2186481632
2022-09-19,157987.21638971698,160588.56748669903,169521.8315328543,162370.3656832911,160591.7658718856,162300.64421821904,162443.88189866938,161051.53230668075,161352.31681881563
2022-09-20,156727.86409855582,159592.55773227324,169176.89024130953,161583.48240408616,159672.10542236056,161276.98065573256,161337.94711349264,159850.1955496067,160101.66264900385
2022-09-21,155244.03291779297,158496.8601078057,167006.9889571907,159783.28928419045,157948.4762297368,159595.85212451167,159674.11547797013,158226.63294001285,158487.54775596893
2022-09-22,153333.29080522803,156410.82548152457,166236.8595506023,158735.61632531494,156806.46416087632,158339.80832236342,158266.8322278107,156659.17053838982,156805.16463003206
2022-09-23,150836.79284429885,154194.36644683563,163061.40273769372,155788.26474368837,153896.23556212868,155356.32035527134,155329.62494327142,153906.17219242555,154130.2936162996
2022-09-26,150212.6640771028,153189.9911631248,163262.98458216322,155555.95265750543,153514.7139799998,154958.06021812372,154885.5136474144,153278.84860609335,153464.64780988113
2022-09-27,150272.9179425176,153740.4435463552,163441.37393679883,155707.59123000797,153612.23493290585,155098.20837950573,155061.52934850522,153518.83674129756,153691.5163496089
2022-09-28,154584.63923615922,156846.1462119528,166510.36835474422,159276.14859145207,157333.26902713953,158828.16786108084,158864.69468387726,157494.9148450676,157809.47256425797
2022-09-29,150128.34280833183,152818.83115152782,160641.80598969062,153750.86024241176,152075.6875083923,153620.22746982487,153742.98938598818,152693.90895467883,153110.82837264985
2022-09-30,147582.62476216877,150046.092664198,157172.88738916314,150667.26174713683,149068.7182423783,150650.2671440628,150765.27562909666,149860.07057244415,150330.19422734872
2022-10-03,151044.98835434098,154600.63939379266,160674.5528652825,153781.28413161665,152099.3242098192,153748.55613726698,153882.17901844863,153143.35974505436,153698.56505650727
2022-10-04,155793.97221395568,160014.33894460517,165776.34573986664,158647.6853358393,156783.50060918438,158495.19052669455,158646.5152581726,157911.18056684485,158505.27516038416
2022-10-05,157033.64591560766,161844.5243153401,166823.1589953954,159589.66145613822,157689.2685864241,159479.47126065593,159690.7834679956,159065.69595958284,159666.22372215352
2022-10-06,155797.31836622398,160618.9955321008,165696.42888705744,158605.4703625597,156651.91772155015,158438.80923111332,158633.17834164595,157910.4590070298,158482.8878357986
2022-10-07,149860.82308095894,153935.13436412072,158457.93375483688,151740.68042378526,150033.7567719074,151820.13328642308,152057.21972000948,151618.6129188535,152288.13200997465
2022-10-10,148362.76893093158,151154.2940625866,157303.52127111692,150455.0365176453,148751.97948945206,150382.78224300867,150619.98616727613,150183.4719224228,150812.34646375966
2022-10-11,146324.5034202804,148693.3828284079,155094.69905395363,148403.75050670342,146796.41997815,148473.2466311021,148767.8835611785,148385.98904271802,148962.8584675414
2022-10-12,147596.9029626173,149484.36892138884,156416.64185989814,149828.14567239812,148335.13616271797,149881.3646192019,150178.63974874117,149753.0832696733,150241.31499223658
2022-10-13,151058.38164026674,153764.83431614403,160390.1035950667,153577.8608053531,152171.13597845568,153648.81060972443,153954.9316795506,153454.20218689064,153854.73242766477
2022-10-14,146517.9586716037,149389.99330523354,154754.996956843,148176.49423584988,147038.72601154604,148568.32104813642,148919.98337302482,148592.08122602306,149041.32606853964
2022-10-17,151356.20612082075,154112.43436696945,161228.1664224381,154366.52249697794,152943.70827778758,154263.27675738797,154529.20507394988,153888.5035480382,154273.92077769915
2022-10-18,152553.15816029042,155696.5023301612,162706.55604080303,155610.68287414947,154090.80903652628,155377.3322744121,155613.5783666777,154942.18330687334,155377.04877815163
2022-10-19,153319.3246294023,156254.27291261483,163319.351709951,156396.9329571909,155118.9547541615,156459.00006280481,156665.17620911592,155915.32984051888,156219.93277628085
2022-10-20,152537.08516531016,156339.41199469013,162457.3958372871,155554.51425914632,154236.05164265388,155556.74003415683,155763.71458968797,155119.85613351077,155379.53289908668
2022-10-21,156113.75307814698,160456.13610198084,166672.80608883916,159209.19584149093,157853.07848039968,159288.0751574621,159511.7012848623,158880.59672040291,159127.5712294319
2022-10-24,157831.19414771118,162349.21759146152,168759.95764651214,161136.839587826,159838.14140463824,161349.4203938305,161469.88022542765,160734.7677502314,160942.6595215896
2022-10-25,161096.07505560247,165904.9904289775,171884.874634323,164570.2457203574,163198.58236334613,164615.3185014952,164762.55176176724,164029.0719116618,164225.85149231378
2022-10-26,158858.94623262293,163892.06560711365,165463.72146500996,158557.7421038113,158202.62010196422,160152.22078012532,160689.87459958936,160849.58107369085,161403.92014670387
2022-10-27,155966.75777749802,162195.64797091266,160177.22367739363,153537.1417584824,153840.292405753,156074.88238738547,156840.41626184233,157366.0395629638,158199.14182644556
2022-10-28,160739.44295455836,168723.85499393474,165504.88054126315,158676.47815757946,158821.72519711856,161242.29490174286,162048.70867989358,162598.18455007608,163401.25265283827
2022-10-31,158870.35931133537,166714.40321974803,162996.78728087383,156097.85895829773,156367.12101405108,158855.90287966863,159708.1409488063,160474.61341983848,161345.49535840066
2022-11-01,157247.09445108444,165426.91214977772,159162.5789604753,152756.86423626306,153407.69968428876,156162.69295651026,157089.44747487328,158404.198829792,159484.56309509283
2022-11-02,153179.58495549878,160630.19476973568,154142.75960067572,148156.61768231465,149004.07409472734,151823.2700393041,152839.235497867,154318.64512364205,155392.8081998099
2022-11-03,150187.26970005344,156058.5832781674,149123.29228976485,143878.5815718466,145025.4969149061,147936.72673429656,149039.4016628781,150958.1087325111,152117.72775290458
2022-11-04,152603.024430208,158084.76430700888,151036.4521748593,146103.07602997508,147153.1714119843,150175.07095357717,151356.75724702343,153529.79538547597,154673.9280732302
2022-11-07,154280.85483453528,160426.578140825,152413.54412923788,147609.12517763328,148643.17132574992,151756.0726554666,152968.83542260635,155172.16334708527,156329.3981781031
2022-11-08,155405.131644101,161918.13434298427,152518.53937669608,147893.366274021,149037.62638407008,152357.3572194825,153763.75517073178,156132.8089891154,157381.97444532654
2022-11-09,153141.46913678476,158928.71911879053,149289.91983293314,144986.8115470418,146236.94322700598,149604.35596721777,151044.4480034387,153586.55315759676,154902.40827833678
2022-11-10,164441.53778281188,172393.97075578745,162828.58155217645,157960.1280169234,158658.50746027115,161834.01510140428,163133.5730380838,165300.25433356114,166628.0004236161
2022-11-11,167471.54103986296,175910.44155369292,166614.18207186586,161619.55020391982,162086.05960757952,165134.67195275988,166357.19842511273,168417.60957637595,169665.91631683166
2022-11-14,166005.97087371434,174231.7644626884,164034.76303677188,159513.08129345198,160208.5601816332,163311.95517168747,164580.1735831183,166732.0641260109,168012.493066609
2022-11-15,168303.20722102287,176747.16663603604,165670.75060781869,161549.0136732108,162241.73752200388,165444.929746388,166734.80440700997,168951.6831108594,170334.62058603214
2022-11-16,167328.47087371434,175056.3275800523,165595.44910657496,161140.94140138308,161726.38091502813,164763.92410596614,165964.7617199225,168057.32605780117,169400.73311782817
2022-11-17,166959.15943634693,174958.0209551227,165523.8128157385,160850.41283700327,161639.5033796912,164786.51813489394,165967.33899017796,167974.25821347706,169232.07424014513
2022-11-18,166965.0029137796,175154.601893848,165243.59609233023,160382.63520084586,161267.1065533612,164473.90489875575,165671.60738897478,167785.77677875265,169157.88080403782
2022-11-21,165247.46018323823,173070.03293389836,162608.30140741717,157813.13791788527,158861.1076882644,162125.08823696716,163382.43466259303,165738.35385244407,167220.43846833194
2022-11-22,167627.45908266783,176168.39603149524,164753.5085452458,160187.19265305882,161296.5661745473,164687.92834854525,165973.7865697968,168355.68227684117,169800.75683812448
2022-11-23,170632.36767616883,179373.76273799437,168100.41013852652,163728.9338511268,164778.38534036366,168086.48583464514,169322.68495457983,171464.85851272536,172883.85953523882
2022-11-25,169509.90849384698,178248.14468818842,166357.39348477498,162074.92377996581,163235.31077901693,166589.68709864805,167880.5406868943,170141.8468813547,171622.1486720062
2022-11-28,167022.63154718126,174480.59560982912,163330.71280868433,159260.7902407056,160597.72660428722,163928.0824083768,165220.43850164957,167550.48373563658,169069.7502419514
2022-11-29,165758.35345664085,172865.1969936147,161092.11899277795,157329.74854738213,158848.93476161253,162273.30350227375,163623.51898162128,166171.3685256818,167757.7841370036
2022-11-30,174637.0948533459,182634.73131211288,171343.32480864017,167533.12914931602,168773.21935494334,172133.56999345878,173403.95506414695,175596.29226220213,177110.34983939427
2022-12-01,174851.39066145322,183280.37082222124,171178.64614577687,167501.3546408037,168720.5972468261,171879.77123780287,173209.8090581025,175504.4656161123,177118.86952018103
2022-12-02,174154.85487683763,182251.58060898093,170671.20626270556,166884.62334638924,168014.61164557718,171095.34382719596,172445.92512838365,174811.38085664707,176429.952485852
2022-12-05,171231.93074210684,178781.96090045184,167595.34228571536,163943.16875714305,165064.66494012403,168158.29255694794,169491.84518601926,171875.7381905858,173443.40559977776
2022-12-06,167683.97716706293,174897.6642895643,163390.14106079852,159741.82809863082,161107.57170357316,164273.13535216663,165657.72180677616,168291.9458810978,169961.56024397985
2022-12-07,168321.86530718667,175422.3038955152,163156.24627002503,159593.84693149364,161056.79537182866,164274.77012333603,165753.25262726852,168619.24063811373,170365.9960236327
2022-12-08,170313.94943442373,178479.29211150933,164938.92659666686,161431.40035160634,162920.0957687926,166088.3526453883,167589.33038983683,170584.21271639984,172386.68716507623
2022-12-09,169227.87284800012,177395.07976230135,164116.41988433665,160738.9618593764,162356.19809391556,165501.59838500444,166891.89535054675,169670.53549337015,171330.96854777963
2022-12-12,171351.89636236322,181287.70521619273,166528.30682004202,162786.7640397392,164396.2015837069,167544.76902281892,168917.30037752053,171695.72308759796,173393.84135828988
2022-12-13,173194.02294828522,183450.89345060778,168617.67474730028,165037.79029814492,166467.95971647731,169512.9330384201,170842.15411643,173609.72190338266,175259.37786474449
2022-12-14,173232.41541020252,183403.5212529218,168485.0469909616,164874.94218690225,166241.76018096076,169253.93179562944,170479.89230494786,173307.3789327438,175037.78936502163
2022-12-15,167415.9204361308,176456.2090557694,162123.91787237278,158709.74754429367,160213.23858802253,163204.68374053866,164428.62867902845,167317.38906559147,169089.6014567426
2022-12-16,165819.6930632298,174148.92410840682,159854.0873706873,156752.10937533915,158474.0395986415,161544.36449079166,162758.8426169916,165695.5366292354,167506.33128612285
2022-12-19,163489.33524348677,171638.71242746979,156776.3572325431,153844.757241261,155758.416527903,158947.2728901152,160261.40105423788,163359.03851826963,165226.3059453249
2022-12-20,163362.08672177893,172017.92718516864,156678.61378292125,153655.47136468976,155557.32672128492,158651.33509642567,159953.59992461957,163104.24103609097,164979.389735114
2022-12-21,167054.28105558216,176064.2809831191,160575.95347660145,157399.1441293278,159284.09435419933,162459.89843818426,163778.4476358504,166954.76497246046,168867.5162247123
2022-12-22,162967.27980856292,171700.0718615072,155976.89273103827,152721.81385308347,154860.60756603128,158109.37587742813,159459.76823794178,162747.5834096167,164710.08694532444
2022-12-23,163333.82709100583,171764.6663342757,156466.78298773017,153266.60521486253,155387.25759310997,158614.40155933288,159961.1830600292,163184.7143971586,165158.52564157
2022-12-27,161024.61920482444,170085.69621922425,153595.77148396897,150003.73086823654,152310.18075592263,155704.1222684868,157176.5070408518,160667.64781764132,162791.67307131313
2022-12-28,160221.15639328666,168733.68663456154,152175.56335471023,148939.77620442922,151312.59737909527,154683.63008809712,156183.52642291607,159734.21002191052,161879.88213716866
2022-12-29,164126.5633548223,173333.05929478531,156800.48736071464,153489.4095159668,155677.6849852553,158988.7962166569,160457.88250969475,163884.82660765343,165998.26326552307
2022-12-30,164027.95651454868,173240.83460548008,156684.59586210837,153404.86681881495,155627.82379290732,158972.92942600092,160439.4566790913,163796.2424171266,165867.35182258755
2023-01-03,162919.2008474488,171581.2295240987,154466.1192550137,151640.62936216738,154056.66360327922,157373.98474210248,158930.12403414163,162458.015909313,164609.50575388974
2023-01-04,165216.1990535517,173845.1063632575,154456.56349065728,152467.294649225,155359.35308140132,159051.5788851649,160816.42185002987,164817.2880622901,167082.64046133263
2023-01-05,162629.88059830797,170244.77718760842,151345.55312293753,149427.65875677054,152499.77578596465,156337.61032302649,158158.85021335635,162325.0701239978,164588.2472379467
2023-01-06,167118.66765136598,175114.54333663738,155316.41503500863,153390.18878458004,156662.6973264242,160913.57998411008,162798.2637441111,167000.19538464572,169289.2271969959
2023-01-09,168200.49316270254,177308.65613412077,156840.91338716965,155112.20475850976,158257.3217834244,162330.1232958374,164141.13748342494,168025.10125327753,170241.88135075534
2023-01-10,169624.2242214519,178457.7122305568,158319.24183602622,156521.76279103922,159579.69735989344,163679.94655879625,165507.29604452077,169481.86165409742,171703.53857139664
2023-01-11,174079.60276593498,182987.9898301459,164690.88548692298,162239.82369077034,164866.88743409238,168707.29462086948,170397.03390657104,174027.40412945836,176190.82892818702
2023-01-12,175020.470441041,184416.9927578985,165400.55159096728,163135.5431793762,165749.28257269552,169623.7008014216,171313.741778242,174847.76940943944,176975.9982666593
2023-01-13,176224.66609869784,185194.95656942148,167114.54773188432,164715.22789313385,167138.59892104167,170878.53787522617,172506.46131017958,176075.17945035908,178226.61404576674
2023-01-17,176582.11799779153,186121.9159468713,167653.91891969595,165540.71204399609,167829.47389172105,171393.23924971622,172914.826156348,176390.26714040505,178493.09459243412
2023-01-18,175807.4565321425,185297.88126613718,167438.71416483982,165198.00374129778,167318.55828757441,170876.0495969426,172346.97809377196,175790.0164992261,177825.5163895011
2023-01-19,174080.27704690557,183022.56267789082,166458.11892591452,164341.35864815288,166276.356065956,169583.00813873744,170947.20754211347,174249.5180104799,176209.48923128704
2023-01-20,178844.32454828688,188146.1413768217,171820.58246499792,170081.99894080503,171862.0019598585,175045.48610168177,176332.45255691773,179344.27641847107,181212.41487014294
2023-01-23,182817.49018701646,192613.4491673902,174973.56294784648,173930.0868510266,175765.470538662,179093.25971096536,180412.23789671488,183331.10071819514,185121.05349987984
2023-01-24,182444.2176151325,192290.7731051737,174853.7569821653,173614.52152424166,175515.72068952842,178855.55943301786,180142.88460288153,183040.33314942635,184803.09117785544
2023-01-25,183560.2242142219,193405.5213372115,175555.77650424224,174192.9703171309,176292.02364816825,179705.29282213608,181045.80421362678,183917.22833656656,185755.5551783604
2023-01-26,187139.10209733885,196483.9206605379,180078.96971267214,178737.33092049946,180516.40169346964,183756.31304539763,184998.84241175372,187565.73755413198,189334.66409457166
2023-01-27,189002.00552410612,197386.61942876276,183195.25749126382,182012.6235726424,183342.41844570913,186279.63184366177,187341.70707712867,189428.2578034772,190979.4688076796
2023-01-30,185180.63915475452,193528.8683329045,178915.20885121298,177339.5020756511,178932.56974692107,182060.7290109106,183214.00916574852,185497.80932700876,187142.94750377059
2023-01-31,187955.7431791279,196467.08076479394,182075.13595677534,180481.97188743678,181949.5138461968,185067.94030261724,186188.4797930045,188390.15089046926,190008.93015303276
2023-02-01,193495.76589807385,202810.21014250995,186695.63395412115,185790.31426575442,187251.9371411055,190491.75060616262,191674.0141558511,193898.50847766758,195569.66007378712
2023-02-02,200440.3003488786,208855.31427465446,196813.49978646223,196256.190921287,196690.790522034,199163.48524197767,199931.7572599862,201124.65470887633,202414.16921117104
2023-02-03,196878.03075749677,206640.6458802427,193859.35982725833,193079.10746062774,193535.35637872637,196042.26960317796,196704.39126299988,198017.75916049303,199223.3917271923
2023-02-06,195212.6261756104,203928.8264266982,191752.9715147384,191265.5958470085,191760.13621404528,194283.24577011223,194942.29451252465,196300.8402176218,197529.45725279948
2023-02-07,199257.200205262,208815.71256527794,196647.61984431453,196458.8677247425,196531.67087181777,198868.40353852505,199418.68635043356,200524.9922891116,201680.3247022019
2023-02-08,197235.0288363689,207692.6014397055,194655.5091227968,193854.11342686968,194165.20886872325,196467.23242566735,197092.4396932699,198221.80980142578,199427.90542445905
2023-02-09,195491.878272795,206816.1426215812,192298.75260283053,191433.5604361967,191948.89642341473,194310.55493001375,195003.41434471245,196340.46334889118,197667.65180846665
2023-02-10,194208.84220999782,205501.4366637989,191349.4633006069,189784.39446223702,190421.96422014528,192845.95219560742,193617.33577156966,195111.6842734294,196502.7227867962
2023-02-13,197319.24613248944,208995.90662430334,195196.2634141711,193216.2686806454,193759.58145992507,196115.96855998843,196826.8180871139,198192.74204695175,199601.8207396623
2023-02-14,198777.30226091115,210105.7178154923,195942.70720004218,194661.41140416238,195158.0764045683,197465.80374853706,198139.01187615306,199434.95859286652,200903.68574164886
2023-02-15,201820.99727788224,213106.29969902037,198943.9689582026,197584.85946437097,198069.80944576333,200391.09096369546,201023.92953148845,202423.37067884,203938.73036803427
2023-02-16,198033.99228399832,209219.8537205607,194655.9823756601,193286.10339700937,194229.47393712797,196535.7444622991,197108.57053379723,198533.8234179955,200070.99316601243
2023-02-17,196636.71557109008,206657.56379989086,192942.47182623247,191579.5322148273,192594.04144801194,195033.75608461784,195690.99408075493,197224.3733709347,198755.84970313666
2023-02-21,191981.31799942505,201659.1331769119,187955.11181395818,186639.33359010477,187669.17053400548,190096.12568732683,190775.22161297593,192440.85344749328,194004.5255149089
2023-02-22,193645.8531066344,203134.11300545285,189888.492779854,188480.02963996847,189415.0068761796,191750.29803579848,192431.43876090547,193995.00376448006,195510.01148010377
2023-02-23,195337.1179348143,206258.66304313962,191231.9435972841,190960.01777927118,191674.79218375016,193875.85026901058,194464.97302621353,195935.6524668703,197387.22408305816
2023-02-24,192066.4379593487,202672.07702386996,187363.21066758892,187236.36750235024,187915.38899866096,190193.2237180752,190866.46150966236,192469.650198866,193925.91084011158
2023-02-27,193441.8279642109,203578.83995575405,188883.03772937844,188825.23144533168,189484.61328325362,191714.18978056638,192316.0741677614,193840.38330607375,195275.16756816706
2023-02-28,193191.72534869713,203365.1219998663,188678.99997733327,188662.70152293082,189224.60422051165,191448.5915954215,192011.79802031876,193572.46443778707,194963.2674226475
2023-03-01,193159.50639374217,203315.1034508941,187661.80103552723,187866.59974451442,188535.80640711027,190946.2742068443,191611.06225889118,193423.90013152885,194874.2578842485
2023-03-02,194758.09372358126,205729.98270255714,188881.39684912184,189332.67750953813,190044.96682252552,192417.24731501195,193055.6263923399,194914.71431016456,196508.2335701774
2023-03-03,198784.483348255,210047.63307601138,194183.54166293627,194520.9241114982,194909.8017048675,197072.71002237388,197575.10988534952,199086.93621122866,200572.95893941258
2023-03-06,199009.9787023179,210809.94887371187,195578.4743761671,195524.74842662283,195762.52330330838,197813.18595437004,198269.53208093304,199618.7667247671,200953.9659599867
2023-03-07,196569.0250965998,208214.67428060825,193235.95678055112,193189.12592738372,193430.55161235368,195465.28811797834,195878.89254047224,197173.65578678975,198484.8030248139
2023-03-08,199071.595826461,211382.32978673445,195336.3093539708,195646.6092543449,195887.04519119655,198029.5634693222,198462.89909699734,199747.0915536403,201087.73152339028
2023-03-09,195622.53417970202,208053.1957025601,192394.8318359649,192324.20802735552,192599.82247441905,194669.93483235428,195069.67257857698,196334.8267755979,197615.01119460104
2023-03-10,192875.23300211984,203938.69193472658,189667.48936802056,189631.6940987317,190049.20651718584,192146.18422219096,192564.1606025075,193796.41583483166,194980.0332610905
2023-03-13,194305.6758041879,204888.1619031279,192540.17123312154,191914.12043838628,192032.16419346764,194017.63150298683,194328.84977746764,195334.27644683816,196516.80717745918
2023-03-14,198770.78775789886,209512.6054341743,197344.39503943129,197319.8989160343,197135.73568101673,199004.8460798493,199249.43393657342,200079.92367590827,201141.12019865937
2023-03-15,201334.40571765133,210957.30079826195,200898.3283924171,200956.90317907723,200675.08199077338,202380.02823098906,202519.77787630056,202848.7406335557,203656.01595921398
2023-03-16,206641.70118428898,216719.3075683594,207306.82753248815,207638.91777538043,207008.46260475522,208460.79027218925,208483.71329596898,208453.71484804375,209123.08694261962
2023-03-17,205665.15814655696,216128.93191658973,207070.71320693174,207250.23628862787,206585.25959144966,207953.7025861829,207866.60587471738,207666.4076289721,208255.37748137632
2023-03-20,206395.01966485672,216790.13646131445,206420.69323191792,207081.94372332035,206756.78086064465,208382.31777347633,208389.11174319728,208476.6766332062,209154.7544062617
2023-03-21,209342.87327025356,219234.2758422304,210147.1179031976,211115.59679587858,210459.2503571385,211802.98134588829,211664.4688989429,211455.70410869777,211990.321205251
2023-03-22,208017.09518606393,218092.5840573325,209410.26890529777,210417.82246624026,209566.4042216491,210867.58032008313,210690.00644453272,210369.35618494597,210777.5358976806
2023-03-23,210483.76241964672,221172.1720562333,211879.7729138012,213262.2890375025,212343.35610168937,213681.88031154193,213519.56896081773,213218.73452726286,213515.19453281697
2023-03-24,211258.40303761532,221572.56980063993,212886.06400577875,213965.2418327127,213189.6082762926,214521.44874611887,214320.91431307467,213998.8536290967,214245.34993816615
2023-03-27,209811.0253783982,220184.43908780598,210319.96790161123,211352.63937441478,210914.5633084739,212331.53313060154,212234.34177733518,212109.1170561345,212520.462334561
2023-03-28,208696.6004183773,219237.1941140716,208998.01989193773,209895.69668967274,209560.19849176958,210968.9651333443,210877.66174276886,210932.6327390249,211464.5200874847
2023-03-29,214022.80624219816,225238.08610049813,214753.9556048829,215417.76039636286,215009.87057406243,216383.2472535553,216335.78973760898,216372.7436909073,216949.41537606326
2023-03-30,216048.66636140738,227511.39196720623,217020.21799068537,217445.53687135316,216984.27390504337,218404.05423772763,218355.09725379472,218343.2633731046,218896.81047739627
2023-03-31,219641.6486377727,231206.1340270204,220960.32006660383,221612.43988589838,221034.09076859104,222301.50284440536,222198.3510892897,221955.48251727354,222467.99552963
2023-04-03,219107.84252720446,230900.24189809346,220659.54072466397,221357.97077584406,220757.4981920162,221964.04182878943,221835.61773061875,221526.65254356797,221998.17334645815
2023-04-04,218368.70671075137,229436.71849851412,220740.66910799773,221189.22111487226,220547.68894744886,221592.13303143886,221392.07486150015,220807.87100627855,221202.04376841677
2023-04-05,217733.7795637491,228198.54122444088,219209.88218189322,219805.81500059925,219456.99119376394,220669.083370064,220620.0240215591,220246.75433159963,220642.53484409733
2023-04-06,219201.74858820825,229382.03623940336,222501.10255064495,223039.12666769116,222109.68803396073,223006.1881798036,222823.74627882752,222088.82723638834,222294.18785371396
2023-04-10,219077.7356564902,229249.201858243,220379.19401264406,221389.8977086343,220761.19822369365,221924.1530773233,221840.7626800029,221488.1873772078,221834.65175407217
2023-04-11,217671.6980165441,227546.3649615957,217391.6581624712,218764.5281150372,218357.240345642,219716.56556715036,219750.33683688036,219753.58793962141,220274.35243843662
2023-04-12,217269.7182946137,227702.59008821074,217486.93531859395,218491.89093530737,217968.30429359106,219212.00491170853,219232.87549399433,219248.89190481143,219803.83738728892
2023-04-13,221524.3708483446,232109.7793019652,224133.9986923808,224424.97984217037,223523.13141429253,224509.3172378654,224344.69471102688,223996.61549291483,224357.85619376606
2023-04-14,221107.90757685114,231222.25606072877,223413.22703565547,224211.1573354371,223207.37545212256,224086.240857646,223908.01436238835,223542.8053463767,223879.46531967717
2023-04-17,221295.29228568682,232061.13391158698,223644.8072248301,224054.1237891479,223126.34815192816,224052.19593454016,223881.58931450502,223507.0576311953,223931.01588136368
2023-04-18,221309.18303594983,232717.69549166865,223754.47898203184,224190.91507912148,223313.63599248766,224210.42421639443,223985.236936401,223567.43116014058,224031.9138776765
2023-04-19,222725.9314165599,233752.24887915773,226264.24807690954,226269.2432595828,224979.02370809973,225734.1826070011,225459.780263011,225124.24166750512,225512.42933765205
2023-04-20,221027.7869139627,232075.75611816676,224102.40719256684,223827.8859831161,222496.4472456274,223377.6388218599,223202.8332887338,223312.36447409366,223824.34228587378
2023-04-21,221258.37523049957,231390.4317785373,224280.8159507899,224016.91498036555,222699.69604416104,223542.9866973568,223361.74914856156,223505.77996202832,224002.04585653017
2023-04-24,220797.19859742583,230386.97480904797,223258.35665697875,223260.96702499743,222006.5959442471,222882.21008868,222723.49402188664,222901.68376836856,223465.63275945428
2023-04-25,216632.07885585632,225412.47160980472,219023.74594926578,219023.1641926048,218055.98839578114,218908.6324400103,218748.58693321995,218993.68238899222,219471.09504227544
2023-04-26,219466.7264933915,229931.52408274656,225816.92738877446,224576.8722605952,222809.7735225575,223118.1028059544,222716.0113425365,222365.67173156928,222604.7668041262
2023-04-27,225434.25039782806,234286.20126244205,233963.67888969346,232949.29431721714,230701.60152079168,230566.91049511172,229952.30083761824,228923.62017034888,228802.16925470397
2023-04-28,226989.4539588258,236743.8647275517,234159.04899700216,233727.1341489545,231756.4339636915,231724.92634056602,231278.318253456,230564.83771638217,230450.0162073506
2023-05-01,226729.08883721713,236990.21895395,232784.1729840969,233321.702212741,231409.87436513047,231338.49989280815,230867.45704198955,230305.54472259025,230287.33709820185
2023-05-02,224751.6543980121,234335.5104060857,232032.66966998752,231701.22045744146,229563.92159560052,229353.92047263263,228865.19407777485,228392.31820098177,228370.02925174704
2023-05-03,224801.80705801584,234199.52158293096,232644.7264712603,232160.4708434204,229854.31044528927,229484.53931265353,228664.49372210662,228259.3591269401,228356.05722179514
2023-05-04,224008.2462484681,233250.97308293747,231852.82300769794,231185.35522587033,228889.5662663704,228530.39401545835,227766.72150645676,227292.76734768762,227447.0251964562
2023-05-05,228769.41263285524,239419.63186578781,238473.61924885784,237243.41302984458,234653.79418917076,234221.5721407403,233343.66588744053,232471.82374778896,232473.94642714897
2023-05-08,229336.18507598952,239673.80269604432,238600.8722610554,237969.23975786963,235325.75784230573,234865.37239171364,233981.84235143967,233014.15299205453,232948.1575400218
2023-05-09,227883.80450306146,237931.69073026473,237247.29599966464,236358.9236948662,233661.97229243562,233125.36604620793,232207.3503616394,231287.72469062326,231257.96209767618
2023-05-10,231884.3999085195,242044.0596743369,242911.50129637145,241793.89958799302,238665.53214983514,237881.32933416407,236788.67817865987,235513.59872535255,235371.87936229017
2023-05-11,232640.4018506458,241020.87008151851,244169.29284194316,243542.38514568747,240199.67792356008,239215.8238768978,237942.07154094148,236498.89615453756,236199.17437757374
2023-05-12,231805.97389150297,240540.48380904857,242656.67959563676,242252.33884517473,239026.76054964497,238142.39634323682,236918.19494344655,235555.69670233634,235336.46594594547
2023-05-15,233061.14533395504,242568.1068463639,242855.0064170672,242799.33063784405,239699.72641878293,238961.41694488915,237812.33468260613,236754.9177616102,236544.70555731942
2023-05-16,233325.03678323116,242405.93501997713,244732.4085653948,244721.46327569042,241197.74911040565,240149.53544611685,238798.05582965445,237362.0308167932,236925.8513933768
2023-05-17,237670.15851943186,247476.68748600746,248904.47472931532,249385.67407107152,245815.8063274221,244697.65225837665,243311.08273465734,241798.0396216177,241271.6545420139
2023-05-18,242084.44703209115,252335.46991692903,253089.2514474384,254091.96711560272,250465.71551425778,249344.33041922792,247913.58159219433,246226.61245636176,245620.7757242241
2023-05-19,241538.92206118169,251877.19142847336,252487.06744110573,253515.77859575048,250143.19301079414,249019.6528475708,247517.3642895295,245772.10273238353,245139.46806319672
2023-05-22,242350.03802456273,252523.80086887509,253245.3552145658,254626.21779411478,251049.18959217056,249898.95088202998,248378.3004559777,246367.293574738,245717.01986609667
2023-05-23,239277.93575472952,248675.72137467706,249639.58455683436,251061.70783529629,247716.84816893362,246742.41626955324,245266.48851216797,243268.95598869317,242525.09946479843
2023-05-24,239571.43542293235,248658.6058048262,251123.70916933642,252121.81971326188,248605.92859682676,247492.87545721716,245796.7452603308,243564.4262775206,242788.80150643463
2023-05-25,245400.90902618007,257513.77471496206,256559.38453958023,260937.51217913348,257035.11848581844,255484.04074874925,253284.30911881372,250081.583592054,248946.43332376875
2023-05-26,251670.99832634628,264347.802768367,262354.1492637801,267187.86996974546,263490.326565924,262386.9143783375,260042.81006408195,256391.02511391896,255203.7958511016
2023-05-30,252812.32271308795,265731.0203671957,263958.50082793145,269094.4211853314,265367.41009734664,264251.86460513243,261785.6460493344,257615.88369421184,256235.81519573086
2023-05-31,252895.6937797061,264826.5027756037,263883.25147293124,268325.8506732192,264857.6160166848,263868.5214372946,261524.1055127022,257381.54134530423,256021.94449687804
2023-06-01,255817.1626283029,267558.12094593234,268201.89354296617,273131.875543578,269269.64118600567,267926.3587903796,265367.57784692454,260943.55093512303,259449.36896586788
2023-06-02,257735.68921931827,269413.0506830023,270206.5196703909,274903.43892713776,270954.450735702,269514.00723039726,266987.9475372041,262672.8961470851,261262.72896237246
2023-06-05,257917.43984607275,267971.0078210328,270318.8857004494,275122.8709400948,271163.50786643504,269573.0206232169,267078.7221056841,262793.75490965246,261366.63026828883
2023-06-06,257873.8061237318,268415.71143562364,270283.84570735623,275009.9153956383,270852.6241330193,269322.0494717943,266918.11995397083,262659.6331312169,261276.2921767096
2023-06-07,255019.72751802698,265940.83054878155,265521.8048338499,270155.49146508257,266685.2559187952,265582.06821153115,263326.00906297367,259544.07019892565,258373.29246397168
2023-06-08,258185.36934636204,268617.86413688335,269174.3813338336,273939.9945680676,270549.9230319033,269414.1693599532,267084.8789210968,262989.2129880662,261704.77683018948
2023-06-09,259172.34690464387,269735.9482015006,270076.86375089956,275097.4665895191,271779.9830187144,270657.36276894226,268310.56076025544,263966.1563322516,262586.7321051688
2023-06-12,263551.63457471004,275364.76424127934,274768.9029500369,279999.7797469022,276724.8801268027,275701.6081504547,273288.4875327609,268686.4514187813,267213.86135691963
2023-06-13,265576.7669796461,277345.4111602021,276008.7975217223,282077.2991644051,278866.0878131687,277811.3773012223,275365.7395469688,270703.1199456287,269241.4726619207
2023-06-14,269027.67883629043,281159.9386164455,278991.2818659172,286045.4849428463,282932.95277591166,281872.2342616409,279344.3612693151,274430.9034667737,272813.5549158977
2023-06-15,272233.3795986218,284828.0089750396,283394.009578577,289872.429999767,286652.5679582984,285425.1286599481,282824.45295317593,277660.78929648816,276000.7265580158
2023-06-16,270520.2580909968,282367.66356864304,280760.9871192509,287710.2287449463,284696.06678817095,283399.1746338908,280878.614455852,275765.2392649603,274153.03196584916
2023-06-20,270132.99898506247,280723.1461234402,280891.61150128074,288752.12016325915,285489.14402680745,283961.57163345756,281306.816083949,275859.54690731224,274041.0312858169
2023-06-21,267972.532443997,277940.0443239068,278905.14276956214,286090.8136409919,282862.92793047504,281259.3631589038,278634.69304163003,273568.01155712735,271926.4953085752
2023-06-22,271134.365908403,280226.589258832,284664.7626032638,291089.66515077394,287303.2829141616,285367.7239656282,282487.746941679,277081.8467798803,275193.35348286503
2023-06-23,268446.5151658737,276971.16696896654,282402.920316436,288658.94098236994,284895.64716023457,282829.18538247404,279935.4803153451,274462.4192628113,272517.51107902854
2023-06-26,264847.77706859476,274723.3385723502,277100.4563628007,282305.0698195261,279125.192058517,277614.0419040805,275073.9531745269,270374.05199878826,268733.05674899323
2023-06-27,269401.63845300395,280278.27824721736,281760.09163826983,287307.1913175456,284105.59475751454,282669.7619435882,280026.9797307673,275058.25328957604,273383.0103630771
2023-06-28,271448.3042309623,282522.5581103074,284610.35047539877,289738.02259058616,286347.0255877082,284814.7325842763,282094.2170892369,276957.7973812134,275223.60598635563
2023-06-29,270904.64540305635,283131.3636972516,283872.19668562297,288772.45265912864,285550.04593515384,284237.57367897837,281563.4860048975,276479.7479983889,274806.54908779956
2023-06-30,275082.06252904126,287593.32677726337,289364.1249903424,294268.1598623584,290783.3632425297,289295.47941208794,286446.6266555995,280994.1953646364,279236.3568721541
2023-07-03,275729.898136904,287105.51913031243,288758.9341298139,294419.7514113382,291145.6943828561,289831.5375316694,287029.4571548713,281568.54966778983,279753.34578536893
2023-07-05,277243.29722045746,286844.2335824724,290533.4829256395,296776.44093218556,293335.2272039223,291734.1221481722,288830.1918049281,283033.55176947033,281152.92628390813
2023-07-06,275131.86150464474,285732.5802436071,290145.1508870751,295634.98065020645,292000.3443738338,290227.1168836001,287206.0280064008,281188.343572614,279231.86686963943
2023-07-07,274218.3993735271,284758.3003673009,288803.7079228557,294497.3421991805,290923.12737719057,289122.742318226,286087.9633533203,280035.2732868186,278111.5857039958
2023-07-10,274308.279392645,285902.5920820225,284640.7243748572,291055.1443033954,288322.84832389426,287203.45830321044,284608.96285624866,279447.17980156065,277962.6474895688
2023-07-11,275663.48482849495,286981.5055575445,285426.6530420415,292181.35178035154,289551.948535104,288361.9033836199,285704.12647027284,280431.5495886985,278976.9376643468
2023-07-12,280666.0352868252,291503.77150149015,290968.3457839505,298385.9041079101,295305.1134502082,294038.93351159286,291322.5936962693,285707.48522727157,284103.511245047
2023-07-13,285431.3646804479,295848.69102328265,295961.3570129417,304693.38358052436,301308.1562447383,299705.74182813143,296787.398731065,290744.4298537616,288949.7486254549
2023-07-14,285371.08700406365,294790.41965782543,296867.90287790005,305083.27741364547,301365.7095458563,299642.8871524187,296696.2738905787,290645.91267194855,288865.8003520794
2023-07-17,288036.0576118756,298714.6709048014,299075.3087384122,307624.0877685688,303986.2990443646,302351.2084532712,299391.959200117,293369.14260078006,291574.3220745046
2023-07-18,290392.3859248475,302093.259268069,302493.1669495141,310748.7170459861,307097.6362282853,305285.62177341,302224.997947875,295891.3348336289,293925.83204538724
2023-07-19,291845.54213779164,302818.788225854,304125.9819693223,312024.8708510867,308501.59876276995,306705.76561367407,303685.09934534755,297173.9350819193,295172.1312824297
2023-07-20,285117.9528470945,296410.5932490052,296175.01013528847,303274.4418558055,300308.94917390175,298785.2530721544,295970.34984870575,290237.4207215618,288562.7562679467
2023-07-21,284262.776134989,295901.8364313872,294120.2450829634,300896.1486871412,298226.2449562441,297133.0025623211,294570.64375849743,289198.26662674005,287750.9463667614
2023-07-24,284716.85060001496,296238.8065642865,295253.0499900485,302402.45748988626,299799.9174826199,298641.13540178625,295959.8350916756,290230.0689253435,288657.1453322061
2023-07-25,286646.5965094776,299608.07724741864,297688.54613549024,305044.22138063324,302327.6948310031,301143.6348215118,298402.99579100066,292572.71998391574,290920.01317819493
2023-07-26,287213.9245418427,297680.36069804657,297308.38011824654,306252.68772814784,303207.1898498183,301620.23099081265,298851.79959326854,293097.68655800377,291483.87993519654
2023-07-27,286529.2106221889,296312.4901927759,295010.84447367326,305075.02196727815,302245.62750035117,300723.92494685884,297973.08063883573,292614.1526820279,290880.36982334184
2023-07-28,291748.24176643044,300522.48155967286,301609.06958126713,312120.070354765,308789.05289311334,307014.60016491875,304172.49685016356,298489.9063137601,296574.8799400971
2023-07-31,291900.3662577146,302009.8619228375,301642.7006318739,311874.8882972944,308690.0004510613,306998.15544226824,304159.05311506824,298414.69214326685,296524.5911477459
2023-08-01,291223.3141342952,302169.23588303686,300142.24988213606,310528.0922370318,307588.79849143146,306043.61485195236,303257.77237849013,297553.6057369971,295673.18782437686
2023-08-02,286353.5652967252,295648.6928353556,294667.38991883583,304268.4397334115,301658.1261232943,300197.3049912093,297602.443538028,292294.42249063664,290563.17646224203
2023-08-03,285894.63613039406,294480.60622268694,294243.60528494546,304059.6261044661,301504.554446602,299820.54476248083,297160.43990377977,292036.7776730639,290358.90787199617
2023-08-04,284556.10065319017,290635.9773245349,292759.90525277547,302619.3952733072,300106.6800378705,298579.6622476249,296078.51119422464,290936.9738937744,289044.69421530335
2023-08-07,286965.4074550705,291123.2222227244,293472.9540035898,304572.7358516369,302215.74397490785,300742.76061502146,298327.2945056242,293439.9079697608,291548.09569139796
2023-08-08,284525.5513380878,288413.2811714171,291699.5170449929,302407.22561140644,300029.72880779975,298541.2779799339,296142.3712119375,291140.81680755486,289206.5965595225
2023-08-09,282918.2002453945,285895.9718946502,289050.8596315087,298618.1838291312,296475.4871277528,295190.7222230473,292964.75519872294,288542.0169905619,286905.27796207723
2023-08-10,283441.06255114655,286164.4035219861,289498.07822242746,299002.61375789624,296960.69409911765,295660.0545307991,293524.59101396054,289156.04139120714,287518.1559802318
2023-08-11,281633.9309110833,284285.48627885676,288224.22143005935,296871.6567019848,294880.94700613426,293606.09110365075,291484.90454664285,287082.31042332953,285476.13286330434
2023-08-14,284794.4811723396,288479.4935187752,291857.2197694498,301771.07745724515,299720.71017073747,298318.8662294445,296020.5974010187,291179.5192868182,289368.3350642371
2023-08-15,281772.3489962312,285627.5819266031,288450.571275678,298459.80931955465,296577.10069180524,295212.93517066847,292942.0942052326,288129.251279171,286347.93495235324
2023-08-16,280309.6222903798,284444.14419462363,287386.46674139606,296926.14850958996,295047.25689514406,293650.52448070113,291372.3366672773,286567.71366204874,284845.1282707366
2023-08-17,277247.76389751415,281334.04202314606,284198.3616685458,293946.0298699118,292286.729206388,290883.4910594323,288548.5418463458,283762.59173950215,282002.8276265477
2023-08-18,276899.8188894146,281880.53442628164,283383.1677774175,292668.8268617046,291104.2677752958,289790.61712295533,287568.7435229255,283007.0625086945,281351.7709228384
2023-08-21,281361.0516386567,286731.24086934957,288377.9491998673,299489.6970925044,297717.90980637213,296140.2000465203,293629.0216094448,288591.2979573962,286662.394042009
2023-08-22,280959.0571538881,286839.1948982492,288911.8746410706,299178.80893911363,297241.19766646955,295529.0623651982,292971.4148617301,287974.9821155938,286094.0913019257
2023-08-23,286910.21082311694,293568.27066281956,295717.47282877745,306707.2911238618,304569.29943409143,302726.12572801486,299999.1412966229,294558.9463116312,292524.6055820782
2023-08-24,280777.344237761,286752.8209272773,288840.4777977889,300264.4644014496,298236.28160001896,296336.5578918879,293712.44164292846,288479.1127460841,286462.4428253341
2023-08-25,282953.71988637774,289634.9947205079,291450.237166777,301990.0920858947,300054.6390452967,298206.04369452986,295708.0570148777,290584.7770056882,288596.631359091
2023-08-28,285083.5619422677,291859.3139663353,293122.0150116014,304228.1780147339,302336.9746682181,300484.635442278,297968.522435227,292817.2981519192,290771.75671350973
2023-08-29,291309.7856420038,297738.9560827675,299679.3484648864,311987.8245499007,309854.5074571816,307868.247194786,305274.46155255305,299592.34526106255,297344.9452489605
2023-08-30,294455.2290609803,301714.8235912248,303601.66946002276,315731.1629685186,313498.76681078214,311329.58279888955,308631.6488880648,302858.7490377687,300592.4105863997
2023-08-31,295338.12896345655,303227.9317230889,304664.8629614855,316904.3255648674,314798.72850723425,312667.22659855365,309833.4716582447,303765.49774032336,301383.15043102857
2023-09-01,295025.59007241385,304448.01095795905,304798.9525168586,315788.8243947247,313579.6993210326,311407.4212662519,308774.3086334536,303059.3480556597,300906.2519594214
2023-09-05,295400.66588508483,304965.9844927032,306677.88326291175,317666.5742675026,315142.7932796446,312856.22402597836,310083.83260958875,303944.40502563823,301569.7926321128
2023-09-06,294319.6649387823,302997.1074813763,302580.0932943076,313838.99773356935,311846.88845536526,309817.6129978244,307226.47837281507,301708.09013427305,299670.19229168224
2023-09-07,292214.8092554862,298462.18633343827,299512.83131020144,311238.64875626203,309509.83495880495,307431.40295358177,304888.24130462797,299323.7275016302,297336.7832846795
2023-09-08,292623.17874633154,298845.8324078478,300942.53962375614,311999.06328724546,310113.12238891213,308015.1772081642,305457.9926257432,299856.0707474886,297802.08432531613
2023-09-11,296071.12770305184,300263.8258937141,305940.1774912784,316945.89988415164,314802.9538190301,312633.12949287577,309959.27649914834,303824.50347741955,301530.25068322424
2023-09-12,292788.1328741198,295002.7798068039,300990.0546921364,312177.1360894219,310194.03633280494,308281.0998769116,305863.7792499697,300112.6938469194,297928.09197291743
2023-09-13,295424.26085234666,296920.9524043135,304521.8028198068,316121.1533452765,313923.83543695445,311898.39767690626,309380.5681702216,303339.21025728656,300997.26167785196
2023-09-14,297840.04281812825,299000.40482412255,306849.2883237358,318768.6158892844,316413.5136630213,314423.5519258146,311884.062141569,305812.72597632196,303435.76579449716
2023-09-15,292740.099565911,293560.77650085866,301469.4816717119,312881.6105234645,310573.0896827157,308682.8269662891,306234.4515161711,300325.7000646289,298030.7560984058
2023-09-18,293045.26233738894,294752.05174800876,302450.52539990575,313598.151063115,311216.9018322757,309275.29833215213,306811.0903598839,300919.8907124675,298565.7352080365
2023-09-19,292420.7043718328,294228.63529315987,302130.3719065667,313180.2019560465,310844.58441592945,308888.78612214956,306290.0001692967,300309.02018390666,297948.7342274047
2023-09-20,289727.65350380284,291418.4843905789,297101.1466851285,307816.0694209514,305963.9682271266,304374.1134015036,302060.6121389247,296647.54102289473,294601.24491687235
2023-09-21,284418.54941416427,286587.1749926765,292265.1638071591,302168.25123966,300201.60201593017,298701.39761520026,296419.8985402594,291234.4648020708,289270.7146042647
2023-09-22,284458.28980515036,287383.13290443877,291736.39550965873,301950.9942017845,299985.65990278067,298516.4178826907,296221.27075084584,291181.32029079954,289279.2150902852
2023-09-25,285809.36442607257,288525.26783596876,293912.8312320892,304197.018650653,301972.2624847457,300468.26104425185,298082.44272446696,292823.9460891283,290809.8378634428
2023-09-26,281517.59954478627,283375.4764393066,287449.70349405234,298345.21894184325,296458.39390342834,295163.7992902274,292987.8465743093,288138.7254075658,286203.7347145244
2023-09-27,283698.1502342641,285768.4760302569,288589.00643223117,300056.83490662824,298245.07970383076,297001.1954789409,294850.8677433983,290039.7888452239,288160.7279459464
2023-09-28,286071.39295196795,288203.06073285604,290043.33382792474,302414.9939809203,300627.80615222995,299471.6014086408,297344.2839046818,292486.42668427556,290544.47121175384
2023-09-29,286279.0774209154,289339.70715537306,291247.0746929627,303223.21485579415,301367.51049854135,300108.88584514445,297915.1779384648,292901.9109880356,290923.07685356715
2023-10-02,288668.3168525518,292003.6904822312,296522.01878849807,308866.3528685259,306623.2839645417,304944.2778183803,302434.21921927424,296629.5788442414,294219.15221718187
2023-10-03,283602.3187573101,286452.65418701567,290559.4302581343,302753.86899799306,300709.8103541959,299137.4030195829,296729.2724910374,291179.7849962156,288850.44204699853
2023-10-04,288982.5684010075,291279.0510393438,296768.2660127286,309410.4816519198,307063.40834609285,305348.2352408581,302922.254617679,297230.7921904974,294782.8480989574
2023-10-05,288131.1046651902,291531.38943952695,297301.30613946624,309712.27842655947,306989.40801452455,305107.7002455015,302646.4812650996,296734.9756145177,294158.1858093346
2023-10-06,292958.8748764573,297378.03608079,302930.1961726014,315589.2370167038,312486.03234101,310436.84213908634,307873.62405399093,301597.5502582261,299029.30749758956
2023-10-09,294453.0190818996,298745.04098428634,304645.74978002365,316989.34088397643,313916.79341765423,311907.3048738185,309328.15055553353,302824.4104923822,300290.1577772231
2023-10-10,296083.6677514454,299733.48400250665,304814.9103085118,317737.69471486437,314761.6498413319,312810.79698666884,310286.22583765024,304030.1856194076,301633.5936885711
2023-10-11,299717.15814164607,303630.86950473936,310076.61250122904,323394.8041958431,320100.6206147514,317958.7262698576,315270.1596815594,308418.53275309975,305822.31246650417
2023-10-12,298675.6609588141,302912.2278194788,309845.0273554208,322766.9037036782,319554.6769859515,317485.71285290824,314787.734664207,307674.1949932752,304899.96306673065
2023-10-13,294921.2742396615,298057.784685728,305328.23089031526,317495.0089022407,314580.0044813631,312605.6869105948,310012.11762253655,303545.50838107365,300921.5142412878
2023-10-16,298255.839436137,301481.92790900276,308542.2627443128,321167.92738496565,318165.08711505815,316230.74957730476,313647.0561189709,306977.5334905494,304425.434741244
2023-10-17,297278.8954821247,300192.5847748734,306635.3440041599,318761.7580909033,315881.62472084607,314041.0281352427,311604.966438749,305319.7142093609,302920.6972689446
2023-10-18,294900.06381967815,297598.8487629574,303841.65421473363,315127.40738258586,312541.66541789315,310838.4883383144,308462.0291619804,302372.11706412723,300020.68025975174
2023-10-19,292140.74232119933,295481.3575126388,302608.4357050845,313045.1035771286,310601.6777111323,308943.1008876122,306522.93084675726,300037.32798340375,297599.83807787846
2023-10-20,287782.59977389546,290269.15235030366,297433.6481721464,307695.64769020124,305419.8127188755,303827.6233630266,301510.8047261084,295404.33311258035,293097.6437008265
2023-10-23,288651.0040412613,290318.7702551468,299693.04213118943,310643.5683025761,308005.60416902864,306100.7345682956,303533.3385464078,297082.1839803866,294556.9271954951
2023-10-24,291459.04182264325,292896.5103469412,301822.6202675507,313366.0039039903,310834.57167325536,308996.472823308,306403.0456186327,299937.7216223632,297434.63957600435
2023-10-25,285846.2811876031,289580.5170412685,298285.32107038226,306447.5660619478,304253.86241844454,302476.1286226781,299919.24674818525,293785.40683808207,291475.4064276553
2023-10-26,280395.92040619394,284454.66541356937,289753.1876943443,297688.60493682715,295764.2469969856,294521.3051146404,292355.1559054003,287170.9137769589,285308.69075672096
2023-10-27,281742.17653701804,285636.47882939246,294493.8119777742,301740.25142075337,299317.41537900246,297755.32442503056,295315.0217730359,289347.4851504891,287230.37426524225
2023-10-30,284916.0752058226,288149.5688720781,299938.1967645929,306761.4683235084,304197.53065325256,302394.8323677284,299813.6214642907,293346.4396165688,290965.96159599884
2023-10-31,286278.64007704385,290320.9090114457,300486.93208080676,307062.0345569606,304763.5537142574,303095.32683575514,300593.33841562516,294384.79134372814,292111.48172297265
2023-11-01,292768.4641271657,296604.54014888586,309123.34556924284,315974.9753245959,313289.0044594698,311434.3126004282,308688.84234416526,301950.64243412524,299373.1694009759
2023-11-02,298083.1181773819,301892.72569484694,313468.514324086,320743.9466743199,318110.689078519,316378.14981297,313886.33103484416,307218.4154045618,304533.94134392793
2023-11-03,301585.25308962935,306186.2622854087,315436.00425983465,323720.16002205847,321170.8752968025,319567.29428537365,317118.8435543181,310541.15347029193,307966.4077719415
2023-11-06,302815.5340887571,307574.53733103507,318863.9177685872,326893.14991687087,323982.9088075556,322084.7318890277,319507.723285189,312659.2569251548,309835.3945639265
2023-11-07,305677.8994615959,311302.73651198304,323071.08485083014,330725.2876846424,327588.2387177976,325509.7265383511,322821.1366631426,315589.547731509,312666.0609420836
2023-11-08,307395.62858575024,314118.81622972706,326135.5018164995,333959.1781006872,330553.6362959349,328318.7860066827,325585.75160700514,318152.39364868426,315092.013436062
2023-11-09,305030.02469029033,312234.856150199,323855.97616421926,331634.5512754505,328116.1680594886,325874.25538442994,323056.78950334445,315638.8375496792,312649.0964675333
2023-11-10,311887.8404906188,320482.62160937506,331431.7554841593,339516.6043435421,335921.8266531342,333754.30714011705,330876.3864450888,323115.3615712969,319923.54800668824
2023-11-13,310915.15128235996,318879.0527700189,329823.2641675171,338601.02321669995,334963.4080873126,332734.900480973,329859.6394526457,322193.25484528503,319054.65851592313
2023-11-14,317608.1361584936,326594.72300894663,335247.9752428219,344663.0678472786,340992.56759780686,338844.42157594237,336040.24486829294,328298.5421780921,325307.4971527571
2023-11-15,319368.0070445448,328539.8487312275,336231.07063033385,345689.36837945203,342243.78273097676,340361.88549473055,337675.1128315036,329902.2094124823,326912.987256866
2023-11-16,319641.30642131635,329269.47280166484,339124.877829824,348174.051494389,343763.2543379671,341663.20257645455,338980.21765392105,331014.6978989447,327872.03351888614
2023-11-17,319715.8519623846,329413.956581921,337912.8216452959,347005.3559245356,342768.9257207111,340932.12770107813,338228.3101646782,330460.7497607018,327485.27474672516
2023-11-20,323608.3373580191,334059.0754338899,342269.60944507306,351512.1356703739,347194.5277890167,345214.1003382277,342343.0910733976,334481.95905081794,331441.0356162974
2023-11-21,321728.3245176371,331284.99580349174,339886.3560445736,349591.49917181197,345342.4989962479,343260.0620043003,340310.404208046,332482.45335513074,329569.09424610436
2023-11-22,324566.05935328704,334019.5390329041,343821.93571416545,352539.05596820405,348162.91453917447,346045.9870991953,343100.67937599233,335312.7826557146,332362.7715206193
2023-11-24,324108.39010715,333656.6661425447,342168.18385993486,350436.0667819807,346388.3846006104,344513.46262018284,341681.4152363438,334184.69017313246,331432.19227567565
2023-11-27,323825.48796154966,333482.50154150993,342762.5325547508,350722.6896090966,346469.78582731605,344413.5801534773,341542.6937690778,334046.8196792253,331283.77101968304
2023-11-28,324674.19439835084,334099.3607286029,344723.0951798726,352669.9237029895,348200.813911187,345980.8735944298,342998.63262203283,335166.94506961014,332291.0891390781
2023-11-29,325878.8770513921,336919.27706750337,343565.4567013807,351435.8096909905,347230.31470847974,345315.3675391609,342592.1565042647,335248.3717416405,332727.28615829704
2023-11-30,325059.66337642807,336824.5289417671,342441.90730003617,348962.7187288215,344975.2912256847,343216.62078524823,340613.6326359253,333779.1300099715,331504.6942363999
2023-12-01,325987.57102340605,338734.5075441026,342036.9997250999,348430.4474543429,344564.0379746382,342984.8022106271,340487.86491605255,334044.1450750462,332021.94652599335
2023-12-04,322961.31703534524,335286.3170558571,337306.3207814651,343304.59793718474,339836.962783981,338608.51810084016,336234.88598159817,330142.33542869403,328337.8534659892
2023-12-05,323772.2275183674,337101.5701130393,342181.9277666528,347671.6126909747,343472.263066862,341813.0196371802,339076.7829809,332191.5309667139,330057.21214351145
2023-12-06,323420.42136577953,335691.82416483195,340560.0598128116,345975.50268236484,341933.8374701888,340412.2957418546,337827.8217683485,331412.2387312172,329457.2815636847
2023-12-07,327939.3809777101,339316.80517955543,345495.3405652967,352392.2976345546,348102.3704931444,346546.40305454587,343833.50619252125,336963.2505779852,334745.38133689965
2023-12-08,329400.869020475,342348.63923947065,347813.434901521,354640.08265334216,350208.06834432716,348561.1332437635,345724.4625229119,338527.9415191208,336224.2901442027
2023-12-11,332214.68972899707,344706.8004472366,343684.83633254876,351210.3601059851,348143.43971898867,347674.2541963833,345373.5250167007,339294.603365544,337462.6271056862
2023-12-12,334860.48884573136,346764.61139959627,346522.92121440027,354319.63537265157,351202.2596405206,350764.87370135763,348386.4976374866,342170.9208420987,340253.60895101517
2023-12-13,340639.83133273677,352291.3208837155,350833.9491514242,358611.520362825,355635.78303105966,355445.6960308335,353163.83153597504,347315.73660178494,345533.38230578235
2023-12-14,340344.59923957445,352975.29592675105,348517.7881400507,357039.1838554037,353836.6332685462,353977.4826368732,351813.1741052987,346424.28424709925,344657.606679634
2023-12-15,341989.79670745815,354674.3097081687,351034.74520808493,359758.09094178624,356576.60231208766,356804.7271858921,354497.90529767744,348637.7807875457,346628.66020853526
2023-12-18,344143.885896685,355490.71478568326,353529.1416970715,363639.5245256881,360584.53021217056,360650.94003577915,358108.8644244509,351604.8907001937,349355.3874136635
2023-12-19,345902.3420840052,357306.75817094045,354747.4033481054,364939.69966021314,361835.7752936928,361958.89709159493,359517.3529927206,353119.9117160585,350882.85604215006
2023-12-20,342283.1828716511,353095.9847321667,352793.9119224322,362559.2198787135,359181.1999164765,359038.34253875585,356475.5847961833,349788.97240684443,347501.2334908978
2023-12-21,346265.7982721504,357476.1804144775,355512.81300549157,366193.5017874163,362690.0995143806,362641.431145336,360140.55852921883,353717.7232042233,351508.4792704513
2023-12-22,346783.7739568344,357823.9831441411,354984.8567784631,365861.9046111301,362484.46880083415,362590.18116861396,360207.65100171487,353941.8506327764,351670.8877575684
2023-12-26,348906.7324950814,359592.3063968734,355136.4525566122,366671.87920184527,363540.93514404393,363960.5283335389,361734.83815862215,355589.8343289944,353331.9444156122
2023-12-27,351137.8907275373,361460.98412653705,356727.47365310794,368379.59563113196,365368.640593382,365916.1368247057,363766.99936942523,357642.19326072023,355347.9748001933
2023-12-28,350967.14932814566,361698.7034490731,356948.3446107651,368224.97060100315,365176.608917028,365759.56115901534,363662.5435655649,357615.0335477391,355339.95416620123
2023-12-29,349448.25624186633,359625.6558522078,355458.32844953996,366595.488926813,363653.97749426536,364224.8152385395,362141.51079052646,356159.16598643316,353962.6026003838
2024-01-02,343534.81293404853,350181.76980238484,347917.8547519706,359306.57497294503,356700.21681982465,357338.7181884276,355311.9693028073,349834.9217540258,347794.3622255879
2024-01-03,341648.74192393833,347242.2874382227,347506.80186781735,358537.8262416605,355892.0264282747,356320.1158551091,354193.0485870766,348590.7739933092,346451.3138818404
2024-01-04,339890.45371794567,345151.2169601061,343660.45501174906,355375.969650895,352986.95296506403,353570.25342324405,351585.6751202975,346376.8470571758,344369.85596912925
2024-01-05,340293.5734529781,345233.40582836105,343920.84987641475,356187.90144623735,353822.70774958096,354460.8578281303,352433.7656256107,347108.7573241873,345004.68468355626
2024-01-08,347326.7262769488,354023.11154835543,352296.632840837,365521.2936888479,362834.9417426265,363293.07574597024,361079.53249330993,355178.75418002147,352893.4152149708
2024-01-09,348012.9140822959,354650.4165265171,353593.18936700816,367123.4060961669,364175.3927317011,364552.1404781861,362248.27031844755,356160.0908866419,353767.1867962588
2024-01-10,352120.59963301773,359409.0040851962,360135.2797665841,373846.02049865254,370383.35062747746,370259.62309162656,367641.91164977476,361271.587332148,358644.0749035986
2024-01-11,352853.2852601818,360669.7260494237,360627.53119793494,374325.4458553293,371010.4249166055,370873.4326129646,368205.1089814917,361968.68739541987,359322.3825987496
2024-01-12,353034.2750224629,361472.72938345955,361576.9560197977,375067.2638014541,371624.0497849103,371483.811717547,368747.80508114706,362468.52847416705,359738.0164654231
2024-01-16,352999.7690120486,362005.5432016101,360479.9536176626,374834.4593252288,371588.9541712788,371589.0566624159,368923.3148824369,362783.52608620015,359953.9722134926
2024-01-17,352757.59432234394,361773.39173021866,360339.57679838326,374541.851601925,371342.0788810621,371367.03983744845,368740.3882544535,362603.0903202447,359762.816994012
2024-01-18,357764.7090325607,368808.98756618507,366939.2603919547,380974.78486906464,377312.4183528919,377400.39777902927,374754.0297992908,368384.2194707824,365370.2976222476
2024-01-19,364859.5005212556,376817.4484465531,372711.4386912083,388152.46905795875,384502.7389356675,384983.84271864546,382375.0808447471,375817.54715378786,372606.18022722215
2024-01-22,365336.0339804866,379275.70492104447,373056.9447840019,388207.297281013,384481.97820250306,384960.1440808045,382229.56579388544,375691.16718781623,372673.9385086931
2024-01-23,366851.9671590162,380851.7602843229,375467.25976330263,390596.85412991716,386680.88041515753,387042.7218121166,384236.16015499417,377505.0455199669,374472.64199619944
2024-01-24,370636.7539558638,384425.68133561313,379282.52653116226,395469.22421591164,391750.63815670874,392109.61906707915,389230.3942807051,382091.79627397197,378796.195955571
2024-01-25,371089.4082907721,385342.27394286,379566.0975948543,395615.00015401206,392307.1560799252,392566.2633798968,389720.7962937894,382744.413925124,379447.42650903296
2024-01-26,368878.5483724752,381342.51192763407,378608.11006810016,394385.0902348748,390948.02413783415,390830.51222412806,387801.96619622904,380862.3889585888,377568.0624764547
2024-01-29,372656.04823141376,385796.82216794224,382204.15333890764,398926.0280613112,395413.4248238789,395147.8591113179,392023.6493156189,384879.9992318775,381465.76348042407
2024-01-30,370175.4496601563,382084.8657336976,378489.360818466,395881.8630809215,392670.61639411957,392311.94929417747,389187.53428056417,382239.34425227344,378905.09335824073
2024-01-31,364674.14499837556,375902.51613171364,370035.380998235,386052.59728525777,383682.0459114834,383994.47513505677,381306.16534300713,375332.6779345601,372345.9836675279
2024-02-01,368968.3328918671,380750.56034574803,376037.8225902771,392122.72528088535,389505.62913850724,389436.96898214996,386466.8329341863,380238.31900822785,377206.0327880671
2024-02-02,375204.1425811912,384464.5943632756,387628.3023587727,406211.97338431986,401878.85093348566,400742.8613925771,396991.2966641111,389025.1910996524,385264.4234450252
2024-02-05,374714.35069374746,384647.296529046,386995.0935129413,406861.1242533844,402495.9265700835,401325.1493473175,397473.3612312879,389449.03068216145,385625.97500382265
2024-02-06,373962.15772381064,383992.7412495913,387113.23282823846,406156.7932585306,401391.6401681172,399986.559150523,396150.07802585844,388093.10948174685,384457.2932787472
2024-02-07,379559.3431343719,390703.9364391167,393822.7549388078,413909.18737885455,408587.10872734454,406823.47204428155,402587.0643188698,394104.19803668454,390356.6755261051
2024-02-08,380262.3277270174,392684.0446018031,392943.05277658853,413306.4106920143,407962.4403782246,406338.5299604598,402236.91172414966,394074.78653916024,390440.1047704784
2024-02-09,384005.23172460456,398639.4282949488,398787.3881232929,419698.6804807764,413935.7361525652,412084.5271748379,407902.5278942822,399284.15908799786,395328.4031332135
2024-02-12,382502.77659147035,396154.82494145405,394869.67050403304,416292.94782342424,410841.827532648,409245.2370945439,405286.0558039432,397023.3878595959,393186.31551005435
2024-02-13,376536.860293447,388410.44550935645,388369.7244144379,410054.2049414847,404909.61856280157,403361.8221384477,399376.4763199443,391071.60711487214,387239.5651951176
2024-02-14,382389.06272574916,395350.40939838835,393368.1325534134,416296.06025258685,411230.5729055423,409782.42319328646,405858.3022497371,397329.31527383305,393395.246915716
2024-02-15,383527.70180318906,395043.25651015673,391909.7818705807,414793.40848659026,409695.1846324346,408622.4237929635,404927.5825388702,396877.586946234,393199.5617807937
2024-02-16,380050.02528138325,390858.23607507994,389100.3146727877,411218.3472579489,405651.3642285399,404497.467169518,400991.7281844949,393455.51389488863,389870.3804455179
2024-02-20,377181.36093899584,386243.1778506043,385700.23623480747,406754.32719051716,401419.8988650396,400511.11294282204,397040.18310911854,389760.17226838635,386361.46757624205
2024-02-21,377420.95375768584,384697.9189143366,387716.0512922035,407795.49932652636,402356.4573521122,401501.5879215847,398082.2799726128,390726.53726995055,387327.4757000522
2024-02-22,388470.20215693425,397209.9904613931,400066.6784403862,424693.2131471394,418418.57111673645,417012.66899052524,413132.21674403857,404862.8301907603,400917.21362710575
2024-02-23,387326.2894010931,395867.850612534,398385.9721890049,423359.0286817629,417442.3101446495,416019.38517910126,412098.9492082947,403380.71112951235,399469.66593973606
2024-02-26,387122.3310690443,396901.530160213,395804.4903853035,420546.89109456545,415221.6966584523,414177.63584421837,410429.485054596,402228.4887289384,398464.9234210417
2024-02-27,388053.4451936148,397480.0452962597,396594.4737967338,421338.712581187,415858.6376242698,414753.66503746336,410957.65571424883,402768.8813873209,399083.9217553105
2024-02-28,387736.2648624251,397385.42218292307,396562.7874498268,420501.9570509782,415109.4458213018,413999.4119849824,410128.15625259356,402011.95872168225,398455.5980896708
2024-02-29,391058.8972661299,401189.6842849215,400635.55911942583,425189.43301958503,419774.92689746595,418779.9157569393,414961.96849624225,406404.3400007046,402612.9641498034
2024-03-01,396947.0978616992,408627.9263274033,402843.8588356746,429649.7641712189,424652.2815381556,424294.5143921075,420506.58132058417,412130.32723474194,408215.792339219
2024-03-04,395530.68094224605,409387.21177814447,399101.65384273505,426989.96091357846,422642.1307624085,422680.6617730602,419040.82929354574,410580.51275277033,406682.07322736754
2024-03-05,388431.0286824929,399554.8605274279,390334.56141391373,419336.73316434777,415229.9347830706,415219.80703073536,411626.0971984629,403545.65139846585,399802.6839839888
2024-03-06,392620.83686832426,405735.8272145011,392031.05727917905,422532.44187586627,418717.35509120574,419056.7306478109,415665.50636327674,407634.95968652033,404047.80699579074
2024-03-07,398580.1516530626,412552.4905793748,398513.863635023,431517.8162848524,427294.6284716819,427509.86059673567,423738.5845914237,414958.6659349688,411067.0003288303
2024-03-08,392826.6361605171,405805.8520324954,395612.8321771993,425250.73376038467,420666.6349503881,420325.4586295602,416768.91293267126,408617.55322081747,404885.5972903322
2024-03-11,391368.2009288469,404070.4878488269,393766.63444897643,422588.61631601583,418430.5176766575,418202.5346423125,414743.7286256978,406630.67003444675,403062.323217256
2024-03-12,396978.440887778,412427.9859717107,402123.9619724977,433126.0709809922,428461.9751661516,427594.1805314239,423712.1128686558,414668.7618517874,410674.26964929246
2024-03-13,395676.2212339833,409811.4862487727,402081.36888800707,432410.048154488,427611.085721014,426391.3352419114,422380.15433323965,413389.2769599357,409423.54025516135
2024-03-14,394678.63402508857,408271.9739438229,406009.40019792167,433951.9133690461,428418.1060518821,426793.59696468565,422513.21219039336,413046.3497600222,408905.6563803254
2024-03-15,389987.09145794244,402910.8200250365,400629.95311413874,428493.7551465424,422424.63470650883,421058.5188515997,416951.18589476467,408073.6018476269,404121.5037561174
2024-03-18,393706.64595242566,404802.0537617055,404257.2170802162,434355.00581409445,428287.3130013145,426456.83873527386,422096.37518778106,412714.048611952,408530.4881292462
2024-03-19,394687.5937227697,406513.56011843117,407656.9298767882,437089.38018430443,430654.582554745,428315.98581979773,423738.8557850264,414273.8833701311,410105.4366434821
2024-03-20,401116.23337653844,413772.12768808246,414557.1481667385,444562.149298422,437776.6758706576,435443.1301360012,430736.85575261374,421018.87745319284,416687.0158261033
2024-03-21,403014.3940746555,414933.75040400244,411462.4607188335,443191.6215717009,436822.08037061995,435121.92386924947,430646.0454634483,421899.5132818321,417718.0387453402
2024-03-22,403475.3799509134,415593.8736254846,413918.63132713735,447129.8922839606,440251.98281474184,438170.2879873324,433385.3041827923,423983.6420954814,419327.4378374683
2024-03-25,402011.1244795185,413918.08287389105,411518.7905299112,445393.3086073636,438837.58999827807,436741.34698542755,431942.9818594618,422638.57330583275,417945.89630211686
2024-03-26,400709.46469336574,412100.89955287264,408816.09724533156,441989.00298806507,435658.5937578578,433712.40165210614,429109.4602031051,420255.50058592623,415711.5648561943
2024-03-27,403823.3468587756,414825.3349395569,412451.2114147981,443898.5318937654,437431.2002006977,435798.25048633857,431491.4216318288,422862.26925755653,418583.8543988085
2024-03-28,403078.96824888664,414240.6995368654,410742.67992894654,442317.08471326774,436166.10899163166,434752.17987915,430499.7585565324,421994.8747227259,417812.4995002089
2024-04-01,403932.2809984807,415093.91431831545,412318.555250773,444745.9564959364,438154.8934261063,436625.62318284094,432210.59444038494,423522.2274865622,419124.36403697834
2024-04-02,400446.3043221927,410409.08080255083,409826.51929607143,441868.94627655396,435128.7171362928,433412.9305973028,428821.27940762555,419903.07394417137,415517.8206463907
2024-04-03,403094.066344766,413003.40530780144,412957.7992609774,444948.8255587066,437909.46915119246,436152.90896002954,431408.9187415118,422557.228299412,418109.8038205493
2024-04-04,396930.46566227986,406331.12418478314,408854.6194366342,439073.93240360904,431834.2161997687,429792.6886889131,424989.8663911367,416057.9247451331,411660.1174299368
2024-04-05,401607.84241305845,411273.858325578,415515.7816893406,446205.5682990874,438417.99931836064,436046.2050294638,431033.82242358854,421794.87016462476,417247.8276095354
2024-04-08,401726.3851223307,410678.8553942713,414596.31904840027,445508.25138013327,437613.6103482279,435362.14882019314,430510.31158400635,421382.9634405607,416919.13077377155
2024-04-09,403212.5526722502,411607.1187086578,415744.8103125622,446014.48865648586,438272.27591847314,436148.60440653155,431360.33589227364,422443.7589998628,418055.3533264361
2024-04-10,401442.151333437,409611.32678947435,415996.9484256423,447124.4974918551,439139.3155095824,436543.24521521124,431412.90400129533,421973.3575796933,417291.3704575371
2024-04-11,407852.4700701966,417515.48980703374,425866.17673527444,457871.5626078582,449178.7661304782,446352.35157283465,440814.46417257923,430447.1422322735,425225.14955207775
2024-04-12,401350.52640827326,410089.39492127055,421649.4592948852,451895.29522765236,443026.2054565479,439986.420117103,434425.9454534969,423853.65205902245,418583.21211378585
2024-04-15,394747.925574237,402288.8883031037,413014.82656331116,442347.80041939544,434085.44958832936,431438.8375889625,426236.82968745835,416331.1299878649,411335.11735707975
2024-04-16,394784.56421860104,402527.9346593029,411363.9697183018,441784.5659791141,433874.0611080052,431373.0915201051,426219.1511725403,416448.70903896086,411451.6158531247
2024-04-17,391716.6363621231,398301.05239094736,408844.3432433471,438099.71088886465,430331.1479237761,427709.5817724441,422592.71593990165,412721.0893700692,407846.7830668596
2024-04-18,389481.3821694163,394523.6082907252,405567.5677912866,436087.3039640724,428639.69974160887,425885.03088043095,420725.2893256089,410619.75756250595,405724.5882309904
2024-04-19,381423.3237965504,384063.711739953,395450.32010083756,422063.73229315487,415084.10206879064,412854.45720006543,408358.3055806724,399693.3372871694,395544.83816080703
2024-04-22,385259.1942791742,389313.6087400728,399268.0900477146,427255.1537842619,420057.20110214734,417742.6434308215,413104.2142885338,404252.5873441067,400035.65991111
2024-04-23,391008.3925216968,395708.0885108039,405473.36989385146,434757.90374315326,427108.045672912,424614.5692170431,419833.9978067027,410896.16302269255,406472.9370072009
2024-04-24,394081.99279547704,398089.3063873579,407627.06567417027,436493.49071062205,428851.3567842709,426694.353879534,422070.3501444896,413059.7065166521,408746.7723332344
2024-04-25,392178.6475752884,398250.0468008742,402326.4165257803,431788.88260095124,424949.253380616,423304.93045320647,418824.4740764479,410280.18004581827,406235.1136571637
2024-04-26,398230.58545867173,405082.6302837712,411841.1789861733,445507.4206759063,437332.51136866224,434871.29940776195,429764.8553521337,420091.4110178633,415281.7481785801
2024-04-29,399847.5361447907,406690.3319945221,413564.93331063085,446090.3711380066,437957.98610451963,435718.6614093742,430811.1935821923,421220.6201262029,416413.27514954953
2024-04-30,392307.97506214463,397679.3464187909,403197.1068456932,435904.8814567507,428345.8555632073,426382.9375952797,421745.9880986349,412782.4702170053,408209.88477628294
2024-05-01,391220.3755793388,395119.8053243296,406556.4447875464,436975.5610330107,428930.4498098527,426490.0731832545,421308.5423435423,411910.5557244871,407281.49031454284
2024-05-02,396213.67949211085,400521.32772123517,414100.7226232405,444869.81611932704,436285.3208474228,433724.9372780391,428383.2409000244,418652.0919372087,413746.9763859828
2024-05-03,404176.99557903927,411340.562859642,426242.3151953629,456541.3895763979,447295.61032708816,444533.25905699446,438992.3348824559,428408.56532942946,423033.8464933339
2024-05-06,408604.00622774044,417291.16211234377,430907.8608372195,463169.2150149149,453760.6522847755,450768.9731550934,444933.1765623617,434020.8271230061,428324.5322241558
2024-05-07,408669.00340231834,415547.1381924955,429730.7226370126,462084.5280147799,452887.9209603442,450027.6631127763,444244.52003178746,433617.1192444324,427994.8612651849
2024-05-08,410176.67356481275,417901.68823859695,431455.22283404926,463451.5904338389,454392.5434025964,451706.63922122284,445948.09789936186,435310.41971054295,429676.5275407967
2024-05-09,411071.51004578196,417488.1998776455,433129.60516355274,463815.24120220897,454520.94162188994,451884.4490155605,446209.85053736257,435671.71961875167,430154.4388193629
2024-05-10,412040.8730046831,418582.83971433534,432383.15664649714,463787.4089715256,454848.1013100403,452445.7395654642,446870.4036629505,436666.93718744605,431140.0467271624
2024-05-13,412991.61875370645,420625.9439608564,433887.61708515626,465159.4317774207,456270.05565854517,453796.6433502718,448123.9311611897,437754.5375667022,432138.9498364431
2024-05-14,415648.087104956,424955.62808788946,436911.83847874345,468945.4476611536,459754.3129023923,457501.18237576506,451834.7188573236,441149.3351524179,435343.9005738125
2024-05-15,423893.80794126476,436434.25484459556,444225.6574327078,477881.0115648249,468472.3436490294,466402.2462907252,460736.9351855084,449848.4830686815,443891.21685687883
2024-05-16,423032.6527121357,434586.19899829314,442420.49665456795,476385.16447640164,467083.6429411737,465095.5451256677,459527.2598746665,448759.1150040933,442881.3105414149
2024-05-17,422826.8123618166,433528.0144962031,442168.98356379825,475552.9965049727,466272.69103461056,464373.19852277264,458942.9172167961,448129.3762521267,442254.9698894794
2024-05-20,425774.99138184433,439022.959479004,445020.6853408643,478969.6003647859,469477.2741980377,467710.35980027646,462344.8029783437,451675.34120381746,445635.7801675482
2024-05-21,426608.04721828963,439438.13667163154,447692.1514694897,481771.2216985206,472042.61685906636,470100.51250271464,464603.90570527967,453486.1757265789,447194.9224498033
2024-05-22,428272.8131674631,441292.9714172601,448281.4335379877,481854.8714430487,472271.3810671839,470498.118490609,465142.96315263514,454604.1447341434,448390.0436472963
2024-05-23,426346.28655863454,441325.64808645885,446774.65877694165,484207.2304329795,474441.69613601716,471980.3331272859,466128.3205319035,454860.26086005487,448373.0694097814
2024-05-24,430377.95486602595,445616.5284240959,452134.3084757634,490899.111067812,480656.242956716,478071.6783268359,471807.89048935525,460103.2316681818,453266.16778469644
2024-05-28,432003.8258162438,449449.58240424027,456445.891178292,498317.8835176451,487649.76332890446,484584.9613479569,477824.3948841082,464771.66183308285,457207.71520179516
2024-05-29,430707.89081549714,449629.4529822391,457932.22796019615,499583.9540276506,488653.7353623864,485083.6894989139,478063.42137325724,464494.26346235943,456709.38649866096
2024-05-30,426093.5702072778,439028.66071380506,449939.8634098575,489984.9846552337,479691.44606820797,476861.23405828263,470335.9756938774,457906.9060278047,450575.4296076728
2024-05-31,425300.8941367859,438643.007998701,449087.8103875885,488718.19031793985,478672.9771056114,475987.53958614054,469732.4216249054,457617.56452863815,450404.3746439614
2024-06-03,427584.4804313642,440948.5713491845,453604.09041988436,495290.64031323884,484422.70130698616,481007.510830417,474345.9184722085,461465.0248879108,453752.55021723144
2024-06-04,428754.5740603928,441219.4597291427,455722.2814804226,497962.25875629135,487235.2267793986,483704.04032689345,476879.3805688065,463453.2914136266,455564.39188830985
2024-06-05,439147.1601244401,454209.0934623575,466007.52162139746,511260.78569032584,499914.8482480924,496369.5155923813,489215.5302668699,475428.37561171746,467169.18171452224
2024-06-06,438995.60115228186,452924.2223072996,466418.2972817845,511165.509774475,499786.63709933084,496137.638363996,488940.7946030612,475115.1017948809,466807.97198790143
2024-06-07,438607.1543935284,452891.1895876545,466967.1656496076,510971.3465853887,499598.65661855607,495920.223875271,488725.3628685062,474866.3486274699,466443.1914249559
2024-06-10,440378.75985084,454456.22902487166,467842.4495846364,512680.4883697814,500937.44786222785,497335.26873139944,490075.93987073714,476396.4171271854,468063.74891243427
2024-06-11,443400.94652159413,460831.2898185368,478730.3155026192,520762.5979310748,507800.4411725137,503484.39424447,495672.4566002352,481042.25070420885,472357.4420099677
2024-06-12,450957.4676189255,472489.0447511309,489601.7742773787,532377.3410847222,518344.53000514593,513566.72014328215,505530.23770620034,490447.58919511916,481347.875141929
2024-06-13,453401.8215549802,477159.98464922304,491160.93910052837,536874.9998722554,523097.68387683353,518820.3214320422,510447.4748984327,494324.4992777112,484678.3378545307
2024-06-14,455750.9867503613,479011.9461099319,491503.3641776488,539512.9381609306,526851.973448005,522554.41189068987,513891.5878754211,497077.8392613655,487113.88483345095
2024-06-17,461333.8637334808,484848.47863034636,496716.70596803306,544529.3483927004,531633.5769120934,527838.757916911,519236.29280134616,502505.27831660304,492461.69964654354
2024-06-18,461476.5439218491,486791.3880428123,495141.252409563,544656.2686799287,532119.1486477046,528316.3842698116,519795.5774704345,503296.0523994714,493225.333014479
2024-06-20,459668.5436621566,481868.70147283614,492804.09013473045,540449.4194627161,528304.984590569,524385.5569818142,516156.8347546979,500084.4709220329,490278.10014789196
2024-06-21,458436.90183296864,479371.1411407041,491953.7188357168,537390.543849359,525434.0914660658,521444.0856775066,513478.0531697748,497805.84546153643,488263.57691848016
2024-06-24,453217.7738276661,470576.0284546887,486384.82071421517,528299.967704893,516422.4560397007,512570.7525303649,504963.00971025095,490326.23760322103,481210.6597869569
2024-06-25,458400.593726126,477313.39019678487,493897.3574305237,539952.4012189405,527195.9715506545,522414.8524057522,514278.0652881762,498664.3164006794,488912.64526697557
2024-06-26,461096.20840720646,480016.7075637297,502587.91421384405,547537.9469883759,533955.5448877261,528485.6768858325,519854.3937302936,503242.3789839452,493003.39948395255
2024-06-27,462286.46333742375,480974.30303338077,504680.49965600745,548511.8338214115,534998.621983681,529495.0225937932,520891.9903579765,503811.5816634514,493563.0440043256
2024-06-28,459886.78210254986,480800.8907508207,496942.6578639932,541319.0044777564,528967.3255861491,524316.0810921068,516182.1464912547,499856.49467267474,489902.46934114886
2024-07-01,462584.10855572723,485520.63357722707,507045.9084786605,550169.2269069123,536628.6844791272,531378.6091056674,522638.6843858818,504904.53241672897,494395.3042817861
2024-07-02,467441.04441115586,488747.6434753562,512424.3066350549,555413.891018323,541610.7071457322,536426.9984164856,527633.7167313888,509610.85437294433,498932.74668919685
2024-07-03,473087.173284998,496142.0287800055,518260.20303223014,564788.2683514634,550734.8742380687,545381.0492872072,536192.9346701793,517157.1778232232,506000.7453226657
2024-07-05,478019.9486588173,498669.2437634046,526190.1567666215,572155.1325131706,557419.6524422362,551744.2885705193,542341.0152316787,522604.64603371214,511163.79918607976
2024-07-08,479156.8332729102,502016.416566644,526901.6107806999,573453.3099520791,558727.934015672,553384.9576953412,543996.4027506553,524263.7210956495,512663.72202788177
2024-07-09,479571.0380555313,500945.3460199378,527396.8223293741,575915.0032078138,560998.5507582438,555395.6396970602,545871.2091374209,525821.8398437077,513977.97354499006
2024-07-10,486320.3320550632,509572.9847112869,536773.1524905253,586064.3535588842,570470.8057117605,564495.745556226,554674.785797872,534273.999441494,522158.5468086052
2024-07-11,475655.29034932196,499756.82778530533,520371.5923209571,565799.9484122632,551508.7799537312,546304.2574142826,537303.1678966231,518929.1913568056,508101.24007532146
2024-07-12,478449.6455362152,504408.89287861186,522155.5901756504,567750.2620673224,553618.4170167298,548503.0853077618,539689.9369449139,521653.73527437466,510877.89674235124
2024-07-15,479735.66738273297,506995.20740913675,524126.41219408624,569371.8518873234,555257.7722278815,550408.9184740366,541648.2069536166,523253.0146242994,512269.5822447196
2024-07-16,479919.3847893783,507608.0769248825,521433.60806978727,565439.4377558918,551818.5772915885,547477.2927584968,539179.3586954355,521646.74663680885,511194.102908214
2024-07-17,467580.41496452683,491068.4255875374,508296.5856654184,548304.2606656313,536111.421129559,531823.0267890723,523844.1816630648,506782.09371956077,496992.2895775594
2024-07-18,465367.58860200475,488515.0822337519,504161.67090807465,547132.9664906164,535130.988886005,530910.247133924,522659.2926544482,505075.7884538173,495157.0870264718
2024-07-19,461242.67988609965,482717.21228777274,500881.26370202954,542095.7123652995,529825.5758062236,525321.8887053428,517249.0051192754,500277.12969395216,490484.5855416239
2024-07-22,468114.2220985009,492332.45335198543,507044.61229685077,552135.8132562087,539288.2063113236,534678.9522011387,526438.0116131994,509055.82709571946,498963.95521118835
2024-07-23,466464.2346436982,491422.3512845541,509436.8858488818,553324.5778383305,539803.4701012082,534854.9590563333,526308.7454353801,508209.4819810977,497764.46222242847
2024-07-24,451480.9923135053,473881.88778995926,490210.9604760291,528759.3666113239,517043.86908704106,512868.85603717266,505188.83453979203,489395.80044486147,480062.8954748848
2024-07-25,446502.245131017,469424.38508832594,483527.0804696373,521134.85593224596,510153.5032219351,506031.99879403587,498442.29373541026,483050.1917183683,474138.5994237904
2024-07-26,451081.53878260433,474981.4228431747,488186.18769236497,525846.3782967164,514899.63179997203,510935.6541018697,503405.51178743393,488171.02119612886,478843.3228140671
2024-07-29,451987.6705893548,473230.4639557582,489488.79885276913,527110.3350126583,515894.1181444451,511764.38618955965,504226.93557589565,488988.6886036212,479688.23587810964
2024-07-30,445781.23767353955,464197.150519558,483500.70993215597,517476.83096570754,506602.5253278906,502504.3347171405,495283.2437108455,480871.06958351657,472141.9546799779
2024-07-31,460722.58703149186,482185.9929536968,496572.03458408563,537768.8628614899,526674.3548932836,522785.22294625465,515075.60727002047,499309.1964458612,489703.92555763543
2024-08-01,449563.1678330405,464757.920104409,488527.25226212246,526445.1313636778,515110.5791116458,510511.32106481545,502745.9485900876,487076.89959264384,477851.90230770624
2024-08-02,438892.8236864553,453357.22382100415,477096.7107901918,514469.7848252834,503667.65926475794,499148.7729680746,491421.83852275513,475677.0865119907,466723.65030815324
2024-08-05,425806.7525119693,437491.1929290247,456755.10436584055,492347.42899779975,482792.85011650197,479412.96019737807,472492.8948707936,458825.95111901587,450713.8816717784
2024-08-06,429875.35334624484,441837.63188690157,460141.4580569138,497992.3508761848,488291.59822561557,484835.51863381156,477725.85875367816,463791.53210497147,455639.0661517457
2024-08-07,426968.9230447569,438450.7435661096,460098.7015092852,494155.1684547647,484298.07716889144,480543.75012017327,473442.44255923113,459877.42322123423,452027.8715429143
2024-08-08,440030.33181553346,453638.8529285002,470519.69878000236,508517.9217246074,498713.6842910138,495390.9534191459,488200.2843936697,474220.6989981709,465893.18070578744
2024-08-09,442328.3350548553,456528.1449274535,474843.62978418014,512759.7645342542,502517.20894728735,498931.37835181155,491406.8376467569,477070.3602281186,468529.3413280582
2024-08-12,443280.9201817118,458897.5681337348,477714.2267353675,516561.079612692,505924.8770921528,501974.7583357306,494211.08494086517,479303.5177727549,470469.4745399981
2024-08-13,454279.9103042428,472159.3427840125,489392.1543116376,531405.8701791418,520178.4372775672,516009.6692742836,508399.1834759687,492654.89009797154,483173.6059491251
2024-08-14,456176.28197661083,475987.9817566123,492158.73898116,533762.9336580018,522823.94208265655,518531.4147647433,510727.05067952024,495088.2701804126,485526.7766194881
2024-08-15,467700.75226603996,488794.0638923502,503093.2837462423,546844.6616459008,535817.1740747027,531497.3190999102,523426.8858597721,507322.2677955652,497463.4589687497
2024-08-16,468302.0385035027,489923.29141579714,503636.70120219927,548155.7060504066,537340.8380502715,532889.3900365873,524698.1370407864,508253.7866240399,498368.2841514435
2024-08-19,474453.6732864122,496749.68079410645,508908.4631601808,556660.6816168788,545894.0127552729,541211.0578678309,532773.2598836214,515864.9192278889,505671.7668061251
2024-08-20,473457.98125699087,495090.12800746574,509112.9058219644,555218.3927608272,544571.4621447372,539921.7561979662,531545.0301425187,514619.985393855,504353.4563298004
2024-08-21,477415.23388631945,499653.4793973565,512056.3520832685,558744.1881162961,548097.0832038345,543567.0581566272,535252.9318313448,518417.060050137,508343.30307512765
2024-08-22,469845.89280185197,489197.65631328034,502559.9165126213,547431.4450160622,537270.9219035206,532958.9694608332,524891.6257391203,508801.3593683846,499119.3290901347
2024-08-23,474941.5614664131,497910.86866475164,508526.953346417,556031.9089355239,545602.2629400091,541122.9295868926,532598.5010827408,515686.93537770055,505820.987251643
2024-08-26,470330.6942323307,493198.03337358596,504684.6448352998,550586.1161653235,540514.5752420747,536002.3940027875,527604.8516304509,510676.2203065285,500972.0245171051
2024-08-27,471735.73870070424,495498.69847812445,504739.8915102274,551245.516401984,541620.9679223779,537546.9706745434,529321.5943784182,512497.63764200226,502708.6138608029
2024-08-28,468131.739337316,490714.8716383691,501281.3826429931,546350.9004053661,536559.3118392719,532434.0488932582,524351.9684497785,508135.5986336061,498550.8879447469
2024-08-29,467446.510882135,489405.3620800952,500742.96749547776,541430.9398114422,531852.8933670978,528179.9146833633,520472.7542894478,505181.85862137965,496019.44547884946
2024-08-30,473018.1387090518,494488.3379887333,506227.56109914853,548120.9885595941,538441.0889791839,534995.9591760945,527197.5712580854,511594.05708134465,502221.27128302684
2024-09-03,458656.9153301265,472708.95595603524,490495.34581227234,527273.8022536042,518512.80965974194,515218.3322308729,507902.32986827235,493333.34595283185,484804.075026101
2024-09-04,459214.0839529808,473441.43072673463,489010.6223674513,526245.4315711483,517939.07203387766,515081.0455562046,507911.39293276315,493672.7058354927,485201.97453259135
2024-09-05,459642.8273131135,472386.3900218889,493255.567829628,530729.5677757948,521802.31440304726,518307.977570096,510725.0014392872,495405.106026162,486508.5946096383
2024-09-06,447330.220368534,461041.38562827883,481259.7196703596,514451.7866555642,506093.7395678228,502445.1253391807,495400.77214778867,481475.3808700121,473299.8439035274
2024-09-09,453082.7861500692,467267.3033233355,486464.6215500076,520810.4383339398,512580.08407650585,509117.91414993897,502040.63230040815,487847.0192919873,479471.3553213352
2024-09-10,457270.0431928413,472005.90188122407,492122.17502128467,527053.2590393823,518443.92754264513,514957.7057920425,507707.009611862,492809.12623024976,484153.4494218581
2024-09-11,468948.90077560575,487356.9995051872,506404.8173552547,544702.2355000757,535269.6722893303,531452.6440952473,523775.767351404,507478.5117974049,498028.2568844517
2024-09-12,473552.0624687477,491106.0150877019,511736.19844273204,552262.3792650725,542658.0350218243,538524.7044994109,530408.5662324679,513227.8923061235,503358.1016282483
2024-09-13,475673.53087897605,494004.6320793262,513094.98816105194,553984.4933026067,543769.5842029307,540007.5328670247,532052.6864355546,515250.07688189513,505494.1430725662
2024-09-16,473572.1110016671,491106.0150877019,507508.8447920763,548665.3340530015,538838.2377035373,535390.745337429,527685.2453569385,511533.7838915294,502168.05176705046
2024-09-17,473822.2079546953,490854.3659794374,509733.21898576693,549946.2629906163,539643.5163771673,536033.4406188743,528299.7832002277,512125.5246006076,502695.1648804536
2024-09-18,473519.8075397076,490338.2094104652,511553.1362320666,550490.9910060987,539655.3971275779,535753.0162584804,527925.9622849945,511673.52753593266,502273.4311184947
2024-09-19,485492.4127195319,504839.43796900637,526377.9049284104,567169.3077904513,555629.4673975885,551482.2161712743,543288.5948839675,525882.7102563034,515835.2311053727
2024-09-20,484568.34249566356,503071.48106937984,524816.083590426,565468.952802254,553958.7548969229,549882.7105354759,541549.6699971993,524023.06394005014,514096.6033902693
2024-09-23,485852.7948358297,502897.2291250778,524716.532473704,566315.5515676937,555276.6647338413,551366.6052944042,542991.954066484,525291.8490029246,515232.0540605593
2024-09-24,488196.3172909732,507434.8635256066,526660.836601599,570539.5482547148,559461.417474964,555300.5201233338,546675.8525209811,528559.2905444873,518371.64744688297
2024-09-25,490397.9793540878,509523.62618440745,529747.6932940899,574963.8111750404,563718.0818408403,559372.5435701754,550479.7346535844,531936.7431634589,521515.1346537747
2024-09-26,494082.37887556927,515842.0514920294,530082.2590058498,575791.762673683,564609.0141579787,560729.5080904978,552295.1207129566,535101.8374816572,524837.8521629972
2024-09-27,491336.7458687078,512014.47498742153,526776.7046093298,571987.3824725543,560899.326664654,556928.9215861808,548551.7710182043,531597.4396485522,521623.61923453864
2024-09-30,492669.20372022886,513379.9049355185,531154.968805258,576001.0419686289,564447.1217332217,560074.3322689903,551442.6244387074,533866.1158215796,523685.07417923666
2024-10-01,485805.1212030751,500477.9489552927,520516.5103868591,565522.4707827336,554370.656934579,550130.8959035305,541768.4933577497,525050.6842342832,515378.9255770652
2024-10-02,488240.5668217156,505378.11722898687,521532.7036870531,567012.1518519939,556191.9926050672,552271.6860192879,543945.4239921635,527416.6891268424,517793.0988039353
2024-10-03,487875.87695478747,507363.1804039655,521612.9944194838,569223.654265728,558206.2306112585,554028.6802196,545434.5471203469,528326.9561566005,518528.1075998278
2024-10-04,493680.59166578297,513862.7425006923,526980.4336115075,576366.5843302924,565249.6105558097,561043.5697239246,552308.7473896072,534767.8715078448,524686.8885985158
2024-10-07,488392.49490893993,510173.8266791844,518300.26508076873,568964.19000545,558245.5255517063,554262.614956799,545743.7842396115,528663.2244870537,518752.6878906473
2024-10-08,495686.41716268274,519475.4431076205,527519.9069024404,580339.9366383767,569469.258640185,565165.0765619552,556183.463486228,538135.7170291661,527695.1096817423
2024-10-09,501335.68129504775,527038.9795809513,533157.8560243283,584581.469853003,573931.6632069009,570108.710408772,561264.0506982581,543479.5160428211,532970.8530728122
2024-10-10,500766.4242726025,527514.953288403,533555.6266713766,585467.5947528413,574696.5912732802,570406.7138012301,561256.647454599,543310.5657657048,532742.1906510924
2024-10-11,501549.12525760627,529145.2133874312,532909.337862848,584047.7702503885,573317.5074199293,569171.0379672805,560316.8298851561,543176.9889736653,532981.242549808
2024-10-14,505757.92932506953,535701.820334642,538090.9103760495,590317.4695698378,579276.1079458956,575005.0640732183,565996.1584793935,548548.9995480786,538220.814277594
2024-10-15,498997.54386346816,526043.1703675138,536014.7004825209,584680.1958187738,573378.7336328464,568763.5923027167,559589.0926162748,541196.6778657399,530926.9080657529
2024-10-16,500807.5654408946,529739.8248112479,536807.1887142967,587491.1531177113,576548.1948638785,571785.7550838778,562372.0008081067,543811.3327377486,533554.5999118469
2024-10-17,501154.4049028594,531826.3811814461,537964.9011403185,588739.5604793072,577627.7833382747,572924.6079025709,563389.083215134,544504.7484525462,534086.8776496337
2024-10-18,504439.3321708796,533656.6737459193,541618.4879946486,592156.3877865874,581570.067887802,576795.5540234535,567327.4076654047,548392.1459679569,537809.9774626535
2024-10-21,505408.4637058663,536636.3184545584,545868.5593960886,598290.1376534395,587219.7230900839,581693.7723466372,571706.3573114529,551625.3985768433,540575.3963673756
2024-10-22,505959.3689279807,536265.0595978244,549055.3169437757,601068.1355534238,589414.3635260739,583596.3220561973,573513.9881501554,553104.4986670155,541849.8595147067
2024-10-23,499955.13421037496,529685.0841849925,539988.2419459186,590355.1590672858,579532.6327903866,574389.7271075628,564834.7362444309,545422.8005335316,534650.7378751343
2024-10-24,504009.1518417029,531485.9106479381,543667.4936269046,596174.4122108073,585015.2895235772,579881.6911203808,570120.6913078541,550182.7896368676,538995.4838623652
2024-10-25,507080.41079096246,534005.2993975593,547939.7870388621,601469.3624379655,589694.6867073762,584188.0789250262,574281.4461456498,553890.5850957375,542417.6290467567
2024-10-28,507162.3047179387,535096.3504892293,548669.5480550794,601528.817932026,589486.709768239,584042.1706092,574202.9870840965,553757.5832115388,542418.7684987778
2024-10-29,512035.2616190291,541421.5105721673,553685.5953845556,607490.3809399401,595167.2612380651,589933.6301606876,579974.3652823762,559228.4539481844,547609.8825819351
2024-10-30,509914.5825796928,536073.6363432403,553530.831000127,607500.2492342254,594536.2249468927,588516.7027065688,578276.7746250712,557488.0991161816,545864.2512794083
2024-10-31,497042.9405338784,518255.56392843195,532806.1286034755,585572.1031428552,574604.0563827476,569729.6644069247,560556.3458726174,541694.3500411883,530849.4040948666
2024-11-01,500720.4892130262,521966.8547006986,538314.795026193,591063.964488172,579729.3617150493,574634.9115581241,565431.8225533162,546218.9314058733,535239.2413972793
2024-11-04,499261.81352667283,521459.65208007116,535366.7856735117,588067.8438402511,577094.7498185211,572122.2926458946,562914.8454714481,544081.3035158656,533266.202136213
2024-11-05,505630.83307420154,529015.7829273909,542572.391938398,597327.0419511212,586015.6142186705,580750.2687197617,571228.5691901995,551994.4411028012,540711.3844609263
2024-11-06,521114.4063304643,547336.9489904767,556507.9123624215,615838.3131932032,604385.1428628867,599296.1328127888,589484.7138809445,569011.3662985758,557223.0575748277
2024-11-07,529318.9566961767,558551.3374032002,567228.9314367513,628521.6263790999,616047.5607341677,610500.2204635249,600372.8789341213,578484.2114034175,566143.1054626994
2024-11-08,529937.4618310388,557569.1658709695,565270.9319320973,627378.8054757765,615251.6321250934,610135.8443728102,600225.7840970401,578528.1517895106,566250.26688273
2024-11-11,529628.2728108321,555292.3736076643,561270.0891950278,624648.6611545542,612993.9678621296,607820.185203438,598212.8197227695,576947.8261989527,564987.654780737
2024-11-12,528669.5676102673,556265.5913390139,564547.8448479748,627679.4045872506,615931.2263953026,609841.24317687,599621.4947142742,577481.3314288588,565338.3391572967
2024-11-13,529738.3961441473,555773.5106666454,567969.9128702292,628627.8183632506,617002.4947086392,610688.5194993954,600445.6554451267,577943.3703153738,565905.9114881455
2024-11-14,526056.833567312,553516.3116595761,567930.6719118891,626289.5066111719,614482.8265932002,608030.8367925453,597818.825143459,575089.1859483424,563000.744141644
2024-11-15,513523.0521845316,540054.1766411192,553465.596564076,610589.7557084424,599183.9055401009,593070.93787864,583119.0258951383,560988.3851160172,549334.0143477399
2024-11-18,517090.87097186735,541639.4839560544,556022.0010307496,613523.0568937899,602162.1424381762,596376.7143027093,586430.48662526,564250.4766344426,552469.7192301513
2024-11-19,520648.29724928807,548312.3884470718,563128.1810716841,623912.3507353469,611745.3346610175,604737.2629468217,593875.8799569777,570215.8101826495,557877.1505471646
2024-11-20,522097.3871395313,550643.6310309592,562795.177257926,622852.7957799106,611229.0354395524,604122.9447224087,593428.7599769707,570501.7093523645,558442.1639957603
2024-11-21,523975.47809614195,556448.2276848634,558557.679419584,618186.3068727434,607888.2383657305,601576.8980821486,591526.7579813439,570163.5717909836,558730.3822092373
2024-11-22,524815.9106849583,558514.9367360605,557749.9644511496,615156.0676690214,605460.5357863867,599558.0709348478,589614.7028064352,568728.916032416,557727.4429953952
2024-11-25,525645.9798043636,558254.1795918222,559342.4708151652,613448.7176258981,603325.842531144,597779.3761604164,587930.2507028613,567905.0221950182,557450.9951882603
2024-11-26,528468.3299600017,559943.5453598794,567992.051241302,621117.333151928,610215.1019657478,603901.1212541097,593400.3897088376,572476.580807722,561677.028212271
2024-11-27,526056.435227464,555932.8425542626,565410.1788680425,617728.2125859023,606972.8053106298,600723.9075108157,590466.3475992987,569694.5111297743,558871.8782396809
2024-11-29,530678.8776233463,560881.4033631791,570823.2675474848,624573.81515516,613639.2034967435,607304.0033294489,596918.0280910828,575436.3828162517,564287.6714390476
2024-12-02,536456.8503864069,566397.820896773,578842.4707780576,633411.7914169056,621759.3189661908,615091.2418447002,604314.2138583749,582231.990937002,570657.5526528521
2024-12-03,538101.6663164911,569336.3130827033,584202.321772022,639007.2326055894,626630.2596776433,619365.7044267353,608139.6701060749,585034.1142699209,573097.8674771929
2024-12-04,546503.300237819,582622.9590644161,594076.3493307797,650933.621250836,638065.4686945978,630184.5517423244,618498.8856539489,594570.7110001456,582478.6197875827
2024-12-05,544988.8119267111,579711.7732307615,596849.7822582239,652831.5105998353,639764.3791993525,631380.4927138354,619235.426997434,594157.716961216,581604.2650600089
2024-12-06,549866.2756215023,582722.4107213177,601237.6946873864,658215.6394450358,645027.8818881549,636731.5971241983,624268.5870561268,598699.539876141,585997.4265552268
2024-12-09,545584.2402180722,578373.7368446174,602000.5855442814,656297.5939448267,641720.6877424308,632895.7901223314,620284.7380492201,594649.7504296884,582120.111643544
2024-12-10,543724.9997633558,570074.1400970911,601645.6554001413,656915.6804654087,641822.5874407737,632514.3997249465,619801.0810122833,593763.3010332487,581036.5882820379
2024-12-11,555208.1993367744,580547.6931274633,613561.9568510074,674254.2096401362,658159.7471891568,648508.8026423672,635242.1801096892,607785.2067770772,594197.2281659497
2024-12-12,551624.8565427554,578026.6632354191,611959.0276902871,670015.4307635152,653078.7294488464,643573.370167331,630579.3906108184,603399.324666969,590105.6003683971
2024-12-13,555847.1730346949,580756.2354337495,611194.4306482205,671817.877746748,655453.1558790231,647801.6332112012,634368.1249492378,606314.1054760446,592688.7119748691
2024-12-16,563851.8495025471,587593.6670633693,620187.2365133208,683164.4082306434,665722.1402159681,658375.5133851832,644275.8201254234,614859.3978790492,600548.4880219062
2024-12-17,561368.6886760755,583975.3632066281,621107.1607745755,682364.6599008081,664310.6099101127,656239.4195717192,642215.9639393674,613031.5756260061,598589.9962824931
2024-12-18,542865.3228022952,565801.9960088256,602074.7835490437,660627.4030524764,643683.2241130187,635819.6859172045,622322.3446188313,594159.4234219872,580264.3433535849
2024-12-19,540447.6881484073,566284.7311318847,604759.9558844978,662501.4572058733,644988.673725829,636407.1313991332,622585.8349028974,592942.7627109052,578932.363377977
2024-12-20,545167.1855016124,575228.0904271491,610232.4995502064,668402.4428016496,650995.1767213175,642331.21250051,628328.6936118822,598430.1025264814,584363.7466547857
2024-12-23,550478.5681876313,580546.7950521822,615770.6397002279,678342.6313394775,660579.6536683037,652074.8869147688,637650.9837999204,606784.5197199223,592093.1321907645
2024-12-24,557942.9916901399,586922.0214008685,624153.2630425551,688456.272011822,670446.7799890394,661897.841815931,647190.70616682,615400.5834061145,600276.9356967082
2024-12-26,559313.0254294599,589690.9497025439,624561.2185921061,688688.5187403285,670876.4938124472,662640.2248115347,648022.1744839331,616365.2285398048,601273.4544412149
2024-12-27,551878.0377367642,580492.5395888861,614275.5435586382,676678.7499344887,659556.2558541195,651822.0658184533,637716.3466190941,607235.6373610677,592642.874487764
2024-12-30,544538.0253616202,573249.0000043288,607202.939481547,669190.5806977482,652286.8665324908,644290.7443022989,630212.5301806822,599887.7287777966,585512.0223163966
2024-12-31,539912.2853488288,567978.4607059899,600496.659890251,660484.1389154351,644162.9290520826,636582.0107036862,622951.2810552168,593709.5252772288,579768.7234525742
2025-01-02,540867.5703109441,569569.6902401558,598966.9371709096,661170.0423511307,644911.9158812057,637242.0609171243,623635.5817722897,594783.3962709898,580912.689074351
2025-01-03,549719.0197279903,580166.4881190846,607901.3059176791,673939.7710733734,656612.3332686926,648388.148061716,634488.9226691679,604935.6038251885,590757.6212822457
2025-01-06,556036.8229037337,588123.1835316591,617629.223778935,686696.397625634,667970.4975091552,658800.9613524033,644258.3668795851,613734.4774935048,599047.8332850543
2025-01-07,546114.7562441614,575188.8782460996,603800.7190879188,668762.289374997,651185.6322160622,643079.1985943266,629441.7583796176,600957.0620302688,587096.5210302623
2025-01-08,548221.5411326119,576586.0328030656,606281.7179420996,670517.531118478,652996.0173776775,644973.6830575278,631375.8261208696,603031.90963942,589338.5750330095
2025-01-10,539624.8345627892,564296.2853635044,595955.7234163181,659673.3627115412,641931.1153050575,634069.7273811838,620767.6864293659,593003.2530090316,579754.5350281269
2025-01-13,537890.5942772998,559678.557750681,591734.2682605556,655108.7193294675,638054.6571810443,630774.1180402132,617801.9153864896,590375.009487294,577346.3982082574
2025-01-14,537379.8706314259,561012.2740179814,587775.1052113668,649849.6013405003,633334.7586348115,626579.5707306456,614028.915904097,587711.8021308342,575065.7953700033
2025-01-15,551754.3289002391,575460.6272517948,606115.6488045712,671452.3239222643,653524.0131031966,645894.5374963772,632677.5943913828,605114.6001824739,591547.0419924636
2025-01-16,547888.7714518183,570632.6515234933,594323.8152258482,659678.2645165898,643136.6959107764,636118.8098077253,623524.6545985257,598024.0954432281,585381.4158566927
2025-01-17,557136.3338217514,579226.9066468652,603616.9532999396,671632.8072399548,654951.5164420134,648028.8636113703,635063.9614804403,608537.5489977361,595328.974338128
2025-01-21,560404.014879238,583962.4795687963,602652.4962869198,673633.9432094248,657533.6493149182,650919.3361151962,638031.5128811012,611537.1797754262,598395.1882384943
2025-01-22,569580.4894259438,597669.7971314394,617131.9566319862,688205.0236948071,671998.064923503,664661.5195360761,651113.4704563132,623131.1778500965,609332.6005018153
2025-01-23,570791.4295081082,598660.8041845977,617974.2976436195,689300.4573268868,673413.8199761489,666176.1480122987,652584.4515659881,624554.4474134988,610792.9323743124
2025-01-24,567565.7959446526,592908.7857023247,614598.9969808912,685549.6250508906,669747.1350417032,662469.7241567905,648772.1390971922,620601.4018368577,607154.3920824486
2025-01-27,551041.3912239233,562019.041216811,599093.6736811535,655535.6800312824,640389.1143490705,633721.5232998475,621827.6404261166,596823.2727143604,584887.6280516312
2025-01-28,559185.5866223645,579552.6150642273,618681.8012554027,677442.4652546344,659975.2586466607,651349.2028018452,637989.7940739288,610052.0316416284,597146.8403763272
2025-01-29,560146.8863325808,576126.9223561863,615934.2242643659,672710.0483518853,656123.56683879,648469.9214889506,635778.0542188548,608865.539973266,596208.6118812681
2025-01-30,562534.3978901303,576182.7232941997,607439.4022484338,670800.3047533612,654847.7649592588,648054.5740309423,635663.8402660777,610086.0224606483,597881.6965311872
2025-01-31,561717.0235604183,573124.7519306624,606311.2924437742,669215.3194438098,653158.632478998,646766.9955104365,634365.9262227112,608702.6776508595,596441.7828999468
2025-02-03,557221.4978471207,564982.4412611336,595615.9624031327,657884.76243889,643171.0073061383,637566.6724335204,625699.0063790231,601226.5723949154,589566.8735663859
2025-02-04,564061.6373642096,572557.7184479632,604934.1246765271,668374.5150772692,652778.1556094426,646773.3894030676,634368.3777718538,608590.5377933383,596318.4643789713
2025-02-05,568632.6929264278,582646.3328061207,605084.1654586464,668680.7914794141,654641.3802298966,649655.8677631135,637567.880385118,612790.1354927912,600835.4432131167
2025-02-06,571600.8197314291,584828.7898275102,610138.5673568315,674607.0927052952,660106.6813773344,654402.7803938114,641712.9493936135,616474.8645154046,604354.8884159222
2025-02-07,564390.8698771513,579251.2022522842,598166.310715696,663324.1324193288,649901.0690740718,644362.1024916456,631989.1667612258,607772.0827591002,595984.1661344408
2025-02-10,571223.0025740541,586535.611060546,603612.4456570689,670383.7189485987,657523.3205667415,652532.1072542947,639943.9832923183,615131.7032324709,603026.3785254105
2025-02-11,569863.0734002426,585770.7767918895,605136.6388590473,669501.5573046537,656595.9135851315,651714.4117108677,639169.5189782644,614001.8578935682,601864.4541765853
2025-02-12,572208.998409888,587017.3570231545,607276.2059623996,671300.8686475962,658662.4331329076,653867.6701610768,641391.663502669,616315.1737202682,604031.4056038132
2025-02-13,580440.624696149,596123.7519280628,615923.6282381556,682149.9686382243,669266.5627720034,664194.0695156087,651409.9936493217,625864.7904618515,613029.0468613957
2025-02-14,582877.6644977834,598856.4870340422,618874.7772497376,686058.6975217505,673233.5191588195,667843.2392493996,654589.0610766305,628545.724239544,615523.2535373493
2025-02-18,584199.0555594563,602815.3815994811,616772.11569514,682842.9200361825,670209.1475665587,664961.2354233346,652236.9400357169,627901.4180421757,615248.7091180768
2025-02-19,586372.886511704,604414.9709651282,620606.6209360164,686294.3093096545,673626.6895145049,668643.2176032251,655992.828302822,631752.2351571626,619038.1115249442
2025-02-20,583883.974097182,602396.11123593,619795.9419119689,684657.2647189706,671878.275708106,667000.0385468458,654562.2236397804,630513.6596760488,617675.6364738394
2025-02-21,571765.6787121764,586085.1117678273,607633.9826434681,668869.4960137245,656878.2780528853,652317.5507739758,640396.1458389314,617698.4395306235,605257.5835335795
2025-02-24,565016.4338255009,577539.9250216249,601043.1973108187,659375.8304725637,647652.4334748588,643187.6854748316,631815.1951906594,609940.4800615828,597985.9464704124
2025-02-25,557897.6051135908,569004.2590212587,593614.3435851693,648327.3801397637,637607.1726087626,633710.0724233587,622752.1863416717,601658.7102509325,590226.2496231564
2025-02-26,561256.643749068,575260.0224040358,595280.469289889,652475.6033253703,641581.4420772634,637854.5959628227,627046.6060210014,605839.2909829405,594344.2027897841
2025-02-27,545669.8358717244,555000.0682594461,578184.2854468066,629826.5647825394,619973.4166448103,616600.6973982346,606558.6303655517,586953.9328100033,576275.1770749041
2025-02-28,554286.8084556006,563961.4568234739,589168.7711813458,642751.9161790294,632429.1619085252,628804.2363818609,618416.8131197658,597788.3598057447,586562.976548649
2025-03-03,542157.5923831778,545001.9674266565,571013.4888553577,620381.8730917533,611758.228686376,609181.0043402764,599824.0788528208,581535.2516766452,571229.3226663842
2025-03-04,540521.499566917,544851.1855484252,569249.8153944309,619351.6486969946,610611.2812538351,607773.1891543226,598216.9199981318,579526.3669014211,569184.4972397151
2025-03-05,549579.130551334,555079.5760600663,580384.6096966148,631267.5838927444,621958.4372838779,618898.3672115197,609126.6039160267,589913.0523115088,579125.7774457561
2025-03-06,534460.512853564,537999.4257543143,567652.2952113174,613989.441493075,604623.5623918287,601727.03050763,592466.7316058553,573957.212523346,563709.8137476208
2025-03-07,538390.7166546221,544629.1310906651,570903.1238421096,618559.5453239422,609078.1243167965,606681.4415057153,597472.8415161141,578676.4249607073,568247.9842136577
2025-03-10,517524.68929703836,520228.75862872944,546192.12809036,589682.1693928557,581823.0385209153,580359.0791243605,571970.2189668196,555194.2285620389,545884.9387223348
2025-03-11,516287.5445512048,518620.9621014198,544300.2328792405,590110.8062710069,582171.4853920887,580275.7687613474,571500.5157273214,554041.1919737468,544336.694209855
2025-03-12,524123.0643733812,528283.5036811704,552222.4394345882,603230.3005518649,594716.1185920913,592115.7779223125,582717.4576597429,564162.0076101488,553643.0843207224
2025-03-13,514693.80407223257,518770.781876736,539673.8518834076,589724.072240498,581292.3191999656,579357.4886593242,570581.0815760731,553177.8391850804,543092.9549322157
2025-03-14,527134.1853081945,534501.7806690162,553814.9125843148,606408.876984002,597362.7759569789,594791.284199329,585571.9996680453,567400.479827007,556842.6019756034
2025-03-17,530551.9932571407,537672.6101549803,550889.5379394044,602219.8914819586,594558.6793875225,592889.6843624403,584157.527249665,567493.8276605,557604.4253153566
2025-03-18,521507.46888295165,530039.7280928963,541169.0544718672,588923.4063570695,581809.3577076711,580715.0282901437,572594.8794734194,556919.7414918911,547578.7543284135
2025-03-19,530497.2762381947,539237.8087541768,550864.6168389589,600094.1288067955,592619.7190300666,591282.3072423099,582705.173756002,566329.949657271,556717.4637279392
2025-03-20,528699.1621142647,536217.0710494659,549607.3146031341,598953.7673696575,591304.0872949745,589693.7312242719,581200.0930975891,564820.8063626988,555140.4660807803
2025-03-21,530442.1726860877,538027.6516218347,555947.9483782395,605072.3232795044,596692.3964537969,594665.4758745588,585783.8283554659,567959.0860189263,557793.4531938247
2025-03-24,542082.3651849622,548300.1389784012,567480.0714927326,619969.3891274909,610821.3392011044,608302.6482363914,598938.8557962922,580300.6750791289,569737.353967966
2025-03-25,545175.7692758878,550608.1446651672,572460.1732846122,624937.2961918915,615519.5432413241,612508.7886627836,602900.3896430766,583764.9895397564,572906.2535525988
2025-03-26,537155.5298950598,539376.1071353983,561274.0012957742,609316.6984386478,601200.4546237757,599044.5828536825,590327.9315227603,572892.2044222829,562989.4787561577
2025-03-27,534094.8021972332,533668.2490052036,560408.7662355468,605690.4890792113,597780.8550346296,595603.611538974,587068.053732654,569886.4860850833,560165.9952972595
2025-03-28,520033.2850630463,520260.43941767816,542947.2828504182,587051.5677229521,580156.165992058,578519.6699882715,570519.5502340975,554412.5189936082,545157.4736489692
2025-03-31,520011.1335353709,519436.95385662006,542657.8477986213,585959.6399135084,579369.4345232772,578108.8062294839,570380.934633818,554185.0568697363,545035.3489936228
2025-04-01,524202.95231557905,523803.9369893142,549449.5563037887,593857.7275098017,586402.5215538801,584506.2044902452,576317.8733089956,559345.3633114473,549935.6202596113
2025-04-02,530040.1850460888,530124.9724474692,554778.387068051,599768.8274807064,592156.9674194657,590237.1941492502,582024.2911960599,564955.8327145338,555533.5650206736
2025-04-03,501665.25220198225,491728.79696129484,516150.60083763656,559395.2505498227,554527.9444444254,553733.7513656798,546594.8014121098,531791.8698033959,523668.1966917632
2025-04-04,470507.37588432076,460100.5252905871,487723.2264910658,527925.6736739647,523022.7108110886,521735.20443136373,514697.67957003845,500549.93764150393,493142.82447085914
2025-04-07,471642.80970604095,461407.92236985156,487005.49637388554,530305.7571422895,525249.9132848271,524090.8772394783,516808.3504994296,502509.4380743579,494687.23970398906
2025-04-08,463149.2064272667,452188.6195317324,474814.42112777714,518950.9073910163,514644.67484282365,513654.24411627767,506335.4543036754,492524.10639631486,484958.7877078538
2025-04-09,520752.7595744138,515158.9879866741,541914.5021156006,593798.784979273,586338.5468714955,584181.6449543976,575118.7175459802,557181.1884821414,547371.2315417532
2025-04-10,498603.99273152294,491986.5255161816,518108.1805238656,566100.5394609519,559924.6501244343,558016.841598504,549350.8494577684,532527.9999819696,523679.1554438035
2025-04-11,507789.85578831454,501994.9174229901,531544.805282555,579651.6931587283,572495.0566340187,570147.2036276278,561128.4690236397,543577.4402163491,534371.6768281853
2025-04-14,511231.7555836927,505536.7712115841,532583.0482306369,580164.0731829396,573424.7229016506,571352.8480958961,562564.9193666088,545478.0579471089,536491.5458702574
2025-04-15,511801.65657749964,507447.686591129,530298.0492263106,578101.4049484892,572273.7687233603,570613.5347076652,561903.315682613,545122.7893090688,536240.4998473153
2025-04-16,498380.35584984854,492048.34981096484,511436.2970020134,557249.4445851847,552516.5822914763,551581.4172876477,543442.4998567441,528286.2151553329,520292.07993762457
2025-04-17,498290.67106382037,489897.0539100236,508729.683461503,553147.1172184607,549245.740721804,548748.2643098796,540828.8315587441,526287.0336291773,518700.9781532223
2025-04-21,485959.547438692,476543.146134904,494679.34303202963,536650.2287018279,533630.3340963357,533532.3701574316,526141.1083630178,512665.74720662914,505489.51514765876
2025-04-22,498717.02722654166,488268.9963729582,508869.91740426415,551635.895131459,548305.259058097,547906.7548107941,540153.528145383,526157.3855554385,518664.39872833964
2025-04-23,512038.3565827211,504845.5658793651,526243.6465453057,570673.7076892856,566026.4783828796,565085.4971113959,556809.4705356776,541701.1554426355,533517.7514405414
2025-04-24,526445.6194484392,523827.89252538554,541663.9134584437,587384.4549012921,581862.3529485903,581116.9212779368,572473.0556338268,556109.1874658538,547565.1014236066
2025-04-25,532314.4245124538,531767.0952340651,550952.7522069823,600200.871299761,593174.543206471,591033.465725326,581807.5306012372,564224.9305904612,555087.3500777102
2025-04-28,532145.4249706308,530755.363681472,549288.8627966269,597667.0106076192,591085.1430670044,589297.2090737475,580260.7708510966,563133.7994711166,554104.810476491
2025-04-29,535660.0061837023,533323.9222389491,551610.3871560635,600214.2994643429,593867.2813571893,592124.6524470281,583154.8287072842,565939.2579854432,556982.8863180894
2025-04-30,537603.7220142332,536600.0632878174,552607.9046478852,600324.6550577736,594677.9615401081,593453.2660426336,584647.7945531803,568300.2220811017,559413.2180929483
2025-05-01,544625.1949975055,546073.2048296139,570636.4918993495,617143.980181542,609392.1665987001,606374.2745582998,596288.5030836948,577615.622464118,567946.2572046816
2025-05-02,552709.6093640823,554266.9745033426,572722.4439501379,623779.4789421299,616589.6260884358,614057.8527006928,604048.6374754014,585603.7865157982,575968.0670145205
2025-05-05,549430.6170964321,550516.8434349926,565574.9824045516,617584.733508809,610742.8238741958,608456.0276582068,598688.8494772555,580943.4571322517,571689.2180386126
2025-05-06,544320.0132718488,545858.2780274547,562247.0630061236,613597.2209471231,607176.6672920532,605033.9425140665,595170.9042912002,576938.535478675,567832.861511696
2025-05-07,548468.3027294033,553319.2223555929,565194.4704495695,615898.7069133265,610175.9068558586,608678.8309378275,599169.9168782562,581096.0365705392,571915.4039865896
2025-05-08,554131.161602029,559856.9597968241,570984.6403464447,622047.414419774,615532.211603508,613740.8582185566,604001.234206414,585588.9185643182,576247.869664325
2025-05-09,553767.9758534345,559876.6300347919,572133.9242524581,622713.3758927608,616027.1012182228,614277.9068253736,604378.5038582335,585659.9772002826,576363.5612917595
2025-05-12,576328.6323441686,586331.5361069062,602838.7161681287,655530.3204450733,645883.9634794275,643135.2618552203,632475.5445610519,612459.7545928875,602078.5645943495
2025-05-13,585112.3288473372,599367.8509743323,612975.8935687987,669835.890355587,659506.9227595226,656104.364550978,644720.4512733489,623484.8217238025,612402.6978018793
2025-05-14,590630.343133087,605633.2129289226,620763.5767391323,681535.4115310152,670362.1329346297,666056.6620187794,654025.0966727134,631312.7102345839,619654.1628346528
2025-05-15,591279.4105391209,605357.8776446151,616317.9047812673,676990.9880006323,667778.6408486424,664318.848406366,652710.6396667204,630354.0120203965,619133.2060778794
2025-05-16,593852.8641211638,606498.6299919838,617379.6623179885,678927.888007714,669973.232243499,666496.1305457383,654861.9447263756,632648.9472467891,621531.5831183442
2025-05-19,594422.3553313102,604895.6861480727,617361.2791512258,678884.3410661401,670091.8631538167,666801.6542655934,655222.7423749302,633213.307221856,622140.1472521938
2025-05-20,592440.9290500697,602771.3434613005,613387.175904029,674657.5279411736,666184.7046356011,663209.6463032304,651884.6290557424,630466.193626522,619536.7810479329
2025-05-21,586219.299416878,593237.1474085181,606805.0230289651,669190.1798373561,661055.5827677357,658096.4744349452,646726.4396460822,625126.4819308597,614131.0802972136
2025-05-22,587316.2735681315,594233.7128784242,609527.421243382,672786.8905903625,664098.8115246734,660546.6146353018,648921.3347266035,626705.4823289488,615535.2663525689
2025-05-23,581877.2973450166,587227.6565677793,599886.6496692648,663207.3430834148,655342.0348018655,652456.2502667571,641590.8097344248,620139.5148276876,608951.9622487769
2025-05-27,595566.017810172,601654.4193940065,616142.9772768276,682069.646510567,673296.2365290391,670114.1393116241,658986.0414574572,636348.9749882527,624461.3539520267
2025-05-28,594937.8950680491,600942.299289782,615999.8525478579,681861.3312385563,673081.3284668601,670093.0277676017,658984.3869002427,636006.6026156505,623844.2089397378
2025-05-29,596107.4367444759,603100.7752513158,619676.2815077101,687032.2889931365,677559.345887803,674209.033438311,662847.421713125,639258.1836288478,626724.2581553663
2025-05-30,595167.3357921827,600367.969565704,617576.3336265372,683075.041003924,674359.8855175221,671438.2582361905,660156.7619454154,636318.8302131972,624105.1540784008
2025-06-02,599868.0519548072,605823.4335539482,622325.1029192456,688879.0130521671,679997.4982253632,677225.9563458596,665769.2194614222,641534.0789180524,629018.7502863723
2025-06-03,604557.2115207616,615476.9974825794,625901.0830052746,693472.7111910561,684956.5001333846,682552.4736340208,671016.5388223664,646522.0254373141,633986.2918315325
2025-06-04,608253.9996787247,619151.6747998835,630374.6203902462,698956.7950634335,690318.8254613258,687890.8892147196,676230.4948779731,651409.7897056964,638579.4141054928
2025-06-05,603675.766497866,616380.2745581132,626449.542747707,691035.0339374747,682762.5317192638,680614.6490550209,669318.4616872845,645864.7854822949,633466.8342272503
2025-06-06,609576.8124779505,622240.9246932438,635048.0730246194,700125.0273496577,690813.4208652267,687586.0938704751,676180.7240298991,652363.3877274318,639540.8467868161
2025-06-09,610474.1475954157,624942.829614183,637014.5834500314,703163.0955113826,693232.7712843105,689810.9909041955,678392.0285846442,654202.6545049098,641208.0965224315
2025-06-10,614511.7314189425,627555.2440693505,640345.100703737,708803.307535352,698293.3098414843,694802.8321142335,683348.4085417448,658983.4584078563,645765.4289119558
2025-06-11,614452.4729757142,627083.3017924901,637117.5052734922,706113.3242861929,695924.4519642924,692832.8637709399,681577.2347439597,657644.2474059564,644518.6040813231
2025-06-12,615895.0381615694,631587.5736058594,640676.8004633503,709259.4436710507,699001.3413705203,695721.9785716244,684300.4502434743,660154.9887512054,646896.4767958196
2025-06-13,608162.6986648451,621124.0445653197,633467.6871120633,700807.8582569865,690384.5832878085,686843.6185291144,675487.1346345358,651442.7474877337,638292.7020682674
2025-06-16,616622.1727300998,631647.3851200747,642286.8233101104,711138.7375680398,700616.7061550348,697044.1502839667,685539.3799983608,661151.0589521793,647526.1152097825
2025-06-17,610609.3209980562,627003.5531068697,637403.2587438552,705313.94750766,694492.6326651295,690630.9296484286,679102.4840716624,654906.5466550633,641431.9261982817
2025-06-18,612516.761285459,631007.954708239,640533.8195861101,708456.5283429974,697635.9762920279,693709.5180819606,682031.7661409308,657603.0161127364,643930.7512519612
2025-06-20,610015.7488235636,628298.7496632766,638442.2898395266,703479.6065167395,693391.7703695126,689865.1309041497,678491.4775732695,654528.132874144,641023.2587155543
2025-06-23,616288.17107989,634966.8494484059,644028.2731129413,710887.4822969001,700988.9100648694,697518.6670681002,685674.8434549281,661244.8987685507,647517.8513526717
2025-06-24,625712.4255620488,646393.5742096975,650668.9952238194,719595.2670820069,710072.1961957435,707066.7081790086,695164.6527020845,670915.2725953016,656992.8635858072
2025-06-25,629323.4685509454,653843.281059558,658135.6860644217,728747.3588471998,718616.7183038648,715014.9139790909,702698.2496387286,677134.9230454777,662392.768496317
2025-06-26,635207.8374116677,659478.1140230115,664546.1874665795,736164.5180077868,725852.295394188,722245.2481228474,709805.529647468,683808.0236393657,668811.8130791008
2025-06-27,637382.5265101583,659086.5847986311,669879.1762105207,743247.289272963,732492.1074146662,728432.0084931172,715716.3558806563,688932.0366122643,673558.8444175993
2025-06-30,641510.866051561,665852.7415174737,672126.6423161234,745098.5676428444,734822.5607572063,731207.4261956193,718549.1118652425,691966.384400238,676697.9157901324
2025-07-01,636103.3438254027,658986.1485059262,666607.9084350395,735078.6030937128,724989.0473468452,721749.2895054222,709929.4633109684,684740.4022672066,670282.0411878584
2025-07-02,642545.398017605,669359.8732724942,675598.6000335622,746127.6462896406,734948.7164769855,731379.318847578,719274.2777918219,693201.9305181389,678152.5512256841
2025-07-03,648868.1473384907,678673.6632265844,683343.7104322757,754064.7619629562,742625.0627713399,738905.7268692992,726479.2950011101,699973.7565694286,684777.6378959813
2025-07-07,643980.2867577241,672692.717015394,677625.0208176025,746785.0898711497,735577.5042131837,731865.1838578273,719575.939931695,693600.2949806391,678633.1985119738
2025-07-08,644341.8916116728,675864.5141536373,676107.0943200176,746037.9913132335,735009.3134253863,731470.6537601294,719456.3064756348,693941.9168384928,679086.9338667253
2025-07-09,650914.5262676388,683534.5391610237,686612.0968493051,757523.827483467,745609.895046359,741404.6777837244,728737.530442337,702008.9543102476,686642.0953762766
2025-07-10,649978.3649454528,681242.2159518193,687886.024304599,759558.3065423118,746901.9929631555,742331.5846157216,729653.8109967693,702669.0143396818,686967.244554014
2025-07-11,648515.752071661,676950.2776689095,689470.3686527812,761328.2715482214,748068.1557235873,743136.1073725161,730154.0140404619,702362.624042505,686338.4793712423
2025-07-14,650867.7577141322,676980.5514164262,687895.7562733311,760993.1153353103,748268.0739950637,743495.2160336056,730581.3182684158,702801.8973231531,686943.4186514459
2025-07-15,651464.4698576421,682726.7439512119,693585.9820463643,767905.5179208412,754490.3999618582,749176.2543556972,735663.1581481078,706486.7018987123,689905.7372409751
2025-07-16,654142.7997805555,687767.7046325307,695504.0689657221,770527.8248853026,757122.589001794,751846.5243027057,738416.1163018194,708861.294461158,692181.7699270974
2025-07-17,659436.7400157744,694725.8802904842,699531.9465421439,775356.2317715067,762629.6108462961,757293.3084089425,743563.6666289361,713538.3813930171,696808.4386336012
2025-07-18,658802.8767334556,694330.980972375,701213.7763639692,776872.1675115996,762795.1384207908,757005.0146094246,743148.0802886718,713202.6804017418,696654.1773710721
2025-07-21,662218.575428161,695303.141133324,704967.2570929402,781490.588501823,767418.527347904,761851.5458607207,747848.483089559,717170.0500490204,700366.0487091226
2025-07-22,658791.0584548857,688517.1440617095,699950.4476118543,774627.9661510644,760536.9263133592,755044.8266656703,741711.978792982,712028.7853658254,696110.993236291
2025-07-23,663807.2850314409,695997.9188961091,705732.049975874,782099.6553132131,767683.7020521552,761346.3271999765,747635.5720540262,717178.0583397755,701169.0249739803
2025-07-24,665220.2475080726,697968.54836085,710626.2988000711,786196.5646583131,771653.6127587662,765305.4590417718,751034.3275036161,719779.2165291486,703595.5600285935
2025-07-25,666821.4315055325,699553.0973515532,711980.5741542348,787994.1997223613,773080.8188624907,766462.4930788289,751987.2602076991,720631.4451379216,704499.9181543437
2025-07-28,668905.3126289872,705088.9931808986,715531.1252900196,793363.8370936618,777820.3532892885,771151.9134738793,756556.8877107722,724429.4820759656,707850.5283894164
2025-07-29,667869.2268841519,703859.9495815309,711230.5219661245,789376.2773377777,774464.6958299286,768443.3552700671,754017.8081368356,722378.2045358914,706166.4476742672
2025-07-30,670775.503675866,707415.3173099601,714079.1207289199,794187.4918470436,779438.1122935031,773319.5933775523,758648.9645056697,726464.4440034757,710026.3777497358
2025-07-31,667220.94615964,703361.0292319559,724015.7441789727,802111.847092189,784926.738588479,776581.5606610527,760604.9055836196,725929.3212892493,708777.1873636235
2025-08-01,654077.4424938166,686991.0027445444,701412.6106830996,780376.7670172764,765191.5454102965,758220.7991291306,743152.2239187428,710438.0001793489,693999.0674639498
2025-08-04,666146.2922596416,702607.0872713609,713051.8629042809,796849.3050586587,780924.2933566829,773470.3451504331,757861.5543447064,724064.1123613557,707365.8767352655
2025-08-05,661623.5094965373,696311.7686957248,708287.5000849913,790844.1296039579,774938.1324333715,767529.9433705539,752071.8884912067,717548.7957104369,701007.9753302146
2025-08-06,671960.153825541,706778.1044293119,724564.051450366,807071.1919714856,790449.432881771,782205.1241816668,765561.8821415083,729087.5634944598,711852.9819274325
2025-08-07,674234.2972538344,708157.2723737108,729469.4744416401,811409.1931942749,794864.6174010587,786544.5141649664,769662.1914462349,732520.3187262673,714595.6782178766
2025-08-08,680523.6410939742,714439.9328502408,740237.7430433076,823074.8457955096,806226.3157646419,797304.6912620552,779942.5402465742,741984.9639929942,723193.9029981785
2025-08-11,678510.1144734764,710261.5963270186,737611.9749235734,821148.8407762363,804364.6153633345,795377.9905924653,777797.9826089499,740084.814352039,721119.2104644622
2025-08-12,687038.1159712053,721304.9601742402,746049.9524131861,831200.039599539,814244.5496451347,805726.5240887908,788016.7504820493,750202.2518707152,730885.2436810585
2025-08-13,689393.0597705453,724562.6538099048,746928.4157696376,830090.938610556,813398.7188109002,805267.1240876567,788106.0337419414,751274.0947426341,732624.8941558944
2025-08-14,688858.5593131648,721673.7377076924,750947.0519496633,833656.3805576889,816531.5368790218,808255.7647019192,790812.4511529235,753123.0215123104,733925.0531263554
2025-08-15,685829.2858108835,717145.7741640846,747758.0668423874,830209.3993274444,813051.2401053983,804934.664730694,787352.2687480039,749083.5738953187,730160.108696318
2025-08-18,685556.0188967334,719225.3717338908,746322.5406227096,829194.4599573317,812474.2227329838,804407.1125548062,786899.8352810158,748888.4432921202,730043.2384488573
2025-08-19,676254.8066122534,705631.3701165133,734660.0383325967,814407.305151223,798407.0305120134,790833.5012859219,773986.3434143087,738043.8517692997,720046.9375921654
2025-08-20,674250.9561068147,702602.4947087382,728005.3655689029,808347.7954596598,793098.7316833085,786042.9876118577,769552.3534523178,734755.1123728746,717169.5906550968
2025-08-21,671129.3036829715,700742.9671830639,724883.0711328665,804601.2570530581,789354.3467366348,782246.5959494417,765853.1380394091,731326.4401989959,713856.5035742989
2025-08-22,681483.0719364466,713163.8552770814,737300.556947039,819924.0316931033,803387.9948947341,795459.1434815164,778353.5423026477,742665.6240544566,724886.452114627
2025-08-25,679517.1536089743,711427.6454447269,737210.9021064742,821730.6588982403,804937.601434704,796519.0607411618,778965.7263968356,742308.3428422482,724018.9367493116
2025-08-26,682245.6369968684,715074.7756718819,740221.6382299989,825339.8766455675,808584.0104092596,800272.0897537931,782701.3748331364,745759.8146075231,727086.1676750041
2025-08-27,685305.4205643231,722109.7858164653,744795.7418896748,829016.0369028534,812170.7186867351,803885.157797257,786191.4007428963,749091.5903814703,730529.1016675566
2025-08-28,689595.4714425628,729269.9374391674,749423.4283502266,833570.7634014388,816459.4465887308,808225.285101615,790288.361247871,753022.6354692747,734179.7303348645
2025-08-29,681613.1317900885,718091.9030804554,740374.7003242156,821372.3983612978,804702.5865549737,796707.9695117738,779316.4999643952,742962.7873748612,724641.021917078
2025-09-02,675901.0116158214,710663.9641870445,733061.0156360628,813217.7869475062,797167.0242231799,789716.1032995429,772596.8149991892,736469.6696152876,718285.715408891
2025-09-03,683230.0158758168,715858.8320272209,746705.5004962337,830299.3218511066,812520.5030497215,803721.0455609605,785504.0523271196,747230.7175235403,728306.7767510016
2025-09-04,689414.3125004172,720652.4930887537,755864.5458801315,839604.2061186647,821135.9738097044,811731.8360085927,793007.6260896287,754445.8374354809,735232.7759137572
2025-09-05,690409.0358887736,721943.900451242,750142.7848279803,837601.8370850694,819567.0205639633,811716.5317471578,793059.2286504346,755074.1715747832,735701.0235043889
2025-09-08,693776.8503875135,728277.0533597589,753185.6721448863,840980.0426796309,822686.1625639021,814806.5927956881,795850.7160114227,757876.6300384973,738417.800245088
2025-09-09,695742.4573552296,729134.5503818643,754348.2367284667,845052.340389416,826665.424168098,818050.6339477963,798892.0412444561,760697.2494774875,740937.8041124624
2025-09-10,697981.4700027175,740630.0564411554,753912.255943842,850498.0533830357,832949.8348768816,825341.783076804,805602.2128095388,765340.5303217719,744730.656345971
2025-09-11,702044.105243495,744608.1215096916,756763.8269524641,853337.3118355651,834657.9593275803,826510.2355363354,807026.9701724722,768643.2204869022,748376.3598943651
2025-09-12,705145.1529840896,745436.8982964283,764786.0638962489,861842.0462255403,841865.9880819876,832869.1679019904,812636.8371615871,772948.3332714587,752029.8748891214
2025-09-15,711179.0020144755,752750.6470390302,774241.0229652751,873746.8157063945,852450.6105300258,842536.905282948,821710.0037653047,780963.2926878559,759357.1141534171
2025-09-16,710577.9637066717,750202.142542865,773330.5240008604,872688.9715474857,851095.8839989898,841083.8030241902,820428.8748423279,780136.60284805,758615.3887523584
2025-09-17,711171.1066231247,749447.6080356558,770420.0647750496,867438.9769158958,846919.9979363877,837262.4607157744,817290.9028056338,778493.0203573765,757525.0141394472
2025-09-18,717583.788986724,762753.7817819784,773010.1498382799,872727.7278804604,852001.5679602355,842184.7298216466,822365.3967707647,784809.6119639985,763808.8949765441
2025-09-19,722441.3277956815,769879.491964825,784051.8381288967,882399.3237236823,860604.0761155768,850031.908779771,829892.7837847992,790966.3861455771,769406.9142896335
2025-09-22,726718.1760753375,782323.5834736753,792758.5000484989,890853.509358658,868019.8592035604,856626.9277133278,836411.8238686257,797232.7073254242,775323.5618240968
2025-09-23,721891.0519226234,774283.7655556453,781273.8742985578,878284.4565185296,856784.1772043296,846611.4957773464,827189.2986613812,789418.2580586417,768038.802119145
2025-09-24,721368.2244311462,770584.8626987634,781079.309693828,878160.2195696129,856591.5655563435,846766.2659420574,827436.2892883813,789530.4214726479,768322.5089596347
2025-09-25,718258.2200356687,768259.7428534266,780731.36362846,875456.7921548067,854202.5780973017,844180.356423717,824718.1671613775,786697.683017675,765493.9664751807
2025-09-26,721210.8281839723,770209.5159040263,783007.1091459763,878161.2527577991,856476.5464472147,846256.2698054218,826905.6221847469,789096.5904158723,768059.8014894379
2025-09-29,724550.8789567429,774859.6917493528,786072.404558527,881105.4325544403,859099.1086716428,848123.2293542579,828646.517082847,791427.4165478721,770535.5462876484
2025-09-30,726535.5855247128,778477.7437158361,789058.8904439562,885264.109233612,863173.2891455138,852035.6638646189,832297.5700944037,794395.2505072848,773244.1763576353
2025-10-01,732032.0711196958,786630.3209814046,793840.2198962372,890481.8459599229,867841.5543909004,856573.9447569821,837137.214352829,800285.1326122865,778898.4574064515
2025-10-02,735041.480392022,792348.310157381,795701.2360059245,892250.5488486314,869511.8888469995,858535.7075133531,839291.2727821425,802999.7556053639,781684.8773021697
2025-10-03,731947.1659226302,789923.1366577068,793380.0242882281,888256.2828098941,865429.599892919,854558.2982549486,835419.6951823789,799660.0929258241,778637.4571463445
2025-10-06,737444.2007321174,796728.2549172575,798079.5203561509,893923.0763385972,871537.5753330031,860733.592520239,841637.3879149122,805620.6599387936,784373.8519544017
2025-10-07,733561.1087965604,789421.3700016694,794275.8969722949,888235.1778892111,867147.8588407058,856772.63927478,837604.6495813034,800817.2073225824,779537.5747895793
2025-10-08,743981.8755549417,804844.3437396927,803662.8844385638,899100.281361612,878581.1657007515,868701.7078295955,849437.3874833292,812164.0211910262,790469.5300762914
2025-10-09,743081.5747109683,804446.0444181944,803279.4331244809,901034.6869718954,880863.7147854891,870605.1185045281,850943.2336973377,812813.0972645283,790730.3207583742
2025-10-10,717285.933473042,771634.8303587261,773670.0896287486,867389.5702094886,848938.4147172112,839050.9878238984,820322.1352782365,783791.0874152515,762925.257140818
2025-10-13,732507.7032123762,791713.5566831083,788661.5599532307,888647.0701158316,868858.8120418221,859413.1448449959,840061.4465108258,802338.2455637864,780557.9923500975
2025-10-14,727628.4994340641,781600.84792329,779167.8628404521,875819.8486223207,857295.0582562642,848487.9457052008,829983.1926348857,793883.5087750752,772962.588135828
2025-10-15,734774.6903262357,790874.5101552948,784456.1137586966,883514.6133543156,864999.2009504886,856552.28621759,838074.7002597047,801732.6298783825,780460.3801277002
2025-10-16,732053.8792486467,788331.9417708933,782718.0308546319,882307.1885787759,863385.2653690259,854820.5119046639,836300.4276645328,800104.4762793069,778645.6795773704
2025-10-17,736861.0320531315,790233.4962546274,788380.0460953605,888718.9548626913,869680.7996750642,860717.2068060881,842121.3950166154,805791.9145810856,784065.337062516
2025-10-20,746145.9822279324,800760.8178802206,800966.4380865266,900444.067736272,880948.1708516225,871756.5446581662,852979.2594001737,816248.6439386874,794133.7480192656
2025-10-21,745950.8529747948,799951.8305457272,801549.7274036133,897525.1872570104,878222.8723160961,869086.9603656098,850655.3470450363,814552.8456742686,792749.4051078667
2025-10-22,740775.7224732119,792507.5893684948,798301.6017647983,894339.267359252,873448.9145473373,863797.2249021492,845315.33471139,809577.1818258489,787901.5224772978
2025-10-23,747003.0233717768,802882.589680469,803343.8936726066,900550.0133860247,879004.4195068597,869257.5536827527,850895.7013828234,815688.8139941033,793706.0724200994
2025-10-24,754979.7152992282,815395.6549077549,813363.0838951758,911888.8142488708,889571.2385554598,879397.0072078482,860547.4227747333,824936.2661844558,802371.8319523495
2025-10-27,768425.3735974126,830004.7977121964,830674.0645361475,933135.4417317562,909466.6343948591,898960.8472847188,879484.4244193181,842144.1332208598,818527.9329548628
2025-10-28,774334.4260722474,838568.0863055853,844057.7484045952,949145.3090717517,924577.520389174,912937.4702281377,892192.4557304049,852313.5295116515,827487.3083439949
2025-10-29,779832.636628371,846246.1217271511,853873.9718768607,962929.3004576219,936763.0285429781,924141.8342872406,902464.2433954446,860168.3841095974,834356.3069363717
2025-10-30,767910.1081121173,835086.309323603,836430.0745434389,942402.7253767976,918049.943598753,906115.7576060683,885193.9081989572,845077.0380633901,820308.3061105271
2025-10-31,771614.4049575033,837472.4240751942,842072.7766023199,945965.68642554,921446.571599722,909310.0113801038,888521.7035612714,847942.1829145014,823012.2079041966
2025-11-03,775306.4413986944,840365.332842655,848432.5781520777,953326.6138416324,927859.0054341748,914653.2839357909,893578.732384756,852664.5742209823,827337.8803874581
2025-11-04,759569.2723992991,817665.5640359013,835910.1718539721,934425.8519924352,909395.3753858778,896464.416348971,875766.5744932402,835650.0562345377,811322.7407931475
2025-11-05,766523.8289935146,823066.0860012994,836652.8028911309,938321.0352222769,913481.7028029092,901639.9380079458,881782.9875893133,843183.7127871164,818722.1694277341
2025-11-06,752245.5649035294,806915.0411916418,821619.0485081179,920748.377888423,896069.3155488999,884422.3947290804,864898.6124252665,827596.6276917353,803675.797899535
2025-11-07,749871.9502751934,805824.8937874612,818784.9958147716,915401.0313996542,891394.8511063472,879928.6609967392,860677.6358437191,824071.7904749637,800656.4134379551
2025-11-10,766462.2902778535,825934.3253251696,837527.3479809088,940931.4263568401,915608.6651880479,902873.8073681399,882558.2045609929,844127.4289176905,819342.2591644836
2025-11-11,764420.8037178658,818451.4462196411,838482.4579569274,937698.7394603294,912452.0359675087,899975.0516513365,880074.5252294445,841375.28386064,816811.325612504
2025-11-12,765829.5188994234,821383.605637603,835909.3804829328,934044.6441906581,910987.1682718958,899868.9729452925,880666.1856312597,842970.7228398526,818424.1141604419
2025-11-13,750194.3484163482,798243.502792101,819523.9187042664,912432.9574792966,891214.6012398029,880601.830755669,861985.855637501,825402.3323047374,801841.0734904577
2025-11-14,750761.5266508402,802381.4322274837,822608.1588371845,915816.2098793078,893933.0988882032,882933.4024044564,864102.5612613271,826824.7650064345,803035.0339734234
2025-11-17,744349.637578923,789055.4309714802,815464.181996251,911049.968818702,889072.9198592835,877731.9153880399,858695.913103959,821157.9348535769,797410.8293476892
2025-11-18,735286.5815615642,777267.8673376248,800107.6777906499,895764.5407173417,875230.3134677886,864750.6139323155,846350.6041042384,809743.7721986385,786808.4042496714
2025-11-19,741687.6911025413,784562.9261692999,806868.146149323,907209.1476690182,885481.0700120708,874681.2053435099,855836.099543951,818520.857633503,795081.6782542602
2025-11-20,724130.596172576,761299.5152626196,792974.4567360273,891032.7207963321,868630.4190597858,857549.873719789,838588.9991123147,800356.0332735097,777655.8141801658
2025-11-21,729570.7821912527,764692.7772211769,796589.7588172755,895348.5233001561,872384.4057370698,861239.4031698117,842775.7920972796,805544.0094594733,783222.9432094815
2025-11-24,748228.318361533,783903.4364324603,816505.9937498734,924318.9886963265,899688.4088194428,888383.563793511,868450.143305465,828987.5514911097,805060.5855581244
2025-11-25,752840.178587841,786307.3660835751,820080.9014531252,928137.9436210494,902489.9252678691,891150.611856711,871340.7004393804,832860.9005013937,809141.6110689368
2025-11-26,761503.3899393582,796530.5917720178,828296.1874863119,936843.9419599505,911568.3799999831,900786.0811727876,880813.7550203517,842157.1149482627,818020.6878608041
2025-11-28,767677.0571579824,802150.6740432945,833294.9586103256,940834.453650263,915860.539852478,905716.4015286803,885858.6845651305,847533.6074654954,823265.981394299
2025-12-01,765098.4558348152,801820.0617627252,833954.6386790026,939337.2766540241,914197.3813416504,903154.176784337,883220.4106001357,845039.0523076718,820848.7406641588
2025-12-02,771086.1779226472,810159.35331456,839170.3726767795,944406.7351213277,919067.0953938271,908060.567152501,888396.5882137893,850870.3157769216,826562.2856536607
2025-12-03,774981.9210063345,813674.3009370565,833473.0068729325,941600.3973245554,916689.8228961402,906546.7000031677,887653.8916392358,851548.058303406,827971.6419021188
2025-12-04,774260.9758989789,817448.0907943248,834289.3279798154,944984.1962825294,919331.924005085,908510.4439875252,889243.3495074913,851909.0514512812,828179.026640053
2025-12-05,777417.9974965869,820997.2822543912,835566.6363538795,948082.4646077821,922380.8314471133,911927.4648305369,892541.1479213664,855432.5480258458,831563.3415012651
2025-12-08,775926.4894295776,828170.5531274237,837407.9160344454,947789.4591579207,921859.4854755376,911373.6299821689,891601.8840751135,854603.6622726507,830515.3007025884
2025-12-09,776883.4813703701,829966.5547670708,838207.5281618651,949441.0669665937,923593.9551973852,913077.3072208924,893008.4575444547,855695.5761250164,831300.9511276308
2025-12-10,782076.7071905767,834971.2043796509,838600.5550808413,951113.3469969973,925326.5148509984,915366.0979456523,895831.3435295719,859668.096719976,835497.6008472776
2025-12-11,779547.236964029,831949.2920397217,834891.4735798128,943903.8140457711,918701.3224949992,909095.8164246043,890014.805782237,855005.1665127703,831443.3533625298
2025-12-12,764643.5207521559,807934.0394463429,821257.4108077276,925990.2115299257,900901.2146111612,889995.9929656661,871568.6370699597,837390.6092824069,814886.6328466631
2025-12-15,760805.4535335947,798910.955145676,814075.9150302695,920318.438070596,895256.3543299393,883759.7201731612,865913.863355002,833193.1242609839,811113.3532152803
2025-12-16,762313.2629260859,800164.6826095579,817359.3276754622,924867.2695293822,899646.3991791016,887976.6631628949,869928.2932090043,835953.0705376234,813452.4179420972
2025-12-17,750193.6065459895,785545.7446118332,806288.2743511844,907034.9607877354,882624.290364172,871241.4458940576,853841.5040843133,820903.9036828312,799303.0095456697
2025-12-18,761064.0477234852,796515.5672319868,818075.7598915118,921558.0248435034,895987.1064346571,883904.1738027447,866123.9305398174,833522.8566724592,811241.1311911774
2025-12-19,770984.8624836847,812561.5931168322,826924.5189170669,933582.8428620447,907909.4078896694,895665.3376739383,877539.1735592382,845000.0929063725,821907.8571419579
2025-12-22,774680.4676947094,818197.1260880613,828062.8210874306,937398.9638500937,911268.7730011797,898850.7836605635,880622.0628348247,848767.2986631868,825739.2977430006
2025-12-23,778308.5708181404,822767.8142427752,837622.7570500962,949328.3963090983,922139.7193133292,909094.4949771801,890105.0685959995,856526.9375365715,832662.6607174793
2025-12-24,782596.9933191488,826166.5090980541,841215.0183368186,952609.1298176637,925508.8179194782,912585.9252574933,893657.545905856,860635.2424530205,836702.5074077573
2025-12-26,782546.7548191713,827082.8644994242,841514.6789376128,952830.2622543371,925939.9508966134,913122.1533237803,894157.84417644,861062.3900339177,837157.0222796893
2025-12-29,778758.7411939605,822695.0422414354,838195.3332377431,947271.9652952899,920678.6077235596,908073.3598504933,889377.0060162941,857159.3582977165,833487.6482508166
2025-12-30,776952.5365303984,820312.5181978734,837781.4953568417,946718.0925535999,919967.2639938205,907371.0597918476,888547.7353918422,855850.4566967415,832180.4940923118
2025-12-31,772541.8924386713,814658.6069681987,834447.5638025353,942827.996051129,916301.3190494478,903612.0071754153,884768.6371780226,851710.7220442018,828087.0762141781
