date,All in QQQ,All in VGT,Top 5,Top 10,Top 15,Top 20,Top 25,Top 50,Top 75
2020-01-02,1000.0,999.9999999999999,1000.0000000000001,1000.0000000000001,999.9999999999999,1000.0,1000.0,1000.0000000000001,1000.0
2020-01-03,990.8400545073536,989.4922312004196,989.2955549877732,989.4386719997644,989.0304002203889,989.3698930080346,989.4029238288281,989.5819457331063,989.6773682571231
2020-01-06,997.2242033320424,992.7806235142307,993.1424878982953,994.3298336967995,993.4919228437687,993.7029697054398,993.3205652977282,992.7519859778369,992.767410075597
2020-01-07,997.085541956774,992.6603540259072,986.3047728805126,988.6276666514502,988.8831303184937,989.5596135322613,990.5623710912341,991.3299665292944,991.8064888475441
2020-01-08,2004.5800094486458,2003.1280329960462,2001.1384592436762,2001.602968566087,2000.730426975101,2001.1472945439218,2001.5072931788336,2002.15800592911,2002.4575719500087
2020-01-09,2021.5656469320638,2025.632483183115,2031.2423286248106,2028.4007489111618,2025.3766821393885,2025.8012982279113,2025.8928733021685,2025.1908199544212,2025.2999089478267
2020-01-10,2016.3956784023198,2021.2276843403235,2030.5380435546406,2028.3588610382926,2023.8460144475164,2024.1877209183367,2023.5020685320874,2022.0449939360303,2022.086107495073
2020-01-13,2039.6587790906121,2048.297170752845,2061.979255516067,2061.1550618379374,2053.879601385574,2052.992736815524,2052.130796051225,2049.6686710584154,2049.8574390910194
2020-01-14,2031.6277216190192,2037.4051275298484,2043.3962220929225,2042.8998570982442,2039.1682968707087,2038.4289986704198,2037.9467103797915,2036.7159177286971,2037.0816830132799
2020-01-15,3032.458232769395,3039.087043654327,3048.5217200883326,3046.3162662881336,3040.9767759046244,3040.671219412654,3040.0762719462873,3038.1776553350933,3038.4420672838396
2020-01-16,3061.5213056117755,3080.7442888243113,3092.465546554528,3089.1804806217947,3081.989693234083,3082.2553970304575,3082.556019272661,3080.114746500485,3080.5985011115276
2020-01-17,3076.670442711628,3099.0072637267303,3120.0367755511215,3112.9386437847234,3104.2102322167375,3107.5002559753543,3107.6459151097333,3102.7908625771674,3101.853672829078
2020-01-21,3075.2936259120625,3094.4713963999743,3113.58775295041,3108.3565105155394,3100.2293718563765,3103.179034992807,3104.664521688915,3099.963533271904,3098.7969671308697
2020-01-22,4083.4194675376875,4107.243413730024,4124.33437370071,4117.443413989337,4112.266484256911,4115.3014420775435,4117.042647275315,4111.853815198993,4110.8072039182425
2020-01-23,4096.552432088991,4127.595531105998,4142.206235691619,4135.703758709268,4133.058142004384,4133.329980366596,4134.126970358456,4130.339193415358,4130.059106138681
2020-01-24,4062.079449285581,4106.296627567145,4145.517696628596,4133.525257333564,4125.429487328985,4122.6743002645135,4120.10132245802,4114.033052052286,4112.418563968857
2020-01-27,3978.174285433764,4008.3173814790493,4044.1057006024844,4035.5753281077764,4026.165517630097,4026.044961637014,4022.8364505923523,4016.3077762921225,4014.8141703466363
2020-01-28,4039.2793123354268,4084.524583288581,4132.265503859075,4120.108491678608,4107.595006745913,4105.985922444864,4102.625018570211,4094.051537039871,4091.7735914546142
2020-01-29,5045.84420280675,5088.625136366081,5187.842272003417,5157.330064715599,5136.0709326072465,5128.412096675733,5120.603405927079,5107.775630620152,5103.09319387237
2020-01-30,5063.816816719508,5129.273571668421,5248.415632560713,5214.732702207684,5184.975419318683,5175.084322883206,5171.165396561739,5153.54118455459,5146.869874168242
2020-01-31,4983.513970727644,4991.228308353561,5079.465211980208,5055.771839528787,5039.097416506689,5031.081584362715,5027.2713981403995,5012.135416015178,5006.304818228529
2020-02-03,5058.8118306873275,5053.869089501745,5135.948156794354,5116.101276465028,5101.259809520635,5094.414746039968,5091.967467147983,5077.683266127267,5072.027600426402
2020-02-04,5174.602575981501,5186.02416279663,5281.447539610209,5255.898990919867,5237.733648467291,5227.883451334238,5227.168255850819,5212.059371293604,5204.284558932881
2020-02-05,6191.663781432463,6210.569186034228,6305.392658254766,6278.305169185038,6273.274433558145,6261.819937801735,6258.774245256731,6242.270103764038,6232.25861709054
2020-02-06,6245.109964420504,6260.422147586648,6383.715002204527,6350.753002645697,6338.323918489635,6324.310128691629,6320.122514843663,6301.199238129595,6287.318072558032
2020-02-07,6218.251917601553,6201.908984908552,6340.174275004928,6304.4345560814745,6288.127923534089,6272.725034287139,6267.624102576191,6244.1179073550975,6231.1268497106985
2020-02-10,6293.401155331852,6279.1440537504495,6428.692039099017,6398.5568040993285,6374.343622695265,6358.164316819452,6354.786679700145,6327.962249606844,6313.59603760738
2020-02-11,6294.486394164866,6267.677850133395,6363.750990313673,6350.4398029007325,6334.223560623561,6320.2265803012515,6321.603986788547,6302.820349230099,6293.684729551298
2020-02-12,7355.801742510898,7334.3821742998,7440.997290250836,7425.50395335138,7407.177299227366,7388.293521128988,7390.352369467838,7371.498074998375,7362.044097641542
2020-02-13,7346.382092259609,7319.4782921736705,7409.393056075291,7379.55939582345,7367.8272571016805,7356.773716531498,7364.49933483287,7351.334048616968,7340.995068055662
2020-02-14,7367.418995621363,7349.0147300078825,7450.552859178948,7433.258360054651,7410.958270680617,7402.151685511369,7409.182075120342,7389.87786204425,7378.70917980786
2020-02-18,7370.24334624677,7322.186355208744,7417.810733332422,7412.57010300402,7387.061005916269,7375.131874968658,7383.414783532001,7360.313469353151,7350.545493786503
2020-02-19,8440.891968655618,8404.030712269088,8488.45402696174,8492.7138760516,8464.877065999324,8454.664863031216,8467.101852669171,8446.028203664224,8433.823573006732
2020-02-20,8362.531233347054,8326.20722228782,8384.40813534338,8400.950429494176,8376.004252206763,8366.801797702572,8377.925834213764,8359.009752870123,8348.990111081454
2020-02-21,8201.890906474797,8141.642342477636,8185.10716978912,8204.993942014788,8187.408839263485,8181.918733664858,8186.958203139055,8170.570697492457,8161.501138896407
2020-02-24,7885.598401750724,7808.508923382148,7815.788863600177,7837.039514133787,7828.61367497098,7831.072368824967,7836.3751114376,7825.961091526829,7820.44463356513
2020-02-25,7671.174118212886,7560.273499198334,7565.280190084599,7586.6778327567745,7574.903395770109,7577.712001969256,7581.516986186167,7571.089836717461,7567.870759526385
2020-02-26,8710.710257429413,8577.805775429544,8631.115861793996,8639.247030009374,8623.898812204532,8618.525315122719,8622.312032559277,8603.847784719306,8599.191134267823
2020-02-27,8274.529994261882,8133.857581848185,8089.00901753453,8124.76925093606,8136.685184621411,8140.7827308065725,8149.156825817902,8147.038537005278,8150.766045206669
2020-02-28,8280.970793377239,8205.237037602566,8171.92991695982,8209.959831944643,8200.854748786922,8203.152276797086,8217.713039270553,8213.06507421954,8214.845010209521
2020-03-02,8708.296873145506,8635.955737515886,8774.513329504913,8756.42791737823,8718.521423253525,8711.85605108996,8719.511958527943,8687.748609638904,8680.092671993207
2020-03-03,8429.046603808245,8320.836950260651,8426.508353759038,8416.351152119898,8381.017258685166,8374.751761529673,8383.902050786404,8356.93530773201,8352.555722447594
2020-03-04,9780.725217043622,9660.328612573783,9781.63635130634,9775.39412179929,9738.201045726968,9736.147125055393,9749.570145318401,9718.504765288584,9708.688130982564
2020-03-05,9483.565783366661,9358.151149180425,9483.15614212638,9464.389355533636,9421.315935485834,9424.158875350307,9435.118223897956,9405.038815338663,9400.598611835629
2020-03-06,9323.55538048868,9159.68082524056,9300.171499229125,9275.335675922826,9239.686994657299,9240.248583455612,9247.70229099051,9214.229845132171,9207.384752760481
2020-03-09,8675.89852688685,8453.564339425202,8596.14827794897,8576.657174462574,8551.16761361128,8560.856788155354,8557.391589760462,8516.758581260077,8509.141397752448
2020-03-10,9148.308092872545,8988.167847442752,9192.570314400713,9169.42132810191,9137.105804130835,9143.240916172239,9139.90107193216,9083.164763467803,9066.922588642863
2020-03-11,9749.852711579302,9555.760734436408,9814.862892276902,9766.190805180227,9716.885035664909,9722.367335328603,9714.768391648611,9654.408387971402,9638.311563465239
2020-03-12,8855.87792947075,8615.554681959333,8861.800841835937,8813.98501372408,8767.56547887246,8772.24839810383,8756.5447296102,8699.432709900937,8686.338113182492
2020-03-13,9606.0196036798,9564.470001329675,10024.575668819867,9950.23319944133,9877.083807833815,9868.629447975845,9844.886119812089,9749.543553793668,9715.293731658612
2020-03-16,8455.334929197545,8274.573666204784,8622.028360975311,8557.246718732544,8507.365077399998,8487.29185748386,8458.817352923157,8373.549764127149,8356.99930462972
2020-03-17,9096.600906301186,8773.200530183258,9142.427972477251,9098.497960773479,9066.051706168033,9041.519770648816,9018.024464951019,8933.033439579662,8915.708795818948
2020-03-18,9819.917275141524,9478.380779741909,9802.017586293168,9777.222236332516,9725.031047727167,9662.916313574588,9625.834847869002,9516.584885316044,9503.738701020073
2020-03-19,9878.860168549345,9493.472237202472,9823.940009127225,9861.862700341002,9819.476134077158,9764.421470370382,9727.31765067602,9626.209438966629,9619.625781645671
2020-03-20,9491.844832561857,9111.297772476615,9358.634066343513,9413.014013692795,9388.975799087739,9335.184655606834,9298.054786825214,9204.420322363505,9204.827392261332
2020-03-23,9498.699416564572,9030.482424417383,9216.73274041598,9307.428991677314,9283.923072685287,9228.90373836999,9209.091951988168,9117.690942948671,9121.33046977089
2020-03-24,10234.25565880517,9969.11880091738,10146.671062653237,10236.636412458549,10207.977247120747,10163.383044685943,10152.82928181425,10062.975739044674,10063.337777203302
2020-03-25,11158.469669939526,10973.986662716346,11173.703081080026,11212.135150807211,11159.432536412129,11120.858378677756,11107.74360676173,11037.206971427933,11039.429255510351
2020-03-26,11746.078745001978,11652.127241731296,11797.628826349253,11857.50091436823,11843.174090891971,11814.020730844508,11806.208937803984,11734.735537424105,11741.38594765945
2020-03-27,11342.097990473027,11136.82840394576,11277.593397488203,11337.567342397851,11316.794634282567,11289.192162249265,11278.592623971032,11189.24075132132,11205.960842833934
2020-03-30,11754.649933861596,11577.673501626594,11794.624132446774,11842.657534418368,11801.75776830925,11772.223362419458,11758.313036593281,11661.498786461,11671.991940363418
2020-03-31,11654.262161852805,11350.553922325955,11623.055488318616,11659.200330848014,11608.213681756311,11572.90177699887,11547.411102203512,11443.452880843119,11450.445296412712
2020-04-01,12159.08314376903,11813.825440464389,12099.897792366608,12117.985411615457,12083.280662992209,12045.351543937239,12015.835141860678,11898.155515540902,11911.83445349559
2020-04-02,12405.851748970565,12044.975882515475,12386.68110586828,12414.527670179137,12398.459275502502,12356.032216673777,12308.794814861718,12174.15482824999,12176.736479521865
2020-04-03,12229.777182142618,11850.692860081332,12227.634804423196,12227.320086108903,12206.170551280948,12153.343094153095,12101.22670597238,11965.76574399186,11971.51915085308
2020-04-06,13104.145590228241,12860.145445773991,13286.242791621691,13279.82622117294,13246.969455473984,13191.880821855126,13149.715410120392,13024.187302902352,13021.210880794963
2020-04-07,13098.804333284577,12762.417509133616,13141.764294810699,13103.389590822566,13077.037095167558,13029.733080661037,12994.305992705913,12883.447888328732,12879.97896161892
2020-04-08,14376.92563098461,14128.75159749306,14418.192644813505,14407.07745974141,14402.952591039357,14353.896976217691,14332.376901291485,14245.117523711857,14248.847142673041
2020-04-09,14397.7143966787,14162.127270414678,14405.249140656832,14403.036389125597,14404.081473975231,14360.972924101052,14329.697230821625,14256.337043740032,14262.793663872131
2020-04-13,14553.256175400315,14194.243767941238,14497.419546339761,14484.001394982175,14474.520489244285,14421.384432114584,14390.99201540182,14298.792619560165,14297.956323750654
2020-04-14,15186.193907005498,14770.482561800462,15158.686836629524,15140.486252930015,15100.97175619457,15031.591699420298,15003.83189462544,14903.453514691288,14897.95833984578
2020-04-15,16012.010676270702,15450.5607086978,15891.367561312836,15862.478578517605,15802.610107508586,15722.198541046713,15692.71574178192,15582.054339275684,15583.149321085617
2020-04-16,16304.069471321287,15610.814768419257,16090.42659919429,16079.4052072516,15998.755876180701,15918.342644284225,15886.4525159711,15766.03942752755,15764.019169333598
2020-04-17,16460.037453071884,15861.974401128606,16163.975737855348,16185.518292951518,16146.348919430131,16083.469728055377,16063.385372769699,15974.187121270243,15980.790882778854
2020-04-20,16265.078989066376,15598.693667767968,15809.582674338784,15886.172401094149,15864.53622556362,15797.426606468243,15771.92884269345,15683.291258833908,15701.434439353527
2020-04-21,15664.904714292314,14957.669919571179,15252.199260896217,15267.383188108519,15242.210351977978,15171.197561215133,15137.080303503706,15039.767393329457,15054.874791959248
2020-04-22,17129.753240958886,16524.628260991594,16798.13037519106,16812.16542566146,16797.879770534473,16732.461451615018,16710.35064167126,16625.64417495692,16634.460841451382
2020-04-23,17093.21658275481,16440.054179102808,16664.1865896544,16684.43183091208,16684.449854307604,16610.546450574326,16588.55796893615,16516.46956507164,16527.31168598037
2020-04-24,17362.780498737586,16763.291668147554,16990.9400782023,17017.236767387898,17032.87350899582,16964.566482019243,16938.636825460057,16863.07136717811,16872.80791132151
2020-04-27,17502.437439414047,16953.94103977701,17047.650724610274,17118.82345863796,17145.91120607389,17089.915575485596,17070.301913466665,17009.37540911793,17023.366344323604
2020-04-28,17172.788590479693,16738.92667753982,16760.096977342055,16813.03197656414,16851.742787377523,16813.367876464283,16801.02825322187,16757.534826288524,16779.41077033586
2020-04-29,18781.752606363672,18453.488433207243,18500.974233722343,18520.76919819252,18555.128819207748,18510.59462362944,18506.919249222035,18468.660167868,18487.323309268744
2020-04-30,18774.0329713036,18338.3088889776,18606.648435707368,18581.044736071053,18567.837991994216,18514.130085326688,18494.69109066769,18404.96733507116,18413.862839282923
2020-05-01,18244.88423795023,17811.654998586833,18189.424774817096,18135.259501043805,18103.357862799447,18040.709389924945,18005.268783211366,17881.74488842629,17882.715700785757
2020-05-04,18457.575460177886,18030.65114764851,18478.173172781626,18433.291196259648,18379.296053758168,18311.842412700888,18280.81618167679,18137.648769234722,18137.38604420396
2020-05-05,18666.82984927677,18309.511588355934,18722.93292682849,18667.867462297618,18607.038596991006,18552.0924755598,18529.366719308222,18395.61547674727,18401.880410884893
2020-05-06,19781.752606363672,19441.36732063266,19882.184133350675,19819.013926836164,19750.147320049462,19690.599894879073,19669.834082271194,19532.950550651432,19541.630952449115
2020-05-07,20036.477308502737,19791.27759366015,20073.241420039754,20069.487393396863,20052.42800149084,19980.309293785922,19963.391776609475,19834.225789411626,19872.253679601454
2020-05-08,20311.070265671788,20084.45893810937,20359.34174031233,20382.809621732587,20355.40764713445,20258.11655135149,20243.096259398306,20120.785660543126,20165.112268744975
2020-05-11,20492.63196361318,20222.66792768226,20562.559214078323,20614.33462569879,20552.4395390564,20441.87614857594,20426.01902468876,20270.192202223796,20309.3494990209
2020-05-12,20063.573764002173,19788.075359425588,20164.97456491241,20215.52888933072,20149.31622738782,20042.125024864017,20007.88088644147,19848.06869385348,19889.948694460192
2020-05-13,20812.46316209783,20436.57160576945,20902.281430424737,20925.049039674454,20856.43598735359,20748.33721124132,20704.19558777859,20527.48045079959,20564.771707780867
2020-05-14,21048.73053699652,20682.686866667194,21104.28270670848,21143.446920371305,21073.59931248205,20970.06189531039,20948.082606571792,20793.899533585605,20825.79991217856
2020-05-15,21185.370548440234,20804.48187688858,21181.700065537567,21314.590884571044,21214.689740305657,21092.84517521173,21057.916461052984,20879.45102213963,20913.595924180165
2020-05-18,21580.094003196522,21305.94752554138,21634.042809988452,21751.394289704676,21682.995244848793,21574.3266280286,21548.500320283834,21392.66502491547,21423.732723310222
2020-05-19,21526.00679990693,21241.272196475,21523.73815017963,21675.950682010312,21588.363487458846,21464.215945948505,21449.843090465227,21313.450029066295,21347.39185805741
2020-05-20,22955.84539597839,22727.6131670027,22962.445692360077,23116.662870217304,23041.46952107607,22915.853893244046,22901.014687072933,22780.709373811595,22818.798676343147
2020-05-21,22705.841887034057,22446.45482783265,22703.22990452206,22844.894714348284,22752.38117832203,22622.612340453215,22592.8397422779,22471.447938292662,22514.47780190318
2020-05-22,22784.21263691625,22556.2792200893,22778.71539537391,22967.07183003004,22872.003730269753,22737.780884598098,22703.752656565273,22580.657470003633,22623.831628298503
2020-05-26,22722.70608110796,22572.098602378643,22702.221997141216,22836.15648684213,22782.91572247713,22655.130742366477,22622.281007275862,22538.36837769405,22582.73507294213
2020-05-27,23846.719797384107,23697.739577281718,23762.349050641187,23887.274527734255,23868.013307308913,23751.0289256245,23728.10063644836,23660.62895962932,23704.502759533305
2020-05-28,23815.65173433976,23650.037883035337,23722.721870544094,23883.87005726935,23860.0943858642,23744.57971705553,23702.18336820655,23622.362748658255,23670.579761490088
2020-05-29,24164.617780380257,23945.42330622615,23839.778850414208,24081.97066924123,24084.494793551956,23982.550295032415,23956.672548657072,23884.59602214677,23958.53754216539
2020-06-01,24237.10282271444,24022.47471780014,23897.99638249689,24099.29625923032,24089.440230548607,23981.778737509223,23947.93898360595,23891.961984149206,23974.229435476343
2020-06-02,24399.67852567244,24237.138918630702,24083.152806229482,24268.187732188504,24295.65809332794,24200.45525360264,24162.146372423067,24117.902961464853,24198.964393052036
2020-06-03,25509.443932010126,25462.80670584507,25177.757751200388,25342.459589934653,25416.215664666764,25325.203283359016,25302.92397745967,25320.009123942073,25399.858439081934
2020-06-04,25330.535539875775,25212.630113634947,24931.142125147075,25101.023191538516,25187.441770029538,25093.882551090406,25079.095921595814,25094.707786881117,25166.516192906158
2020-06-05,25832.77150858127,25821.836950291574,25598.913670548176,25729.313045668798,25808.16386191976,25736.87809220217,25731.16921926674,25769.46525941892,25833.44018126142
2020-06-08,26033.235868833755,25980.334658750813,25687.581605888445,25826.593520533417,25933.589837401578,25868.115271411218,25850.632282559374,25882.71700933457,25951.63576216729
2020-06-09,26221.845470495624,26038.573705402636,26065.827357749396,26145.560390009545,26175.415638931147,26073.721245771343,26052.93857577664,26039.83034733814,26081.42544903591
2020-06-10,27536.545199156284,27426.239719731442,27739.866352751866,27788.79077049978,27742.62552323867,27610.07790240236,27574.59062601165,27506.018777256228,27532.556482562923
2020-06-11,26172.1332026311,25863.47454602792,26249.191069811288,26264.911643011423,26197.04642305566,26052.739484312606,25996.970036551407,25919.231124237467,25945.084754780026
2020-06-12,26380.14652560411,26181.578019368593,26486.378394133204,26592.250641630715,26536.84068814945,26398.342691940397,26344.382075484064,26266.437115850167,26287.503263969396
2020-06-15,26701.127457198705,26507.607082017454,26696.979916042714,26813.16760277412,26754.654710963718,26613.208006101253,26563.973758152493,26505.351252123037,26536.566504383805
2020-06-16,27159.657732051615,27065.51804762879,27295.607754670724,27370.350694223464,27317.03265218879,27183.777454063522,27134.758875894557,27086.929262290774,27111.95432411309
2020-06-17,28245.771716860636,28044.71574389878,28320.484529853788,28413.023103761876,28338.25933215859,28196.0500438666,28146.707429012462,28101.480476747445,28124.644614773206
2020-06-18,28322.293345475045,28197.834653866325,28434.371999249055,28562.753993969458,28507.880314978116,28362.256695333224,28301.993897980985,28249.045758656594,28268.9994879033
2020-06-19,28317.654391547672,28010.816291877014,28214.636640459976,28385.141250377386,28304.403038986304,28137.304538356144,28082.291903018973,28026.388090652086,28057.82196806465
2020-06-22,28657.259964082055,28529.494607047516,28908.515967113675,29055.188268030506,28938.892922867824,28755.77812527353,28680.16288038477,28591.2664550757,28606.903396045123
2020-06-23,28901.156592430634,28716.98775127803,29280.30290873169,29359.072469150495,29221.358997362062,29015.357285940307,28914.43690408082,28814.485089094855,28807.20937476185
2020-06-24,29305.341979996076,29067.983348077927,29658.30905592971,29740.380544894095,29606.084922423448,29393.271661072853,29279.6715191913,29159.0298197222,29144.60884161847
2020-06-25,29584.317442167798,29454.18644270634,29999.971301099606,30128.089797511922,30023.44195478064,29795.60426174565,29671.435086035064,29551.073027020513,29534.91600917483
2020-06-26,28885.677600679628,28910.0907456362,29242.23492965639,29426.742967592774,29364.80965700325,29157.400387859925,29034.621934753985,28948.293968000457,28948.02570157151
2020-06-29,29200.724756223542,29204.536271228262,29715.06750141132,29798.906183438092,29715.114077277052,29496.7157207541,29369.46409753788,29275.47393305124,29258.601710826286
2020-06-30,29773.1051181602,29734.772875772753,30192.99890354807,30318.69752527278,30230.177024610755,30017.98096011856,29905.568728775088,29816.832437382294,29804.769548792105
2020-07-01,31120.61470706715,30805.183983480754,31245.751544224262,31398.253118062497,31284.10379963157,31082.957606814838,30963.97025151639,30874.50010618801,30863.8926586065
2020-07-02,31331.819664342383,30973.8976248702,31378.875202906234,31531.441248745577,31425.912363329386,31232.056320951473,31109.775894563936,31017.309308146967,31011.142343891166
2020-07-06,32102.10292052836,31463.478410362946,32041.049917938475,32180.958159844125,32035.501675140007,31812.971077732123,31685.079154043295,31592.580638067036,31568.373470378676
2020-07-07,31880.953731484507,31174.578467288207,31731.824785355646,31897.515769140286,31753.161089788504,31528.121434471872,31386.35611108715,31288.077794317353,31256.918878210563
2020-07-08,33300.88544293625,32715.99161063771,33327.44729073053,33500.92526126029,33326.767651202594,33081.513624682564,32929.918403581876,32818.50816579047,32792.75548809782
2020-07-09,33581.39278403043,32847.939095976224,33390.48005360922,33643.41968631019,33468.81413003469,33197.31942676539,33056.014062823095,32936.46576145512,32911.48065681846
2020-07-10,33810.66394777819,32784.23756731182,33428.95371740356,33658.94508332262,33476.67863440918,33206.77242353655,33057.929708079624,32926.182907506234,32893.6339327862
2020-07-13,33115.16745933918,32035.806065549812,32854.61707511246,32943.3172720613,32784.23660895124,32522.156177440185,32363.68352568701,32217.617628311047,32169.464332131905
2020-07-14,33349.55859671224,32419.11428774699,33295.6104843581,33346.17584944557,33188.04440101571,32900.266127584924,32748.636826756047,32606.4518462766,32559.520116157262
2020-07-15,34417.43823122498,33621.59259730308,34468.09287469886,34455.70506239806,34291.608532741535,34034.61306637124,33900.809282773975,33769.62159967903,33723.1465533137
2020-07-16,34182.628188899085,33197.21710887207,33952.03648987156,33956.8811947526,33833.21957033211,33577.071669659126,33451.01035014847,33346.73791216477,33307.37539956884
2020-07-17,34222.203149413275,33394.15756180584,33948.16253582094,34042.16262544788,33938.0430476303,33704.459098075335,33585.6928693123,33496.18536792503,33472.33854559572
2020-07-20,35193.124138003084,34271.02958150835,34930.88335043602,35031.44778867306,34866.775612230565,34601.50465590326,34486.172938590535,34378.33233021243,34347.70418943203
2020-07-21,34826.38852525076,33940.44058417249,34477.28668142298,34564.97997651888,34434.87987958116,34193.097038775406,34089.86540989896,34001.68965687203,33983.027854202526
2020-07-22,35949.0646475823,35196.0190192423,35788.9268378798,35849.89109024767,35695.68072122753,35445.400088273935,35366.78959852289,35270.9381900815,35247.470684678614
2020-07-23,35010.08099969365,34330.89273178007,34456.5774570464,34654.456239733336,34581.049709146246,34378.38658094776,34332.233046813424,34303.65373569325,34315.958849304705
2020-07-24,34677.627864533504,33888.07456906395,33915.04539762168,34184.241039252316,34144.70429882806,33952.265984119294,33940.07479197905,33894.75590245077,33895.48222766332
2020-07-27,35296.39416597026,34462.40548833713,34414.59168283665,34709.73238661399,34661.77593998966,34472.826558024055,34462.79389592061,34442.175509682784,34448.51591585881
2020-07-28,34847.24527908076,34050.95832610616,34024.620638845954,34300.09544722637,34258.4147399945,34088.60447476348,34072.25205039717,34027.161993115784,34028.02059698837
2020-07-29,36248.89871619914,35633.74944428768,35432.58728509959,35759.15972963325,35717.44556397495,35527.36506651059,35556.77772129416,35539.83574064102,35546.7966578053
2020-07-30,36438.68787968165,35812.50290258629,35536.60149186723,35888.50909308517,35841.49960202347,35721.26428532382,35748.79952099222,35737.842992103106,35747.80405076091
2020-07-31,37088.947737964794,36655.440163400715,37145.2885290156,37264.7796675489,37072.93138424566,36863.30119689855,36832.34841977011,36730.29278018631,36713.44638168423
2020-08-03,37589.89990618821,37513.2689422854,38373.73006590563,38395.95596322369,38117.57367829869,37881.452697238536,37811.53430255165,37660.75763230427,37625.03567202391
2020-08-04,37729.434608957075,37636.169343274916,38350.39152091254,38415.873449463485,38179.86623291761,37946.71924722047,37909.41525887081,37754.697670354115,37711.45948649533
2020-08-05,38822.92974126569,38801.27421625157,39546.07344741492,39613.63200687195,39374.41285442523,39119.155852613505,39069.885052289435,38916.858178800554,38865.08465160485
2020-08-06,39337.14468930658,39268.92262697351,40454.14106546519,40460.82553367519,40137.871298152175,39838.1278991799,39747.97345550884,39539.84319654135,39438.61572184777
2020-08-07,38883.095353318095,38634.32896243392,39701.32185041784,39700.6706961343,39443.431224278436,39179.94495048095,39111.529275081884,38907.65473803993,38812.84080204869
2020-08-10,38716.9426365906,38512.004778057766,39695.78075989465,39629.90950119619,39381.811994275624,39092.178536061634,39014.42934387572,38801.29279961653,38693.36005227269
2020-08-11,37983.60405856204,37830.287019576834,38843.56769366868,38786.697548698365,38606.40228699732,38354.883164067,38260.633692720534,38087.79494879029,38010.877197987975
2020-08-12,39938.95048503682,39659.82498059987,40873.11854560942,40796.67559559461,40551.18509754401,40298.39166935486,40211.417957356694,39996.45955965821,39886.8802697831
2020-08-13,40030.04441494518,39756.54844767637,41126.03468866057,40867.218965063366,40592.19612616692,40336.26500952883,40230.040525065764,40037.26010608808,39936.9066647782
2020-08-14,39983.027593818886,39658.51616612635,41128.07263177552,40853.95102955174,40571.498829015174,40310.08415734065,40209.497519590994,39994.14427782682,39885.97810512045
2020-08-17,40447.25136305876,39998.39243258357,41255.6932499596,41128.51186656947,40840.46554028232,40565.27272722574,40460.5848362819,40274.54300791814,40163.20348508766
2020-08-18,40836.5705187125,40117.3491258436,41485.768915611385,41384.82272343332,41086.18426018372,40789.875089106456,40657.660600344716,40455.73364124063,40331.91086340759
2020-08-19,41561.853703530265,41054.600820513064,42450.32952430635,42326.738970231396,42032.143466295056,41723.85707092739,41581.99766114144,41379.82178242237,41249.31962627246
2020-08-20,42138.38061314414,41583.84213999211,43352.425129280244,43192.224351525416,42803.373521741385,42452.47263528677,42266.40651806328,42013.72197639197,41853.3104272618
2020-08-21,42430.41525012159,42016.61540632334,44303.15001302308,44008.60417084527,43537.995762700186,43148.27000354664,42918.887758624944,42588.78531474514,42387.32009643282
2020-08-24,42695.354478545196,42358.282321736704,44691.22663137701,44357.02125802389,43895.30910371631,43523.59624544977,43295.48384922087,42950.82227229099,42740.95404156731
2020-08-25,43031.03013973187,42560.60460095915,44779.31036168531,44520.56937799781,44055.22448161453,43705.18837506828,43507.81768736424,43160.23356938196,42950.30355789871
2020-08-26,44949.2856363632,44440.877715282615,46462.42945474455,46630.90299451257,46078.15470636463,45688.65450012126,45455.022989666046,45048.040910919575,44826.82722783885
2020-08-27,44809.1783541521,44413.47821816449,46628.75897464186,46703.70259099729,46137.20588934851,45759.416448896525,45494.82094513534,45051.03479767628,44812.86364454477
2020-08-28,45037.04492887503,44842.51626518333,46973.7179244852,47062.21938618479,46504.39873143974,46131.54395039123,45882.912843001825,45486.153165063,45246.15472926642
2020-08-31,45398.847602196314,44979.566031576214,47373.78564227803,47416.464298765444,46785.11337119668,46384.198320427095,46135.2191674919,45693.547710901104,45448.43079642351
2020-09-01,46174.776604217914,46050.08516560021,48413.56647771624,48461.97994076323,47784.921186069376,47350.59623446869,47079.731118263175,46606.04249311965,46353.125430778564
2020-09-02,47612.02053714578,47379.057757092094,49389.31805931867,49561.488098411384,49010.09155500854,48617.46539640411,48375.40262995813,47949.383660109714,47713.169301416565
2020-09-03,45198.09306851491,44577.16005808325,46086.3177866794,46386.401295373274,46000.42190410568,45689.08602583412,45474.20597894838,45111.745449040725,44894.55175089021
2020-09-04,44595.778208458585,43868.61767940578,45708.20003389373,45801.64783339675,45422.66869308734,45109.056500233164,44894.04081566131,44512.88020493477,44277.3241627041
2020-09-08,42452.33788098655,41957.26364985675,43228.76031021402,43402.89048233031,43190.53147384389,42943.12382780532,42747.48947299296,42423.885219519616,42240.41433495525
2020-09-09,44699.40241523138,44281.91242041057,45860.23470147857,46048.23244404867,45777.50193612722,45488.813846923804,45251.94296922317,44858.01315041012,44645.211498848366
2020-09-10,43808.244596817436,43347.848236846265,44579.81136993869,44862.45693823171,44665.33269932571,44401.05031817488,44186.528185786876,43835.084019630754,43648.555585234084
2020-09-11,43504.2102348853,42999.92434363763,44176.43698677845,44439.66704698361,44280.53565515473,44027.12957083051,43813.117319797944,43493.6260831389,43304.41421638091
2020-09-14,44261.86040699504,43914.62704157316,45070.468638376464,45406.76934332766,45218.893753539145,44938.15298589906,44741.79747663555,44414.64731411321,44210.773491223896
2020-09-15,44889.21159114443,44394.238179462904,45391.1784071836,45779.45515331804,45605.70957116015,45354.99844616692,45171.426760414986,44863.14102724964,44651.048677967745
2020-09-16,45173.38076328172,44729.381519854054,45509.78414980214,45860.37602316005,45768.29305367905,45540.2498249842,45383.47276001914,45133.2574677016,44948.742153630155
2020-09-17,44467.694080675275,44328.40150010016,44989.45754116735,45346.3930651075,45290.95165119524,45091.13898081262,44968.76512379142,44726.42850767511,44556.91223707155
2020-09-18,43900.15984710759,43677.721281265935,44034.144058203805,44465.014516677256,44455.8725687836,44253.87919923274,44152.964654609445,43957.73048495223,43821.385248522034
2020-09-21,44005.42653231449,44080.182427342916,44653.61851457213,45080.869881554325,44992.29841107305,44753.328162452526,44631.426535880026,44380.64954962913,44223.96797093857
2020-09-22,44823.01009444878,44811.63992234529,45480.98624339382,45875.28798423298,45761.69716354206,45520.528628180604,45384.87501506582,45119.616417039055,44957.6240368413
2020-09-23,44454.35078111997,44472.09157674265,44836.77583393113,45219.016351289225,45163.43688195103,44955.58757956426,44853.09697241892,44644.34190161032,44515.397189119816
2020-09-24,44661.34504439957,44608.82619974753,45309.22376258384,45611.07365502242,45465.57816224462,45259.67440652118,45145.58609354166,44931.061720003236,44781.944833287664
2020-09-25,45699.67316830539,45732.7641217431,46560.77225228826,46856.91096982974,46623.4132812913,46411.30607886272,46283.565706193374,46042.01993321387,45885.20746948694
2020-09-28,46648.803841365436,46580.22622745619,47377.91257276521,47681.960669182845,47475.87793132494,47269.85008590745,47136.13240486178,46900.49377067026,46730.4449124766
2020-09-29,46438.45277057801,46452.51131526945,47007.61620560089,47433.37173958332,47249.15101577316,47057.82943957375,46955.775548664045,46748.81354261391,46591.73543466788
2020-09-30,47756.51427181062,47798.10489442989,48638.03653369276,49059.7337342985,48835.03543986636,48603.59863594947,48447.13900666385,48179.890550029595,47999.1547857432
2020-10-01,48514.51761190426,48393.55117005118,49128.64181696001,49517.9728081467,49265.180056354584,49033.80980991723,48897.406735742516,48662.33631547895,48497.365314034185
2020-10-02,47149.755155651284,47279.38521525372,47745.86420548868,48114.208345954525,47910.15957556448,47713.30828079824,47589.37302595769,47422.503638595896,47307.621353588176
2020-10-05,48155.28065766707,48353.65489720727,48890.55757902748,49244.435361162825,49008.225110861815,48806.88166834779,48683.08942271717,48519.85105405276,48396.6591161625
2020-10-06,47295.85919507537,47687.613923626275,47769.529131578376,48271.93352302925,48109.22999110572,47944.11351060419,47843.7545792362,47718.501807681976,47631.72355473437
2020-10-07,49114.03420881184,49590.0006511307,49613.055874785074,50192.09382760324,50012.430148732994,49841.53234632449,49734.33975634617,49624.3798739901,49535.21183103666
2020-10-08,49375.46437884948,49807.71779647109,49696.59385547179,50247.37947275113,50138.64997318664,49982.24294079107,49900.32671948445,49822.86696495584,49737.10801457516
2020-10-09,50129.92010123734,50648.8057914642,50626.54049130483,51108.93159389062,50951.099537236834,50784.53052939048,50669.19366541456,50587.187756514744,50498.82168606912
2020-10-12,51677.46867769045,51925.328077138074,52612.635665993344,52896.62399199455,52604.57308692059,52355.622895727436,52191.671608259036,52028.99705065164,51901.12375330944
2020-10-13,51675.72152057326,51673.14670751305,51975.31772497586,52411.87933975013,52168.13384019818,51939.640343374245,51806.17467291786,51686.998742839554,51578.71491811292
2020-10-14,52244.06832854608,52383.39193297186,52743.50178451988,53101.888129035615,52875.03129148093,52658.287758159546,52514.80485531297,52402.750182695876,52293.59477227154
2020-10-15,51893.461400272965,52185.402761324636,52461.48993955891,52799.85719542308,52585.1443067537,52368.29780895472,52230.4598864459,52157.20725503773,52060.70601888614
2020-10-16,51609.049186724624,52019.32821677812,52142.5557446211,52549.721244356624,52377.23547025595,52183.40900243405,52052.39238161895,51987.99208101763,51900.777801020544
2020-10-19,50766.5226767552,51224.14614268116,50938.98947082609,51398.61753028509,51288.934289292,51120.92655360339,51016.449808135396,51006.32843141047,50952.60154759996
2020-10-20,50875.64273570308,51289.61593935137,51262.92168399804,51690.212083794024,51532.30509861421,51336.669458995304,51231.750072765695,51189.61892645816,51128.205391094765
2020-10-21,51836.28555011583,52105.981514305844,52171.16696020395,52659.538499508344,52487.51294400502,52280.65720167554,52154.802672834616,52090.30313003933,52017.41609259963
2020-10-22,51834.45196118644,51899.22422238333,51945.465285561106,52286.623077018885,52131.66978322405,51959.14450892538,51860.115503495406,51820.65315674547,51751.90745469277
2020-10-23,51936.60823496611,51868.300971980934,51667.381298646986,52065.75518221828,51958.14133238422,51829.53707934411,51741.21947515326,51737.23380359211,51690.50241649167
2020-10-26,51157.759624193255,50748.21334759761,50856.38243498123,51089.818510956684,50902.39372660314,50765.18015378927,50679.56886477484,50644.76565522196,50594.13806508113
2020-10-27,51557.22254066793,50976.15229167388,51352.08185666977,51590.39136841526,51342.39039980002,51153.003073241154,51014.57841016865,50955.56982868581,50871.63776962581
2020-10-28,50547.176623841464,49941.14429123644,49811.723483354,50091.207820999836,49950.7757200006,49844.71488207173,49755.19600334572,49765.252074450385,49714.42954026475
2020-10-29,51431.056697217806,50648.84238926331,50971.01892003202,51123.92074063517,50975.66829869996,50851.104138489776,50761.736135021376,50745.991245925296,50657.38789453779
2020-10-30,50126.621968440006,49504.21947174598,49282.71747171276,49524.4658764032,49513.6057555709,49434.45721579427,49378.39781496112,49400.65815880255,49337.878968149475
2020-11-02,50238.27536472746,49607.22394480478,49333.351493949194,49582.63266288718,49612.444005623416,49523.415140014564,49465.12530275902,49521.00886758822,49469.70310531179
2020-11-03,51107.26714212342,50505.969975115724,50207.40809846879,50428.486436898325,50397.610990368004,50326.29178323198,50285.50941199309,50379.57147586388,50344.98069740355
2020-11-04,54388.623499995316,53502.822813032006,53327.42341901266,53637.61285131207,53471.169398357204,53370.86244257486,53322.816610938695,53361.00603841139,53328.46933946816
2020-11-05,55806.58839204143,55205.8943142186,55013.51088037823,55294.66568555335,55147.89108852878,55076.8901563998,55033.1728991285,55070.28519059894,55011.77809150845
2020-11-06,55848.278612917704,55463.21300780773,55027.88512272421,55360.86739658443,55225.167213104476,55171.53677854822,55168.38664107979,55297.147498755454,55254.025122548876
2020-11-09,54707.097955718986,54884.24192100766,54594.7053109102,54649.14271017277,54538.013602402694,54562.5610467332,54609.84228702535,54770.48624978776,54722.74561655574
2020-11-10,53727.045178198474,53749.97931591819,53709.301972534784,53618.024933110246,53538.19687744515,53562.90485376984,53584.85778827407,53704.83346693124,53658.895153761085
2020-11-11,55928.88849256702,56063.68806396979,55996.1162859009,55997.942082267735,55910.014026504876,55935.71925282684,55945.5791317491,56060.26684779928,56010.34477167289
2020-11-12,55666.37093498944,55627.58892422846,55660.36891332643,55590.79220061486,55448.77748174676,55462.38818002663,55472.85942178186,55571.054703289185,55527.448827360044
2020-11-13,56154.722906872084,56065.40432263197,55889.36954515294,55909.29805045588,55796.684924297064,55829.326843832416,55871.00619305437,55998.92415944167,55960.805385784784
2020-11-16,56592.86436877644,56616.979248219555,56275.121256310485,56306.978970924436,56240.31295945474,56308.414134335966,56392.42601357568,56555.014638350585,56511.286166984726
2020-11-17,56413.36591422045,56453.23505394767,55770.39919981772,55932.89767160821,55876.568733736516,55974.01128262389,56082.410963453796,56284.73210383755,56262.67395762625
2020-11-18,56996.45210624907,56865.47658586459,56143.14178978483,56340.25077121069,56285.130652057094,56374.78676522674,56491.1000515467,56681.74010922788,56656.58670606383
2020-11-19,57442.436650407,57488.313878834444,56394.223566133805,56653.28735401496,56632.41584206094,56756.44839059947,56918.823680404304,57174.60377393738,57177.41777388462
2020-11-20,57049.478370530094,57026.877502978394,55686.094420864436,55949.71735282278,55990.57450452159,56098.26240920823,56281.565367452,56569.4000019667,56599.08793090842
2020-11-23,57051.47197920123,57063.714299676445,55102.20534824826,55575.09501950591,55733.08052689036,55855.11834152824,56113.24269564961,56501.196395778854,56555.37227059095
2020-11-24,57853.045509235264,57740.95833406153,55900.1556880791,56332.864472790585,56529.144146537765,56644.99598840197,56895.4933590526,57254.93146167994,57282.39522870046
2020-11-25,59208.646916349186,59011.16160674504,57131.04300063153,57541.41908012121,57706.97545388528,57810.535919986,58053.180515267064,58444.55412585545,58470.930040971034
2020-11-27,59754.21021611522,59448.42872183655,57377.30371224532,57779.241623846225,57943.933564731524,58053.22735147721,58313.49661784953,58749.870729598144,58793.1586137019
2020-11-30,59876.11543838925,59848.201407098626,57832.739473869115,58209.011830367446,58376.98267037532,58492.9133125137,58758.463363437564,59170.569292424814,59207.98881548228
2020-12-01,60643.49861014099,60344.37297889424,58948.78780817236,59142.101931223406,59285.5992745618,59391.29120116946,59652.00508767101,59986.92244690699,60000.99681039108
2020-12-02,61721.42900460502,61271.20649001351,59975.52094836804,60011.54125972229,60147.23573616493,60232.374124163274,60518.10955361556,60875.434221824275,60897.03134949677
2020-12-03,61808.77866096863,61309.28849444258,59762.58385406137,59875.06378821344,60011.42366769381,60110.12272971475,60411.44763530327,60821.209350643934,60872.85585067883
2020-12-04,62060.656207896696,61996.945127070976,59872.245203103135,60100.72664129815,60382.98053293997,60555.890335017546,60911.58506711093,61381.53070720328,61451.35092422396
2020-12-07,62412.08398070178,62151.15451892964,60106.27787940639,60313.58342482894,60567.04712732811,60742.86883585199,61091.96876407455,61563.152148177905,61635.235656385186
2020-12-08,62623.359316559705,62432.3940627432,60405.163561352565,60529.56221597773,60764.12894634924,60945.33477351032,61296.29244966019,61777.289818949546,61875.95551534597
2020-12-09,62205.4926052926,62151.44292992957,60236.47815653595,60349.008095151636,60634.73683168474,60810.83629119563,61138.73074623149,61579.57732818039,61663.653866262786
2020-12-10,62455.272422871465,62426.19463684495,60363.66801918025,60465.5948998129,60703.7847093074,60877.802737425256,61222.25302876413,61688.91916600023,61798.131459314536
2020-12-11,62316.961245959574,62315.57120025905,60337.3033032479,60425.90355753022,60606.74568820197,60719.883440920865,61065.919844271164,61543.81005075522,61664.39093908236
2020-12-14,62769.101024964715,62582.95502842942,60404.714734210516,60632.63483713836,60824.67197379391,60920.39850717491,61278.78576735542,61781.376360116716,61903.26269762756
2020-12-15,63440.060010815454,63622.99543603955,61888.4824526042,61853.00739743424,62006.90462796391,62042.325390258244,62384.504484636076,62846.21943227805,62948.936927113
2020-12-16,64788.947719329255,65085.861951865416,63346.288996825024,63353.107538735516,63521.59137197884,63557.63851779766,63889.09998537082,64336.20362467738,64437.67544542249
2020-12-17,65212.513810588935,65678.81823719807,63683.081295407675,63753.124934773325,64004.22517211332,64057.68918913822,64364.489586536576,64840.58579647632,64969.17999682308
2020-12-18,65015.406435163306,65502.43089050404,63031.68980967236,63258.53995218771,63658.142000986736,63734.04100105801,64049.05550716402,64607.98034714502,64768.9811268412
2020-12-21,64893.79192692635,65676.94752529582,63634.404218539574,63683.2843440039,63949.003692202416,63919.0040775986,64200.55430848251,64697.24979069791,64831.45883476674
2020-12-22,65070.23139824325,66386.27396848406,64524.24036331743,64504.18789618295,64711.08195839761,64611.16146840683,64845.391864565456,65340.29060007769,65487.09467016857
2020-12-23,65742.53442087854,66782.02808529056,64961.95096567117,64890.32862695042,65110.02916847962,65028.47556646279,65250.62406904938,65721.82346660951,65873.02171892636
2020-12-24,66032.65230118147,67225.92273163624,65547.83834351787,65371.184028953445,65566.03010883697,65521.92773178626,65755.77163076964,66210.51455816232,66350.85364684905
2020-12-28,66698.16260648498,67698.36491757998,67077.74322338079,66575.87088035762,66627.57136161899,66485.02285488429,66664.15603391484,66976.33912692554,67052.23009546344
2020-12-29,66757.89315425094,67250.69005849343,66718.9692584977,66271.44560725756,66309.84494625038,66183.56767009052,66352.45051668266,66611.09384198746,66665.48773834946
2020-12-30,67760.02686888265,68340.22141288228,67392.92748501379,67000.14081071308,67114.82153638887,67006.25736483783,67238.28571123685,67580.66037648417,67658.97688182221
2020-12-31,67926.72240348272,68400.15900868269,67270.334818138,66962.1428864997,67159.4051359386,67097.895357841,67359.73226244231,67707.18081718191,67788.02564965255
2021-01-04,66967.61505073801,67263.35770082899,65911.1286946252,65718.37896159326,65915.0211920361,65836.88844628852,66115.77917610102,66501.01535968602,66579.42402766203
2021-01-05,67519.70519590612,67816.28752880837,66273.66349704962,66115.55841614984,66319.46122437408,66228.75254570856,66552.81906887583,66989.33011451882,67068.9615484657
2021-01-06,67584.39294754715,67691.06257163397,65516.095542611234,65371.3260954301,65774.36881743683,65747.68768430316,66128.85390722052,66696.01511217904,66819.60924674368
2021-01-07,69219.38285385411,69618.09496065314,67394.44703861464,67215.98977814613,67578.24917688781,67487.8551317062,67882.59190795051,68514.64390266781,68654.67559867821
2021-01-08,70109.4392387643,70126.32922037425,67866.10199758486,67728.91048231273,68107.39570632495,68043.97564203793,68419.92899073058,69029.5946300332,69174.79456062023
2021-01-11,69096.32521165663,69527.8216955126,66801.41438789103,66790.02939773552,67234.35199883192,67204.66327619925,67631.2972596817,68298.38257111765,68477.51392158822
2021-01-12,68986.47757782081,69425.78607730546,66390.57346197442,66444.73707514955,66926.2520116128,66855.46308920534,67300.85894611554,68043.31695216,68248.1227361192
2021-01-13,70452.35053937574,70773.12948122057,68254.50316933605,68289.67749514054,68686.02100168774,68539.60637776251,68914.00158691559,69554.75870169501,69705.90164259331
2021-01-14,70075.6111737466,70331.24400516515,67045.16299538116,67186.91494103581,67716.32026716154,67638.5061094186,68107.36547510161,68889.39088022459,69080.45913508642
2021-01-15,69520.5259050561,69590.78283494773,66399.22523296936,66516.3659624435,67042.77318252332,66988.03187504472,67435.43143933966,68201.0831284323,68405.29836856201
2021-01-19,70534.82690260815,70458.63537743904,67035.07598840678,67149.2048604825,67764.80182458617,67745.91486248045,68259.01387777181,69050.74634797292,69253.98436322232
2021-01-20,73175.52620684222,72792.24156141849,70186.01341112115,70085.66344768356,70515.29211952786,70435.09656607357,70852.56369828111,71497.43833110738,71665.58443384679
2021-01-21,73760.90970606492,73635.8464233984,71676.73258892127,71474.58342621679,71773.84323778615,71616.50093608725,71997.78584017527,72493.9019917989,72596.45928913205
2021-01-22,73548.4566171801,73419.89941867747,71953.0277127793,71601.37740275003,71748.30004648305,71490.5829952428,71838.62302350422,72312.16460591227,72408.09860055857
2021-01-25,74156.41905159614,73914.35482744621,73231.61921888139,72583.37466505493,72607.55286030582,72298.01781745692,72608.48091469862,72967.49442422732,73026.80117129843
2021-01-26,74264.90634223448,73678.25021412133,73549.62745057377,72774.21803883438,72773.01030027933,72451.07696693,72708.35853829632,72936.49549382573,72959.03627220835
2021-01-27,73194.6333620883,73198.87590967109,73875.61339818385,72921.02487074671,72755.81196893267,72333.36314013999,72466.54471872172,72492.69025369582,72500.96801368568
2021-01-28,73627.71716524658,73587.66733061805,73531.0530789328,72818.1754778925,72768.17461094755,72432.67161730377,72660.35873645952,72835.16068900452,72856.29984336514
2021-01-29,72078.7178945284,71881.1618017444,71218.84643473795,70791.55236923158,70876.74772586493,70613.03566939742,70843.77659426926,71077.06637442017,71139.87581517377
2021-02-01,73879.77154823902,73685.8753700931,72862.20148545572,72403.58243029285,72548.60764005338,72311.0963921198,72574.40500230147,72853.86279791879,72926.58737496816
2021-02-02,75085.05569548297,74860.37643562033,73429.66871499088,73178.51548201474,73355.87615578782,73172.33879135129,73483.25263249777,73851.09526004318,73944.95562704929
2021-02-03,75787.16732701179,75584.13637522433,74460.69024769601,74204.20832376498,74257.26023458994,74029.24275658275,74284.67489380988,74597.93969850443,74677.56685882004
2021-02-04,76683.4837154519,76853.16592657112,75627.64728829994,75542.34547850263,75540.96151785337,75202.41699058645,75491.17801340617,75817.1248098595,75890.80079026842
2021-02-05,76943.56113196882,76867.68187117542,75462.97399419855,75444.06008843171,75412.22207866673,75051.7148065722,75324.10444956299,75672.85651812528,75770.58156839917
2021-02-08,77459.04123921768,77748.94801803607,75627.72077440414,75915.69133939935,75978.92899789468,75625.96316331411,75994.69939140695,76461.65506730105,76567.59255544914
2021-02-09,77442.7896063163,77773.84561922445,75433.38814373966,75711.36867001926,75806.71712666412,75447.37500660587,75806.75824682627,76300.56893165626,76438.62451863577
2021-02-10,78266.32237151159,78634.9072922976,76254.63619244352,76552.59065059447,76635.49668725292,76310.5187807691,76668.38910536985,77183.7239746048,77342.44443973196
2021-02-11,78696.74562225261,79491.82440687707,76734.05642581178,77165.77096903752,77260.17886170917,76938.2397826574,77380.32459160547,78000.14750950577,78168.80696227067
2021-02-12,79136.6022175644,79939.18672055732,76814.00541057266,77325.8734780613,77493.94111978597,77195.24535172201,77687.0243270234,78382.97082140084,78576.1744052925
2021-02-16,78922.55955503408,79630.45860063122,76131.46764147075,76964.55994716886,77187.19094186107,76890.72194885045,77394.77197827859,78126.4471087001,78305.33977811763
2021-02-17,79543.85270474076,79777.72902702432,76470.31641028341,77190.33390221772,77423.87688036438,77135.39180442724,77616.71100557926,78305.32871648885,78488.44117592083
2021-02-18,79196.09519039668,79411.87127474239,76156.00470539072,76836.38143669344,77065.65328683279,76807.82460519664,77317.70074793168,77979.31617169046,78179.18117229352
2021-02-19,78850.70536759755,79507.58987272313,75775.3164272687,76434.7899185374,76701.78083969488,76434.59438505591,77036.51875690413,77842.86090454397,78095.87587123524
2021-02-22,76806.91402600177,77572.075007605,74023.32589984742,74614.3606574697,74982.35400598045,74760.99942931219,75323.12639452361,76047.45601276454,76277.3561341915
2021-02-23,76578.21005572236,77129.68276453257,74048.51948113162,74482.9198878807,74824.90238953687,74604.41597334246,75193.72324416731,75842.56585562756,76046.31421204741
2021-02-24,78209.46668752885,79191.02161821871,75589.90187803605,76160.48611441781,76591.81050856563,76439.00404148968,77116.9928600472,77813.80963707657,78034.50089435518
2021-02-25,75482.86937315975,76250.58813516924,73162.41520348855,73593.21264403337,74033.87721922115,73879.3615048366,74479.47155141698,75076.22972131084,75286.15276604776
2021-02-26,75798.96525991929,76795.59461387373,73654.36579721484,73932.85088421985,74375.09778348051,74205.58600170756,74870.96500987049,75522.14868276336,75754.67854342241
2021-03-01,78079.17116507687,79328.88213323375,76278.8647517327,76407.74940197628,76857.02052126899,76649.57612359062,77329.37580005346,78015.58111276524,78235.95817973117
2021-03-02,76826.87077085416,77926.54577683436,75049.23481915926,75179.29685418657,75690.5357328947,75497.90199834573,76137.23187677513,76771.12617366853,76963.54023892074
2021-03-03,75597.34253749231,76787.46488492117,74297.68690732445,74279.11266108492,74805.1394749028,74620.92374049242,75244.44906581669,75780.93426001802,75946.62192276925
2021-03-04,74360.05189499746,74829.69240973731,73299.55801559682,73090.25519611058,73432.29842606618,73194.52068042288,73703.93736572404,74082.88341262058,74167.0110880225
2021-03-05,75479.95285556637,76041.01297151706,74567.37356582655,74370.83640015521,74782.82558671884,74542.42098909056,75117.02197498175,75491.59622246107,75562.10133770235
2021-03-08,73342.81868174725,74078.86817119061,72768.80330766631,72546.08706954036,72963.92061791297,72744.53402527707,73251.34030993811,73541.1206556274,73631.01896035508
2021-03-09,76235.52451409906,76914.04128024193,75144.79397597135,75027.20535472232,75463.14155360579,75210.82823471911,75803.62214156106,76211.02319946238,76301.61333345898
2021-03-10,77017.92845652092,77586.6487571634,75799.43794522277,75748.04682600456,76200.25424639869,75954.49872263598,76499.52146079988,76871.27604613926,76965.03652717256
2021-03-11,78791.75116549875,79503.64781191215,77142.90171004772,77222.3239940844,77640.43918089313,77430.2492367612,78046.18809407005,78529.62169459293,78661.34476329702
2021-03-12,78152.58493293896,78924.36009404836,76614.89299685624,76642.61978272916,77068.65061488602,76866.06389670479,77469.97292846878,77938.75593388287,78074.03496436002
2021-03-15,78987.46758386385,79897.24297473636,77388.8733220179,77405.67218502161,77879.4014165553,77670.4548253893,78294.33260242645,78842.14787037947,78994.26000921642
2021-03-16,79421.01275266516,80326.17549306233,78263.7431917581,78193.91214189069,78603.23339201495,78359.43842957474,78999.2256441467,79465.07437857207,79563.85325990031
2021-03-17,80748.03021603986,81350.50578713749,78915.23420860304,78939.29611104158,79428.99480701321,79169.03933803017,79852.1879904839,80380.94548339138,80499.1896170828
2021-03-18,78274.67333232381,78742.55024243887,76562.85008947524,76597.13348259848,77185.85836880024,76934.76782078638,77538.51174931048,77982.27458372075,78087.27974237692
2021-03-19,78550.61299534501,78695.52277860072,75893.70466338821,76152.72376548179,76853.5435271866,76649.14053970612,77279.09035085235,77792.28159658016,77941.73455420388
2021-03-22,80023.70542088927,80132.68008981136,77701.81961301022,77929.15615583825,78520.33097946292,78247.8609150617,78860.48747664559,79333.90453677301,79452.1630997786
2021-03-23,79674.54806810168,79528.28720528338,77500.59810607381,77719.15770467996,78284.72294293587,78004.73626605733,78521.75466243621,78894.33199581203,78968.57924196347
2021-03-24,79330.84119465704,79308.27237172255,77482.16206943075,77556.18554091848,78164.46885984803,77912.00540643364,78478.45915042947,78851.13329712082,78912.20255546959
2021-03-25,79193.4708426248,79326.41090751791,77217.97410289211,77330.62417330751,78044.78071320173,77796.83055748302,78366.29995346026,78768.04818964256,78843.42184434431
2021-03-26,80381.39250555073,81218.14969514776,78305.88015305808,78701.02366800106,79649.49126026305,79443.17869851655,80109.70109205796,80622.70977853447,80733.79040899634
2021-03-29,80358.48141392444,80607.15799591725,78194.80777421778,78579.31130842291,79458.30961047845,79206.73881368623,79811.28250410753,80227.74316540506,80306.613577887
2021-03-30,79954.05014291446,80096.10761990419,77192.15338314729,77664.04564998543,78540.70993982264,78315.47231535774,78958.00850229412,79468.09759802307,79578.2793274787
2021-03-31,82177.58901371152,82422.52392520919,79363.80725708141,79839.09355617872,80650.26870032318,80413.77895412572,81115.79660454976,81703.02591465673,81829.82522401706
2021-04-01,83578.41557899835,84142.30575442767,80743.19806176536,81250.84303435101,82090.15071604901,81888.35160444667,82690.74053470671,83355.94704342171,83493.2814520498
2021-04-05,85247.03660153969,85632.17178041907,82627.88225427386,83026.85439854271,83887.96458233963,83644.51524074916,84419.72198702335,85048.15396545583,85152.87403118175
2021-04-06,85187.81977210286,85478.12710278068,82520.94141823993,82902.91134660244,83719.35583130333,83438.86715335591,84187.93894218198,84782.43236922674,84901.3959326891
2021-04-07,86393.81675694931,86786.21645805746,84374.49421154117,84681.26367491891,85412.86674319136,85099.64869559517,85832.85634577263,86340.06141198827,86394.85786646382
2021-04-08,87295.20505148087,88107.38030366531,85711.9675974914,86011.91953556125,86702.74962617632,86380.99708954582,87123.70808816115,87652.90935324736,87717.05472265359
2021-04-09,87824.07731785372,88840.0408722287,86948.7351012343,87206.31631333492,87799.49137898357,87437.09236102118,88133.70783336321,88579.8383235182,88613.10524174503
2021-04-12,87709.43742317904,88546.97958393973,86453.16638275012,86836.71775140477,87423.84713225595,87039.09310310327,87708.3108502808,88138.13701611699,88190.1833650693
2021-04-13,88733.28999250595,89500.60442543027,87752.83659163698,88127.90424169617,88554.85314235657,88110.26737252342,88725.89142563159,89118.15139917325,89150.39307571949
2021-04-14,88667.77034121427,89530.68207272157,87603.54686730613,87924.17953808822,88414.51657951782,87995.75858033035,88601.3541729146,89003.41989755323,89063.83053708274
2021-04-15,90011.5596027792,91052.57726939286,89256.5961558316,89665.20186140688,90080.53748756563,89648.61872027823,90237.42025127042,90624.22322310152,90696.70813579476
2021-04-16,90116.96118903262,90911.45078226745,89248.25978734363,89639.91696041943,90062.55742380883,89625.45152835186,90195.46862898352,90536.51156747699,90609.14938960767
2021-04-19,89292.20810085216,90052.88425694326,88977.87845831932,89203.06273343212,89504.724224186,89016.23971652491,89527.519084833,89737.65967411606,89801.6801331887
2021-04-20,88641.40541280062,89140.1840722515,88180.18343969941,88359.73054554306,88746.53999267162,88301.4315288968,88792.6847891625,88969.26492107192,89030.68869629379
2021-04-21,90400.25033190417,91078.74357535082,89862.41523637215,89999.46728622862,90366.99451628514,89976.22875437478,90544.12224346669,90803.10555767501,90877.6082054426
2021-04-22,89310.53053179815,90232.05124209901,88831.14851697105,88962.77143984685,89301.38804334911,88924.76422177721,89444.73244786396,89720.8203412031,89832.94566244593
2021-04-23,90434.87873159931,91547.28242987391,90115.22124794562,90126.11254620948,90465.53254694404,90095.38213200225,90640.18753887023,90964.41950134758,91092.26057016295
2021-04-26,91023.72106560072,92289.33659781498,90327.27513634802,90385.02056904741,90762.31555307138,90437.0210365001,91049.14024694965,91478.18766020286,91638.77320576501
2021-04-27,90629.4157743096,91965.86514444216,90240.27145421355,90226.68308664914,90591.9757141117,90260.29098837981,90874.35920778877,91227.65286972662,91382.51324420789
2021-04-28,91322.98298612463,92238.10133267405,90243.51850020791,90421.87669384619,90742.14934508194,90433.51437912053,91018.46321469768,91414.47174073194,91577.15531175656
2021-04-29,91651.64719268183,91954.37989999924,89984.42834735774,90202.14775605306,90713.67982518594,90385.50757361428,90955.66319192672,91351.2250355334,91499.18983801123
2021-04-30,91050.91154171218,90631.96442734332,89037.45804141008,89159.28071139766,89614.54268873853,89272.22294308725,89804.86868118674,90097.4667821817,90224.96822870128
2021-05-03,90566.01871094435,90268.89092637002,89212.42343145933,89140.07441012394,89597.83971220702,89220.01872430209,89718.63314214378,89932.83461823958,90024.26550762718
2021-05-04,88936.22187109209,88439.13720370342,87090.8891776298,87041.2216905066,87698.84971422014,87373.20125385153,87879.13630554154,88121.49999183096,88228.56176624083
2021-05-05,89637.16995891844,89174.65562830822,87842.5724420861,87799.21137016176,88506.73604397273,88158.31252551368,88674.67076510312,88941.72232778442,89055.25255257187
2021-05-06,90312.81795878809,89719.34300612807,88955.7186060206,88882.51282570683,89586.19591531486,89230.42586113302,89711.17355603006,89833.39768436424,89865.38774974988
2021-05-07,91045.66285526153,90580.16046686641,89614.25385594061,89571.42414753899,90285.80659633502,89910.11965719858,90404.68063776143,90590.0121025962,90630.01376833973
2021-05-10,88746.35104600705,88238.44106981649,87417.87120736239,87422.52157858221,88133.74909220677,87745.2940394162,88129.29625561387,88230.13144334866,88278.75157465498
2021-05-11,88623.77522901332,88160.61651583384,86988.59906734225,87140.02934275991,87836.98607774114,87478.63389971558,87883.85318355646,88034.47879196689,88104.88654078293
2021-05-12,87329.91524043483,86566.03453429606,85632.04414422084,85757.57573201408,86412.0397950206,86103.09528130076,86426.91707263631,86482.56823829105,86533.17214508977
2021-05-13,88005.0780487784,87550.05899092469,86975.82714262113,86951.23697972573,87651.55393436535,87314.35661929556,87621.13632959951,87599.77562426857,87619.7887054144
2021-05-14,89947.94611857213,89577.21092265217,88732.34416244569,88762.2599562336,89439.7879898884,89087.73663708032,89429.57179934214,89460.22502034048,89510.40914228674
2021-05-17,89402.29395222316,88903.11787648927,87943.78864628459,88031.34554470067,88746.93552382007,88430.96246970736,88774.5776629007,88794.68971550942,88861.6118773163
2021-05-18,88798.76498073389,88320.08466825081,87153.03040220916,87307.49423891668,87998.06763175005,87706.21753698637,88046.69120543501,88077.36047774198,88159.24190951296
2021-05-19,89900.71813432661,89630.05493671686,88151.98369532765,88401.55148678468,89155.04176752604,88885.76112074267,89260.23393124189,89358.35542587703,89457.62750888492
2021-05-20,91639.73426368601,91403.88790355224,89717.61980694102,89997.30765361078,90736.34208602461,90482.96731825823,90895.36783196153,91056.96711576483,91174.43060205148
2021-05-21,91132.5340340428,90966.03922714974,89052.58859626525,89448.38114985962,90225.86849459581,89992.54535047035,90388.84607637719,90549.7670632953,90675.81806097209
2021-05-24,92665.28873668061,92548.29424104968,90626.73061465673,91115.6245511001,91834.22528798913,91558.71933597508,91998.42092078074,92167.19469713661,92271.48483011546
2021-05-25,92793.46328475703,92578.15952744427,90601.30162522358,91167.84544093478,91882.24785780068,91605.80593319763,92060.02366522844,92259.9199071597,92353.12766413963
2021-05-26,94116.77159391073,93759.78762443879,91443.99245261955,92093.70818729493,92814.7759253513,92547.87433243255,93020.40923418943,93262.78619226464,93382.28908323296
2021-05-27,93764.64735580226,93364.96222496465,90625.08274805077,91286.41950309007,92112.96850843803,91877.95155659215,92415.77763985851,92712.48219163116,92852.57490286107
2021-05-28,94060.39372222326,93616.43790645503,90598.78189800693,91571.24830956534,92414.10288082802,92179.13751900407,92715.16450332804,92964.39902591707,93091.56289261818
2021-06-01,93747.76328841923,93196.49353727934,90159.18393006639,91100.59151165695,91975.6490009444,91762.79292192933,92318.15335290431,92575.11583118126,92704.84083252438
2021-06-02,94930.84268153567,94727.09006615555,91734.32220736636,92710.57820945853,93610.55040170724,93401.14862633096,93947.85060998947,94141.81668767228,94252.80366637663
2021-06-03,93943.02529199183,93713.02429486177,90903.60179016196,91928.64624870635,92790.086985599,92583.32291823441,93065.09607723118,93199.86449621379,93310.51913065187
2021-06-04,95537.20928939072,95484.4519729195,92645.60039028153,93763.2019884387,94634.4301822568,94387.19082248102,94858.73782971805,95010.40075151293,95114.9378505186
2021-06-07,95821.8753908768,95616.613556569,93048.63540767386,94091.8050449461,94855.73193722314,94539.32761826315,94975.5823234118,95072.26032908385,95164.52487254894
2021-06-08,95867.41478990432,95784.3666778115,93155.21401127262,94172.12704523274,94938.90721537161,94650.27732978156,95013.58178029173,95093.92739959851,95211.66845518304
2021-06-09,96890.1934609309,96733.51244837003,94370.51625590336,95364.77049549694,96107.259355443,95815.1718263713,96130.46469946615,96150.67047147792,96255.43043919084
2021-06-10,97899.83410593713,97604.09562849667,94623.20742890975,95929.04122183051,96635.65385341819,96388.85695865272,96751.5367139431,96843.6966491971,96979.58857818945
2021-06-11,98155.80457464288,98202.45119948054,95276.75658008421,96593.51580325024,97278.66330589203,97009.50271841249,97353.87496556209,97445.5560229953,97580.83255834228
2021-06-14,99096.42375317868,99286.16954909696,96613.61102354873,97912.54479986182,98511.34971667227,98210.58246341904,98557.21655323096,98588.31051849399,98683.80499265998
2021-06-15,98449.22286026344,98603.07749648548,96065.66463049845,97251.8805291616,97830.55874715559,97528.76842181015,97907.70740942085,97930.0154293775,98020.2618189863
2021-06-16,99089.68393155969,99189.60889690356,96905.91156314343,97982.80827011289,98394.01954563604,98086.83677011289,98432.6435762147,98431.01175241986,98538.24253849668
2021-06-17,100347.8680105353,100468.56086183168,98259.70768490079,99398.66813204526,99710.77774169424,99389.93744510868,99751.54653545367,99715.05941399453,99799.08329972996
2021-06-18,99560.40635183702,99664.3519981231,97513.68711541987,98810.9725515208,99013.8416061503,98663.30523675452,98937.56776461622,98864.69185726602,98939.12260826355
2021-06-21,100179.17790093219,100551.56243494966,98714.8453960582,99872.08433059293,100121.52653023948,99748.58214425003,99990.21697334017,99886.02571622684,99953.8487747742
2021-06-22,101113.02202540352,101516.61143234836,99896.8643198346,101001.93275337674,101168.62798224036,100754.54712300259,100978.23524936284,100833.91498911014,100893.15588914415
2021-06-23,102162.4724673913,102446.57475740106,100706.21335667917,101809.00815428056,101980.85685046058,101583.83031829573,101844.80566668452,101727.41062313406,101787.7442260427
2021-06-24,102794.1209247139,103148.67277951392,100914.37665125295,102157.10820489185,102414.98663781787,102057.31425120147,102376.47111929105,102354.7059698346,102448.0210812135
2021-06-25,102667.78383483991,103125.06950776209,100648.66676050448,101872.09270990387,102153.30459276539,101823.79778500005,102144.05092138326,102155.66119567853,102282.4602972468
2021-06-28,103916.4041546802,104224.38444116541,101712.55757620806,103087.06392000991,103342.50766074608,102951.06310919592,103293.02264798999,103321.46483986464,103443.89289069061
2021-06-29,104292.4560605104,104969.5178816196,102634.32777087568,103832.06156428158,104072.7841475386,103683.44042574502,104013.68067821811,104049.44216043229,104168.82233303248
2021-06-30,105127.95242573413,105625.80558178618,103633.05183360317,104734.2942884945,104962.30704678882,104604.77326170226,104980.70140464349,104950.08486877929,105016.04828427691
2021-07-01,105169.45461628799,105660.27054803955,104013.37585966736,105082.78291855709,105274.41826607042,104867.54950044744,105138.9943560199,105037.41351696555,105094.94435297995
2021-07-02,106376.6501675749,106934.32128963442,106022.70183691318,106944.62558161412,107009.3637808572,106506.58372555496,106727.05830064758,106525.07189125728,106547.32508132223
2021-07-06,106836.41414221001,107464.07079759301,106789.28065301284,107630.04272849229,107656.10249567319,107104.05442562426,107297.38994438913,107030.855043092,107046.73734133257
2021-07-07,108061.85180046038,108877.29112147017,108845.66872564961,109560.45325252433,109563.81976354588,108938.14536351671,109016.71248894159,108617.32453370557,108613.39038275051
2021-07-08,107409.19022790302,107815.99016722078,107745.83376086495,108509.3663549703,108587.27117434455,107988.26679671543,108033.15493345923,107614.41767723797,107602.60894258096
2021-07-09,108079.81401195838,108834.52943845693,108616.14198499727,109351.75640763655,109546.4233455654,108943.02497656929,109022.05760656833,108637.86742617187,108647.12408927032
2021-07-12,108501.93540619692,108823.82004436763,108498.2458980168,109297.2813505437,109537.43363845025,108945.69313675724,109054.61630521712,108663.13606508063,108650.99840510773
2021-07-13,108501.93540619692,109059.10627576888,109602.82778041805,110190.66785186942,110294.62984141713,109638.75607563702,109696.86608438776,109177.9559840115,109096.45156882257
2021-07-14,109696.51346537808,110532.2675448591,112112.64104966454,112397.08339605204,112430.22541275155,111709.98454323843,111702.4977559523,111028.13088333709,110877.16720236598
2021-07-15,108926.0772861962,109526.00958295322,111488.58218488163,111546.16852925402,111532.32839359378,110834.457366296,110817.23342641308,110110.44128294845,109956.10388266854
2021-07-16,108043.85191780717,108525.1637146099,110428.01634877834,110514.1971896857,110522.65563618613,109835.34674969946,109784.71460037252,109071.91621224716,108931.37901458082
2021-07-19,107158.58311394542,107211.34396397535,108105.0745587845,108627.23784425115,108795.58187959093,108160.25910199921,108135.17635849798,107507.33471174227,107413.788277959
2021-07-20,108403.38626522916,108954.08914860453,109892.5504253981,110244.23623220764,110358.11026054615,109717.9873533499,109721.49629308147,109164.67452086549,109094.16331644128
2021-07-21,110240.311998754,111065.55957089945,111302.51360636229,111872.83286568777,112140.66016842061,111543.89289071875,111648.66896255294,111198.29469563602,111134.09892099498
2021-07-22,110969.02483947361,111803.29405267499,112543.68758745457,113143.00317607081,113148.93403084474,112525.50686007684,112580.00305495152,112053.99604211381,111962.66484096138
2021-07-23,112264.85238987303,112900.38149587504,113866.1134238559,114224.75364422206,114186.71074986136,113588.30368262623,113651.50436493446,113141.60755457182,113072.61182762936
2021-07-26,112353.26730839406,112927.58477867255,113937.15646913422,114235.35894595586,114207.07663981523,113602.26938516396,113657.53557923563,113129.50763239278,113038.26738076496
2021-07-27,111115.34327551932,111697.12568509029,112727.41199967657,113025.81582954022,113021.03016489596,112460.34592784791,112499.869618655,111940.11155462184,111851.67601529977
2021-07-28,112542.22455331565,112814.1994090995,112900.58823459758,113403.70312012194,113473.95860278493,113001.95119709086,113158.53270762078,112792.28666720347,112749.25543639818
2021-07-29,112742.18626225427,113371.74257494308,113351.85918933632,113594.39095791892,113769.0064180386,113398.55436102004,113589.43968472889,113324.22336053,113297.16693429223
2021-07-30,112154.60930203539,113217.93606993607,113057.30790354485,113213.56807819314,113390.45469437496,113083.13739940195,113334.75394652037,113152.07411551179,113125.48311933829
2021-08-02,112163.83800602195,112937.76963277522,112598.79852986582,112784.57168381604,112988.50804186256,112650.2087645548,112942.84702009347,112828.42328188558,112831.82983868975
2021-08-03,112843.72137379582,113566.73626661168,113381.40554062463,113563.85026184905,113765.51711906705,113381.32591910247,113687.68936448918,113564.92198020499,113572.05189992282
2021-08-04,114006.75858294351,114849.6664211779,114264.22666212752,114600.29558549273,114839.83836009188,114515.52777805277,114865.94962128314,114802.2219230412,114828.65964046463
2021-08-05,114729.91927312098,115575.58451966807,115031.05124803701,115510.45678863987,115667.71776873182,115245.26080454004,115555.64720193982,115438.69990631951,115454.98853289662
2021-08-06,114227.11049679281,115395.46621711466,114786.8122985666,115240.33728534098,115427.32774898413,115018.19973798929,115338.09040728965,115220.6924072924,115250.75647910946
2021-08-09,114438.1715806678,115112.8651538382,114480.44679893275,114921.26585447056,115094.33282226353,114681.93232363336,114975.68772713734,114873.39167322364,114927.84753128517
2021-08-10,113851.59879151126,114245.63341402695,113822.3206238256,114142.38486996753,114358.87758872386,113922.30785448205,114126.44089640571,114007.3758048753,114070.9071859654
2021-08-11,114656.05173287203,115145.89494691357,114772.83535802407,115134.06353754054,115371.93991142181,114946.07325195965,115110.09571753886,114953.1192432448,115010.84148795367
2021-08-12,115069.34188793063,115769.17600750244,116156.31371432012,116428.22775498194,116522.42298656811,116017.43869723644,115995.69870318704,115738.51666705264,115766.34594586499
2021-08-13,115473.2101904022,116294.62197233828,116789.48182792803,117066.24678410697,117154.45371525155,116676.03477544297,116672.29570258781,116362.52719608278,116361.15212458461
2021-08-16,115523.29581262726,116509.85565645274,117792.0870175164,117844.21254541595,117928.69639701831,117370.33943410292,117314.01901358791,116863.12123993125,116807.17271685497
2021-08-17,114505.76529971385,115514.83297088186,117040.38924718367,116960.10541855439,116992.96487743058,116440.39722066825,116390.74049187488,115887.06954019565,115825.12797246838
2021-08-18,114403.69435637021,115039.06324229793,116158.57685577261,116237.93617326253,116239.11704900357,115717.18544159191,115682.73759883881,115252.22913883046,115218.95579839288
2021-08-19,114956.43217687066,115904.65700970682,117323.35853128084,117602.38914436605,117494.60934372534,116893.40638331059,116814.18181814546,116353.43040228268,116279.49553908406
2021-08-20,116147.20367285723,117370.78663613243,119190.238590349,119487.1763581749,119239.62270209588,118568.87238358287,118417.13113900373,117856.64361473206,117756.18576958492
2021-08-23,117884.3597953431,119020.20581173277,120342.02546268606,120873.21413192558,120588.41632954791,119951.53466903011,119865.0894418801,119359.30311006831,119261.95994132516
2021-08-24,118244.42383407793,119189.3900076642,120006.53368292733,120676.11065802079,120387.60200762449,119765.20543030227,119679.00055018059,119318.40117542305,119249.02210527244
2021-08-25,119380.25691145456,120197.86567074167,120485.37828975581,121313.78229974,121094.4958614469,120509.10961182979,120471.39725111898,120184.9094637229,120157.74033061363
2021-08-26,118622.17177058964,119492.75275180256,119510.2430316007,120465.56210182114,120324.57546459475,119744.8587837469,119680.3207823109,119414.09635226207,119427.59669852498
2021-08-27,119775.21637221916,120860.30752309323,120300.1538081395,121319.93455219179,121255.5655697374,120751.69130098235,120763.76947550605,120587.44711141534,120602.10146014694
2021-08-30,121119.36392171051,122057.27667909143,122420.41185621366,123239.37022002421,123035.09181318273,122410.04803547527,122329.88801769722,122024.77534563499,121986.66695767552
2021-08-31,121020.61403013175,121312.34460595966,121432.6328344541,122373.44602614445,122256.1359039366,121704.43654680219,121647.09834897396,121255.12975821368,121222.45741936256
2021-09-01,122221.26209899905,122391.97394606701,122761.95910979094,123672.68411811668,123489.28635516253,122911.1686139708,122823.57899106774,122345.52900601471,122281.78209329517
2021-09-02,122163.46837960943,122486.56394672525,122718.38823912323,123580.04325035163,123423.72595951261,122830.717805709,122731.17348538259,122264.04704780816,122245.1683519233
2021-09-03,122539.20337388503,123077.08911286507,123086.99291196254,124046.22559274809,123905.5529319609,123323.36425779256,123239.4329011659,122792.90960576522,122779.63518061972
2021-09-07,122712.62496845018,122948.0846640178,123881.97738403207,124614.09788178178,124336.41182195963,123647.13822387022,123492.6582853468,122891.21798310259,122777.16788469622
2021-09-08,123285.50542359607,123234.32394496993,124418.76761208024,125035.04839613082,124780.5759152022,124136.3575787037,123951.70843403618,123326.95898907438,123193.13422300009
2021-09-09,122861.36484485483,122832.59430161488,123495.60426805471,124233.09859692205,124061.53318599687,123435.18030410049,123289.08114476026,122770.69518008026,122679.60849572244
2021-09-10,121928.90988307059,121604.33244499686,121352.07778317101,122401.57316057911,122512.12078753926,121963.01922574418,121859.57880875125,121443.64830531538,121371.22251265001
2021-09-13,121844.72588700171,121613.00188519906,121700.4606205911,122478.71677675142,122588.76403645895,122005.71218331729,121921.30906171967,121512.64317516529,121408.03752994297
2021-09-14,121498.29753223447,121459.82354269896,121520.53315879947,122331.09751039541,122398.86775416424,121847.69992025879,121756.81393376598,121320.40872929807,121209.56933191612
2021-09-15,123401.59384840698,123497.35771486851,123668.0861222389,124446.24094009309,124511.85401897485,123913.59895551589,123813.50390168975,123380.60294459674,123246.9886888117
2021-09-16,123486.48616332977,123704.21860525508,123645.33772973128,124481.38312836121,124484.38818811579,123910.02814984131,123861.09009415748,123485.1189447804,123381.91965722205
2021-09-17,122024.12304974442,122043.44033986925,121556.36616138252,122482.8393505666,122540.18484359147,121971.33691512625,121958.20224059973,121650.99221445099,121572.49001031092
2021-09-20,119502.71238119749,119703.8113188626,119158.09432562368,120047.88149169668,120202.77050130304,119706.15841711499,119683.1808245098,119380.86085235806,119309.68546822363
2021-09-21,119649.76864011484,119764.99280754678,119411.42782347558,120251.15893010005,120379.04969440494,119858.3908215644,119815.37703301027,119491.68102309511,119407.46069886253
2021-09-22,121767.32222765574,122536.48043340872,122301.97938323881,122851.64691641656,122999.98664772602,122468.80020163977,122467.04730250442,122184.95538587874,122097.44262898479
2021-09-23,122890.9075946337,124119.85564116582,123383.78918037744,124357.65937452034,124538.33065056293,124014.79706493755,124021.00425853117,123746.2797199764,123668.86856063569
2021-09-24,123006.17421513288,124131.60514381062,123452.70820423112,124394.71459179596,124586.86302287145,124071.32701346671,124067.05334388094,123784.0449961373,123714.46076548248
2021-09-27,122024.34627834457,122915.41115987289,121879.46741673634,122719.68369311906,123080.99781420987,122643.29074753232,122732.64235292825,122529.76325616184,122440.5923251946
2021-09-28,118571.36195820326,119073.0365437747,118405.80674006342,119177.78838050358,119604.7184760824,119105.51707602183,119105.35600375712,118852.99037330553,118752.91247702879
2021-09-29,119376.94407214469,119801.28759735188,119814.77660299433,120377.19966302636,120755.81615857869,120253.21001329906,120167.03896365284,119735.0614890397,119612.95173344207
2021-09-30,118938.36295812593,119136.30064486965,118819.48826003008,119506.4838862029,119786.84603879541,119340.93950850915,119312.74590218323,118960.88945597157,118861.76158715991
2021-10-01,119675.9866226237,120789.90975624199,120876.63837290778,121419.31284755272,121674.12377321537,121175.67803237392,121082.14889892652,120647.34847457509,120527.71852173789
2021-10-04,117164.05218338875,117859.69127473397,117824.6869697389,118343.04279173208,118727.93254803655,118277.44797750055,118189.79260700742,117746.02167900527,117626.12987717595
2021-10-05,118745.65639893975,119560.82481687838,119642.66214610577,120156.72439489268,120576.10633180702,120081.77899077095,119991.55202161887,119511.99899056935,119378.9704791288
2021-10-06,120506.52604306288,121386.17635467523,121901.13401799009,122304.90060799073,122627.09264185293,122067.62335461316,121934.1370435894,121414.2815033534,121244.34232896272
2021-10-07,121612.19053686436,122691.32908837366,123022.61461096836,123426.74665758548,123696.26630628282,123125.8692841335,123030.09380130192,122562.80894438803,122419.70921447314
2021-10-08,121005.78227083824,122113.5852469704,122791.20215613766,123095.07055098812,123443.51682813822,122794.03024126378,122626.51886648807,122086.65242877409,121934.06523123158
2021-10-11,120077.68611886319,121431.06173726566,122280.22371967221,122542.98698245652,122927.31490786486,122236.1609012478,122031.70523729998,121446.78177014455,121289.16789005754
2021-10-12,119658.89663655624,121143.6784585559,121456.38136586845,121920.29969773987,122252.66998561537,121610.53523865825,121419.07437250589,120852.36732963698,120746.11614431423
2021-10-13,121617.10197399199,123161.47617889884,122742.94863673756,123404.6791401024,123741.37545079729,123179.2665194089,123025.5784322134,122553.11051331976,122502.1901909042
2021-10-14,123856.89819010538,125829.38765429398,125297.35993272823,126138.6029624692,126444.27396042571,125884.44169310307,125748.5691793329,125288.69526178086,125232.84012831535
2021-10-15,124637.27261159099,126713.65072429561,126406.17923498523,127137.99652150096,127447.14335565615,126918.84316666181,126776.84768685652,126274.68013715881,126201.93497436367
2021-10-18,125890.57740799502,127896.72101941075,127687.04034034701,128373.25922944484,128588.72177477818,128044.61709159144,127893.12495400124,127405.70346449508,127361.21058410013
2021-10-19,126843.27898172675,129073.73100967729,128891.33654007371,129587.70996213688,129858.37598258542,129314.09392038597,129147.42999699201,128650.86326642203,128593.49706493299
2021-10-20,127677.75016378608,129823.25424078584,129715.67235825364,130182.55803635648,130416.12422329764,129891.70022456834,129744.65545689291,129296.2572526271,129253.28999106592
2021-10-21,128457.44360251355,130382.8424321403,130475.40735567838,130699.64141585612,130817.06319081657,130228.63528411099,130113.23899193633,129800.72159035756,129808.58505924536
2021-10-22,127378.11431574191,129829.31372596516,129752.15589393096,129835.25812463548,130126.10369657118,129644.673769684,129545.21546582918,129250.60781233008,129277.48014517534
2021-10-25,128682.18922448602,130437.59796962165,129848.84276825994,130136.04671712682,130487.38048841049,130039.3236158188,129974.17538949626,129691.65991519723,129715.0132182108
2021-10-26,129087.36729534864,130610.9681688043,130731.46237887106,131019.14972609897,131250.58132286853,130728.76095968329,130595.95208996613,130192.82764096517,130129.89526364871
2021-10-27,130387.01384964387,131118.25448528986,132546.3182608286,132482.01721686136,132352.22640607264,131725.67835323588,131483.2495048176,130808.71821778984,130685.4255854461
2021-10-28,131834.9727692366,132457.58323925917,134075.29909884234,133887.39751691767,133708.9104020716,133064.81216946716,132844.30742017,132138.40428580865,132032.92532025246
2021-10-29,132483.47780056042,133061.3302044519,134514.48933743956,134418.51264610782,134193.83483467807,133553.60302231362,133290.5242979242,132624.76358718151,132533.2585515774
2021-11-01,132936.3783163805,133220.72426495526,133934.21887786445,133956.19415382776,133699.38863809608,133103.90159904683,132953.81283925433,132451.0345073869,132387.88840891694
2021-11-02,133492.25980850964,134130.95078051792,134915.70951035028,134960.68436107022,134775.82005323403,134153.9723295079,133942.76175712032,133400.3332027116,133379.73438527467
2021-11-03,135909.3621966991,135940.05602179733,136687.90904521523,136785.93966848732,136593.5272917234,136014.16542108194,135831.60860530313,135278.60269232266,135200.04108840972
2021-11-04,137651.53839807503,137882.1190153914,138071.91856613,138613.722392744,138474.04015809175,138034.81981059065,137892.0121977022,137314.92698938074,137182.96013919133
2021-11-05,137782.8681527134,138348.33541075521,138752.1661812547,139047.7605157987,139026.2344316659,138583.98239639684,138432.96186975008,137841.56041432355,137677.40959927623
2021-11-08,137596.19360699513,139339.4145235193,139100.56979108838,139649.59478501705,139580.79471280318,139255.83164396786,139174.5886334385,138640.28671806087,138539.26654719925
2021-11-09,136649.08250135658,138968.8980418945,138647.6529502791,138912.2839656633,138803.05516723584,138522.9793500863,138507.1132203338,138089.31008677772,138052.62039922582
2021-11-10,135640.74698262702,137372.29933649182,137625.67956259951,137749.03807526449,137649.0622959792,137295.0008001763,137218.58845276578,136730.2440473918,136679.846113712
2021-11-11,136016.86900202034,138115.62394041626,137915.44920093045,138019.28050143158,138015.48503931993,137778.47709253672,137767.49658437184,137374.1140019292,137330.1266124851
2021-11-12,137448.10362079475,139770.24189625675,139666.88448621202,139725.89699638088,139646.76145160056,139413.47079266654,139427.68289959323,139035.8504838888,138997.77188406364
2021-11-15,137416.78749341585,139583.6251813135,139417.3894049772,139561.99338792267,139545.80030957633,139308.3334382787,139331.10136602033,138932.49123855992,138861.89008138064
2021-11-16,138395.3069770573,141039.18465528387,140694.72761674772,140805.06079429365,140880.72809726236,140802.59485376754,140839.45261008095,140471.6487212981,140403.83623476667
2021-11-17,139468.42903951753,141445.1514655222,141813.14024307224,141568.41053487724,141680.18508363335,141521.37259532657,141488.37108414868,141054.899072374,140953.30918295032
2021-11-18,140913.5180166721,142463.1368296016,144401.25702658907,143602.490174844,143527.8536168736,143247.93832050686,143195.10560955195,142579.60637649623,142378.2591240864
2021-11-19,141699.17465348964,143293.18658583032,145937.2377566173,145021.48652224126,144711.68191899464,144538.23997094473,144429.08051900627,143646.55681975198,143347.08773692578
2021-11-22,140054.16712480155,141153.83796416462,144711.2728191147,143694.94227846936,143306.51215375974,142992.46025330364,142848.44279299115,141958.30231110472,141577.18014048296
2021-11-23,139415.82179668557,140508.59862102772,144661.2899666384,143461.04692755704,143027.73180537138,142713.42733055714,142593.02327086055,141636.11865654716,141224.38864769958
2021-11-24,140864.8031081507,142676.92852792423,146624.41329969032,145458.44552516995,144988.08184354138,144761.45275131057,144674.05749557703,143679.5944753642,143304.55065475425
2021-11-26,138194.16346482988,139462.59995188506,142306.74898438388,141470.94767010302,141115.76057329946,140969.33458811985,140904.2223096427,140013.80264892319,139689.21301888506
2021-11-29,141193.32223027977,142626.47319173455,145423.71320990322,144873.35683984196,144572.41862750502,144527.14880053597,144506.46957118317,143607.2537274401,143261.95657303504
2021-11-30,139119.69522477992,141219.61122713625,145917.18772387775,144645.33184523764,144058.29848435,143723.98812785582,143595.94207715036,142444.37994653813,141971.8849287546
2021-12-01,137752.88245282765,139642.43764033556,145877.17323084475,143853.78233034868,143398.74791839256,143006.53654911026,142862.033838694,141626.76352092798,141041.6349340203
2021-12-02,138745.6578570073,141145.24576842703,146221.64828542245,144803.67700285197,144355.40234995136,144012.08839137398,143787.74947752376,142670.0604689942,142199.620824067
2021-12-03,136333.0734285698,138524.11391644808,143826.07421277574,142045.61307836376,141845.1866487118,141500.56778247654,141274.77100948236,140195.56376525317,139729.4015124672
2021-12-06,137425.50791292646,139702.79676186733,146025.06347452253,143947.70062980693,143618.31989601202,143143.87608551752,142868.78375981617,141671.67707089952,141107.77215092015
2021-12-07,141563.9163923246,144754.50323920004,150986.3894172743,149018.611418896,148585.04700350462,148156.82968626358,147916.78593200832,146662.29588985484,146110.54589029343
2021-12-08,143197.30595892863,146720.35918210758,153428.84642298854,151089.8553816629,150486.9529265973,150013.00523659482,149767.07517144232,148491.26518890352,148009.88153912206
2021-12-09,141090.27698482157,144816.9738169105,152509.01815275537,149812.29174716937,149215.1170303338,148637.8220573445,148284.5104067889,146904.39826157384,146368.28674993943
2021-12-10,142623.9912623483,147165.0033099182,156119.39481445297,153075.24875989385,152984.5502237027,152236.86023768398,151725.29687267635,150053.05801273428,149384.5931812942
2021-12-13,140563.48593869095,145005.70743802842,153205.74040472068,150280.9575338635,150307.0255044162,149639.44286545643,149124.3219229079,147543.21136262323,146937.18154382592
2021-12-14,139108.61060090657,142632.0435998958,150708.46886418696,147648.87824427066,147771.42983010717,147125.07016074183,146678.4872003934,145171.0346576068,144543.19837094113
2021-12-15,143279.9708953032,147406.8569809473,155728.7067812317,152771.45655364046,152898.94510430883,152235.89057491857,151804.4640574152,150264.68177658468,149578.23457914652
2021-12-16,139595.55237446315,143131.92856432562,150709.85049750193,147751.76026645798,148353.8083941381,147709.66985531655,147264.73008290632,145888.10354600515,145246.057292192
2021-12-17,138899.10159841963,142635.041187441,149693.51422985733,146680.8171333275,147194.0660861799,146575.28074759655,146173.02960971522,144945.44725051196,144404.21813575173
2021-12-20,137551.7231163319,140960.42854387403,148059.12328625654,145031.15555266698,145485.55999789652,144848.7178050428,144427.26309508012,143186.6288963803,142644.34187436715
2021-12-21,140630.18101148846,144761.3594909272,151634.67968381156,148547.322101585,148802.39697084948,148262.0656903674,148033.51039427746,146879.11401798428,146358.3556444635
2021-12-22,143342.85603284766,147490.83492386292,155040.1245547538,151726.22598351052,151877.3564491789,151293.17310736605,151003.92836384862,149765.67651246733,149211.66660735328
2021-12-23,144423.534579276,148296.4911943822,155661.33744108575,152411.77731569973,152571.71111105647,152032.8303505495,151831.40660138213,150591.8856624558,150037.10954543803
2021-12-27,146810.46105142188,151418.40924264435,159132.3240839059,155740.83259117277,155806.64220919478,155291.31931758253,155092.9847676159,153793.33926079408,153237.79345080507
2021-12-28,146130.01646722268,150359.3472524984,158299.26213545073,154811.56205117612,154888.815326695,154377.30882220826,154146.28873262665,152832.71680710968,152262.10669985783
2021-12-29,147108.19196418623,151372.36047517136,159356.21223007017,155827.17551321985,155924.35140934374,155392.973731064,155195.26609449834,153896.10315789352,153342.967062311
2021-12-30,146668.57640356454,150580.97042110996,158263.16379539587,154887.7929765597,154969.24588725562,154415.15636230385,154184.53110472253,152920.36168301795,152380.202607781
2021-12-31,145752.69147785814,149832.074969697,157346.44721087808,153978.39188632893,154118.49286161736,153590.16566554835,153362.07001008836,152130.51099358592,151604.05793013147
2022-01-03,147155.82120162406,151084.5663951943,159620.48565748587,156102.25158363784,156057.19109931894,155459.70602646394,155267.1293844733,153863.20432076554,153164.40302801266
2022-01-04,145247.14278686058,149174.7751136928,157521.71689104167,153870.3705386629,154138.64195584605,153544.31654589646,153360.337499883,152002.7637667523,151317.10338049245
2022-01-05,141785.0080316809,145223.61964032054,153717.7284508285,149868.3818172212,150297.3770801216,149775.36483340443,149612.84195912152,148313.65574751818,147593.7281381225
2022-01-06,141685.3537100672,144673.72195676962,152236.25622124362,148875.42778866386,149209.2376069262,148726.92780805333,148673.31521788947,147597.27139517252,146925.16561201273
2022-01-07,140150.49640992944,143195.1858921132,151855.60290855754,148270.43878372296,148318.22907752238,147687.00697883577,147529.78378361603,146245.62426810205,145518.63139685066
2022-01-10,140242.7470445868,143346.68630936003,151732.59606054876,148418.2188532335,148578.68826211683,147919.55711939954,147705.60322731757,146405.1456355041,145698.04251361382
2022-01-11,142349.46095413796,145240.0794302577,153366.29711324797,150151.97439275857,150236.2279532925,149611.5954955205,149431.98319864806,148224.9581083681,147531.38711124455
2022-01-12,143913.9833947824,146714.2682874352,155236.40593425033,151870.2760087619,151911.4716603338,151277.09908844324,151128.2659666596,149850.9512437969,149113.71468236126
2022-01-13,140313.8090731188,142566.5810095393,150999.5964436761,147678.01241815853,147788.24502161436,147163.28585723406,147092.8819337873,145842.95351767034,145087.42184390608
2022-01-14,141186.918375547,143717.06939040296,152490.15779745512,148992.86833809756,148963.3937915901,148397.87487636096,148431.3811415512,147182.48562704888,146371.3827940916
2022-01-18,137672.17302656092,140050.1168407524,149346.10162598768,145844.2338098384,145714.52903932612,145045.44349633963,144919.67552702612,143558.77808123486,142740.3800246469
2022-01-19,137160.0382073956,139097.29281292346,148488.6082238126,145066.1730234031,144784.08577427376,144105.11489560912,143874.9435844621,142534.0774695064,141741.9342833461
2022-01-20,135378.54638074097,137367.43635193867,147121.5418812368,143544.9916048509,143133.69219261594,142394.26665140496,142044.08176872908,140656.61994274147,139872.42961180565
2022-01-21,131624.70371430923,134391.93928893356,144490.80968846584,140804.32964898332,140491.2067503997,139757.7921612065,139359.1258594139,137895.21201804327,137067.27982226468
2022-01-24,132227.23947185182,135260.19348045153,143957.56265085842,140617.8715598403,140512.1350164428,139884.71326050465,139540.85333512336,138274.70022547885,137535.01867419
2022-01-25,129162.0359640425,131937.36956006175,141192.96869857176,137720.75180321303,137704.1535380903,137054.39143963688,136639.43251924854,135160.81721040866,134329.90005449604
2022-01-26,129959.91745621158,133394.883302906,144026.22486914528,140143.21067035047,140085.56773644593,139233.38829048487,138700.24887276578,137052.60655486214,136173.2872565836
2022-01-27,128651.17368088002,132264.31050687746,144042.6155375469,139779.2933575505,139547.49922298233,138690.75730927318,137998.0860529915,136129.08557756917,135187.4879793935
2022-01-28,132686.822316067,137900.2816481821,151965.12800301323,146978.07338544758,146303.7781203472,145272.4418244923,144410.93647510163,142259.4584612133,141185.26857183012
2022-01-31,136929.95876489664,142079.29301027593,154983.17071501195,150254.78630723845,149687.73306045576,148775.9951866313,148031.85956419673,146103.72347049142,145117.67310497587
2022-02-01,137861.54564732814,142668.10041355598,154942.6280349557,150305.57454559434,149850.39298117167,149020.83255778986,148305.31583274627,146447.22501297324,145492.7747388406
2022-02-02,139981.72874260542,144408.298520841,157686.55205637036,152118.4136449749,151805.7850823255,151079.17620081262,150402.15860936622,148523.24868995335,147538.53770019847
2022-02-03,134306.3356368518,139908.79415397247,153476.42527260655,147749.15475542,147286.8885948839,146564.422795311,145887.80509953867,143955.17580495498,142965.60722906518
2022-02-04,136000.59696394604,140976.11032577744,154042.0205545365,148432.74087959027,147926.31037295124,147243.38903445605,146561.0702465367,144714.08372851336,143800.5848157018
2022-02-07,134906.5438436218,140284.88032910705,152848.20956152523,147345.73090803056,146774.7154176073,146139.3167462938,145485.95696147086,143718.60880345397,142847.0662224123
2022-02-08,136422.26848988762,142094.21356640686,154980.59811018634,149220.5837549639,148617.17321171192,147999.05070556625,147356.25640742213,145565.7603164206,144707.4105730833
2022-02-09,140313.1645836006,146584.02288986,158661.41552962633,153055.4889322141,152549.02980281517,152046.09247937522,151511.20431790955,149837.86740172232,149008.37334903562
2022-02-10,137137.5092782797,143005.38741437875,154619.1511977317,149014.9659439296,148395.95380602148,147870.64741202543,147418.84289083956,145782.66680374742,145036.75808060754
2022-02-11,132787.2922519083,138492.06107276786,150945.85220156226,145108.12421298143,144362.16287365564,143700.64194431165,143198.86184199265,141442.64292660824,140691.49089078765
2022-02-14,132951.81523897158,138468.15977319938,151272.38580491743,145316.37522618123,144478.19960062148,143751.10483807858,143250.0733241156,141566.8162855765,140780.02144343336
2022-02-15,136257.49813254917,142456.1719917382,155026.83265427526,149107.1829213427,148220.46500581427,147396.18345265,146970.81641005754,145360.29584727625,144607.15513360628
2022-02-16,137223.07482444018,143203.6863801082,155921.93656950793,149882.28102338308,148999.8462318893,148134.16057307212,147684.92127081723,146042.5730911446,145278.5864463335
2022-02-17,133141.55760568875,138493.71935678873,151635.4737846926,145635.37151227362,144700.88232756744,143747.20398272673,143302.89235159493,141527.2011790876,140773.60420143063
2022-02-18,131623.01480804256,136762.22446629842,149870.44792273396,143836.1617378474,143080.7045784741,142139.15281549934,141668.31324754326,139919.16946549903,139156.21957590035
2022-02-22,130301.02989533456,135418.94812712714,148359.8079684666,142390.8874264049,141743.20711644815,140867.20660670835,140412.8298145528,138705.0506104382,137906.84791368144
2022-02-23,127963.33418993064,132993.81095011326,145477.12700428814,139663.85623314604,139132.21798966342,138228.08530778938,137750.35357047286,136156.122237251,135363.53422824162
2022-02-24,132263.4671429472,137798.35050495024,150032.51601557093,144375.50078111698,143705.96155527318,142909.33821547346,142442.01283395954,140912.28568863435,140109.9017026268
2022-02-25,134314.51110018327,139781.77224571994,151702.2935939889,146163.28611078527,145557.5001442053,144737.9202436491,144376.78428374726,142936.35266515167,142112.31907238896
2022-02-28,134714.59013493155,139812.91886193646,151880.72909417783,146369.84934103847,145657.38067409393,144769.5210752474,144386.73932364624,142935.5372646708,142016.31525269113
2022-03-01,132651.9452641349,137123.35852565232,149361.1227823793,143860.77538960462,143077.56591480516,142104.1622593366,141645.87343949729,140144.03300205746,139260.83560086446
2022-03-02,135877.75924091056,140979.1247752174,153088.8950091885,147536.3196159359,146854.98655984033,145968.55179149722,145600.34230446193,144142.3221760503,143269.91930859647
2022-03-03,133936.78357459657,138786.2652001555,151818.4481775801,146066.50612972368,145440.25619331733,144424.85461776858,143919.18838967878,142363.63647972868,141410.62495495053
2022-03-04,131995.77104101403,136018.19181593746,148616.4202542,143244.9599216302,142888.0535476256,141881.37514817028,141270.55181787658,139751.7111814432,138792.23352998024
2022-03-07,127127.59569609663,130917.88311696346,143577.7718164812,138361.51092493295,137951.8054900328,136879.96322529632,136197.3603296717,134611.92107072816,133609.10969547505
2022-03-08,126536.69940462834,130272.9321498795,142347.5542594614,137155.88186368017,136912.23059744365,135979.90591124288,135415.91002498657,133942.77364843083,132960.28879650112
2022-03-09,132091.77332671377,136826.47213439684,149215.01524381433,143838.3050969035,143453.79337589344,142515.46301059407,141944.0156345052,140377.8857014398,139335.43120617067
2022-03-10,130624.9152304039,134462.94318312555,146427.90461360707,141157.42491450315,140973.69139638272,139979.81964459445,139353.15186426244,137865.60287884824,136877.14179163065
2022-03-11,127915.99700062709,131667.4950470874,143466.00898440866,138333.56900852002,138371.47391249484,137388.023403266,136742.5171141271,135261.14610223274,134278.77591898365
2022-03-14,125459.41615582399,128819.35069620106,140877.06915290392,135857.25495452483,135830.1857510934,134787.07502025834,134116.93152839408,132580.60576528343,131610.60393845185
2022-03-15,129394.66832027903,133149.54298905478,145802.32868775976,140538.6140685566,140511.52833406287,139433.4577389519,138787.8245966776,137139.9218458926,136104.2811482197
2022-03-16,135193.48692357415,139023.98699669406,151195.04564770887,145991.15820869085,145827.4370935569,144797.3832834169,144267.29442948743,142712.71591793108,141697.19340884185
2022-03-17,136830.17141030708,140534.42076453398,152031.5903878449,146928.2608732499,146696.6856153386,145730.86971560406,145234.08523938665,143769.8162101566,142836.1850463619
2022-03-18,139630.83352859993,143753.4084001276,155456.7425407162,150354.28298247256,149942.8857331075,148871.02078571907,148327.15021576465,146933.97250104792,146053.52177200446
2022-03-21,139242.5831658137,143389.075016189,155768.96477866828,150489.48058053106,150011.35459741138,148859.2186136203,148259.32970860024,146769.26464856853,145821.2884753226
2022-03-22,141979.1232204628,145684.8098722719,158272.04314993613,152833.2764643972,152295.81172532294,151115.07462971876,150492.9541864306,148962.76135670987,148004.0356534374
2022-03-23,140938.656859419,144466.880525781,158358.6762942981,152155.56922721976,151474.29714939065,150200.90220519408,149489.63205868914,147850.56856269887,146859.33792875803
2022-03-24,144071.2904046014,148244.2846172741,162322.95568060025,156171.16616390532,155530.93968437667,154213.70939036095,153524.47018453493,151853.49092080665,150795.62686080023
2022-03-25,143951.07559701664,147898.1709488851,162390.47639308713,156117.62970317833,155507.4408956359,154128.8541935652,153416.2077263538,151721.86783451278,150623.13980266431
2022-03-28,146178.37906534612,149724.95906969754,164401.33391500582,158150.9139959739,157463.76151112982,156111.9563510893,155391.92960829823,153633.80463253908,152510.43348626737
2022-03-29,148694.08248071795,153036.03631943656,167618.5927551741,161328.46282646712,160612.43291800556,159225.8266906714,158545.64541858283,156815.21827731965,155712.33056310486
2022-03-30,148051.63259498292,151716.86882776985,167099.6969589627,160686.9064535457,159835.10867832063,158308.54884141134,157538.79581671473,155732.80950245686,154596.26698234284
2022-03-31,146216.61683786617,149583.44264651323,164240.0978025432,158029.76650072326,157311.13900500708,155799.61479306075,154982.67247278726,153194.15923986438,152104.12482845408
2022-04-01,145938.28553786178,149145.27141193888,164345.47295930257,157998.42181390387,157160.49332719503,155596.10190942837,154740.4908384415,152930.73895462236,151852.00710418072
2022-04-04,148942.96824885788,152079.6195456979,167636.32432601636,161187.22129574372,160292.42081530765,158765.31059749486,157887.9590794571,155970.44857906576,154853.6009576175
2022-04-05,145635.80596481694,148484.42096115125,164603.64171917358,158025.15734477722,157046.85689305072,155480.45193198696,154548.09825381933,152530.31583332364,151414.58998036146
2022-04-06,143473.83691176499,145497.7116020675,160921.40867091742,154463.80920687996,153760.73564346976,152302.19595061528,151461.20982967917,149615.12197651577,148540.0243851763
2022-04-07,143815.01172549019,145949.7706170974,161137.54085363055,154709.74292518728,153994.55753326142,152553.5338467748,151707.57780309505,149986.0296045894,148907.9247658345
2022-04-08,141804.58598429037,143808.8056008673,159021.28280337164,152571.0012350241,151825.03257476224,150376.60429622783,149540.5696098592,147810.60291871315,146783.03541557904
2022-04-11,138449.85530087963,140402.09122297954,154197.54864634873,148084.44325950128,147578.37696821947,146276.92680683822,145521.77708201998,143987.18583513427,143062.68142508276
2022-04-12,137865.044244489,140018.79445292772,154106.94158959782,147733.44121327915,147282.4755253731,145914.04542774343,145128.5000312103,143567.50052215293,142636.12808353588
2022-04-13,141667.39605146443,143459.8881791339,157943.6074390441,151249.500909691,150669.3425208773,149288.2793639373,148482.56673099438,146903.75890879225,145987.2584850492
2022-04-14,138427.88350363632,139912.7136265878,153778.3138083667,147239.67577865536,146816.12732251856,145532.31592328532,144745.12462522322,143245.39828707528,142372.59534492888
2022-04-18,138534.22342739874,140076.60774634863,154061.15785695828,147564.51818589878,147175.8272264841,145886.69301973144,145119.5346767767,143610.13657850306,142683.86329496498
2022-04-19,141630.57670278568,142899.0522792163,156486.81541484033,150020.05697842644,149661.17667038646,148430.4506651533,147685.63772501168,146255.44293532768,145371.30743307254
2022-04-20,140564.97275478358,143309.04258630532,157419.37837001716,150669.42777581592,150406.44220637326,149212.45125771937,148434.43144047773,146979.72301234113,146066.8861640645
2022-04-21,137656.56735283186,140551.15124073502,155354.0850858847,148353.81137653464,148140.91479112636,146911.78705298182,146093.9295239451,144501.79878563364,143527.5282627223
2022-04-22,134051.94170194477,136667.31811054843,151034.91385455706,144228.90342737339,144066.48131652956,142845.78452856076,142052.44772507498,140446.41938746636,139493.00442711363
2022-04-25,135773.89259805524,138897.10431593223,153118.6508367175,146233.45432901112,146020.24628019895,144763.5853714293,143979.70837021346,142464.66312177715,141545.4165378736
2022-04-26,130649.11565107758,133608.65645131102,147267.54125935573,140719.24022608166,140526.508306321,139304.9528199958,138534.72245233288,137139.63031718996,136245.00326542696
2022-04-27,131492.5781844211,136046.2964494676,151346.730078394,144086.28451950356,143648.19535676687,142326.92019899221,141509.45342872382,139962.51449154853,138954.155802329
2022-04-28,136162.63663143903,141551.2392727573,157081.63888876562,149750.9288293699,149327.6249602402,148075.03398029687,147264.85366407374,145660.9243238346,144582.26287445627
2022-04-29,130035.48620116375,135665.7621171478,150754.8748868041,143585.04954828438,143169.10570716724,141917.86449090292,141135.14399740045,139594.24831119494,138550.94623632968
2022-05-02,132206.55481861474,137908.38612581213,152533.00358702638,145581.1860398853,145337.40706415832,144102.2700067602,143332.28130064873,141759.93477928,140723.894074849
2022-05-03,132347.71743998223,137997.05927006304,152597.5193667205,145662.8128881264,145379.33144158925,144176.33576558958,143455.58872727773,141924.41875354265,140875.87970695648
2022-05-04,137822.65846919786,143781.5501786608,158980.39418475985,151798.7428996706,151455.51831037566,150280.77924997616,149585.04689615814,147977.38979358034,146824.06900255
2022-05-05,130881.33980920317,136441.0944039338,150906.85975731807,144010.7511283889,143863.46609593215,142748.75231662137,142108.81983572515,140562.64697153302,139488.505400862
2022-05-06,129313.2675165185,134960.31862026802,150416.45509383647,143322.54730367282,143160.06162500853,141987.8323892929,141320.3282628485,139591.15001745563,138403.44331009005
2022-05-09,124253.6565919684,129148.93824123411,144465.14431349238,137726.06168807912,137779.57826001543,136532.63347931195,135803.8782944893,134064.1961587406,132842.87869502662
2022-05-10,125763.18290253045,131024.06944622163,146811.1039285909,140082.57040344365,140092.72360964643,138712.69710565216,137961.85720269007,136208.6346256324,134957.55201610006
2022-05-11,123033.25038243856,127537.13001095745,142112.04198958288,135789.14279293027,136040.987291032,134845.09947869065,134165.31565153282,132512.00885357222,131336.95635867812
2022-05-12,122742.3793809113,126599.67066800472,138903.21409521648,133126.78317214016,133723.90204425508,132755.1544645678,132249.4732610726,130932.06452723694,129881.49376532505
2022-05-13,127291.16920095882,131388.28191485791,143292.98999850274,137535.42976076936,137993.05632447437,137041.79839971758,136623.27587829996,135467.5446755755,134483.95496613914
2022-05-16,125815.68446059947,129820.82354742842,142298.26808865578,136459.23935016055,136896.71686849694,135900.11334572567,135445.10085035017,134152.0137048401,133097.7189630972
2022-05-17,129074.48955303543,133495.7041612864,145941.64263486626,139964.63130180415,140568.0988532504,139626.10436954044,139283.312990944,138045.26894951743,136945.02906422698
2022-05-18,123738.17459054464,128342.15775666817,139868.72725142114,134273.32630217663,134798.8995361634,133918.07078148107,133622.24313334894,132426.8166777775,131411.96960073165
2022-05-19,123075.17672861952,127446.44769625313,137954.28175293695,132044.39096026405,132566.48394888706,131884.76912240047,131677.1418543479,130861.98696036958,129989.68680555586
2022-05-20,122692.64925061962,127654.31900219312,137909.0998214054,132161.38278443954,132768.32849692975,132065.4970799273,131807.45125216697,131064.39479472644,130197.9774587578
2022-05-23,124732.71137445663,130356.5392936379,142777.69653685408,136343.64522170078,136512.07442868673,135656.40094851836,135322.96114410413,134317.77239121316,133318.494025597
2022-05-24,122080.58662334176,127835.74408986486,140572.8234905964,134229.2302152562,134439.99397590556,133562.78822459182,133164.39386217622,132090.20447149457,131054.49271994148
2022-05-25,124789.18980724053,130668.70053916288,142736.3532478965,136495.81532406306,136756.84945117362,136075.58512293093,135723.8600538886,134729.48381873986,133709.65274745997
2022-05-26,128246.71359555304,133982.0776513231,145679.42680293223,139407.0338315839,139827.94310037358,139225.0967041309,138956.9922133139,138009.7424376512,137025.99025028423
2022-05-27,132432.6590900432,138651.280693479,150693.49469794924,144207.40888225217,144660.38888695327,144021.25422700882,143757.30426092993,142805.54715175083,141793.79906173365
2022-05-31,132081.3084290514,137523.95817500813,149951.9172759738,143281.248399752,143750.3578520242,143105.52919658468,142827.35641829556,141814.64102104824,140767.72289008545
2022-06-01,132104.4579127401,137994.57421931025,150712.750685041,144282.0783446405,144619.32399807317,143907.10032376624,143535.81545519136,142402.24236937615,141317.09697485637
2022-06-02,135722.22916302082,141788.6539319878,153287.0999804796,147285.57400399045,147655.73141223512,147091.7430969393,146793.54296223514,145824.91744995012,144805.77160538474
2022-06-03,132190.81938692537,138186.397745411,148971.58636527607,143244.16439167954,143731.80332865348,143222.16342884724,142906.8556673078,142058.26112436425,141097.67085459188
2022-06-06,132631.14374864224,138266.95592551667,149172.70171122905,143391.1247688377,143799.73466977332,143300.7992057654,142991.11908688856,142145.26672794775,141195.17162297454
2022-06-07,133775.19632239363,140104.5006479447,151345.07730501678,145397.7296726869,145735.1129831437,145190.3615896499,144839.86170464027,143929.17233166608,142988.1784403693
2022-06-08,133812.49201201057,139596.86543741164,151282.36035341627,145243.35484121274,145399.14735494016,144807.81122876835,144398.1596367514,143428.83961483053,142480.1149613107
2022-06-09,130228.36745043955,135671.08694893573,146706.23950970432,141095.60471983138,141349.07672910398,140767.93352370113,140322.59001114176,139376.3500507184,138476.63753028138
2022-06-10,125635.14971121903,130346.5836108434,140619.12565994175,135172.6845489142,135644.33513093623,135153.41600522396,134741.84156204472,133878.6948632242,133032.41246284466
2022-06-13,119793.59065590295,124214.49155512176,134686.04213596485,129360.51788550736,129892.67785991117,129403.02482695758,128916.35034213559,127945.23766031009,127059.20165073671
2022-06-14,120011.06539930083,124906.13391850474,135742.37157394667,130196.5270699564,130908.49455371754,130399.85661700788,129866.23393724632,128834.56294582375,127907.02444445826
2022-06-15,124007.94949104174,128668.84940102692,139978.23589768787,134302.98280094445,134820.63967069393,134290.6847263174,133707.9279976946,132611.80063448442,131670.40789014284
2022-06-16,119004.64668070678,123045.61425023357,134891.01860508102,129404.89865327103,129821.71294552865,129150.39135809222,128442.19180852559,127202.67193823509,126233.44708156862
2022-06-17,120451.72287774572,124541.00296450543,136337.08636712603,130684.67685033761,130955.5981546123,130291.93413316416,129575.25632875117,128408.09251268995,127479.03189712536
2022-06-21,123490.65715980859,127687.50093898395,140292.35699294467,134276.29933921382,134417.0932459435,133722.63236934107,132999.06706406333,131744.61308559196,130767.12977306722
2022-06-22,124310.55657814586,128247.47955163581,140762.6427753051,134777.26777577616,134862.74858369998,134187.5864943888,133463.04141023016,132191.91128581838,131228.59254280868
2022-06-23,126161.89774055766,130463.52233725486,143392.65583246277,137082.07844347824,136903.6093161003,136244.8768916545,135466.46294641873,134162.4996635272,133215.19453155677
2022-06-24,130484.63314920863,135272.35303201646,147972.00951716758,141674.76835889576,141557.24713626673,140944.46085672418,140206.35488618317,138940.41101784006,137968.11301256187
2022-06-27,129527.96753951733,134293.3007375795,147161.46267501422,140718.0231909975,140621.9207562879,139995.5183524705,139277.30595545127,137993.06317227083,137054.88157464255
2022-06-28,125581.66470674599,130141.12728955007,142513.42794345247,136180.6137512001,136366.7778443371,135798.94879751327,135108.97057962228,133862.70990887829,132936.28458222002
2022-06-29,126696.78513685752,131243.32759067058,145064.67864455955,138317.14081718944,138229.36675719792,137542.2606051231,136710.79003251772,135251.7451548344,134249.97903620958
2022-06-30,125125.38295340676,129385.0824348222,142702.73127863847,136124.66269764953,136220.1593086852,135584.49401851906,134769.17238138797,133343.21206066268,132366.8568856125
2022-07-01,125951.29076576846,129773.35395269973,144149.69002555465,137258.01636237712,137055.60755753226,136323.1007074069,135384.85169640128,133815.14398548298,132836.8759582966
2022-07-05,128107.54211568042,131758.4137963201,146390.66695802577,139338.1619150528,138936.4132456222,138172.16462146444,137227.17773052488,135597.1618542994,134642.3777740518
2022-07-06,129928.97785622995,133673.6801670408,148863.20655746077,141731.204239653,141262.8023921522,140448.64723215785,139484.1357275891,137773.39843102414,136774.54286805622
2022-07-07,132709.2814498205,136647.76008756566,151549.69355218494,144401.2992922985,144031.5902044665,143222.87538782586,142263.90778374663,140605.94981064033,139625.2468999805
2022-07-08,132875.77799557423,136743.5723597765,151727.57354820543,144487.74769884226,144133.87290100672,143308.97899827763,142356.6546883221,140705.73598876246,139726.8663607243
2022-07-11,130036.91471350085,134555.93796711412,149763.80503430055,142542.673505628,142134.70496564175,141329.97352654836,140351.87968164528,138664.2570948148,137673.8158533553
2022-07-12,128777.23356463846,132711.6204679241,147966.72452249558,140779.37746006539,140510.33205544524,139548.16462863635,138626.24307174,136965.26189469537,135955.6887922178
2022-07-13,129511.81367787863,133404.2363011157,148613.46333376516,141391.7950295333,141177.3745294988,140216.2036905814,139310.96588831223,137683.06533602846,136679.1976248808
2022-07-14,129974.28520767934,134301.15385327782,150585.18452010248,142951.98631317276,142705.17605886344,141703.7335777892,140769.50309156126,139004.00640891952,137894.77146143946
2022-07-15,132331.90500094192,136766.77359298553,152551.1084320671,145057.21309340768,144865.00720182806,143942.32737349567,143070.87803158804,141416.99021975914,140328.51506882886
2022-07-18,131212.04659887936,135531.9299964251,150531.36104391614,143358.21896926593,143224.15346006077,142304.2942403561,141443.63756266749,139869.6149870667,138826.2803709875
2022-07-19,135247.23275799007,139610.5027945566,154541.25050972536,147416.8922549644,147327.86855694768,146336.97728281064,145531.4392271353,144065.78183656337,143044.7463581446
2022-07-20,138391.76990096728,143220.86343064273,157520.40710272483,150562.8070308867,150398.67798093683,149482.62621038122,148706.0498793674,147300.1925932898,146302.5156697388
2022-07-21,140378.442064369,145302.83769736983,159572.84868718364,152560.5945983798,152443.5091901778,151531.35235603142,150735.39792975495,149360.43554132184,148375.47340235158
2022-07-22,137916.8254129751,143034.53740506654,157430.35479597244,150432.18558302973,150409.10230487576,149551.28046039148,148735.6346837257,147339.20349516993,146309.19950527206
2022-07-25,137131.33205023,142115.09398586175,156440.0652416326,149369.27116373277,149452.37443664152,148576.77096782142,147741.49640081244,146371.15601651234,145357.4306512331
2022-07-26,134436.81089102835,139437.75905427715,153943.68399623575,146813.12231063133,146954.5218779365,146064.02930723643,145264.26204261722,143941.1472358845,142908.2067173673
2022-07-27,141118.07395337557,146468.8863585619,161590.22910203453,154185.672038487,154265.6150491648,153312.17680289465,152514.3939665832,151111.4586726097,150004.93027821757
2022-07-28,142497.94419116376,148557.0265138011,163794.9845637941,156280.75944494928,156240.422416894,155205.71280488351,154418.89787081192,153099.11534927582,152014.4278962745
2022-07-29,145096.65133056065,150979.52139852438,167264.7747608941,159103.29896306182,158851.4977540267,157755.77266187774,156925.68105238155,155558.28062479317,154438.81414395556
2022-08-01,145009.28095467217,150710.33685689975,166257.80213610514,158361.57007445613,158247.0091788002,157251.46990998197,156509.2502951812,155245.8568263638,154171.93924353318
2022-08-02,144576.9214215179,149931.4101052979,164590.13270953874,156917.99585139498,156840.92610377836,155934.30660462566,155253.66695287236,154101.5418436105,153099.9345970904
2022-08-03,149514.14617517768,155278.88984344463,170639.86304934186,162689.74233516117,162472.41114684875,161478.714193978,160773.81220200885,159505.2028258951,158447.23496796272
2022-08-04,150213.29296065427,155771.43839491485,171142.9124450361,163205.77845966694,163074.78269688046,162134.27470912106,161460.43548192244,160084.48720074768,158992.17806786898
2022-08-05,148986.26368042934,155529.27008265705,170896.1611784279,162890.65889536066,162731.64551325055,161812.91710713116,161081.95106050104,159733.15675036836,158702.95019392745
2022-08-08,148504.6798013887,154449.7422453465,169282.1804937423,161372.18559206126,161245.66027931464,160370.67487877127,159643.31240312275,158375.94430524288,157400.7615502595
2022-08-09,146823.79652685975,152553.32686989827,169054.09698802134,160715.4784935016,160325.6403449036,159286.56701501005,158382.7314410516,156861.59869368144,155794.4868873993
2022-08-10,151921.78934135046,158208.1015218478,174427.12820090275,166025.06257281703,165614.91749797272,164613.53968435782,163744.62724676292,162313.88286589985,161314.52056583
2022-08-11,151059.47293193557,157291.0639558367,173435.97391374526,165088.70918865397,164715.99814151146,163747.5488683102,162910.7067606482,161499.929612682,160480.9376243063
2022-08-12,154000.70482123914,160558.56397720467,176779.00642640714,168334.40480138012,167980.6189766827,167006.70018084368,166230.07373046136,164844.54091951167,163830.1273063665
2022-08-15,155245.23210477986,161529.3380020531,178197.8030960892,169655.43207399306,169183.10750621284,168157.0824791829,167331.18978942695,165909.00246292862,164861.94203723766
2022-08-16,154881.683813994,160967.54304767685,177891.54573668438,169318.12407437904,168785.5397742674,167752.1439840299,166898.57392125815,165442.52931605343,164380.09568094483
2022-08-17,154115.04194322068,160612.60830723203,178980.1087989652,170039.42860371363,169235.46455229548,168101.09858475628,167114.015367386,165427.0236482569,164289.89088675694
2022-08-18,154485.708430908,161452.29694508782,178857.526836867,170391.97061841947,169808.0286735895,168715.92150743058,167769.37774108147,166135.1155541912,165037.7184124249
2022-08-19,151473.70174940032,158343.02057455957,175989.55026328936,167439.72180526503,166883.04516313662,165754.21249576693,164751.2569266701,163083.39237991872,161984.01661895192
2022-08-22,147485.8132452097,153999.2241352852,171336.7584528656,162886.97493122012,162291.9623582088,161154.50622619,160172.69606341544,158571.6183072364,157521.4832135597
2022-08-23,147363.8684061865,153637.56536392024,170769.6648198915,162364.64712792257,161802.61945493976,160691.0891746994,159718.4027889227,158218.22061990103,157172.6717036624
2022-08-24,148790.77080723282,154886.97847486698,171763.94648568254,163360.09424077143,162800.8094961127,161746.6786590955,160779.33279841562,159278.09769740986,158256.18125900032
2022-08-25,151421.66755537118,157698.49228221917,174342.65694960745,165639.79600739366,165252.86881651328,164210.19993033787,163312.56925265654,161938.4250083449,160949.54690808404
2022-08-26,145215.18267523596,151021.20102130988,167262.24996449822,158698.1978156572,158297.83808420828,157300.90071804635,156396.20114548045,155063.00406133948,154106.0875152068
2022-08-29,143783.98040386618,149071.5461401568,165178.47414991693,156674.30994530462,156323.55372226558,155316.79614110495,154413.80932740675,153091.5366205525,152137.7781979921
2022-08-30,142182.75142686188,147569.5868764778,163168.66002017277,154827.79444315043,154506.5112241372,153531.39028980074,152644.4058341176,151426.5014805579,150518.05768105923
2022-08-31,142356.17234186488,147130.38280468035,162582.86879625186,154288.99378839953,153977.27399140812,153039.42119416667,152182.86246382282,150950.7520052994,150053.45196429934
2022-09-01,142417.99902333666,145841.3950791289,162219.24014184307,153744.80860169703,153450.7328287303,152467.69968589264,151614.1433800692,150261.2024450965,149267.11871285798
2022-09-02,140405.89196476442,144126.94302021668,159846.05931474347,151594.14665579263,151396.5646968654,150442.82170227074,149584.10244876402,148276.7347256409,147335.46428946173
2022-09-06,139397.4559044004,143082.2534041837,158545.3368863462,150401.95796626696,150224.92210115033,149282.29968468347,148436.14893237888,147187.6875946766,146278.45140812438
2022-09-07,143213.48851193654,146361.146987026,161653.5604695142,153498.74559027518,153315.17671133182,152432.85764861025,151575.63245216254,150410.37226523669,149528.55219249454
2022-09-08,143955.93203634443,147243.3852393347,161177.04937871412,153359.37210252247,153354.72668573065,152572.05191729974,151791.2903429721,150818.044699097,150017.39517596492
2022-09-09,147103.11821083305,150424.40395264397,164540.4878547112,156554.18537986084,156481.11592337853,155701.6015910754,154928.13381173782,153926.18300746748,153109.13422532607
2022-09-12,148851.5666376253,152808.04999967845,168314.40155916958,159887.98419272993,159599.377624506,158680.95948440727,157796.03503428982,156623.2414494805,155744.1942802358
2022-09-13,140689.036571893,144804.60511105898,158779.89874394302,150819.8050713676,150770.74706584102,149965.55483674107,149129.63539530622,148152.41737452074,147381.5496283955
2022-09-14,142805.1686226535,146432.31299987252,160578.2836630286,152563.70307544593,152421.0434231729,151630.92982963115,150758.6246949966,149771.71251040054,148995.14736879154
2022-09-15,140426.89916222065,143173.90825369037,157020.57524364526,148614.3767643269,148590.91412439797,147830.53529097358,147042.24328211398,146207.67297209986,145511.3015193084
2022-09-16,139568.27091764778,142102.01708768946,156026.51700684213,147646.1756601051,147739.89993250472,147022.5902486457,146250.9666552651,145385.65565730055,144671.20944683588
2022-09-19,140655.10961689695,143216.58602095838,157994.69283938303,149313.46636876962,149308.2321344283,148508.71139313243,147654.84757245448,146719.61414790756,145960.409203958
2022-09-20,139533.91551899846,142328.32156412367,158591.70810834243,149440.7342335127,149191.41573622965,148234.38749747415,147288.88726744225,146203.98331240128,145358.40787166992
2022-09-21,138035.45501775242,141171.71718362244,156756.90557506753,147834.215915876,147646.52448852835,146729.13945594305,145812.56453030283,144785.71351713486,144003.2675551787
2022-09-22,136336.51592185078,139313.705043216,156089.44650982044,147068.62024630408,146786.17452846246,145737.60414672652,144738.42519527776,143458.903516636,142562.06939610216
2022-09-23,134116.75117140633,137339.5250639952,153968.99921995983,145088.34772917256,144770.8961028949,143735.3000132448,142787.38474325495,141522.70590800303,140629.4143313647
2022-09-26,133561.80618092674,136444.93709927588,153613.65350963932,144529.47768974327,144083.1344025866,142991.21277566932,141965.5423845473,140642.60724129004,139721.9214366825
2022-09-27,133615.3809919697,136935.22004945923,153774.269587528,144755.8245400695,144281.86348204128,143241.78900185466,142261.01018547668,140981.29242392196,140081.03080201976
2022-09-28,137273.25140193946,139523.5025063962,155136.4956758118,146403.0572847622,146011.45941597075,145067.06145107557,144156.2660800258,143110.4849530164,142301.41617410124
2022-09-29,133315.999873706,135940.97838005956,150160.9232485324,141895.87621481696,141571.27724055154,140724.61798934103,139885.73235879792,139017.21173751703,138300.95266150546
2022-09-30,131055.36780135933,133474.470948224,146669.24998592312,138759.69842608413,138560.3018983319,137749.50004407205,136979.63714047417,136227.87407659783,135582.10302901478
2022-10-03,134129.99352214055,137525.99741150968,151207.04451472446,143055.8094155781,142862.13838655854,142017.9611378575,141253.3744045766,140501.9023965215,139813.5227352111
2022-10-04,138347.15545029772,142341.78881658474,155750.4371854747,147531.5827260172,147473.38026351164,146657.17223266477,145894.1389817951,145137.44476464196,144470.6059850947
2022-10-05,139273.6045766016,143793.40361750228,157171.07398075933,148975.74292650717,149041.27150256318,148264.83858074585,147519.47470407613,146755.1070044516,146037.55644984412
2022-10-06,138177.1020198657,142704.56260963573,155854.37987922286,147757.106417789,147774.59939247422,146987.4100855312,146240.5300013782,145527.18597182987,144820.27326615562
2022-10-07,132912.00680979082,136766.1772937501,149454.73582136733,141709.2542386616,141717.3043324994,140929.88484173315,140186.57835915708,139479.6742391962,138812.7706412328
2022-10-10,131583.3781575759,134295.49443582896,148119.665340658,140172.14611698667,139935.69545861916,139053.10426114494,138252.26373824404,137371.70159558856,136662.15332369017
2022-10-11,129775.63445336925,132109.05776853938,146168.6655619029,138361.29937437302,138079.4518109832,137186.0375552292,136391.95747792994,135313.26045428423,134565.63994705156
2022-10-12,130731.20020942748,132636.82558099006,146762.62701414464,139004.16444476662,138746.2793486653,137871.93584097928,137053.96014016014,135923.922176016,135159.17488311057
2022-10-13,133797.14029993917,136434.86377097754,151990.5816973196,143828.84978792656,143407.1432249996,142397.97208426488,141530.77789686472,140209.9154013115,139336.05358786957
2022-10-14,129775.54545453712,132553.08651028047,147632.51621614245,139785.04239464283,139415.37533784675,138388.18194506786,137481.1353450621,136163.00982319633,135306.93678368005
2022-10-17,134060.93277127875,136743.28777307182,152432.55470072656,144313.33091116924,143841.64001075947,142759.34679747687,141761.44369994302,140417.04188633314,139539.4176617134
2022-10-18,135121.11068539543,138148.82433624778,153608.6941027294,145471.31688260473,144899.36759624738,143828.39485724497,142813.21484131104,141537.2866873713,140709.3260872109
2022-10-19,135628.34865076,138470.2832747065,154166.49203829048,146203.39278037392,145677.512993203,144581.91569295307,143582.0674967556,142202.85584907408,141319.79959233917
2022-10-20,134936.3690387918,138545.73230143043,153927.05212955878,146111.47184819644,145720.29977402708,144704.84849183442,143755.10588220827,142368.948789572,141470.54605364345
2022-10-21,138100.33785917878,142193.91383704296,157824.59194939534,149742.568541857,149516.3501486826,148467.28663370255,147502.6928715091,146122.28031087006,145205.9994401752
2022-10-24,139619.60946263143,143871.5353524372,160316.73452419415,152077.65714322394,151771.8535635089,150662.16426115562,149653.86002715965,148148.84036568698,147157.95668910415
2022-10-25,142507.76728063016,147022.60996238855,163328.30178732314,155089.99392995145,154661.76244925082,153573.1286070163,152530.76065521367,151000.83535817405,150043.39618770313
2022-10-26,140358.87146963345,145066.80458621637,158855.58859383984,151380.55720954022,151425.31115936177,150584.38334414898,149705.79801370902,148526.3853665662,147699.40180065998
2022-10-27,137803.49566445596,143565.24388029834,155550.17109490687,148601.4639829306,148800.10750236321,148216.42189908886,147407.74874611138,146467.2840704258,145773.62809134013
2022-10-28,142020.37309703755,149343.5964137111,164449.6955809606,156565.32560530212,156480.69826700413,155625.10306517145,154669.8962613495,153348.6730486214,152462.00063343378
2022-10-31,140368.95542704387,147564.95785197517,161964.19589908625,154247.24238664052,154303.19120202327,153509.0475909465,152583.78594512114,151280.38938722116,150437.6980667434
2022-11-01,138934.72947197867,146425.35286400936,159771.3820494443,152340.9502077899,152544.55489571832,151717.55645778106,150934.30642726863,149843.64938428055,149058.86934902752
2022-11-02,135172.41883129755,142009.01188006482,155077.30544495143,147910.88063958145,148228.70788671594,147482.14931666286,146737.97223000322,145587.90945301673,144791.3914914867
2022-11-03,132531.86793085057,137967.36808110285,149952.23094301013,143201.01923030772,143579.8718060043,142778.6021727944,142080.65674807684,140982.56324967003,140292.3329270474
2022-11-04,134663.63640556607,139758.6624651281,152232.97973710005,145284.8308445743,145872.02896021656,144973.02060692484,144373.0536605941,143257.6540834367,142473.17473615427
2022-11-07,136144.2279230813,141828.99967055838,154423.70845697296,147518.71443731722,148200.7475331725,147318.84733510265,146744.3731121994,145605.68684171574,144730.80096466056
2022-11-08,137136.33934464626,143147.64603549527,155238.21024312743,148408.4664296256,149138.415275304,148390.61254976905,147885.14295135756,146878.1054811656,146010.96330678504
2022-11-09,134971.75144883184,140335.59300788023,151614.36013136484,145088.51335922384,146001.8041316353,145300.24693693072,144799.96145858656,143871.7193638682,143052.98692143967
2022-11-10,144931.10514475353,152225.54017385395,164722.16570977465,157585.31770491044,158231.32247779434,157438.09872670262,156940.9324683317,155991.97933495903,155099.03954532614
2022-11-11,147601.6087569042,155330.6178303982,167586.05042757257,160261.70052328025,160942.01263811038,160144.10628927738,159685.4916742726,158801.04051024964,157909.1931854572
2022-11-14,146309.92353727535,153848.3297559642,165619.9720193293,158596.24911202092,159402.7399576847,158615.25448080315,158130.60909733453,157269.0992068302,156359.14461219157
2022-11-15,148334.600556739,156069.45415441983,167164.40806771355,160174.8002353418,161087.1777821927,160406.46206259605,159986.38004668689,159237.64925652312,158384.78161312858
2022-11-16,147309.92353727535,154408.64668236562,167094.63299457327,159717.22084835102,160449.95988773232,159621.05358679962,159002.6307871162,158031.11237802226,157124.77377779
2022-11-17,146984.79512777057,154321.9352042652,168021.3707077041,160536.4795375449,161201.71766364152,160257.22939576648,159595.2249803144,158469.94233323136,157488.29379453434
2022-11-18,146989.9395135963,154495.32966039103,168125.06665494482,160597.77342333557,161306.02391660793,160380.1054684563,159714.0857143364,158665.8881254459,157707.7325242748
2022-11-21,145477.8771192713,152656.63307357556,166054.24791332692,158568.35590520137,159330.74402942264,158414.2468687962,157761.8222413944,156718.9129671915,155795.79096825223
2022-11-22,147573.14192425698,155389.54801269274,168754.76766732955,161334.69442760246,162263.9250016953,161433.49804600267,160813.9493227778,159728.13609989133,158750.83922424164
2022-11-23,150054.27349722243,158050.33288149943,171265.70574624554,163834.83787152122,164732.76520063524,163890.8314865255,163260.87922519233,162153.3386707014,161188.06517217366
2022-11-25,149067.18177818094,157058.52502312767,169638.28366106623,162417.0657047622,163375.84492359747,162557.43381304012,161939.70944757023,160944.12607126287,160023.18012316892
2022-11-28,146879.8679625124,153738.85119294858,165587.13267616357,158805.71977821647,159797.78742138002,159035.57389302278,158416.3353717126,157476.48614899346,156623.37839983325
2022-11-29,145768.06055481976,152315.48645369217,163326.60064472546,156821.2245100677,157954.27934810857,157263.97875513873,156709.7645398568,155886.16570152238,155060.67591199608
2022-11-30,153413.02673910235,160758.36196414332,173073.71267717288,166078.60960541703,167140.13071318928,166375.32330903228,165775.5403581543,164796.4823491901,163856.33741738263
2022-12-01,153601.27865984608,161326.66542602418,173354.32762227266,166081.20543093892,167122.40070866988,166430.95667228685,165780.79411439464,164974.93685943744,164099.31895330592
2022-12-02,152989.39455217865,160421.1058520206,172997.34205468526,165492.25677965404,166392.75587798606,165611.27128001724,164938.23784859205,164032.3952112282,163149.93867985785
2022-12-05,150421.70045022175,157367.08443465698,170745.19211010565,163105.16178398745,163864.9156016478,163015.39179545906,162338.31706321225,161330.2226853876,160389.43487683876
2022-12-06,147304.93824609558,153948.0569798952,166657.17405154393,159373.34954208956,160245.84953407783,159474.69270630053,158828.80577876506,157866.72318346798,156960.4011454233
2022-12-07,147703.52891978205,154245.7659692976,166392.81355720156,159197.9919459895,160110.00535651913,159418.42449482763,158842.1213795885,157962.54581488017,157099.65089183697
2022-12-08,149451.59566655327,156933.7222808051,168837.10152713218,161634.24672158592,162602.72406420545,161936.80895246292,161364.21623885233,160465.41022612533,159611.55851365533
2022-12-09,148498.5564152406,155980.39331086655,167909.61139232255,160774.74082685562,161758.08730135649,161034.44240756478,160442.3391911113,159514.21508434578,158667.47679427091
2022-12-12,150362.40083026938,159403.11084127068,171754.0140267891,164371.65842347656,165296.95553477659,164545.96082436477,163937.09751172565,162995.98421512652,162128.51942823792
2022-12-13,151978.87886157606,161305.16444986913,173539.13707964518,166140.2685808959,167046.93079212552,166378.34882191542,165769.88315532572,164835.0594366249,163983.40417664777
2022-12-14,151852.0661653101,161100.65976762548,173126.31947321852,165770.8195227439,166742.4003801768,166032.57130485994,165392.67438939688,164432.0337272011,163585.3784366622
2022-12-15,146753.44315320544,154998.178359815,166381.8009795514,159479.90517285618,160504.5010676707,159744.88467984728,159093.37030680652,158146.63404837015,157326.28870999982
2022-12-16,145354.22220445468,152971.47175814936,163960.27785820878,157310.71496220992,158295.2097687462,157540.07768018838,156957.65922413874,156134.21015510565,155347.72542946987
2022-12-19,143311.47720782965,150766.51541274926,161338.30793379218,154868.27814386005,155963.6777967185,155262.5195802679,154711.43971923186,153921.01689490082,153147.17906203523
2022-12-20,143199.93370200216,151099.6156021107,161582.23057149758,155140.9750186453,156226.8243908351,155560.96118906722,154974.62893038252,154180.49170332713,153406.3871499901
2022-12-21,146277.16029909236,154492.2340260243,165371.66568205398,158762.8593349127,159914.10635561816,159214.8446756238,158618.3201439884,157752.60231421728,156944.15790675615
2022-12-22,142698.4735825639,150662.74394893582,161153.05447879047,154848.84989993327,156062.81996800433,155316.70383671776,154605.65135357608,153735.56273960834,152969.35348044688
2022-12-23,143019.432107256,150719.4240679697,161098.64223683695,154853.4174309308,156106.08917687603,155397.47630955506,154728.087872015,153884.15792244513,153110.78803117838
2022-12-27,140997.42842081052,149246.16758182246,159096.17830150502,153003.5398589262,154418.68982448478,153782.37127447024,153140.18434882365,152358.05371657788,151622.1287763201
2022-12-28,140135.8789830577,147899.34880432053,157027.1376405312,151190.09507057074,152659.0945987227,152068.0804428403,151473.37758358364,150787.56039961896,150102.4425310166
2022-12-29,143551.7052675588,151930.81540072546,161297.2928561746,155234.25876912035,156650.6600952755,156042.9229541722,155448.38183221844,154780.37491919906,154095.62874391468
2022-12-30,143465.45975200678,151849.97812534805,161180.43597775826,155161.96254291054,156606.61439498057,155984.94490082082,155370.21215759745,154646.9200034452,153940.94104081506
2023-01-03,142495.69737178093,150395.2922490165,158173.10879806092,152800.83819141888,154520.4021173935,154048.02915505617,153511.38510042988,152933.31606224095,152289.39132129058
2023-01-04,144174.52599925263,152046.55217442784,158207.91798574096,153382.27585109512,155495.67764550075,155181.79099402216,154817.1143251037,154402.96695197938,153793.60287643416
2023-01-05,141917.59696018772,148897.6706827246,155337.1509783904,150528.27158522967,152701.62918523618,152290.23643124613,151921.2066501951,151448.02318398983,150812.07445297585
2023-01-06,145834.6992140439,153156.81359646545,159797.35882605796,154896.08557859538,157299.06342634233,156853.4741104787,156530.90582678493,156067.91323734293,155369.50474941893
2023-01-09,146778.74514419082,155075.80512241644,161254.21802677825,156546.32660265343,158865.5272255755,158464.29129374208,158137.37188225993,157733.5282059744,157031.93227230685
2023-01-10,148021.15207354448,156080.7803062047,162306.2111819379,157479.36891854714,159797.98412249575,159367.33577710734,159058.4281320825,158654.02338108458,157952.25197927307
2023-01-11,151581.92190115585,159712.8319005485,166855.9964100539,161570.7067969447,163784.45870539141,163307.63112937918,162965.17620216368,162473.2474924078,161751.08097206938
2023-01-12,152401.1938214796,160960.0727965078,167939.51967019544,162721.5031927661,164966.60397163784,164528.85771962957,164161.12516438522,163612.77209512412,162838.55963603687
2023-01-13,153449.76177104047,161639.08349862995,168961.47803805445,163566.5917704222,165685.41256486735,165184.0414955167,164794.07947814878,164217.5070695879,163451.89931916606
2023-01-17,153761.01734027965,162448.13827521226,170355.99288294613,164718.25604609895,166618.91397362523,166007.22100962655,165554.19020044233,164963.3982698234,164228.10458304483
2023-01-18,152762.15116797382,161401.48938853567,169246.90353452627,163507.59616609325,165376.1886643702,164785.29128699139,164369.32692189096,163803.74780385054,163102.354872376
2023-01-19,151261.3749277479,159419.60051605076,167968.05665694363,162213.44514155775,163885.60926690302,163279.92384299528,162846.8792648173,162157.47060625278,161382.47777782337
2023-01-20,155400.93851016267,163882.43207870147,172623.4799788874,166720.1795110336,168308.9076962918,167720.4873510345,167300.8488068608,166595.63165197885,165764.67451726762
2023-01-23,158853.29111164657,167773.62676494385,175992.65785687912,170128.45112233367,171866.0689324837,171346.35419091827,171020.2259357981,170384.63799276078,169575.36824099175
2023-01-24,158528.94809356434,167492.5636644059,176728.9466770229,170680.55726811234,172297.70273552104,171649.54448661752,171239.9145045985,170465.6963471365,169582.03611992107
2023-01-25,159177.15091110676,168138.81183097023,177142.69436428713,171186.67934371193,172802.89097409052,172160.5446360249,171740.22231307926,171011.02698491467,170133.21512777454
2023-01-26,162280.63145724343,170815.04568916967,180323.78272011422,174311.5872315681,175718.0710225033,174945.82618736502,174489.80070285418,173755.8201599303,172876.50276920223
2023-01-27,163896.07762029284,171599.81489989956,182041.51250213495,175788.3358245413,176938.36514416398,176065.10441375416,175506.56756945484,174603.20829171533,173709.54509989652
2023-01-30,160582.31934905087,168246.04463981325,178050.2055093122,172069.00152257513,173379.98956605617,172561.0144757815,172003.99638867207,171189.19769866223,170338.2619098907
2023-01-31,162988.79468417674,170800.40577588193,180337.7045086514,174333.61231800323,175676.74570880565,174884.7673145712,174343.9065867468,173598.77949675478,172743.99595147124
2023-02-01,167474.06218006992,175992.67555085997,184252.15249576225,178398.1666859363,179984.3887184362,179386.3714382451,179004.20077806563,178453.85796814502,177640.33532774757
2023-02-02,173484.68152891062,181238.43733697568,190776.96939806457,184369.6927831938,185499.67187585478,184799.12007355475,184337.50150322358,183609.37539578654,182750.76326894673
2023-02-03,170401.4731895431,179316.61389467178,190988.7866633461,184023.38554922145,184979.19568759535,183976.31652808588,183376.64843100024,182403.61980650946,181411.3204843249
2023-02-06,168960.0355993855,176963.37753194227,188865.97021236937,181903.0393035117,182863.56321429872,181770.90742276472,181104.01589470517,180126.24547954297,179115.47541587215
2023-02-07,172460.68709627964,181204.07215001265,194072.68355889298,186674.1598994633,187366.50492991597,186188.64144844923,185532.14128328892,184484.97127630943,183454.9845036989
2023-02-08,170394.11680138521,179909.6995341967,193071.1627891513,185614.70612138242,186082.3702773048,184880.587885687,184161.15908264605,183152.31126600632,182162.52587611327
2023-02-09,168888.18450079765,179150.4840323936,191729.24777104735,184502.3372521701,184983.27984551308,183801.37935689747,183108.11206076646,182185.22512655583,181213.89222882807
2023-02-10,167779.7515919251,178011.64542090317,190925.03706520944,183528.83703555746,184060.70514699328,182900.9259314134,182214.0105729543,181298.7303640442,180330.74817090805
2023-02-13,170466.87330856614,181038.66244638996,195183.41849757673,187433.4675859617,187844.6122830144,186488.24366418953,185656.22755518,184549.71666320896,183529.23226589963
2023-02-14,171726.5085149238,182000.01492867593,195763.66641867883,188041.81983360153,188376.37871551336,187046.96523320605,186286.09280457796,185374.5777619707,184370.52500548193
2023-02-15,174042.09415592338,184281.78240122358,197310.08279747178,189620.62583032055,189990.2142524862,188661.04298018455,187981.63841386576,187302.84998304112,186420.46447159394
2023-02-16,170776.33742791056,180921.01271432018,193826.35523714134,186596.9695138321,186946.97914335525,185562.27109079776,184833.39362077892,184083.34203539373,183213.29969520197
2023-02-17,169571.38368915254,178705.29523306031,191396.45331566304,184168.98471645365,184573.71721919999,183237.80442112088,182536.76418749933,181832.44130981812,180994.4837251452
2023-02-21,165556.76106103527,174382.94668816813,186824.22861062796,179725.05518123842,180115.2976280469,178829.03835265033,178130.1961922247,177437.1153934978,176591.303949113
2023-02-22,166680.64760526313,175343.25924574136,187764.026366523,180657.55657431256,181000.07082797808,179772.8098170409,179048.9003488938,178425.4722096249,177512.56318892684
2023-02-23,168136.40362745794,178040.3384274625,190808.65665207876,183689.1481633388,183984.1779183461,182683.4729039164,181951.2390606256,181277.79266850586,180261.20067059493
2023-02-24,165321.1661840825,174944.4345791164,187401.1429924572,180228.3069869915,180677.63437501332,179517.3921271588,178828.45120461087,178122.6462367407,177129.96867777559
2023-02-27,166505.03298547486,175727.14293610968,188590.04038000223,181344.06174134844,181701.61035769148,180442.3406042906,179724.23665596778,179036.9003556308,178043.59948871797
2023-02-28,166289.7571855916,175542.66381347363,187896.19984519624,180749.88550217182,181204.67177748567,179974.0221389217,179317.42816104187,178711.74880541873,177732.91816006703
2023-03-01,165952.93172792913,175186.68479680544,186417.03399815614,179693.48910962592,180350.52726564993,179204.34714066953,178633.7567994267,178137.15256879415,177208.43974363978
2023-03-02,167326.35755077805,177267.46818723183,188529.80696627937,182216.34890283507,182834.52352808148,181614.0946060148,180979.09109650148,180371.66797688068,179387.77132275118
2023-03-03,170785.62898384675,180987.77642896472,193432.78792916468,186816.90946431243,187360.62494208573,185960.6856347458,185195.07306863277,184350.19264577952,183280.12283483963
2023-03-06,170979.3632493583,181644.62668308092,195580.61072860233,188514.99756046667,188801.18628609448,187320.21057501712,186472.78473972826,185421.10259428492,184269.23623204854
2023-03-07,168882.21869435493,179408.40544626064,192981.47256500073,186079.98968390157,186347.5783606608,184901.24754243824,184059.53431898358,183041.25219289248,181925.97178644236
2023-03-08,170725.6422849245,181827.35569914203,195131.87890330114,188282.12341698844,188648.90929618088,187261.3408814101,186473.29089557673,185560.38898199686,184441.27176652267
2023-03-09,167767.69510778657,178963.69321654935,192703.96569209476,185861.38635216377,186135.4294869686,184666.78963979875,183854.03073169934,182854.48564538854,181701.7428798444
2023-03-10,165411.58420132793,175424.4695696432,189805.0546813843,183012.15843831687,183245.0859083585,181718.9086407654,180862.61545647413,179763.16787212424,178524.6073119116
2023-03-13,166638.34518207482,176241.18690757934,192149.9774890601,184885.23907929045,184958.802519465,183246.23449157068,182213.3376986449,180869.78826542187,179561.9134876997
2023-03-14,170467.6665024099,180219.05175408052,196384.08923528247,189077.54071894436,188992.00831671004,187294.93274362624,186299.75512714506,184977.48432498422,183597.27336401006
2023-03-15,172361.93251159496,181153.52337349145,198658.1253357001,191093.88394270174,190694.83894612084,188886.93286061392,187807.47472442331,186179.5932371825,184688.75004148635
2023-03-16,176905.4962397069,186101.4812026602,204105.82119672373,196500.82781091856,196060.58039545492,194251.70295333597,193188.67999640392,191487.8783854768,189886.30888263232
2023-03-17,176069.4799385473,185594.51306727304,204572.99968161288,196839.33106618555,196268.1725067939,194387.9081053223,193272.0245796705,191365.87491210233,189661.29858282956
2023-03-20,176694.31274499974,186162.3034802818,204292.00766120452,196865.9997965963,196570.6186812958,194711.40886198083,193649.43933222696,191877.94632332964,190221.83409116053
2023-03-21,179217.963595317,188261.1379780375,206352.54681404747,198855.61495734935,198439.5019665096,196553.74677632432,195450.67583702572,193687.28712318026,192095.8320490899
2023-03-22,177780.9502838957,186974.73522034043,206048.37910318174,198334.7953018073,197886.96189205255,195928.52296522586,194789.99660134612,192819.63065083505,191143.74533488203
2023-03-23,179889.0772358092,189614.92197025233,208840.3198257036,201131.8572381495,200788.19246607952,198841.18730869805,197704.69476860052,195642.6181069987,193929.7103575857
2023-03-24,180551.12063694303,189958.19023206344,209956.16377229814,202240.56331811144,201784.47444644853,199696.2432399227,198412.8135290161,196084.4882934216,194310.6748281242
2023-03-27,179314.12530516446,188768.12054856092,207662.11334334975,200277.57429128917,200032.75414120348,198069.16788273928,196799.31962380267,194621.06259330857,192944.81553045634
2023-03-28,178361.68662104863,187956.03022041745,206822.42389226682,199569.18048875648,199322.47575069382,197278.40232298404,195960.88390324984,193756.33148313023,192079.66261948994
2023-03-29,182613.89687520274,192796.83018819406,211842.27503581322,204455.36635767843,204141.8475820951,202108.5120491103,200906.9523010765,198753.73176295226,197038.08423193416
2023-03-30,184342.4519642067,194742.70964729224,213938.81244200395,206420.68385772547,206124.31017478512,204071.87292262493,202871.45805079586,200751.88760343145,199028.57217042777
2023-03-31,187408.14625357185,197905.29449174582,217150.17942278652,209495.41149636454,209149.98874125938,207084.53467447014,205766.52172382287,203684.24897579243,201980.00960772228
2023-04-03,186952.67883989654,197643.46029728232,218061.9751859579,210143.75307767224,209655.076609523,207454.59867406447,206026.52691959875,203786.10076020347,202014.42505675094
2023-04-04,186322.01487406765,196390.72956585864,217244.02398848897,209410.9391432434,208816.3370153975,206614.76779260545,205094.77333347974,202706.32367561507,200871.06933597958
2023-04-05,185482.58739496756,195029.06621675924,216037.0598170195,208304.8875698824,207797.54195629584,205631.97560279816,204089.54439391632,201583.04083747714,199694.88688830205
2023-04-06,186733.11771423128,196040.53599391834,218368.82619700223,210093.13769078816,209392.76995687385,207161.5366981887,205585.5109903316,202822.40497532036,200866.46177909727
2023-04-10,186627.47384265752,195927.00956565907,216536.4205211049,208598.23094379157,208097.83787421157,206015.7799870184,204673.66376247926,202247.5209054103,200426.19688051747
2023-04-11,185429.70149904396,194471.68610876665,214047.96336142032,206257.5342855637,205975.45967204418,203967.79042322608,202725.15417125585,200489.4093327668,198775.81165443957
2023-04-12,184791.6641227449,194305.3929804625,214225.57512274265,206353.5935643227,205949.59531897065,203880.54645004493,202564.37317766008,200274.34685594504,198597.9906050795
2023-04-13,188410.31991996887,198066.17862539555,219700.18751219253,211257.60963865728,210523.89918736502,208251.4775692569,206817.97170275377,204309.83976608608,202549.10596810083
2023-04-14,188056.11068368252,197308.8286448752,218874.90046035725,210546.81333859186,209784.1667404679,207481.30195903959,206038.36007279472,203568.02057617463,201789.75383205665
2023-04-17,188215.4846288816,198024.66806686186,219731.0955246024,211369.4858586302,210567.2124155152,208201.3246893918,206728.37016028943,204279.66986612094,202497.2887353353
2023-04-18,188227.2989529262,198584.9315921218,220797.27108104483,212385.44581276816,211515.53012628842,209082.36560165652,207546.2414436557,205026.330938276,203213.89966848958
2023-04-19,189138.73745697748,199169.93889486167,222627.1128474509,213802.16607182182,212765.7415126234,210279.00688985377,208669.79663775404,205909.84591732768,203915.63237294057
2023-04-20,187696.67408699635,197741.47366141327,221031.2946409515,212037.8417143276,211076.12929735528,208726.87532574052,207290.90894324047,204604.46458810524,202584.9062694701
2023-04-21,187892.4895575378,197157.53914312882,219907.00700545724,211164.00752208533,210269.7083576769,207939.857414646,206502.53596008298,203871.3565774269,201877.9623025702
2023-04-24,187500.85861645493,196302.53790033807,218886.80538126064,210236.88145853585,209394.61155452734,207080.16919167442,205642.23754563832,203087.62012084087,201108.58634802137
2023-04-25,183963.84124148116,192063.98403411292,215329.19877833236,206698.47976336995,205715.39049356084,203264.98347535857,201789.48046999698,199045.32898491714,197043.4716969396
2023-04-26,186079.4962367865,195618.5982760939,221878.93186580535,212221.8122317572,210605.34981501912,207894.4120583401,206315.38051265915,203123.8777321615,200928.06228703418
2023-04-27,191139.18733283962,199323.42235028374,227692.85712051962,217416.37763477152,215445.32165534043,212594.62243968376,210928.91739814004,207501.016149961,205176.24485172163
2023-04-28,192457.79949697026,201414.32608345826,229925.97621918246,219760.07824802006,217809.1002686298,215016.38003564338,213406.59884707356,209867.76201770655,207460.54816595567
2023-05-01,192237.0434332121,201623.9166067224,230159.27219612128,220090.0278888393,218111.5115073887,215235.73155773297,213540.1729217998,210030.5472118322,207617.83496360097
2023-05-02,190560.43390716793,199365.37303799498,228539.1255610468,218107.5170273915,216034.43150234007,213158.64630502113,211459.73600305867,207942.45259899768,205444.31235396347
2023-05-03,190313.4509293682,198955.7647647803,228262.91727298184,217618.6329644146,215497.25969101075,212516.85076015533,210799.0809714598,207345.43885549172,204918.43510792655
2023-05-04,189641.63561718806,198149.9595651917,227385.04450011,216640.27890424154,214435.95799430244,211452.0496344163,209764.42622883056,206421.1292773516,204048.41314948376
2023-05-05,193672.35946643088,203390.32136191885,234933.84827729195,223570.6819042376,221054.50378401572,217818.59907004354,216003.32640253086,212273.58325131258,209680.89366424613
2023-05-08,194152.17953974867,203606.24303235093,234726.5331888361,223418.9338864377,220905.7177261694,217751.19236132264,215957.90681027406,212301.72586950025,209762.00936984294
2023-05-09,192922.61843205983,202126.29458448524,232774.20479564692,221529.47758557377,218964.49850248132,215834.2200338007,214037.4534358089,210492.82619271945,207997.84903667629
2023-05-10,196021.908263751,205327.80488664698,236353.23034533358,224888.9143277861,222276.94297398897,219106.10370069108,217238.1473057309,213617.24035195657,211117.7602026281
2023-05-11,196660.9893895411,204459.82542307768,235669.14735918448,224148.1788317529,221501.3721715211,218279.02944863305,216463.4535931729,212782.28907723105,210266.6385748665
2023-05-12,195955.6113609875,204052.31011798553,234597.5095058865,223179.5918527576,220717.5107199078,217588.2501991713,215785.9014595525,212211.67413558182,209750.7162537959
2023-05-15,197016.66204591794,205772.3580627676,235007.68551704226,223955.77636551307,221655.62323856013,218630.17886902142,217033.56387698755,213621.90807529047,211236.80894647047
2023-05-16,197239.74089676776,205634.78647695278,235528.5145323363,224388.12922639397,222038.42718055737,218978.78794257715,217350.2712370481,213788.7893982587,211299.60754535373
2023-05-17,200627.19876308454,209646.17435690024,238679.28282127558,227826.4381211316,225573.84513366545,222643.9185535605,221105.3593810273,217598.78323860661,215126.54137975562
2023-05-18,204353.48204721202,213762.2192216628,242628.54514144352,231753.61740688476,229608.02498003858,226728.30632558477,225251.14686981426,221823.76805824402,219290.38305986312
2023-05-19,203892.98188408394,213373.9954545242,242161.86117339742,231542.41777390084,229467.43504430156,226527.15140936078,224989.78880597668,221490.38313515604,218958.44102054968
2023-05-22,204577.6783753006,213921.76097078496,242126.60990335597,231505.5861187151,229430.51417036643,226580.1329479068,225025.0296788579,221631.21511492785,219206.61882557967
2023-05-23,201984.3899433414,210661.91798203692,237814.86092050825,227702.17264760195,225828.05705177278,223092.7823909038,221597.43792642638,218215.70617140314,215802.583000992
2023-05-24,201948.31172391595,210359.0322741278,238187.615956322,227994.69861565612,225994.83119742098,222997.7023896275,221437.0324729979,217973.1410993657,215526.0450257001
2023-05-25,206862.30470616245,217850.28622261257,247343.54728844936,237440.62867318146,235247.36022513302,231958.10015432248,230267.69715660892,226343.38683424355,223604.0819095827
2023-05-26,212147.71757807428,223631.70498025205,251706.53784213163,242423.48383745956,240854.54145262888,237519.570804783,235884.76065949936,232155.0705585824,229392.71365296043
2023-05-30,213109.80445051345,224801.87286795644,252863.83708378387,243792.22710744507,242271.18138917032,238837.16009828128,237086.125843645,233250.20704387402,230470.21307155953
2023-05-31,212898.0510879706,223750.0507047911,251449.27813821397,242537.24578182245,241183.84456651844,237803.01212881043,235942.8189455721,232027.97362018403,229263.04822907614
2023-06-01,215357.46435390893,226057.97569610158,256196.38125143936,246564.01428227598,244736.4598301722,241216.26068405356,239287.15779188252,235237.73893948988,232384.0494438716
2023-06-02,216972.55936040363,227625.1927924769,257420.523404151,247864.75457721364,246110.9762418787,242611.10358558618,240646.97181498498,236574.0605580633,233775.4394732426
2023-06-05,217125.56455255114,226406.8209146534,256318.09836081442,246648.4645774389,244714.77101383285,241363.414624967,239375.25493817177,235355.947962974,232523.36390348684
2023-06-06,217088.83188103247,226782.5478727578,255544.76399439538,245982.8669970412,244302.9349456604,241150.35675449856,239270.58029920774,235408.75699890684,232600.9324319671
2023-06-07,214405.815051706,224406.56181050767,251657.7103514659,242411.60331475956,241103.02678451652,237934.94392775648,236183.15765410181,232626.62775058995,229962.35158697673
2023-06-08,217067.30333330564,226665.5000191216,254401.5367514322,245264.9492627519,243909.52722860686,240654.1364579951,238781.50269216104,235098.0317393771,232366.4915460989
2023-06-09,217897.09689430063,227608.9632708461,255308.6086278642,246381.84213330518,245128.39131839553,241927.16397455262,240011.31766438868,236138.1289479836,233341.4011390827
2023-06-12,221578.9483000122,232358.6786565732,259380.66845743434,250636.63249313613,249889.1388253638,246712.69615001456,244796.87799578486,240876.16049405633,238037.41493417494
2023-06-13,223281.56232165586,234029.9908966638,260562.83188032437,251911.64495838934,251147.14321602907,247950.40568722202,246030.59469791717,242286.86476370387,239477.99847626788
2023-06-14,225904.2255146412,236965.4239049449,264350.0130192642,255871.29622649474,255336.68170503044,251982.0615429476,249964.92029467662,245928.06199050878,242977.876595102
2023-06-15,228596.07250629165,240056.92353933334,268633.50907604536,259832.86174806306,259165.6727081626,255642.39374426787,253438.91495231542,249181.18631296814,246160.08068836137
2023-06-16,227157.5536554934,237983.31093631347,266517.46339756367,258068.47894790914,257312.23386676374,253790.5930517318,251571.06051875395,247384.72807110308,244400.29540130257
2023-06-20,226832.36976074323,236597.28924545948,265935.52424410544,257624.13959548625,256553.02430075817,252977.51162372573,250761.043892201,246436.08606127158,243378.96673969127
2023-06-21,224741.12423059333,233969.83900558093,264518.80028600735,255852.3533535522,254530.53033201073,250888.15621304399,248665.94231819946,244349.7860320928,241312.99933680892
2023-06-22,227392.8661869038,235894.6517888732,268212.0901786222,258938.9815610639,257138.87111072525,253300.81287668945,251026.90872625384,246557.5009308464,243426.56393012722
2023-06-23,225138.64038200228,233154.2383629929,266300.8389389493,256913.34352123173,254811.57915406208,250964.44129993406,248653.87336540755,244130.694035194,241013.89323915355
2023-06-26,222120.47863826848,231262.01714906952,262298.63670417696,253184.8147258573,251486.2273749606,247931.53235957178,245805.16538965265,241599.0512666228,238648.9674953736
2023-06-27,225939.67576936362,235938.16356250155,266804.79342378414,257612.57849868492,256030.92832273245,252398.49776030955,250295.61632912167,246187.46265380873,243197.16963896833
2023-06-28,227380.64189925278,237547.12554120724,268334.73288294225,258878.24686236278,257102.41952486214,253424.0538130466,251297.95137045893,247193.40767172343,244224.6278058626
2023-06-29,226925.24213680567,238059.01393043654,268708.7556329967,259285.06459752703,257745.16478771364,254052.35484439085,251840.1092580852,247755.301907397,244810.06502850004
2023-06-30,230424.48590728507,241810.66658082049,274423.82434913376,264507.0685379893,262648.6797592128,258771.35159322445,256431.51213089228,252206.46002721472,249168.13406969208
2023-07-03,230967.15010545842,241400.5141840516,272905.14015169744,263338.12798232806,261651.83191323114,257867.18537860233,255647.52626264203,251573.13351189208,248568.22462485803
2023-07-05,231960.8878497953,240902.05997839826,273225.44308291416,263702.7840759826,261732.34937936955,257965.34575272287,255655.36783096156,251498.39558441995,248460.59772620077
2023-07-06,230194.31492201693,239968.4536933079,274134.10324789403,264017.26165133057,261704.08205340258,257761.71029341448,255354.57860596987,251037.24521981177,247950.44077303054
2023-07-07,229430.04942281274,239150.21856176507,272301.3980680301,262555.37640650716,260319.6935921072,256420.29689880816,254034.36106623182,249809.12412458987,246802.40771233014
2023-07-10,229505.24925358794,240111.2357237621,269546.1717080328,260811.03778672084,259250.71525019605,255678.22864843803,253512.156481411,249813.13467873368,247033.6541072469
2023-07-11,230639.10770668756,241017.3458991196,269893.889824129,261647.95915850805,260106.72337519805,256440.07037581396,254229.1345078839,250561.67599557192,247823.12803180557
2023-07-12,234552.1178267372,244538.02150122868,274548.91359292273,266063.04256180086,264509.0988747566,260748.5397754923,258441.35431352895,254444.72500023822,251600.88807675583
2023-07-13,238534.49531774342,248182.90752780886,278081.80203754315,269693.9373665065,268002.6995375286,264241.9322033064,261960.54340741824,258006.35983292878,255151.6669707988
2023-07-14,238484.12136836565,247295.13998851652,278546.7696227219,269731.4416531299,268006.66772515164,264257.18180336844,261943.77600365804,257826.73939039107,254863.50885245504
2023-07-17,240711.232672979,250587.13388233937,281604.32804721297,272791.58008659974,271080.715989379,267334.2942895559,265074.0794201704,261020.0151866426,258070.5569091545
2023-07-18,242680.4121482862,253421.37959231745,285653.8804013543,276508.6147461351,274474.18559940386,270563.9893340739,268165.775652727,263849.8656315342,260789.13193245983
2023-07-19,243623.8196756545,253754.17605470866,286057.02660205547,277150.16271592455,275050.5424760183,271174.0155369193,268720.6319944665,264324.1931874153,261295.86330159684
2023-07-20,238007.83188909158,248384.27729157323,281239.57177598454,272364.58376268856,270203.67115165753,266312.1318163385,263838.4728260743,259398.48602103133,256358.0858884689
2023-07-21,237293.9562699038,247957.9524660126,278753.73008826893,270316.78996206034,268789.57037374703,265124.1013766199,262790.5014637064,258586.24513600435,255621.3913326001
2023-07-24,237673.00388110417,248240.32457023335,280164.9180286603,271597.9495948665,269924.68384259415,266186.2780082353,263872.27147487836,259535.04650167277,256495.9114334809
2023-07-25,239283.89732159674,251063.68474254143,282903.00717085483,274281.604727459,272601.02263110864,268829.5729245162,266478.75419485907,262092.52148035643,259031.6875615349
2023-07-26,239487.90519235717,249173.85577160103,280584.58167304716,272124.2786880363,270208.8829313606,266649.32233081444,264470.974684352,260329.91101836413,257318.0077833331
2023-07-27,238916.9694254527,248028.8774223566,277724.38847234455,269802.7023330656,268331.3267248534,264997.5811636959,263135.136860892,259221.9089798912,256192.73493446043
2023-07-28,243268.75995184126,251552.8579066417,282280.27235586493,273947.6058976116,272305.489483576,268984.4587230081,267101.4956563108,262992.6463566138,259811.62669755574
2023-07-31,243395.60608509963,252797.87218712567,282116.2951233327,274010.9169510885,272527.1945860001,269287.264472919,267430.72359268815,263433.4645935225,260358.6417749861
2023-08-01,242831.0589622455,252931.2764334769,281758.1950717138,273949.8057092683,272680.73384470603,269492.5411754116,267673.20756286115,263815.2084647269,260739.89294571633
2023-08-02,238502.3580011992,247200.1936838004,276310.0508001111,268547.0423065312,267251.5875655057,264080.2124857705,262191.7802534126,258283.4306821334,255220.49732467762
2023-08-03,238120.11834508707,246223.52358889172,275501.92382704245,267631.21735737997,266058.04454562726,262866.61560137063,261056.70782064262,257334.9735561654,254331.46580692768
2023-08-04,237005.2592817799,243008.92115263204,269973.9731046413,262963.1065566432,261858.09056087988,258940.24140529172,257248.12966107656,253434.1824891311,250473.62822456253
2023-08-07,239011.95807318957,243416.32032645817,269459.28021413105,262961.4797095073,262097.68088700154,259364.43907917416,257782.29596602937,254145.04620010016,251218.17665115162
2023-08-08,236979.8149200878,241150.46233692896,268128.522408106,261370.40872387495,260358.32674794173,257571.44618897256,255910.00709213244,252172.48319282357,249243.1287897738
2023-08-09,235374.3320838775,238774.02280061896,265496.2748079963,258495.49129404718,257421.6735979398,254746.54007569415,253165.97287195435,249684.07902392477,246893.90978803587
2023-08-10,235809.32836860386,238998.21098725605,265603.52869263786,258685.54871095842,257546.84559230655,254905.1629654695,253300.47389003276,249850.3687974738,247082.2296874478
2023-08-11,234305.88178086723,237428.980663099,263922.22611731477,256909.46234708576,255767.75813722034,253096.98675309497,251386.2864180838,247886.3488302415,245163.75078882268
2023-08-14,236935.30755169244,240931.72319456516,268281.45494486793,261541.88266642953,260399.00679292058,257603.12231776235,255889.60997197262,252133.31724473095,249306.01675370982
2023-08-15,234421.0389687461,238549.8694069029,266133.31349663,259373.74829345345,258228.62981791384,255408.12727495504,253607.19258916492,249794.25702352094,246952.545955719
2023-08-16,232938.82588344454,237291.2869384391,265918.9211690429,258995.97104718984,257622.6723457259,254722.76253297608,252853.57826826148,248913.3560433705,246055.12188135475
2023-08-17,230394.40484920458,234696.75243371402,262931.06906562153,256505.18839161572,255223.80561597116,252344.86844800925,250511.5154708066,246559.01678601332,243713.9767981628
2023-08-18,230105.2606486008,235152.65173165634,263141.6066030851,256695.94000813947,255484.63611612644,252686.46082475813,250907.22148468156,246946.785705233,244076.60526795834
2023-08-21,233812.56940992724,239199.24716323114,268350.24393438845,262214.72656194615,260844.32232759302,257887.33895876832,256028.46617097026,251999.30062573592,248966.95208914304
2023-08-22,233478.50979924208,239289.30544346155,268679.5773656605,262183.1770487814,260666.69638228416,257666.98222350585,255768.22647645205,251651.54291077968,248638.98042092263
2023-08-23,238160.09555114887,244634.13266976248,274816.16691130464,268229.25402966904,266680.71982664656,263568.13945377676,261581.9922301358,257288.37966256696,254196.6764076781
2023-08-24,233069.2900068621,238954.73267519116,269381.5855846926,263009.1132926294,261284.21479702895,258204.2014067593,256202.82815685583,251915.15082395545,248865.8077607563
2023-08-25,234875.86855609785,241356.48435127846,271257.60971222364,264820.3938654995,263271.0103739051,260352.64923783217,258350.35629118918,254112.98963801307,251043.3193367054
2023-08-28,236643.8202301926,243210.03755801663,273331.04759193823,266976.4107509009,265407.7822844108,262434.536624674,260448.553913774,256154.64609058082,253059.55249390626
2023-08-29,241812.12019065014,248109.617292279,278929.26063028356,272397.04258553305,270841.1601067667,267806.3516249153,265748.50430059567,261247.86746060284,258048.857140666
2023-08-30,244160.65138716224,251155.39343035148,282835.01862174907,276095.62682257226,274296.17234579177,271195.58150083874,269104.2490882067,264450.8128792167,261223.06547992156
2023-08-31,244892.74711521468,252414.9446305135,282755.18744096917,276645.9665818865,275015.0017338906,271900.58657569386,269858.633009421,265263.13025423797,262079.45504877347
2023-09-01,244633.59159108234,253430.5708321123,283699.0676531979,277312.7221228679,275533.88611167547,272558.48227060976,270575.23280525405,266073.8393948276,262938.9357267471
2023-09-05,244944.60238560403,253861.74569238845,284989.502008651,278259.3440369888,276544.468859097,273542.0345122371,271493.24560204643,266870.40504499915,263678.84148708923
2023-09-06,243787.1412058392,251956.78388458997,280376.88691989426,274395.8465337243,273141.34897475527,270403.3944567588,268521.45834436576,264315.4657940673,261282.74904711175
2023-09-07,242043.67377634087,248185.77710138194,275544.1728140509,270188.96225201746,269063.78057542007,266434.2068554752,264585.185917652,260534.60779100758,257571.99550399376
2023-09-08,242381.92922641276,248504.79741105312,276721.0840320834,271051.66025388095,269846.9361186801,267127.6550279017,265198.0458541984,261022.93330612217,258021.83082268594
2023-09-11,245237.8906836852,249683.92773753693,278347.3713971789,272490.4400209254,271325.65192823845,268545.10315905325,266534.4173776761,262329.5735998579,259267.27286824497
2023-09-12,242518.5619425854,245309.11286572175,274303.0886495625,268353.9391574808,266569.5799342655,263885.04117395787,262009.89857225493,257968.79290254784,255006.83674229248
2023-09-13,244442.33417961816,246639.48507866357,275645.0488413415,269853.9708799931,268245.16023728845,265566.7897896767,263717.78029742773,259639.76060675157,256602.0092074416
2023-09-14,246441.22005608928,248366.7969100257,277035.469740793,271171.51922912133,269741.2638730701,267041.82562462165,265167.58465390635,261026.41807005616,258013.21441052965
2023-09-15,242221.3837123888,243848.33124498822,272816.7104378442,266713.4418890473,265336.17175488017,262621.4670592264,260665.6577372138,256448.2274937236,253519.10904920494
2023-09-18,242473.88396389005,244837.87243824147,274797.2343173116,268436.79816016566,266806.1636577388,263995.04965334665,262054.66554513384,257806.5820475464,254809.84404982819
2023-09-19,241957.10715452937,244403.0928652262,274849.90744386986,268418.02334513457,266712.23037179915,263789.2871664073,261779.21893994216,257477.04086707786,254494.55956664792
2023-09-20,239470.38648958056,241805.4956265498,270004.90945164516,263977.3456235897,262634.14492581104,259992.75088939635,258100.97841596536,254034.0371640276,251222.7054849219
2023-09-21,235082.2199031885,237796.69993904204,267123.75975511514,260405.67258906466,258868.76814492844,256078.9854898002,254135.29430414704,250063.9140030536,247329.6326997308
2023-09-22,235115.0667739431,238457.1487700558,267277.45166600303,260703.45044258906,259255.82036600006,256488.04819157353,254586.10012963598,250554.0514328124,247831.74299231434
2023-09-25,236231.7788231237,239404.83918087016,268647.7780783415,261963.03460463518,260487.13014274795,257694.51533895265,255763.65873982353,251631.91840526683,248863.16900014272
2023-09-26,232684.4798945782,235131.78195305797,263642.55587562756,257255.05062349985,255759.71223314526,253046.24964508752,251176.83742840015,247190.0616904979,244479.9296195021
2023-09-27,234229.7257156333,236855.43034963735,264239.33584991563,258110.59964290276,256709.41621532093,254098.87079103308,252294.57438218137,248442.84022390802,245784.6607872192
2023-09-28,236189.14628416847,238873.30375354533,265409.84291327477,259337.93785455992,258000.63171646686,255477.72274381862,253682.61742390398,249987.67613746124,247414.47404746004
2023-09-29,236360.61682832532,239815.39814163363,266480.41877060995,260410.71920994893,258995.8409452047,256390.24780649407,254601.84056860767,250777.39898786353,248158.17276857
2023-10-02,238333.24476502163,242023.4055681086,270950.5846104576,264628.52808724536,262882.68415961275,260053.96251139935,258100.3708782849,253922.99928238813,251120.39159973213
2023-10-03,234150.6043659053,237422.50238643461,266362.080579863,260100.24584823695,258422.0116310133,255658.22194707484,253751.18367860827,249595.4590326024,246820.16386868202
2023-10-04,238337.0201514177,241162.24055398675,270462.11383726465,264084.8094997511,262404.38253374124,259677.86370683415,257797.6652308087,253653.78789515243,250823.09250284053
2023-10-05,237634.7794222119,241371.1621834305,272046.32999743044,265401.558454733,263547.6912547509,260715.50199674934,258771.24074666822,254403.19440739494,251470.79388517526
2023-10-06,241616.46029831405,246211.84811227882,277120.029445876,270316.13067314634,268370.0035290573,265482.5788301903,263459.67680415383,259118.00762516097,256132.71208600572
2023-10-09,242848.74873554416,247343.64926378333,278385.359137508,271427.7734409119,269462.13017194584,266539.8634696155,264478.7737157127,260179.5501882822,257197.38914585512
2023-10-10,244193.61859037261,248162.02302627458,278281.3900126195,271507.0078761302,269611.23896466946,266742.32954926183,264725.4529437495,260652.32245284735,257707.14145726146
2023-10-11,246935.98824129128,251129.6365411274,282130.6144325616,275356.0325600364,273293.3749019162,270266.350176616,268180.8135436331,263998.29133342096,260972.71901263465
2023-10-12,246077.9021120628,250535.25618211727,282601.7694470274,275928.1346093535,273841.61696707783,270781.39717345,268687.9747035916,264347.5155631806,261165.8298368703
2023-10-13,242984.67514940831,246520.20151466233,279170.9478360918,272420.80120487907,270215.2502796225,267107.20739473705,265036.0306478628,260689.17577206934,257540.16400738747
2023-10-16,245732.01252993135,249352.27140442142,281276.1114278509,274669.2873118743,272579.1062992166,269443.11671896954,267331.6553626178,263074.8233515676,259974.7632921223
2023-10-17,244927.11159520957,248285.87037221136,278528.2001510684,272079.3833508894,270218.3465791251,267343.81285476853,265375.99053710717,261318.74975174488,258309.13700330348
2023-10-18,242714.15600563568,245882.72243268846,276295.130933922,269807.3298974785,268048.7112099465,265145.30343424005,263200.8773629048,259112.80120288578,256096.8072171012
2023-10-19,240443.1277122644,244133.20453125855,275908.96871662594,269339.5016865095,267452.8819615798,264411.2007861281,262260.57525255694,257875.9042732772,254786.28579029956
2023-10-20,236856.20787094513,239826.76584535663,272069.3806595783,265391.4015633001,263225.040656896,260184.10204377474,258111.35441938112,253756.12653276228,250637.1574514307
2023-10-23,237570.93816328672,239867.76125100066,273927.428074628,266992.38529643643,264643.0587910925,261432.0274566117,259249.92716083114,254631.42285693856,251394.08246843182
2023-10-24,239882.06184129586,241997.54688064582,275427.5570438084,268691.26495842636,266397.929553761,263214.2012116312,261087.35255272748,256563.98008723804,253319.3211125618
2023-10-25,235010.80386330775,239001.2197712138,276383.0389082735,268409.8222380374,265427.07044820895,261752.52619547077,259316.5547812234,254418.28374121932,251057.78487503593
2023-10-26,230529.7462009086,234770.66999561625,267643.24403718364,260490.6754238074,258275.3176051132,255233.25880374617,253080.60955585339,248728.16867602503,245555.69587630598
2023-10-27,231636.58143485463,235746.06312913788,269231.02698657376,261981.68479129317,259845.29801293585,256723.39501123645,254502.13588867604,249931.6536782624,246664.37920302787
2023-10-30,234246.02758345398,237820.20676191262,273855.39698569995,266318.42024540086,263828.0325484556,260547.48614675825,258171.5368726146,253179.90029568833,249720.71718265399
2023-10-31,235366.27117861708,239612.2919033764,274421.34353860456,267062.02925643686,264803.23034237546,261687.4849698725,259389.84586256737,254611.9581236459,251244.71575958226
2023-11-01,240451.5323398723,244543.16590675004,281389.2699845434,273732.91391278105,271336.8809740091,268041.29541188164,265695.28738356056,260613.49794920953,256918.20813030654
2023-11-02,244816.47210222232,248903.1451392409,285876.23344346735,278315.22658754286,276042.04816534964,272752.7163813857,270423.9649976878,265221.26706968853,261534.28587737906
2023-11-03,247692.7849886577,252443.0607125676,287855.51377141447,280500.2935843807,278399.61875830777,275123.91681167315,272881.69493158616,267880.6178096683,264265.0722819817
2023-11-06,248703.2181045701,253587.65942517124,291250.29663758486,283452.4660593125,281004.7588993485,277591.9981036049,275251.3720418007,269895.1358757162,266119.05169365363
2023-11-07,251054.0865359348,256661.46817530814,294601.5206784292,286786.8199914077,284212.5582464228,280735.40383489005,278304.05149485514,272841.21275308105,269016.8782036906
2023-11-08,252215.76336114018,258729.33268613284,297564.3305751563,289571.11521974334,286987.4106654897,283556.40115649445,281131.49308416666,275596.3532119227,271690.4615124174
2023-11-09,250274.80344883268,257177.5767613075,296562.80322320235,288442.3639875386,285861.6194228526,282417.10244944465,280039.285278133,274480.4855413645,270526.03695504897
2023-11-10,255901.58888826007,263970.98977303784,303709.1288794811,295464.17512205034,292943.10614167736,289478.5200178896,287112.9161623217,281446.02593213785,277281.58907877764
2023-11-13,255103.50482863034,262650.18288632313,301850.72011951864,293724.7787126957,291224.2260648568,287833.6330514246,285469.5151998177,279894.7399640357,275804.2620261858
2023-11-14,260595.04775480993,269005.3265740037,305844.56744048145,298037.88729828165,295787.9834659876,292562.1633637259,290291.0408175022,285011.7210047778,281004.17770633404
2023-11-15,261791.14205230505,270354.7679337567,306788.10806310317,298846.89651478594,296740.2427447271,293571.4716798782,291339.4427381174,286083.2985193797,282119.7271222751
2023-11-16,262015.1699899476,270955.1740854115,310462.4234344228,301419.74739337264,299133.44935693825,295828.80980758654,293460.7734302025,287830.10214109847,283688.39069072995
2023-11-17,262076.27618061384,271074.0694919572,308642.92502384423,299988.63991662156,298142.32617550204,294880.9526573198,292551.5234013717,287201.425123685,283177.1345995493
2023-11-20,265267.00967510237,274896.5282716109,313177.3053668572,304460.07714753784,302485.4951112448,299137.5635771973,296786.4013620295,291300.5527308643,287175.53290723887
2023-11-21,263725.9326176,272613.74383129895,311175.8859208048,302418.84188645333,300292.0508864118,296928.89898641076,294537.2125772301,289151.0116022337,285077.4687771111
2023-11-22,265805.38401126926,274612.4689289652,313280.9250263978,304304.8734291333,302153.1297076974,298841.9713117654,296484.8998844912,291050.61588518554,287030.58102343744
2023-11-24,265430.5729482703,274314.1348236686,311662.1190673641,302917.4716892916,300983.7326333565,297788.06230780826,295498.79733262,290274.5858646317,286320.6175404475
2023-11-27,265198.88848440873,274170.9462807807,312072.186800552,303121.88256951125,300965.0874365658,297766.745681492,295519.33393698593,290291.96497061924,286324.0467623604
2023-11-28,265893.9418759934,274678.09393100376,313339.59082368674,304164.29709957255,301840.1849860974,298524.03204662545,296172.76801091054,290945.82046236156,286954.02289095434
2023-11-29,266634.9941955975,276746.094175388,312829.35512958537,304092.76917347114,302018.9654157896,298979.3953040919,296757.57675407396,292041.2554599472,288222.5742161184
2023-11-30,265964.71131182974,276668.267896179,312443.35309877986,303999.56436053966,301885.1913653006,298863.9788983595,296650.0479588394,292075.83414282376,288275.5721167608
2023-12-01,266723.927902683,278237.1277214629,311985.0303519694,303958.57921998494,302075.48908352875,299185.12272397557,297036.6347868903,292607.1639341903,288922.50124452147
2023-12-04,264247.83855978964,275404.77791381604,307792.55289546686,299695.82573600335,298081.358651151,295328.62806958955,293208.4655291238,288902.73429257114,285358.2113355838
2023-12-05,264911.3277490557,276895.830007622,312319.8905057643,303447.74827567616,301273.3919714002,298237.2900115671,295889.76818046963,291189.24999163207,287440.43436461146
2023-12-06,264379.09487539285,275488.61274186004,310628.84590857493,301769.0305777884,299565.8676794409,296598.41055416845,294336.06344773615,289806.1686597093,286129.41172664677
2023-12-07,268073.1054358128,278463.48707323906,313721.1122347868,304984.80451625574,302925.53442414646,300021.7635377727,297792.63760113483,293316.2126522969,289547.9088429951
2023-12-08,269267.7946403031,280951.5898481801,316417.2448968041,307641.8122644743,305555.90993139386,302567.40490986174,300268.5953564987,295674.0849066448,291885.1147402031
2023-12-11,271567.9442997439,282886.8367412654,313569.604990326,306207.9777290991,305375.13591412426,302842.13851761195,300884.49714038376,296862.4207933929,293213.38777514984
2023-12-12,273730.7451913834,284575.598408193,316744.6725282475,309324.5276348251,307816.9389779707,305242.504953675,303277.8811181108,299209.2496096726,295510.0430409448
2023-12-13,278211.8172121803,288863.02367584466,320632.5885378088,312950.8945502856,311595.55985896464,309005.2676728089,307037.0704125728,303060.778783171,299399.40425228473
2023-12-14,277970.69139663293,289423.8524199489,317939.5709920422,310290.79143028345,309440.2787185011,306923.9223953886,305190.1351373532,301676.0295166113,298361.89041365
2023-12-15,279314.3785850102,290816.96723451803,319467.34884169913,312055.10829221964,311447.62544079614,308933.7200679583,307125.2726997166,303525.1597998224,300141.86967882555
2023-12-18,281073.6944742508,291486.3826451606,320031.63209506613,313085.5591320843,312483.98241976486,309952.07834193733,308077.09777286474,304281.26911973266,300887.15019337763
2023-12-19,282509.88380492385,292975.45646644005,320767.14808992523,313789.2744832071,313292.12977671606,310809.1920411433,308984.1341795246,305183.3152881286,301804.7985400621
2023-12-20,279311.8478525312,289275.7627739644,317908.9829298827,310740.04942070623,310035.53924372967,307470.9361053949,305510.8884472852,301617.93425347307,298256.62757480075
2023-12-21,282561.76406946825,292864.261374595,319723.2407240686,312962.4016308929,312572.5486028832,310118.82603952254,308372.41519106424,304562.1611980587,301238.19707938517
2023-12-22,282984.44550072635,293149.20061001176,319146.28198918264,312568.59428642964,312386.4781358149,310015.06437445444,308307.31882326526,304457.49787014973,301182.4817300752
2023-12-26,284716.8340664083,294597.90883634036,319282.79703289375,312999.86101624294,313149.59620328527,310909.6954702871,309285.89001857594,305545.0551486661,302336.4093928914
2023-12-27,286296.4433843172,295882.8480717571,320279.1894935428,314039.3163535062,314214.7800793763,312043.51013051247,310425.74037010886,306653.2946031493,303435.51855765196
2023-12-28,286157.23124949745,296077.4391155557,321148.42405592697,314709.49144389655,314810.5281460728,312615.2891420351,310957.0606784951,307120.7670399988,303883.90106705774
2023-12-29,284918.81836394465,294380.49462061655,320632.55457829934,314136.9886487874,314097.44759256265,311870.26147697517,310170.97334159375,306240.12334199826,302951.96722010104
2024-01-02,280097.35696120275,286649.9676094121,312794.07960680564,306564.4589807105,306535.4555742779,304254.27582375,302525.89310733497,298639.14999274974,295447.5026545347
2024-01-03,278133.536426653,283812.0890409614,312025.45624730934,305439.96823052084,304998.907525468,302565.85711105453,300781.24396592425,296748.87988549226,293482.1735309297
2024-01-04,276702.1279161575,282102.9910935182,309992.0864638372,303605.6096482249,303190.6787799235,300812.8140826936,299078.98455119925,295068.911590645,291846.1446571007
2024-01-05,277030.3045014906,282170.16665144765,310248.8304427772,304010.8959631339,303606.26002287504,301268.8784555098,299566.71616288467,295503.18480570003,292260.80710629007
2024-01-08,282755.93854347273,289354.2707559649,318256.80293488735,312101.0484498085,311550.1965415628,309077.0464821499,307322.793189026,303248.9948240165,299925.3901780154
2024-01-09,283314.55860417977,289866.98692780937,319053.06696859933,312961.8613842985,312389.33258852176,309904.06536426436,308070.7854953661,303902.4550905653,300481.96133893536
2024-01-10,286234.7407524055,293326.8127878922,324065.44339290337,317672.68266613054,316683.2523343325,314027.0068816248,312040.30519083893,307755.45626017754,304275.324341446
2024-01-11,286830.33237857814,294355.7340207361,324564.8302761143,318638.04431112774,317738.67939892854,315120.64345388353,313189.3031981857,308935.86632190546,305426.0847036475
2024-01-12,286977.4568516687,295011.09436494985,325959.2431202163,319877.47351485706,319090.0363293329,316439.4631695531,314401.11019392323,310034.9964003866,306458.05192155944
2024-01-16,286949.4073170615,295445.94317872747,326232.28110264236,320422.9677105481,319744.15514441737,317207.4989865678,315300.89723548276,310900.2648126274,307177.38157847105
2024-01-17,286330.79948593344,294829.0480162787,326054.0229667034,320305.42239353247,319535.7297291232,317013.3031240662,315093.79711804277,310581.7647336971,306800.169057753
2024-01-18,290395.0384454045,300562.7422844633,332701.2326180866,326530.6439711069,325936.37712219375,323398.886825923,321462.0065652043,316689.06907800044,312770.4885898332
2024-01-19,296153.82961486606,307089.27782137,338681.3463047772,333069.25867392623,333049.3227755652,330616.9728594115,328777.41047197214,323976.5678679101,319890.5574856109
2024-01-22,296540.62839272234,309092.64631867124,339892.06720290735,334045.0290745742,334038.1149711947,331596.29990874074,329805.73453826824,325241.3800761653,321264.5443502563
2024-01-23,297771.1004391413,310377.0605763202,341694.559144062,335549.3647424367,335583.06276225,333093.29333539633,331193.92848904675,326620.73085878807,322610.6772676346
2024-01-24,300423.52885156585,312864.28408660105,344595.9912991708,338636.01105211594,338792.98515215865,336440.0920199241,334588.7506241705,329900.96024706546,325704.6518081504
2024-01-25,300790.4325954382,313610.25165273517,345271.55555648997,339596.38099880074,339794.4573156578,337666.6899294628,335812.6818548742,330931.01668698137,326661.84679899755
2024-01-26,298998.3967777213,310355.05112850707,342744.34730891493,336781.9288419872,336501.7613499328,334341.61992976844,332458.49541281554,327614.830231092,323435.2794362514
2024-01-29,302060.28911771777,313980.1850675089,345629.35137512785,340024.78108015767,339564.42786740774,337398.01221671863,335535.04385145224,330747.20638871123,326592.89816903224
2024-01-30,300049.6137907639,310959.2146986049,343200.23474240844,337843.51092475036,337253.79441666836,335044.04444862454,333129.8345005921,328512.98837317247,324436.02927476005
2024-01-31,295172.7978351408,305504.2922234837,337097.44844644517,331770.18970653426,331400.2198683396,329335.9662285746,327579.49511496664,323087.22554277506,319045.72022522247
2024-02-01,298648.578809296,309444.40502591507,342582.87753719126,337071.9037276689,336415.5627797792,334141.18502459687,332271.4014622272,327541.18047130486,323401.5347451674
2024-02-02,303695.93798737397,312462.8826501008,346616.6850257862,341257.13854175026,340411.44285978255,338063.3022022712,336172.1524398653,331338.338654199,327114.10766122316
2024-02-05,303299.4929863872,312611.3687427606,348459.2588055715,343245.4492864101,342306.66631692526,339837.65591865906,337903.7176415822,332826.41131689405,328461.33899584075
2024-02-06,302690.6565594199,312079.3971842066,348774.13442377036,342814.15151853836,341558.6097053254,338932.2580850673,336830.571461656,331680.5566981136,327387.12026187073
2024-02-07,306805.43128357484,317112.2779306545,354245.3528688941,348250.46828711184,347002.9771460626,344301.5567592604,342173.05530061666,337083.7263618689,332732.54151817807
2024-02-08,307373.66783217684,318719.41968546103,352869.2965234503,347124.4537390337,346217.1644325583,343733.6950132335,341714.7488686416,337058.227797638,332883.92208933574
2024-02-09,310399.1322187199,323553.06765455124,357445.3517261902,351702.54984248156,350676.10148532456,348315.8460528749,346411.78669524274,341725.0935798441,337516.3277369035
2024-02-12,309184.6675942982,321536.4556993153,354575.3110969798,348890.98079339607,347990.6055558542,345708.04214914964,343872.55689213006,339254.9875972711,335130.1306438246
2024-02-13,304362.2977701182,315250.7811160123,350216.689114991,344644.1497659206,343597.0938359561,341182.2528763675,339224.4312354956,334454.590742893,330257.22207430884
2024-02-14,308678.99355728173,320463.9877106468,353499.3232337866,348506.4474848728,347682.09437999694,345520.6326705737,343671.292599075,339064.13114764437,334907.6584714269
2024-02-15,309598.1463226453,320215.0150599056,351778.9359092085,346581.0669741595,346088.81531795935,344118.52513981407,342341.2419826916,337916.9720465266,333900.2067438791
2024-02-16,306790.8335793969,316822.7121676028,349416.91101764893,343641.5426094671,343031.2577939712,341285.15327809815,339663.0807077489,335302.3030414332,331307.1166877252
2024-02-20,304475.1386278996,313081.82831628,345307.1097062182,339278.36649160937,338697.416296129,336776.4908571894,335150.0707360639,331002.1633729564,327076.72279303987
2024-02-21,304256.68270367046,311411.55573511793,345397.10815241124,338998.76625498506,338404.3020289759,336451.70124058553,334806.98961625405,330042.24323786196,326031.85962755536
2024-02-22,313163.9986087713,321540.0318052097,359387.8466754928,353452.1818471315,352523.26997814846,350354.81269758614,348621.62559573835,343357.35539156623,338992.215292305
2024-02-23,312241.8370357864,320453.57451548264,357950.0022426236,352548.03750007204,351690.05006244226,349512.1056496133,347766.2771285391,342588.3262902828,338243.47727044724
2024-02-26,312077.4166852439,321290.3343216774,356449.47057258716,351654.0772078705,351025.3900239319,349079.0132473028,347556.0914606014,342653.5737704546,338367.1783712957
2024-02-27,312828.031329025,321758.6402044881,357056.5044572556,351903.38483419904,351263.0995950946,349320.52432448644,347818.74746836815,342929.5456943313,338650.3471855741
2024-02-28,312162.3816909203,321266.2289903701,356685.60596237174,351467.12550727796,350777.1130141243,348700.53150348197,347100.2928944584,342255.0359404217,338044.7674854253
2024-02-29,314837.3980322262,324341.7845376429,358984.17480494577,354282.14771031076,353809.338221685,351941.0032832617,350466.3048916188,345520.7476871273,341329.47327134997
2024-03-01,319577.9262942369,330355.23102538486,361682.6900665695,358209.48235785606,358677.3217224676,356966.7838649309,355696.87072291493,350822.3841171943,346675.3110411238
2024-03-04,318437.5839556097,330969.0753182804,360200.98725292506,357653.59123228723,358581.06601497874,357016.5533029426,355731.43144953134,350732.28454359504,346638.60116574913
2024-03-05,312721.72872249596,323020.11133496545,352924.3071002857,350322.0002905891,350928.0318089533,349372.3519288601,348196.72439041996,343247.4535555202,339259.35969423247
2024-03-06,315686.79264499305,327603.12957663013,355427.831461779,353419.20365001675,354415.75624057656,353062.94387185905,351945.5847190821,347143.24881425366,343212.7680504292
2024-03-07,320478.3798306392,333107.1055674473,360654.4440092295,359022.65806934895,360406.261710884,358932.94069599884,357783.3650872296,352828.79493968794,348783.5406110259
2024-03-08,315852.2655704729,327659.6696896402,356754.62465603394,354243.14247634716,354879.54307772993,353456.281467616,352275.1213788466,347235.1340275803,343223.04658688145
2024-03-11,314679.6106899047,326258.48522577866,356350.77752454265,353734.4564465512,354295.6079979343,352662.05784463644,351280.77430968237,346253.9643906888,342252.4556813524
2024-03-12,319190.52425407124,333006.57685792353,365230.90585396945,362658.75052111753,363250.8683237528,361536.3646470521,360024.37709512014,354391.4112932632,350061.7657043705
2024-03-13,317737.1859980395,330481.7379775653,363827.9332826353,361000.5519285082,361115.35050460557,359234.1513637712,357617.52742880624,352057.58094243694,347782.42295377224
2024-03-14,316936.10032361274,329240.23860712355,366228.48453896993,362293.9037455991,362039.8501223821,359872.69892556715,358052.54600348434,352099.2683851863,347631.6606308252
2024-03-15,313168.6827905952,324916.8764659994,362474.5088584589,357520.9433671351,357426.82793792273,355250.49848612066,353569.3253459395,347759.5423979721,343348.6418402675
2024-03-18,316155.57134952274,326442.0123716259,364324.2097696813,359710.79321713815,359447.64880775934,357263.34072308446,355601.9777885794,349734.5795744503,345263.930275654
2024-03-19,316943.2951687306,327822.2118396979,368330.4102804153,363236.620856487,362450.1723518632,359989.6568535819,358196.8687487092,352114.54457899765,347552.1807119322
2024-03-20,321701.14936724363,333265.253241683,373526.85245232435,368351.1238005957,367669.5450960721,365160.6361707905,363407.47903600754,357268.74300109665,352665.8012848358
2024-03-21,323223.50230999966,334200.86118307675,370680.7670477691,366132.2383705244,366011.8201976185,363940.4137269395,362805.8857632723,357152.6482989587,352732.05745957827
2024-03-22,323593.21979808505,334732.54545530456,372718.31685270177,367999.5432156749,367527.46468936576,365247.64146904956,364000.36521136266,358039.24356167665,353510.9509552661
2024-03-25,322418.8652621198,333382.8101980498,370079.6140205935,365846.66213827295,365265.21551335254,363022.6769325939,361975.6463576347,356007.2270051143,351558.955097064
2024-03-26,321374.9148695727,331919.19286101573,366902.40143250936,362722.3147384683,362289.05208604113,360245.9024354649,359363.69427570753,353674.0471359555,349356.8785950374
2024-03-27,323469.56553238654,333704.8345620959,368590.5921402618,363887.17880629835,363685.11969650816,361736.31626685447,360863.4842020408,355327.88032020075,351076.4656108248
2024-03-28,322873.30524331366,333234.5265941346,367280.8634463463,363000.6358977375,363092.32759087556,361233.13605468237,360405.84113943175,354987.9107918626,350771.8881300016
2024-04-01,323556.82368404156,333920.89233293687,367390.76861351624,363154.4116184003,363380.7288201579,361544.0575394226,360885.9077353166,355382.1832440885,351154.35037721356
2024-04-02,320764.4953808213,330152.1938913218,364799.0998535424,360553.495163179,360666.83141847205,358737.6120369801,358019.7893297114,352377.96768207115,348163.6571759964
2024-04-03,322484.41447795974,331832.2072963898,365457.5284202233,361059.9754535492,361390.89240670425,359588.27523777506,359062.2645783949,353565.99767009856,349455.4130149126
2024-04-04,317553.39384748624,326471.2883686073,361004.1693433763,355807.4143506017,355776.97104158514,353889.1043234278,353198.5513807262,347732.8019226967,343741.61053400586
2024-04-05,321295.4015541379,330442.58342075534,366076.1975030838,360793.3463364101,360544.36454762676,358741.0113491268,358049.0148283526,352437.2293526845,348363.4470495236
2024-04-08,321390.2384157591,329964.52165781136,364342.28646566754,359085.95224235865,359066.2647703292,357495.13153256895,356900.9191909961,351504.8418726811,347494.7814132307
2024-04-09,322579.2062328691,330710.3452045581,364129.7894130781,359102.35452663456,359260.6884952872,357768.59248893743,357244.5424235527,352096.0916097703,348127.2870983027
2024-04-10,320763.6001737688,328701.54521310644,363791.5136258724,358648.8367951235,358245.51308683417,356475.1894944353,355845.0157705871,350354.79484602134,346289.6838370675
2024-04-11,325885.62562484434,335044.41326280613,373617.27832463663,367793.4424805285,367147.3309296802,364971.5730587638,364222.2895507919,358190.6909263594,353872.4636519555
2024-04-12,320690.3892746055,329085.1814149425,370566.5056353185,363819.0533888379,362582.03010823356,360265.66934937245,359327.21346137126,353039.7994998294,348611.6320900403
2024-04-15,315414.72500516835,322825.49470429076,362839.13227833924,356086.06267419475,355210.52843285614,353066.3002282379,352239.1548482764,346172.8603517726,341855.6632668336
2024-04-16,315444.00031527877,323017.322667829,361929.2860635948,355879.4221491178,355293.5582748171,353332.57171668403,352616.1086722852,346569.35113808047,342229.3984985443
2024-04-17,312595.13411958545,319221.8405570174,358300.61617922015,352005.86826944194,351180.7487619891,349111.34182996553,348151.9816992325,342145.4150177317,337946.9137440332
2024-04-18,310811.3712683324,316194.375148539,355325.3205533389,349350.72361066873,348303.4395292927,346163.51344816305,345067.59813176724,339073.66951764765,334950.8131203309
2024-04-19,304380.9325174981,307811.2001382553,345202.156189562,338997.0895471391,338251.20444600296,336426.9427461887,335444.32061045,330068.91355048236,326158.66410424194
2024-04-22,307442.00865436316,312018.7757222336,349296.35634061386,343207.0399533083,342376.6189758818,340436.35095545504,339411.1869472654,333957.8577998801,329971.4826110897
2024-04-23,312029.94602764345,317143.6871166775,354862.4248232094,348696.9577800539,347673.41481378727,345789.33677267435,344856.4789013868,339355.28294366354,335333.2822354349
2024-04-24,314086.989839627,318650.37862009846,355809.24845034914,349295.83218638133,348727.16661448154,347010.18599557143,346082.26022456586,340736.5737932984,336738.42997900717
2024-04-25,312570.0061109517,318779.0432006453,355707.415937388,349688.72195845953,349041.9611108289,346957.1480584102,346061.53676576994,340902.7378361348,337005.10421020276
2024-04-26,317393.4565279688,324248.18110222975,361651.4389078315,355680.8612212764,354847.6464922165,352638.98222481814,351782.5080984781,346399.47214186675,342335.8373397521
2024-04-29,318682.18116651324,325535.0651019232,363067.246683403,356735.4557915897,355848.03782930446,353684.7764481893,352826.2217902413,347456.92957572156,343443.0263223208
2024-04-30,312673.0813130487,318322.2263760996,354964.9107634871,348971.5115820355,348163.05256588105,346057.33051238087,345224.80056096945,340116.04593845375,336255.9214537119
2024-05-01,311412.2803318651,315873.4518911118,353801.18764010293,347162.9588172701,345947.3882619882,343595.47500574857,342517.08707138506,337184.69384093845,333274.65560613293
2024-05-02,315386.96124045446,320191.62957288406,359673.3709572347,352735.1170843454,351476.62173843384,349043.85035853955,347923.6950542153,342443.8248678558,338376.616004214
2024-05-03,321725.77837890614,328840.92809940304,372761.4649738218,364646.96879372007,362666.06868505623,359875.51511135965,358541.2551919633,352380.85566314764,347881.632114398
2024-05-06,325249.6886024571,333598.0582190352,376969.5058089232,369170.3935623154,367368.61556271627,364631.15033054375,363427.1387375942,357144.0578330827,352609.5647543641
2024-05-07,325301.42649652885,332203.82070342667,375175.40964126005,367478.9966010022,365824.09147400566,363147.8273113769,361967.4289461367,355789.7005603135,351234.1014471784
2024-05-08,326109.32243951195,333687.9149112298,376828.2603439567,369165.5770304673,367583.129279854,364835.9055125096,363619.21391107823,357459.074347458,352900.8947489837
2024-05-09,326820.75860180485,333357.75096863473,377442.12971218425,368994.6869799316,367171.41618992074,364359.2302562913,363120.306241986,356996.6641821632,352390.9073513957
2024-05-10,327591.4467420588,334231.80363452225,378441.40391042124,370201.3220654139,368542.70450990257,365827.7230590769,364698.3398228954,358563.6833517842,353942.78050053
2024-05-13,328347.33334412135,335863.1901906317,380899.11468063336,372545.0692975435,370762.6925889445,367847.6213592309,366610.0711949952,360333.2178953774,355672.3114794754
2024-05-14,330459.3478733218,339320.37476115447,383357.93079327914,375018.5437375457,373793.18953624996,370879.81995054986,369636.67624500644,363295.9960487183,358592.3795905908
2024-05-15,336624.53479975316,348089.32346639794,391579.51462018595,383544.93208464206,382452.78501177375,379671.2119637969,378513.30632214993,372121.2180943858,367327.4084967558
2024-05-16,335940.67017855507,346615.35917022557,390674.87028829294,382358.39991648623,381261.32210514566,378532.52543051675,377384.77907173627,371098.22347003786,366336.1526851638
2024-05-17,335777.20727612276,345771.37700487906,388948.5808122537,380507.42231993703,379571.3044037657,377018.00679887907,375825.6174947862,369680.4238623673,364993.7481558642
2024-05-20,338118.42899847624,350154.0111824583,393271.7766440158,384560.62542519724,383715.1438671501,381246.5904477928,380168.6379533789,374007.19627363206,369227.95292371424
2024-05-21,338779.9791984369,350485.1463912467,395661.2001073285,386319.2044071011,385251.19897667214,382727.7318413555,381551.2399390206,375072.4017490496,370152.7879624157
2024-05-22,339713.08189645736,351569.5526197632,395586.1003802085,386450.10639846366,385613.87402255664,383232.7680964035,382134.33434741094,375925.237673115,371171.14484712266
2024-05-23,338184.9291127204,351595.58548843634,398195.0304949485,389583.40025751304,387959.218050957,385096.8735065024,383768.0046996708,377077.22837160813,372054.32941108546
2024-05-24,341382.9151248577,355014.0466431725,403700.45124253206,394372.53986636805,392494.0927757266,389119.83770050475,387768.5878674087,380713.8251572316,375624.3002625495
2024-05-28,342672.58286533237,358067.76641722384,409314.33709528897,400286.01027499535,397979.2080871921,394205.3933948846,392659.6946811774,384849.72272573475,379494.2771769542
2024-05-29,341257.28508157993,357817.6664565708,410570.84308615763,401311.15914182045,398311.9660818776,394277.5201551946,392555.5252580881,384394.3032877513,379013.1528489515
2024-05-30,337601.27933653665,349381.4959011874,402988.8741101324,391958.43995381787,389020.7054384327,384908.3353410377,383305.83706181275,375948.3760524395,370844.86750336026
2024-05-31,336973.22842422803,349074.5912852511,403316.9041249703,392450.2271652285,389297.5818361937,385334.3020801206,383686.6047968143,376107.8937559898,370836.94794646977
2024-06-03,338782.5532027033,350909.37166377396,408087.12987487635,397211.9945755088,393492.30796069355,389138.87995138345,387343.1294344044,379213.60792404076,373673.8943697206
2024-06-04,339709.6385513778,351124.9461715024,410511.1427607667,399758.44141979644,395826.6207115593,391288.66772980103,389285.3839187273,380764.53505501105,375112.99611345795
2024-06-05,347558.0958089006,361070.3012163606,420547.64773357514,409816.8726867146,406125.1725368622,401603.45576712734,399778.3832928119,391064.19919474283,385253.4157197504
2024-06-06,347438.1461597872,360048.90199371515,418706.5788151597,408305.0109788865,404706.10922330065,400250.44895828766,398388.52108893014,389681.955882695,383888.0615122065
2024-06-07,347130.7143281497,360022.6428672381,420379.40660234063,409734.7013810595,406067.80872244056,401566.4567052756,399685.5230233561,390810.484109498,384889.2528856327
2024-06-10,348532.83160267194,361266.75988106517,419478.34348885366,409180.2556842262,405812.6870105892,401406.91642269935,399754.1129148273,391256.65993997373,385481.0760100577
2024-06-11,350924.70735604974,366334.5692978575,430836.1228022773,418561.50481937214,414254.195946538,409232.8134566255,407224.4212512624,398033.8104571603,391970.48260699934
2024-06-12,356520.9998634371,375211.45886919764,442051.7038711628,428800.30235219246,424759.70760597533,419649.3309177058,417607.6714276851,407993.600078237,401672.1204226165
2024-06-13,358453.4737038276,378920.7304235818,447391.6095498411,434594.57496038516,431092.84278463194,425507.4580033284,423186.62259454123,412760.47773702093,406253.5701362676
2024-06-14,360310.6925868496,380391.4040173115,448597.0006802565,437359.95493033907,433826.6912918445,428062.74790238484,425575.9949314072,414747.760147925,408056.43081513746
2024-06-17,364724.44117082545,385026.2921825508,453368.8276546955,441586.15310632624,438663.8858173809,432866.2815780564,430537.5765986483,419774.8296958057,412979.5841991407
2024-06-18,364837.2422376009,386569.1890670405,454723.58763614605,443441.5367219547,440460.20283624687,434774.5015827904,432601.7799709925,421838.5832051733,415019.0868329307
2024-06-20,363025.12001230055,382271.0861291641,448275.90091802215,437871.4894955388,434988.078563558,429590.0678142321,427315.31904439017,416837.0162414126,410223.9759342039
2024-06-21,362052.42581989185,380289.74744101305,444339.9267841297,433915.3124631753,430932.7131326368,425823.92254140857,423574.8103971389,413610.8264927232,407187.4673263702
2024-06-24,357930.59804505715,373312.4997616449,437168.399794937,425828.0836384698,422740.23945975164,417876.6695867723,415793.2883599576,406215.6920911647,400044.3110137769
2024-06-25,362023.7513434116,378657.31378032704,445121.88038761355,433796.9379521068,429789.57875697204,424627.5474045665,422445.19706790976,412400.6634869801,405968.2897431227
2024-06-26,363771.3392391589,380414.3779890308,449826.72039150656,437842.0279997195,433281.66260164074,427790.7668004362,425424.2430189135,414913.23566766625,408315.6349322827
2024-06-27,364710.363724953,381173.2746674429,448086.71116948983,436648.48852731264,432302.29049231333,426982.32210871583,424458.1885379446,414284.1662018041,407872.12079935265
2024-06-28,362817.18993466615,381035.8450226695,443020.45523341105,432809.01383283746,429351.3029723562,424524.4597375735,422220.99883273285,412510.21494323964,406220.34252897894
2024-07-01,364945.1841327252,384776.252394505,451492.4378923965,440146.21976077603,436212.136711495,430848.419704439,428194.3012279724,417856.8999537276,411300.45587543753
2024-07-02,368776.95292308496,387333.6653841316,454271.9357684699,442496.0852413928,438725.78624955897,433491.0556142102,430930.0588523856,420615.8580310523,413989.0730826854
2024-07-03,372851.4989510199,392807.6416598461,461695.5049601663,450352.5447088347,446546.7322375203,440938.0715689001,438239.0377106613,427310.2251374387,420442.98134583764
2024-07-05,376739.13910694787,394808.498874135,465633.8137757983,453319.32677915005,449212.4937404222,443650.09260791156,440819.35398390313,429836.9176879667,422859.71251134615
2024-07-08,377635.1455016162,397458.5365222284,468126.8984082061,455889.42926712055,452129.2553949981,446355.26480634324,443420.5009518168,432345.0183993374,425397.7857679848
2024-07-09,377961.5903574354,396610.5440702736,468993.3855673425,456677.0183754496,452408.1971265332,446483.0311654472,443567.36826475995,432315.4356850361,425283.9177559312
2024-07-10,382902.4386574511,403056.52370996535,477844.48297685577,464980.6118641852,460284.311989763,454052.77777699067,451123.0467125042,439590.6874405804,432321.4582186613
2024-07-11,374505.35918463685,395292.246157027,463720.29715758923,451695.0551959205,447749.5877333839,441950.0864869607,439093.57421247265,428440.7118069766,421710.2818058345
2024-07-12,376705.48396867607,398971.8862494918,467399.54125755467,455512.51203610253,451656.52796154685,445934.0633449505,443119.3908070104,432429.8542030093,425664.5377471391
2024-07-15,377718.02831186145,401017.581321974,470134.4721736076,457860.6251683239,454033.68480285467,448346.3546826355,445431.1763648178,434677.37168887263,427894.90291665273
2024-07-16,377862.6775037451,401502.34221769584,467257.8376403259,455227.92810321285,451826.34902724833,446388.61076635396,443538.6302844471,433335.8689904406,426808.6212899678
2024-07-17,367770.5638509733,388036.57779995765,454907.7335848649,442749.3690515558,438806.02588704275,433173.6132118555,429921.62970244995,419732.0061171347,413471.7822867685
2024-07-18,366030.0880461628,386018.9554782501,452727.4011736316,441383.8409916861,437763.34926740895,431925.43754415016,428535.7488772416,418199.61452469823,411898.278912132
2024-07-19,362785.6835421861,381437.545851526,448572.83614880417,436853.8233515963,432969.83795450215,427118.5371532505,423631.34338690614,413233.77489014016,407016.46735249524
2024-07-22,368190.4243591689,389035.3978877564,455257.3755568618,443897.40815064666,440240.4893566145,434478.73971041443,431129.51388480555,420721.59680517216,414377.69671499205
2024-07-23,366892.6437054479,388316.2457832973,455599.62266616256,443946.8079216182,440261.06203599874,434310.9792987558,430798.74344471394,420087.104122303,413750.8349916402
2024-07-24,354732.0657644342,374073.93038027995,438148.1238064255,426924.2000278633,423410.5619732335,417827.49500970804,414486.6382519136,404377.9570331189,398461.9610149391
2024-07-25,350820.2260568247,370555.257060527,432059.668565898,421584.3145654049,418339.9896061971,413419.0737613101,410131.27250515705,400171.4089460485,394376.0849973489
2024-07-26,354418.21207268233,374941.8837871202,436083.7809187023,425714.1125852961,422603.5875603552,417665.9575380717,414432.85995939956,404561.496171429,398766.11459228396
2024-07-29,355130.1667576766,373559.7079964293,435699.2999495649,424819.70971074625,421553.09334690793,416544.96180503146,413296.0037231393,403554.18989515566,397807.681281428
2024-07-30,350253.72498772776,366428.97110079566,428445.71788262046,417181.3321722372,413731.4777961872,408915.4197592085,405663.816661681,396173.6982666191,390586.01008134976
2024-07-31,361619.04978019994,380248.4088270699,442675.3633616137,432825.8862798732,429950.04749438824,424938.0100221097,421766.9228239626,411707.21077457257,405680.08237271884
2024-08-01,352860.0727292939,366504.75582448195,432361.80650579254,421420.67092928354,417499.18028568,412357.1266533451,408888.48055629333,398922.5378640591,393082.8362519976
2024-08-02,344484.96844804427,357514.24866617535,428544.5589003698,416392.4303073605,411648.9157460645,406101.00913407526,402149.57578938396,391582.461798332,385729.7895973005
2024-08-05,334213.7710796586,345002.4107255497,409142.01121034584,397993.4269386465,394284.93584803166,389542.2567460455,386163.33869739407,376702.13822352287,371286.3886898598
2024-08-06,337407.1972520227,348429.9812521688,412556.2399802756,401753.4985045904,398052.9692114972,393251.48756705946,389801.85802440566,380464.83363929583,375019.1015086558
2024-08-07,334753.16641123395,345379.85170260567,410359.40509870707,398721.617113562,394563.7853197904,389762.0264029579,386274.3372109312,377210.5467789016,371874.2546923967
2024-08-08,344993.6024425714,357343.94809473434,420304.60892174434,409418.1058603969,405844.5584744005,401179.35372786917,397893.41040008387,388984.4371569271,383512.6644301004
2024-08-09,346795.28827792587,359619.92380413244,423604.3988180725,412370.86924595444,408731.8442830064,403971.29815180885,400648.6538854824,391598.1181635092,386069.50034545164
2024-08-12,347542.1362808612,361486.38439888513,428490.47659415426,416900.409038445,412705.74657879234,407633.4895159383,404179.6384926052,394714.06852886913,388999.9540773256
2024-08-13,356165.5900549364,371933.0533331702,440070.33287264564,428634.26950908214,424426.38769354764,419140.0499281114,415560.97333922074,405689.6787530317,399759.0800295417
2024-08-14,357281.1278355446,374571.2378997773,444087.2318944325,432643.6000447574,428146.0366027185,422651.07298012875,419069.23831126647,409039.89393657725,403014.1996948667
2024-08-15,366307.190577942,384648.7823380365,453003.02503160853,442558.5567159868,438355.3442409403,432843.1276323851,429390.67190343223,419250.94429682207,413062.85904608876
2024-08-16,366778.1230519888,385537.4101344087,454603.47207899275,444350.1409627592,439913.031012246,434212.03249855514,430630.3867766191,420302.622862207,414099.5482221053
2024-08-19,371596.13551801816,390909.3296320036,460004.377382497,450337.0743477969,445706.0785439029,439914.99964565225,436253.2691349573,425633.96666434093,419271.50173743867
2024-08-20,370816.3010871111,389603.3707307768,459363.1004584475,449234.8462930129,444668.8262338444,438916.67739487597,435233.9189849639,424720.05025183986,418312.54193125636
2024-08-21,373545.8183551433,392818.0752681387,461083.69188840134,451216.41204105964,446927.195929034,441291.6848315094,437680.18625021423,427409.14934228605,421151.24838973774
2024-08-22,367623.3100036819,384597.90575348865,452633.9519777832,442727.3021234476,438455.5244413167,432867.76016312814,429198.6054414469,419082.862129257,413055.209633847
2024-08-23,371610.33342954813,391448.06780867086,459551.259261397,450038.0467934021,445627.381035064,439489.223982366,435625.3768679352,425439.15415887267,419326.08742147236
2024-08-26,368002.63503194664,387742.9262166132,456116.0762480965,446356.52492849046,441652.94211571565,435516.49874284305,431518.0396810684,421366.5764484255,415333.43172459025
2024-08-27,369101.98932253243,389551.6654238162,458840.84253847407,449161.7035657308,444542.8069990237,438382.25818662066,434306.2040958131,424054.7714535755,417940.81831478793
2024-08-28,365913.61676844483,385415.6761308749,454978.6004378348,444919.84953092394,440280.1337116837,434123.9467654992,430023.7190148054,419913.2111081097,413901.631221686
2024-08-29,365378.01022592996,384387.1653989362,452293.166423109,441608.9140851879,437432.61333963304,431626.3229525878,427744.06742755737,418203.7113704054,412302.4192891136
2024-08-30,369733.0545822918,388379.41978088295,455056.32224440173,444706.8207515809,441221.38313457416,435639.7479794363,431840.05854570214,422451.0193342046,416567.85095870524
2024-09-03,358507.6521021246,371273.5284843359,437867.7094382495,427354.9017388463,423866.15245233895,418582.82444447256,414735.17137521243,405602.863895248,400016.4775902632
2024-09-04,358576.0561856269,371475.12764089927,435944.94325937855,425771.3558482937,422925.0014136168,417883.11544276355,414136.6501475779,405127.91990217316,399627.25460275885
2024-09-05,358910.8392608078,370647.3137761572,437388.23815033544,426748.6297157441,423596.5118680471,418360.39370173274,414466.61409986805,405137.26653674385,399534.0241492569
2024-09-06,349296.5739457153,361745.7122649972,429583.499128491,418243.10706420796,414370.6073036375,409300.6895993035,405440.50327903626,396257.3185735544,390751.8163417623
2024-09-09,353788.44913633453,366630.73799437366,434939.56981555367,423784.96152800636,419868.064807305,414868.49947312643,410973.70432037377,401722.6637155491,396139.5963049466
2024-09-10,357058.05729753897,370348.7723485463,438881.0905865598,428201.7474946388,425266.9195458937,420181.197909821,416135.0014885732,406462.32551122084,400694.34454584075
2024-09-11,365811.7544375789,382021.34619061585,452523.8251346009,442172.6290561484,439141.73766270274,433760.9610745091,429548.363993302,419125.86810268357,413014.55044414615
2024-09-12,369402.5308572338,384960.06253443763,456304.49408302637,446369.667986357,443342.734751879,437675.47688497003,433177.7246584383,422377.5777445014,416149.27412424993
2024-09-13,371057.41922533954,387232.18249240605,457424.8781417823,446853.48952278856,444320.4913332299,438892.11141905066,434600.20691709593,424003.5391351086,417855.49182571785
2024-09-16,369418.17006438196,384960.06253443763,451193.4648392977,441425.74389683764,439687.1349201436,434607.8601734805,430415.0873649528,420334.6261900112,414383.57204667875
2024-09-17,369613.2625467727,384762.80399253825,451940.81076201744,441302.43108990224,439253.28847658663,434172.57701022,430076.2580458502,420053.48018770263,414182.0728862474
2024-09-18,369013.027062815,383987.2256170901,452144.99960738845,440923.78826010076,438681.86153281666,433510.9419905686,429323.85256480303,419160.9106212393,413329.5246431589
2024-09-19,378343.2540330235,395343.2374786342,464981.52806390956,453798.4859463129,451416.35107896535,446144.43897317204,441919.8567933564,431347.8070223978,425283.49147082435
2024-09-20,377623.12797895196,393958.7382659084,461903.32694336807,451195.6924584911,449166.4947901495,443958.2800829632,439754.1583052836,429251.8519898626,423255.8629048369
2024-09-23,378624.09908642323,393822.2803693651,460696.4306875564,450455.9274837227,448584.0994513141,443452.7235198121,439401.76839069865,429019.4497594948,423109.29835951224
2024-09-24,380450.4013897111,397375.7330901282,462617.7698264345,453159.96402030997,451250.5056823829,446003.1073860041,441877.34931857395,431287.4625528274,425300.99809502496
2024-09-25,381803.15514817135,398641.7986715928,465974.8313081095,456689.7352758616,454673.4718025605,449167.48327163456,444951.67615555134,433951.29872967093,427820.2770105683
2024-09-26,384671.673007851,403585.2169940455,467355.29392731923,458578.3825675775,457265.8062336143,452164.56985409546,448510.59821818594,437740.4645488987,431669.63972690195
2024-09-27,382534.03910838143,400590.592399743,464276.729281152,455186.7299588829,453586.73298930033,448363.80778411624,444665.8363985108,434075.0560909839,428095.337369057
2024-09-30,383571.4345162556,401658.87936917285,469043.7579028458,459165.5556634483,457136.9344337874,451660.59433226474,447694.84465184994,436783.2538492933,430670.69146931387
2024-10-01,378227.3497675817,391564.62922251236,456790.8472708237,447366.10147024214,445579.4472676128,440370.1569916832,436591.8559169039,426149.70889609057,420294.93364328874
2024-10-02,379761.7824687727,395030.0397206242,458673.44873378536,450005.1949485009,448508.42371225724,443394.3237491429,439685.748107253,429288.6714046777,423482.2890372138
2024-10-03,379478.1205133263,396581.66919987305,460995.39788143383,452728.69128397177,451079.4713843816,445885.68750017334,442136.9659107911,431481.39598137833,425546.77873303415
2024-10-04,383993.1259331347,401662.06778799254,463867.0567185147,456280.87377207837,455071.8237719049,450043.94224062294,446326.5413137824,435647.0744453232,429705.4425904462
2024-10-07,379879.9547083041,398778.6177259155,459475.7502099497,452460.2123584452,451303.8068607029,446360.053089279,442712.73684228765,432122.4252995026,426269.319553207
2024-10-08,385553.2909783758,406049.24892644736,469293.1417333414,462400.8431045984,461008.4570459906,455694.64736188634,451815.40464869747,440833.6624330688,434699.22716740676
2024-10-09,389586.9776200589,411594.19067753304,474380.22159251873,467184.59671963926,466317.09373314294,461093.5584770129,457190.9905861844,446343.4329923144,440201.082370461
2024-10-10,389144.60910104477,411965.9051436209,475223.2957241065,468200.72550369415,466804.44513898704,461396.94848985795,457509.86172685487,446636.8564540986,440473.0886019511
2024-10-11,389752.84450599377,413239.0663556946,474182.7281950169,467154.55211017496,465775.3052021463,460542.9727547234,456856.28683650115,446423.8947730315,440452.7441483079
2024-10-14,393023.49791690276,418359.4871112402,481162.214732093,473932.0913970716,472341.80321836134,467002.53345605725,463290.0864071644,452616.81740624347,446394.75857676193
2024-10-15,387770.01559398416,410816.50761583634,477133.40171794913,468806.4067604947,466605.84398142924,460757.11716444895,456471.5246761194,445460.89618216484,439363.45019784884
2024-10-16,388817.43048561754,413337.53492706467,479825.10877409193,472394.2119270893,469948.0216753726,463759.3146246554,459391.62452987593,448106.9663744778,441938.0431475364
2024-10-17,389086.7100207089,414965.6021898034,481702.46591201145,474373.8572006216,472017.62776755536,465657.62593306444,461227.8766734542,449798.8444734056,443577.45991402335
2024-10-18,391637.06482327526,416393.7157303782,485320.36045915703,477609.82129459386,474792.96059864614,468332.9075983072,463809.3487540146,452139.58972247614,445787.7135742256
2024-10-21,392389.48004069395,418718.6287181193,491225.83906235587,483415.221868858,479794.0358056059,472889.4635719763,468053.4683540312,455745.2678947857,449130.2720847971
2024-10-22,392817.19233516586,418428.94836282986,493349.5485275449,484858.1618207567,481058.86783333245,473989.25164813653,469013.3171033312,456448.4350461548,449676.55315451004
2024-10-23,387797.72410228016,412930.13406244316,485660.9563019264,477270.7854202031,473809.0986181229,467115.3909557155,462366.27573197155,450335.17451275646,443748.24248475226
2024-10-24,390942.28389039496,414334.0163596227,486059.96745207725,477587.3173458192,473923.5956285194,467368.91653871967,462877.94164924714,451042.1900964099,444467.74060274207
2024-10-25,393324.55211638834,416298.0730514156,488745.1479874062,480190.21505178465,476382.3898243103,469721.23422838765,465204.791134106,453260.1398809432,446582.74926434224
2024-10-28,393388.0743733391,417148.63102822844,489038.18989427906,480277.57696997497,476416.75586553494,469728.7356284573,465135.4303823488,453261.9757597964,446619.14188906323
2024-10-29,397167.856730962,422079.5782627212,491869.41533916316,483545.4633809256,480284.2275040127,473689.55649377813,469259.101591138,457705.24540095055,451055.29704446404
2024-10-30,395166.27709808794,417547.0158117744,489228.01007962605,480427.3717080487,476540.26402242586,469685.4721340625,465147.29381506186,453639.3557225421,446988.994650485
2024-10-31,385191.19687651226,403668.54378865537,470614.7431727758,462778.70325949107,459561.7123203661,453409.8696993838,449205.9990106935,438516.22371386946,432324.0459083882
2024-11-01,388041.170715334,406559.2630512932,472263.17709369893,464954.6361661743,461838.81039159006,455737.7087777052,451524.2052755118,441068.2087258742,434865.3432365988
2024-11-04,386910.7471891944,406164.2036297937,471406.542081843,464384.78105086833,461142.7829232443,455054.77902620786,450914.47795131366,440534.7996937276,434333.4872318136
2024-11-05,391846.518452352,412049.6635227729,477204.81582271605,470390.83043472905,467096.6705264272,460836.1940109281,456679.3179298232,446065.34972113307,439826.6737537437
2024-11-06,403490.3358618508,425957.6959391987,487209.43469967507,481576.5256112242,479177.7721009024,472986.8081556929,468890.4698563113,458345.11746729404,452100.6479812412
2024-11-07,409842.9846131453,434685.14446695027,495540.4514525429,489673.8290838976,487324.49615740223,481107.7202900144,476912.87420512276,466139.32853465545,459782.1304207667
2024-11-08,410321.8829923997,433920.78254390135,493623.94487309316,488097.48957616393,486047.41000431933,479874.95622244605,475609.6459394858,465090.7728727506,458762.86876988114
2024-11-11,410082.4830063458,432148.8992672498,488105.0351583693,483728.31467812776,481670.9987269544,475850.74379662593,471691.1859030268,461707.09320880636,455604.1196839392
2024-11-12,409340.1732972508,432906.29301393084,492220.0029113173,487762.5655310573,484791.1141478823,478605.6329951484,474144.7752976678,463733.967378182,457460.95002289134
2024-11-13,409813.52285007626,432162.19694365415,492605.6114729135,488069.17455917934,484791.43653220864,478463.2270516043,473809.23102501105,463459.2729262277,457116.1760358156
2024-11-14,406965.41114024405,430407.0285826,495698.58955012664,489787.2309210805,485916.31787147874,479431.19415602135,474645.6322235084,463776.68229565537,457173.40287791356
2024-11-15,397269.09095560666,419939.0488508024,484777.23727785476,478608.31619129877,474736.2140186111,468182.15984901745,463329.72367101815,452698.1709147776,446362.7868250862
2024-11-18,400029.2087737059,421171.7630390541,486026.31480153615,479324.40161160054,475929.4191865668,469446.05546541983,464677.91607755475,454110.4735243165,447755.1521796833
2024-11-19,402781.2867911591,426360.5261043794,492628.4109216203,485924.87372106075,481694.3009654924,474672.4929740548,469706.5060874264,458785.16898438556,452297.3556793468
2024-11-20,403549.26702282263,427813.2654457909,491859.05219297373,485326.7507865638,480908.3065773116,474052.9462259417,469225.15911528224,458686.91704950697,452374.86794218695
2024-11-21,405000.9161741329,432323.04874148266,491863.60574062343,486024.6835641091,482069.5636553045,475798.7708663443,471307.8636710786,461519.1074472308,455449.0250153721
2024-11-22,405650.51903282007,433928.7434196607,490560.7060540935,484682.97028462024,480849.25258127786,474520.14300471905,470147.7272870995,460830.5534211715,455036.83214685554
2024-11-25,406292.11156510515,433726.1525622016,488900.03111111926,482467.6453633039,479043.989578674,472937.0979810849,468751.55010075454,459760.8382128484,454184.72375969036
2024-11-26,408473.61517850123,435038.67675214226,494498.0142458342,487602.61042607325,483636.8879764718,477234.4979082713,472734.4130884686,463233.5139866842,457458.83301569556
2024-11-27,406257.4938512958,431563.76811751834,492271.75760967366,484535.2601140703,480032.49606403435,473587.73875869677,469029.1926567564,459271.5658659608,453507.4525265498
2024-11-29,409827.26647922903,435405.2744758088,496981.82249823335,489177.9779836688,484652.5624309467,478113.70744014956,473494.7232978184,463540.81897655694,457646.31849303085
2024-12-02,414289.42030355596,439687.6009639672,501930.4192732263,493676.7820498356,489024.8038151376,482449.71633741073,477930.2404839153,468048.79340154584,462120.1621100058
2024-12-03,415559.66195987904,441968.71598951134,505428.0763210238,496729.7881674268,491649.5486106345,484927.1213539956,480299.8991965187,470154.20370489557,464106.39937660005
2024-12-04,421697.2853483484,451925.24256369803,512958.8509198331,505856.06666042504,500741.9438110645,494011.0599037366,489297.7641089086,479198.29844368075,473050.9269152378
2024-12-05,420528.6636598644,449667.11259550205,514702.72639462637,506996.0685208556,501324.2148340786,494179.34191503486,488956.23656278726,477959.7618959031,471734.6758713141
2024-12-06,424292.25154411606,452002.38458748785,513380.21920863556,506320.9237473651,501693.53826863307,494650.5171797413,489537.2732773909,478825.24108371825,472845.78983453615
2024-12-09,420988.1128415571,448629.23310764553,513732.17548008263,505212.21430336835,500313.95264101075,493070.2139846578,487890.16113710415,476883.8853755798,470811.0657915419
2024-12-10,419553.4707227948,442191.4550988115,510415.80559061683,501024.8400501622,495185.32950939384,488055.1824135139,482835.97043466603,471785.87429757626,465637.0930704043
2024-12-11,428064.6475038963,449958.8556254051,516860.6740951461,508202.50764473825,502826.8988032941,495683.6134335838,490518.1813017492,479315.7978001234,473081.22401104815
2024-12-12,425301.89585174184,448004.9081054163,516140.8264579735,506023.6208670793,500487.8625734102,493419.9606190441,488156.8452759962,477106.96192583087,470952.97808894713
2024-12-13,428557.29521891795,450120.48826747196,514940.6238382827,506492.8324764097,503725.66982469265,496234.66556450847,490912.70154370065,479669.36439884495,473464.0933028561
2024-12-16,434728.8881721327,455419.9028511506,518191.59539361525,510134.4474743667,508595.1411318069,500969.5540252382,495707.65084726625,484446.77272838523,478232.8154721615
2024-12-17,432814.37508470216,452615.503002598,519316.64304259745,509927.5416231048,507549.25846954033,499900.5875523129,494600.84357400343,482881.02588410716,476517.02592054836
2024-12-18,418199.82806497195,438174.4833171627,507040.9213754529,497452.4544268294,494290.87437455787,486601.1696534842,481309.107902002,469520.4588430181,463166.3199217118
2024-12-19,416337.3875035437,438548.328256943,509911.7398041921,500167.8926068488,496634.05014502234,488523.76885940554,482592.35048844834,470681.4125779123,464246.0209577431
2024-12-20,419973.08294910134,445474.34100692463,517431.31900964637,507754.99613145704,503809.763283911,495488.97840057174,489484.3785264178,477366.4570025799,470930.84313613136
2024-12-23,424064.7411058876,449593.3095991707,522515.899893156,513537.3267625107,510069.0122578659,501503.58258657233,495383.17812573217,482838.10103019903,476164.43420467456
2024-12-24,429815.0082425675,454530.48113810254,527520.0118372138,518574.79015293665,515461.98055227834,506813.4603406915,500584.977406649,487926.2543398016,481168.48431411834
2024-12-26,430523.0643070264,456320.34017212695,528812.2782012437,520015.0321808161,517193.35676965094,508457.7603321681,502192.4847343441,489420.1253709592,482641.0805393512
2024-12-27,424800.0906965216,449202.3377096093,520493.91048373136,512032.9366653682,509471.9181916733,501009.5405819362,494922.9431377263,482455.50722695625,475799.37078481854
2024-12-30,419150.2229549791,443597.0720209587,515496.0910654987,507234.4965045146,504255.1793217388,495737.3302934923,489591.5394926274,477092.8772001785,470468.0109239124
2024-12-31,415589.6268764853,439518.5724497482,510062.88387190894,501886.08012967865,499115.68032764486,490829.11756486126,484814.52797047584,472614.90506402525,466131.89008129877
2025-01-02,415776.7306449823,440193.46521555743,508114.5142174085,500873.9556024994,498232.79186969117,490046.27054087736,484193.9041667243,472104.1190677961,465748.0576130802
2025-01-03,422581.0334024449,448383.2289239242,514736.0371197267,507597.45829632593,504782.14470077393,496666.09831250616,490918.9632967729,478906.93819389486,472534.18720094796
2025-01-06,427437.66688068985,454532.58234869834,521644.8765693371,514305.0008773547,511130.38975666993,502871.07755003474,497276.3364448986,484898.81783832714,478461.25626090093
2025-01-07,419810.35723336367,444536.2697615492,508960.561314406,501464.86946594936,498944.64162570686,491323.0135320802,486176.6931367417,474463.190473504,468317.1182946103
2025-01-08,420883.7145941892,445061.5816085239,511308.0895097837,503633.9235210455,500976.354966779,493230.8508626656,487966.21329518495,476253.6317824614,470087.26903781237
2025-01-10,414283.8028378797,435575.23590842163,500069.28101585986,492230.2060491815,489558.71542598534,482021.0367523394,476891.3354812195,465609.7442638358,459684.9314319569
2025-01-13,412952.38216468313,432010.8534262284,495234.69167521945,487909.2367018742,485711.5201721414,478283.96852830617,473193.89706279046,462109.70942337497,456279.17759565584
2025-01-14,412560.28654443,433040.33703764365,492810.64764482505,486017.7113987851,484327.4804076697,477289.75879149337,472462.05937764,461851.99468196667,456239.5169894545
2025-01-15,423051.75580748805,443640.3426151665,506074.8481694337,498481.18698504166,496339.5169245502,488997.66228678747,484080.2149457165,472909.3416080408,467043.51517815876
2025-01-16,420087.8807999486,439918.3072493931,495744.1550346699,489586.4547926046,488171.1661141938,481493.6761929771,477132.4525063423,466966.038541937,461513.0758108095
2025-01-17,427178.3507656982,446543.88353888365,502984.0562056017,497291.334094142,496199.6940703782,489361.16276089405,484952.1351638298,474422.8461344345,468747.89787071844
2025-01-21,429683.81041753996,450194.6827318671,500264.91097135475,496300.55267469614,496358.86215935566,489855.4705245196,485695.0317149148,475693.73499067826,470240.42994091107
2025-01-22,436177.58784819575,460211.459245009,513832.28809604596,509436.1037161607,509049.84824349754,502074.80441716686,497624.1420050732,487244.737064088,481524.7868441653
2025-01-23,437104.9105600384,460974.54415283777,514467.6434723913,510231.69716398744,510100.6811328749,502965.33585669636,498272.01641590387,487954.269929698,482250.394404252
2025-01-24,434634.7608742438,456545.434915536,509132.7176216893,505027.9640616636,504979.53887006396,497901.13483581704,493240.2888585419,483166.5923408302,477678.2104436708
2025-01-27,421980.5791992724,432760.0362662926,488751.8471817787,481213.0115678531,479489.64588882274,473570.9240788209,469193.06216003775,459994.4887987136,454957.69167827675
2025-01-28,428217.3017868678,446261.0558005372,509320.0036510039,501010.5543271567,497701.041538156,490546.77530474524,485341.9861494131,475062.92007286596,469540.81683970033
2025-01-29,428413.180953998,443074.4753870308,504938.735892372,496365.3757520652,493495.2385306019,486677.39902366645,481728.32005760656,471711.19630900247,466316.6215547798
2025-01-30,430239.2045308334,443117.3894921993,496288.66346435715,490067.40577571944,489737.52743722865,483493.9500888793,478987.65093602985,470012.07338850584,464853.9957012582
2025-01-31,429614.05790382146,440765.6350348539,490887.5687840954,484904.63275664044,485455.0187659166,479396.4712579877,475001.7556276438,466467.24604609597,461569.56982637255
2025-02-03,426175.77677098516,434503.7335538651,480435.80207992723,475422.55750262307,476530.53856468777,471044.4076732069,466927.3381789093,459009.7938566215,454292.0045957321
2025-02-04,431407.2722950811,440329.5539334078,486558.9461355356,481316.18418729655,482314.2859342102,476443.1682024566,472048.8785171981,463928.4408972448,459187.8420737793
2025-02-05,434364.9882973525,447541.4255620047,494026.22843201924,489678.2619166989,490860.37922656717,484653.27034638036,480259.4502414373,472095.5878013991,467235.81772313605
2025-02-06,436632.2697620963,449217.81116950745,498657.0056675754,493284.2886327698,493504.90686594625,486950.3331849722,482526.9649574225,474387.5620895441,469350.510802685
2025-02-07,431124.7605684892,444933.56298314803,492601.47377271164,487802.0097231018,487938.12522590556,481453.6822642792,477088.6723097896,469143.3353308848,464377.5078305205
2025-02-10,436343.664222557,450528.852130039,497886.70418872044,494006.26491935074,494672.8402514755,488068.0470180874,483668.06295393757,475527.05164919153,470683.7770107464
2025-02-11,435304.8466747515,449941.3687809811,500932.08908857167,496438.14921590773,496937.2081049859,490079.0284436551,485404.12330915016,476606.75390326977,471482.97009779955
2025-02-12,436560.4150758628,450353.92945465446,503211.99807263917,498417.0819374488,498688.8677002523,491528.8135578857,486611.475635146,477539.97774654935,472370.3684343503
2025-02-13,442840.64170331147,457340.26585429435,511434.16788462544,506384.64442111785,506154.2733259137,498829.4563721649,493888.193188709,484449.06985099113,478914.5521402591
2025-02-14,444699.95379087806,459436.7932881297,515920.56637240143,510651.0388444752,509847.5121209668,502088.30911450787,496925.0762380708,487009.7263451907,481262.83642766235
2025-02-18,445708.0942290126,462474.01817170624,516963.86555275955,511824.25856370723,511273.3792131442,503817.9677332139,499102.30653116736,489494.80133702495,483831.6203549138
2025-02-19,446832.0517591707,463158.11395801324,519739.8316682096,514093.80688741617,513813.25015667133,506391.67800002807,501596.47828569735,491778.0993427109,485898.5405707064
2025-02-20,444935.4329583839,461611.07870998146,521464.3154977479,515137.2992684826,514444.86531504156,506870.2294284803,501979.2528227386,491653.1213998277,485506.76160842483
2025-02-21,435700.96302421234,449112.0968625373,512566.0843573908,505093.75522652804,503638.31013751903,496100.13460200233,491142.0066268652,480547.8277260575,474363.86647520534
2025-02-24,430557.8552681921,442563.9920555529,508162.035819021,499910.1409335,498083.2963355626,490638.99513860606,485608.6109400959,474981.53609608626,468810.4352921746
2025-02-25,425133.1146080501,436023.1829161095,502667.9156164241,494324.4360716273,492340.10364259826,484909.30848905776,479852.0683731736,469201.721350494,463148.9861449393
2025-02-26,427160.0844430638,440275.6357220636,503509.30395705084,496525.1587801842,495524.32682720426,488583.6352888597,483640.64191279816,473091.108285631,467043.1935989521
2025-02-27,415297.30786262185,424769.6665197676,488170.75585757487,480216.0590399705,478683.5625385461,471965.2390421077,467153.2772963468,457340.41705645254,451591.31753714767
2025-02-28,421855.4961309781,431628.2711391038,498489.7851101163,489836.01355371857,487700.0395502654,480667.0839823893,475693.0619799106,465376.08341038675,459331.34892321785
2025-03-03,412624.2166095178,417117.61348508275,482035.9620453511,473173.9556123538,471348.29967543966,464962.3404870651,460392.6981147948,450777.69319499895,445042.4579963021
2025-03-04,411379.0223595534,417002.21247561177,480840.7917258489,472199.95504802646,470300.3677566367,463939.39981131535,459309.6462571692,449634.9499009539,443867.8968435329
2025-03-05,417741.78633503994,424291.124323539,487602.54466821195,478951.5249791798,477175.5880873191,470759.19523939263,466123.9362361537,456345.02745270665,450515.9511531322
2025-03-06,406249.94100669364,411235.41755752685,478333.05419930513,468634.469142118,466049.3727981902,459637.8144210598,454937.7080868409,444876.25301978807,438930.41931243404
2025-03-07,409237.3367523576,416303.02453211613,482797.70105265593,473787.63941141847,472460.01566622645,466076.35415468767,461337.17205450335,450907.53683128476,444730.76800399576
2025-03-10,393376.81538698415,397651.89429368795,462562.8349898553,454093.15667630074,452984.9768934378,446840.6113687518,442228.8788796052,432246.31131811574,426384.821492741
2025-03-11,392436.44660776743,396422.92852791847,458333.8857475025,450759.05193685024,449626.10446748143,443541.7687138966,439032.9426397808,429313.61168505327,423571.3540597367
2025-03-12,397863.4635151866,403271.33255538606,463764.8832711301,457314.3238486455,456312.71511478076,450284.90929922846,445918.1015191729,435908.85243615735,429985.8124198325
2025-03-13,390705.68241985084,396009.68616368243,455466.8506959771,448616.5475452312,447886.85429886996,442083.9979687417,437928.67946585664,428209.2896874895,422345.49303414626
2025-03-14,400149.214869442,408018.1263311018,468177.303143798,461307.6748703133,460135.4502855174,454209.46983988845,450092.51379038446,440197.8531384234,434203.9898063172
2025-03-17,402743.6836128147,410438.6157524077,467087.2045799052,460562.42792667355,460122.98855935386,454492.0067922848,450592.1116116304,441271.5674281579,435505.7436429223
2025-03-18,395877.95676741324,404611.96680545807,460159.4234850924,453341.4950452421,452775.9650341022,447323.2805348499,443594.1035806072,434717.9404280181,429111.90691366326
2025-03-19,402175.32019679365,411098.0354254005,467388.695411239,460419.18465799536,460060.68135497987,454494.3138875169,450660.96990408737,441767.05282982165,436092.60339813365
2025-03-20,400812.1517962509,408795.1195026259,466752.1128445047,459338.87967041985,458308.8983787657,452576.7972685782,448769.52106240304,439725.29635292065,433985.3135728912
2025-03-21,402133.5456397785,410175.4494872757,470756.10648008535,462627.2448850789,461287.4374475043,455201.91565185,450928.94317352335,441578.1476741824,435764.6715996458
2025-03-24,410958.09263572807,418006.87247479445,477459.7737456511,469466.7174334297,468122.6842107437,462166.3938842067,457996.1043937544,448890.2757640718,443118.41429361945
2025-03-25,413303.2333866628,419766.4238047953,479944.5197853854,471505.79098792217,469742.2925199406,463748.41203183366,459461.9602810569,450332.89071099565,444489.2114417375
2025-03-26,406698.1791429142,410670.07398983964,470632.974729508,461871.37578810577,460110.08200849866,454463.12704108673,450342.17838821234,441581.19136944093,435897.7864122171
2025-03-27,404380.8011913151,406324.2260932769,470798.8479174238,460862.0016949103,458272.8559534759,452441.6474392537,448197.170206777,439109.57616359484,433324.4059869656
2025-03-28,393734.3625042221,396115.7906759317,459009.01400059584,449688.5488557807,447190.77285934123,441476.1621600315,437310.12981309975,428403.4724029747,422786.4317793758
2025-03-31,393717.5908515639,395488.8054019911,460627.6617360582,450925.34642391506,448470.62823197927,442850.5088908028,438616.20965463365,429413.29318503145,423669.5897087021
2025-04-01,396891.35519043385,398813.738157616,465286.8701519373,455277.1115409816,452502.3981934778,446727.55752967007,442431.52584030904,433050.6122285685,427231.3310275662
2025-04-02,400788.05182739015,403095.04014869215,467262.5491880154,457560.3797569844,455210.32697774254,449541.8548667679,445322.95634817384,436245.3123810897,430544.30197577673
2025-04-03,379332.44454294693,373899.45664750296,437488.19508516946,428016.0002785465,425500.26142432936,420344.9598320527,416151.7333368207,407506.80260773265,401916.2294074519
2025-04-04,355772.5241807796,349850.0341498654,410550.26052579033,401707.57213869726,399148.9405026125,394060.2265471969,389812.7993431368,381482.3597359595,376201.32521174004
2025-04-07,356631.0785361377,350844.1493218471,407492.3441748925,400041.68206683063,398246.7548599199,393429.60947573173,389500.39315198135,381597.80090986716,376501.3742696514
2025-04-08,350208.6698072624,343833.9999404333,397441.6159840572,390957.0779777145,389343.7858295964,384587.2429682531,380740.8323477562,373190.74415612785,368270.6013900932
2025-04-09,393244.5164167721,391185.8535058846,453348.6597946206,445702.18725393334,443977.5188376001,438302.35587259853,434004.7950820695,425101.4984687931,419247.99842518324
2025-04-10,376518.9572215052,373589.84970756364,435289.2985670615,427283.8970295095,424929.93035303726,419310.36225244956,414954.09557963733,406291.2140829788,400613.9930664768
2025-04-11,383455.6276648665,381189.7196925314,448513.8156287379,439625.40501777973,436705.1191161708,430744.78336413077,426121.20185502694,416776.77137066604,410779.2444388808
2025-04-14,386054.7655392287,383879.2255142177,451621.0554493354,442167.4647653683,439148.83466987155,433253.2610725232,428641.8625554902,419312.0384864408,413339.8912047854
2025-04-15,386485.12416257657,385330.27864763234,452116.10249623406,442793.1257817981,439726.8745411182,433916.5274705795,429353.8961532348,420337.63673492084,414444.48389694095
2025-04-16,375831.20973333996,373109.47237481887,434068.5871920103,425513.8338217759,423321.91424190754,418089.62784184655,413842.90663271485,405729.5933603026,400388.9786258097
2025-04-17,375763.5779713092,371478.19187396835,431988.0735432189,422994.2916598369,420767.7010127689,415569.4414418288,411310.6429811891,403367.02812897624,398191.4274905335
2025-04-21,366464.61372641905,361352.2164773818,420486.6288606944,411437.315992974,409461.5228795902,404589.9392337884,400516.97491508623,392866.29028878524,387803.5593998382
2025-04-22,376085.09536366217,370243.6715491188,431884.75855644007,422189.8649451019,419950.30326121225,414868.5632694043,410712.81566823384,402860.000026073,397636.99476944085
2025-04-23,385614.0040020392,382288.15261570987,443762.6818012917,434015.61649004713,431968.5483037489,426866.54488024296,422690.40437770844,414767.0904955047,409387.44664961315
2025-04-24,396464.05507523834,396662.2881460774,455888.5399109678,446466.15736340045,444836.46839382115,439784.79740295035,435538.74362204736,427733.60097314714,422298.8237954765
2025-04-25,400883.82830188825,402674.1526485538,462524.5778118768,453307.91457605915,451468.8008355927,446194.5295370815,441801.0948867224,433697.8181837995,428154.0146328162
2025-04-28,400756.5554342229,401908.0312595106,461112.3205480949,451783.0875666711,450211.4502966162,444993.24294397695,440619.17771597544,432732.4590161917,427273.6533321477
2025-04-29,403403.3722528061,403853.040926205,463611.441067208,454157.59447845875,452335.80879152706,447064.32222529873,442668.6342917,434962.1317191418,429529.13219884876
2025-04-30,404352.4318219544,405810.7830923235,466594.9104991241,457066.1060185318,455303.9796753116,450129.4172754284,445744.5614983284,437948.2607195681,432489.99405586574
2025-05-01,409633.55164962384,412974.96970062604,480574.471565474,469589.25056083046,466488.81219230575,460338.7790275445,455459.96719735133,446691.93572542723,440860.10440549796
2025-05-02,415714.1505649996,419171.6146793846,481438.5342088559,472020.8876023701,470075.4611233928,464336.55128570454,459676.12159194425,451158.65988772333,445468.9044433071
2025-05-05,413247.8943932935,416335.52924133703,475808.5080409775,467015.749628468,465350.954512224,459981.8782573877,455510.5253596508,447433.1878297449,441926.5166252317
2025-05-06,409404.0127385937,412812.4285086676,474048.2066150214,465301.2894777846,463533.0552350489,458048.07367591653,453530.0978768027,445249.95673051977,439715.58932722785
2025-05-07,412011.2816704342,417933.7497241779,477109.1139897455,469294.4507474735,468151.1282334794,462875.8705383237,458367.8046529915,449854.4131959055,444267.6236392633
2025-05-08,416265.24079700274,422871.8415401351,480463.48193802044,472547.94413404143,471546.5223841093,466259.7679682903,461749.4201818954,453264.40740046126,447759.06624546566
2025-05-09,415992.4144093734,422886.698888262,481002.6599104956,472799.7335417024,471964.52826169424,466684.376118127,462226.7080211523,453764.90523302276,448226.7949832419
2025-05-12,432940.0574177603,442868.65080066863,502240.77777707553,493921.0586834407,493384.77336338,487718.9546606465,483200.27088673646,474323.66943169606,468560.65474673087
2025-05-13,439538.4005418115,452715.25604227546,510921.7863055646,503202.43240822986,502909.5903092843,497060.6550639848,492580.2531260577,483538.5525840267,477695.6789401975
2025-05-14,443172.6134548255,456928.3961101114,517583.86429718963,509796.6915553108,508926.7230687002,502738.8664887636,498028.41809799714,488468.9316926941,482416.3548061266
2025-05-15,443659.63363925164,456720.6655775623,517438.5764228744,510212.3633091028,509380.0526284246,503323.1073693993,498403.7040567675,488691.97665630357,482576.5330366178
2025-05-16,445590.5946249484,457581.3220430841,518223.04479145043,510808.12616638246,509720.7443110389,503641.65911531704,498779.7348127023,489238.60966633953,483216.7788838381
2025-05-19,446017.9057356531,456371.9587782942,518373.0880325402,511031.3336616918,510038.7917346948,503892.85634376155,499010.5122169153,489310.17213652533,483203.0919552204
2025-05-20,444531.1655543624,454769.2189087934,515290.86998240993,508187.5676373205,507568.15935817186,501528.04455225717,496701.8520436007,487111.31810421846,481055.12756045937
2025-05-21,439353.63958014594,447058.51577748207,506956.8648665614,500350.106321968,499894.3260256535,493970.9972083203,489205.0101313943,479650.2912446565,473623.17524627445
2025-05-22,440175.7885376402,447809.51911872183,508171.98859851493,501575.63608698425,500678.88409811223,494534.3253844574,489635.970651379,480115.325454761,474090.2436636253
2025-05-23,436099.4403150682,442529.814114791,499403.3981637197,493204.10729487054,492844.50948970515,487362.5686758465,482612.01090185624,473384.2318656678,467587.0717380807
2025-05-27,446358.72240206815,453401.70102332527,512278.1730559504,505761.4920660533,505617.63439682225,500040.4814215165,495171.74228291074,485520.3711058118,479393.23620477156
2025-05-28,445380.51200395916,452349.31148381176,511900.18905541435,505583.5506965723,505826.33433427796,500202.5890460351,495207.48095479974,485022.1436411377,478838.0931339007
2025-05-29,446256.05056853045,453974.06833019806,516312.0797637872,509792.9123944275,509724.2452044024,503733.31759969465,498482.469058065,487604.37984475563,481171.5084294452
2025-05-30,445552.27518804325,451916.9943452806,514333.74981467234,507428.39533187496,507466.3358909001,501459.74238399096,496158.37744782964,485703.53922447696,479439.1688562084
2025-06-02,449071.3103489411,456023.5040415084,517908.41318932304,511079.50998389244,511512.0516398101,505562.39708569204,500310.7333026632,489726.30738541234,483320.50380345585
2025-06-03,452581.6940472499,463290.06357915816,523704.3257561091,517463.84414000704,518248.44079018856,512148.25086968497,506903.2305693174,496205.554970303,489806.8430669201
2025-06-04,454843.4360119072,465542.1001164151,525756.8288875418,519755.0929126084,520813.2902013019,514685.69832513435,509464.5403698902,498675.86893790105,492252.33589647285
2025-06-05,451419.9002654174,463458.27552006906,523481.2090997646,517623.70433638076,518918.5792973353,512997.94888230856,507981.91829724604,497318.36952987604,490933.3221923564
2025-06-06,455832.61605695117,467864.91686984507,528349.4573564945,521973.2109513211,522306.9482197756,516466.83019710536,511551.06777314265,501028.2563389335,494621.55018555553
2025-06-09,456503.6301206443,469896.48771493,527475.3651252041,521349.2406274074,522298.2563430105,516726.9917410435,512007.72054602613,501693.2051772661,495275.19457744283
2025-06-10,459522.876192925,471860.7703961102,529508.2381821686,523254.6164179861,524490.7467480429,518996.7169815697,514428.0071430008,504124.85433319747,497590.0409641553
2025-06-11,458974.5001384512,470993.56968437834,527526.1051086031,521578.045746557,523520.5205139102,518178.8592942539,513696.6429185972,503547.6665960512,497035.4880597932
2025-06-12,460052.04586283985,474376.66576450574,532214.6559485736,526689.5893891761,529403.443119132,523809.14981611475,519106.8807854438,508463.38568464573,501679.363141694
2025-06-13,454276.2587816637,466517.65424209274,523188.3355137886,517465.9809733163,520731.17226140335,515273.62966179213,510606.1657019568,500020.1413148022,493321.2303893757
2025-06-16,460595.18994607276,474421.5893631856,529513.0115889957,524214.9010584008,527472.0415915567,522255.4113292991,517797.87298433523,507256.8148489897,500571.491389324
2025-06-17,456103.8000672817,470933.6715528053,526227.048530811,520729.58577012015,523833.668180749,518730.1150675301,514338.49897636124,503914.7608742552,497222.5927122899
2025-06-18,457026.17777853564,473430.6195664816,528152.8462591645,522704.9343662994,525863.439282372,520519.1109509691,516040.26073349844,505408.86576426093,498666.9101205941
2025-06-20,455160.0604111713,471397.9659154476,528907.3306233137,522654.5221865092,525145.3129666939,519672.5252293929,515136.5159404233,504293.38059047685,497505.89521956904
2025-06-23,459840.1954709952,476400.8863842784,533628.298418181,527518.4381246056,530366.7448780916,524921.7950349218,520342.53812457045,509429.4359656429,502635.4333453287
2025-06-24,466872.0536610537,484974.09270123404,539296.8459434505,534376.3809628936,538285.692225412,532997.7028742066,528636.1615252361,517684.6087782342,510826.659895828
2025-06-25,469065.6508549078,490054.36020160327,547429.3497022992,542305.3497004624,545261.8502823586,539570.2695874175,534950.6218302451,523416.0711062115,516310.6741491338
2025-06-26,473451.55960844667,494277.6573474779,549811.7963033634,545026.1186878256,548429.9861807679,542765.8316739618,538124.167424423,526642.1067576203,519564.5332305755
2025-06-27,475072.4620669858,493984.2068997758,552107.4781334631,547298.4412292413,550294.5946333876,544487.3276100581,539730.1718309124,527813.4257799032,520610.20504008705
2025-06-30,478149.5160316137,499055.42916041124,557391.7338612381,552480.9978994624,555974.9681303949,550042.6116044832,545102.2722558203,533116.8327453771,525936.8839070748
2025-07-01,474119.02446522465,493908.9300794913,552735.0785867331,547214.0289246069,550465.5349699989,544633.95098732,539798.5722667952,528205.2168186451,521152.1241669872
2025-07-02,478421.4402785693,501176.50950171903,560921.1564669719,554990.3491510816,558575.6534210425,552447.2481033836,547482.2658052999,535462.9269100592,528234.1408813662
2025-07-03,483129.18364728865,508150.1165639441,567518.0635533014,561744.9860020173,565577.27554569,559377.4181648968,554326.704441141,542343.3752780686,535062.2850037216
2025-07-07,479489.8185438332,503671.94291575823,562731.617980137,557054.1458267666,560706.0587065552,554620.6405077574,549555.8247590393,537612.9600408502,530396.8263663625
2025-07-08,479759.0594652865,506046.794295511,563762.7193207565,558439.248398369,562178.1861307616,556151.2558508663,551272.6653861855,539380.1442214287,532098.8781827412
2025-07-09,484155.25986249774,511283.66522196075,571516.2588749784,565732.6852173463,569145.2013432683,562602.6349542623,557442.3409125828,545049.0968191308,537643.0823230209
2025-07-10,483458.9358292717,509569.0080318297,572613.2237824813,566331.9118832396,569423.9172462915,562598.7158269004,557442.1116097688,544489.4831512694,536912.1564783625
2025-07-11,482371.0330595341,506358.63926409197,571961.2945658112,565089.2385934261,567791.7513775364,560816.287542619,555649.8816503838,542438.2390438443,534728.0295468018
2025-07-14,484120.47305061604,506381.28401970206,569300.8161275125,562893.9167674126,565746.6066654429,558942.8155171548,553706.7529800035,540978.8696567181,533465.0909919961
2025-07-15,484564.3121588945,510679.43460600945,576915.236093878,570555.6190052757,573224.5264918997,565999.2052002499,560537.2440681381,547003.4247082697,539113.9121647183
2025-07-16,486060.41163893987,513945.57726558903,579667.9606437453,573389.4109927415,576203.4456937537,568876.9252261568,563253.7891136709,549716.55979958,541788.8256303987
2025-07-17,489994.0707280342,519145.1869319851,583704.4104944156,577903.6603772787,581030.2473302737,573389.4301590682,567574.4147402695,554162.815796333,546284.1113992843
2025-07-18,489523.0789995767,518850.09200874233,583184.4950319336,577128.2778669049,580062.7985045498,572474.3724696964,566684.9752129945,553531.8385689933,545825.2047480168
2025-07-21,492061.1118482758,519576.55446364987,583808.9724371127,577799.2057292678,581031.2239707143,573487.1123444239,567702.249391338,554562.8878643729,546776.7605712968
2025-07-22,489514.2974348351,514505.60803973064,579178.735432956,572690.475252185,575461.5920096536,567968.4201203656,562093.2527855203,549402.0869769247,541806.6059608631
2025-07-23,492747.063816511,519592.7191252159,584361.7288655787,578366.5375035867,580433.6111367852,572660.1642029381,566490.9547342279,553675.486306406,546095.8770175503
2025-07-24,493795.91207012755,521063.87973385246,588893.9645132093,582766.4792742786,584311.7337921574,576234.7367698702,570069.9311379466,556987.6119670054,549198.8108424488
2025-07-25,494984.4779855212,522246.81447591673,590176.1074213842,584026.361085127,585576.6171989383,577335.5406319823,571100.9072199949,558273.093651543,550588.7514641816
2025-07-28,496531.3520980527,526379.6014982194,593096.1164718374,587202.1737253005,589268.4304666998,581275.055606343,575071.361404312,562115.4527570467,554340.1453117272
2025-07-29,495762.2610980864,525462.0669936166,589441.0547796318,584065.0408948848,586953.5688488405,579180.0940460679,573150.1780638959,560694.177562127,552964.3172781743
2025-07-30,497426.5638517199,527614.7380196908,592487.0410053396,587475.1754430404,590237.8099365123,582235.3641516124,576197.1562752365,563484.325049442,555695.163429221
2025-07-31,494790.6128940296,524590.9101638468,596634.7503070906,589645.2346326564,590537.7783473708,581510.1059349346,574878.5724556337,561483.9288796542,553706.389054459
2025-08-01,485043.79323583544,512381.5799087789,583965.658598234,576942.2639830632,577986.6905417567,569322.8658272038,562890.6515164244,549746.548530047,542098.2967395032
2025-08-04,493993.6824845608,524028.5942508496,595955.0676794117,589073.5310867277,590141.0230364992,581053.8416982949,574442.7262278388,560935.2607737047,553096.5030980154
2025-08-05,490639.72534603963,519333.32857061917,590371.8364163748,583432.3153544196,584708.2655321143,575617.3565771199,569018.9174142358,555547.5541164008,547708.1513282297
2025-08-06,497813.5032392142,526639.3431300994,600833.6546985845,593422.8335954109,594330.816251854,584672.2838300618,577786.8421128184,563966.4413415733,556074.9176158641
2025-08-07,499498.27472523466,527666.9981971601,605558.3772781899,597284.4812122828,597463.5903514207,587538.3747649714,580726.6527892617,566046.5640722263,557823.6209596299
2025-08-08,504157.65857755276,532348.3772123473,616349.359743322,607079.1051142989,606270.105956488,595761.1011554381,588870.0116273229,573264.5597277606,564510.8872374056
2025-08-11,502665.96188228176,529234.9864774391,613880.2757992803,604263.734726502,603371.3618513814,592640.3861869433,585958.7573616437,570322.611189947,561492.6990226315
2025-08-12,508983.82801920135,537463.6934025686,620474.2160829364,610824.1541591992,610570.7734118338,599771.9899998566,593195.8844187524,577749.6773385375,568943.8586050527
2025-08-13,510238.36997966195,539392.3721551603,620195.4818992577,610622.8699435047,610292.0766079118,599906.7795765292,593499.2052043763,578520.4067853278,569887.5656725576
2025-08-14,509842.7717962134,537241.7516378926,621373.8561429841,611442.9085618334,611210.4706736644,600567.9949258743,594072.8347674425,578721.3109278162,569825.3188897434
2025-08-15,507600.72489405714,533870.9610182319,617718.2794440032,607697.5961452903,607739.1580210408,596735.6861075537,589723.6466358127,574407.4315730331,565724.3850020528
2025-08-18,507398.4726913853,535419.0936198885,617375.0833210462,607851.1280119173,607892.6900616329,597025.4450270577,590137.4306270832,575052.0293547745,566476.395076965
2025-08-19,500514.3949833105,525299.1947527272,607775.2235030573,597925.5682757571,597458.5873874489,586943.3656462941,580380.0521909954,565636.1740023458,557251.9845499143
2025-08-20,498542.6316338843,522547.05130249,603230.4739079943,593890.3443754185,593715.0458326282,583526.9868203263,577053.8038009388,562679.1265883519,554391.8535983062
2025-08-21,496234.47500417015,521164.0635780303,601511.165891551,592149.5354303315,591775.69046668,581499.0678872125,574993.1137527629,560683.1641873448,552477.2584736849
2025-08-22,503890.07389604195,530401.859482495,608842.071162021,599676.8104593183,599462.5546580594,588869.3475462927,582337.4270104753,568069.3272159093,559986.6326545683
2025-08-25,502436.4695849491,529110.5869134796,608686.1374254544,599634.402804857,599120.7401163067,588323.1324717245,581718.3069411089,567277.8914881214,559135.5357395024
2025-08-26,504453.91616956267,531823.0696619304,611786.323400105,602782.6984690867,602329.6323583261,591468.9453442766,584829.5437493703,570127.774772436,561865.9251823315
2025-08-27,506229.12492796767,536559.3146358104,615486.8092842272,606460.2880739216,606123.7104068715,595273.5255006823,588602.9786927106,573917.4625297666,565721.8026612197
2025-08-28,509398.14801872236,541879.6220500378,617514.3988978504,608815.7835511779,609160.2625422567,598491.2129210875,591977.0308845474,577740.2330518897,569671.0710958712
2025-08-29,503501.6634792854,533573.8511377871,609894.8420435012,600476.0354801558,599991.7837049393,589464.6622839672,582960.4598596533,569038.286577917,561122.1500352813
2025-09-02,499282.1702277634,528054.5660095584,603876.2796436889,594256.6604824895,594118.8289883212,583689.8041057524,577174.4699458991,563515.9409746205,555780.7360273715
2025-09-03,504210.26964651374,531420.054370867,612514.8891168857,601872.6733170217,601107.1844907263,590312.0997004758,583545.4376280846,569255.6979523625,561341.9854476444
2025-09-04,508774.15852172166,534978.6437295276,615827.9069084572,604575.8799368843,603609.8869520416,592784.0110930512,586234.6782680325,572090.1055863608,564271.7329931274
2025-09-05,509508.2447536094,535937.3240448141,607741.4018586429,598763.7932303675,600902.1196482495,590523.8112288951,584357.4381830269,570682.2360678344,563295.1142987106
2025-09-08,511993.6253971286,540638.7600157195,609426.7175334074,601366.5111446986,604426.549768507,594142.0408346176,587976.3714097114,574303.8516463751,566882.4216153384
2025-09-09,513444.2045522917,541275.3256257569,608275.0569740568,600432.6733552954,603102.7945635277,593059.6277551702,587141.6144340149,573881.5388338158,566517.5826431421
2025-09-10,514612.2097894735,549315.9133556529,611823.2744694109,608013.3390574838,616416.5408143934,605961.1327228349,599410.5273101877,583999.009479067,576235.3659936372
2025-09-11,517607.535294056,552266.3937304456,614518.1196341208,609271.9967852861,615937.1925882114,605893.7691291166,600145.913503915,585454.4119151597,577861.7968242601
2025-09-12,519893.89546124474,552881.086954971,621230.4484391698,614225.6743533635,619357.2228273078,608806.1340779711,602952.7045648204,587510.7904139957,579569.0569819598
2025-09-15,524342.5699841527,558305.6015768879,625801.8681378985,618609.5195863392,624077.2917432238,613569.4322428791,607739.9460648877,592161.0995125714,584236.4427215956
2025-09-16,523899.43264449557,556415.4081357401,621896.336635192,614700.7672852287,620617.9359951841,610392.564794421,604748.6394656295,589447.2577800256,581571.0767574508
2025-09-17,523853.8026222892,555363.9813683432,619475.286607932,611702.147347082,617086.1326710656,607464.5484657664,602175.3910950633,587502.8739552031,579761.4843689182
2025-09-18,528577.4310288642,565224.2698652345,622901.827172018,616119.2388876363,621399.7770195925,612192.598612438,607526.9461822031,593764.4527202006,586160.2286907512
2025-09-19,532155.5293975404,570504.6426822151,633365.0317327187,625100.6123522484,629914.0438285876,620256.7009172548,615109.0039272372,600772.1454037193,592888.3548145386
2025-09-22,535305.886904575,579726.1014349906,647371.4542231407,638023.3130622195,642315.0165987754,632365.7197813005,626971.8451539585,611636.4792804922,603327.4063854329
2025-09-23,531750.1921926002,573768.3463623757,638297.9630308124,629019.7489434616,633609.095749465,624082.7403609169,618996.5658242322,604285.032627656,596235.4587858763
2025-09-24,530883.4933513986,570536.8661109293,636506.4938770786,627375.0532134471,632262.4947499398,622785.2766214573,617582.5384210332,602664.3891833219,594520.0539031253
2025-09-25,528594.7177415341,568815.359948396,639393.0916047026,629390.4659566062,633081.6145499699,623463.9769896527,618035.1409376187,602882.9559226065,594532.2937460407
2025-09-26,530767.6592091256,570258.9613734497,640362.9390628714,630273.6613718871,633692.2842153127,624268.031985089,618931.5699475867,603879.8071435774,595571.8134972666
2025-09-29,533225.7350740804,573701.9264277664,643909.1794371433,633730.7136310628,636079.2808690374,626532.5601557643,621393.1527119788,606194.3698682503,597949.4459919863
2025-09-30,534686.3593716257,576380.7125424513,649916.3810328866,639312.8844036475,641079.240083985,631139.1290569056,625961.7947055894,610524.1491715998,602092.6926273096
2025-10-01,538251.2036232584,581927.6386852354,653767.1142140685,643193.6000578532,645401.8004847213,635874.4795444994,631391.3451398523,615882.0077376574,607422.5966921602
2025-10-02,540463.9730181115,586157.6509927349,655711.3572064112,645748.6104855638,648410.0755947955,639029.1641675155,634659.2528666051,619050.200683722,610580.8071628534
2025-10-03,538188.7742211634,584363.5738380345,656147.4951162817,645648.688902449,648045.591699024,638496.6525270228,634085.0675611317,618152.8864875049,609612.0777112428
2025-10-06,542230.6539683715,589397.8145660217,657101.9785331372,647272.6592626815,650314.8788119424,641398.4468128964,637494.830288099,622153.7310800754,613534.469495043
2025-10-07,539375.4800073502,583992.3805627048,654997.4158397397,645379.7207891385,648229.3629120091,638978.2942334615,634596.4695347709,618887.1651023932,610070.6907115632
2025-10-08,546558.7812613028,594913.9283876865,662053.631374043,653500.1230886378,657101.8671712389,648044.5678877053,644048.1782211133,628480.0167246218,619790.8781149646
2025-10-09,545897.3843264867,594619.5188961249,660468.838030832,652926.942041654,656738.3563334596,647574.0572385413,643392.2633701273,627583.4749545332,618789.3674346572
2025-10-10,526946.8766594306,570366.5706047957,637860.0049528999,629727.4639962164,632770.7113648765,623790.7847302222,619401.1545027376,603761.107709419,595208.1566380344
2025-10-13,538129.3962754697,585208.0912635068,648313.638419192,641743.355520152,647205.011397713,638198.0375278171,633939.7949901297,617937.0818895362,609192.1983410695
2025-10-14,534544.9384301618,577733.1163298569,639900.9546138012,632293.6781590264,637255.183673277,628687.49190807,624603.4335352354,609285.8372007797,600752.1330839207
2025-10-15,539317.19222265,584101.1684964425,642247.1938640546,635232.1643541312,641273.2808475674,633207.2234268732,629606.4256747403,614328.9023046455,605843.3888376115
2025-10-16,537320.1444061527,582223.3520473836,641095.399844018,634913.9496315452,641448.6302746735,633301.0984544957,629871.9624557949,614357.2302287163,605687.7313893606
2025-10-17,540848.5459518685,583627.7470324876,647569.0143189409,640114.7564866148,644906.5309802456,636560.5014376007,632993.0670041381,617239.2075537137,608386.2994558709
2025-10-20,547663.6054852577,591402.7110548323,657030.6564124662,648598.1347325789,652410.4896915365,644009.8816519135,640613.9095927456,624920.7508689915,615876.9384951923
2025-10-21,547520.3825867171,590805.2326416215,656375.7148245621,648063.0372522788,651615.536647372,643324.8903398692,639884.5581859277,624428.8982130956,615558.6897496853
2025-10-22,543245.5732969497,584821.7909163487,653537.7344333449,644917.2171739871,648100.4721616717,639707.4152733532,636026.2123037489,620451.8576545683,611487.303835214
2025-10-23,547812.3450526964,592477.9021569253,656773.8573098086,648412.1480483161,652132.018674663,644033.5351829919,640879.0664249008,625851.8563755375,617087.5541821169
2025-10-24,553662.0272813122,601711.7736229458,665384.099802575,657356.3845294598,661612.6663682064,653663.4757824388,650687.413498928,635061.2405494128,626021.3596644773
2025-10-27,563522.3589970511,612492.4212448244,679007.7948005057,670592.8508056651,675010.959830736,666805.7087349799,663653.6640808744,647418.1783575075,637977.5019453472
2025-10-28,567855.7442605637,618811.6008192557,692790.3485782011,684673.904909958,688105.5289003325,678790.6165134524,675019.8388171652,657241.3118785181,647114.6731324795
2025-10-29,571412.8173391956,623993.2603488935,700012.7929405252,691729.7677289925,694646.7394402039,684672.7063389103,680536.1210803177,662115.6909533585,652155.3618363005
2025-10-30,562676.7305312181,615764.3922361989,690979.1490999293,682820.840533037,684904.4888536895,675318.5906735442,671330.527151825,653522.3786977178,643863.9722318588
2025-10-31,565391.008694587,617523.8325280765,686017.389212259,678629.3008870452,681194.1189700753,671896.8638205071,668008.9181669756,651046.6602434933,641950.5600902559
2025-11-03,568096.3031968807,619656.9655816326,687794.5501362449,680634.6959291839,682263.6044144549,673137.1237247197,669623.2954114884,652491.8099634522,643348.1548046436
2025-11-04,556565.085275858,602918.9240317545,679307.7940518247,670079.3435254599,670578.3437673582,661128.2321985215,657141.0435640453,639782.5872334884,630431.0629348882
2025-11-05,561187.1541236982,606417.9794782999,674945.3587983391,666691.9352052301,669032.7925040071,660580.4398353063,657637.4632267313,640914.7507698174,631846.3784977825
2025-11-06,550733.7564765479,594518.2254652053,663373.8101071155,654081.8505014532,656392.6095646522,648088.194517898,645209.2117360248,628836.2732803101,620045.949493945
2025-11-07,548995.9865757592,593715.0275234842,661718.6904131674,652328.6150918343,653932.049050011,645465.1329869592,642550.0010263723,626352.9756872203,617764.8986707709
2025-11-10,561142.1004209899,608531.2385774469,677285.1672918646,668310.3167799679,669324.1028990214,660565.8134292791,657873.5718853466,641138.8067896246,632333.7050264014
2025-11-11,559647.4880039361,603018.0088319464,677522.3636306411,666991.2746593116,667425.56247981,658390.3185488489,655079.4210894927,638082.4780264061,629168.8729784038
2025-11-12,560206.2819520456,604696.4367705929,678925.9267783511,669404.2935015513,670165.8235701381,661483.8649866047,658414.0810877514,641091.8265209437,632039.4010918435
2025-11-13,548769.1141387739,587660.8669818362,667260.2289819374,657418.3549270805,657174.3986271162,648350.7232178097,645031.4234310357,627546.0031781534,618331.2588976606
2025-11-14,549184.0064902798,590707.1795305773,672078.414596547,662328.6227843955,661902.9204270507,652895.3019829065,649418.6669470352,631198.5148280711,621778.2534641385
2025-11-17,544493.692982347,580896.6775670634,662791.2465216646,653216.2830832978,652704.3197168973,643721.7364391192,640333.1431413054,622234.5746206872,612847.616327447
2025-11-18,537864.0439686812,572218.7618177396,651823.0589236466,642538.1224111646,642637.871086095,633683.6163580269,630012.3101692285,612342.0355231477,603146.7758902307
2025-11-19,542075.159215539,577108.5832547178,657440.5570560195,648972.9343850578,649685.0253201469,640541.2793829176,636863.5294665642,619009.334232144,609588.7124711394
2025-11-20,529243.2555130848,559996.4898047023,646041.4355616415,636400.1894001305,636245.7616147422,626577.826053878,621965.4207837069,603753.9387042976,594346.1558580641
2025-11-21,533219.3086923584,562492.5045107204,646636.8505617277,636665.118041301,636228.6398772683,627136.485685343,622872.9633763566,605008.7688052637,595749.4856697563
2025-11-24,546855.4887333672,576623.4759739586,657353.1467310517,648525.217605731,650029.4515431874,640820.9630517471,636964.7447197805,618830.9099284792,609491.0036523574
2025-11-25,550226.1458124127,578391.7578910924,655917.789862813,647107.2523933902,649031.7768143748,640183.4840534832,636657.3601712266,619061.4354723234,610171.4272870457
2025-11-26,556087.7674198551,585432.2418833611,663806.8888482819,655065.0270746152,657783.5347845549,648681.9915080536,645251.3317452802,627225.4090763931,618122.4366473632
2025-11-28,560596.0872326812,589562.8771629465,665004.1426725441,656456.7041307192,659943.4787004205,651227.9618892651,648162.2889385811,630525.8652736171,621555.2850709935
2025-12-01,558713.0638977751,589319.884501262,667808.0848342534,658372.9874110278,660452.2895561365,651751.4237374761,648762.2380203947,630948.4895136028,621731.5028397541
2025-12-02,563085.5972991277,595449.0780304753,673001.1598496566,663185.5461092462,664937.5157839931,656279.5567968567,653427.867109804,636094.8457488981,626860.9807758864
2025-12-03,565461.6698942237,597554.1835070599,666106.5146393509,658066.6805138008,661438.5128732495,653464.9889097147,650944.6854995709,634910.0109239902,625925.9950693978
2025-12-04,564935.6359142594,600325.6166398136,667474.9755259195,660094.7339700558,663497.5083219629,655449.709776922,652509.6423735279,636195.3469633933,627382.6376398153
2025-12-05,567239.1408813914,602932.1069794837,666977.0261991924,660963.7542148656,665399.2785882654,657632.1789444268,655044.9114012363,638806.7183401829,630128.4936164535
2025-12-08,566150.86950451,608200.0846146056,672501.090531331,666777.1012650885,671419.829086187,663320.3104681434,660810.8221194345,643822.4580568541,634995.6708956114
2025-12-09,566849.1338720362,609519.0500681301,672008.5673014715,666913.7479113527,672041.6152673976,664011.2112386368,661687.9826647533,644593.7780688829,635737.6553001113
2025-12-10,570170.7683536485,612717.2937744961,668647.4740921487,664861.615639764,671338.5884725453,663979.7899705915,662276.6648373716,645834.595935461,637438.4658937083
2025-12-11,568326.6653784054,610499.7586771979,668451.7229697838,663077.240256287,667959.6146015379,660673.5477686039,659016.5309851101,643046.3804348963,634917.9879128493
2025-12-12,557461.1540472034,592876.9227025629,658074.8707928312,650107.04816481,652043.4658382809,644848.8580032933,642753.668382061,626736.6579032452,618512.7965639113
2025-12-15,554663.0222081142,586255.6167638614,652665.1952391828,644244.1615672851,644835.2175397933,637490.8641313444,635585.4367657668,620180.2361183474,612066.4723761635
2025-12-16,555762.2862981237,587175.6251363312,654979.1434531156,646380.9411085902,646849.7583416668,639318.3454092849,637150.6210993741,621599.9304363069,613447.393103753
2025-12-17,546460.111601737,575972.0073263824,645715.2498253086,636129.3440825399,635625.2313035149,628081.3341057897,625657.1553671734,610295.9023922578,602298.0392105409
2025-12-18,554378.4175526025,584015.2190653326,652525.1863907869,642890.0728354369,642195.1196135009,634760.7779445697,633128.7742168265,617845.4414048832,609775.251687061
2025-12-19,561604.99145797,595780.3668010285,662423.9425387543,653911.2042593928,653792.2791716531,646299.3570588384,645070.9963863683,629321.514663801,621051.3975014326
2025-12-22,564296.9643279477,599912.4103644453,662807.6889467018,655058.069138809,655391.2482554268,648179.5312567101,647380.6526860109,631886.0104912504,623605.2488006616
2025-12-23,566939.766959739,603263.6963326919,670689.7861227485,662785.5911860036,662663.1757057776,654904.8196464467,653753.862598781,637526.8670394311,628889.4724468082
2025-12-24,569598.4392737744,605280.9097372977,673074.249448421,665012.1815017125,664947.6296237761,657263.2635763019,656419.004389281,640086.5119748843,631411.1727904911
2025-12-26,569561.8741305105,605952.266449142,674603.4837826153,666777.5821699349,666723.76071218,658978.1425968339,658051.0794308239,641555.88680692,632823.9759991554
2025-12-29,566804.8399644108,602737.5814929816,672165.4343244259,664068.6753475516,663928.7529269499,656450.7693483869,655836.4033308575,639252.5331799658,630476.8164570655
2025-12-30,565490.2280170652,600992.0540421865,671050.9585878974,662945.7126170528,662942.7032285378,655315.0973656029,654561.1647440221,637869.3756730258,629034.4437037313
2025-12-31,561816.0956898405,596376.1877611952,667833.6736042369,659669.5210616778,659317.0821876405,651509.7466008071,650508.007845553,633640.8625563296,624765.6830458333
