date,All in QQQ,All in VGT,Top 5,Top 10,Top 15,Top 20,Top 25,Top 50,Top 75
2020-01-02,1000.0,999.9999999999999,1000.0000000000001,1000.0000000000001,999.9999999999999,1000.0,1000.0,1000.0000000000001,1000.0
2020-01-03,990.8400545073536,989.4922312004196,989.2955549877732,989.4386719997644,989.0304002203889,989.3698930080346,989.4029238288281,989.5819457331063,989.6773682571231
2020-01-06,997.2242033320424,992.7806235142307,993.1424878982953,994.3298336967995,993.4919228437687,993.7029697054398,993.3205652977282,992.7519859778369,992.767410075597
2020-01-07,997.085541956774,992.6603540259072,986.3047728805126,988.6276666514502,988.8831303184937,989.5596135322613,990.5623710912341,991.3299665292944,991.8064888475441
2020-01-08,2004.5800094486458,2003.1280329960462,2001.1384592436762,2001.602968566087,2000.730426975101,2001.1472945439218,2001.5072931788336,2002.15800592911,2002.4575719500087
2020-01-09,2021.5656469320638,2025.632483183115,2031.2423286248106,2028.4007489111618,2025.3766821393885,2025.8012982279113,2025.8928733021685,2025.1908199544212,2025.2999089478267
2020-01-10,2016.3956784023198,2021.2276843403235,2030.5380435546406,2028.3588610382926,2023.8460144475164,2024.1877209183367,2023.5020685320874,2022.0449939360303,2022.086107495073
2020-01-13,2039.6587790906121,2048.297170752845,2061.979255516067,2061.1550618379374,2053.879601385574,2052.992736815524,2052.130796051225,2049.6686710584154,2049.8574390910194
2020-01-14,2031.6277216190192,2037.4051275298484,2043.3962220929225,2042.8998570982442,2039.1682968707087,2038.4289986704198,2037.9467103797915,2036.7159177286971,2037.0816830132799
2020-01-15,3032.458232769395,3039.087043654327,3048.5217200883326,3046.3162662881336,3040.9767759046244,3040.671219412654,3040.0762719462873,3038.1776553350933,3038.4420672838396
2020-01-16,3061.5213056117755,3080.7442888243113,3092.465546554528,3089.1804806217947,3081.989693234083,3082.2553970304575,3082.556019272661,3080.114746500485,3080.5985011115276
2020-01-17,3076.670442711628,3099.0072637267303,3120.0367755511215,3112.9386437847234,3104.2102322167375,3107.5002559753543,3107.6459151097333,3102.7908625771674,3101.853672829078
2020-01-21,3075.2936259120625,3094.4713963999743,3113.58775295041,3108.3565105155394,3100.2293718563765,3103.179034992807,3104.664521688915,3099.963533271904,3098.7969671308697
2020-01-22,4083.4194675376875,4107.243413730024,4124.33437370071,4117.443413989337,4112.266484256911,4115.3014420775435,4117.042647275315,4111.853815198993,4110.8072039182425
2020-01-23,4096.552432088991,4127.595531105998,4142.206235691619,4135.703758709268,4133.058142004384,4133.329980366596,4134.126970358456,4130.339193415358,4130.059106138681
2020-01-24,4062.079449285581,4106.296627567145,4145.517696628596,4133.525257333564,4125.429487328985,4122.6743002645135,4120.10132245802,4114.033052052286,4112.418563968857
2020-01-27,3978.174285433764,4008.3173814790493,4044.1057006024844,4035.5753281077764,4026.165517630097,4026.044961637014,4022.8364505923523,4016.3077762921225,4014.8141703466363
2020-01-28,4039.2793123354268,4084.524583288581,4132.265503859075,4120.108491678608,4107.595006745913,4105.985922444864,4102.625018570211,4094.051537039871,4091.7735914546142
2020-01-29,5045.84420280675,5088.625136366081,5187.842272003417,5157.330064715599,5136.0709326072465,5128.412096675733,5120.603405927079,5107.775630620152,5103.09319387237
2020-01-30,5063.816816719508,5129.273571668421,5248.415632560713,5214.732702207684,5184.975419318683,5175.084322883206,5171.165396561739,5153.54118455459,5146.869874168242
2020-01-31,4983.513970727644,4991.228308353561,5079.465211980208,5055.771839528787,5039.097416506689,5031.081584362715,5027.2713981403995,5012.135416015178,5006.304818228529
2020-02-03,5058.8118306873275,5053.869089501745,5135.948156794354,5116.101276465028,5101.259809520635,5094.414746039968,5091.967467147983,5077.683266127267,5072.027600426402
2020-02-04,5174.602575981501,5186.02416279663,5281.447539610209,5255.898990919867,5237.733648467291,5227.883451334238,5227.168255850819,5212.059371293604,5204.284558932881
2020-02-05,6191.663781432463,6210.569186034228,6305.392658254766,6278.305169185038,6273.274433558145,6261.819937801735,6258.774245256731,6242.270103764038,6232.25861709054
2020-02-06,6245.109964420504,6260.422147586648,6383.715002204527,6350.753002645697,6338.323918489635,6324.310128691629,6320.122514843663,6301.199238129595,6287.318072558032
2020-02-07,6218.251917601553,6201.908984908552,6340.174275004928,6304.4345560814745,6288.127923534089,6272.725034287139,6267.624102576191,6244.1179073550975,6231.1268497106985
2020-02-10,6293.401155331852,6279.1440537504495,6428.692039099017,6398.5568040993285,6374.343622695265,6358.164316819452,6354.786679700145,6327.962249606844,6313.59603760738
2020-02-11,6294.486394164866,6267.677850133395,6363.750990313673,6350.4398029007325,6334.223560623561,6320.2265803012515,6321.603986788547,6302.820349230099,6293.684729551298
2020-02-12,7355.801742510898,7334.3821742998,7440.997290250836,7425.50395335138,7407.177299227366,7388.293521128988,7390.352369467838,7371.498074998375,7362.044097641542
2020-02-13,7346.382092259609,7319.4782921736705,7409.393056075291,7379.55939582345,7367.8272571016805,7356.773716531498,7364.49933483287,7351.334048616968,7340.995068055662
2020-02-14,7367.418995621363,7349.0147300078825,7450.552859178948,7433.258360054651,7410.958270680617,7402.151685511369,7409.182075120342,7389.87786204425,7378.70917980786
2020-02-18,7370.24334624677,7322.186355208744,7417.810733332422,7412.57010300402,7387.061005916269,7375.131874968658,7383.414783532001,7360.313469353151,7350.545493786503
2020-02-19,8440.891968655618,8404.030712269088,8488.45402696174,8492.7138760516,8464.877065999324,8454.664863031216,8467.101852669171,8446.028203664224,8433.823573006732
2020-02-20,8362.531233347054,8326.20722228782,8384.40813534338,8400.950429494176,8376.004252206763,8366.801797702572,8377.925834213764,8359.009752870123,8348.990111081454
2020-02-21,8201.890906474797,8141.642342477636,8185.10716978912,8204.993942014788,8187.408839263485,8181.918733664858,8186.958203139055,8170.570697492457,8161.501138896407
2020-02-24,7885.598401750724,7808.508923382148,7815.788863600177,7837.039514133787,7828.61367497098,7831.072368824967,7836.3751114376,7825.961091526829,7820.44463356513
2020-02-25,7671.174118212886,7560.273499198334,7565.280190084599,7586.6778327567745,7574.903395770109,7577.712001969256,7581.516986186167,7571.089836717461,7567.870759526385
2020-02-26,8710.710257429413,8577.805775429544,8631.115861793996,8639.247030009374,8623.898812204532,8618.525315122719,8622.312032559277,8603.847784719306,8599.191134267823
2020-02-27,8274.529994261882,8133.857581848185,8089.00901753453,8124.76925093606,8136.685184621411,8140.7827308065725,8149.156825817902,8147.038537005278,8150.766045206669
2020-02-28,8280.970793377239,8205.237037602566,8171.92991695982,8209.959831944643,8200.854748786922,8203.152276797086,8217.713039270553,8213.06507421954,8214.845010209521
2020-03-02,8708.296873145506,8635.955737515886,8774.513329504913,8756.42791737823,8718.521423253525,8711.85605108996,8719.511958527943,8687.748609638904,8680.092671993207
2020-03-03,8429.046603808245,8320.836950260651,8426.508353759038,8416.351152119898,8381.017258685166,8374.751761529673,8383.902050786404,8356.93530773201,8352.555722447594
2020-03-04,9780.725217043622,9660.328612573783,9781.63635130634,9775.39412179929,9738.201045726968,9736.147125055393,9749.570145318401,9718.504765288584,9708.688130982564
2020-03-05,9483.565783366661,9358.151149180425,9483.15614212638,9464.389355533636,9421.315935485834,9424.158875350307,9435.118223897956,9405.038815338663,9400.598611835629
2020-03-06,9323.55538048868,9159.68082524056,9300.171499229125,9275.335675922826,9239.686994657299,9240.248583455612,9247.70229099051,9214.229845132171,9207.384752760481
2020-03-09,8675.89852688685,8453.564339425202,8596.14827794897,8576.657174462574,8551.16761361128,8560.856788155354,8557.391589760462,8516.758581260077,8509.141397752448
2020-03-10,9148.308092872545,8988.167847442752,9192.570314400713,9169.42132810191,9137.105804130835,9143.240916172239,9139.90107193216,9083.164763467803,9066.922588642863
2020-03-11,9749.852711579302,9555.760734436408,9814.862892276902,9766.190805180227,9716.885035664909,9722.367335328603,9714.768391648611,9654.408387971402,9638.311563465239
2020-03-12,8855.87792947075,8615.554681959333,8861.800841835937,8813.98501372408,8767.56547887246,8772.24839810383,8756.5447296102,8699.432709900937,8686.338113182492
2020-03-13,9606.0196036798,9564.470001329675,10024.575668819867,9950.23319944133,9877.083807833815,9868.629447975845,9844.886119812089,9749.543553793668,9715.293731658612
2020-03-16,8455.334929197545,8274.573666204784,8622.028360975311,8557.246718732544,8507.365077399998,8487.29185748386,8458.817352923157,8373.549764127149,8356.99930462972
2020-03-17,9096.600906301186,8773.200530183258,9142.427972477251,9098.497960773479,9066.051706168033,9041.519770648816,9018.024464951019,8933.033439579662,8915.708795818948
2020-03-18,9819.917275141524,9478.380779741909,9802.017586293168,9777.222236332516,9725.031047727167,9662.916313574588,9625.834847869002,9516.584885316044,9503.738701020073
2020-03-19,9878.860168549345,9493.472237202472,9823.940009127225,9861.862700341002,9819.476134077158,9764.421470370382,9727.31765067602,9626.209438966629,9619.625781645671
2020-03-20,9491.844832561857,9111.297772476615,9358.634066343513,9413.014013692795,9388.975799087739,9335.184655606834,9298.054786825214,9204.420322363505,9204.827392261332
2020-03-23,9498.699416564572,9030.482424417383,9216.73274041598,9307.428991677314,9283.923072685287,9228.90373836999,9209.091951988168,9117.690942948671,9121.33046977089
2020-03-24,10234.25565880517,9969.11880091738,10146.671062653237,10236.636412458549,10207.977247120747,10163.383044685943,10152.82928181425,10062.975739044674,10063.337777203302
2020-03-25,11158.469669939526,10973.986662716346,11173.703081080026,11212.135150807211,11159.432536412129,11120.858378677756,11107.74360676173,11037.206971427933,11039.429255510351
2020-03-26,11746.078745001978,11652.127241731296,11797.628826349253,11857.50091436823,11843.174090891971,11814.020730844508,11806.208937803984,11734.735537424105,11741.38594765945
2020-03-27,11342.097990473027,11136.82840394576,11277.593397488203,11337.567342397851,11316.794634282567,11289.192162249265,11278.592623971032,11189.24075132132,11205.960842833934
2020-03-30,11754.649933861596,11577.673501626594,11794.624132446774,11842.657534418368,11801.75776830925,11772.223362419458,11758.313036593281,11661.498786461,11671.991940363418
2020-03-31,11654.262161852805,11350.553922325955,11623.055488318616,11659.200330848014,11608.213681756311,11572.90177699887,11547.411102203512,11443.452880843119,11450.445296412712
2020-04-01,12159.08314376903,11813.825440464389,12099.897792366608,12117.985411615457,12083.280662992209,12045.351543937239,12015.835141860678,11898.155515540902,11911.83445349559
2020-04-02,12405.851748970565,12044.975882515475,12386.68110586828,12414.527670179137,12398.459275502502,12356.032216673777,12308.794814861718,12174.15482824999,12176.736479521865
2020-04-03,12229.777182142618,11850.692860081332,12227.634804423196,12227.320086108903,12206.170551280948,12153.343094153095,12101.22670597238,11965.76574399186,11971.51915085308
2020-04-06,13104.145590228241,12860.145445773991,13286.242791621691,13279.82622117294,13246.969455473984,13191.880821855126,13149.715410120392,13024.187302902352,13021.210880794963
2020-04-07,13098.804333284577,12762.417509133616,13141.764294810699,13103.389590822566,13077.037095167558,13029.733080661037,12994.305992705913,12883.447888328732,12879.97896161892
2020-04-08,14376.92563098461,14128.75159749306,14418.192644813505,14407.07745974141,14402.952591039357,14353.896976217691,14332.376901291485,14245.117523711857,14248.847142673041
2020-04-09,14397.7143966787,14162.127270414678,14405.249140656832,14403.036389125597,14404.081473975231,14360.972924101052,14329.697230821625,14256.337043740032,14262.793663872131
2020-04-13,14553.256175400315,14194.243767941238,14497.419546339761,14484.001394982175,14474.520489244285,14421.384432114584,14390.99201540182,14298.792619560165,14297.956323750654
2020-04-14,15186.193907005498,14770.482561800462,15158.686836629524,15140.486252930015,15100.97175619457,15031.591699420298,15003.83189462544,14903.453514691288,14897.95833984578
2020-04-15,16012.010676270702,15450.5607086978,15891.367561312836,15862.478578517605,15802.610107508586,15722.198541046713,15692.71574178192,15582.054339275684,15583.149321085617
2020-04-16,16304.069471321287,15610.814768419257,16090.42659919429,16079.4052072516,15998.755876180701,15918.342644284225,15886.4525159711,15766.03942752755,15764.019169333598
2020-04-17,16460.037453071884,15861.974401128606,16163.975737855348,16185.518292951518,16146.348919430131,16083.469728055377,16063.385372769699,15974.187121270243,15980.790882778854
2020-04-20,16265.078989066376,15598.693667767968,15809.582674338784,15886.172401094149,15864.53622556362,15797.426606468243,15771.92884269345,15683.291258833908,15701.434439353527
2020-04-21,15664.904714292314,14957.669919571179,15252.199260896217,15267.383188108519,15242.210351977978,15171.197561215133,15137.080303503706,15039.767393329457,15054.874791959248
2020-04-22,17129.753240958886,16524.628260991594,16798.13037519106,16812.16542566146,16797.879770534473,16732.461451615018,16710.35064167126,16625.64417495692,16634.460841451382
2020-04-23,17093.21658275481,16440.054179102808,16664.1865896544,16684.43183091208,16684.449854307604,16610.546450574326,16588.55796893615,16516.46956507164,16527.31168598037
2020-04-24,17362.780498737586,16763.291668147554,16990.9400782023,17017.236767387898,17032.87350899582,16964.566482019243,16938.636825460057,16863.07136717811,16872.80791132151
2020-04-27,17502.437439414047,16953.94103977701,17047.650724610274,17118.82345863796,17145.91120607389,17089.915575485596,17070.301913466665,17009.37540911793,17023.366344323604
2020-04-28,17172.788590479693,16738.92667753982,16760.096977342055,16813.03197656414,16851.742787377523,16813.367876464283,16801.02825322187,16757.534826288524,16779.41077033586
2020-04-29,18781.752606363672,18453.488433207243,18500.974233722343,18520.76919819252,18555.128819207748,18510.59462362944,18506.919249222035,18468.660167868,18487.323309268744
2020-04-30,18774.0329713036,18338.3088889776,18606.648435707368,18581.044736071053,18567.837991994216,18514.130085326688,18494.69109066769,18404.96733507116,18413.862839282923
2020-05-01,18244.88423795023,17811.654998586833,18189.424774817096,18135.259501043805,18103.357862799447,18040.709389924945,18005.268783211366,17881.74488842629,17882.715700785757
2020-05-04,18457.575460177886,18030.65114764851,18478.173172781626,18433.291196259648,18379.296053758168,18311.842412700888,18280.81618167679,18137.648769234722,18137.38604420396
2020-05-05,18666.82984927677,18309.511588355934,18722.93292682849,18667.867462297618,18607.038596991006,18552.0924755598,18529.366719308222,18395.61547674727,18401.880410884893
2020-05-06,19781.752606363672,19441.36732063266,19882.184133350675,19819.013926836164,19750.147320049462,19690.599894879073,19669.834082271194,19532.950550651432,19541.630952449115
2020-05-07,20036.477308502737,19791.27759366015,20073.241420039754,20069.487393396863,20052.42800149084,19980.309293785922,19963.391776609475,19834.225789411626,19872.253679601454
2020-05-08,20311.070265671788,20084.45893810937,20359.34174031233,20382.809621732587,20355.40764713445,20258.11655135149,20243.096259398306,20120.785660543126,20165.112268744975
2020-05-11,20492.63196361318,20222.66792768226,20562.559214078323,20614.33462569879,20552.4395390564,20441.87614857594,20426.01902468876,20270.192202223796,20309.3494990209
2020-05-12,20063.573764002173,19788.075359425588,20164.97456491241,20215.52888933072,20149.31622738782,20042.125024864017,20007.88088644147,19848.06869385348,19889.948694460192
2020-05-13,20812.46316209783,20436.57160576945,20902.281430424737,20925.049039674454,20856.43598735359,20748.33721124132,20704.19558777859,20527.48045079959,20564.771707780867
2020-05-14,21048.73053699652,20682.686866667194,21104.28270670848,21143.446920371305,21073.59931248205,20970.06189531039,20948.082606571792,20793.899533585605,20825.79991217856
2020-05-15,21185.370548440234,20804.48187688858,21181.700065537567,21314.590884571044,21214.689740305657,21092.84517521173,21057.916461052984,20879.45102213963,20913.595924180165
2020-05-18,21580.094003196522,21305.94752554138,21634.042809988452,21751.394289704676,21682.995244848793,21574.3266280286,21548.500320283834,21392.66502491547,21423.732723310222
2020-05-19,21526.00679990693,21241.272196475,21523.73815017963,21675.950682010312,21588.363487458846,21464.215945948505,21449.843090465227,21313.450029066295,21347.39185805741
2020-05-20,22955.84539597839,22727.6131670027,22962.445692360077,23116.662870217304,23041.46952107607,22915.853893244046,22901.014687072933,22780.709373811595,22818.798676343147
2020-05-21,22705.841887034057,22446.45482783265,22703.22990452206,22844.894714348284,22752.38117832203,22622.612340453215,22592.8397422779,22471.447938292662,22514.47780190318
2020-05-22,22784.21263691625,22556.2792200893,22778.71539537391,22967.07183003004,22872.003730269753,22737.780884598098,22703.752656565273,22580.657470003633,22623.831628298503
2020-05-26,22722.70608110796,22572.098602378643,22702.221997141216,22836.15648684213,22782.91572247713,22655.130742366477,22622.281007275862,22538.36837769405,22582.73507294213
2020-05-27,23846.719797384107,23697.739577281718,23762.349050641187,23887.274527734255,23868.013307308913,23751.0289256245,23728.10063644836,23660.62895962932,23704.502759533305
2020-05-28,23815.65173433976,23650.037883035337,23722.721870544094,23883.87005726935,23860.0943858642,23744.57971705553,23702.18336820655,23622.362748658255,23670.579761490088
2020-05-29,24164.617780380257,23945.42330622615,23839.778850414208,24081.97066924123,24084.494793551956,23982.550295032415,23956.672548657072,23884.59602214677,23958.53754216539
2020-06-01,24237.10282271444,24022.47471780014,23897.99638249689,24099.29625923032,24089.440230548607,23981.778737509223,23947.93898360595,23891.961984149206,23974.229435476343
2020-06-02,24399.67852567244,24237.138918630702,24083.152806229482,24268.187732188504,24295.65809332794,24200.45525360264,24162.146372423067,24117.902961464853,24198.964393052036
2020-06-03,25509.443932010126,25462.80670584507,25177.757751200388,25342.459589934653,25416.215664666764,25325.203283359016,25302.92397745967,25320.009123942073,25399.858439081934
2020-06-04,25330.535539875775,25212.630113634947,24931.142125147075,25101.023191538516,25187.441770029538,25093.882551090406,25079.095921595814,25094.707786881117,25166.516192906158
2020-06-05,25832.77150858127,25821.836950291574,25598.913670548176,25729.313045668798,25808.16386191976,25736.87809220217,25731.16921926674,25769.46525941892,25833.44018126142
2020-06-08,26033.235868833755,25980.334658750813,25687.581605888445,25826.593520533417,25933.589837401578,25868.115271411218,25850.632282559374,25882.71700933457,25951.63576216729
2020-06-09,26221.845470495624,26038.573705402636,26065.827357749396,26145.560390009545,26175.415638931147,26073.721245771343,26052.93857577664,26039.83034733814,26081.42544903591
2020-06-10,27536.545199156284,27426.239719731442,27739.866352751866,27788.79077049978,27742.62552323867,27610.07790240236,27574.59062601165,27506.018777256228,27532.556482562923
2020-06-11,26172.1332026311,25863.47454602792,26249.191069811288,26264.911643011423,26197.04642305566,26052.739484312606,25996.970036551407,25919.231124237467,25945.084754780026
2020-06-12,26380.14652560411,26181.578019368593,26486.378394133204,26592.250641630715,26536.84068814945,26398.342691940397,26344.382075484064,26266.437115850167,26287.503263969396
2020-06-15,26701.127457198705,26507.607082017454,26696.979916042714,26813.16760277412,26754.654710963718,26613.208006101253,26563.973758152493,26505.351252123037,26536.566504383805
2020-06-16,27159.657732051615,27065.51804762879,27295.607754670724,27370.350694223464,27317.03265218879,27183.777454063522,27134.758875894557,27086.929262290774,27111.95432411309
2020-06-17,28245.771716860636,28044.71574389878,28320.484529853788,28413.023103761876,28338.25933215859,28196.0500438666,28146.707429012462,28101.480476747445,28124.644614773206
2020-06-18,28322.293345475045,28197.834653866325,28434.371999249055,28562.753993969458,28507.880314978116,28362.256695333224,28301.993897980985,28249.045758656594,28268.9994879033
2020-06-19,28317.654391547672,28010.816291877014,28214.636640459976,28385.141250377386,28304.403038986304,28137.304538356144,28082.291903018973,28026.388090652086,28057.82196806465
2020-06-22,28657.259964082055,28529.494607047516,28908.515967113675,29055.188268030506,28938.892922867824,28755.77812527353,28680.16288038477,28591.2664550757,28606.903396045123
2020-06-23,28901.156592430634,28716.98775127803,29280.30290873169,29359.072469150495,29221.358997362062,29015.357285940307,28914.43690408082,28814.485089094855,28807.20937476185
2020-06-24,29305.341979996076,29067.983348077927,29658.30905592971,29740.380544894095,29606.084922423448,29393.271661072853,29279.6715191913,29159.0298197222,29144.60884161847
2020-06-25,29584.317442167798,29454.18644270634,29999.971301099606,30128.089797511922,30023.44195478064,29795.60426174565,29671.435086035064,29551.073027020513,29534.91600917483
2020-06-26,28885.677600679628,28910.0907456362,29242.23492965639,29426.742967592774,29364.80965700325,29157.400387859925,29034.621934753985,28948.293968000457,28948.02570157151
2020-06-29,29200.724756223542,29204.536271228262,29715.06750141132,29798.906183438092,29715.114077277052,29496.7157207541,29369.46409753788,29275.47393305124,29258.601710826286
2020-06-30,29773.1051181602,29734.772875772753,30192.99890354807,30318.69752527278,30230.177024610755,30017.98096011856,29905.568728775088,29816.832437382294,29804.769548792105
2020-07-01,31120.61470706715,30805.183983480754,31245.751544224262,31398.253118062497,31284.10379963157,31082.957606814838,30963.97025151639,30874.50010618801,30863.8926586065
2020-07-02,31331.819664342383,30973.8976248702,31378.875202906234,31531.441248745577,31425.912363329386,31232.056320951473,31109.775894563936,31017.309308146967,31011.142343891166
2020-07-06,32102.10292052836,31463.478410362946,32041.049917938475,32180.958159844125,32035.501675140007,31812.971077732123,31685.079154043295,31592.580638067036,31568.373470378676
2020-07-07,31880.953731484507,31174.578467288207,31731.824785355646,31897.515769140286,31753.161089788504,31528.121434471872,31386.35611108715,31288.077794317353,31256.918878210563
2020-07-08,33300.88544293625,32715.99161063771,33327.44729073053,33500.92526126029,33326.767651202594,33081.513624682564,32929.918403581876,32818.50816579047,32792.75548809782
2020-07-09,33581.39278403043,32847.939095976224,33390.48005360922,33643.41968631019,33468.81413003469,33197.31942676539,33056.014062823095,32936.46576145512,32911.48065681846
2020-07-10,33810.66394777819,32784.23756731182,33428.95371740356,33658.94508332262,33476.67863440918,33206.77242353655,33057.929708079624,32926.182907506234,32893.6339327862
2020-07-13,33115.16745933918,32035.806065549812,32854.61707511246,32943.3172720613,32784.23660895124,32522.156177440185,32363.68352568701,32217.617628311047,32169.464332131905
2020-07-14,33349.55859671224,32419.11428774699,33295.6104843581,33346.17584944557,33188.04440101571,32900.266127584924,32748.636826756047,32606.4518462766,32559.520116157262
2020-07-15,34417.43823122498,33621.59259730308,34468.09287469886,34455.70506239806,34291.608532741535,34034.61306637124,33900.809282773975,33769.62159967903,33723.1465533137
2020-07-16,34182.628188899085,33197.21710887207,33952.03648987156,33956.8811947526,33833.21957033211,33577.071669659126,33451.01035014847,33346.73791216477,33307.37539956884
2020-07-17,34222.203149413275,33394.15756180584,33948.16253582094,34042.16262544788,33938.0430476303,33704.459098075335,33585.6928693123,33496.18536792503,33472.33854559572
2020-07-20,35193.124138003084,34271.02958150835,34930.88335043602,35031.44778867306,34866.775612230565,34601.50465590326,34486.172938590535,34378.33233021243,34347.70418943203
2020-07-21,34826.38852525076,33940.44058417249,34477.28668142298,34564.97997651888,34434.87987958116,34193.097038775406,34089.86540989896,34001.68965687203,33983.027854202526
2020-07-22,35949.0646475823,35196.0190192423,35788.9268378798,35849.89109024767,35695.68072122753,35445.400088273935,35366.78959852289,35270.9381900815,35247.470684678614
2020-07-23,35010.08099969365,34330.89273178007,34456.5774570464,34654.456239733336,34581.049709146246,34378.38658094776,34332.233046813424,34303.65373569325,34315.958849304705
2020-07-24,34677.627864533504,33888.07456906395,33915.04539762168,34184.241039252316,34144.70429882806,33952.265984119294,33940.07479197905,33894.75590245077,33895.48222766332
2020-07-27,35296.39416597026,34462.40548833713,34414.59168283665,34709.73238661399,34661.77593998966,34472.826558024055,34462.79389592061,34442.175509682784,34448.51591585881
2020-07-28,34847.24527908076,34050.95832610616,34024.620638845954,34300.09544722637,34258.4147399945,34088.60447476348,34072.25205039717,34027.161993115784,34028.02059698837
2020-07-29,36248.89871619914,35633.74944428768,35432.58728509959,35759.15972963325,35717.44556397495,35527.36506651059,35556.77772129416,35539.83574064102,35546.7966578053
2020-07-30,36438.68787968165,35812.50290258629,35536.60149186723,35888.50909308517,35841.49960202347,35721.26428532382,35748.79952099222,35737.842992103106,35747.80405076091
2020-07-31,37088.947737964794,36655.440163400715,37145.2885290156,37264.7796675489,37072.93138424566,36863.30119689855,36832.34841977011,36730.29278018631,36713.44638168423
2020-08-03,37589.89990618821,37513.2689422854,38373.73006590563,38395.95596322369,38117.57367829869,37881.452697238536,37811.53430255165,37660.75763230427,37625.03567202391
2020-08-04,37729.434608957075,37636.169343274916,38350.39152091254,38415.873449463485,38179.86623291761,37946.71924722047,37909.41525887081,37754.697670354115,37711.45948649533
2020-08-05,38822.92974126569,38801.27421625157,39546.07344741492,39613.63200687195,39374.41285442523,39119.155852613505,39069.885052289435,38916.858178800554,38865.08465160485
2020-08-06,39337.14468930658,39268.92262697351,40454.14106546519,40460.82553367519,40137.871298152175,39838.1278991799,39747.97345550884,39539.84319654135,39438.61572184777
2020-08-07,38883.095353318095,38634.32896243392,39701.32185041784,39700.6706961343,39443.431224278436,39179.94495048095,39111.529275081884,38907.65473803993,38812.84080204869
2020-08-10,38716.9426365906,38512.004778057766,39695.78075989465,39629.90950119619,39381.811994275624,39092.178536061634,39014.42934387572,38801.29279961653,38693.36005227269
2020-08-11,37983.60405856204,37830.287019576834,38843.56769366868,38786.697548698365,38606.40228699732,38354.883164067,38260.633692720534,38087.79494879029,38010.877197987975
2020-08-12,39938.95048503682,39659.82498059987,40873.11854560942,40796.67559559461,40551.18509754401,40298.39166935486,40211.417957356694,39996.45955965821,39886.8802697831
2020-08-13,40030.04441494518,39756.54844767637,41126.03468866057,40867.218965063366,40592.19612616692,40336.26500952883,40230.040525065764,40037.26010608808,39936.9066647782
2020-08-14,39983.027593818886,39658.51616612635,41128.07263177552,40853.95102955174,40571.498829015174,40310.08415734065,40209.497519590994,39994.14427782682,39885.97810512045
2020-08-17,40447.25136305876,39998.39243258357,41255.6932499596,41128.51186656947,40840.46554028232,40565.27272722574,40460.5848362819,40274.54300791814,40163.20348508766
2020-08-18,40836.5705187125,40117.3491258436,41485.768915611385,41384.82272343332,41086.18426018372,40789.875089106456,40657.660600344716,40455.73364124063,40331.91086340759
2020-08-19,41561.853703530265,41054.600820513064,42450.32952430635,42326.738970231396,42032.143466295056,41723.85707092739,41581.99766114144,41379.82178242237,41249.31962627246
2020-08-20,42138.38061314414,41583.84213999211,43352.425129280244,43192.224351525416,42803.373521741385,42452.47263528677,42266.40651806328,42013.72197639197,41853.3104272618
2020-08-21,42430.41525012159,42016.61540632334,44303.15001302308,44008.60417084527,43537.995762700186,43148.27000354664,42918.887758624944,42588.78531474514,42387.32009643282
2020-08-24,42695.354478545196,42358.282321736704,44691.22663137701,44357.02125802389,43895.30910371631,43523.59624544977,43295.48384922087,42950.82227229099,42740.95404156731
2020-08-25,43031.03013973187,42560.60460095915,44779.31036168531,44520.56937799781,44055.22448161453,43705.18837506828,43507.81768736424,43160.23356938196,42950.30355789871
2020-08-26,44949.2856363632,44440.877715282615,46462.42945474455,46630.90299451257,46078.15470636463,45688.65450012126,45455.022989666046,45048.040910919575,44826.82722783885
2020-08-27,44809.1783541521,44413.47821816449,46628.75897464186,46703.70259099729,46137.20588934851,45759.416448896525,45494.82094513534,45051.03479767628,44812.86364454477
2020-08-28,45037.04492887503,44842.51626518333,46973.7179244852,47062.21938618479,46504.39873143974,46131.54395039123,45882.912843001825,45486.153165063,45246.15472926642
2020-08-31,45398.847602196314,44979.566031576214,47373.78564227803,47416.464298765444,46785.11337119668,46384.198320427095,46135.2191674919,45693.547710901104,45448.43079642351
2020-09-01,46174.776604217914,46050.08516560021,48413.56647771624,48461.97994076323,47784.921186069376,47350.59623446869,47079.731118263175,46606.04249311965,46353.125430778564
2020-09-02,47612.02053714578,47379.057757092094,49389.31805931867,49561.488098411384,49010.09155500854,48617.46539640411,48375.40262995813,47949.383660109714,47713.169301416565
2020-09-03,45198.09306851491,44577.16005808325,46086.3177866794,46386.401295373274,46000.42190410568,45689.08602583412,45474.20597894838,45111.745449040725,44894.55175089021
2020-09-04,44595.778208458585,43868.61767940578,45708.20003389373,45801.64783339675,45422.66869308734,45109.056500233164,44894.04081566131,44512.88020493477,44277.3241627041
2020-09-08,42452.33788098655,41957.26364985675,43228.76031021402,43402.89048233031,43190.53147384389,42943.12382780532,42747.48947299296,42423.885219519616,42240.41433495525
2020-09-09,44699.40241523138,44281.91242041057,45860.23470147857,46048.23244404867,45777.50193612722,45488.813846923804,45251.94296922317,44858.01315041012,44645.211498848366
2020-09-10,43808.244596817436,43347.848236846265,44579.81136993869,44862.45693823171,44665.33269932571,44401.05031817488,44186.528185786876,43835.084019630754,43648.555585234084
2020-09-11,43504.2102348853,42999.92434363763,44176.43698677845,44439.66704698361,44280.53565515473,44027.12957083051,43813.117319797944,43493.6260831389,43304.41421638091
2020-09-14,44261.86040699504,43914.62704157316,45070.468638376464,45406.76934332766,45218.893753539145,44938.15298589906,44741.79747663555,44414.64731411321,44210.773491223896
2020-09-15,44889.21159114443,44394.238179462904,45391.1784071836,45779.45515331804,45605.70957116015,45354.99844616692,45171.426760414986,44863.14102724964,44651.048677967745
2020-09-16,45173.38076328172,44729.381519854054,45509.78414980214,45860.37602316005,45768.29305367905,45540.2498249842,45383.47276001914,45133.2574677016,44948.742153630155
2020-09-17,44467.694080675275,44328.40150010016,44989.45754116735,45346.3930651075,45290.95165119524,45091.13898081262,44968.76512379142,44726.42850767511,44556.91223707155
2020-09-18,43900.15984710759,43677.721281265935,44034.144058203805,44465.014516677256,44455.8725687836,44253.87919923274,44152.964654609445,43957.73048495223,43821.385248522034
2020-09-21,44005.42653231449,44080.182427342916,44653.61851457213,45080.869881554325,44992.29841107305,44753.328162452526,44631.426535880026,44380.64954962913,44223.96797093857
2020-09-22,44823.01009444878,44811.63992234529,45480.98624339382,45875.28798423298,45761.69716354206,45520.528628180604,45384.87501506582,45119.616417039055,44957.6240368413
2020-09-23,44454.35078111997,44472.09157674265,44836.77583393113,45219.016351289225,45163.43688195103,44955.58757956426,44853.09697241892,44644.34190161032,44515.397189119816
2020-09-24,44661.34504439957,44608.82619974753,45309.22376258384,45611.07365502242,45465.57816224462,45259.67440652118,45145.58609354166,44931.061720003236,44781.944833287664
2020-09-25,45699.67316830539,45732.7641217431,46560.77225228826,46856.91096982974,46623.4132812913,46411.30607886272,46283.565706193374,46042.01993321387,45885.20746948694
2020-09-28,46648.803841365436,46580.22622745619,47377.91257276521,47681.960669182845,47475.87793132494,47269.85008590745,47136.13240486178,46900.49377067026,46730.4449124766
2020-09-29,46438.45277057801,46452.51131526945,47007.61620560089,47433.37173958332,47249.15101577316,47057.82943957375,46955.775548664045,46748.81354261391,46591.73543466788
2020-09-30,47756.51427181062,47798.10489442989,48638.03653369276,49059.7337342985,48835.03543986636,48603.59863594947,48447.13900666385,48179.890550029595,47999.1547857432
2020-10-01,48514.51761190426,48393.55117005118,49128.64181696001,49517.9728081467,49265.180056354584,49033.80980991723,48897.406735742516,48662.33631547895,48497.365314034185
2020-10-02,47149.755155651284,47279.38521525372,47745.86420548868,48114.208345954525,47910.15957556448,47713.30828079824,47589.37302595769,47422.503638595896,47307.621353588176
2020-10-05,48155.28065766707,48353.65489720727,48890.55757902748,49244.435361162825,49008.225110861815,48806.88166834779,48683.08942271717,48519.85105405276,48396.6591161625
2020-10-06,47295.85919507537,47687.613923626275,47769.529131578376,48271.93352302925,48109.22999110572,47944.11351060419,47843.7545792362,47718.501807681976,47631.72355473437
2020-10-07,49114.03420881184,49590.0006511307,49613.055874785074,50192.09382760324,50012.430148732994,49841.53234632449,49734.33975634617,49624.3798739901,49535.21183103666
2020-10-08,49375.46437884948,49807.71779647109,49696.59385547179,50247.37947275113,50138.64997318664,49982.24294079107,49900.32671948445,49822.86696495584,49737.10801457516
2020-10-09,50129.92010123734,50648.8057914642,50626.54049130483,51108.93159389062,50951.099537236834,50784.53052939048,50669.19366541456,50587.187756514744,50498.82168606912
2020-10-12,51677.46867769045,51925.328077138074,52612.635665993344,52896.62399199455,52604.57308692059,52355.622895727436,52191.671608259036,52028.99705065164,51901.12375330944
2020-10-13,51675.72152057326,51673.14670751305,51975.31772497586,52411.87933975013,52168.13384019818,51939.640343374245,51806.17467291786,51686.998742839554,51578.71491811292
2020-10-14,52244.06832854608,52383.39193297186,52743.50178451988,53101.888129035615,52875.03129148093,52658.287758159546,52514.80485531297,52402.750182695876,52293.59477227154
2020-10-15,51893.461400272965,52185.402761324636,52461.48993955891,52799.85719542308,52585.1443067537,52368.29780895472,52230.4598864459,52157.20725503773,52060.70601888614
2020-10-16,51609.049186724624,52019.32821677812,52142.5557446211,52549.721244356624,52377.23547025595,52183.40900243405,52052.39238161895,51987.99208101763,51900.777801020544
2020-10-19,50766.5226767552,51224.14614268116,50938.98947082609,51398.61753028509,51288.934289292,51120.92655360339,51016.449808135396,51006.32843141047,50952.60154759996
2020-10-20,50875.64273570308,51289.61593935137,51262.92168399804,51690.212083794024,51532.30509861421,51336.669458995304,51231.750072765695,51189.61892645816,51128.205391094765
2020-10-21,51836.28555011583,52105.981514305844,52171.16696020395,52659.538499508344,52487.51294400502,52280.65720167554,52154.802672834616,52090.30313003933,52017.41609259963
2020-10-22,51834.45196118644,51899.22422238333,51945.465285561106,52286.623077018885,52131.66978322405,51959.14450892538,51860.115503495406,51820.65315674547,51751.90745469277
2020-10-23,51936.60823496611,51868.300971980934,51667.381298646986,52065.75518221828,51958.14133238422,51829.53707934411,51741.21947515326,51737.23380359211,51690.50241649167
2020-10-26,51157.759624193255,50748.21334759761,50856.38243498123,51089.818510956684,50902.39372660314,50765.18015378927,50679.56886477484,50644.76565522196,50594.13806508113
2020-10-27,51557.22254066793,50976.15229167388,51352.08185666977,51590.39136841526,51342.39039980002,51153.003073241154,51014.57841016865,50955.56982868581,50871.63776962581
2020-10-28,50547.176623841464,49941.14429123644,49811.723483354,50091.207820999836,49950.7757200006,49844.71488207173,49755.19600334572,49765.252074450385,49714.42954026475
2020-10-29,51431.056697217806,50648.84238926331,50971.01892003202,51123.92074063517,50975.66829869996,50851.104138489776,50761.736135021376,50745.991245925296,50657.38789453779
2020-10-30,50126.621968440006,49504.21947174598,49282.71747171276,49524.4658764032,49513.6057555709,49434.45721579427,49378.39781496112,49400.65815880255,49337.878968149475
2020-11-02,50238.27536472746,49607.22394480478,49333.351493949194,49582.63266288718,49612.444005623416,49523.415140014564,49465.12530275902,49521.00886758822,49469.70310531179
2020-11-03,51107.26714212342,50505.969975115724,50207.40809846879,50428.486436898325,50397.610990368004,50326.29178323198,50285.50941199309,50379.57147586388,50344.98069740355
2020-11-04,54388.623499995316,53502.822813032006,53327.42341901266,53637.61285131207,53471.169398357204,53370.86244257486,53322.816610938695,53361.00603841139,53328.46933946816
2020-11-05,55806.58839204143,55205.8943142186,55013.51088037823,55294.66568555335,55147.89108852878,55076.8901563998,55033.1728991285,55070.28519059894,55011.77809150845
2020-11-06,55848.278612917704,55463.21300780773,55027.88512272421,55360.86739658443,55225.167213104476,55171.53677854822,55168.38664107979,55297.147498755454,55254.025122548876
2020-11-09,54707.097955718986,54884.24192100766,54594.7053109102,54649.14271017277,54538.013602402694,54562.5610467332,54609.84228702535,54770.48624978776,54722.74561655574
2020-11-10,53727.045178198474,53749.97931591819,53709.301972534784,53618.024933110246,53538.19687744515,53562.90485376984,53584.85778827407,53704.83346693124,53658.895153761085
2020-11-11,55928.88849256702,56063.68806396979,55996.1162859009,55997.942082267735,55910.014026504876,55935.71925282684,55945.5791317491,56060.26684779928,56010.34477167289
2020-11-12,55666.37093498944,55627.58892422846,55660.36891332643,55590.79220061486,55448.77748174676,55462.38818002663,55472.85942178186,55571.054703289185,55527.448827360044
2020-11-13,56154.722906872084,56065.40432263197,55889.36954515294,55909.29805045588,55796.684924297064,55829.326843832416,55871.00619305437,55998.92415944167,55960.805385784784
2020-11-16,56592.86436877644,56616.979248219555,56275.121256310485,56306.978970924436,56240.31295945474,56308.414134335966,56392.42601357568,56555.014638350585,56511.286166984726
2020-11-17,56413.36591422045,56453.23505394767,55770.39919981772,55932.89767160821,55876.568733736516,55974.01128262389,56082.410963453796,56284.73210383755,56262.67395762625
2020-11-18,56996.45210624907,56865.47658586459,56143.14178978483,56340.25077121069,56285.130652057094,56374.78676522674,56491.1000515467,56681.74010922788,56656.58670606383
2020-11-19,57442.436650407,57488.313878834444,56394.223566133805,56653.28735401496,56632.41584206094,56756.44839059947,56918.823680404304,57174.60377393738,57177.41777388462
2020-11-20,57049.478370530094,57026.877502978394,55686.094420864436,55949.71735282278,55990.57450452159,56098.26240920823,56281.565367452,56569.4000019667,56599.08793090842
2020-11-23,57051.47197920123,57063.714299676445,55102.20534824826,55575.09501950591,55733.08052689036,55855.11834152824,56113.24269564961,56501.196395778854,56555.37227059095
2020-11-24,57853.045509235264,57740.95833406153,55900.1556880791,56332.864472790585,56529.144146537765,56644.99598840197,56895.4933590526,57254.93146167994,57282.39522870046
2020-11-25,59208.646916349186,59011.16160674504,57131.04300063153,57541.41908012121,57706.97545388528,57810.535919986,58053.180515267064,58444.55412585545,58470.930040971034
2020-11-27,59754.21021611522,59448.42872183655,57377.30371224532,57779.241623846225,57943.933564731524,58053.22735147721,58313.49661784953,58749.870729598144,58793.1586137019
2020-11-30,59876.11543838925,59848.201407098626,57832.739473869115,58209.011830367446,58376.98267037532,58492.9133125137,58758.463363437564,59170.569292424814,59207.98881548228
2020-12-01,60643.49861014099,60344.37297889424,58948.78780817236,59142.101931223406,59285.5992745618,59391.29120116946,59652.00508767101,59986.92244690699,60000.99681039108
2020-12-02,61721.42900460502,61271.20649001351,59975.52094836804,60011.54125972229,60147.23573616493,60232.374124163274,60518.10955361556,60875.434221824275,60897.03134949677
2020-12-03,61808.77866096863,61309.28849444258,59762.58385406137,59875.06378821344,60011.42366769381,60110.12272971475,60411.44763530327,60821.209350643934,60872.85585067883
2020-12-04,62060.656207896696,61996.945127070976,59872.245203103135,60100.72664129815,60382.98053293997,60555.890335017546,60911.58506711093,61381.53070720328,61451.35092422396
2020-12-07,62412.08398070178,62151.15451892964,60106.27787940639,60313.58342482894,60567.04712732811,60742.86883585199,61091.96876407455,61563.152148177905,61635.235656385186
2020-12-08,62623.359316559705,62432.3940627432,60405.163561352565,60529.56221597773,60764.12894634924,60945.33477351032,61296.29244966019,61777.289818949546,61875.95551534597
2020-12-09,62205.4926052926,62151.44292992957,60236.47815653595,60349.008095151636,60634.73683168474,60810.83629119563,61138.73074623149,61579.57732818039,61663.653866262786
2020-12-10,62455.272422871465,62426.19463684495,60363.66801918025,60465.5948998129,60703.7847093074,60877.802737425256,61222.25302876413,61688.91916600023,61798.131459314536
2020-12-11,62316.961245959574,62315.57120025905,60337.3033032479,60425.90355753022,60606.74568820197,60719.883440920865,61065.919844271164,61543.81005075522,61664.39093908236
2020-12-14,62769.101024964715,62582.95502842942,60404.714734210516,60632.63483713836,60824.67197379391,60920.39850717491,61278.78576735542,61781.376360116716,61903.26269762756
2020-12-15,63440.060010815454,63622.99543603955,61888.4824526042,61853.00739743424,62006.90462796391,62042.325390258244,62384.504484636076,62846.21943227805,62948.936927113
2020-12-16,64788.947719329255,65085.861951865416,63346.288996825024,63353.107538735516,63521.59137197884,63557.63851779766,63889.09998537082,64336.20362467738,64437.67544542249
2020-12-17,65212.513810588935,65678.81823719807,63683.081295407675,63753.124934773325,64004.22517211332,64057.68918913822,64364.489586536576,64840.58579647632,64969.17999682308
2020-12-18,65015.406435163306,65502.43089050404,63031.68980967236,63258.53995218771,63658.142000986736,63734.04100105801,64049.05550716402,64607.98034714502,64768.9811268412
2020-12-21,64893.79192692635,65676.94752529582,63634.404218539574,63683.2843440039,63949.003692202416,63919.0040775986,64200.55430848251,64697.24979069791,64831.45883476674
2020-12-22,65070.23139824325,66386.27396848406,64524.24036331743,64504.18789618295,64711.08195839761,64611.16146840683,64845.391864565456,65340.29060007769,65487.09467016857
2020-12-23,65742.53442087854,66782.02808529056,64961.95096567117,64890.32862695042,65110.02916847962,65028.47556646279,65250.62406904938,65721.82346660951,65873.02171892636
2020-12-24,66032.65230118147,67225.92273163624,65547.83834351787,65371.184028953445,65566.03010883697,65521.92773178626,65755.77163076964,66210.51455816232,66350.85364684905
2020-12-28,66698.16260648498,67698.36491757998,67077.74322338079,66575.87088035762,66627.57136161899,66485.02285488429,66664.15603391484,66976.33912692554,67052.23009546344
2020-12-29,66757.89315425094,67250.69005849343,66718.9692584977,66271.44560725756,66309.84494625038,66183.56767009052,66352.45051668266,66611.09384198746,66665.48773834946
2020-12-30,67760.02686888265,68340.22141288228,67392.92748501379,67000.14081071308,67114.82153638887,67006.25736483783,67238.28571123685,67580.66037648417,67658.97688182221
2020-12-31,67926.72240348272,68400.15900868269,67270.334818138,66962.1428864997,67159.4051359386,67097.895357841,67359.73226244231,67707.18081718191,67788.02564965255
2021-01-04,66967.61505073801,67263.35770082899,65911.1286946252,65718.37896159326,65915.0211920361,65836.88844628852,66115.77917610102,66501.01535968602,66579.42402766203
2021-01-05,67519.70519590612,67816.28752880837,66273.66349704962,66115.55841614984,66319.46122437408,66228.75254570856,66552.81906887583,66989.33011451882,67068.9615484657
2021-01-06,67734.39294754715,67841.06257163397,65666.09554261122,65521.3260954301,65924.36881743683,65897.68768430318,66278.85390722053,66846.01511217904,66969.60924674367
2021-01-07,69373.0116278247,69772.3651677879,67548.97883289534,67370.28643707534,67732.45172643135,67641.98518259966,68036.69818880512,68668.8530871725,68808.88723190504
2021-01-08,70265.04344599565,70281.72564914096,68021.70842238513,67884.44189541794,68262.8259884804,68199.29696511303,68575.21398476443,69184.9989765062,69330.22027969128
2021-01-11,69249.68086567266,69681.89186161895,66954.81274112394,66943.40960250341,67387.80420254916,67358.20259528357,67784.80909483132,68452.15590785933,68631.37477108408
2021-01-12,69139.5894308,69579.63013759887,66542.82438563062,66597.3160415288,67078.95207596546,67008.20722394258,67453.70033821788,68196.64883841554,68401.5702879591
2021-01-13,70756.49637285229,71077.74323707804,68558.40317709121,68594.22918301757,68990.51318991689,68843.92808438173,69218.23007869243,69859.19650224512,70010.3377144674
2021-01-14,70378.13060714585,70633.95584718179,67343.02450367954,67486.48874971796,68016.52524807428,67938.9997578403,68408.25316742067,69191.02872108418,69382.25237147574
2021-01-15,69820.64901142858,69890.30766715175,66694.20301149045,66812.93522766697,67339.90451505549,67285.50772190122,67733.26796257377,68499.69053120083,68704.0134422941
2021-01-19,70839.32879009916,70761.89552309374,67332.95986918898,67448.72342762578,68065.33189725729,68047.06470923929,68560.69892754134,69353.13742647195,69556.48487575154
2021-01-20,73637.11106393678,73251.2416650419,70643.58293836289,70543.7000292582,70973.57125692046,70893.61213107196,71311.13231548088,71956.10378112776,72124.15428128802
2021-01-21,74226.18711137664,74100.16597742971,72143.64266510188,71941.69124525484,72240.14970893925,72082.70711433237,72463.62272690484,72958.76540011173,73060.886793081
2021-01-22,74012.39388687878,73882.85729328501,72422.91130352023,72069.50875379839,72214.88761096651,71956.14343743137,72303.62444994733,72776.01361658852,72871.45660414654
2021-01-25,74624.19129547206,74380.43054921705,73709.93786441833,73057.72762582752,73079.72274223444,72768.8636819789,73078.37155556091,73435.33698381632,73493.85533078713
2021-01-26,74733.36291450735,74142.83715027907,74029.75136424828,73249.58466557419,73245.98276471336,72922.72793059674,73178.62839279571,73403.69716245959,73425.1911125344
2021-01-27,73800.0308324015,73804.13447587518,74501.04710368587,73540.56165775424,73371.74886983758,72947.28133100206,73078.52250754237,73100.38824059881,73107.46844746576
2021-01-28,74236.69669925522,74196.14069124447,74153.2064760651,73437.26690854285,73384.62311415243,73047.73098623821,73274.26640187716,73446.34848992224,73466.4659675688
2021-01-29,72674.88555699761,72475.5246029286,71821.73743909484,71393.60595742069,71477.44433745123,71212.56560269414,71442.34681033752,71673.62059736143,71735.73238278745
2021-02-01,74490.83584008898,74295.160782222,73478.96624654713,73019.43339956805,73163.65360522339,72925.09788514346,73187.61353249825,73465.30407531222,73537.52383241236
2021-02-02,75706.08896921363,75479.37342900089,74051.38037899772,73801.2020539893,73978.04329528466,73793.78947014421,74104.19563259743,74471.29582302274,74564.79672299772
2021-02-03,76555.73674709056,76350.84922611217,75232.75310739208,74977.24832045377,75028.49876485247,74799.23933209635,75053.78882986834,75365.92549030804,75445.07987773608
2021-02-04,77461.14281906374,77632.75160119997,76411.36715051586,76329.82955736727,76324.32050766639,75984.74324044697,76273.02732509177,76597.89028805778,76670.88659708881
2021-02-05,77723.85772100514,77647.41479312102,76245.08234206449,76230.4793832681,76194.04896150957,75832.41836018523,76104.1387945972,76452.5058631496,76549.80065430772
2021-02-08,78244.56539198363,78537.62035653458,76413.08980288997,76707.6297774071,76766.80219094621,76413.36172405026,76782.56411403566,77249.52274158745,77355.05981880937
2021-02-09,78228.14894875203,78562.77051482956,76216.52495705323,76501.23612362445,76592.69671140052,76232.80431352234,76592.49028008743,77087.13957126856,77224.95693053814
2021-02-10,79199.8921323453,79572.42282072801,77187.08063976312,77490.92661238725,77569.77296724057,77244.87558813908,77603.08034270827,78119.39613460944,78278.09987583656
2021-02-11,79635.44952148809,80439.55642985372,77672.64749071635,78111.77813341781,78202.28644004834,77881.04458177916,78324.7637487392,78945.97721127054,79114.6192748834
2021-02-12,80080.55277722857,80892.2523686421,77752.6811414516,78274.37302133579,78439.05786016794,78141.47947752944,78635.51960015115,79333.70316587697,79527.2434509814
2021-02-16,79863.95698902156,80579.84347364472,77062.82286823577,77909.24739990935,78128.82135415215,77833.58270611946,78340.08114394541,79074.26369553551,79253.42495611536
2021-02-17,80630.73287954266,80866.94733096137,77542.7610022516,78275.20103137358,78505.99004407786,78218.5573297389,78702.3207783435,79392.62789165389,79576.18040379233
2021-02-18,80278.2236372507,80496.09446330972,77223.58265467605,77915.99879964607,78142.63086497014,77885.73390498274,78398.86900502055,79062.13048844086,79262.37737751116
2021-02-19,79928.11443843174,80593.11992286975,76837.14992690214,77508.6643385845,77773.92566365897,77508.40200845338,78114.44870667969,78924.2554243478,79178.44297738856
2021-02-22,77856.39691253538,78631.17915863993,75059.3146086094,75662.02818399359,76029.71068479941,75809.76920196097,76376.08241864157,77102.65894181862,77333.50765695018
2021-02-23,77624.56795141453,78182.74686235275,75082.99743712605,75528.10721014062,75869.71668200186,75650.79303925393,76244.18720118025,76894.33031703532,77098.93259865901
2021-02-24,79414.4500180597,80408.576347951,76781.19613742971,77365.24382070526,77797.6048380702,77647.69339122724,78330.03324625653,79028.57279993648,79250.79012080323
2021-02-25,76645.84366754652,77422.93396846867,74313.24138705929,74756.75324115371,75198.70105367777,75045.92372363311,75649.96039591379,76247.38922162606,76458.9039125077
2021-02-26,76966.80968436228,77976.3198720413,74814.4716577886,75102.11923520881,75545.68028031135,75378.27016946969,76048.27227575443,76701.08237736915,76935.40868505572
2021-03-01,79282.14701570474,80548.55645580207,77479.42996766766,77616.2652258769,78066.5498145696,77861.11063971049,78545.76392221416,79233.8749005172,79455.74707283663
2021-03-02,78010.55226794958,79124.65930591221,76229.84634440174,76368.18996489105,76881.46886492733,76690.52006519676,77334.88960895037,77969.0690948963,78162.67862614513
2021-03-03,76896.67340582199,78102.6902405166,75598.94801978437,75587.23373385855,76115.58380685745,75932.9536997999,76561.24502587519,77096.1493050187,77263.02174103654
2021-03-04,75638.11680514755,76111.38479216184,74582.39452123523,74376.52874311467,74718.41841091885,74480.18068418313,74992.77971903136,75367.60453821908,75451.80673466098
2021-03-05,76777.2660863412,77343.45300486345,75870.52415780892,75679.06306593644,76092.29313280861,75851.52809141426,76430.21537591504,76799.86016683749,76870.26924983636
2021-03-08,74603.3998752758,75347.70034163116,74036.72293034296,73820.8463778379,74240.2745186741,74019.5783530329,74529.8835274116,74814.43179440984,74904.45642868393
2021-03-09,77545.82414818137,78231.4346522551,76456.4376875189,76346.60188582721,76784.13817586732,76531.19147005,77128.53367144518,77532.72692549942,77622.98095574965
2021-03-10,78474.48815392099,79048.4345088673,77254.95370155059,77212.4917602792,77666.18516987402,77419.53465427374,77968.43877846263,78336.77010189292,78430.27547610503
2021-03-11,80281.85732045757,81001.55114246692,78626.18251316792,78716.36213521028,79135.08432692027,78925.61115938166,79546.23420495834,80028.51305835543,80160.4713899339
2021-03-12,79630.60320403823,80411.3492461243,78087.6591153294,78125.20018927762,78551.9575160112,78349.62571779199,78958.5303517327,79425.54477617284,79561.37028927241
2021-03-15,80481.27511917427,81402.56190849314,78877.14032056904,78902.89552773324,79378.36534770958,79169.54717947783,79799.28852569517,80346.65201117127,80499.65525569925
2021-03-16,80923.01947526267,81839.57581006964,79768.38115866987,79706.35123005135,80116.41835340069,79872.54707020009,80517.63065154389,80980.86472920777,81079.49336019842
2021-03-17,82406.22147861453,83014.36450359604,80562.97441302548,80597.10623015501,81088.8401122253,80828.88935586718,81518.27488999181,82045.76053652597,82164.08065692782
2021-03-18,79882.07327822075,80353.06854603585,78160.24993552115,78204.72731595917,78798.01806857894,78546.22130205642,79155.12242800219,79595.52633948628,79700.71260699327
2021-03-19,80163.67946631997,80305.0792313172,77478.35862913061,77751.63348451896,78459.28925180044,78255.39048726088,78890.6773670612,79402.62762871402,79553.05890250258
2021-03-22,81667.02240054496,81771.63066486357,79324.21343270528,79565.18763993747,80161.03999355622,79888.4510570404,80505.47735349998,80975.98485684817,81094.4599385398
2021-03-23,81310.69496979871,81154.87615628228,79120.1702480071,79350.70740599261,79920.3214815548,79639.11272113501,80159.2008121817,80527.29431074095,80600.57870639693
2021-03-24,81089.39456879624,81059.90840699722,79229.05360858711,79312.55618683399,79925.78966803987,79673.52393391122,80243.66299885503,80610.89686390606,80671.07077439774
2021-03-25,80948.97908207947,81078.44755816317,78958.37481673682,79081.51763284937,79802.85330755981,79555.3198924677,80128.26745302118,80525.57795755588,80600.43754238755
2021-03-26,82163.23380308338,83011.96808848699,80069.86762676392,80483.0352640381,81444.18003522613,81240.17113484554,81911.84322031871,82421.227895794,82532.81486111267
2021-03-29,82139.81483360178,82387.48176825895,79956.97677354714,80358.06040936935,81248.45046166616,80998.05475112985,81606.30456750903,82016.56497783324,82095.01072267281
2021-03-30,81726.41839891105,81865.1441175683,78932.3063160457,79422.31332440145,80310.21516745495,80087.31799977052,80734.47380431689,81240.80421284132,81351.45596167228
2021-03-31,84127.07986638336,84370.85621420333,81282.8990547126,81774.69030932266,82595.51508483649,82362.5424627765,83070.1084166797,83654.44165933355,83781.83507906387
2021-04-01,85561.13810234808,86131.29084448057,82697.5289421762,83221.16072641122,84071.18763520187,83874.50283519349,84683.92510207655,85347.26767462381,85485.58208125006
2021-04-05,87269.34365710875,87656.37484180403,84626.61775577527,85039.97724990356,85912.14587757362,85672.79639637275,86454.6224682235,87079.19171935502,87183.82032377442
2021-04-06,87208.72203265788,87498.68880249535,84517.3671587844,84913.21191766439,85739.3255708688,85461.73081932783,86217.38985965884,86807.9344227639,86927.01006080513
2021-04-07,88569.60586369266,88964.06088111272,86542.35505477834,86860.53265898992,87599.67631282171,87288.55077133504,88028.47553057756,88528.58434448022,88581.80058900572
2021-04-08,89493.69521376045,90318.37848581422,87914.3228365575,88225.99270635327,88922.64056116046,88602.62262156786,89352.99674567093,89875.15319086541,89937.84764183548
2021-04-09,90035.88688838763,91069.42470129667,89181.88370738144,89451.00865511726,90047.32662121546,89685.38637392053,90388.62227135425,90825.01701883167,90856.03750985104
2021-04-12,89918.35983993973,90769.0092279958,88681.36267658276,89072.77769282606,89662.22040963819,89276.59765043581,89952.61388885262,90372.84176172625,90422.87824962527
2021-04-13,90967.9976720421,91746.56467307165,90017.39073505909,90397.77985696626,90822.70539599695,90374.94745871637,90996.48285749252,91378.73290923948,91408.2796620313
2021-04-14,91025.64339140624,91902.30274118953,89987.08895030682,90312.27938139133,90802.40583009564,90381.33154779859,90992.21124084236,91384.96843782096,91443.53953022677
2021-04-15,92405.16699559407,93464.51214099329,91689.00596869204,92101.25578510278,92514.20760314725,92079.03057541631,92672.72070058162,93049.81972573795,93120.52030380706
2021-04-16,92513.37144424852,93319.6472874667,91679.21133770284,92074.50636409542,92495.47687173053,92054.8625064334,92628.86843576032,92959.07394256603,93030.21815285979
2021-04-19,91666.68633869356,92438.33778655498,91399.33979554976,91625.16455356483,91921.7666109862,91427.90866714624,91941.39844925574,92137.74448769251,92200.05765695965
2021-04-20,90998.57736095812,91501.46065411731,90580.0995698763,90758.65227499788,91141.9818587053,90692.98683873401,91186.66340066023,91348.55941063387,91408.16815496315
2021-04-21,92927.60165275983,93614.88210470328,92430.62327259888,92565.94663862414,92929.10501225386,92537.91336539038,93109.33518301391,93355.29303585445,93428.43602533451
2021-04-22,91807.41617621986,92744.61315011731,91368.039345512,91499.65804457343,91833.08401186334,91454.96030894281,91977.93120821391,92242.86796394127,92355.05770981056
2021-04-23,92963.19817070008,94096.4676855514,92694.75725323535,92696.66008606927,93030.76885192524,92660.01768999781,93207.70046071427,93522.20679609217,93650.56109138837
2021-04-26,93568.50297516093,94859.18476661912,92914.96575031408,92963.89659062175,93337.0103010141,93012.52188684228,93629.47502363825,94051.48942950681,94213.35923734088
2021-04-27,93163.17395334797,94526.70606980134,92825.57396428415,92800.62733027918,93161.4974953832,92831.24894898594,93450.3856825016,93793.3774679949,93949.35473877161
2021-04-28,93998.17411685143,94928.67726786277,92950.05572015046,93123.29625561184,93437.26698582292,93130.4715229714,93719.875474291,94107.58378218024,94271.04617109097
2021-04-29,94336.46612510344,94636.67971015912,92682.87674828163,92896.3970503043,93408.77483862269,93080.11852759005,93654.65268421893,94041.16025907431,94189.54982110398
2021-04-30,93718.13268403937,93275.68951409019,91706.72814945494,91821.91229608921,92276.5286523484,91933.27610420289,92469.35155754913,92749.97140467257,92877.33766153091
2021-05-03,93219.03553188598,92902.02519641197,91885.87603569172,91801.06452519902,92258.06457600629,91878.31888517794,92379.93737788712,92578.9344788153,92669.43418984617
2021-05-04,91541.49585766395,91018.89774572627,89698.55831593736,89638.68654558904,90301.67149973704,89975.5018273215,90485.2938039336,90713.31939482961,90819.95367318063
2021-05-05,92383.68359845702,91896.7012699615,90593.70133456828,90539.07867561917,91253.92028136962,90904.92633422867,91425.31095785707,91677.44701827664,91790.90807112063
2021-05-06,93080.03368483853,92458.01516450195,91740.93742305342,91656.30674657096,92366.52004036371,92009.82355533092,92493.11694990408,92595.09316791157,92624.48876714808
2021-05-07,93835.33320035844,93345.10897473391,92421.4169656031,92366.70836788537,93088.46702093925,92711.25792439077,93209.27140963661,93375.51728857314,93413.47727648276
2021-05-10,91465.56968843905,90931.90887463216,90155.16069018126,90149.75932467163,90867.4830711073,90476.33597851687,90861.07939937235,90941.57383436574,90988.22233308651
2021-05-11,91339.23810636031,90851.708735496,89714.25751178648,89859.74364001144,90562.19986050611,90202.02063699895,90609.20419842929,90741.8756376473,90810.53258250935
2021-05-12,90125.09346077278,89327.92745091638,88432.55918342073,88552.41436634325,89211.55197081032,88900.48563895262,89224.12813891891,89260.75498681427,89308.70455772037
2021-05-13,90821.86627952196,90343.34724858339,89818.53058263089,89784.28680276818,90490.94162161417,90150.9899751394,90456.62531731944,90412.36382936109,90428.87594180727
2021-05-14,92826.91994171806,92435.17554663942,91634.49864944186,91654.90873156133,92337.9535926088,91983.49632295474,92324.91614428534,92333.94690559422,92381.49201696686
2021-05-17,92263.80302635314,91739.5755339237,90819.80745113056,90899.99491103385,91622.42280729949,91305.37137903614,91648.31998856133,91646.91174819903,91711.77301471784
2021-05-18,91640.95683656812,91137.94062703228,90002.9941536996,90152.69176580368,90849.35502902631,90556.7056794973,90896.6634052971,90907.43674719919,90987.65776960201
2021-05-19,92896.17321598252,92607.80050974998,91151.8043114065,91400.40466507559,92162.18171782352,91893.66026008954,92267.93495404292,92347.93554880943,92446.18064393915
2021-05-20,94693.13265002151,94440.56486146539,92773.51908345545,93051.08818443478,93797.3848468834,93546.198436971,93959.2947408382,94104.60915259138,94221.72542580203
2021-05-21,94169.03271660693,93988.16970331929,92088.88120799745,92483.90074994588,93269.55930223211,93038.77634520456,93435.27915726343,93580.73944983521,93706.74617795926
2021-05-24,95752.85817772399,95622.99137989031,93719.79393586397,94208.56853459857,94932.87504895474,94659.85797182484,95100.6119732913,95253.00208867046,95356.19710133807
2021-05-25,95885.30344920888,95653.84886945171,93694.21297397223,94262.8848283656,94983.04558481784,94709.43403848636,95165.0905009785,95349.16012740477,95440.7233867282
2021-05-26,97369.3842587129,96991.51112833698,94682.22798917942,95336.782479241,96063.31368028714,95800.17882178025,96274.83634891298,96503.06400646799,96621.76439878819
2021-05-27,97005.09084249665,96583.07684006578,93831.94286878216,94501.02657855867,95336.88130131793,95106.75888547588,95649.19954093212,95933.87695585197,96073.93844730774
2021-05-28,97311.05800549513,96843.22041523556,93811.6510270657,94796.9037928813,95649.71558512578,95419.77519109014,95960.21760449484,96195.54361916776,96322.26760003531
2021-06-01,96987.62327303983,96408.80135362955,93357.09511699261,94309.55527440294,95195.55085594303,94988.84041697087,95549.38273000323,95792.23587995101,95921.82408997271
2021-06-02,98327.02976750738,98107.68654672847,95105.37307342581,96091.35430588947,97002.60451816783,96799.64543960837,97350.8175163469,97528.19453145089,97638.3862593637
2021-06-03,97303.87283428202,97057.43105214529,94247.96129445969,95280.55634297503,96152.01680935433,95951.59966943203,96435.36297080378,96551.05868995126,96661.25949710418
2021-06-04,98955.08937191436,98892.07699405814,96056.39036394277,97182.39223401691,98063.60812920782,97822.30740008794,98294.70852129246,98428.10803290695,98531.57613623275
2021-06-07,99249.93951170004,99028.95512694652,96474.81111444235,97522.52556678634,98292.4896109726,97980.57786616807,98416.61797001053,98493.17195200388,98583.82416867878
2021-06-08,99297.10810008805,99202.69497923799,96583.99700901547,97605.75045081838,98378.3824193711,98093.29926757453,98454.79426751261,98515.3518376412,98632.23666471061
2021-06-09,100470.70168675417,100300.02587689213,97956.40801030827,98955.33480412097,99702.10866819779,99413.25748200493,99725.06224161138,99723.34540705098,99826.59559811169
2021-06-10,101517.6528841026,101202.70699830074,98219.11005210775,99542.16741274779,100251.3130247549,100009.92407203648,100371.16156830454,100444.12748593386,100579.32132962279
2021-06-11,101783.08255952506,101823.12362263552,98899.68405023275,100231.84665586193,100918.38038244218,100653.72593180872,100995.96930241436,101069.64420609601,101204.05715065122
2021-06-14,102758.46165117294,102946.79809447697,100287.4441175397,101600.86651411904,102198.18110390735,101900.71884075548,102245.84020239214,102255.37112155654,102348.22419706744
2021-06-15,102087.34390931697,102238.52079926556,99717.2127198766,100914.91435622756,101491.51307834478,101193.44441392421,101571.36586529823,101571.72180180461,101659.4291601918
2021-06-16,102864.51847507802,102959.80783115656,100702.66365085529,101785.88772588945,102189.16834218941,101885.03438614466,102228.8788070646,102205.06468324672,102310.71690018047
2021-06-17,104170.63324204231,104287.37278477129,102116.28303981392,103258.35022994757,103557.85787608933,103239.24550022032,103599.94087089303,103540.24925993092,103621.31728947042
2021-06-18,103353.1731278741,103452.59592674766,101344.00931203956,102649.42925832747,102834.4397361925,102483.30785260283,102754.32068317111,102658.69744193701,102729.83984962065
2021-06-21,103995.51686052456,104373.52924927346,102589.01585669066,103750.63253848146,103983.8088743276,103609.6828086147,103846.41077417646,103717.61288693863,103781.79101062419
2021-06-22,104964.93589975445,105375.25977754981,103820.4631420592,104924.66419110412,105071.69819680117,104654.82074622376,104872.81193949399,104702.8653420388,104758.1753869463
2021-06-23,106166.27016283441,106452.56100724614,104775.04588978968,105874.80302761831,106027.42978299932,105629.00582497714,105885.27858433544,105742.90338660692,105799.35988314777
2021-06-24,106822.67323480835,107182.11329056087,104991.90033608083,106237.54769993294,106479.53057426377,106122.71069770577,106439.06686014602,106395.73051050199,106486.68444624866
2021-06-25,106691.38493205677,107157.58705596415,104714.00308924682,105940.17744569182,106206.78328639326,105878.79588117258,106196.46378739478,106188.53017146216,106314.35734014788
2021-06-28,107988.93929820898,108299.8886926115,105826.56548965654,107204.61149208054,107444.54806571415,107053.98955583472,107392.97231320839,107402.01321684866,107523.31411533192
2021-06-29,108379.72886374501,109074.1592157239,106786.20021740408,107978.94480280034,108204.48881096684,107816.19321916127,108142.92198483188,108158.77324095715,108277.06115765129
2021-06-30,109358.77825036788,109867.0066739859,107935.50064998666,109027.00046048385,109239.32989288794,108885.09571386468,109258.21575824785,109204.31471709991,109267.13651978223
2021-07-01,109401.95067738618,109902.85551467897,108333.10728460371,109388.90367951966,109563.38832851104,109155.40085622869,109421.03954904409,109294.29648928776,109348.18523100941
2021-07-02,110657.72925531746,111228.06331365208,110425.25965269034,111326.25133258369,111370.75826592154,110860.68902496627,111072.88211011786,110841.55028975703,110858.65136931089
2021-07-06,111135.99621847502,111779.08389433169,111225.75669776463,112039.8422117998,112043.6132308548,111482.19764211681,111666.49909452826,111369.17970866816,111379.38360966233
2021-07-07,112520.50651101876,113358.89628564252,113472.3036084538,114157.54615047488,114136.78912788056,113497.55104849009,113563.29970763177,113127.53743199285,113117.08220378942
2021-07-08,111840.91598484457,112253.91007996637,112323.27620731929,113062.084812592,113118.64320319236,112507.52062242075,112537.9668521513,112082.59385756866,112063.85263281096
2021-07-09,112539.20984713727,113314.37444697654,113230.11238222398,113939.76112564703,114118.0900259439,113502.40510038447,113568.1628492672,113148.15706251853,113151.46844112092
2021-07-12,112978.74805879557,113303.22423299393,113110.55595036825,113884.03052432695,114109.59870956914,113506.22399717911,113603.31332333898,113174.7980614763,113155.73403136911
2021-07-13,112978.74805879557,113548.19531216138,114258.1429816641,114814.08750608237,114897.90047980228,114227.19517537206,114271.33997608088,113710.20121189588,113618.56360421238
2021-07-14,114331.35444958205,115190.83283718338,116976.8339154704,117219.41038161426,117230.64194979459,116491.37841719686,116467.09831378865,115742.05800520851,115578.03057668541
2021-07-15,113528.3661949861,114142.16446860998,116318.84936315623,116330.93903523653,116293.12628888294,115576.14700704301,115542.56430317283,114784.21599647349,114616.44532329643
2021-07-16,112608.86549153362,113099.13629523669,115207.14599375357,115254.33451872559,115239.88508835994,114531.92156815252,114464.87233546373,113702.17272109386,113548.30556590861
2021-07-19,111686.19276292935,111729.94343748488,112792.87040376938,113288.19753751972,113440.13069620614,112788.4759452149,112747.51685659253,112073.19460377569,111968.2268331695
2021-07-20,112983.5907003241,113546.13950130808,114653.21805664623,114973.6570016274,115068.25226037983,114412.66850408136,114402.03030670501,113801.09821905714,113720.06807206201
2021-07-21,115005.87779190797,115854.45468348858,116236.92657729094,116780.43224689417,117035.35927613538,116426.9022055866,116521.51027687133,116029.35565439097,115955.3238282597
2021-07-22,115766.09207637173,116623.99860347173,117534.44229030497,118106.44384116851,118088.06210829248,117451.334726212,117493.83239489635,116923.17289047498,116820.38217364754
2021-07-23,117117.9368072022,117768.38996982422,118918.95016426755,119236.43811444967,119172.1200734984,118560.63448412775,118612.3786324835,118058.91192925908,117979.021324061
2021-07-26,117210.17380408703,117796.76619649863,118988.09229006397,119246.64001420084,119192.10997400364,118574.889799216,118618.2268550676,118046.03035308444,117943.44622027018
2021-07-27,115918.73569529368,116513.2524965896,117726.81597931695,117983.36879620719,117953.67111037049,117380.53136636979,117407.57896925967,116804.36926366363,116704.74375306387
2021-07-28,117514.07057484711,117785.37417413983,118017.62722962609,118485.3074606453,118534.08084954273,118055.36893365052,118203.92455717508,117802.29984342855,117750.30242954656
2021-07-29,117722.86611331941,118367.48556393909,118488.32570311737,118680.99717016694,118844.50503267313,118469.80196736714,118652.37424468121,118358.12031194133,118322.80195349765
2021-07-30,117109.33140983037,118206.90155201899,118178.58598403742,118281.59693494634,118448.62337585428,118141.57429390657,118386.23542699467,118177.1291226163,118142.8447738806
2021-08-02,117118.96781586281,117914.38953841722,117702.3589368909,117832.82556915394,118028.37016718964,117692.97099942392,117982.62507239998,117840.26527090519,117836.91808040744
2021-08-03,117828.8868029839,118571.07168213239,118519.83859274896,118646.44167263122,118838.51699435699,118458.94321459132,118760.61272112676,118608.53162867346,118609.87637470399
2021-08-04,119149.12660567265,120016.4691967651,119552.44514445041,119835.61272299994,120067.11038806589,119751.5468140539,120097.6894430578,120009.8796109938,120031.16892304864
2021-08-05,119904.90604981422,120775.0445572483,120357.4876045309,120788.70103689661,120932.95297592565,120513.55388512714,120819.90416559382,120674.97755630143,120687.21763538208
2021-08-06,119379.41767268803,120586.82317721486,120099.37122027781,120505.91772848227,120681.01530006288,120274.91391394952,120590.98344048335,120445.48155088558,120472.34277283141
2021-08-09,119599.99883924979,120291.50859021978,119778.11956432468,120171.97653362,120333.18190105724,119922.0652434607,120212.19574507278,120082.94529392892,120135.29043189163
2021-08-10,118986.96820503693,119385.26223678394,119086.53428713468,119356.3912345994,119563.39614116667,119124.76395909282,119321.95780635784,119176.26608890927,119238.45716381856
2021-08-11,119932.60083649869,120431.03678242218,120182.16860011882,120497.73122637474,120726.8510502044,120297.76183012669,120453.81438428852,120267.24701627146,120323.18180300017
2021-08-12,120364.91088422106,121082.92614737236,121632.38239650008,121851.35125284322,121930.47709247665,121415.85546979809,121378.5849766349,121089.36213618041,121113.62294762162
2021-08-13,120787.36547932336,121632.48983218714,122298.03051386739,122519.32321192203,122592.60059200988,122106.26364160649,122086.34475709024,121741.62564309307,121735.15755711058
2021-08-16,120839.75607578276,121857.60264007625,123344.427516327,123333.02515928453,123401.86488463893,122832.36574452312,122757.05211228778,122262.10555061871,122198.99675613736
2021-08-17,119775.39811996791,120816.90888629043,122554.01563381661,122406.16307685374,122421.44877421224,121857.72843845439,121790.01974597824,121240.38345242369,121170.80470778974
2021-08-18,119772.60912589476,120423.40202877358,121732.30762901521,121754.8765115337,121737.10756248777,121204.67892881585,121152.82828047241,120680.8006026809,120641.58317782267
2021-08-19,120351.28668780702,121329.50942662968,122960.06890196931,123184.70523932354,123052.62551777024,122438.90852871019,122338.19346763159,121833.73345951686,121751.61874365398
2021-08-20,121597.94056336096,122864.26042731784,124926.8967879909,125159.71322664485,124881.18729667395,124193.58100115384,124017.44636323545,123408.26172742463,123298.62845736984
2021-08-23,123416.62065424187,124590.87974165397,126142.60489168,126612.88939315079,126295.08218646779,125645.16435801327,125535.88232117609,124983.7168624963,124877.43408800701
2021-08-24,123793.58233903973,124767.98250891709,125788.4563698578,126406.75670877434,126084.65502264265,125450.0109171344,125340.57654240496,124942.50329267491,124865.29197996967
2021-08-25,125085.79000265172,125926.85487064772,126397.39500802915,127177.51077497273,126928.08100406385,126333.4112587712,126273.7712951794,125954.00044235493,125921.16669979895
2021-08-26,124291.47374644956,125188.13416445903,125375.13909783166,126288.03881260063,126121.14736339601,125532.78198019532,125445.05225924286,125147.62737640656,125156.89255979336
2021-08-27,125499.62573602097,126620.87067979552,126207.62758651153,127184.50903595575,127097.80451227396,126590.66037189253,126582.61872663489,126377.84730130629,126388.60172551169
2021-08-30,126908.01404459162,127874.89096003014,128429.8511003106,129197.23412147758,128962.74948013782,128328.30795199338,128223.94671003359,127883.77403875449,127839.05128169117
2021-08-31,126804.5446056712,127094.45319985626,127391.55319823025,128289.6493608637,128146.14677664946,127588.15133447197,127507.59464555672,127072.26498916125,127033.38046257096
2021-09-01,128164.78223504226,128327.87791209377,128887.7104023311,129752.81636769598,129540.89888671206,128953.93776963261,128842.16610210657,128316.1941897831,128244.76663467371
2021-09-02,128104.17805428914,128427.05544526702,128841.28571497311,129654.56806247313,129470.90167414963,128870.32535861096,128745.68572282881,128230.48297779028,128206.26910980754
2021-09-03,128498.18473440678,129046.2205668117,129233.35288116318,130144.61636303409,129976.73364759056,129388.74529388137,129280.25956730887,128787.11094348562,128769.0962144013
2021-09-07,128680.0396794514,128910.95951473419,130064.36217805276,130740.58336963768,130428.31004802002,129728.26785697196,129543.98920996315,128888.01627410714,128764.59717826189
2021-09-08,129382.14966003549,129312.58202347167,130724.77545616204,131281.58107579921,130994.44776418761,130338.71368044845,130122.97967969974,129444.1380373383,129299.77658269966
2021-09-09,128937.03472420387,128891.03796176359,129754.49545568008,130439.93819124771,130239.52952209237,129604.24484511466,129428.09054721222,128861.11926758385,128761.55626996295
2021-09-10,127958.46853345586,127602.19482946269,127508.23628883366,128518.05117175484,128614.67473052387,128061.90609650032,127929.9643399703,127469.70268832744,127389.979578252
2021-09-13,127870.12151860654,127611.29187046034,127867.60874736683,128597.73873692223,128694.39665154135,128107.02436885831,127994.92938660475,127539.98023322379,127427.06590686615
2021-09-14,127506.56178716065,127450.55834797508,127681.43097132102,128444.08045859708,128495.75569461701,127943.06473646648,127823.87638673378,127338.85234882655,127219.56260553494
2021-09-15,129604.5273956467,129689.2665783277,130036.02678208383,130764.52924148733,130812.8018786854,130212.00132294613,130083.05713777654,129601.31834355996,129458.34795086739
2021-09-16,129693.68692764275,129906.49905725988,130011.61821417403,130802.02722802314,130784.52995748259,130210.2394319013,130134.52442182445,129712.282160619,129601.94332032415
2021-09-17,128157.81632576152,128162.452713496,127814.45644339747,128701.85754174896,128740.89580816815,128172.1214751268,128135.60774705534,127787.32751254439,127702.85389385518
2021-09-20,125509.66383537468,125705.51940403788,125288.87391513107,126142.51982397673,126284.9919233513,125789.37484760152,125744.17532066963,125401.72788956888,125324.84698218267
2021-09-21,125664.11205879849,125769.7684093805,125556.73815040782,126356.0444675962,126470.15127276751,125950.160447769,125883.60633994202,125518.68984897781,125428.27067969796
2021-09-22,127987.84085788092,128780.07485805005,128698.77711840048,129187.74734801057,129322.9727852392,128793.3687668647,128769.7822546182,128447.87859831595,128354.48067594395
2021-09-23,129168.82490604912,130444.12769408814,129840.86808554309,130773.13502544885,130941.22795607742,130420.99510126804,130405.26095995704,130089.6418059978,130006.69419000392
2021-09-24,129289.97995496358,130456.47586848315,129907.80076501338,130811.97693476998,130991.87330297475,130480.62493156038,130453.32159675578,130128.63697468434,130053.41747670878
2021-09-27,128257.99505602209,129178.31322059703,128247.7723446225,129049.40653582483,129407.33995311854,128978.71352777132,129049.6734877952,128808.91651131891,128712.87656159504
2021-09-28,124628.61404011409,125140.15830588408,124585.75936668458,125323.05814588716,125750.59047261742,125252.85096913572,125231.4715850774,124941.07139962159,124833.28074345135
2021-09-29,125574.26426050518,126004.56295061397,126163.91521663721,126681.51625113208,127058.18157310145,126554.54627379247,126443.43185288829,125965.14998639062,125834.33903090193
2021-09-30,125112.91469975437,125305.14316977652,125120.33801888525,125767.0905441002,126039.6811823604,125597.01520131172,125547.27730587605,125153.22806540114,125046.3555663742
2021-10-01,125888.83126966144,127044.37567343644,127283.3024651643,127780.0549674718,128023.89517999366,127526.79599979096,127407.9439341321,126926.49716483493,126798.2751054676
2021-10-04,123246.49257076725,123962.43134281147,124062.20326136201,124540.91098731731,124922.16057113535,124475.10340382923,124362.21406603554,123872.14275123888,123743.24106841943
2021-10-05,124910.20399563924,125751.6490782582,125982.70532277436,126450.04905663857,126867.54927671247,126375.22539509072,126259.5133123818,125730.99535144924,125588.47289299726
2021-10-06,126860.57333413705,127769.7370753609,128459.54391229233,128809.49288276274,129124.30233784228,128562.08234612098,128401.51294763944,127831.50400093563,127649.8392370781
2021-10-07,128024.53711439515,129143.52630437976,129643.6835854451,129990.48871530418,130250.20571666323,129677.34417568368,129556.75584358291,129041.58689507582,128888.14638477999
2021-10-08,127386.15425805804,128535.39957257369,129397.56716544145,129639.89721392996,129982.48102132826,129326.45826151072,129129.82408029374,128538.69897687386,128374.86844196817
2021-10-11,126409.12161248422,127816.98292908439,128858.78178073198,129057.18723404754,129438.28408216912,128740.88247476333,128504.46683379613,127864.63144059034,127695.9580784635
2021-10-12,125968.25027068834,127514.48649115958,127994.32350543066,128402.37674593796,128728.53682635697,128082.2873290442,127860.25250106059,127240.39228067729,127127.39768465943
2021-10-13,128126.9796936533,129735.8090340507,129449.77602864108,130063.01751125326,130394.45158033069,129833.05261396486,129649.98310075609,129131.17832183825,129077.25602148942
2021-10-14,130486.66693863676,132546.13304469225,132147.9923340208,132946.2105091481,133243.94983096293,132685.15236041087,132520.72510082374,132014.04136654403,131954.5945479488
2021-10-15,131308.81296935302,133477.59788536173,133315.6192390691,133999.6546549517,134301.03939076123,133773.57402997272,133603.18865938543,133052.06536516853,132975.06165767054
2021-10-18,132629.20422676974,134723.82021593826,134669.28146981724,135301.5807336544,135504.77116636522,134962.11363609508,134780.42428948873,134246.25040729012,134199.36288973893
2021-10-19,133632.9016772956,135963.65874390933,135936.82286290397,136580.67501947415,136843.21018526438,136299.68867014282,136101.59376397566,135557.767576708,135497.14225641591
2021-10-20,134608.51249065364,136849.81157948298,136898.0276214542,137300.5443153322,137526.33842607914,137003.83667570062,136826.66333002737,136333.70903232004,136288.07930907796
2021-10-21,135430.53021771408,137439.68693730547,137703.67858230788,137843.31989607454,137954.19826365623,137359.9071900038,137216.7148093795,136866.786043018,136875.09473794495
2021-10-22,134292.6114370843,136856.19902840274,136955.2490170054,136931.82725823007,137226.2949268958,136745.55912574782,136617.25191371187,136286.53928832087,136314.80181713295
2021-10-25,135667.47576087798,137497.40606498468,137063.1547777228,137250.9693799911,137608.38594571233,137163.72573368243,137071.26484995824,136752.68033930127,136777.2690970137
2021-10-26,136094.6482113847,137680.15975753687,138014.92950055795,138183.22053688628,138415.11444321976,137890.47186974675,137728.55959175323,137282.26917013244,137215.38928530028
2021-10-27,137560.5605523751,138310.77842523312,140023.3040004391,139819.80445994894,139672.78993834922,139039.87671588725,138762.3897422219,138025.83892564877,137896.47920849276
2021-10-28,139088.18232048824,139723.5763857915,141641.38927553,141302.66533227486,141104.66367158186,140455.32591834894,140200.35526951926,139427.4354537205,139318.56215057502
2021-10-29,139772.36637376226,140360.44203852216,142111.30694137467,141863.8345476863,141618.14317309984,140972.91634265668,140671.53223311366,139942.04923790996,139847.8243516862
2021-11-01,140250.1842713522,140528.57969922488,141501.16130692384,141376.5981350206,141096.86701810962,140500.40580699584,140316.61578234355,139759.4178075619,139695.50926231552
2021-11-02,140836.64888466217,141488.73691306944,142543.2612849173,142435.7708889471,142233.1035093578,141611.1313242986,141361.69179008747,140761.0297083945,140742.51446020292
2021-11-03,143481.7164770855,143492.22582038134,144509.00408665268,144456.5274216178,144246.57430467362,143669.34460656147,143449.7054443865,142838.93026971247,142759.18500963005
2021-11-04,145320.96012990444,145542.18040911216,146009.6758338539,146390.19650631276,146241.6197160642,145811.46709721157,145628.8533591001,144992.0902663751,144855.87043154705
2021-11-05,145459.60708045634,146034.29752486487,146724.19246278162,146847.7356044366,146825.63070714727,146391.2787411603,146199.2865551025,145544.91968833885,145375.55412532057
2021-11-08,145262.53173693828,147080.43618344984,147104.54204098805,147485.5905805085,147413.2110721694,147105.46852832797,146984.4759563809,146391.86622350453,146290.05739608523
2021-11-09,144262.65119202883,146689.335604214,146623.2113099766,146701.39026640862,146592.33259380088,146332.03555622176,146279.4289093434,145810.5313265403,145777.5896420071
2021-11-10,143292.41883399474,145098.48247597332,145623.47236808584,145566.04673932976,145464.84951651574,145122.0131712788,145009.78758125057,144465.2114742012,144416.57617094892
2021-11-11,143689.7583881812,145883.61363077987,145942.0094786084,145852.36069635442,145854.6204451708,145637.23784185015,145592.00508589993,145147.0927259101,145105.90242702595
2021-11-12,145201.73082275796,147631.29169709707,147792.30714753154,147656.87844103723,147579.50910648078,147367.88410395195,147346.90890464283,146903.84962015992,146869.94810810153
2021-11-15,145168.64811169615,147434.17916222868,147524.70393530605,147484.13302672605,147473.47656107263,147255.35693521373,147245.21394575274,146793.02067682965,146725.21808696454
2021-11-16,146202.3671585629,148971.60316871852,148875.34245458475,148798.0791243821,148888.64442784083,148836.3150339733,148840.2732963484,148420.721792981,148356.8452970231
2021-11-17,147429.6141321541,149494.15997390344,150138.53849725792,149694.13375091337,149825.4362636534,149687.14383471117,149617.29194622464,149128.8390716862,149029.29746608695
2021-11-18,148957.1921779939,150570.07431449412,152905.92874393714,151845.17807434834,151781.30798402618,151516.02946916298,151422.8377395606,150739.8363037036,150535.06793086088
2021-11-19,149787.69593862313,151447.35847558608,154546.59168351826,153344.66298329382,153034.55149034306,152877.86338037395,152728.29560989866,151866.80635985077,151558.30890532237
2021-11-22,148048.78752136222,149186.26912912517,153237.45624203433,151938.96536602353,151544.8161034684,151240.5865484391,151054.82296362447,150076.97613250342,149680.25562773796
2021-11-23,147374.00394449598,148504.31211197088,153182.25019332784,151691.16511887033,151249.70098323515,150944.99868030267,150784.88275673756,149731.93493187788,149302.52120725304
2021-11-24,148998.61416243354,150889.1264282923,155359.71507507729,153896.31663935035,153416.1275467113,153205.79779987698,153079.32580851347,151986.45088479557,151597.1043487888
2021-11-26,146173.76652837588,147489.78754501152,150782.71080602598,149678.1095736785,149317.92229539738,149191.46022631167,149089.97195458348,148111.94033374113,147775.44630957337
2021-11-29,149346.10262543525,150835.76698412807,154101.08800006594,153278.7566576718,152978.82286943053,152963.4527881254,152905.9993326419,151914.4968170303,151555.83244926698
2021-11-30,147152.74031425477,149347.92886598498,154613.84509778378,153034.37485338416,152430.637391187,152108.43237068664,151939.45825003076,150680.15116336584,150186.32257690976
2021-12-01,145799.26311326737,147772.41833545573,154649.31256499857,152284.51801016546,151820.57030443868,151439.0098350428,151251.65397673752,149900.1047839124,149286.13838261808
2021-12-02,146850.02822096617,149362.71993097954,155020.82911988773,153293.0095126646,152835.56497956827,152500.8325342715,152228.68878803647,151005.60526856338,150513.4440049592
2021-12-03,144296.52062387334,146588.98582057512,152465.06629404356,150371.6507320628,150175.28978787828,149839.4749281616,149565.74630898886,148380.36162824216,147891.25182497737
2021-12-06,145452.76606848877,147836.29156416812,154777.53954268672,152382.72060269583,152049.3257836219,151575.2071267454,151249.3609117834,149939.63924640027,149345.02241597124
2021-12-07,149832.90604098313,153182.10831938003,160055.24584833582,157752.86577350585,157311.3212748571,156890.35323815193,156598.18186250172,155225.18953640907,154644.5357606509
2021-12-08,151653.29297176926,155354.1963812823,162724.79208681584,160036.74118918434,159414.16879317802,158945.5265784142,158647.97694017852,157253.00983293128,156747.3294820892
2021-12-09,149421.8411984942,153338.8052967562,161734.43173999217,158681.3262357936,158064.84862077914,157483.76164538963,157074.26479536836,155569.23891390098,155004.52906924722
2021-12-10,151046.12329728913,155825.00582815625,165551.95503937878,162133.16269307528,162053.49748776722,161291.8812571428,160714.40472225504,158897.9026400605,158192.1667454488
2021-12-13,148863.94245648387,153538.64504771068,162442.69962482987,159172.3973959718,159216.76494168688,158536.07824464454,157955.78536289785,156239.3303001228,155599.50022678624
2021-12-14,147323.1548392804,151025.3017045779,159800.15225338488,156384.49266731777,156529.40377462038,155872.62674873747,155363.9550716923,153726.71469805954,153062.21806240617
2021-12-15,151831.78808048894,156172.24597714946,165231.92612544273,161902.15874226324,162054.80092186667,161383.22197546804,160886.70616251655,159214.4883561607,158488.4673133597
2021-12-16,147927.46112843516,151643.1135752447,159884.766569603,156580.43351957176,157231.76981361688,156578.4738377396,156070.92043035998,154574.45323745205,153893.4229498643
2021-12-17,147189.4419483922,151116.679329002,158800.79299892567,155446.2934388945,156002.70359815302,155377.31763569833,154914.75568358548,153579.78581035632,153006.03957366914
2021-12-20,145761.64375107095,149342.4876594694,157071.819157522,153698.9571717724,154192.88400480562,153548.0895356998,153064.97355717488,151716.58190742272,151140.70852717248
2021-12-21,149023.84267414064,153369.4368459789,160873.8368717131,157427.07388006835,157710.15886086994,157171.4188225809,156889.27667329775,155631.4835644646,155079.98004561383
2021-12-22,151988.74052252015,156351.7536611918,164575.20420797178,160886.67828363777,161059.95166832517,160473.67437522218,160126.81725006804,158778.92216368503,158191.80942797734
2021-12-23,153134.60140270035,157205.8119544332,165235.82110896456,161613.8242674377,161796.74539995258,161260.7411321963,161005.39979313448,159654.75632951182,159067.06648035045
2021-12-27,155665.49801144507,160515.2878407436,168930.70983146862,165144.32763951347,165229.31674745088,164722.5631309903,164467.4072787888,163049.29816555305,162460.0332244423
2021-12-28,154944.01165202647,159392.59978029085,168039.3618894459,164158.0748183334,164254.71092425924,163750.3298776366,163461.33583385832,162028.68308933778,161422.75131454505
2021-12-29,156070.87077970928,160556.39480821072,169245.13589562924,165324.22942058422,165441.95147863863,164916.15298353654,164663.4713056786,163244.68371905573,162657.18724917236
2021-12-30,155604.4713057001,159716.9896911318,168080.9488515644,164327.73140210315,164426.94838485238,163876.14108112745,163590.45633312195,162210.92018757944,161637.3090032006
2021-12-31,154632.7853922208,158922.6574009456,167106.6971029166,163362.5405490236,163524.49306392044,163000.16570504245,162717.8543538739,161372.0433120885,160812.78452249008
2022-01-03,156121.4018647715,160251.13974194092,169521.33003243417,165614.9307127756,165580.65025217202,164984.20122802482,164737.1172448564,163207.63566192848,162463.77873870629
2022-01-04,154096.43576157113,158225.4779762692,167283.3882632592,163245.82850155636,163542.9641116165,162947.49821292228,162709.97775785378,161230.34644302982,160499.28631162262
2022-01-05,150684.94204253447,154296.4269636259,163485.25202084074,159257.65982444977,159725.8328931102,159202.56869371893,158990.3211103991,157573.93821813064,156805.0896384399
2022-01-06,150579.03235655912,153712.17456737228,161921.2164531708,158204.19283084146,158571.71383764097,158091.74085597158,157993.95885899966,156816.22994619346,156097.4553738093
2022-01-07,148947.83109963118,152141.2673521523,161504.51612912142,157558.42497936118,157620.66067063643,156980.7571137967,156773.92360673635,155377.51709274406,154600.30281280793
2022-01-10,149045.8723645696,152302.2327179969,161372.51139762998,157713.4793427376,157896.27342237343,157228.26042115316,156961.21715367865,155547.58694363682,154792.09275369227
2022-01-11,151284.8260294732,154313.91507459688,163111.60680181644,159556.65865388254,159661.5379242258,159028.8278524042,158796.8707565337,157483.2448961434,156741.65815874055
2022-01-12,153207.2838982996,156140.22875552336,165361.00492266336,161642.53699199122,161701.97566936788,161062.849600639,160860.49009953233,159469.07805406785,158680.79120107234
2022-01-13,149374.62694328072,151726.06476222823,160833.94284886064,157176.7431531421,157308.87588532883,156678.89129918636,156561.86938498888,155197.8028474512,154388.97823084967
2022-01-14,150304.11761274826,152950.46863967992,162422.69452412057,158575.44166596906,158562.32972082778,158000.65392805604,157990.11235932348,156624.7344570105,155755.76717998227
2022-01-18,146562.40623898152,149047.925167791,159066.09154244306,155223.14900235663,155100.53855783062,154423.8799673527,154248.5765079494,152766.71174106645,151889.58387184673
2022-01-19,146275.12473570084,148292.1379365374,158405.4663491111,154653.98137641198,154367.72618985712,153676.28091880996,153392.47656316462,151935.6934494672,151086.02412002394
2022-01-20,144375.2423605916,146447.93157036623,156939.10953737455,153031.77970240946,152605.1004001388,151847.42006042803,151437.26815376355,149932.267319302,149091.47968198836
2022-01-21,140371.9348998556,143275.7431548062,154124.472435272,150107.09903340394,149785.76000618713,149032.74651231917,148572.74181280826,146985.16784615407,146097.08661519457
2022-01-24,141014.512681578,144201.3921572331,153558.11268908152,149909.66115876075,149810.55843553558,149170.86085342462,148768.8670664264,147391.8015094222,146599.573721558
2022-01-25,137745.60847810176,140658.91729538236,150599.61360769538,146819.48180167231,146810.11160619394,146146.52916378083,145671.1459683051,144067.27842382767,143178.0340735007
2022-01-26,138852.55801361692,142469.17438748459,153880.2362627453,149660.29846132145,149607.45286693066,148731.51345792835,148126.12665029435,146339.23503325382,145398.843495145
2022-01-27,137454.2621040307,141261.6934943128,153894.24084770016,149273.70709001427,149030.4150996566,148146.86068870165,147371.11978236266,145350.5343284866,144343.44548178994
2022-01-28,141766.054133513,147281.05597278257,162358.5286695713,156962.14316570316,156246.7765227058,155173.75339325314,154216.65621149735,151895.86424942836,150747.8694762751
2022-01-31,146299.53154295599,151744.34784554105,165601.189469813,160465.05084036413,159867.88574379255,158922.21800254603,158089.26695471324,156008.02589562983,154954.24673858847
2022-02-01,147294.86321266968,152373.2093321399,165559.65196539843,160520.30019031756,160042.26304078996,159184.14950910254,158381.34454266503,156376.77474687863,155357.3838202604
2022-02-02,149814.19598439924,154486.25999358177,168746.81634296177,162709.0265368422,162387.37042472695,161639.0403566602,160875.01434442593,158844.10558482658,157791.32374824546
2022-02-03,143740.15716039456,149672.7443675252,164229.26992352435,158031.6092306007,157546.97907862448,156806.05718606288,156042.05493493506,153952.533874356,152894.79053755998
2022-02-04,145553.42522606338,150814.54636437527,164840.9690936062,158764.93192356642,158233.62400806276,157535.18253162684,156764.13109262905,154769.99489167132,153793.97283024975
2022-02-07,144382.52463740882,150075.07683198154,163570.90247148415,157602.2300352029,157001.02812484262,156354.86089112243,155613.1503159558,153706.62379508073,152776.75657828135
2022-02-08,146004.7154136893,152010.67975629814,165853.61422169357,159607.43342321276,158973.48793584388,158348.98296098597,157617.0488454627,155683.44050324816,154767.83837399282
2022-02-09,150421.1711595168,157066.5357752613,170063.37163127091,163964.63598374982,163436.1776753841,162936.27621231208,162318.87688757808,160509.71785247998,159625.59693868848
2022-02-10,147016.7451269139,153231.9850114401,165725.71612060495,159634.3017610887,158982.62229316364,158460.24189442312,157933.5965777274,156165.69797393135,155373.00765669957
2022-02-11,142353.14323434184,148395.901792243,161767.4429316934,155445.62883291778,154653.68524734132,153982.3925924315,153406.56699893772,151509.83233585057,150711.49229387054
2022-02-14,142529.5182770555,148370.2912635528,162121.52787864217,155669.62118249727,154779.9980572279,154037.14273553694,153461.94860989097,151643.53034818306,150806.9778649106
2022-02-15,146073.33894284666,152643.4941095816,166172.00293492203,159734.41756311248,158795.41515861137,157955.65167449223,157456.48433005688,155712.57431106563,154913.26401277905
2022-02-16,147358.93581735372,153695.45275336836,167382.5459882923,160816.25356335493,159881.1899024632,158997.4902539467,158472.71065761358,156692.4158565611,155882.3757187621
2022-02-17,142975.94094098257,148640.41169680603,162757.12346937082,156255.2474351489,155264.62871113693,154284.44522994375,153767.59443833033,151841.38141565004,151040.91451516925
2022-02-18,141345.23232335,146782.05945838892,160858.25894838013,154327.43607386836,153526.21021707292,152557.05363149915,152012.0855454666,150113.8400400223,149302.22371458693
2022-02-22,139925.60016489215,145340.36846327153,159236.98151899799,152778.0580537907,152092.03868802352,151192.20318859673,150665.17953760753,148812.23737916246,147961.79865114688
2022-02-23,137663.86851974265,142986.78984776553,156382.282197448,150099.85066428068,149537.57978324805,148606.8059876879,148055.55062616654,146325.44031294834,145480.07320552738
2022-02-24,142289.98225153118,148152.33614450594,161290.85195511568,155164.2549537203,154459.93769092756,153645.7152259084,153102.14078531793,151444.95477155605,150591.25915047005
2022-02-25,144496.50998421808,150284.7895692244,163087.51477081596,157085.0922378744,156449.61250186447,155612.6423270657,155184.03985830507,153620.72945837321,152741.98425850552
2022-02-28,144926.917866177,150318.27650095156,163283.94416451565,157306.53235648782,156558.79677976118,155647.44287441002,155195.37273593794,153623.12445291755,152642.12322971874
2022-03-01,142707.9097878566,147426.62616143763,160567.66725230214,154608.00531944036,153780.11924893924,152775.75155892756,152246.3898457755,150620.40177390355,149678.6420890587
2022-03-02,146424.95635534014,151819.47090653316,164824.5934583745,158804.79418422972,158089.48840362544,157179.92361643142,156744.0006943703,155164.2821921002,154234.38316415463
2022-03-03,144333.31693756828,149457.99518458464,163451.87735893278,157222.4978130826,156560.5597079082,155512.26207249114,154930.82445552736,153241.76975209705,152220.9233182255
2022-03-04,142241.63779079134,146477.0755818243,159996.43551402277,154187.39870505454,153811.10180864212,152768.33273794185,152077.0239119389,150426.37027721514,149395.68819139022
2022-03-07,136995.58158268267,140984.58746081466,154553.89122632006,148925.97507206743,148489.24349617463,147376.40172976293,146609.56734046747,144886.94856157922,143808.9645765837
2022-03-08,136358.81833185974,140290.0441038498,153234.767929582,147629.92051657083,147372.6829187766,146413.93115827726,145771.23351726003,144167.58614546043,143113.5858764047
2022-03-09,142589.96934261246,147593.11394673988,160890.20627915417,155072.66200327742,154665.11570235324,153699.81042957498,153048.53574980405,151344.39985078757,150228.9026578903
2022-03-10,141006.53045224753,145043.6029319506,157887.17018420243,152184.37788542427,151989.6998353598,150961.23020479936,150253.03261407354,148636.62713601167,147578.86529769038
2022-03-11,138082.31679679043,142028.18574813826,154690.62052439764,149140.92793522845,149181.79855518095,148164.7551926253,147435.93766084383,145825.21502751426,144770.89436573416
2022-03-14,135430.49542649408,138955.92577417483,151894.69788265496,146472.27108694572,146436.29178617,145357.1918483657,144603.14840991338,142933.124019888,141888.08355469222
2022-03-15,139678.5077845174,143626.8535158672,157225.28773553722,151523.3140191199,151485.75720233496,150371.73405593098,149642.88667055493,147851.34097311218,146736.11708112387
2022-03-16,146181.21984687014,150207.35921186913,163298.3998401191,157647.0124615888,157467.4343993646,156408.33739758912,155801.2566370081,154110.86015865047,153021.38259348433
2022-03-17,147950.9244400383,151839.29534341642,164203.65672731365,158655.39939088872,158405.25080549493,157416.26148517063,156847.02849321923,155256.42033829654,154257.98964242806
2022-03-18,150979.2079331803,155317.22489013325,167926.34377644846,162356.68338248294,161912.23328570178,160811.94393462915,160192.27404406547,158677.71309670186,157737.64149571155
2022-03-21,150559.40286024683,154923.58378792947,168267.55965618123,162502.09693730043,161987.7265065618,160799.23949777204,160117.77641315642,158497.01320535524,157483.189390839
2022-03-22,153518.35282485987,157403.99222414455,170959.24363355935,165030.7759130136,164452.69061778398,163233.42650577956,162529.02232613042,160866.55930958514,159843.1017121077
2022-03-23,152634.54933715926,156330.14813092825,171278.89342097825,164536.42477461978,163803.52082727614,162483.18627488686,161683.1513964456,159905.23907706747,158846.60042084556
2022-03-24,156027.14665617814,160417.743426295,175593.93503542372,168879.86827411715,168196.40204369964,166832.00502455106,166052.4826452695,164238.04420591687,163108.28225685825
2022-03-25,155896.9557391634,160043.20774827336,175657.28997436602,168821.6170426462,168168.36719735214,166735.4672166462,165932.33113465144,164091.86096132448,162916.2636906435
2022-03-28,158309.0935351455,162020.00725063035,177840.65448124733,171022.34602348754,170285.20064984838,168882.4715478587,168071.5667790458,166162.4456926287,164962.34763088857
2022-03-29,161033.56434838905,165602.98208223734,181319.11125010595,174459.06798331536,173691.3676886404,172251.8906887896,171483.26109487514,169605.48138261968,168429.92634053278
2022-03-30,160577.31461638265,164415.87021692135,180986.5702463877,174004.81839020818,173084.7184148066,171492.3571869435,170630.4651701458,168671.49773476276,167458.61640891765
2022-03-31,158587.0501566678,162103.87205320317,177893.88144881246,171132.59445444832,170350.30254348723,168767.63965543231,167860.05207599717,165922.35274410565,164759.17511987346
2022-04-01,158285.17106256378,161629.0250214051,178001.80190166936,171101.22816253928,170183.80090567286,168540.4700459545,167594.77415107196,165637.6204580699,164487.55017261553
2022-04-04,161544.0603605017,164808.98388596007,181567.9250990884,174551.9752954296,173578.36497906453,171975.62007224312,171005.19097298483,168930.9282442856,167741.39025176043
2022-04-05,157957.10066769875,160912.86008345854,178266.19085945867,171125.7516926182,170057.99268967478,168407.68294012232,167381.03390909356,165199.7024025409,164008.0790281195
2022-04-06,155850.11805720848,157914.95528180257,174499.10339609737,167506.84163024908,166732.81275157936,165199.71898281257,164274.42241210124,162277.0572211267,161126.10117579543
2022-04-07,156220.72315247697,158405.5944702623,174729.82221574622,167773.43936666037,166986.5893743047,165474.44631029043,164543.10742541842,162679.20064181066,161525.52431813997
2022-04-08,154036.87489236574,156081.91259873877,172419.2888283053,165450.98549753652,164630.5751051516,163108.4471418635,162189.1825277573,160317.2892510116,159216.84181259334
2022-04-11,150392.75980968872,152384.4582352409,167175.4265026066,160583.62849882615,160023.53557632392,158658.64434770617,157827.35858841715,156170.72725595714,155182.4566692201
2022-04-12,149757.5020223355,151968.44968338177,167067.8768394317,160202.3543188816,159700.20398641497,158260.7932242916,157398.62939260376,155714.69311410355,154719.12245300843
2022-04-13,154124.08914899087,155940.37421637255,171472.00820781352,164253.9087967292,163615.6908137324,162161.38175486878,161275.6617626999,159575.29003197563,158598.0053303509
2022-04-14,150599.72903059528,152084.60843991986,166942.76957347326,159898.71969981716,159427.04442773847,158076.29554360706,157212.39377901104,155598.6324966435,154666.738559335
2022-04-18,150715.41933299982,152262.76074919433,167256.76297483387,160252.28892309303,159821.70203693974,158463.69815652096,157622.0915902199,155993.66997091117,155002.05164055762
2022-04-19,154084.03230644038,155330.7476425813,169889.9756007203,162918.68357062293,162521.0575670962,161228.59629007222,160409.79315276805,158869.88024789005,157926.2909157528
2022-04-20,153159.3015680937,156011.9092624137,171124.1741117746,163860.8183303181,163560.0297899866,162310.6460721039,161455.83440250557,159886.59579708977,158908.48107311086
2022-04-21,149990.30909927373,153009.55932973875,168857.08243049466,161341.59632146574,161088.686952584,159800.58411251963,158903.65140453746,157182.83777247393,156135.21730977687
2022-04-22,146062.71649718634,148781.464500816,164159.46933167597,156856.7623140575,156657.93535880692,155378.4564269028,154509.46175326596,152771.33365803515,151746.45728842236
2022-04-25,147938.95060739326,151208.8982263565,166428.17304514322,159036.9543641616,158785.80181214432,157467.22524972146,156609.124146898,154971.9845101738,153983.8280630473
2022-04-26,142355.00431900573,145451.68407221537,160060.19821493074,153036.83138489403,152809.30991904,151525.40750860152,150683.80994624563,149176.58499185505,148213.72270966208
2022-04-27,143506.9414213472,148339.25600973354,164720.47229006284,156934.6743398854,156441.8239343066,155044.4263674347,154151.3171923491,152480.2717928779,151394.72659650046
2022-04-28,148603.69907295034,154341.61802982885,170974.8112522349,163103.22696071435,162635.31241686834,161312.08844062526,160424.7627158086,158691.8845077869,157530.93428100002
2022-04-29,141916.7162027531,147924.33710921466,164084.03918086365,156388.7851048024,155923.53138508883,154604.15182933063,153747.3121564748,152080.80511274814,150956.26152293102
2022-05-02,144286.15348361083,150369.6015937087,166034.2117803278,158566.88591844751,158291.52288814547,156991.2770737357,156148.8556333268,154445.65044793262,153329.9402479325
2022-05-03,144440.2140117043,150466.2871234843,166104.13008579402,158656.27225206685,158338.0280617487,157071.19585118874,156281.82802614593,154621.8088280657,153491.61721213366
2022-05-04,150646.5265356549,157005.598167145,173286.46846317928,165573.3457460964,165192.92853854352,163958.2618642115,163193.79823363642,161450.22751536962,160208.94781509717
2022-05-05,143059.34488265388,148990.01725082844,164474.59277775785,157078.59161801662,156906.99126487054,155737.26393970492,155034.16576776773,153355.9304804657,152194.546387745
2022-05-06,141345.36949665056,147373.04979306366,163937.3398775,156328.06458504152,156138.86215630447,154907.35869461583,154174.49908012472,152289.82899667716,151002.41618845088
2022-05-09,135814.9812435777,141027.1782159853,157428.8088732887,150221.05679544958,150259.80912389953,148945.90388809398,148149.03703137027,146251.41443086579,144923.03918785826
2022-05-10,137464.9631690909,143074.77122159084,159992.82307165832,152793.47611325735,152789.0703699641,151326.9212755239,150506.45322922652,148593.73157335666,147231.24433751672
2022-05-11,134710.47477977024,139497.65364827885,155097.67484016373,148345.16337126817,148600.78924803785,147339.3893982582,146595.31235721777,144790.34066450558,143509.06164838324
2022-05-12,134391.99688380628,138472.27869495095,151591.28463144097,145440.68633774,146068.79770626375,145058.97847520813,144504.69413002802,143068.76772525936,141924.1561611395
2022-05-13,139372.51747012945,143709.9693432538,156405.4433802288,150258.94902493575,150740.378416247,149752.97375493753,149291.20982253086,148035.657063704,146969.28450428945
2022-05-16,137756.99281085012,141995.513604529,155314.42756677486,149084.0944180636,149541.2550734453,148503.13408040447,148001.96510024727,146592.5178657083,145444.99929452976
2022-05-17,141325.09476582735,146015.02716130024,159299.9183428502,152916.33168304467,153557.41070523337,152581.4417664566,152200.7615296712,150847.8002586083,149649.82342463025
2022-05-18,135709.893012049,140606.896755972,152894.5144884457,146924.73839080412,147481.75967438676,146570.59037102,146243.61866721234,144937.9444557222,143830.69805144938
2022-05-19,134982.74983891906,139625.59011293703,150811.45477203827,144483.0290739607,145043.26608674266,144349.13393933722,144118.4012372865,143232.89705013513,142284.068113958
2022-05-20,134563.21267275902,139853.32618784587,150753.8346879483,144610.29450844708,145261.70651439962,144538.5414298766,144258.38462194317,143454.86473702927,142510.28147023724
2022-05-23,136800.651631916,142813.77828069162,156070.97548329615,149178.21722489435,149354.52016703546,148466.87152467173,148102.0351339982,147011.31712720278,145921.6170413208
2022-05-24,133891.9327388226,140052.08876919164,153650.00135150316,146865.42439618343,147081.55531040631,146170.3202330695,145737.61136708735,144568.5398541635,143435.3779791605
2022-05-25,137088.34397158673,143382.7077125655,156259.01799876997,149575.32664126056,149849.3936515597,149153.5180474954,148770.59343471954,147690.10092344656,146576.63662925686
2022-05-26,140886.63940979165,147018.47496251977,159490.35480870836,152770.51224847953,153220.13087465483,152612.47654373644,152317.2097887371,151288.3519434717,150217.3921316612
2022-05-27,145485.14939836823,152141.98940998618,164988.53425391202,158037.16685716395,158517.36776315176,157872.98216239014,157581.09923134028,156546.75881028103,155448.72288929747
2022-05-31,145099.1698087653,150904.97890558265,164174.95111025596,157020.73518737638,157521.88372923434,156867.5110287952,156560.93313830026,155457.3590099582,154319.79415509736
2022-06-01,145348.5414408693,151646.58612349824,165229.39868596796,158341.8003303389,158701.4752493302,157973.0208743871,157563.12106848572,156326.79597001008,155148.2354281638
2022-06-02,149329.01100868924,155816.01987959343,168073.47714691889,161636.14839263458,162043.1802739317,161477.30487375395,161145.8149204575,160093.18482094826,158990.71450404025
2022-06-03,145443.56105268135,151857.38704111346,163336.68840569817,157204.5723523613,157734.31437922808,157229.54557258566,156879.08925905626,155955.4622202141,154916.07085679044
2022-06-06,145928.02997029127,151945.91496379778,163557.75476045624,157364.46115933312,157805.2992974633,157313.74320028373,156970.37672389747,156050.94769405332,155024.42303935386
2022-06-07,147186.7791113405,153965.25076436775,165938.01743778307,159567.09608449892,159929.08664906007,159387.74579846853,159000.49589957518,158011.2621731379,156995.3338259314
2022-06-08,147450.05923667553,153630.96292259678,166099.5106532786,159624.97362869233,159784.17246937027,159189.6851693551,158739.65425956275,157687.92002911767,156663.43792680118
2022-06-09,143500.6568231263,149310.5139818877,161075.60589908724,155070.23966681294,155335.61395464625,154747.77660204383,154260.71419006318,153234.988837048,152262.1856622016
2022-06-10,138439.31899471022,143450.72212801932,154380.92017075163,148561.39069280855,149064.1082559484,148570.1668695491,148122.61374037305,147187.45247546185,146271.34139325342
2022-06-13,132002.41451897874,136702.15220634794,147851.90037658272,142173.160224314,142736.84120736574,142240.5655158061,141712.86077788833,140656.9440765447,139694.71549685142
2022-06-14,132242.05330990432,137463.32748024567,149013.48413388836,143090.06008848222,143847.90729861666,143333.18444706898,142753.38658001152,141632.10058562175,140625.64955055586
2022-06-15,136866.86634666464,141826.2871533989,153896.81552766304,147826.28891166736,148372.99528846884,147836.32261729895,147201.91990612616,146011.03958251682,144990.73924155135
2022-06-16,131344.74958040463,135628.03041184807,148296.8683162427,142431.39838753306,142860.71172471638,142168.84842299594,141399.0384626363,140050.67694833825,138995.9702652681
2022-06-17,132941.8793230255,137276.3348008557,149892.08246213236,143841.4239252061,144109.53201956858,143425.85587837148,142646.8684025422,141381.00739479446,140372.66305273978
2022-06-21,136295.9337520074,140744.58781884232,154246.21256494013,147795.61777901478,147922.28291884175,147206.4600356531,146418.53690543422,145054.6168194453,143994.5371326706
2022-06-22,137419.65776755998,141582.0706610284,154984.04121784226,148568.9021196941,148634.57262407008,147940.15825339087,147150.6968008386,145769.74097174345,144725.17008314675
2022-06-23,139466.23109128003,144028.5275220777,157872.33789202204,151104.63534787134,150878.87022184045,150204.9065903161,149356.50611277387,147944.47614899426,146920.73174898102
2022-06-24,144244.81817855692,149337.35861648165,162923.9503434021,156167.9175854982,156011.96464186866,155389.14688583315,154585.3110655705,153217.095749251,152166.61938246674
2022-06-27,143187.26792457563,148256.50890609025,162025.6783272195,155110.10295178436,154980.2974232898,154341.96966769503,153560.5039206745,152169.4485019517,151155.67959175032
2022-06-28,138824.8099028735,143672.6112999072,156898.0692153417,150110.77147928844,150290.46769980624,149709.96912871927,148962.21140262124,147611.2423238127,146606.78818976413
2022-06-29,140274.57029445606,145107.9379246909,159917.41137238662,152680.07233146345,152558.0810665076,151844.73531732595,150942.98166595737,149359.27029414495,148271.01562325706
2022-06-30,138534.76477527717,143053.38682732236,157308.1067101583,150259.97778670953,150336.45338206858,149682.96722966776,148799.29658028064,147249.0586920466,146188.499021111
2022-07-01,139449.18311159665,143482.6755412585,158889.63220798987,151507.07977122246,151248.76521169546,150487.17210010326,149468.7718223526,147769.48002665467,146706.7777288424
2022-07-05,141836.5146546111,145677.4380930222,161365.4940187075,153795.24702569013,153326.62977780908,152528.66910987496,151501.6570478087,149740.79999271146,148706.8373572474
2022-07-06,144068.48165809998,148011.89365788965,164312.00627844266,156656.76521190832,156115.00699398556,155260.28460626974,154212.41922353988,152361.31310702855,151277.4423748795
2022-07-07,147151.35142192105,151304.98172411715,167285.0789549648,159608.8768346355,159182.46673580672,158334.77341693643,157291.40501134004,155497.38752032348,154435.06778116297
2022-07-08,147335.96693220854,151411.07108911307,167480.6235087284,159704.95221612835,159296.86472559583,158429.14457485735,157393.71997186242,155607.9494640721,154547.88064631037
2022-07-11,144188.16472956364,148988.78490170158,165302.71923479746,157551.84626502858,157083.01280744936,156237.3756987459,155174.0550567874,153347.71240596139,152271.90718654316
2022-07-12,142791.39894656217,146946.64073973658,163316.1617837411,155601.07845854724,155284.96854696807,154262.79758889036,153263.6119814057,151462.97328369538,150364.67787645076
2022-07-13,143819.59477578924,147928.7856859002,164251.07163954494,156496.1606427124,156243.76210199535,155220.11311821442,154239.46874550762,152474.36085574783,151381.91534005082
2022-07-14,144333.15771744263,148923.3562335118,166428.9047245244,158219.72073337276,157939.19481664296,156868.83392602325,155855.3867844268,153933.9556902356,152723.68394309032
2022-07-15,146951.23489259317,151657.42333790928,168604.79467702808,160547.76710728699,160330.99829363843,159349.92938772336,158405.95517454273,156610.4547428386,155422.09647659762
2022-07-18,145707.66044932668,150288.1346345215,166384.57334040466,158668.63848028745,158517.39771336174,157539.5620333321,156606.40481968498,154898.72532783516,153762.0178033974
2022-07-19,150188.63266157286,154810.76703427001,170825.9713935189,163163.49370032444,163067.69203134914,162008.9857772714,161136.29667194263,159548.39046810393,158436.95310306866
2022-07-20,153892.5869407302,159027.83387716167,174351.62129970032,166859.5954454935,166690.7986838253,165716.5679383775,164872.605277234,163351.31603603496,162269.9876448228
2022-07-21,156101.77986345827,161339.5910464371,176625.26316953875,169074.6780472398,168958.81317885077,167987.90307301114,167123.19271330407,165637.31466004348,164569.90530026346
2022-07-22,153364.44544819303,158820.94345957477,174244.24621905634,166718.77801076134,166697.84637401535,165785.78498252694,164900.92908681824,163389.57878042717,162267.82984181377
2022-07-25,152490.97150025438,157800.02310044318,173142.77904309274,165542.3359625796,165634.84463398604,164704.2383657349,163797.73956559587,162314.75393318175,161211.03685677887
2022-07-26,149494.64569234822,154827.19662436386,170370.69443753216,162711.039522643,162863.44221983416,161912.95887641673,161044.78589123732,159612.90241893343,158487.49959597387
2022-07-27,157134.7487577695,162846.46613170783,179067.0361722778,171095.1234690901,171181.4086437303,170167.44170485195,169303.09862233564,167783.71833491177,166582.00278672815
2022-07-28,158671.23205192792,165168.09397720106,181515.50877264672,173426.58940967327,173370.72688373923,172270.81045711297,171419.73882526834,169994.4039851565,168818.8788596252
2022-07-29,161564.88827897556,167861.46279434074,185371.6369681951,176565.3473649107,176266.6758945594,175101.68591483898,174203.91918043426,172723.87446098943,171511.97429941164
2022-08-01,161467.60150571185,167562.17908685392,184261.74740970758,175740.63263450313,175599.5709916731,174544.62923874933,173742.44584280407,172378.61744707596,171217.47057375696
2022-08-02,160986.1698597721,166696.15578301525,182422.4512903783,174140.14297617637,174044.27785231287,173086.66459440673,172352.11350082344,171112.7989511899,170036.103328385
2022-08-03,166692.76330108146,172852.25375414515,189338.12602739708,180752.8143349013,180496.9105814102,179450.22795582164,178692.93881327458,177327.31032440512,176188.92703628453
2022-08-04,167472.23944167094,173400.54545877292,189906.9803252908,181333.7078338952,181178.0360285498,180194.18925920644,179463.74298822312,177966.63749022,176795.67548695212
2022-08-05,166104.2290787426,173130.97025377367,189629.12250971823,180984.33727654084,180794.81244702873,179833.11985283575,179040.6382229146,177576.9041222119,176478.30295067726
2022-08-08,165567.3130101822,171929.26910909396,187809.93426390726,179292.31466731004,179136.21312617144,178223.45084800923,177436.7259054495,176065.95570753329,175027.7681508758
2022-08-09,163693.30252364592,169818.23088599267,187543.00921875102,178559.7183906787,178102.66458409754,177003.18717819036,176022.2932614691,174373.29091054006,173230.37254999444
2022-08-10,169584.63941106043,176322.29993326205,193731.2932769017,184671.7174218042,184194.31584476394,183141.27174514954,182198.7641859805,180655.4514462249,179594.05873187535
2022-08-11,168622.0676958189,175300.26521311246,192626.96920233604,183626.88553651268,183193.2502036433,182176.2113039893,181269.32279445644,179746.06343148302,178661.138594747
2022-08-12,171905.25539084492,178941.88099168258,196350.86193650708,187239.06524304973,186825.9823539769,185806.11557539648,184966.1396658098,183470.18687608672,182391.73956417487
2022-08-15,173294.47488023806,180023.80478148992,197931.7896650699,188707.1973679212,188164.3078591987,187084.93179728164,186190.94702345534,184655.20636983533,183541.641328509
2022-08-16,172888.6594533087,179397.68653916437,197588.76264882975,188328.89996760883,187717.02280266664,186630.62712814016,185706.6746707645,184132.56502695117,183000.7945664653
2022-08-17,172239.12288158023,179210.1171596787,198995.14581353866,189334.39421466828,188422.08580891133,187222.63322531595,186147.66476484755,184315.7269152139,183100.23174014976
2022-08-18,172653.38011381315,180147.03425948654,198868.78470856455,189735.6789237403,189065.23003331784,187913.2193418709,186879.7996047184,185106.78751312822,183935.89098559206
2022-08-19,169287.15847577556,176677.7313914433,195664.48715045236,186448.20968766432,185801.22558517873,184606.04226541164,183511.2838097036,181702.3232319757,180525.3118543452
2022-08-22,164830.29035018152,171830.96203127532,190484.4757616366,181378.92117356556,180685.39045010935,179479.48426490248,178408.45578844397,176673.81947845488,175548.99165553716
2022-08-23,164694.00467781327,171427.42639686132,189858.01859068946,180796.68908707128,180140.43823442498,178965.87847802014,177904.77083620353,176282.69083548826,175161.25709379165
2022-08-24,166493.6112222825,173028.21932358117,191175.12683695529,182113.6886832367,181463.35444322712,180351.39522755245,179295.8181497731,177674.1805281492,176581.36650132955
2022-08-25,169437.52701742278,176169.03356426154,194054.02761825567,184658.81699570315,184201.78165382746,183103.20465887594,182123.771614606,180649.60128998582,179597.07601901132
2022-08-26,162492.60647507975,168709.6601026795,186148.66424183323,176914.41068589914,176439.46961214708,175390.2062876597,174403.94088594132,172977.0265947611,171956.80352431678
2022-08-29,160891.1225036135,166531.65059081998,183823.3163506985,174657.3860881487,174233.61051600144,173172.70546793274,172189.74004794788,170774.73858280855,169756.19278206682
2022-08-30,159099.38237531888,164853.77334477956,181585.13268647582,172599.549590477,172206.0211252772,171180.67210049974,170216.59339381196,168919.90394923242,167951.54436684566
2022-08-31,159496.95849680592,164568.50153440255,181137.55175727006,172202.68413887778,171818.51129217882,170837.76160232266,169907.93778072167,168594.44988239638,167638.33052026734
2022-09-01,159566.22958977276,163126.74100577098,180701.40782886453,171588.66809303887,171218.80481389488,170189.44020035272,169264.66618980968,167816.93128675656,166747.30892821454
2022-09-02,157311.84925112803,161209.08945814802,178055.6124242993,169194.77410283504,168925.96700047312,167929.25785584786,166998.5948798643,165601.6256819468,164590.82803250308
2022-09-06,156181.98967552563,160040.5816258308,176607.6456356593,167867.573093876,167616.27502431298,166631.76567061228,165715.02060967567,164386.29628397612,163410.22641912603
2022-09-07,160659.59442821043,163912.07317289006,180282.24055676154,171530.44643642576,171271.43914924294,170356.06151496805,169427.15555555443,168195.1809226165,167251.66424127086
2022-09-08,161492.48158679175,164900.10520150734,179760.16917231618,171379.76564938485,171322.2225453743,170520.54746423446,169674.34718223763,168658.5581472372,167805.64522132406
2022-09-09,165023.05443741588,168462.57640943318,183514.45571990308,174949.81943612656,174820.96999323004,174022.56624892485,173183.56267950335,172137.23516887994,171268.6949284794
2022-09-12,166984.49688285755,171132.05784848216,187716.60683881235,178670.66104133014,178297.0101713767,177344.6160800846,176381.84535430698,175150.16864299655,174213.37024901752
2022-09-13,157827.61659529075,162168.87826684857,177071.05354643165,168538.1584458523,168420.23453544584,167595.83651174745,166689.44684329748,165675.39304788742,164856.0973495187
2022-09-14,160402.21459574247,164194.35787257363,179282.19780793315,170691.2666159836,170474.2423587045,169665.3426445129,168718.18247628346,167694.75199890247,166870.9760696728
2022-09-15,157730.88489501664,160540.71296300515,175309.51601812185,166271.0404944051,166188.99249310105,165410.9966357645,164557.44011493566,163703.49227921263,162968.7629862017
2022-09-16,156766.45291211084,159338.80282373854,174207.37015637444,165192.38332686084,165241.21552765218,164509.67726251215,163674.6867057415,162781.34977110804,162025.10545025222
2022-09-19,157987.21638971698,160588.56748669903,176402.88698022717,167052.12691234733,166992.89750901164,166171.29939801083,165243.83291681213,164273.02196334317,163467.4485367602
2022-09-20,156727.86409855582,159592.55773227324,177061.95650044316,167188.71311929444,166859.1302055563,165858.7241398625,164830.41359904618,163690.20586787257,162786.09546809373
2022-09-21,155244.03291779297,158496.8601078057,175228.79208740746,165596.55402834594,165337.97344329246,164380.24697798266,163384.6524397452,162306.66077457543,161473.44437689643
2022-09-22,153333.29080522803,156410.82548152457,174467.25519053813,164738.6191026741,164369.09250175313,163261.61353970598,162176.04790306385,160812.41838600277,159847.46950737777
2022-09-23,150836.79284429885,154194.36644683563,172101.87967300334,162521.41132323752,162112.2328374818,161018.1137610701,159989.2363265863,158644.0637556658,157681.4035611298
2022-09-26,150212.6640771028,153189.9911631248,171698.6159674855,161894.20418532082,161340.86301218983,160182.95997748882,159066.67156587512,157654.60529976367,156660.7093627088
2022-09-27,150272.9179425176,153740.4435463552,171881.99059462457,162146.52635051223,161565.5271744121,160467.3489548148,159401.55582144894,158038.27049291387,157068.76156350266
2022-09-28,154584.63923615922,156846.1462119528,173620.67766993595,164196.1262069062,163703.73518945844,162719.8147662615,161732.62185131563,160634.56114234065,159768.3579717972
2022-09-29,150128.34280833183,152818.83115152782,168053.35744478428,159145.97506416036,158723.58279577122,157849.24219560527,156943.10830989803,156043.89057632766,155278.35631813938
2022-09-30,147582.62476216877,150046.092664198,164152.83291378102,155635.91533696317,155350.84880708324,154513.06151807756,153684.39813283127,152916.5689980521,152229.58459327227
2022-10-03,151044.98835434098,154600.63939379266,169229.6119995283,160453.36112129694,160177.26283939302,159304.80209553902,158482.87700000842,157713.8475126983,156979.4170754239
2022-10-04,155793.97221395568,160014.33894460517,174323.70265025078,165478.1653085252,165347.1344303993,164510.186851644,163691.4949101552,162921.96782321398,162213.64442593846
2022-10-05,157033.64591560766,161844.5243153401,176118.0034693942,167300.29202203683,167306.46450996568,166513.42597343054,165714.77813711343,164938.25219515935,164170.2218950284
2022-10-06,155797.31836622398,160618.9955321008,174644.26889997823,165929.2720510101,165887.45213178097,165080.6553666702,164280.40446870174,163561.43161695,162805.23650761676
2022-10-07,149860.82308095894,153935.13436412072,167459.18345379882,159137.68951044919,159074.59316690618,158263.0361450969,157470.44636649772,156758.3381042931,156044.7289027893
2022-10-10,148362.76893093158,151154.2940625866,165953.42360475176,157404.57061596503,157070.9868976564,156149.76716531982,155289.70014851488,154380.08651028434,153616.26040057736
2022-10-11,146324.5034202804,148693.3828284079,163767.95534364213,155367.8775000298,154983.29193124324,154051.86004726452,153197.5716170049,152062.10564114724,151255.58182122363
2022-10-12,147596.9029626173,149484.36892138884,164632.84968174482,156286.04109933964,155928.58174522294,155021.79460463134,154140.3304925654,152946.03060240252,152121.20229028972
2022-10-13,151058.38164026674,153764.83431614403,170498.2546552831,161707.78130719851,161168.98735730266,160110.67223400925,159175.85542061398,157763.55423241173,156815.16973793958
2022-10-14,146517.9586716037,149389.99330523354,165598.21550079246,157162.4958891347,156679.64133974316,155595.27441167022,154614.2730510895,153206.84731437283,152275.00139669047
2022-10-17,151356.20612082075,154112.43436696945,170993.23713037965,162252.9415737964,161653.0365753836,160509.90059402358,159427.20572452,157997.5967246436,157044.06768137537
2022-10-18,152553.15816029042,155696.5023301612,172315.3923462423,163555.48114370534,162841.47757440797,161712.7341067934,160612.20457428542,159261.6558146509,158364.35233093746
2022-10-19,153319.3246294023,156254.27291261483,173143.32914682452,164577.3268362452,163916.63236544555,162760.43326956755,161676.94384585574,160206.35716640204,159245.09002641228
2022-10-20,152537.08516531016,156339.41199469013,172878.98045862315,164468.48547030726,163959.1199902699,162900.79960035774,161876.02123053258,160393.95397363996,159416.68692664083
2022-10-21,156113.75307814698,160456.13610198084,177253.61629780688,168562.3060556281,168231.016626434,167136.47863539352,166095.88871834983,164621.8458522523,163625.61432601407
2022-10-24,157831.19414771118,162349.21759146152,180052.0922671578,171194.49313042924,170768.78284176713,169608.23749538933,168515.69012407234,166901.1241087359,165821.07420372975
2022-10-25,161096.07505560247,165904.9904289775,183447.86301165863,174581.32602609097,174023.71141605216,172889.7215139982,171757.41822843562,170118.93570455472,169079.99576812115
2022-10-26,158858.94623262293,163892.06560711365,178618.06986103923,170606.75913364562,170569.47890916446,169715.28303809857,168766.34807119454,167525.8033065553,166634.02702081366
2022-10-27,155966.75777749802,162195.64797091266,174921.77511546493,167484.14428059052,167612.5026319972,167049.97004354896,166181.2800431216,165212.9007603013,164470.51037625113
2022-10-28,160739.44295455836,168723.85499393474,184915.03499677958,176447.06440544873,176265.86197391554,175396.62509818838,174362.59751578045,172960.44892764234,172002.58080956305
2022-10-31,158870.35931133537,166714.40321974803,182117.4803310578,173838.60000784387,173809.89292562977,173009.7116119302,172011.51357568978,170626.82000456916,169717.6023673925
2022-11-01,157247.09445108444,165426.91214977772,179657.99615755843,171693.8900356049,171828.944747663,170992.42090281096,170155.4890085831,169009.95638987573,168166.76565807086
2022-11-02,153179.58495549878,160630.19476973568,174582.08736740737,166900.97017517354,167163.00041175354,166416.16034273506,165621.01913606835,164401.64071790222,163542.3406019591
2022-11-03,150187.26970005344,156058.5832781674,168829.02697111023,161583.28473805115,161920.11034352204,161131.30798433674,160379.6190444216,159202.1816851614,158468.46321179578
2022-11-04,152603.024430208,158084.76430700888,171412.686448913,163948.9002989207,164513.0649965974,163613.37891783073,162974.34132644563,161767.75186656395,160925.27230814562
2022-11-07,154280.85483453528,160426.578140825,173881.6608005579,166475.83479761414,167143.6227505095,166264.41078018374,165656.17642688792,164420.55073640568,163474.17240302177
2022-11-08,155405.131644101,161918.13434298427,174806.17596305133,167480.57265746687,168204.25520505765,167477.58669912454,166947.91783516872,165863.21445377058,164924.8247662157
2022-11-09,153141.46913678476,158928.71911879053,170912.22418209832,163931.68958334826,164854.05260409354,164177.86028473853,163656.01988129012,162658.23783659365,161771.15152217896
2022-11-10,164441.53778281188,172393.97075578745,185711.61303645154,178050.21195129532,178680.5930342347,177908.49155647625,177390.2716007156,176371.63736164506,175408.60455054726
2022-11-11,167471.54103986296,175910.44155369292,188948.13310833913,181072.0508622495,181743.13916610176,180974.28391951337,180497.49122490737,179551.1760229999,178591.33793336997
2022-11-14,166005.97087371434,174231.7644626884,186733.95901787013,179190.24563180175,180005.9533877231,179246.70514011304,178737.37962447183,177819.5173657385,176836.66477334203
2022-11-15,168303.20722102287,176747.16663603604,188480.55777030488,180977.81443102274,181917.43301116012,181277.61652854417,180840.20669126377,180050.4937374952,179136.0783335052
2022-11-16,167328.47087371434,175056.3275800523,188583.44671997815,180654.00382090273,181379.02813716483,180571.37053403625,179909.91056359597,178868.8305924403,177892.31471852853
2022-11-17,166959.15943634693,174958.0209551227,189616.63384097055,181573.90398701065,182229.5679604993,181289.09645785025,180578.5590885558,179360.02312179626,178296.89789980967
2022-11-18,166965.0029137796,175154.601893848,189724.517063536,181643.71614995121,182345.06470719227,181424.71472554494,180709.6265643119,179579.43882976737,178542.60842442408
2022-11-21,165247.46018323823,173070.03293389836,187396.24631143175,179364.84287525268,180114.1179495845,179202.6946112996,178500.80677097614,177374.76875577317,176375.09643647747
2022-11-22,167627.45908266783,176168.39603149524,190456.10720678366,182498.621669942,183437.3172327778,182620.58075264454,181958.99759885555,180782.82981863874,179721.92201908136
2022-11-23,170632.36767616883,179373.76273799437,193496.95831271607,185520.51933463744,186424.67370687958,185594.56409279827,184921.37555303503,183721.6492310562,182674.20999222284
2022-11-25,169509.90849384698,178248.14468818842,191658.78098827615,183920.71435087995,184888.65052156948,184084.10936970645,183424.04931303998,182353.09279667097,181355.18999781884
2022-11-28,167022.63154718126,174480.59560982912,187080.41079688165,179831.87887385683,180836.42282976303,180095.214759166,179433.58918384218,178424.7901278545,177501.1264494229
2022-11-29,165758.35345664085,172865.1969936147,184526.38886137324,177589.30902426163,178753.58657875683,178090.0469452068,177502.0006320426,176624.9350580675,175730.97526865904
2022-11-30,174637.0948533459,182634.73131211288,195748.31335951682,188270.79272211305,189355.19936406406,188603.4692279418,187965.69577298235,186910.2199178381,185890.24637253667
2022-12-01,174851.39066145322,183280.37082222124,196072.60958050453,188276.96429718472,189331.15141329303,188660.46838832743,187966.37371353165,187113.5591033026,186166.37492360637
2022-12-02,174154.85487683763,182251.58060898093,195664.36753965906,187608.96473548416,188503.98686772003,187726.64369809238,187006.5035218166,186041.70756374032,185088.0757451815
2022-12-05,171231.93074210684,178781.96090045184,193113.32631917126,184899.66634817974,185639.11582811852,184783.44774987292,184058.74368444583,182970.27946103882,181949.44460619168
2022-12-06,167683.97716706293,174897.6642895643,188482.7797424733,180670.74476441657,181532.91582089776,180768.7587490118,180080.588753823,179040.64543211472,178056.19515708808
2022-12-07,168321.86530718667,175422.3038955152,188385.13248813094,180661.80986786302,181566.33430033203,180897.41480600773,180286.72451397352,179341.401306506,178407.1883043348
2022-12-08,170313.94943442373,178479.29211150933,191179.6641857007,183437.17674466618,184399.14368436238,183758.01498723155,183153.1222878683,182187.44192292367,181265.82377956767
2022-12-09,169227.87284800012,177395.07976230135,190126.8038989345,182468.87466867742,183436.93909111645,182730.49869123456,182104.9984302358,181107.1321241722,180193.64181915254
2022-12-12,171351.89636236322,181287.70521619273,194487.35419021407,186553.7665004412,187455.0842963889,186718.3296160629,186074.5127087587,185061.7421108424,184125.30700571614
2022-12-13,173194.02294828522,183450.89345060778,196522.15679093808,188570.41196358405,189448.04853668433,188802.64505875437,188160.83311875828,187154.0418939963,186236.1150864154
2022-12-14,173232.41541020252,183403.5212529218,196240.68784607595,188344.14066834276,189285.3964900691,188593.19227289822,187916.22849332713,186881.99202083654,185970.3963369971
2022-12-15,167415.9204361308,176456.2090557694,188597.3033034066,181202.25315478127,182204.2897211776,181451.23507826042,180759.3840157787,179737.67433346444,178853.6537493233
2022-12-16,165819.6930632298,174148.92410840682,185847.47202678063,178728.48110901518,179693.3204902352,178946.6002792534,178333.76908020957,177449.6420869296,176602.7083053948
2022-12-19,163489.33524348677,171638.71242746979,182872.197131758,175950.3407673139,177042.56859759337,176359.50353363622,175781.32073810213,174931.67222944705,174098.3434272339
2022-12-20,163362.08672177893,172017.92718516864,183145.52439612863,176261.79935772612,177340.81467854063,176697.88655168752,176078.8678148031,175226.90685579542,174393.58358558087
2022-12-21,167054.28105558216,176064.2809831191,187632.35890150207,180570.66009369557,181718.5132479635,181038.91468790302,180406.91837145996,179472.34733653796,178602.60631864262
2022-12-22,162967.27980856292,171700.0718615072,182823.29290672968,176120.1484779218,177332.2712608561,176593.8539184694,175833.83783831462,174897.05203562672,174071.39965926786
2022-12-23,163333.82709100583,171764.6663342757,182757.64985372176,176124.50424188585,177381.55714282976,176685.84500368813,175973.22566076324,175064.5765759055,174230.9632234141
2022-12-27,161024.61920482444,170085.69621922425,180457.5568934325,174022.70742627603,175459.2774508376,174844.44986362124,174163.14085054613,173324.22963398515,172530.81518226885
2022-12-28,160221.15639328666,168733.68663456154,178307.74506532052,172150.87740160688,173647.7907286947,173084.0695254934,172456.34359567953,171726.21260994728,170990.18636971977
2022-12-29,164126.5633548223,173333.05929478531,183162.23064826263,176752.59635512307,178190.60298459348,177611.15279657798,176984.97150603062,176275.76090299356,175542.67957431293
2022-12-30,164027.95651454868,173240.83460548008,183027.853217822,176667.2435365801,178138.18224549817,177544.22778580687,176895.098403241,176122.55788880252,175365.35012365517
2023-01-03,162919.2008474488,171581.2295240987,179613.73460170336,173980.1910341016,175758.56505525144,175340.98473101083,174780.78886259106,174172.02807478636,173483.89976378795
2023-01-04,165216.1990535517,173845.1063632575,180043.59277227405,175018.94015145578,177249.88983909643,177014.9517917512,176651.68663125052,176225.92821867228,175577.65528784596
2023-01-05,162629.88059830797,170244.77718760842,176764.8128675573,171759.61796085697,174056.79228430128,173710.6075113714,173340.30613258714,172842.92544501994,172161.3335451258
2023-01-06,167118.66765136598,175114.54333663738,181841.00688566093,176754.67804344057,179302.9604557427,178919.31899765175,178602.2908658157,178113.00610283628,177361.68164636084
2023-01-09,168200.49316270254,177308.65613412077,183519.0194292165,178628.04188130875,181095.59918756355,180766.63996694022,180442.36469184124,180019.8548436806,179266.35802165538
2023-01-10,169624.2242214519,178457.7122305568,184723.08614683468,179691.01935083992,182161.17763664728,181800.6276309362,181497.19775978572,181071.0696603638,180319.865741434
2023-01-11,174079.60276593498,182987.9898301459,190277.4634330659,184736.90889599288,187083.9691529873,186674.03220360828,186331.51809487958,185807.41665990197,185035.14469384903
2023-01-12,175020.470441041,184416.9927578985,191527.6460480922,186052.9787889668,188442.8219857746,188075.31616182264,187702.99967998912,187113.90369655602,186283.33843428674
2023-01-13,176224.66609869784,185194.95656942148,192703.08232805983,187015.52740303075,189262.0292094346,188822.9519975994,188426.30967565448,187806.0419867379,186985.00010158622
2023-01-17,176582.11799779153,186121.9159468713,194319.32270344175,188335.89992994134,190331.6612980126,189763.30106674597,189293.38487933838,188663.5746413085,187877.81441103865
2023-01-18,175807.4565321425,185297.88126613718,193430.64212010588,187331.23690932806,189295.80126003458,188745.38961967567,188316.36363687273,187711.43673407106,186963.5839538121
2023-01-19,174080.27704690557,183022.56267789082,191950.7717750919,185835.6387680168,187578.630045655,187009.65409552492,186564.0301710937,185815.75911851996,184979.93490732028
2023-01-20,178844.32454828688,188146.1413768217,197294.6302222024,190996.76227354258,192651.68789085402,192101.81425635985,191671.53440112408,190907.24918720615,190010.55123684066
2023-01-23,182817.49018701646,192613.4491673902,201174.04072527288,194896.349779247,196741.14528654987,196268.80784568185,195941.07442259425,195254.89661112148,194385.28610652912
2023-01-24,182444.2176151325,192290.7731051737,202015.56821328774,195525.46835715,197228.2093907513,196608.91265012533,196188.01516587884,195343.13516967962,194386.50154520987
2023-01-25,183560.2242142219,193405.5213372115,202871.62702658764,196482.01558503948,198185.8340181948,197571.79863902592,197138.54753866265,196344.21717346492,195393.32829105327
2023-01-26,187139.10209733885,196483.9206605379,206521.65949528222,200064.7223839458,201534.7665713643,200770.70229976482,200299.23210560868,199501.6706335158,198550.67529828273
2023-01-27,189002.00552410612,197386.61942876276,208512.88012771026,201766.39848790196,202935.51615062144,202052.01805666502,201463.2911856432,200475.26541844444,199510.521748367
2023-01-30,185180.63915475452,193528.8683329045,203912.3873343074,197496.45529604453,198850.84710933527,198023.90405299014,197440.0914688197,196550.58561385688,195633.2075309426
2023-01-31,187955.7431791279,196467.08076479394,206538.66260618498,200096.04521983984,201488.80724391248,200697.5553924942,200132.11789212638,199322.59980702866,198402.8408477612
2023-02-01,193495.76589807385,202810.21014250995,211435.94058995123,205145.66956868584,206826.45393257984,206262.5573577473,205872.82338087884,205282.94170839302,204415.91875517764
2023-02-02,200440.3003488786,208855.31427465446,218922.88237222622,211998.63728268616,213160.16775776737,212492.0326888857,212008.41436464648,211214.7589378855,210301.63298455157
2023-02-03,196878.03075749677,206640.6458802427,219131.49403430978,211579.1809618107,212544.81162565935,211527.69689915763,210888.96094691847,209808.26653922067,208737.5813625005
2023-02-06,195212.6261756104,203928.8264266982,216712.88458755123,209161.2825622776,210119.2478728448,208994.59655465095,208278.25697465223,207189.98002599063,206097.6651965313
2023-02-07,199257.200205262,208815.71256527794,222711.50168828398,214652.69626635872,215305.73844654177,214079.13589491873,213374.99199339587,212210.09934157087,211099.70312778302
2023-02-08,197235.0288363689,207692.6014397055,221951.48807934806,213808.7626532871,214205.90648427227,212946.817040821,212169.7545891092,211054.20160404418,209983.86675220312
2023-02-09,195491.878272795,206816.1426215812,220420.65096256995,212532.6565652748,212942.07653839758,211705.10325558498,210959.0804252129,209942.7033900568,208895.5015543988
2023-02-10,194208.84220999782,205501.4366637989,219457.5145698589,211399.86538221646,211861.95325211316,210653.5466678691,209916.09616997567,208910.9571313117,207864.12594402704
2023-02-13,197319.24613248944,208995.90662430334,224355.08866343455,215894.98828373352,216221.35445585195,214796.26572443405,213887.64558146792,212655.42359949942,211551.01450758177
2023-02-14,198777.30226091115,210105.7178154923,225064.66773118137,216602.3869761156,216850.23618738996,215452.315704008,214622.2865284674,213618.317065769,212535.03592404068
2023-02-15,201820.99727788224,213106.29969902037,227197.34213741898,218788.30821885366,219071.8028323894,217677.28301139252,216949.0437219218,216212.2106119744,215272.2348798127
2023-02-16,198033.99228399832,209219.8537205607,223169.88917724218,215295.72277305418,215549.12094905545,214085.62510136102,213304.25294195363,212485.2967030166,211554.13012816265
2023-02-17,196636.71557109008,206657.56379989086,220358.83735348517,212496.09005490938,212808.08096093146,211400.60762674527,210649.58324524856,209881.1640568101,208985.39266121277
2023-02-21,191981.31799942505,201659.1331769119,215094.2297979945,207370.38720924538,207663.27501655268,206311.83838181326,205562.62073815815,204808.30217813142,203900.12979114655
2023-02-22,193645.8531066344,203134.11300545285,216551.3222942001,208811.4140953762,209051.726156711,207766.60174042187,206988.36839422677,206313.9360951686,205331.31730843752
2023-02-23,195337.1179348143,206258.66304313962,220163.56220660853,212333.1804997941,212518.10509443452,211149.43579301127,210358.23601386347,209623.86244521223,208520.76492405246
2023-02-24,192066.4379593487,202672.07702386996,216233.61464200052,208337.3605660682,208697.10399254932,207490.05764895902,206748.09742225215,205973.55730132788,204897.38756192004
2023-02-27,193441.8279642109,203578.83995575405,217609.25132165875,209631.9477990833,209880.55926528666,208560.65704119758,207784.40971004288,207034.6477326592,205959.69754769665
2023-02-28,193191.72534869713,203365.1219998663,216800.68275994243,208952.20078012955,209307.20187912363,208024.62567522944,207316.29407680235,206659.8639594298,205602.56436296809
2023-03-01,193159.50639374217,203315.1034508941,215449.45823593924,208094.34463213905,208689.0534601002,207504.10984072796,206894.8335911994,206363.44114427795,205364.88711079382
2023-03-02,194758.09372358126,205729.98270255714,217904.6686236413,211007.3889985953,211574.7802771328,210305.89169292024,209619.65213161506,208953.1934594121,207889.48092111733
2023-03-03,198784.483348255,210047.63307601138,223568.17109558982,216344.90239317532,216801.96172424275,215330.8104163387,214494.39057631092,213555.49855747004,212397.13287471613
2023-03-06,199009.9787023179,210809.94887371187,226028.94538967885,218302.21738273677,218458.93676897185,216895.88274123278,215964.6473984715,214787.76888342897,213536.61188852123
2023-03-07,196569.0250965998,208214.67428060825,223028.49651964236,215483.88795809218,215625.2582554877,214100.46894946188,213175.6331132452,212034.31631179716,210824.34082744308
2023-03-08,199071.595826461,211382.32978673445,225902.599306442,218399.37683293514,218659.2812651082,217204.57919132747,216340.7962386576,215321.12919231254,214105.45217951018
2023-03-09,195622.53417970202,208053.1957025601,223072.09491791352,215581.88303573008,215738.17206911734,214194.88720913118,213302.37520255634,212176.16130414614,210919.44115156532
2023-03-10,192875.23300211984,203938.69193472658,219703.5833291404,212269.63978102134,212387.5134732798,210776.1825511711,209832.63142538653,208586.69370910726,207225.83221640997
2023-03-13,194305.6758041879,204888.1619031279,222411.02056160272,214439.463887623,214370.37744691045,212554.4862629203,211402.58513609672,209868.24442613986,208429.91655102686
2023-03-14,198770.78775789886,209512.6054341743,227335.38414482775,219302.1735392905,219063.11636336235,217265.20546603124,216153.71383252073,214645.29779621513,213124.2161642429
2023-03-15,201334.40571765133,210957.30079826195,230332.40715749748,221985.5393691329,221403.1766309299,219477.4633633661,218264.75762933693,216397.01775689467,214746.54400624367
2023-03-16,206641.70118428898,216719.3075683594,236671.51397390294,228260.9302789375,227651.81228499796,225728.3598034009,224531.92556945834,222572.25258391583,220792.81118159433
2023-03-17,205665.15814655696,216128.93191658973,237225.87131124767,228654.4690728299,227900.87266556415,225892.5484183718,224631.65551930718,222427.93679659555,220525.00580367944
2023-03-20,206395.01966485672,216790.13646131445,236900.7821237602,228696.1294436513,228242.98189516767,226260.3842661188,225062.8243453054,223019.02742792774,221173.8410423982
2023-03-21,209342.87327025356,219234.2758422304,239296.94065796866,231002.9350715473,230408.30460147565,228389.6120231656,227151.68512591426,225125.56637193033,223360.81487311164
2023-03-22,208017.09518606393,218092.5840573325,239324.36485712594,230761.03600556427,230134.02526815984,228029.98162886564,226748.4480087309,224473.05255743297,222607.19069851818
2023-03-23,210483.76241964672,221172.1720562333,242581.72497645987,234039.075279927,233522.7179121117,231435.1863557304,230154.10078720748,227765.6866638315,225856.92434585682
2023-03-24,211258.40303761532,221572.56980063993,243853.81110350759,235313.29403930265,234670.47353524202,232416.55513647757,230966.27928962786,228268.8829164787,226287.20791824575
2023-03-27,209811.0253783982,220184.43908780598,241191.11054495687,233028.23687026577,232629.04828936642,230520.12104931637,229083.5542861125,226565.46565857634,224695.99698706385
2023-03-28,208696.6004183773,219237.1941140716,240213.7735483154,232205.0103854151,231798.0036560364,229594.18625965572,228103.60073470353,225557.9791943831,223688.76472288137
2023-03-29,214022.80624219816,225238.08610049813,246394.36228734124,238224.98202171954,237759.49686813226,235575.17077739956,234223.5241089386,231733.8339433163,229822.32140447162
2023-03-30,216048.66636140738,227511.39196720623,248836.03696057922,240518.4075538863,240073.55967181793,237868.32618889946,236519.82133742544,234067.24004537633,232146.57306513953
2023-03-31,219641.6486377727,231206.1340270204,252569.46748477078,244095.28896099146,243589.38977206463,241372.37323920612,239890.27400964638,237488.64562375366,235594.17303004014
2023-04-03,219107.84252720446,230900.24189809346,253629.67688699203,244846.96896334467,244166.67763679847,241795.20941176743,240185.46178376218,237597.306939519,235622.6088646434
2023-04-04,218368.70671075137,229436.71849851412,252660.29089140953,243980.5380254748,243183.58993070677,240811.83913901562,239095.64410784375,236336.6865190194,234286.16724607875
2023-04-05,217733.7795637491,228198.54122444088,251603.79551449048,243044.67991654313,242348.70543537187,240011.2007547174,238269.08341793466,235373.73545521614,233257.1137289344
2023-04-06,219201.74858820825,229382.03623940336,254320.65206631544,245123.87779183258,244205.24660710964,241787.55152140255,240009.6049056123,236814.80216653136,234620.01204129512
2023-04-10,219077.7356564902,229249.201858243,252221.45873273353,243400.9190376795,242714.89848251105,240469.93374982063,238964.34602849884,236159.8568316202,234120.92626618117
2023-04-11,217671.6980165441,227546.3649615957,249315.3171495641,240676.7257998313,240234.60350438193,238074.35173779685,236684.63989340528,234103.28805983177,232189.23815300272
2023-04-12,217269.7182946137,227702.59008821074,249858.34795640793,241137.53427621143,240550.97888407815,238319.05598778932,236846.25020991126,234206.83816560064,232335.9962541796
2023-04-13,221524.3708483446,232109.7793019652,256215.03808339074,246851.1863071042,245879.75617077257,243412.8816196279,241807.45099501195,238918.17172041046,236952.8535197457
2023-04-14,221107.90757685114,231222.25606072877,255267.446176638,246012.03576784086,245013.2596066569,242511.9790230679,240896.1212105886,238051.4165855775,236064.8529934684
2023-04-17,221295.29228568682,232061.13391158698,256273.28759032238,246979.14106282892,245924.4518206416,243349.68364159027,241701.6965869851,238887.33895292855,236899.72428772488
2023-04-18,221309.18303594983,232717.69549166865,257538.63345335508,248172.75397255187,247032.67946352673,244380.20996608568,242659.13540146893,239760.67404772274,237737.19942814735
2023-04-19,222725.9314165599,233752.24887915773,260036.77945832428,250185.79127283508,248850.58293911,246131.75854657427,244323.14172775703,241141.26161266418,238902.4612726574
2023-04-20,221027.7869139627,232075.75611816676,258147.9527389549,248120.81911214936,246877.2680686245,244320.48099664116,242714.00805022728,239608.16824655983,237338.69251408798
2023-04-21,221258.37523049957,231390.4317785373,256847.1934845226,247108.55496806608,245932.9337877798,243397.90692009433,241791.41622483332,238755.55206959645,236516.51998633647
2023-04-24,220797.19859742583,230386.97480904797,255656.17789199975,246029.96461890533,244903.12737122885,242386.9511493604,240780.1295311904,237835.25255434104,235613.06233888504
2023-04-25,216632.07885585632,225412.47160980472,251483.9150932892,241881.25122778688,240589.14001624507,237908.5589602985,236256.36669351454,233086.59236785877,230834.94794315824
2023-04-26,219466.7264933915,229931.52408274656,259510.8710079303,248691.28208777736,246675.93746524386,243690.11933590224,241915.65984033694,238217.03960749332,235736.07343720875
2023-04-27,225434.25039782806,234286.20126244205,266291.6792776349,254757.3771930716,252336.83723280003,249192.60556046662,247317.8892710531,243339.53714696414,240710.1207013725
2023-04-28,226989.4539588258,236743.8647275517,268908.78716924734,257501.35776581123,255111.59014081696,252034.53614063316,250226.00491103393,246117.13347387497,243385.48732321264
2023-05-01,226729.08883721713,236990.21895395,269233.03157197835,257911.2953113027,255474.23090860035,252302.223728718,250393.81090339264,246316.37132040213,243577.21630147938
2023-05-02,224751.6543980121,234335.5104060857,267319.92646181094,255572.19200936446,253044.21919676752,249871.7738513042,247957.00276537097,243858.3792625703,241020.5230700985
2023-05-03,224801.80705801584,234199.52158293096,267331.6842064414,255345.51269864995,252739.75112178907,249452.3423646394,247518.2320608769,243502.2108450843,240750.31209544884
2023-05-04,224008.2462484681,233250.97308293747,266297.077237021,254182.39640653285,251498.0807693042,248213.48832601844,246309.48103284708,242423.51860460735,239739.21255034464
2023-05-05,228769.41263285524,239419.63186578781,275144.477424125,262305.4941361819,259255.66444558083,255679.78583096815,253627.8089050662,249288.6256670387,246345.68102453495
2023-05-08,229336.18507598952,239673.80269604432,274922.47175715165,262128.33291653518,259094.33784373605,255613.00325792833,253582.71333377183,249330.26095484072,246449.81156779116
2023-05-09,227883.80450306146,237931.69073026473,272626.8360132326,259924.35100693075,256836.79509710916,253371.44366114453,251323.60264123656,247208.2926180235,244379.9146913564
2023-05-10,231884.3999085195,242044.0596743369,277171.9744270997,264226.1095450974,261079.43176035298,257566.9931891676,255433.72835368107,251228.33847299978,248398.66399822332
2023-05-11,232640.4018506458,241020.87008151851,276365.0406546533,263367.1190745981,260163.19075040688,256591.04986108266,254521.12982020914,250244.21849238343,247395.64873771396
2023-05-12,231805.97389150297,240540.48380904857,275103.21151116036,262245.00637714105,259241.26141649007,255778.42952439608,253722.6595322053,249574.9074825273,246795.1891366173
2023-05-15,233061.14533395504,242568.1068463639,275604.6588959158,263162.4919946877,260355.85880500113,257019.33147334534,255204.96381282102,251242.95586203312,248553.40705731118
2023-05-16,233325.03678323116,242405.93501997713,276229.64883974515,263681.09693822556,260816.83321294512,257440.10718450305,255584.21650600943,251438.18504768584,248625.9404281711
2023-05-17,237670.15851943186,247476.68748600746,280309.8271953523,268090.56560477254,265328.040364043,262109.20421679007,260358.0079333376,256274.57185461716,253483.5453240805
2023-05-18,242084.44703209115,252335.46991692903,284988.3177721078,272725.2713856156,270087.14811867976,266931.5352926657,265251.3224163306,261258.6592789027,258400.32152047651
2023-05-19,241538.92206118169,251877.19142847336,284421.2392114503,272478.2184878975,269910.71131966205,266683.1838290961,264935.5656855643,260860.53763186856,257999.94389149017
2023-05-22,242350.03802456273,252523.80086887509,284378.1376308135,272430.2311030702,269871.6229996708,266751.0443188953,264981.4871141696,261032.89320634623,258300.4611802019
2023-05-23,239277.93575472952,248675.72137467706,279316.04667632,267977.571919506,265641.23389845155,262650.8455135867,260947.48146048456,257010.62493042587,254285.747574007
2023-05-24,239571.43542293235,248658.6058048262,280097.0587646307,268659.8353304261,266181.18109069753,262873.9876968945,261088.4345657852,257061.24074444885,254300.21728915774
2023-05-25,245400.90902618007,257513.77471496206,291164.92376245494,279888.46671465563,277153.11636391416,273505.59298228985,271548.70842511224,266954.40905946685,263856.0643053207
2023-05-26,251670.99832634628,264347.802768367,296307.41486368794,285831.6217092637,283784.5837232459,280083.2450523082,278187.68776439043,273831.5398933052,270702.56109337986
2023-05-30,252812.32271308795,265731.0203671957,297698.4069768029,287425.4559885093,285448.9418322956,281629.84448211413,279602.7320494277,275124.87110316195,271976.95283175324
2023-05-31,252895.6937797061,264826.5027756037,296278.8081738553,286261.6945501385,284476.1449063515,280722.7775841739,278575.58304239565,274012.8470950481,270883.3167147185
2023-06-01,255817.1626283029,267558.12094593234,301930.98964623886,290996.28570223774,288671.18997251714,284755.01933322975,282526.020877114,277807.5732986274,274575.83276074665
2023-06-02,257735.68921931827,269413.0506830023,303347.5901211328,292547.76038832293,290283.2617110788,286392.7773707192,284124.26608925563,279379.79817480454,276219.5197806613
2023-06-05,257917.43984607275,267971.0078210328,302061.4075582028,291109.8180851928,288634.7602436953,284919.4361692547,282620.7107141343,277947.7184348667,274747.3738097898
2023-06-06,257873.8061237318,268415.71143562364,301123.74153326295,290305.9110411808,288164.73079410184,284680.4911523009,282504.9125385463,278011.4989476391,274841.9244305727
2023-06-07,255019.72751802698,265940.83054878155,296851.9486029997,286443.4831498994,284708.2275451771,281210.246032492,279189.20402351423,275054.51912032155,272047.97056451795
2023-06-08,258185.36934636204,268617.86413688335,300109.537595516,289804.62421893707,288027.55476883845,284429.2002183931,282263.4177255112,277980.42952629935,274894.9273555917
2023-06-09,259172.34690464387,269735.9482015006,301190.3312262058,291126.84033984924,289482.8812172584,285943.3482788251,283720.62540457014,279206.4578819556,276044.7155059119
2023-06-12,263551.63457471004,275364.76424127934,305990.44168184756,296175.945507067,295103.39350204566,291603.4389008794,289379.9195686653,284806.6017725884,281598.7420016173
2023-06-13,265576.7669796461,277345.4111602021,307441.84809968155,297684.87589809083,296585.880438442,293065.33980184735,290842.6425936089,286484.1446405111,283311.0675584481
2023-06-14,269027.67883629043,281159.9386164455,312312.2127017767,302722.45801247156,301875.9997105153,298173.70227311703,295836.7583975727,291131.18834219204,287788.2546671943
2023-06-15,272233.3795986218,284828.0089750396,317337.17981600936,307394.1121620578,306380.677092817,302484.7050133666,299931.66637194017,294975.04691386863,291551.6957509094
2023-06-16,270520.2580909968,282367.66356864304,314843.17986614036,305282.30869820603,304177.05932653375,300283.38046925276,297715.3706326769,292843.30338910327,289463.0074992222
2023-06-20,270132.99898506247,280723.1461234402,314212.53091787844,304767.2038756087,303281.9792475826,299325.571722688,296764.5284704067,291722.60631083656,288253.3791401144
2023-06-21,267972.532443997,277940.0443239068,312871.4649980618,303010.2523396683,301205.7708477492,297171.540098988,294609.07674510404,289579.3286921114,286129.36601044895
2023-06-22,271134.365908403,280226.589258832,317216.80444104684,306641.09224758507,304287.4824393079,300025.06910392834,297405.5221874113,292195.01313499705,288634.41856538586
2023-06-23,268446.5151658737,276971.16696896654,314924.28795947554,304206.31773113913,301526.9263087428,297251.9888587499,294589.2819679875,289312.1287860966,285766.60222329403
2023-06-26,264847.77706859476,274723.3385723502,310140.62722150947,299789.9962353669,297585.60923264275,293657.81419262703,291212.91237051156,286308.45486070716,282958.0474386198
2023-06-27,269401.63845300395,280278.27824721736,315493.398385335,305052.4830029235,302975.71294396254,298965.5278522225,296546.7438115596,291759.9599741468,288362.59337644145
2023-06-28,271448.3042309623,282522.5581103074,317607.46608687105,306886.62735513825,304576.71912419476,300507.6420254593,298062.8644907725,293287.0763131767,289918.40257498366
2023-06-29,270904.64540305635,283131.3636972516,318039.15757480985,307395.03263128246,305336.7236559676,301248.92467091745,298700.1294694093,293947.31250843004,290606.37370633887
2023-06-30,275082.06252904126,287593.32677726337,324826.18701212044,313570.08695888915,311146.12648565037,306842.07945832,304144.9065687884,299228.42448800185,295781.56540949544
2023-07-03,275729.898136904,287105.51913031243,323042.17374997906,312200.23650753964,309974.9609632108,305775.80834119563,303220.18621864915,298483.506583407,295076.66357252275
2023-07-05,277243.29722045746,286844.2335824724,323768.0251420019,312962.10611177754,310403.3756220953,306218.5765971384,303554.65527725057,298726.948935404,295279.33617832145
2023-07-06,275131.86150464474,285732.5802436071,324834.69691357424,313328.0732071752,310370.65016354155,305973.41666943696,303190.1142293926,298173.0278217338,294664.24732112105
2023-07-07,274218.3993735271,284758.3003673009,322690.31710577157,311594.90327641065,308731.95124889386,304381.88042478997,301623.37544257473,296718.4378521375,293306.4064621623
2023-07-10,274308.279392645,285902.5920820225,319424.40678505145,309553.7121944413,307465.93170309404,303509.18603434385,301017.888644581,296740.52809110784,293600.8710316801
2023-07-11,275663.48482849495,286981.5055575445,319842.8729850984,310540.5796401889,308474.131797805,304404.78447715164,301864.87595660065,297633.9309688774,294543.2870681954
2023-07-12,280666.0352868252,291503.77150149015,325734.99507390574,316121.6446520422,314046.7544062752,309867.80283018545,307210.3976457488,302582.0122230249,299369.75998103456
2023-07-13,285431.3646804479,295848.69102328265,330000.10216236993,320435.5719684288,318208.70142510894,314032.22699443734,311406.2038213799,306834.82991659356,303611.4981193067
2023-07-14,285371.08700406365,294790.41965782543,330535.06248721416,320484.6747367987,318210.64869468263,314045.40547645174,311378.337625436,306611.9685156203,303258.1373268449
2023-07-17,288036.0576118756,298714.6709048014,334173.1659519299,324122.67913497187,321859.78098049114,317707.8986367355,315107.1320518078,310418.2304334569,307089.9794301155
2023-07-18,290392.3859248475,302093.259268069,339016.0645547449,328537.86403150816,325895.95847609395,321549.39027083263,318786.49394804204,313793.9823828165,310333.0910100487
2023-07-19,291845.54213779164,302818.788225854,339805.06139459857,329617.1944452237,326910.37444809155,322595.82612893375,319768.5349779877,314684.42206345405,311261.82577236835
2023-07-20,285117.9528470945,296410.5932490052,334045.94618460187,323918.000011404,321126.10017339385,316780.61469991563,313935.6207677625,308799.6574041169,305353.3473645456
2023-07-21,284262.776134989,295901.8364313872,331053.92051462736,321493.4199017858,319447.7674309409,315371.60338756384,312693.0082914246,307838.54737979744,304481.40921830264
2023-07-24,284716.85060001496,296238.8065642865,332736.33591128665,323016.45161769126,320789.9605467798,316632.16962745157,313977.28287558974,308959.0453334865,305513.67299573956
2023-07-25,286646.5965094776,299608.07724741864,336023.2061306801,326231.2290884568,323988.25141003256,319792.77796015,317092.86067502823,312017.30628683366,308550.2414326798
2023-07-26,287213.9245418427,297680.36069804657,333585.3572387542,323952.950767838,321456.2350220643,317513.7532297199,315016.47347645706,310231.2928608342,306816.0090441218
2023-07-27,286529.2106221889,296312.4901927759,330215.63180793857,321203.75610989385,319232.1236219644,315571.7598741769,313450.9410078082,308914.51780698204,305477.257016047
2023-07-28,291748.24176643044,300522.48155967286,335629.92571763956,326105.01767738047,323966.821826598,320332.72627997014,318187.02198712336,313407.74249948346,309795.6991808628
2023-07-31,291900.3662577146,302009.8619228375,335439.5739629908,326183.16348902887,324230.5495175852,320688.19947993435,318576.3140819258,313937.4950806665,310457.80064308713
2023-08-01,291223.3141342952,302169.23588303686,335012.8177502743,326142.14106871095,324423.5476648261,320941.4580551503,318865.9893656908,314405.4266207149,310917.6617732
2023-08-02,286353.5652967252,295648.6928353556,328812.78420603083,320030.3072064328,318271.01226119784,314799.1712978001,312641.1251942877,308116.4825379951,304637.80342194246
2023-08-03,285894.63613039406,294480.60622268694,327860.82269029244,318951.502757242,316866.9831172497,313379.2592224558,311299.747887367,306989.68010067596,303578.3998570399
2023-08-04,284556.10065319017,290635.9773245349,321345.7548177164,313417.8349848635,311905.7206573606,308727.102878003,306782.2757303558,302340.0499938546,298996.9667685961
2023-08-07,286965.4074550705,291123.2222227244,320779.75430171523,313445.64255403157,312197.39082281786,309251.1599842505,307434.924345463,303199.64430457714,299894.1063560999
2023-08-08,284525.5513380878,288413.2811714171,319162.6462852372,311531.8754235308,310106.8206626928,307093.4481180585,305183.98344114923,300828.9473717059,297511.9341572937
2023-08-09,282918.2002453945,285895.9718946502,316290.108060605,308408.7301584229,306927.6921191972,304040.9859433079,302229.0484851769,298180.13644367637,295024.0463508487
2023-08-10,283441.06255114655,286164.4035219861,316406.0472993554,308618.11728960247,307073.0468701655,304227.6099387918,302388.2618070424,298376.34953004634,295248.7965523497
2023-08-11,281633.9309110833,284285.48627885676,314340.88069772813,306479.8800482258,304938.4503804011,302050.75363088585,300086.8309053538,296019.5069289688,292945.4683326594
2023-08-14,284794.4811723396,288479.4935187752,319628.42570219847,312021.4266004798,310469.67514163523,307444.37828831753,305476.2451344164,301099.3502669502,297906.9440461017
2023-08-15,281772.3489962312,285627.5819266031,317098.2583893424,309444.5977660206,307886.75974612683,304825.5173740853,302747.485301007,298303.1347226584,295089.5161923719
2023-08-16,280309.6222903798,284444.14419462363,317168.6671487049,309323.60569801775,307482.33384637564,304321.86173924524,302163.93900550803,297572.2623325994,294337.86071096355
2023-08-17,277247.76389751415,281334.04202314606,313625.762158515,306361.34972678265,304617.40991629986,301478.4516078354,299363.5271511041,294753.85776401137,291530.44961950596
2023-08-18,276899.8188894146,281880.53442628164,313868.90733517613,306579.7107453639,304925.1187757981,301893.07395532244,299836.93185008346,295209.89438590815,291963.8726343105
2023-08-21,281361.0516386567,286731.24086934957,320214.90783493535,313210.9485955997,311342.64463323524,308131.40630123566,305978.88589415146,301269.2146463985,297829.8309774525
2023-08-22,280959.0571538881,286839.1948982492,320546.12937499286,313154.6504647705,311108.7594352345,307849.80038359924,305655.65940887254,300845.18598585867,297429.0062439307
2023-08-23,286910.21082311694,293568.27066281956,328215.9000894454,320706.53383042786,318621.4841444725,315229.01093549625,312932.2019787419,307909.61354947666,304405.6897245665
2023-08-24,280777.344237761,286752.8209272773,321766.84591091296,314468.8521092647,312163.50387105695,308797.0372635799,306486.3483199649,301467.261449286,298006.74199070793
2023-08-25,282953.71988637774,289634.9947205079,323940.6437959602,316617.65984351304,314532.0617315336,311365.25722607324,309055.3540198929,304096.7260568219,300616.34219703986
2023-08-28,285083.5619422677,291859.3139663353,326432.4112927437,319193.7457005497,317082.2635919544,313852.35737896187,311563.3012547711,306534.3419735061,303023.99248103896
2023-08-29,291309.7856420038,297738.9560827675,333161.8381362154,325685.8269292943,323577.54894942977,320283.73342978494,317907.27971114684,312634.8271185648,309006.3422369151
2023-08-30,294455.2290609803,301714.8235912248,338143.59642292676,330412.56630939257,328023.15621408436,324653.4483807407,322237.59311214153,316790.221991282,313129.51149602974
2023-08-31,295338.12896345655,303227.9317230889,338060.37694403034,331096.52692969044,328890.47996641323,325507.32907731103,323151.45497119025,317772.23924509867,314166.2554970562
2023-09-01,295025.59007241385,304448.01095795905,339115.5474077852,331821.27820726455,329510.052488105,326296.08804096264,324006.8650457195,318739.4034307609,315190.68357968616
2023-09-05,295400.66588508483,304965.9844927032,340662.0682283093,332958.1326486078,330724.6212950612,327478.4380535955,325112.30126604077,319697.4552711119,316081.4805194824
2023-09-06,294319.6649387823,302997.1074813763,335463.17095997714,328685.1751226303,326990.45492185804,324060.4467933104,321893.63670627284,316976.8840028175,313546.3154034111
2023-09-07,292214.8092554862,298462.18633343827,329671.5661375262,323637.00159700797,322097.2992566929,319297.71282093576,317171.2780339808,312452.9437936884,309102.5584843116
2023-09-08,292623.17874633154,298845.8324078478,331052.42806514335,324669.9873415561,323034.82254836085,320126.24116477114,317903.6563380246,313040.64259585907,309641.6074956466
2023-09-11,296071.12770305184,300263.8258937141,332971.48712850356,326382.9925182304,324804.2407562721,321818.2520423018,319503.64944999217,314613.7172501906,311142.4606303071
2023-09-12,292788.1328741198,295002.7798068039,328129.39328252355,321395.9033307694,319133.8615176067,316244.32402684906,314088.1927374784,309391.13074328547,306036.4766513148
2023-09-13,295424.26085234666,296920.9524043135,330102.35210193624,323539.2539920245,321479.10168025934,318597.767482879,316471.74784292054,311721.9808924953,308274.3183091771
2023-09-14,297840.04281812825,299000.40482412255,331776.7249015493,325144.0618493998,323270.68801893364,320365.6278175568,318213.5868790894,313389.7610743309,309974.81122995145
2023-09-15,292740.099565911,293560.77650085866,326661.12279092683,319773.90881066245,317958.4474417912,315024.76345447433,312778.7401580009,307871.7649187118,304553.6233287075
2023-09-18,293045.26233738894,294752.05174800876,329008.1586796937,321826.1671841042,319715.3184420265,316671.13625900086,314443.12902416184,309496.4118763526,306096.55451506266
2023-09-19,292420.7043718328,294228.63529315987,329068.0208685806,321822.10641860485,319599.5448272604,316415.987255153,314106.31675999425,309097.54508491774,305715.41749824054
2023-09-20,289727.65350380284,291418.4843905789,323579.0264893418,316838.9316456137,315034.973580548,312182.7505394512,310011.91992319137,305284.5215321594,302105.86800213467
2023-09-21,284418.54941416427,286587.1749926765,320088.7104962421,312536.10740897077,310512.69036044495,307479.98199114716,305246.59708622546,300496.6415305128,297414.0573794825
2023-09-22,284458.28980515036,287383.13290443877,320302.16290215286,312926.2750676313,310978.5826629398,307975.85348301026,305793.82159660803,301090.3032859815,298023.85762558435
2023-09-25,285809.36442607257,288525.26783596876,321960.1602587652,314438.56338578014,312460.61367936194,309425.4986089349,307208.4266925837,302384.5739630885,299263.3246609783
2023-09-26,281517.59954478627,283375.4764393066,315982.3629781038,308781.4683454415,306795.6789050866,303846.70342358213,301702.5744703222,297049.07628070045,293993.07206894347
2023-09-27,283698.1502342641,285768.4760302569,317042.9129770886,310139.28569321474,308272.07224673923,305447.83344424516,303377.93723065354,298888.719693201,295895.79341380775
2023-09-28,286071.39295196795,288203.06073285604,318463.7795847535,311604.07237792254,309833.41178458935,307117.96203429054,305058.24516918743,300753.34622978076,297867.67876760534
2023-09-29,286279.0774209154,289339.70715537306,319762.6442882576,312897.6729708812,311031.8548702155,308220.22366954305,306167.86718402244,301707.87501917937,298769.60736083786
2023-10-02,288668.3168525518,292003.6904822312,325159.91826373193,317961.99770223757,315701.3353814297,312625.83121763763,310376.32853492955,305489.7336348761,302329.98091718333
2023-10-03,283602.3187573101,286452.65418701567,319609.36796780565,312497.28179742827,310330.21153984783,307326.7666505536,305131.0225058284,300266.1041408225,297129.8074507848
2023-10-04,288982.5684010075,291279.0510393438,324860.9694824772,317613.4242106808,315442.61863133614,312490.2305149627,310326.7778662021,305473.22666959075,302274.28317481774
2023-10-05,288131.1046651902,291531.38943952695,326773.4073061228,319187.7980782949,316807.0103522342,313727.8095334372,311485.70044223766,306364.64355587156,303041.73986994085
2023-10-06,292958.8748764573,297378.03608079,332894.1821812194,325118.69099693984,322624.3564924887,319479.7325280002,317143.7095495597,312066.11903755786,308684.9004873574
2023-10-09,294453.0190818996,298745.04098428634,334396.8754062822,326467.46408729773,323939.4759391109,320752.41486802936,318373.1374548325,313349.35943996656,309972.8395573305
2023-10-10,296083.6677514454,299733.48400250665,334286.08941458724,326559.79076162766,324124.1606187177,321001.7813458024,318675.5748891285,313922.6012054279,310594.8622585438
2023-10-11,299717.15814164607,303630.86950473936,339267.0624324769,331515.2656566923,328867.4925163191,325560.6717644717,323155.3399107796,318271.4654965509,314849.1493002173
2023-10-12,298675.6609588141,302912.2278194788,339848.3052517263,332223.8728567565,329531.78318366647,326188.6900453964,323772.15813674853,318685.0739274701,315072.9212608032
2023-10-13,294921.2742396615,298057.784685728,335677.1121967456,327985.79604107543,325150.9047482083,321745.8644561625,319359.508381181,314262.3560046798,310686.391782007
2023-10-16,298255.839436137,301481.92790900276,338230.3750156064,330712.3432709831,328005.89491785236,324564.9591639769,322132.55054745765,317154.86245711125,313639.57608541974
2023-10-17,297278.8954821247,300192.5847748734,334860.2693749401,327591.54303814034,325168.25821862515,322040.41606946057,319778.559635636,315039.8451412024,311636.68441364734
2023-10-18,294900.06381967815,297598.8487629574,332458.51958645275,325190.30985391606,322873.46781547216,319710.89520921465,317475.5302115736,312691.51271046733,309275.10611699824
2023-10-19,292140.74232119933,295481.3575126388,331993.966505456,324615.62015805556,322165.6366448784,318819.11426658806,316335.2186728368,311198.2863443948,307687.50172343734
2023-10-20,287782.59977389546,290269.15235030366,327362.2274544973,319849.78037706757,317077.81200023304,313729.6375733922,311331.6584829754,306219.0904873502,302663.50688181375
2023-10-23,288651.0040412613,290318.7702551468,329669.4048198773,321795.34678047383,318779.12190465914,315226.7727629719,312700.02697912476,307269.3857929908,303571.93465523265
2023-10-24,291459.04182264325,292896.5103469412,331490.1394666523,323849.8902719619,320895.58657488733,317375.9129619144,314916.63537142484,309607.17153922905,305899.7959631877
2023-10-25,285846.2811876031,289580.5170412685,332899.8738936569,323819.9568635922,320031.8935384758,315915.8568162269,313091.0442017537,307322.4945668301,303467.2127802008
2023-10-26,280395.92040619394,284454.66541356937,322365.0048766176,314275.46253188286,311418.69139910716,308062.390354377,305580.3998957611,300461.9101092423,296833.2291330826
2023-10-27,281742.17653701804,285636.47882939246,324255.52455680276,316055.11949466536,313321.4466269263,309873.3326533675,307305.0498248254,301925.0126512016,298177.08314420463
2023-10-30,284916.0752058226,288149.5688720781,329831.42862428713,321272.09194760124,318120.62807977945,314475.8985466767,311722.9031906078,305823.67765297863,301842.04047297937
2023-10-31,286278.64007704385,290320.9090114457,330485.55704680167,322165.339628426,319301.003747665,315857.0648817412,313199.6557663683,307567.1125104313,303694.34795779985
2023-11-01,292768.4641271657,296604.54014888586,339225.84455882234,330536.71829466696,327523.21279192815,323868.53980045236,321144.0509894589,315134.0834919983,310867.5550764442
2023-11-02,298083.1181773819,301892.72569484694,344651.7311913818,336064.49696685723,333192.47754070006,329549.07923581265,326850.5820660936,320697.41786873346,316445.15632244287
2023-11-03,301585.25308962935,306186.2622854087,347097.8401584774,338726.92932741396,336056.35381078423,332432.3517288706,329835.2873987143,323926.10831263923,319777.72745046386
2023-11-06,302815.5340887571,307574.53733103507,351200.13197339344,342279.3292319793,339197.7835105259,335410.2174264584,332693.2212256403,326348.92626840365,322003.96495388483
2023-11-07,305677.8994615959,311302.73651198304,355237.4316754259,346307.9495626359,343079.96875885554,339216.1478117572,336390.2782583301,329928.25235250517,325537.19461057987
2023-11-08,307395.62858575024,314118.81622972706,359153.3220748089,350010.3312883868,346738.9432658585,342934.1744030691,340116.39282114245,333563.6906408167,329070.90344519925
2023-11-09,305030.02469029033,312234.856150199,357963.04521189653,348645.8876228981,345377.412851984,341556.11447433714,338795.0352907318,332209.6052015704,327653.35620773805
2023-11-10,311887.8404906188,320482.62160937506,366619.846447126,357167.70084479084,353956.08292331407,350123.62695106934,347376.67080346367,340653.6746682969,335853.6138262235
2023-11-13,310915.15128235996,318879.0527700189,364394.70977600303,355056.2830409234,351872.49158898887,348125.19403190515,345382.55451784335,338775.50909212977,334067.08006357186
2023-11-14,317608.1361584936,326594.72300894663,369235.6721849409,360279.44543419284,357397.8038330752,353859.61931302905,351233.49205715593,344993.00892713433,340396.1442480313
2023-11-15,319368.0070445448,328539.8487312275,370643.0552673726,361558.4041147239,358853.51476416434,355387.88546561927,352808.1888793433,346596.8738806393,342054.0104447225
2023-11-16,319641.30642131635,329269.47280166484,375061.27624293295,364622.24448632385,361753.80204520904,358125.74785183085,355377.7437526046,348706.558070817,343948.2511196362
2023-11-17,319715.8519623846,329413.956581921,372856.4797435926,362904.77076024626,360549.0827674452,356964.78827968077,354273.723506398,347946.09726433206,343330.8153086285
2023-11-20,323608.3373580191,334059.0754338899,378363.4105392552,368321.3909082388,365805.47576054186,362129.4493397233,359414.1323143159,352922.00642863294,348189.9204599283
2023-11-21,321728.3245176371,331284.99580349174,375926.61239289,365838.642964913,363136.10185680096,359434.632388425,356675.5371910694,350306.9215800041,345635.085368079
2023-11-22,324566.05935328704,334019.5390329041,378732.8790312951,368432.1373339161,365714.9088258496,362076.5364140599,359357.74428899697,352928.39221859904,348321.0908727511
2023-11-24,324108.39010715,333656.6661425447,376751.76798909553,366767.80453132896,364305.77536201535,360806.17115806777,358168.8886477268,351996.80515791493,347468.20641330787
2023-11-27,323825.48796154966,333482.50154150993,377251.4517822836,366976.8091585803,364282.696051008,360782.6096261447,358197.12604199554,352015.80949257914,347468.20434896625
2023-11-28,324674.19439835084,334099.3607286029,378767.57996201405,368230.77807389677,365338.9116930832,361691.01690861676,358985.227556964,352811.89306862623,348238.0864407171
2023-11-29,325878.8770513921,336919.27706750337,378463.70959848876,368442.77842715295,365877.81623276736,362558.983539198,360009.9039923104,354470.4948938554,350112.8379992415
2023-11-30,325059.66337642807,336824.5289417671,377928.7087543435,368308.7906337354,365716.28680085787,362420.38244510535,359883.99367965217,354525.99833247234,350191.0058476279
2023-12-01,325987.57102340605,338734.5075441026,377374.8890527166,368273.5263845784,365941.6278281118,362805.39771181776,360346.3450741283,355163.2115032695,350978.75486594415
2023-12-04,322961.31703534524,335286.3170558571,372285.6025311597,363126.81429569423,361097.5273357354,358117.2278920169,355691.99655460473,350664.4022584759,346646.7505014536
2023-12-05,323772.2275183674,337101.5701130393,377766.6510462807,367644.5081404061,364959.79114443343,361627.2161520538,358929.7955893733,353425.2545632796,349159.61504703993
2023-12-06,323420.42136577953,335691.82416483195,375997.75332070113,365911.0754706053,363190.37765744847,359940.0948568789,357344.1880865334,352045.4612788027,347861.55988315144
2023-12-07,327939.3809777101,339316.80517955543,379770.4907945606,369833.2722521251,367307.5952530342,364133.33523875213,361564.4345437519,356317.5478620029,352024.8805896724
2023-12-08,329400.869020475,342348.63923947065,383067.02006497455,373073.43329628406,370498.333937966,367222.45538889105,364571.37762558635,359193.3568381947,354875.73073056305
2023-12-11,332214.68972899707,344706.8004472366,379645.0318104084,371452.56082636665,370321.3472715759,367609.2152213907,365364.8717718596,360670.0084093916,356523.6672904857
2023-12-12,334860.48884573136,346764.61139959627,383538.2911269523,375263.91826292564,373319.40262492007,370549.3924802891,368292.43660857755,363537.02476023056,359326.10840780265
2023-12-13,340639.83133273677,352291.3208837155,388537.1034903157,379960.74370342353,378191.01646829257,375401.04891382065,373146.2306394262,368516.8277483895,364358.474636458
2023-12-14,340344.59923957445,352975.29592675105,385272.97083869425,376748.34790309897,375574.70172544837,372890.6967107061,370911.6937906785,366850.80792216636,363122.4839745789
2023-12-15,341989.79670745815,354674.3097081687,387155.87412369205,378923.3147560905,378027.79689302435,375348.5235702734,373281.8209293402,369114.66575673793,365302.04345575627
2023-12-18,344143.885896685,355490.71478568326,387908.9333415798,380194.74302747,379284.82531229296,376575.5737484063,374430.1340583751,370027.7410159117,366205.2958576223
2023-12-19,345902.3420840052,357306.75817094045,388765.8523102916,381029.26679738844,380263.1760327121,377620.57573768677,375533.80922160426,371123.0773816257,367321.9502877513
2023-12-20,342283.1828716511,353095.9847321667,385572.6574972628,377620.0497867468,376611.020907991,373853.56210275437,371605.9784425855,367085.1479148551,363297.14786594844
2023-12-21,346265.7982721504,357476.1804144775,387796.8913873027,380344.6181726458,379712.6365245448,377105.63546104735,375111.5543944674,370691.7127737978,366953.2720460141
2023-12-22,346783.7739568344,357823.9831441411,387089.09791902226,379866.8201150732,379493.6138453699,376987.0147495552,375032.61101250054,370568.0237750802,366887.7960792516
2023-12-26,348906.7324950814,359592.3063968734,387256.19954941596,380378.33533017733,380434.5451181654,378093.221895396,376235.7630453107,371901.8746987757,368307.1316658389
2023-12-27,351137.8907275373,361460.98412653705,388768.66281964036,381940.77624777425,382044.30807943206,379782.7295879769,377927.79974706005,373552.80383386236,369947.24460365024
2023-12-28,350967.14932814566,361698.7034490731,389819.41476303607,382750.9104736425,382772.2326395492,380476.6219224556,378568.97032974096,374117.85891530744,370488.54624497925
2023-12-29,349448.25624186633,359625.6558522078,389198.9198368605,382051.56506227684,381904.8554585173,379568.44093246484,377610.246948123,373039.9468346901,369345.93093039526
2024-01-02,343534.81293404853,350181.76980238484,379686.4718647809,372847.8186461154,372682.4206502556,370263.85211326287,368277.812293471,363761.00169722975,360172.8792778967
2024-01-03,341648.74192393833,347242.2874382227,379267.8141987289,371982.4528070676,371339.11756510846,368730.83666207345,366675.2480736563,361976.9298120302,358291.29294629354
2024-01-04,339890.45371794567,345151.2169601061,376813.2415019598,369739.899155337,369133.2637183937,366585.2173789553,364587.67912745144,359918.12679737154,356283.1693899845
2024-01-05,340293.5734529781,345233.40582836105,377165.80588283215,370231.9430533252,369642.54123116157,367142.53302904073,365179.21734317293,360448.46504419274,356789.6250086363
2024-01-08,347326.7262769488,354023.11154835543,386980.56082209747,380080.1558436561,379328.92971385916,376668.9160175447,374644.9288511415,369916.16894116014,366162.154021393
2024-01-09,348012.9140822959,354650.4165265171,387991.9685070266,381150.6372528125,380370.0025483983,377687.753090777,375567.6750461476,370720.92841990094,366852.7494356647
2024-01-10,352120.59963301773,359409.0040851962,394651.19706953206,387410.86488632654,386122.48868800164,383229.9597851737,380933.29592458584,375954.137028768,372012.4835650783
2024-01-11,352853.2852601818,360669.7260494237,395300.968775951,388620.15406390186,387417.7820283757,384580.50877172797,382354.1125218269,377410.90011105523,373430.25452704966
2024-01-12,353034.2750224629,361472.72938345955,396999.89105649525,390161.5825169072,389066.9427209416,386184.9436581423,383832.5684336308,378749.3500418594,374686.1863750423
2024-01-16,352999.7690120486,362005.5432016101,397410.77572464256,390869.9440410484,389920.8298502022,387171.7385202584,384964.7243476679,379821.71786620293,375574.63689096645
2024-01-17,352757.59432234394,361773.39173021866,397718.8256278469,391257.7353642956,390196.90850138705,387462.8988733184,385236.76875930553,379950.6240654991,375627.78573059494
2024-01-18,357764.7090325607,368808.98756618507,405828.4556770194,398884.5490059116,398010.90032160585,395277.2401809882,393031.0040995046,387424.7652341322,382935.832246098
2024-01-19,364859.5005212556,376817.4484465531,413214.56900517,406939.57670175633,406739.23122218606,404142.3288182435,402009.1217751499,396352.9397137513,391671.32764803024
2024-01-22,365336.0339804866,379275.70492104447,414673.70163675543,408121.2379138336,407917.9373012693,405314.88390817295,403257.4201615203,397901.86026115395,393359.8864396389
2024-01-23,366851.9671590162,380851.7602843229,416863.6824599698,409957.2219162378,409798.3667244599,407138.85936567676,404954.098757227,399591.0465756699,395007.2978012817
2024-01-24,370636.7539558638,384425.68133561313,421012.0324003114,414313.7550611589,414293.3958302932,411802.657664119,409652.9542933517,404134.5412052888,399314.34572789044
2024-01-25,371089.4082907721,385342.27394286,421837.45798306656,415466.50299340364,415546.3146640075,413318.09730170184,411161.7821192943,405392.88044974307,400482.06374462525
2024-01-26,368878.5483724752,381342.51192763407,418784.3644674463,412065.31128462957,411513.6616793629,409225.70171548397,407033.47487083415,401324.5219813619,396516.56757280737
2024-01-29,372656.04823141376,385796.82216794224,422364.1611204356,416031.5070682756,415258.78935371677,412973.423860329,410809.7870847933,405186.9727595356,400419.46492496855
2024-01-30,370175.4496601563,382084.8657336976,419420.58311814134,413343.94755937177,412397.93557279534,410058.54139898444,407843.97619797423,402439.0351040837,397765.86609291076
2024-01-31,364674.14499837556,375902.51613171364,412455.07971622737,406400.4170980724,405751.4894342324,403582.21108145884,401553.4700794476,396280.15056353435,391647.85078784224
2024-02-01,368968.3328918671,380750.56034574803,419187.37888453447,412898.90726719104,411863.5946598925,409454.5962548742,407285.51190414303,401734.40873932437,396988.89215134876
2024-02-02,375204.1425811912,384464.5943632756,424264.55966107367,418076.9817288635,416790.5216725374,414287.9841672142,412089.4862199869,406416.28490690526,401573.17138760805
2024-02-05,374714.35069374746,384647.296529046,426627.9919656967,420495.53713504144,419081.3369261945,416443.16802206234,414198.63770927093,408228.38923362305,403214.9230429452
2024-02-06,373962.15772381064,383992.7412495913,426918.28583339334,419895.04025556945,418116.6072861122,415283.21784035995,412837.7822910496,406807.74809540715,401885.6839093119
2024-02-07,379559.3431343719,390703.9364391167,434222.1889777949,427124.89494369336,425326.6166615336,422406.4055410497,419936.3849311859,413986.17592130904,408995.08213212003
2024-02-08,380262.3277270174,392684.0446018031,432564.5825518177,425811.9357922908,424410.99083041813,421754.4887537147,419419.6721536402,414012.13093030656,409250.9254388347
2024-02-09,384005.23172460456,398639.4282949488,438250.02386461786,431415.7266905475,429884.754278408,427408.420062859,425212.69960646005,419762.82341443835,414975.73365291924
2024-02-12,382502.77659147035,396154.82494145405,434720.5522481895,427924.30340544134,426581.63494182203,424194.05054057715,422076.8884259878,416710.13936209236,412022.371841708
2024-02-13,376536.860293447,388410.44550935645,429380.10833167157,422698.65630847396,421173.4629677137,418603.7735497063,416329.96779328084,410770.47460590565,405990.3924348138
2024-02-14,382389.06272574916,395350.40939838835,433980.32401080645,427980.89628621336,426746.3934261767,424487.0175503351,422335.76452601294,416981.8167496167,412269.73557578074
2024-02-15,383527.70180318906,395043.25651015673,431807.05549508013,425610.2285444521,424782.1512396452,422751.7107318076,420685.95779628586,415558.0351316427,411021.2862532371
2024-02-16,380050.02528138325,390858.23607507994,428888.03078233206,421982.8937935538,421013.10409952374,419287.2503861237,417396.20739698934,412324.1690003441,407798.0190563345
2024-02-20,377181.36093899584,386243.1778506043,423756.6893210043,416606.5978493221,415689.9120161836,413739.7456860184,411865.6271619625,407047.63805439364,402597.96843443543
2024-02-21,377420.95375768584,384697.9189143366,424310.42355670047,416792.3497357162,415839.08578372234,413851.02341834106,411917.75420952117,406346.0662615848,401788.0166894567
2024-02-22,388470.20215693425,397209.9904613931,441867.2306716059,434624.79128931824,433210.7454867775,430964.59422777424,428913.9568087133,422731.6099387676,417759.2948255293
2024-02-23,387326.2894010931,395867.850612534,440128.0279093245,433497.8663830895,432163.619664551,429901.0846496333,427840.49038434465,421772.6361125813,416817.7269750204
2024-02-26,387122.3310690443,396901.530160213,438322.93525495287,432417.477356822,431358.1492832132,429390.40409007703,427605.2489966098,421880.06023937254,416995.85543407203
2024-02-27,388053.4451936148,397480.0452962597,439029.83032689657,432711.265467314,431655.9709131012,429689.2413088025,427927.65422458696,422221.5075131843,417344.45017402514
2024-02-28,387736.2648624251,397385.42218292307,439058.34466937406,432692.5798743059,431563.32608156285,429423.3297229113,427551.6317294413,421900.0496086647,417107.86983773636
2024-02-29,391058.8972661299,401189.6842849215,441962.64502092614,436217.88076708536,435392.65354277403,433502.0335635274,431759.26115238946,425943.8974998137,421179.7088811474
2024-03-01,396947.0978616992,408627.9263274033,445485.2449635765,441214.7560800859,441446.35389792157,439762.7348667378,438260.81605728867,432513.0640748062,427810.85892231774
2024-03-04,395530.68094224605,409387.21177814447,443803.20159740903,440544.3148558931,441360.82922101225,439843.51720503886,438321.66291644645,432408.0373806688,427777.0407989512
2024-03-05,388431.0286824929,399554.8605274279,434874.35563953687,431457.9237972895,431905.60744058044,430393.22098980367,428988.5113680953,423119.7805800836,418614.4546056227
2024-03-06,392620.83686832426,405735.8272145011,438553.92028423573,435784.4770175667,436742.6791126641,435475.7495562049,434134.08199321106,428460.8861726031,424033.3921709885
2024-03-07,398580.1516530626,412552.4905793748,445177.6485495228,442752.4485677144,444137.674554456,442732.8889338687,441360.29765486735,435505.70775042014,430940.0868040173
2024-03-08,392826.6361605171,405805.8520324954,440111.42690919666,436736.8292881079,437307.35963505897,435944.8269213617,434528.94870059605,428553.73871723627,424028.81755378563
2024-03-11,391368.2009288469,404070.4878488269,439521.53087666613,436041.5966130253,436535.79424458457,434916.60954875837,433270.2622275803,427326.55154018255,422812.07759657985
2024-03-12,396978.440887778,412427.9859717107,450635.9435682586,447014.2054816891,447544.6559541145,445841.2840450432,444035.3861204349,437344.144776887,432432.7837586308
2024-03-13,395676.2212339833,409811.4862487727,449383.97351874795,445434.34614216204,445378.9583961897,443469.18811857677,441547.1741064701,434950.39647459,430103.2204319099
2024-03-14,394678.63402508857,408271.9739438229,452224.6487455738,447030.78435579425,446494.1430590677,444237.71520291205,442079.01966845663,434989.0352406565,429896.5165294706
2024-03-15,389987.09145794244,402910.8200250365,447529.7538770738,441117.2520859366,440782.97257797676,438514.67818122136,436512.1628446958,429586.18119777495,424548.8336153734
2024-03-18,393706.64595242566,404802.0537617055,449826.80957898166,443795.0657456941,443262.9529841023,440988.71873452264,439017.6552547657,432024.8552177742,426911.1494299633
2024-03-19,394687.5937227697,406513.56011843117,454767.40980115463,448106.50959428493,446905.6747084906,444304.0987296454,442190.4453815705,434935.0700468383,429707.9064752955
2024-03-20,401116.23337653844,413772.12768808246,461724.7158235533,454961.44411361235,453845.7614131545,451199.5275590991,449141.7595332494,441827.78385662654,436555.4271758776
2024-03-21,403014.3940746555,414933.75040400244,458371.53528994747,452280.2611374138,451827.48869826464,449745.66978692415,448446.7657403231,441723.99109599035,436677.30212220596
2024-03-22,403475.3799509134,415593.8736254846,460999.77037191263,454577.77687122533,453700.7122972002,451363.9334624707,449923.4690807087,442818.7135788367,437638.52369214816
2024-03-25,402011.1244795185,413918.08287389105,457806.5916039777,451916.30273237755,450895.72988507577,448610.53692174,447407.4589667656,440299.22416111676,435222.7421581394
2024-03-26,400709.46469336574,412100.89955287264,453797.9700706028,448054.92691653763,447232.4125634368,445185.88585228665,444183.61497029883,437425.7641913008,432514.91406018473
2024-03-27,403823.3468587756,414825.3349395569,456261.2539020379,449987.02001685003,449489.4076515911,447556.90636976017,446555.98347358906,439991.90692572674,435162.5728406994
2024-03-28,403078.96824888664,414240.6995368654,454659.20268840203,448912.6571295963,448760.2582576627,446938.7941441775,445997.4337938746,439566.56751061877,434776.2087399896
2024-04-01,403932.2809984807,415093.91431831545,454838.94135389006,449154.7761959655,449156.17483012716,447373.13106797455,446633.76674250443,440087.49197018886,435281.0624583416
2024-04-02,400446.3043221927,410409.08080255083,451608.0256399452,445915.8271372576,445776.17404262914,443871.34136384504,443056.6959660846,436341.4854140536,431543.46663596045
2024-04-03,403094.066344766,413003.40530780144,452983.33370135113,447146.7596085047,447207.9265386167,445461.54691351845,444882.5848024977,438344.3851982228,433673.2176444371
2024-04-04,396930.46566227986,406331.12418478314,447351.84967750806,440572.8446901522,440204.4684578322,438353.9022725819,437586.9962841412,431100.0779007479,426575.87547542347
2024-04-05,401607.84241305845,411273.858325578,453695.4446975944,446775.4979589149,446124.05578068696,444379.501575585,443607.08908394014,436945.97694747377,432320.00267909514
2024-04-08,401726.3851223307,410678.8553942713,451530.07599211397,444667.75007889146,444303.5159494861,442840.9082272768,442190.87149759557,435791.20520570566,431246.2209209486
2024-04-09,403212.5526722502,411607.1187086578,451219.3480150987,444717.429888191,444577.22273105726,443222.5724702827,442659.0306678526,436552.8208255674,432055.25083734153
2024-04-10,401442.151333437,409611.32678947435,451387.19620701217,444628.0588490967,443791.6042648695,442095.51193082903,441399.84576402453,434870.8682913947,430251.9932825686
2024-04-11,407852.4700701966,417515.48980703374,463657.23616534134,455992.60264466336,454804.4193070538,452626.938918022,451783.5999265921,444594.7054725113,439672.7951551834
2024-04-12,401350.52640827326,410089.39492127055,459761.4080947374,450998.1106817042,449102.7182706103,446735.619545219,445662.4720244838,438146.35420219967,433083.4415114538
2024-04-15,394747.925574237,402288.8883031037,450128.1679250627,441389.13029539975,439961.51169281773,437801.4379830278,436860.8323179552,429601.46120498294,424671.3768041939
2024-04-16,394784.56421860104,402527.9346593029,449102.5825760028,441180.80415561557,440088.16847606516,438165.7226393228,437354.34255819727,430106.2030315571,425151.00898346753
2024-04-17,391716.6363621231,398301.05239094736,444973.0320124941,436825.06527888816,435464.158043261,433382.49654840515,432286.5037509423,425110.5205724986,420325.00779799646
2024-04-18,389481.3821694163,394523.6082907252,441303.8668006159,433505.76940126723,431885.6234252427,429695.86751164653,428431.6393912321,421274.30357490043,416580.93261719943
2024-04-19,381423.3237965504,384063.711739953,428459.3042890942,420659.70432344684,419432.7656404672,417611.4169924865,416491.6293440738,410088.5676364027,405638.2029432005
2024-04-22,385259.1942791742,389313.6087400728,433639.4872700469,425868.3805559851,424531.9185792522,422570.39788077335,421402.1216055102,414909.6432979978,410371.24997511605
2024-04-23,391008.3925216968,395708.0885108039,440635.75261153537,432684.7102072111,431107.0244320453,429225.5712738801,428171.3330520722,421628.74437549425,417057.1213609546
2024-04-24,394081.99279547704,398089.3063873579,442224.204925291,433962.4015865614,432944.89678615355,431284.30597562925,430235.6839117578,423890.76103902643,419335.8027434438
2024-04-25,392178.6475752884,398250.0468008742,442211.7642049417,434450.2192924386,433282.9911331824,431188.423654293,430183.61870931287,424075.2602004679,419646.70432657824
2024-04-26,398230.58545867173,405082.6302837712,449843.87189014006,441978.130526414,440494.70872409805,438263.73125309875,437312.09822922363,430910.3479147553,426284.57227412204
2024-04-29,399847.5361447907,406690.3319945221,451583.5784678811,443275.71136710007,441751.7907802518,439574.635575407,438617.28397446603,432223.38600395655,427666.51095236355
2024-04-30,392307.97506214463,397679.3464187909,441489.9841280715,433595.07468280493,432185.2486561525,430061.4678012456,429134.88040474115,423061.67522576207,418685.17023138766
2024-05-01,391220.3755793388,395119.8053243296,440419.695424915,431783.4004343128,429910.00325448054,427474.6823192966,426264.31868635473,419938.4123798168,415488.9875732646
2024-05-02,396213.67949211085,400521.32772123517,447768.10281504865,438665.08095390996,436795.6638066461,434252.9186100988,432994.98814778094,426496.58971005084,421859.3158259355
2024-05-03,404176.99557903927,411340.562859642,464072.82613260933,453484.1579389164,450704.097708312,447738.89991298737,446214.27392689086,438862.4943753354,433696.10800327285
2024-05-06,408604.00622774044,417291.16211234377,469432.10313233675,459142.1853866852,456558.7501095919,453676.94862649956,452307.65458843927,444803.10419228027,439602.9926092765
2024-05-07,408669.00340231834,415547.1381924955,467121.61568220315,457029.99778719305,454620.77014767326,451804.5596900124,450470.1384085478,443074.2898393352,437839.67391746235
2024-05-08,410176.67356481275,417901.68823859695,469700.6179153958,459680.53878512344,457317.6900641624,454414.63808147307,453038.7694063867,445674.1605308853,440432.93857603945
2024-05-09,411071.51004578196,417488.1998776455,470359.9425362408,459422.2617231093,456790.98061386764,453807.51990793954,452404.88012849516,445093.3577779007,439791.73691555636
2024-05-10,412040.8730046831,418582.83971433534,471672.19217059534,460960.36743130564,458504.7926683627,455652.13473302324,454387.78243304556,447065.6335858373,441736.8300488137
2024-05-13,412991.61875370645,420625.9439608564,474719.64023173036,463850.14071162796,461244.308387752,458143.10630274226,456751.58979474346,449262.3143380707,443883.20190902724
2024-05-14,415648.087104956,424955.62808788946,477852.23582774325,467008.2801473217,465042.0254272566,461946.58455758967,460545.48322486936,452976.1716971197,447550.82300657866
2024-05-15,423893.80794126476,436434.25484459556,488722.5706746473,478193.59710889956,476368.6593238533,473450.04303683,472159.8726113483,464526.5290293232,459002.24647806445
2024-05-16,423032.6527121357,434586.19899829314,487548.0976224307,476676.5040567845,474882.6977155272,472022.4567345906,470736.82176805043,463240.5056882769,457748.8557704156
2024-05-17,422826.8123618166,433528.0144962031,485322.82183645765,474367.1255531931,472801.0260311798,470134.1454867888,468792.50046997785,461478.54142535635,456082.4409430003
2024-05-20,425774.99138184433,439022.959479004,490794.01565057324,479437.63187864947,477981.07330318866,475446.4711563367,474244.9323936156,466901.4124297065,461396.1763359857
2024-05-21,426608.04721828963,439438.13667163154,493766.88826386427,481597.5553007254,479894.3167813033,477285.57761520724,475956.5848645192,468204.2793186179,462529.9759128667
2024-05-22,428272.8131674631,441292.9714172601,494181.19838404196,482295.51084036875,480880.30540948693,478470.88788434863,477247.36003946594,469807.96257471637,464339.0063992494
2024-05-23,426346.28655863454,441325.64808645885,497744.67711631546,486097.6902517199,483688.5137455291,480685.65839360585,479190.00646680663,471140.533865762,465339.4532842639
2024-05-24,430377.95486602595,445616.5284240959,504657.3700808063,492046.8348388346,489319.07865403977,485695.09627049224,484169.49771521875,475662.31079791876,469793.93918185384
2024-05-28,432003.8258162438,449449.58240424027,511898.15642331715,499360.0637047643,496117.6001408199,492008.3024783279,490233.2056233093,480774.28375038964,474582.2750240611
2024-05-29,430707.89081549714,449629.4529822391,513985.89554145257,501075.9764791863,496986.917012754,492551.583371957,490562.7737594479,480676.8563902587,474452.597710906
2024-05-30,426093.5702072778,439028.66071380506,504270.4228296839,489317.4137113276,485309.61543402745,480776.1569891685,478928.8875350042,470016.42096313264,464131.4712456602
2024-05-31,425300.8941367859,438643.007998701,504593.69057725876,489860.29310773825,485664.80364013446,481307.39282362885,479398.63787098066,470184.55236904905,464079.7755690441
2024-06-03,427584.4804313642,440948.5713491845,510692.2574507567,495716.5925127616,490819.02629959997,485989.11694324954,483901.8348104358,474010.5189609854,467571.1064524514
2024-06-04,428754.5740603928,441219.4597291427,513760.2855330209,498885.34723782603,493697.09840524517,488633.4042909187,486294.93972277315,475924.0299237665,469347.63828884263
2024-06-05,439147.1601244401,454209.0934623575,527038.0274392095,512022.70170070225,507064.51981940545,502060.45615902863,499942.7514383048,489323.8505710635,482565.949691505
2024-06-06,438995.60115228186,452924.2223072996,524690.7708168698,510132.7964102174,505289.69652866904,500360.8608401107,498196.5570355282,487582.7611748554,480844.3218808956
2024-06-07,438607.1543935284,452891.1895876545,526754.3818779511,511907.7444254752,506975.5750645713,501989.2154138606,499797.0366661546,488977.3158948213,482076.74917949474
2024-06-10,440378.75985084,454456.22902487166,525740.7827711252,511263.6703027573,506653.0854633868,501826.07882380526,499934.4162561945,489588.07428187435,482881.34663423384
2024-06-11,443400.94652159413,460831.2898185368,539807.4796585315,522985.0723952708,517187.05163446895,511606.8707710979,509282.1362845972,498075.91529952246,491015.7631878084
2024-06-12,450957.4676189255,472489.0447511309,554459.1060122792,536323.427672962,530811.5169917076,525141.4376478083,522781.57623173203,511042.6943477666,503671.7271311723
2024-06-13,453401.8215549802,477159.98464922304,561484.9382653469,543808.6802316408,538722.91912799,532446.4169494914,529740.1679390176,516990.4684869935,509385.5961744138
2024-06-14,455750.9867503613,479011.9461099319,563200.9373269507,547354.9189049528,542158.6306322207,535652.222171968,532739.7911697375,519490.06916117086,511646.58233919245
2024-06-17,461333.8637334808,484848.47863034636,569207.9133937096,552793.3458836877,548242.461497393,541714.282031703,539007.7660451876,525832.4752991865,517859.12201093714
2024-06-18,461476.5439218491,486791.3880428123,571007.776879946,555000.8086147971,550424.7088868377,544061.4303448101,541552.6646865921,528374.7103991655,520381.77111983707
2024-06-20,459668.5436621566,481868.70147283614,563255.1638717046,548557.4265685709,544148.6425503123,538096.651126296,535443.7118579558,522625.5187010137,514877.4432913589
2024-06-21,458436.90183296864,479371.1411407041,558132.4146621919,543543.0241289518,539116.1691959087,533412.740879519,530801.6337831469,518625.4971202059,511110.5911125248
2024-06-24,453217.7738276661,470576.0284546887,548808.9929314088,533407.7720089426,528890.2273830117,523485.6099732065,521065.41759852506,509369.4998963157,502163.8459311035
2024-06-25,458400.593726126,477313.39019678487,558982.7098538226,543259.2255001582,537648.8536399158,531903.0686607462,529370.7966753695,517086.40367045946,509562.10608250747
2024-06-26,461096.20840720646,480016.7075637297,565363.6329092061,548807.8451538485,542495.3819769898,536346.9593976252,533593.9486763044,520735.72460076795,513001.2758986772
2024-06-27,462286.46333742375,480974.30303338077,563177.5746483568,547396.2267000274,541357.326226533,535398.9059166678,532464.409047846,520044.6410085882,512544.7007884759
2024-06-28,459886.78210254986,480800.8907508207,556909.3990120554,542669.8806161191,537724.4946529727,532373.2083631041,529701.9665189271,517856.6020365407,510497.6578223961
2024-07-01,462584.10855572723,485520.63357722707,567539.630532968,551888.3690709597,546298.1731139185,540283.8434973129,537191.4881446703,524581.8925016818,516892.17185340717
2024-07-02,467441.04441115586,488747.6434753562,570932.6916040032,554869.859621175,549478.5394601803,543630.1003995611,540645.1416429944,528055.5797943987,520276.0688442921
2024-07-03,473087.173284998,496142.0287800055,580969.5892328239,565248.3873423224,559728.0385627865,553427.0587051233,550272.0096386155,536919.5804384926,528845.7124101762
2024-07-05,478019.9486588173,498669.2437634046,585750.2270253199,568952.7640791913,563138.2464639513,556874.4944838698,553558.470418483,540129.3443224746,531916.0023744701
2024-07-08,479156.8332729102,502016.416566644,588993.0209171992,572234.6588265101,566816.4540035609,560295.7342630681,556835.3283546385,543285.6810948013,535117.7827256608
2024-07-09,479571.0380555313,500945.3460199378,590132.2920214414,573110.7552439987,567099.729823769,560412.0373197886,556965.0119971614,543175.6549760756,534901.3783559254
2024-07-10,486320.3320550632,509572.9847112869,601840.3967588958,584036.5698891161,577492.1185846414,570452.4715697517,566979.7836891225,552812.7273590532,544244.0163099347
2024-07-11,475655.29034932196,499756.82778530533,583899.9360604859,567414.1260446621,561778.4871151765,555220.2630807023,551841.8585299337,538805.1336156293,530908.551730838
2024-07-12,478449.6455362152,504408.89287861186,588501.9764167244,572152.8238429286,566652.0615047513,560205.6039351375,556881.7554322281,543805.8984363483,535870.0624344994
2024-07-15,479735.66738273297,506995.20740913675,591872.4966634385,575104.613507964,569642.7572201558,563220.8747899802,559772.6282710677,546618.8954876745,538661.8827121195
2024-07-16,479919.3847893783,507608.0769248825,588169.9539963807,571789.161335186,566877.6125124452,560765.5655235697,557402.2366485952,544950.1501853581,537315.8233114609
2024-07-17,467580.41496452683,491068.4255875374,572729.8136748325,556378.3232214655,550898.9148964327,544493.9294616635,540638.1885606981,528249.013361856,520929.0695349451
2024-07-18,465367.58860200475,488515.0822337519,570201.8422005516,554716.8279701783,549549.0552334953,542899.3918511883,538873.3468660001,526304.7513097341,518925.9530717703
2024-07-19,461242.67988609965,482717.21228777274,564887.1489778594,549039.5354581949,543533.5952609618,536832.6144767258,532695.4872075851,520042.4260429652,512768.2559894235
2024-07-22,468114.2220985009,492332.45335198543,573491.0710576575,557903.8739711322,552672.3659692018,546122.505074363,542158.9966921211,529460.2029473544,522031.8538616552
2024-07-23,466464.2346436982,491422.3512845541,573950.4337346847,558052.425757298,552717.4547935537,545905.8963322206,541744.6666081328,528667.3040749904,521251.55099660193
2024-07-24,451480.9923135053,473881.88778995926,552227.7524666139,537071.0518916196,532042.499261291,525659.3806873234,521695.8378269223,509354.5673913894,502457.3218943006
2024-07-25,446502.245131017,469424.38508832594,544513.4705489681,530325.2695208109,525659.2678052897,520098.734732022,516201.30323416024,504073.860641661,497322.2946992077
2024-07-26,451081.53878260433,474981.4228431747,549587.9620619252,535529.3795073852,531023.9833456241,525453.7441090941,521631.1056092892,509612.4096380356,502868.37079378415
2024-07-29,451987.6705893548,473230.4639557582,549016.6107708388,534378.8794727453,529692.0002368098,524023.2967573994,520180.07754308695,508337.33020557166,501649.2815456522
2024-07-30,445781.23767353955,464197.150519558,539546.4252243581,524713.7329892525,519846.3698142016,514395.288873273,510546.02077374,499016.8448843885,492509.2933911775
2024-07-31,460722.58703149186,482185.9929536968,558494.113629353,544976.9270910224,540654.8094613226,535005.529977424,531274.5889253014,519025.94779872627,511979.0866693884
2024-08-01,449563.1678330405,464757.920104409,545117.2586618366,530437.683705076,524917.2242110419,519055.42536637024,514965.03343463695,502860.15031410684,496030.702698496
2024-08-02,438892.8236864553,453357.22382100415,540252.3225336161,524139.3767733845,517535.7831888038,511056.8470890204,506341.89033673855,493493.020530055,486638.91590602946
2024-08-05,425806.7525119693,437491.1929290247,515826.04220839834,501164.3285138305,495833.3051737957,490340.2128163012,486321.324746259,474830.0901654899,468505.5861315827
2024-08-06,429875.35334624484,441837.63188690157,520256.6503795796,505859.62255368184,500515.4618602408,494955.2102132229,490882.59434384946,479571.5842630887,473211.3137337869
2024-08-07,426968.9230447569,438450.7435661096,517696.8394334942,502451.208899202,496630.6162643137,491045.843470319,486919.0007180334,475971.27785484743,469717.25868649344
2024-08-08,440030.33181553346,453638.8529285002,530491.8437908711,516012.4103385289,510868.63108439726,505500.696865839,501640.66604101774,490887.65912687336,484481.2320401031
2024-08-09,442328.3350548553,456528.1449274535,534657.6208622423,519779.5165691333,514502.8606643793,509016.672046427,505123.5787447252,494189.89475419675,487710.6174791653
2024-08-12,443280.9201817118,458897.5681337348,540930.6182890958,525443.2332459658,519469.8191207879,513608.6778376188,509546.2181913656,498081.9361715962,491372.4530797653
2024-08-13,454279.9103042428,472159.3427840125,555789.1911680914,540270.2445662676,534226.6661326208,528117.1074114036,523898.4224444518,511938.5137265189,504976.5364112181
2024-08-14,456176.28197661083,475987.9817566123,561415.7460397591,545813.3058400826,539370.505579241,533011.5967701748,528792.4203270077,516642.6844895179,509560.0732642561
2024-08-15,467700.75226603996,488794.0638923502,572861.7903122237,558396.5928855686,552259.0201171503,545919.9137453092,541860.2151740962,529568.0432576559,522294.5031575038
2024-08-16,468302.0385035027,489923.29141579714,574905.8245674354,560614.5580275536,554191.0653533833,547602.8524369491,543375.0329495865,530872.8569697974,523583.1368258756
2024-08-19,474453.6732864122,496749.68079410645,581926.4592977107,568166.0328605961,561507.9248698165,554808.7789840209,550475.7474058024,537605.7722558638,530123.6416891667
2024-08-20,473457.98125699087,495090.12800746574,580990.5129021294,566780.1193370017,560208.4571114104,553543.326094588,549206.5234072788,536456.5253338036,528905.6294529442
2024-08-21,477415.23388631945,499653.4793973565,583684.49036567,569763.7641892981,563548.6332084982,557040.6531123787,552789.8116315798,540357.506754724,533004.6143846225
2024-08-22,469845.89280185197,489197.65631328034,572847.1196407002,559017.1542456215,552828.3530856102,546342.669320971,542018.1587997928,529773.6580230767,522704.78507954936
2024-08-23,474941.5614664131,497910.86866475164,581795.3235092849,568261.6380851145,561827.5572921443,554685.6592604037,550116.330310668,537802.195880796,530640.4319563868
2024-08-26,470330.6942323307,493198.03337358596,577256.2986147087,563498.2806246446,556767.8111097553,549605.4800205348,544869.0079820682,532606.8063431715,525543.191451779
2024-08-27,471735.73870070424,495498.69847812445,580744.2549773431,567032.2223976286,560400.1987270119,553202.752959606,548376.7964152305,535989.0602211202,528822.1169465833
2024-08-28,468131.739337316,490714.8716383691,576250.7331954843,562136.0487444928,555496.2011604607,548286.6637764213,543432.6611342058,531213.3247455539,524162.3213872699
2024-08-29,467446.510882135,489405.3620800952,572509.132007794,557978.5786236505,551924.6646634769,545167.7215454887,540596.9000164672,529110.7057862165,522188.4960586923
2024-08-30,473018.1387090518,494488.3379887333,576117.5638964637,561975.8576414803,556743.4653517314,550281.0930864577,545817.1579653403,534526.801822133,527632.1792347323
2024-09-03,458656.9153301265,472708.95595603524,553972.9917669735,539995.5746811087,534810.9076902167,528653.1757207528,524108.9044804271,513154.2006999698,506613.87808697566
2024-09-04,459214.0839529808,473441.43072673463,552021.7432746886,538572.7417119924,534157.4360093621,528292.0184927203,523860.53026045987,513059.1356930461,506621.7830514126
2024-09-05,459642.8273131135,472386.3900218889,553855.3361363205,539771.9212096717,534982.4984772559,528868.5334398153,524252.71628093935,513055.90017350105,506486.8447911578
2024-09-06,447330.220368534,461041.38562827883,543614.7392191028,528758.0029207461,523266.7270074265,517349.03150493087,512767.448029647,501746.94197966874,495292.8201323012
2024-09-09,453082.7861500692,467267.3033233355,550500.6513298183,535757.2883901322,530202.1472717117,524373.0994886039,519750.0343902986,508678.6362674637,502128.2919650791
2024-09-10,457270.0431928413,472005.90188122407,555667.266804046,541570.8247576462,537072.530228474,531120.2551290955,526301.0673192993,514700.3436915388,507911.6798313287
2024-09-11,468948.90077560575,487356.9995051872,573809.9023006698,559829.7713254717,555119.8984442436,548823.2753127782,543794.9468911533,531244.441877569,524041.41342884704
2024-09-12,473552.0624687477,491106.0150877019,578756.0648178239,565236.6362930438,560426.5148416738,553737.2814997872,548367.346753109,535353.0175439516,528002.7084171026
2024-09-13,475673.53087897605,494004.6320793262,580172.1520921197,565909.747809043,561690.6789785686,555321.2352490993,550200.9730741706,537440.4605167244,530194.7431536546
2024-09-16,473572.1110016671,491106.0150877019,572174.7251997141,559030.5596893281,555820.4409232803,549882.1754616945,544893.5465837509,532800.9751941105,525806.1473169293
2024-09-17,473822.2079546953,490854.3659794374,573022.7138874969,558788.5393420459,555255.4843839094,549332.0329932322,544463.1788282035,532433.8869298083,525547.5727049598
2024-09-18,473519.8075397076,490338.2094104652,573672.7034918312,558785.6392026738,555010.4869886455,548964.5439510199,543980.3445511647,531786.0676939073,524949.5782803688
2024-09-19,485492.4127195319,504839.43796900637,590129.3137854222,575184.5467516249,571199.9649662749,565059.4175636685,560033.3224325099,547312.0911334462,540189.8696120911
2024-09-20,484568.34249566356,503071.48106937984,586236.9116683737,571971.8614324938,568360.4131602813,562292.361751293,557298.7641232752,544681.7102618741,537642.903720055
2024-09-23,485852.7948358297,502897.2291250778,584728.2690231616,571033.4258870904,567600.6143829527,561646.5185105324,556840.9191075198,544373.6781754774,537454.2274364288
2024-09-24,488196.3172909732,507434.8635256066,587439.3773928639,574516.2373860602,571015.0789150649,564924.5071045728,560022.1958193935,547273.7382933373,540259.583357868
2024-09-25,490397.9793540878,509523.62618440745,592281.3111973887,579473.2445382916,575842.2894291069,569431.0188331362,564412.2205512977,551131.7702500339,543933.3324280817
2024-09-26,494082.37887556927,515842.0514920294,594062.9242299254,581960.7268494037,579169.5748810007,573331.2573248297,568984.6677350482,555972.3434765446,548862.9119020265
2024-09-27,491336.7458687078,512014.47498742153,589960.0026984643,577544.3210821848,574450.380346531,568457.5377823103,564058.7528940528,551288.8802915397,544293.2935605263
2024-09-30,492669.20372022886,513379.9049355185,595942.5989666554,582571.0739154094,578930.6203994715,572595.6859390504,567864.4672309835,554699.1389589801,547530.774303529
2024-10-01,485805.1212030751,500477.9489552927,580242.5831374419,567556.5022269705,564250.9603791331,558225.1991278968,553720.5652445178,541143.761957976,534286.5340327556
2024-10-02,488240.5668217156,505378.11722898687,583236.5035527211,571442.4390061996,568456.7506177813,562565.2763612953,558154.8944593132,545637.9504523462,538842.7337661108
2024-10-03,487875.87695478747,507363.1804039655,586345.7906647967,574899.0966445081,571709.7214184139,565710.1999545016,561244.5269103843,548407.80875439,541449.6883364641
2024-10-04,493680.59166578297,513862.7425006923,590122.3640079272,579506.4404604576,576812.8254108027,571019.0309693136,566589.236021397,553730.4367849114,546773.8679973558
2024-10-07,488392.49490893993,510173.8266791844,584698.3001285872,574621.7731988364,572009.0313572226,566318.5524070156,561972.0762089528,549226.3940002765,542383.6024756571
2024-10-08,495686.41716268274,519475.4431076205,597339.9222843479,587254.6836502797,584278.1200576945,578129.7491732973,573518.2418269054,560282.1316443536,553088.0395628511
2024-10-09,501335.68129504775,527038.9795809513,604280.571079267,593885.0812627913,591497.0561605019,585473.407709657,580853.3218496576,567802.4560333586,560603.5817154502
2024-10-10,500766.4242726025,527514.953288403,605426.5541335891,595101.8260559597,592061.8025385062,585820.5328511891,581233.7559710507,568178.3699846163,560952.2589677264
2024-10-11,501549.12525760627,529145.2133874312,604027.0382614607,593697.833670286,590750.7558447459,584739.7549809536,580410.1530928299,567920.1212271044,560949.4325790444
2024-10-14,505757.92932506953,535701.820334642,612941.9094433571,602240.3887588534,599049.7635520215,592929.354030356,588561.4213918851,575759.5762681774,568472.3334956032
2024-10-15,498997.54386346816,526043.1703675138,607488.3245646355,595644.4012617898,591724.8780869427,584859.6185244451,579760.8978220226,566603.3226947426,559464.6167390003
2024-10-16,500807.5654408946,529739.8248112479,611488.3028694905,600595.8887725268,596337.1886352253,589048.0536907971,583846.0361016239,570375.4586469756,563141.7178473903
2024-10-17,501154.4049028594,531826.3811814461,613968.4051426548,603183.424359026,598956.8125869052,591451.3218460127,586170.4805823945,572524.1167527089,565228.3818555967
2024-10-18,504439.3321708796,533656.6737459193,618521.1554551153,607214.639944049,602452.9421684945,594827.1943116244,589422.5832057683,575471.3718892491,568015.8089714769
2024-10-21,505408.4637058663,536636.3184545584,626210.3850088035,614523.5010322458,608762.3766792116,600567.8799436577,594774.6261319976,580020.2196549285,572227.328418294
2024-10-22,505959.3689279807,536265.0595978244,628909.9300321334,616355.3895954605,610374.3161303288,601960.5327959539,595991.7611819367,580907.4265404581,572910.1861555427
2024-10-23,499955.13421037496,529685.0841849925,619450.7796052807,607148.4456034478,601648.8940063027,593717.9216922701,588020.750260145,573600.0596417865,565827.8582386541
2024-10-24,504009.1518417029,531485.9106479381,619958.9599368478,607499.265300702,601780.1841741487,594071.5366195835,588704.3670393612,574529.1599706479,566782.8779619002
2024-10-25,507080.41079096246,534005.2993975593,623447.1575132513,610844.4625962796,604941.3056045215,597106.657066428,591706.4607365619,577389.6866635382,569521.3254595198
2024-10-28,507162.3047179387,535096.3504892293,623732.9285334875,610934.8605935102,604992.0070007141,597098.1120104215,591592.1642873073,577384.3175166307,569566.2947797122
2024-10-29,512035.2616190291,541421.5105721673,627513.5264258286,615311.4210394337,610029.3754717205,602265.1625870401,596984.0397226063,583155.5890270872,575329.7557236718
2024-10-30,509914.5825796928,536073.6363432403,624487.3979526715,611638.2241562697,605577.5284340141,597496.0045450641,592114.0151573295,578345.5549483433,570518.298827594
2024-10-31,497042.9405338784,518255.56392843195,600571.4829421566,589107.2441701995,583968.0455397367,576747.5042433471,571773.8806966376,559003.8850102756,551732.5108677545
2024-11-01,500720.4892130262,521966.8547006986,602727.3522805183,591802.925218264,586841.1895220956,579697.0460411366,574727.7364405515,562279.2187688209,554996.7684958576
2024-11-04,499261.81352667283,521459.65208007116,601673.2515252333,591062.6268352539,585941.0379729962,578812.5899319506,573938.7118665624,561585.8385951373,554301.0667091754
2024-11-05,505630.83307420154,529015.7829273909,609236.4009507055,598747.9309878291,593495.8522561347,586171.986037779,581277.4168711471,568684.8781317441,561365.2475833903
2024-11-06,521114.4063304643,547336.9489904767,622613.1879949879,613469.0300231769,609298.3529502567,602079.2866193764,597281.9165535192,584827.0636902946,577510.488418989
2024-11-07,529318.9566961767,558551.3374032002,633355.2047890739,623857.7866353408,619710.977182827,612477.3288224882,607563.4814797383,594840.7154179348,587399.6342557349
2024-11-08,529937.4618310388,557569.1658709695,630852.5580871158,621827.8415535046,618056.1919824093,610864.2046177761,605859.3386860876,593489.747043535,586088.2413380605
2024-11-11,529628.2728108321,555292.3736076643,623710.2491959645,616206.6985752146,612494.7565724133,605707.6112568227,600831.3093262844,589170.6462847474,582061.1016195841
2024-11-12,528669.5676102673,556265.5913390139,629022.155484101,621259.0100967737,616416.9910624877,609165.4845408769,603914.6038084201,591725.7465916898,584395.1858518418
2024-11-13,529738.3961441473,555773.5106666454,629881.2500053806,622095.0255348276,616889.2987356761,609426.4966247608,603957.0162409816,591868.0350099523,584449.5245500472
2024-11-14,526056.833567312,553516.3116595761,633734.4582722773,624170.2123670386,618296.964040239,610643.396377205,604992.9477119008,592214.0579813309,584471.6967018741
2024-11-15,513523.0521845316,540054.1766411192,619571.9938928112,609809.894842311,603975.9997737013,596184.2091452387,590455.6607813949,578017.0304655642,570613.2445332509
2024-11-18,517090.87097186735,541639.4839560544,621062.5362164718,610764.5028655779,605524.5725329719,597826.7371192524,592193.0472230461,579814.8295841714,572408.6926837937
2024-11-19,520648.29724928807,548312.3884470718,629702.3800406992,619108.5723436106,612787.2602776394,604426.9955669084,598557.4180338555,585767.2407197584,578219.1502277037
2024-11-20,522097.3871395313,550643.6310309592,629165.8634569262,618823.2153148053,612268.7278044567,604135.6754577475,598449.1940600863,586143.098020936,578816.4024915362
2024-11-21,523975.47809614195,556448.2276848634,629206.1935818705,619719.6167314424,613787.6193306597,606412.481973641,601160.8457126025,589858.438110201,582838.3926604451
2024-11-22,524815.9106849583,558514.9367360605,627376.5055860629,618060.9777848872,612251.5966741553,604810.6281193532,599712.0266718551,589050.3700697031,582407.2369262322
2024-11-25,525645.9798043636,558254.1795918222,625002.6021245196,615281.3827732354,609997.9826947809,602858.890011529,597990.6219882928,587726.5210767828,581367.552094876
2024-11-26,528468.3299600017,559943.5453598794,632155.7463624728,621826.8259189436,615851.3204019093,608318.1628442581,603059.8737866379,592165.5283558101,585531.4397167246
2024-11-27,526056.435227464,555932.8425542626,629594.5848173775,618226.3566169341,611666.1712958092,604059.424411859,598723.3918013739,587491.976100114,580871.6440504908
2024-11-29,530678.8776233463,560881.4033631791,635708.379102926,624153.2524327156,617545.1400767914,609834.9048230225,604432.4236727871,592950.8362881514,586165.7060046026
2024-12-02,536456.8503864069,566397.820896773,642088.1199026073,629994.4939404823,623192.5310776626,615468.0210929168,610180.039184245,598767.8088155427,591946.6242659638
2024-12-03,538101.6663164911,569336.3130827033,646652.5356749397,633925.0297066764,626560.5406809781,618641.9195355106,613220.310046984,601489.8400952558,594516.637803149
2024-12-04,546503.300237819,582622.9590644161,657038.8939159178,646144.9591940808,638715.0167214694,630771.9547661095,625260.5028059605,613657.8427551455,606567.928172268
2024-12-05,544988.8119267111,579711.7732307615,659253.859669227,647580.1802491641,639429.767891012,630928.9664330428,624751.2678217769,612040.4044410514,604840.9866773855
2024-12-06,549866.2756215023,582722.4107213177,657640.2035198677,646941.6179891914,639927.1889054353,631571.5196951549,625542.5404893078,613214.1047511925,606341.3004829711
2024-12-09,545584.2402180722,578373.7368446174,657918.8259052697,645503.0298749692,638136.7384957939,629551.6542699063,623438.0385235058,610688.2764595008,603687.8881932807
2024-12-10,543724.9997633558,570074.1400970911,653365.4672821698,639954.5142080109,631550.7303573171,623078.3761661326,616915.4612502329,604082.3578414032,596955.6757722499
2024-12-11,555208.1993367744,580547.6931274633,662420.9618639708,649789.2428737552,641826.7059032404,633349.6039171196,627261.4028783888,614254.2767241101,607033.6435466947
2024-12-12,551624.8565427554,578026.6632354191,661312.413058266,646933.4951634799,638833.0639406685,630432.2640323886,624231.827121432,611417.1443652571,604294.0871960194
2024-12-13,555847.1730346949,580756.2354337495,660513.8967024977,648460.3670601005,643107.0696663541,634173.3807424168,627904.6485238267,614874.0768923329,607652.5628317492
2024-12-16,563851.8495025471,587593.6670633693,665018.0863988679,653625.758362803,649443.6748048933,640350.0503498927,634177.9297511851,621136.3278730365,613897.5101847373
2024-12-17,561368.6886760755,583975.3632066281,666155.9305621992,653138.4752888508,648060.2687959236,638933.1455791298,632694.7499456623,619024.6464641084,611602.5843892843
2024-12-18,542865.3228022952,565801.9960088256,650719.6949783502,637377.742415226,631509.0879983685,622314.0030772756,616054.3294971652,602235.4124399457,594802.3844506671
2024-12-19,540447.6881484073,566284.7311318847,654280.1352009722,640722.3300224828,634396.6013620857,624621.8869225748,617587.5444625381,603656.8314037768,596105.2897280634
2024-12-20,545167.1855016124,575228.0904271491,663996.5261970718,650357.5138650299,643521.9791738512,633501.8063002281,626378.1328499449,612259.4231180557,604728.167657909
2024-12-23,550478.5681876313,580546.7950521822,670882.92101102,657937.4750701524,651553.3333981512,641231.5441770991,633959.6027179969,619266.1438938252,611428.7455104489
2024-12-24,557942.9916901399,586922.0214008685,677362.4309476959,664499.4203171548,658460.4508007863,648030.4063856497,640628.9926132474,625815.4325898776,617875.3627042028
2024-12-26,559313.0254294599,589690.9497025439,679568.4223415881,666912.1452723787,661145.8605415539,650603.9171423418,643154.32625317,628189.4301331943,620217.3904108024
2024-12-27,551878.0377367642,580492.5395888861,668826.0158994356,656675.8210863515,651284.7124368919,641082.5074281028,633847.1597867092,619230.3798545867,611402.8016350596
2024-12-30,544538.0253616202,573249.0000043288,662413.150655116,650419.2303489968,644576.3136664943,634288.5963637775,626977.4461653654,612297.9972495468,604499.6862209798
2024-12-31,539912.2853488288,567978.4607059899,655291.97775118,643521.6961624034,637991.760775627,627995.7461877118,620850.4312119052,606533.2558672177,598908.2440061803
2025-01-02,540867.5703109441,569569.6902401558,653765.0654691316,642943.6597384019,637575.6672207719,627722.0916803492,620779.6703669403,606613.0441080597,599161.5171925088
2025-01-03,549719.0197279903,580166.4881190846,662463.9438401292,651533.8591804059,645977.4475898783,636240.5647233899,629437.5278057428,615407.8809619747,607948.2792032801
2025-01-06,556036.8229037337,588123.1835316591,671582.5865181059,660194.0719272224,654139.1716836307,644269.978884358,637649.5806133255,623131.7801615264,615603.0219479558
2025-01-07,546114.7562441614,575188.8782460996,654900.5925022322,643704.558152995,638579.3777516531,629513.5449095394,623436.5404301542,609702.6798322056,602534.0151692427
2025-01-08,548221.5411326119,576586.0328030656,658617.3073951483,647186.4909196809,641867.9248419133,632644.3331578004,626434.0704638426,612698.9175232578,605497.8048975753
2025-01-10,539624.8345627892,564296.2853635044,644085.5160832215,632518.2251798215,627259.2759080853,618277.7136885783,612244.8287147189,599037.5063225265,592135.1707458749
2025-01-13,537890.5942772998,559678.557750681,637857.2858499654,627052.9747410488,622357.7968160771,613495.1340282767,607497.8488903,594525.8106822409,587734.0597444279
2025-01-14,537379.8706314259,561012.2740179814,634686.3228294519,624619.298450355,620586.8338341055,612234.9648842178,606582.1299803985,594229.4768605757,587728.4304822526
2025-01-15,551754.3289002391,575460.6272517948,652481.5428497109,641272.644429401,636660.0198913257,627960.8990092594,622200.8788281479,609151.865928802,602348.6649243716
2025-01-16,547888.7714518183,570632.6515234933,639282.0381429128,629978.6145433786,626227.0090803794,618398.8921147198,613346.9121975953,601565.5704513697,595287.4410466222
2025-01-17,557136.3338217514,579226.9066468652,648825.1010552905,639966.0767348399,636533.2037026703,628536.4843698154,623428.807990496,611203.7786691346,604640.0152456884
2025-01-21,560404.014879238,583962.4795687963,645572.5060042447,638813.7959084307,636750.918342928,629203.0237799617,624424.791205313,612889.260411362,606611.4659559891
2025-01-22,569580.4894259438,597669.7971314394,663932.8778897511,656432.289705045,653768.372747819,645650.5278266717,640543.686049979,628567.5550910402,621954.8281910446
2025-01-23,570791.4295081082,598660.8041845977,664697.1329148543,657425.5615667014,655077.3767947525,646736.5975944363,641341.1350541248,629465.4498281352,622881.1743351866
2025-01-24,567565.7959446526,592908.7857023247,657782.3093070504,650878.0136582087,648543.5407660158,640221.4997136253,634855.3858763525,623286.2546767947,616975.700163931
2025-01-27,551041.3912239233,562019.041216811,629732.4780581826,619419.1083916696,615733.8196171776,608793.4063878917,603714.9837424995,593213.0787976615,587506.4125852318
2025-01-28,559185.5866223645,579552.6150642273,656548.0752371387,644861.455731346,639069.022048151,630548.6240431685,624458.2221333728,612675.983811256,606365.0398735169
2025-01-29,560146.8863325808,576126.9223561863,651408.1443724572,639631.6830736131,634419.0344655602,626322.0325394257,620532.0601987496,609067.8586327302,602905.6955280064
2025-01-30,562534.3978901303,576182.7232941997,640435.0829217277,631660.9985966034,629511.0050307789,622157.9444060941,616964.7796596502,606839.3019792825,600973.4521161141
2025-01-31,561717.0235604183,573124.7519306624,633505.1960082025,625254.4229240298,624088.3477266345,616961.9368968315,611912.0943566652,602388.4216038159,596853.5486764588
2025-02-03,557221.4978471207,564982.4412611336,619916.7042427472,613002.8843291578,612597.8331229561,606172.8398274762,601471.6427768894,592749.3128372183,587436.188110861
2025-02-04,564061.6373642096,572557.7184479632,627934.8162790796,620743.865066363,620137.2147525939,613227.5882960005,608171.0185803046,599285.8895995794,593957.7864844687
2025-02-05,568632.6929264278,582646.3328061207,638626.0547377482,632303.1575378466,631753.2749100061,624452.7507883491,619421.9148837433,610507.443312475,605023.8199600636
2025-02-06,571600.8197314291,584828.7898275102,644674.3880100767,636833.3088889247,635057.7984605377,627363.2883418759,622302.9515799937,613485.3836069732,607767.4306188333
2025-02-07,564390.8698771513,579251.2022522842,636863.4212148074,629646.2243839962,627826.8801058815,620226.5146593474,615255.0997008431,606684.9029308752,601330.2827164035
2025-02-10,571223.0025740541,586535.611060546,643991.8526158248,637823.6531611154,636531.6408657453,628798.4012671881,623787.0452146297,615005.1767881033,609557.184433872
2025-02-11,569863.0734002426,585770.7767918895,647807.2340607547,640918.3551990626,639442.6910349844,631380.8493920099,626018.1973933589,616339.6339165684,610525.544844529
2025-02-12,572208.998409888,587017.3570231545,651361.3500781542,644151.5114395337,642392.7247222904,633944.6994564629,628260.4140118933,618253.0662935706,612394.779237476
2025-02-13,580440.624696149,596123.7519280628,661983.2417332294,654288.8159827424,651950.9722370562,643335.6239270361,637641.6380079491,627192.4051454931,620904.1895514788
2025-02-14,582877.6644977834,598856.4870340422,667813.7254302944,659675.7767738359,656656.0670609265,647470.4448288578,641508.805805245,630469.6394386183,623911.0769293148
2025-02-18,584199.0555594563,602815.3815994811,669014.2621639576,661030.314557644,658431.8663089228,649724.63234332,644360.9289672767,633733.7103989183,627281.0542683065
2025-02-19,586372.886511704,604414.9709651282,673321.3414992269,664741.0229417299,662454.2553628476,653799.8218936106,648299.2873888823,637313.5862891776,630573.6990951
2025-02-20,583883.974097182,602396.11123593,675547.9520752936,666008.4993023822,663261.7073899326,654422.6199450382,648783.0073363528,637083.2460369758,629986.6227021567
2025-02-21,571765.6787121764,586085.1117678273,663712.8441519906,652846.7662633605,649259.2963888617,640433.8725296775,634674.3120789476,622553.8500356221,615389.9700778138
2025-02-24,565016.4338255009,577539.9250216249,657618.4635660425,645932.7096209028,642011.3988478265,633270.4815135989,627401.4992133355,615171.3031788749,608021.2260331812
2025-02-25,557897.6051135908,569004.2590212587,650259.0787407324,638598.7756255507,634532.1278869823,625789.2367121256,619872.1036515806,607589.162543116,600564.7567094209
2025-02-26,561256.643749068,575260.0224040358,652567.2944230353,642417.445770256,639501.8515570784,631363.941411128,625602.7809551693,613460.8538777953,606446.1840550607
2025-02-27,545669.8358717244,555000.0682594461,631982.9610367146,621021.9304485227,617625.902248726,609715.4332318343,604111.7872444837,592893.6750500049,586238.507144038
2025-02-28,554286.8084556006,563961.4568234739,645365.2396851364,633307.9498611774,629180.8155318289,620890.0332890878,615095.8819644103,603254.3735475261,596215.2113779081
2025-03-03,542157.5923831778,545001.9674266565,623523.31136682,611638.6130298625,608065.2029322874,600564.5850766134,595253.1007658062,584273.1293099177,577617.9626927692
2025-03-04,540521.499566917,544851.1855484252,622228.4630371265,610509.8021694969,606848.5910533145,599375.3803191279,593986.0567270172,582919.379593413,576211.3912505647
2025-03-05,549579.130551334,555079.5760600663,631819.0464367603,620079.5099316452,616517.5407820385,608992.3417165161,603599.3377079756,592420.1271921418,585641.3573867118
2025-03-06,534460.512853564,537999.4257543143,619390.2723713181,606506.206133013,602121.7619727023,594551.73857384,589053.1199654543,577356.0277389497,570399.4663761904
2025-03-07,538390.7166546221,544629.1310906651,625541.4105734677,613506.7336034508,610481.9695517442,602950.881736142,597396.7919697453,585206.030770805,577943.5596356723
2025-03-10,517524.68929703836,520228.75862872944,599137.1333728008,587898.2597710207,585242.8854159565,577961.3608339457,572536.8137696659,560818.5393986154,553936.3494281055
2025-03-11,516287.5445512048,518620.9621014198,594065.841740875,583785.0739939645,581018.2353146495,573806.6704657229,568527.1171478997,557193.0081320596,550473.1470605974
2025-03-12,524123.0643733812,528283.5036811704,602223.702970053,593068.4738336827,590414.8407276556,583311.0729975246,578217.6547859731,566537.1990113329,559588.4958177722
2025-03-13,514693.80407223257,518770.781876736,591450.2509506147,581701.3498703582,579433.9036064304,572629.2140956189,567818.071715688,556471.462091828,549581.9852823202
2025-03-14,527134.1853081945,534501.7806690162,608139.6129771795,598136.6306629743,595313.8479727135,588397.4722856466,583655.9829258998,572132.6945695059,565108.5634949426
2025-03-17,530551.9932571407,537672.6101549803,606574.5735166766,597182.5987308316,595313.1972655726,588780.6895498877,584332.3633733991,573577.1695603608,566857.4766119634
2025-03-18,521507.46888295165,530039.7280928963,597334.7374737081,587707.6127983585,585769.252953576,579456.0060649759,575221.2556093738,565008.8880204104,558483.276034982
2025-03-19,530497.2762381947,539237.8087541768,607570.8611209574,597732.4073786886,595943.2183475631,589470.1827062136,585105.5182664583,574902.9049300638,568308.6466016719
2025-03-20,528699.1621142647,536217.0710494659,606705.4195766647,596161.9937058922,593616.5338203352,586934.5471942784,582590.4696815718,572190.4046289391,565512.3238316383
2025-03-21,530442.1726860877,538027.6516218347,611853.1902934869,600461.2347318463,597496.9668811001,590326.797359378,585399.9056607311,574640.3097869478,567872.7361371033
2025-03-24,542082.3651849622,548300.1389784012,620574.8388998793,609267.8472410492,606362.520503865,599385.5185390961,594605.6379125807,584216.0998481321,577523.7334181913
2025-03-25,545175.7692758878,550608.1446651672,623658.5137446276,611832.9784110832,608467.0675443321,601429.3331929583,596511.1280876858,586098.3898053351,579311.9685548402
2025-03-26,537155.5298950598,539376.1071353983,611844.5909850392,599880.3557729562,596652.1699930291,590026.7943090295,585293.2370239373,575309.5986379074,568715.2616204176
2025-03-27,534094.8021972332,533668.2490052036,611680.9532355423,598300.5056713878,594144.1849595772,587262.2517811737,582362.2883519056,571933.19993196,565196.9356512974
2025-03-28,520033.2850630463,520260.43941767816,596441.4000745873,583826.1286838072,579779.3044635,573022.0714114235,568203.6785631792,557957.8788099479,551417.801409953
2025-03-31,520011.1335353709,519436.95385662006,598307.3749993192,585319.0293653834,581382.2520901911,574723.2540383124,569809.1321774236,559163.8629878655,552451.7141818986
2025-04-01,524202.95231557905,523803.9369893142,604465.1048915442,591024.8233535344,586646.4330935794,579785.3880980382,574794.3661880803,563942.112868804,557144.0810572981
2025-04-02,530040.1850460888,530124.9724474692,607837.2534060144,594814.9833767195,590907.52371114,584185.9259148065,579303.0964216308,568881.6705740273,562246.1855288864
2025-04-03,501665.25220198225,491728.79696129484,568753.8739453622,556157.2485894526,552247.9701665256,546078.0457200487,541193.5951128445,531254.6520854986,524699.0388319581
2025-04-04,470507.37588432076,460100.5252905871,533837.7245640431,522115.7377580446,518121.0177696281,511963.7877549208,506964.20525383163,497343.3651610921,491141.33197692037
2025-04-07,471642.80970604095,461407.92236985156,530302.5142969146,520159.851776802,517005.6231330968,511260.4346452609,506683.81480936,497625.9116182231,491655.8695300908
2025-04-08,463149.2064272667,452188.6195317324,517431.7616538719,508481.7157832576,505459.54555839475,499774.016194145,495317.1309931771,486701.5090450594,480930.5617900073
2025-04-09,520752.7595744138,515158.9879866741,591460.7342023682,580629.9290919644,577208.1781624472,570489.0947577372,565520.9677505961,555283.7431498385,548377.6116165199
2025-04-10,498603.99273152294,491986.5255161816,567636.2138079206,556484.9617960014,552386.6416267003,545654.92038026,540594.2549945054,530633.8513187248,523924.24322537123
2025-04-11,507789.85578831454,501994.9174229901,584973.4923349386,572611.9271733998,567699.6981526726,560500.1744503403,555087.0503316614,544255.0395754395,537144.4118722028
2025-04-14,511231.7555836927,505536.7712115841,588829.8973010255,575822.1170594763,570857.0600668386,563750.4388276562,558355.3019607491,547568.2230606285,540503.184594526
2025-04-15,511801.65657749964,507447.686591129,589536.6412180503,576630.7076864417,571612.4692152605,564632.3081826123,559312.8961593396,548971.3255770386,542015.450502283
2025-04-16,498380.35584984854,492048.34981096484,566531.4955573218,554853.3475640265,550974.8368615216,544698.2426282179,539777.5830337915,530590.9631165346,524343.1529952586
2025-04-17,498290.67106382037,489897.0539100236,563579.6026714937,551472.3086603516,547612.7837225993,541363.6660246834,536431.1072918643,527488.5063520693,521462.6272370854
2025-04-21,485959.547438692,476543.146134904,548439.4581659391,536385.9591948454,532907.4453686124,527055.0000956329,522337.4138865126,513721.9985531882,507826.8951957422
2025-04-22,498717.02722654166,488268.9963729582,563197.4895396057,550328.7569212584,546494.1804152619,540386.510164349,535575.9165968903,526750.172167049,520673.5808041799
2025-04-23,512038.3565827211,504845.5658793651,579598.6714448668,566584.4080473903,562922.0632061971,556830.7430205503,552020.2057859462,543154.7731622375,536889.1420135673
2025-04-24,526445.6194484392,523827.89252538554,595763.0711436541,583079.5198015483,579828.2060124866,573914.800127593,569070.948900903,560438.1762244802,554116.6276637692
2025-04-25,532314.4245124538,531767.0952340651,604725.2200914444,592124.1832602649,588548.2692109554,582347.542355357,577318.3803619444,568325.712867521,561876.2161571486
2025-04-28,532145.4249706308,530755.363681472,602751.6893182098,590143.1168019309,586893.3858719014,580769.0760653442,575770.8568283645,567072.4042810976,560735.740505027
2025-04-29,535660.0061837023,533323.9222389491,605929.880894662,593182.0200144036,589635.0212255239,583428.9410206379,578429.0570942467,569974.8662509801,563670.2380167445
2025-04-30,537603.7220142332,536600.0632878174,610479.675056509,597678.0031602484,594215.121850167,588136.381943661,583149.8041215271,574571.494761395,568227.8344772946
2025-05-01,544625.1949975055,546073.2048296139,628934.6140304006,614180.9659058374,608827.5515694276,601520.1172580107,595903.9725332931,586093.4413170555,579264.2149606848
2025-05-02,552709.6093640823,554266.9745033426,630360.8737523691,617544.8665531126,613589.5439242165,606847.5906255557,601536.387850683,592089.1396167495,585458.1754720219
2025-05-05,549430.6170964321,550516.8434349926,622991.7741576459,610994.6958056921,607453.8560744463,601169.7832213352,596095.7038910609,587217.0617921436,580819.4926924077
2025-05-06,544320.0132718488,545858.2780274547,620697.8928361076,608706.4893005707,605034.5858416685,598583.1254753497,593441.5573601491,584245.4935275939,577809.1627356187
2025-05-07,548468.3027294033,553319.2223555929,625655.1654867108,614717.0323770228,611813.0110059223,605634.9486620068,600490.5768057781,590971.0519493455,584487.7386267426
2025-05-08,554131.161602029,559856.9597968241,630079.8865302287,619040.8560250766,616287.5831521751,610102.4643256228,604965.1584362321,595531.944141044,589184.3783069435
2025-05-09,553767.9758534345,559876.6300347919,630715.1428511344,619351.9386854981,616807.0132956905,610649.6280470254,605569.7712092528,596134.9429274991,589746.1903251018
2025-05-12,576328.6323441686,586331.5361069062,658833.1697516699,647203.2881085725,644853.424425982,638311.9727691315,633191.8368988548,623233.9912653703,616584.4479489578
2025-05-13,585112.3288473372,599367.8509743323,670693.8803950525,659581.1167535004,657356.8837233463,650631.9715318116,645580.5330827638,635468.7187640235,628744.0795408548
2025-05-14,590630.343133087,605633.2129289226,680358.4891835449,668908.6067644262,665955.2353686012,658777.2252751745,653416.1017130103,642618.5391663671,635631.350420357
2025-05-15,591279.4105391209,605357.8776446151,680087.2445575481,669391.2329492768,666526.7630279162,659517.8908614069,653892.675492393,642892.918926606,635817.8849909332
2025-05-16,593852.8641211638,606498.6299919838,681024.1757868661,670047.7849763477,666955.7776025881,659889.6651264451,654347.8378144968,643598.6496437462,636659.3343507006
2025-05-19,594422.3553313102,604895.6861480727,681264.3623034004,670359.9857160759,667348.9891112117,660183.0183279103,654612.8886924637,643644.2348694913,636586.2388594722
2025-05-20,592440.9290500697,602771.3434613005,677268.8719287916,666714.4570228448,664140.848487248,657113.29745772,651618.5846579948,640763.4208139286,633767.9023695543
2025-05-21,586219.299416878,593237.1474085181,667095.3542200667,657218.0112947866,654845.0991602443,647928.5018240791,642481.522036822,631614.5632207858,624640.3601325741
2025-05-22,587316.2735681315,594233.7128784242,668760.9047461646,658830.012481225,655864.9030227484,648647.1094485535,643033.3370066251,632263.1709400496,625292.036894268
2025-05-23,581877.2973450166,587227.6565677793,657300.0269593914,647902.7970064674,645716.3091644258,639290.3060924925,633866.2856459453,623451.3905412691,616768.1166702171
2025-05-27,595566.017810172,601654.4193940065,674339.4479035895,664452.2254022377,662478.3258767767,655942.8157112297,650385.9567799827,639418.031875839,632315.4582924481
2025-05-28,594937.8950680491,600942.299289782,674599.8714814654,665007.7263508625,663433.5829775308,656841.0370506871,651084.8500760521,639445.7669124735,632259.2011412854
2025-05-29,596107.4367444759,603100.7752513158,680577.965100417,670506.1104649468,668492.2020205498,661413.9699475431,655303.6640449403,642738.725519306,635241.264122429
2025-05-30,595167.3357921827,600367.969565704,677750.0292655127,667432.9974328977,665512.2748729164,658404.923561493,652244.4126138858,640294.4993100753,633027.2855830154
2025-06-02,599868.0519548072,605823.4335539482,682678.4381312113,672389.9586625826,670887.1008488586,663859.4066638966,657774.4494963858,645653.8281589954,638202.4752111343
2025-06-03,604557.2115207616,615476.9974825794,690616.541561459,680923.6694093278,679751.752189125,672567.2673920515,666501.1035821221,654254.7114505637,646831.2108988507
2025-06-04,608253.9996787247,619151.6747998835,694117.8030619554,684701.4761402234,683812.9035671777,676590.0249560474,670548.2399613684,658169.3166537669,650727.3354802513
2025-06-05,603675.766497866,616380.2745581132,691068.201109269,681912.5263579307,681319.1600957647,674376.0210608672,668605.2477335866,656346.402951126,648960.4450385913
2025-06-06,609576.8124779505,622240.9246932438,697131.4148949609,687289.3447031418,685716.9340839287,678921.981061838,673300.5612005866,661265.9847297095,653850.3972155976
2025-06-09,610474.1475954157,624942.829614183,696040.618405694,686522.2919281237,685804.872285172,679382.7809539927,674015.3841316544,662223.5141441297,654795.8083025977
2025-06-10,614511.7314189425,627555.2440693505,698669.4306381013,688950.510968411,688622.6395028196,682348.4616032109,677193.121605253,665390.6818243429,657812.7994599562
2025-06-11,614452.4729757142,627083.3017924901,696963.5949869904,687688.7504274626,688109.6366142484,682015.8792144026,676981.3379302073,665377.0513892047,657816.994328032
2025-06-12,615895.0381615694,631587.5736058594,703316.9203059427,694619.4982610218,695824.3196121315,689424.7916526033,684120.3283697127,671863.0686252358,663933.526787745
2025-06-13,608162.6986648451,621124.0445653197,691444.8377928702,682685.4591030267,684545.2787906451,678297.752000316,673015.5366925354,660809.1972831503,652979.2731716187
2025-06-16,616622.1727300998,631647.3851200747,699888.7911145927,691601.2679701409,693511.628496428,687609.3178162044,682589.6537443092,670445.6180357238,662651.2189282307
2025-06-17,610609.3209980562,627003.5531068697,695483.701065538,686942.9893244057,688702.3347228719,682934.8512146986,677994.5457696411,665980.9433196344,658182.3626950599
2025-06-18,612516.761285459,631007.954708239,699055.5977824196,690483.7804333508,692228.9074465176,686153.8171973053,681090.2302723548,668802.1632203308,660930.0084582925
2025-06-20,610015.7488235636,628298.7496632766,699940.282840216,690313.3744040107,691274.3510822816,685008.6101946029,679841.3542161619,667255.2584164726,659330.630205284
2025-06-23,616288.17107989,634966.8494484059,706163.2636793833,696798.285016034,698161.3746002752,691939.2922325348,686737.2321095313,674088.9356035204,666145.7217971242
2025-06-24,625712.4255620488,646393.5742096975,713933.1971529681,706050.4889951767,708614.4703357457,702647.3897276986,697722.818115945,685058.0780541919,677047.4571204198
2025-06-25,629323.4685509454,653843.281059558,725680.9640418135,717171.2459350047,718551.7794096573,712076.5134763418,706825.6639772938,693377.1996918208,685049.8449603692
2025-06-26,635207.8374116677,659478.1140230115,729004.542876422,720928.3196785098,722800.1829928992,716349.154712395,711096.5641465782,697732.6903331905,689440.2096255303
2025-06-27,637382.5265101583,659086.5847986311,732083.9322217942,723774.0420435673,725166.2719652556,718508.1944498833,713090.5385409759,699091.1200484898,690652.5562387976
2025-06-30,641510.866051561,665852.7415174737,739046.8714536094,730716.4073838723,732604.3491123432,725780.9664731036,720155.5020241522,706123.3528941687,697725.8205093349
2025-07-01,636103.3438254027,658986.1485059262,732379.4893359562,723463.5568760002,725199.3668024279,718517.0127552621,713024.7000629945,699465.3399671942,691229.9738768691
2025-07-02,642545.398017605,669359.8732724942,744112.6855478518,734572.295011835,736565.9758293391,729546.4903029312,723889.4760460955,709763.3167576939,701320.1814823805
2025-07-03,648868.1473384907,678673.6632265844,752933.5246941425,743585.3253218839,745794.2012498395,738686.6536866263,732949.706957037,718937.7881922073,710441.757502733
2025-07-07,643980.2867577241,672692.717015394,746640.7255439884,737404.4390357052,739402.4741399926,732432.1343710739,726659.720702663,712720.8925353575,704297.3517911884
2025-07-08,644341.8916116728,675864.5141536373,748044.7944468886,739191.7386565028,741354.427136625,734523.5503432344,729004.5912747135,715103.2678205034,706588.1623457121
2025-07-09,650914.5262676388,683534.5391610237,759151.684692147,749584.6092969803,751194.9851291693,743699.9052699358,737829.8405713814,723273.3969386653,714617.078419479
2025-07-10,649978.3649454528,681242.2159518193,760570.0537015597,750281.2784904873,751507.3530185336,743662.5714114021,737777.0492637457,722406.752426799,713508.5356871287
2025-07-11,648515.752071661,676950.2776689095,759843.0645093124,748693.0825158063,749440.0311513584,741406.6698663078,735498.4090099516,719746.8868691203,710654.0173092105
2025-07-14,650867.7577141322,676980.5514164262,756344.0427185948,745832.6793875276,746768.2372348236,738932.9691270196,732936.3361561988,717889.0113389601,709054.2354554859
2025-07-15,651464.4698576421,682726.7439512119,766852.2576390865,756123.5382398316,756704.9297617428,748322.7183761382,742018.3153117961,725858.8256711593,716534.4612421612
2025-07-16,654142.7997805555,687767.7046325307,771152.0429890489,760589.431591191,761333.1852151692,752779.6448267461,746265.8383978074,730112.5003297013,720744.2746080735
2025-07-17,659436.7400157744,694725.8802904842,776706.2127746907,766744.8952784927,767734.4489568984,758763.392437042,752037.5401297702,736068.3698322427,726774.8583327627
2025-07-18,658802.8767334556,694330.980972375,775913.2512220567,765616.0722419636,766437.8553282311,757534.9446812683,750854.8779181731,735259.0179038853,726206.9653835775
2025-07-21,662218.575428161,695303.141133324,776767.9372231294,766574.708319051,767734.036979296,758883.2411473226,752218.313113396,736623.2446027217,727460.0807841676
2025-07-22,658791.0584548857,688517.1440617095,770165.933677936,759533.5854559917,760296.4624450855,751450.5146072629,744650.5890390694,729674.310383317,720767.3408471867
2025-07-23,663807.2850314409,695997.9188961091,777970.3707971291,767832.2860549522,767597.6921548265,758341.862044705,751170.705455619,736075.9267611896,727190.5250437573
2025-07-24,665220.2475080726,697968.54836085,784237.3033520567,773744.1937247337,772743.6350147795,763126.7862171904,755954.9612349899,740492.7392642398,731312.6519102579
2025-07-25,666821.4315055325,699553.0973515532,785941.7352715828,775504.3707788398,774450.2945873995,764594.7693816989,757323.1657890546,742221.5710206603,733198.6385311775
2025-07-28,668905.3126289872,705088.9931808986,790076.1764347423,779837.8198819513,779431.9386282967,769901.0136367099,762672.8851306956,747379.7542720152,738246.3797695581
2025-07-29,667869.2268841519,703859.9495815309,785382.5290066126,775922.1796879768,776522.7890460745,767229.6864845941,760224.8743597561,745585.1742262956,736496.639577927
2025-07-30,670775.503675866,707415.3173099601,790447.327170226,781258.2957719787,781584.4817501915,771993.0559583023,764977.8357734447,750017.2932728286,740834.5332254193
2025-07-31,667220.94615964,703361.0292319559,795617.3010472929,783913.9064934778,781843.2404851275,770875.4056115567,763080.4515585633,747267.461593547,738123.2886396347
2025-08-01,654077.4424938166,686991.0027445444,778696.5325163458,766993.4187403077,765228.628941394,754735.3557479355,747192.2674257501,731593.5805000943,722597.9934460184
2025-08-04,666146.2922596416,702607.0872713609,794970.1172685589,783269.136632077,781345.6590810317,770316.772108542,762565.5732677795,746529.5022768778,737305.7896465745
2025-08-05,661623.5094965373,696311.7686957248,787447.6339960791,775746.7360029063,774141.4544443537,763140.1738170504,755392.170948243,739398.8141306328,730160.3442384388
2025-08-06,671960.153825541,706778.1044293119,802047.1194207227,789689.1676120617,787441.9796313378,775750.0464602552,767728.0164982501,751363.2779160312,742018.0775327452
2025-08-07,674234.2972538344,708157.2723737108,808389.6110794091,794858.3331957754,791658.8607267678,779652.9482520347,771685.7471644641,754081.462146042,744314.2496331139
2025-08-08,680523.6410939742,714439.9328502408,822527.0112503835,807669.7930367802,803178.8233047929,790480.2138903018,782406.7794432038,763587.6671215968,753122.3824665238
2025-08-11,678510.1144734764,710261.5963270186,819211.5902908727,803906.3487787745,799229.4025234139,786304.8221504412,778504.2503212306,759620.1829667859,749039.0880642224
2025-08-12,687038.1159712053,721304.9601742402,828138.57645953,812781.4085252893,808817.2070851529,795879.656088873,788260.6907383666,769632.9799477219,759093.5667333412
2025-08-13,689393.0597705453,724562.6538099048,828187.8873571418,813024.548122458,809151.6058886806,796734.008352132,789305.0815946356,771267.2771152639,760965.6874326565
2025-08-14,688858.5593131648,721673.7377076924,829738.3406655536,814051.9997195594,810256.6988434922,797516.9508327928,789991.4507556411,771425.5322622766,760762.4208779495
2025-08-15,685829.2858108835,717145.7741640846,824765.3165482092,809000.4300938874,805615.2437831921,792266.1765580109,784096.3449326111,765663.9316192468,755294.2427018842
2025-08-18,685556.0188967334,719225.3717338908,824405.6579413096,809196.5135310873,805824.1002888344,792656.8667583734,784649.7785856931,766526.4732293087,756312.1292899475
2025-08-19,676254.8066122534,705631.3701165133,811083.903283932,795590.0045698929,791801.9979306331,779129.8292275993,771550.9697909589,753768.0979810045,743804.3129435029
2025-08-20,674250.9561068147,702602.4947087382,805701.5073423636,790875.3461297461,787506.5418299972,775265.2619101522,767804.4751621429,750476.5705925386,740625.2592580485
2025-08-21,671129.3036829715,700742.9671830639,803381.3846300266,788511.9235102652,784905.7409140152,772557.5945401166,765061.1584773591,747808.5913836634,738062.4609374566
2025-08-22,681483.0719364466,713163.8552770814,813211.0382276581,798518.4445466496,795024.9648485703,782325.0708313612,774800.3489737003,757669.1557053357,748134.9433980533
2025-08-25,679517.1536089743,711427.6454447269,813143.316415216,798433.872802786,794521.823925306,781581.8196732127,773979.0949763551,756593.0479231115,746979.3393984162
2025-08-26,682245.6369968684,715074.7756718819,817382.6490493931,802683.4151924847,798805.6229253336,785789.7181705037,778142.2073590597,760415.3410027272,750635.5671010121
2025-08-27,685305.4205643231,722109.7858164653,823024.0779306458,808319.2933377234,804565.2483281109,791556.7827065557,783871.7131362495,766180.9475131134,756519.9551896969
2025-08-28,689595.4714425628,729269.9374391674,825859.8326918451,811719.4976712213,808698.0594121526,795932.858072826,788470.6622163662,771478.1361151765,762006.4990913289
2025-08-29,681613.1317900885,718091.9030804554,815132.8327967544,800257.6453955864,796430.8095589967,783817.3920039575,776348.6607460978,759752.558317672,750474.138436192
2025-09-02,675901.0116158214,710663.9641870445,807077.5011223523,792088.0502263828,788660.9412105775,776151.0393618041,768652.7222647053,752419.5896582752,743380.068443007
2025-09-03,683230.0158758168,715858.8320272209,819173.207122344,802877.8579650348,798588.8406753428,785583.6497721568,777765.2850020829,760674.8953942222,751413.2362155207
2025-09-04,689414.3125004172,720652.4930887537,823627.9277592471,806504.4083547811,801895.2205854502,788883.6060984269,781386.3812222003,764470.4373783491,755355.95711374
2025-09-05,690409.0358887736,721943.900451242,813648.2256035918,799671.9649854301,798440.7117153639,786065.2337855927,779089.8396299122,762795.8594501708,754271.0023743622
2025-09-08,693776.8503875135,728277.0533597589,816279.0830658538,803480.025816178,803225.969031896,790963.3102005753,783998.7046171692,767739.2976264074,759185.971928292
2025-09-09,695742.4573552296,729134.5503818643,814686.3570557556,802102.2257302979,801505.150178981,789582.2515452517,782950.5521739499,767253.3543429828,758776.8677442643
2025-09-10,697981.4700027175,740630.0564411554,821625.0780010785,814430.6931564301,820021.2412137885,807586.8176671333,800067.3713917463,781537.6173786346,772511.3592604641
2025-09-11,702044.105243495,744608.1215096916,824741.5761342179,815561.9122784222,819260.0667778971,807472.0631728012,801039.821776508,783439.2693504788,774664.9471902263
2025-09-12,705145.1529840896,745436.8982964283,833647.7986360503,822083.0887126264,823871.4124976156,811429.6442210645,804798.907351096,786185.4434497522,776962.1660781803
2025-09-15,711179.0020144755,752750.6470390302,839779.0010573934,828075.4815855904,830185.7509412306,817824.4189946828,811262.4579385255,792473.3720701953,783283.4200807724
2025-09-16,710577.9637066717,750202.142542865,834307.0771599875,822774.9996386573,825531.4544381389,813555.8269407321,807234.5079233417,788793.5272693125,779673.1116693674
2025-09-17,711171.1066231247,749447.6080356558,831063.7038811505,819027.3484376884,821435.7446837651,810282.0995968193,804421.0603598624,786822.5554827609,777880.6920644555
2025-09-18,717583.788986724,762753.7817819784,835948.9619659539,824834.3805036802,827259.397814396,816780.0301656656,811852.2612457487,795529.1122075123,786795.2958196753
2025-09-19,722441.3277956815,769879.491964825,849743.9504527985,836834.3283373282,838594.3096957136,827497.8986541973,821962.4683865584,804922.5534975799,795810.2632744588
2025-09-22,726718.1760753375,782323.5834736753,868400.4673784251,853898.7393946154,855005.274731319,843559.2921957342,837674.8520205384,819269.7953597578,809622.177803052
2025-09-23,721891.0519226234,774283.7655556453,856205.7944209841,841965.0455547217,843540.1490394626,832651.3264387264,827151.5782736688,809560.0495266448,800238.2673205567
2025-09-24,721368.2244311462,770584.8626987634,854448.2389624655,840415.7386505246,842416.9471668586,831562.2703858116,825892.5363433373,808033.003173698,798554.2733476589
2025-09-25,718258.2200356687,768259.7428534266,858108.0476159938,842811.8953029786,843466.6773271997,832408.7825796967,826479.3330255118,808310.4834269731,798531.9149802617
2025-09-26,721210.8281839723,770209.5159040263,859349.6733724311,843858.846878587,844274.2372039286,833490.0914700548,827686.7873718502,809686.7720653799,799974.0002779457
2025-09-29,724550.8789567429,774859.6917493528,864046.5625214753,848272.3284042947,847399.4569029218,836504.5876122133,830938.7273827762,812781.2738364345,803183.1282120271
2025-09-30,726535.5855247128,778477.7437158361,872271.5569979997,855728.8210089125,854044.2549104486,842669.4593458719,837080.0074595959,818598.3156231766,808740.7394896088
2025-10-01,732032.0711196958,786630.3209814046,878078.7405066696,861628.1763364482,860440.5565319804,849745.4249922158,845081.7820960517,826496.066666927,816614.096983387
2025-10-02,735041.480392022,792348.310157381,880856.2164684659,865132.4021774554,864496.6115613363,854032.1507350232,849485.8847020419,830796.669519362,820925.5584106207
2025-10-03,731947.1659226302,789923.1366577068,881306.0742387807,864865.2031110288,863873.5666583459,853162.5807681975,848544.887672725,829406.1614989027,819424.9726419261
2025-10-06,737444.2007321174,796728.2549172575,882485.2635927746,867353.273681269,867314.6120466853,857429.2903744732,853424.7627559875,834980.0884673874,824875.58675736
2025-10-07,733561.1087965604,789421.3700016694,879624.906589916,864809.9953664434,864528.0622903457,854066.9465257428,849394.0302645896,830493.974284766,820103.664852735
2025-10-08,743981.8755549417,804844.3437396927,890171.0738738605,876699.7893932168,877281.5465230971,867137.1407594567,862946.3026755272,844263.5493755671,834055.2498650654
2025-10-09,743081.5747109683,804446.0444181944,888412.5039586129,876069.6543373329,876833.2300137689,866548.2517730775,862110.6815836626,843092.4235314579,832732.3223090671
2025-10-10,717285.933473042,771634.8303587261,857501.7144562112,844622.688964105,844639.7985080146,834498.4441853324,829741.5163026479,810920.4172718773,800823.583843564
2025-10-13,732507.7032123762,791713.5566831083,872558.4984282613,861544.2444858585,864076.8947376909,853975.065914648,849385.5188937532,830090.7025126964,819797.2597690411
2025-10-14,727628.4994340641,781600.84792329,860489.5544808201,848589.5042202261,850760.9584983943,841186.2350420628,836776.751335326,818347.4656752473,808340.438024097
2025-10-15,734774.6903262357,790874.5101552948,864504.7199815615,853545.7018442375,857031.7482546468,848167.2298360149,844389.3556283443,825917.7401485647,815986.9255998782
2025-10-16,732053.8792486467,788331.9417708933,863395.493397391,853375.5344873393,857351.4006494978,848429.8835890287,844885.2858934073,826059.0502359082,815843.5433337418
2025-10-17,736861.0320531315,790233.4962546274,871682.6763515878,859856.383714228,861852.5079890582,852651.7667283987,848935.4807477747,829791.132372612,819341.9722671225
2025-10-20,746145.9822279324,800760.8178802206,884026.6300260605,870995.5247684333,871904.8036070941,862681.2622601553,859224.6936158076,840145.8171346216,829443.4718239119
2025-10-21,745950.8529747948,799951.8305457272,882862.189691097,870066.5058662961,870810.2901455903,861717.3288516832,858212.5433932772,839467.4095310392,829007.2362619777
2025-10-22,740775.7224732119,792507.5893684948,879718.7852141894,866482.8576057507,866755.0813869003,857448.5477804021,853633.2805270223,834712.008780558,824088.2996813856
2025-10-23,747003.0233717768,802882.589680469,884204.3491275877,871289.52718004,872184.2530932203,863384.0856311168,860317.6747299597,842142.800083531,831811.6555956658
2025-10-24,754979.7152992282,815395.6549077549,896110.5068389814,883630.0362465453,885093.1521403883,876458.6623354179,873591.8019339185,854615.6770620728,843931.5189174869
2025-10-27,768425.3735974126,830004.7977121964,914626.6696475905,901467.9248839653,903133.8412553555,894170.3633895668,891106.1955128538,871324.8961273913,860107.1550473584
2025-10-28,774334.4260722474,838568.0863055853,933756.955747173,920425.3603001211,920566.3968109925,910159.6870699496,906299.2131562567,884452.5392342561,872299.4933196299
2025-10-29,779832.636628371,846246.1217271511,944793.8413246789,930927.5534928754,930131.131916908,918971.7974549076,914670.0465609067,891984.6373500277,880060.98395821
2025-10-30,767910.1081121173,835086.309323603,932209.6251677909,918580.2854166126,916995.8644697032,906334.4191100097,902222.4789839657,880352.7308529853,868832.5362141159
2025-10-31,771614.4049575033,837472.4240751942,925494.5964711535,912944.4481968516,912096.0937525948,901800.3650420019,897825.8719694344,877185.6112185392,866482.1348820551
2025-11-03,775306.4413986944,840365.332842655,927982.1251025777,915511.0553194943,913642.414673431,903638.1354380177,900128.8366735773,879240.6002870228,868469.1389367201
2025-11-04,759569.2723992991,817665.5640359013,915843.185982201,900913.7719463559,897711.2529275243,887181.3771331877,883026.3651659484,861726.681260779,850620.8868509068
2025-11-05,766523.8289935146,823066.0860012994,910725.0090841288,897309.0330769212,896415.56921429,887305.7211692194,884462.4855466847,863949.7876816085,853275.6061127915
2025-11-06,752245.5649035294,806915.0411916418,894811.6140555168,880197.469952557,879262.8356979288,870325.2717447462,867586.354558618,847556.1434734665,837238.7481652847
2025-11-07,749871.9502751934,805824.8937874612,892442.5654138431,877640.6939465553,875901.5294842403,866757.6369234505,863992.6152163497,844257.085450267,834217.0160992228
2025-11-10,766462.2902778535,825934.3253251696,914006.9127152201,899321.5102303622,896704.9569245861,887278.3367298812,884807.4480176477,864396.7664743519,854088.781691496
2025-11-11,764420.8037178658,818451.4462196411,913677.7844210782,897247.3637299105,894019.6202730415,884131.6027909693,880853.8286511201,860086.144866435,849593.7189737697
2025-11-12,765829.5188994234,821383.605637603,916353.866700149,901283.4893247876,898572.1421615751,889115.8706292023,886084.7606356429,864775.5380677675,854092.0865622736
2025-11-13,750194.3484163482,798243.502792101,900037.0332466445,884752.9084495347,880985.3774971842,871257.3211158103,867863.47455805,846252.6170998708,835285.638731935
2025-11-14,750761.5266508402,802381.4322274837,906843.2091818909,891532.1113765476,887451.877852814,877473.561757878,873822.1594145463,851265.2764301888,840013.9263609587
2025-11-17,744349.637578923,789055.4309714802,894410.5271387424,879381.161424139,875095.6801179487,865157.8873662633,861604.9006864851,839143.6257405591,827904.6596335373
2025-11-18,735286.5815615642,777267.8673376248,879537.480048423,865042.630343338,861520.1795994348,851570.1036709495,847661.8740324919,825752.6433152719,814761.1760897308
2025-11-19,741687.6911025413,784562.9261692999,888296.0276465339,874556.8847765067,871527.741685881,861402.4474755464,857533.4496057985,835336.9237328373,824026.1734628974
2025-11-20,724130.596172576,761299.5152626196,872559.5543575148,857329.3025797211,853260.2815134337,842252.421459543,837143.7238108291,814468.0202407825,803129.6005703484
2025-11-21,729570.7821912527,764692.7772211769,872857.3247512528,857281.5915909234,853152.5738108634,842939.3746380539,838278.8692889785,816064.7978230712,804953.0066104026
2025-11-24,748228.318361533,783903.4364324603,888355.8104498177,874174.4069479607,871893.4075108495,861637.6942811547,857534.6311248094,834975.4965240294,823776.5193580049
2025-11-25,752840.178587841,786307.3660835751,886284.3740173826,872347.0765600613,870478.5290990582,860797.610054121,857142.6019704189,835337.0637672348,824763.96901362
2025-11-26,761503.3899393582,796530.5917720178,897972.0595087453,884083.9201476756,882948.4498638245,873013.1321479854,869471.3252166116,847081.5769569166,836203.2730350486
2025-11-28,767677.0571579824,802150.6740432945,899442.3549260374,886026.9795376131,885892.6884850335,876533.2623614656,873522.2409389913,851673.4388487119,840989.7334309231
2025-12-01,765098.4558348152,801820.0617627252,902885.7626891127,888181.5868002181,886549.5677528285,877220.4095836004,874270.7223615826,852194.6392081123,841166.4886554594
2025-12-02,771086.1779226472,810159.35331456,909673.800585038,894381.9941325804,892464.2435321625,883308.2453683905,880603.3495251718,859237.7248011763,848219.877213745
2025-12-03,774981.9210063345,813674.3009370565,901057.8343075224,888313.006775602,888526.1047868019,880282.2771185492,878053.6871196636,858456.6800108693,847754.8145484437
2025-12-04,774260.9758989789,817448.0907943248,903326.8967806419,891269.0707782647,891460.183443106,883032.241638368,880232.4893402564,860219.9743573026,849773.7877797261
2025-12-05,777417.9974965869,820997.2822543912,902896.7351144383,892702.1139479487,894106.3464915209,886093.6770134929,883760.4995040516,863850.8362661552,853590.0833691307
2025-12-08,775926.4894295776,828170.5531274237,910852.2865931204,900909.7052945218,902316.6144301683,893895.0157189795,891631.0943625442,870668.8735822506,860245.3582839881
2025-12-09,776883.4813703701,829966.5547670708,910348.4693068601,901277.4366337594,903215.6288460388,894901.2108820566,892878.9101723434,871769.8026681412,861305.3727546376
2025-12-10,782076.7071905767,834971.2043796509,906665.0891328542,899426.6184824723,903038.2384712828,895673.9547934505,894453.0793230203,874226.1407606405,864402.3357548666
2025-12-11,779547.236964029,831949.2920397217,905692.9700490625,896413.715711061,898290.6735416603,890997.9065842207,889863.0368188587,870298.311924641,860860.7713597408
2025-12-12,764643.5207521559,807934.0394463429,890083.7171148118,877635.9179176921,876567.2795300019,869276.3560512833,867522.5205073358,847874.2761127914,838271.8930689263
2025-12-15,760805.4535335947,798910.955145676,882389.1641968053,869222.9188569284,866726.2865514731,859288.9758969442,857822.5451683447,838940.7216834348,829462.542769937
2025-12-16,762313.2629260859,800164.6826095579,885645.3937044479,872192.5930869256,869489.5792595639,861773.4418947397,859970.6483304742,840917.4637368708,831384.2680625973
2025-12-17,750193.6065459895,785545.7446118332,873160.2325147353,858595.7650494941,854903.7095029133,847066.4498545236,844896.4066571314,826087.0092370717,816754.0315659539
2025-12-18,761064.0477234852,796515.5672319868,882538.8695303136,867811.0447570948,863838.1761395639,856312.887014012,855206.2650583163,836496.230598024,827081.9199880561
2025-12-19,770984.8624836847,812561.5931168322,896426.5944229116,883015.161533727,879576.8312591076,872072.0936287557,871498.1108599213,852153.8719612202,842501.7636664178
2025-12-22,774680.4676947094,818197.1260880613,897177.2886708187,884665.7210205542,881762.9185191962,874684.2617197534,874671.1130898849,855667.5938268561,846017.0323990477
2025-12-23,778308.5708181404,822767.8142427752,908196.720047859,895156.7921082458,891517.554265948,883715.8514382642,883238.5116767238,863241.0535887487,853089.0314095016
2025-12-24,782596.9933191488,826166.5090980541,912012.8165358121,898829.5220420294,895239.0017296104,887578.844938432,887490.1823137135,867327.0974136952,857130.6701798587
2025-12-26,782546.7548191713,827082.8644994242,914225.2804443152,901217.0469944796,897607.7339888816,889860.6603004852,889667.261664936,869269.5006891971,858995.9170552489
2025-12-29,778758.7411939605,822695.0422414354,910743.4352325038,897483.2231470927,893836.0999849732,886462.840496083,886648.5383038225,866116.721772443,855759.9779452244
2025-12-30,776952.5365303984,820312.5181978734,909240.8327087972,895972.8916040447,892468.2671400864,884877.1383607307,884872.5135063777,864197.0588383953,853756.1528685923
2025-12-31,772541.8924386713,814658.6069681987,905514.1584204655,892147.2872210656,888224.0351001293,880349.9589856482,879998.0286145008,859060.1500247295,848546.9979105088
