date,All in QQQ,All in VGT,Top 5,Top 10,Top 15,Top 20,Top 25,Top 50,Top 75
2020-01-02,1000.0,999.9999999999999,1000.0000000000002,1000.0000000000001,1000.0000000000003,999.9999999999999,999.9999999999999,1000.0,1000.0
2020-01-03,990.8400545073536,989.4922312004196,989.9941339042737,990.4356874387856,990.5791034863333,990.353624481448,990.6811916389983,991.0195844898291,991.3699420473074
2020-01-06,997.2242033320424,992.7806235142307,1001.0259243212506,1000.3017561827082,1000.4095854779108,999.2975910188418,998.9719377397694,998.1957995821729,997.9135810375747
2020-01-07,997.085541956774,992.6603540259072,997.6251777085059,996.3538761015496,996.5863456398096,996.069726370868,996.3271084278645,997.3368007223698,997.3584999289632
2020-01-08,2004.5800094486458,2003.1280329960462,2006.9644024774957,2004.5870341457285,2005.1448658603185,2004.2641995489046,2004.0915922782353,2005.479846205526,2005.4581418901687
2020-01-09,2021.5656469320638,2025.632483183115,2034.0218794741918,2026.8818756241903,2025.651113760863,2024.5283464474135,2023.6735559760236,2023.5849953467273,2023.267763546676
2020-01-10,2016.3956784023198,2021.2276843403235,2030.0323103638943,2022.8734469329281,2021.0551847292536,2018.6456210430867,2017.8137793094693,2018.1016011217148,2018.3023425904687
2020-01-13,2039.6587790906121,2048.297170752845,2057.312767636024,2049.597916624658,2048.9444689807137,2045.432141060852,2044.3066576184551,2042.412483275105,2042.4289923301885
2020-01-14,2031.6277216190192,2037.4051275298484,2035.618411358063,2032.6248703212616,2033.5011416329176,2032.4322612097237,2031.9205651157843,2032.4104586819,2032.7525700770602
2020-01-15,3032.458232769395,3039.087043654327,3038.4487090435455,3037.033695249194,3037.2084714832154,3035.3923306167203,3034.0579512322192,3033.543259391256,3034.233626926937
2020-01-16,3061.5213056117755,3080.7442888243113,3073.7999414634915,3072.118658563776,3069.3001138434747,3065.9311494859476,3063.300387418736,3062.772065215247,3063.4783704160072
2020-01-17,3076.670442711628,3099.0072637267303,3091.6903930228596,3093.2059419045563,3089.821218402515,3085.8444429205497,3083.9027712868087,3081.887136323443,3081.0901524352876
2020-01-21,3075.2936259120625,3094.4713963999743,3090.8315695610504,3095.224520696761,3090.31170189769,3086.469949353984,3084.3944360168566,3082.0602340433556,3080.5033060124674
2020-01-22,4083.4194675376875,4107.243413730024,4088.7977679424343,4102.429749827155,4093.762586255223,4092.110058691309,4091.12807807646,4090.2639571665495,4088.798670799516
2020-01-23,4096.552432088991,4127.595531105998,4097.278546213051,4104.301687088198,4105.10417108809,4107.001262983376,4104.736284171283,4102.952789060618,4101.268298471095
2020-01-24,4062.079449285581,4106.296627567145,4062.870388003173,4087.6173201581832,4085.7433199598745,4085.1770819646867,4080.1738046599557,4071.250035721746,4069.6199817204174
2020-01-27,3978.174285433764,4008.3173814790493,3976.5821759471783,3998.3238734141028,3996.9262258037465,3995.0523698903485,3991.9387526580495,3984.0924839388213,3984.4427620354495
2020-01-28,4039.2793123354268,4084.524583288581,4054.661136550071,4067.6795646097225,4066.5536980934176,4061.3510930510024,4057.0343929521573,4047.227478791584,4046.736744314481
2020-01-29,5045.84420280675,5088.625136366081,5113.274648306997,5102.819403311873,5094.06313322748,5081.674082247452,5075.555792202272,5057.744253782643,5055.027514281827
2020-01-30,5063.816816719508,5129.273571668421,5120.519497205159,5115.80947454042,5109.331530495454,5094.208315375731,5094.831927130732,5078.493678277677,5076.080729465662
2020-01-31,4983.513970727644,4991.228308353561,5076.952085643902,5053.466282775228,5039.294551428185,5025.31718078231,5025.508031893342,5002.957608223871,4998.035183180471
2020-02-03,5058.8118306873275,5053.869089501745,5129.889172034537,5109.673404837679,5099.436368002283,5086.056683470409,5101.5179816099035,5080.511320965707,5075.378037149731
2020-02-04,5174.602575981501,5186.02416279663,5252.308987679109,5207.771393860125,5201.465895095374,5187.155299278637,5211.971126949854,5194.825002287181,5190.484679814477
2020-02-05,6191.663781432463,6210.569186034228,6258.774684231833,6227.960127797128,6225.820925370671,6214.953177070268,6223.631205159823,6213.470630423256,6207.013432756625
2020-02-06,6245.109964420504,6260.422147586648,6339.3780114493675,6299.063034421705,6290.451311875928,6274.341512262944,6283.267312554317,6270.355117127902,6262.232373681721
2020-02-07,6218.251917601553,6201.908984908552,6341.329436610581,6294.5907003084985,6282.980035371219,6262.267016564097,6267.920835759597,6251.467977015134,6237.774899991687
2020-02-10,6293.401155331852,6279.1440537504495,6448.669150127791,6390.640488276942,6378.775836520069,6351.589138747205,6355.566830908919,6333.701242091553,6318.286536171084
2020-02-11,6294.486394164866,6267.677850133395,6388.244082085534,6354.398153060307,6350.461834108751,6328.4975684042,6333.739442153047,6329.004618829226,6314.147862133192
2020-02-12,7355.801742510898,7334.3821742998,7455.850234438501,7418.838598596934,7414.647164184519,7391.9449832549035,7394.076924190598,7388.192220359901,7375.384083336017
2020-02-13,7346.382092259609,7319.4782921736705,7426.135791302139,7381.380186948746,7386.1435608265065,7368.706315295277,7376.005986222725,7375.096205935917,7364.417135846671
2020-02-14,7367.418995621363,7349.0147300078825,7440.811402920768,7392.528806291089,7415.006887586902,7391.926217803196,7399.826585688969,7398.971455912682,7387.9334429493765
2020-02-18,7370.24334624677,7322.186355208744,7449.533857001914,7388.540108587262,7423.525135562208,7396.377611235938,7407.165380268966,7407.589770824323,7395.3946367613535
2020-02-19,8440.891968655618,8404.030712269088,8500.259632237157,8431.037847616697,8482.314828315333,8456.963241325499,8474.104724807834,8481.101950394952,8466.088399851602
2020-02-20,8362.531233347054,8326.20722228782,8407.643745548532,8349.755092425647,8400.119986387574,8374.604414681793,8391.059045854381,8400.152142888499,8386.710317137224
2020-02-21,8201.890906474797,8141.642342477636,8190.979465668548,8163.037873454195,8214.538095347343,8197.123961499608,8221.759091671813,8236.535411558118,8227.10233882735
2020-02-24,7885.598401750724,7808.508923382148,7829.451815928054,7816.6731381052,7864.981278887994,7855.958729645468,7886.151274953594,7909.0170004798865,7905.26951202556
2020-02-25,7671.174118212886,7560.273499198334,7649.557512055611,7631.99609767739,7666.754631128296,7655.207376496022,7680.632708408937,7700.484079096942,7695.847621871165
2020-02-26,8710.710257429413,8577.805775429544,8721.582117542393,8677.827574707248,8724.7256273588,8709.84070070098,8731.824339202107,8745.554035237998,8736.079025154759
2020-02-27,8274.529994261882,8133.857581848185,8203.640708987983,8187.633755475755,8247.038632280119,8248.431128913911,8272.777114846765,8299.444793715196,8297.48839172134
2020-02-28,8280.970793377239,8205.237037602566,8286.364248184997,8240.238362545202,8306.593530416807,8292.485913584878,8310.80182751435,8332.994809167625,8325.87021075594
2020-03-02,8708.296873145506,8635.955737515886,8781.887950435925,8692.378038794956,8754.110872644473,8733.590288794214,8754.713087528027,8761.346487507717,8745.60050769609
2020-03-03,8429.046603808245,8320.836950260651,8459.430973413722,8385.962943905313,8452.15398651751,8435.858774263446,8462.64214377695,8472.613370223475,8463.479378369955
2020-03-04,9780.725217043622,9660.328612573783,9783.447915509336,9706.456467549024,9787.401585829419,9776.087141756663,9798.798713163002,9823.052663482355,9814.57930411563
2020-03-05,9483.565783366661,9358.151149180425,9477.059262156767,9388.576425491054,9469.963328425538,9460.392685505034,9486.188808365836,9516.66535581839,9510.029516621351
2020-03-06,9323.55538048868,9159.68082524056,9305.17324174774,9232.675731064246,9304.914842195532,9298.990300039784,9331.174626490867,9359.815732010471,9353.30535204404
2020-03-09,8675.89852688685,8453.564339425202,8682.600507073172,8623.038529436695,8676.081728262143,8671.971646441465,8699.114781903016,8716.207333247705,8711.30752093886
2020-03-10,9148.308092872545,8988.167847442752,9220.65899399913,9126.050543587471,9186.619233463958,9175.439347443402,9194.586195130274,9192.910721615466,9183.415041096692
2020-03-11,9749.852711579302,9555.760734436408,9841.239013890709,9739.454430030191,9793.90013752002,9773.107710960925,9796.94223858327,9791.970515141182,9782.071748707642
2020-03-12,8855.87792947075,8615.554681959333,8948.686589457442,8837.005418667082,8881.992082051249,8875.51595498868,8898.429788187897,8884.96227311179,8878.935191620567
2020-03-13,9606.0196036798,9564.470001329675,9924.68305983363,9843.583281293817,9883.414818048284,9853.846405808592,9859.879671776816,9812.473465661247,9786.362707992315
2020-03-16,8455.334929197545,8274.573666204784,8764.057859991008,8672.995292437325,8682.882687967893,8647.375920086484,8653.989375443065,8601.921390993433,8575.822777234845
2020-03-17,9096.600906301186,8773.200530183258,9278.257332568583,9216.962260604303,9245.116149334941,9211.104324886046,9211.47853967336,9160.279311201002,9129.702388765314
2020-03-18,9819.917275141524,9478.380779741909,10089.76391479035,10006.653117778475,10004.580574786405,9945.452062774686,9930.134951600385,9828.338447498127,9777.405714114242
2020-03-19,9878.860168549345,9493.472237202472,10228.995234088803,10109.889481536384,10145.011443294054,10105.560137557926,10104.45840585142,9997.994994510185,9937.297401120308
2020-03-20,9491.844832561857,9111.297772476615,9824.107928407846,9684.054208445808,9730.5075610638,9691.54229452278,9685.160896400024,9591.734205062214,9531.21445146458
2020-03-23,9498.699416564572,9030.482424417383,9788.49544039191,9695.057283504137,9780.685483087083,9737.753976702747,9722.651967483369,9611.106728059542,9542.350254502786
2020-03-24,10234.25565880517,9969.11880091738,10497.993484518602,10386.413141644485,10467.158850262651,10436.251515371496,10426.97717374402,10349.954933175053,10291.952396935503
2020-03-25,11158.469669939526,10973.986662716346,11325.687164023984,11197.27361528716,11276.024299534087,11248.29104957902,11250.76665879754,11212.812456146334,11172.0748060906
2020-03-26,11746.078745001978,11652.127241731296,11911.010691548914,11830.690411892314,11897.632701293342,11883.184423566383,11888.280663530055,11857.631181510196,11808.609643839134
2020-03-27,11342.097990473027,11136.82840394576,11451.0453975905,11364.879085994626,11445.810183694308,11426.354413675475,11433.920822915106,11396.94303547356,11350.908003791363
2020-03-30,11754.649933861596,11577.673501626594,11954.035810478264,11863.876233598186,11938.649665428362,11903.738389388887,11906.592470627018,11864.476705139925,11808.275814887613
2020-03-31,11654.262161852805,11350.553922325955,11897.439894495183,11770.351510231729,11852.505459874039,11803.720283986158,11804.110473371034,11755.966238537168,11692.76576570964
2020-04-01,12159.08314376903,11813.825440464389,12428.045729292566,12306.935714328156,12376.684157175669,12335.622466045474,12336.53076818462,12269.94443781836,12204.592129435548
2020-04-02,12405.851748970565,12044.975882515475,12595.389557029945,12539.432794018458,12620.99548936289,12599.854034018119,12602.952708654357,12530.597977986441,12461.411122056097
2020-04-03,12229.777182142618,11850.692860081332,12438.48290474905,12385.257837255018,12445.587661009919,12430.117529400886,12435.567098256062,12353.335897432922,12281.607693130356
2020-04-06,13104.145590228241,12860.145445773991,13340.167773849007,13274.715718468437,13340.855031336863,13318.956629728993,13313.545461711457,13248.358667838556,13185.45749638203
2020-04-07,13098.804333284577,12762.417509133616,13289.650154448651,13239.322012563724,13274.987255642593,13247.828745206187,13250.63730548835,13186.462001823871,13129.449589082873
2020-04-08,14376.92563098461,14128.75159749306,14531.97544419265,14485.027742999942,14527.088671065163,14515.03858054226,14511.991514237807,14470.084993496414,14420.612133849128
2020-04-09,14397.7143966787,14162.127270414678,14565.124422083352,14488.914926613501,14524.025632975077,14504.72191150808,14504.323676347682,14472.664949261334,14436.031031295843
2020-04-13,14553.256175400315,14194.243767941238,14872.344644991883,14721.309719212617,14779.737460600172,14752.796420634379,14749.514317113104,14672.29656164571,14613.861160204278
2020-04-14,15186.193907005498,14770.482561800462,15590.366223413432,15396.2400833009,15467.362095224396,15429.016784808218,15421.838317548687,15323.806494936733,15254.257186027031
2020-04-15,16012.010676270702,15450.5607086978,16527.008146153574,16267.009038482824,16345.677100886222,16297.870414210855,16281.440145557257,16153.495620284602,16078.86414119341
2020-04-16,16304.069471321287,15610.814768419257,16883.062353098503,16575.68247962248,16688.441195974996,16632.51088928716,16607.839206542856,16471.52169777757,16388.55917232481
2020-04-17,16460.037453071884,15861.974401128606,16856.21254515915,16591.5899763884,16690.078012352624,16666.75880352027,16671.770975520772,16585.20872074602,16517.308342650795
2020-04-20,16265.078989066376,15598.693667767968,16661.288647011108,16394.18135273681,16521.887079423916,16496.292330718647,16489.420060519977,16385.529649675133,16314.359735580634
2020-04-21,15664.904714292314,14957.669919571179,16082.953799819754,15803.766762511967,15919.146790032903,15893.942063126755,15881.097227311782,15764.630231922889,15699.128523009489
2020-04-22,17129.753240958886,16524.628260991594,17562.989195169663,17302.041934740082,17400.583970212294,17387.36273309107,17384.618100284293,17263.388520490113,17195.353717388178
2020-04-23,17093.21658275481,16440.054179102808,17589.855910244074,17313.8691013174,17406.839571080527,17380.398317520303,17354.677207160556,17219.657514634262,17149.60423539659
2020-04-24,17362.780498737586,16763.291668147554,17865.750465253153,17593.69666053433,17692.61180885252,17679.773350386964,17652.771302809273,17505.5896082956,17433.609608912975
2020-04-27,17502.437439414047,16953.94103977701,17769.520771833602,17535.728245809976,17680.314884470048,17697.249522562077,17689.885791086723,17574.16270634685,17522.66219392846
2020-04-28,17172.788590479693,16738.92667753982,17349.261996524656,17166.76696501405,17288.908803836814,17309.05333123547,17316.617706224435,17231.223253819095,17199.506245805394
2020-04-29,18781.752606363672,18453.488433207243,19106.625134942646,18887.720897606945,18974.031574904646,18975.218128056633,18970.9097712705,18852.56437935426,18811.697721453547
2020-04-30,18774.0329713036,18338.3088889776,19534.912355050546,19182.484377412813,19223.21132258662,19184.43003718244,19159.879457632633,18950.708058449465,18881.62679946506
2020-05-01,18244.88423795023,17811.654998586833,18859.09232969989,18563.344555643525,18617.453920815587,18584.859488802063,18550.766774292984,18344.020804390893,18283.78514090852
2020-05-04,18457.575460177886,18030.65114764851,19150.47730609863,18810.411087444267,18886.38989214008,18854.670207135216,18809.55135980401,18590.822299632215,18521.094232334668
2020-05-05,18666.82984927677,18309.511588355934,19353.492754476552,18998.409984858423,19073.08599082262,19038.067397003386,18990.474695039797,18789.059648033704,18723.127209189
2020-05-06,19781.752606363672,19441.36732063266,20529.149557339133,20128.161544187824,20218.628633381068,20173.45917861913,20116.05108854596,19889.24186997801,19835.72154156803
2020-05-07,20036.477308502737,19791.27759366015,20724.372849041636,20315.423628603825,20426.212692132318,20414.647945246008,20367.57228520239,20151.43257838716,20098.401969331564
2020-05-08,20311.070265671788,20084.45893810937,20959.842583518763,20568.657894587617,20674.01612171415,20660.588130225806,20619.626562845493,20411.983107488333,20366.893230373054
2020-05-11,20492.63196361318,20222.66792768226,21221.55088578155,20791.740226506532,20908.656845898022,20874.59142492147,20815.41953527454,20597.34132182164,20537.155603611263
2020-05-12,20063.573764002173,19788.075359425588,20830.29573351463,20412.625829944154,20519.540320729287,20481.945554512153,20421.784904056676,20195.828551937586,20132.408903608954
2020-05-13,20812.46316209783,20436.57160576945,21609.10153783542,21178.27448055059,21307.410889038452,21272.822753034725,21209.36454746363,20962.91789857177,20889.278578281504
2020-05-14,21048.73053699652,20682.686866667194,21746.00147705123,21363.23186595085,21496.743129110735,21456.054765476183,21396.06670507378,21169.57783749491,21112.91051032012
2020-05-15,21185.370548440234,20804.48187688858,21905.958996696896,21533.356097054246,21717.589590134066,21649.807011492336,21564.013062478167,21317.77439501133,21253.653911349982
2020-05-18,21580.094003196522,21305.94752554138,22183.89917632511,21831.176133535588,22007.974187458323,21959.271004062462,21895.289843314684,21704.097272826042,21659.6116137632
2020-05-19,21526.00679990693,21241.272196475,22152.512481328333,21794.35309048394,21976.472368352835,21916.54442955245,21827.557527956535,21619.16775141089,21579.06758474863
2020-05-20,22955.84539597839,22727.6131670027,23617.606800060952,23291.061154642528,23451.488100997136,23381.30771144846,23286.538376361754,23077.5903651607,23023.454894916606
2020-05-21,22705.841887034057,22446.45482783265,23372.715522324477,23055.924519301207,23204.678787447203,23135.526773859976,23037.12016583728,22812.821119575856,22766.59401417499
2020-05-22,22784.21263691625,22556.2792200893,23433.000954966818,23128.87700126479,23288.650005356496,23215.44992670527,23116.541578615812,22890.210944544546,22842.147066288846
2020-05-26,22722.70608110796,22572.098602378643,23285.06886849805,23004.40763558835,23118.80581683703,23063.1774798903,22976.599027003347,22784.635793786372,22768.41317591916
2020-05-27,23846.719797384107,23697.739577281718,24276.536834117927,24039.402316823103,24145.744596803474,24115.733429171913,24043.55725381248,23893.07179673118,23891.06317542215
2020-05-28,23815.65173433976,23650.037883035337,24213.794409699378,23933.707781699497,24053.9577397416,24033.105087984284,23966.975993570853,23813.54480195885,23817.803823919246
2020-05-29,24164.617780380257,23945.42330622615,24405.11154109867,24159.43979745955,24331.99828948911,24338.685408186422,24280.457497656636,24144.357991750323,24146.77949472343
2020-06-01,24237.10282271444,24022.47471780014,24592.825627216764,24298.740274032978,24473.69709608961,24468.098239433857,24400.69846018946,24244.80487097075,24247.601457502155
2020-06-02,24399.67852567244,24237.138918630702,24728.41465251391,24431.80633562176,24594.282532870402,24603.555219306338,24537.490507512335,24383.0780050427,24392.74572665052
2020-06-03,25509.443932010126,25462.80670584507,25773.747334681782,25455.094870746245,25600.547825304442,25639.42420930366,25587.718989621248,25470.505501827167,25510.05253665637
2020-06-04,25330.535539875775,25212.630113634947,25484.748029861472,25212.1413360796,25365.78807086941,25420.758938388488,25388.65353428702,25283.56955036524,25324.750084468116
2020-06-05,25832.77150858127,25821.836950291574,26006.714508621364,25719.30757802561,25860.843750011343,25898.892691182693,25871.504353927816,25786.57118360944,25837.96019743915
2020-06-08,26033.235868833755,25980.334658750813,26222.17461003142,25891.982830460107,26032.643374822987,26079.876256793777,26077.235798933514,25974.552109650667,26020.059561147937
2020-06-09,26221.845470495624,26038.573705402636,26773.1919782966,26330.08906599833,26436.138362087677,26429.847816919977,26387.269343526285,26220.630522532796,26234.097192123954
2020-06-10,27536.545199156284,27426.239719731442,28372.943527368054,27797.011850512303,27912.36876029719,27885.244476570053,27821.544757352043,27593.52910173584,27586.538012918863
2020-06-11,26172.1332026311,25863.47454602792,27076.125625972487,26464.809304083527,26591.37857557617,26569.17891729265,26482.365425597814,26222.420157510827,26211.998789140685
2020-06-12,26380.14652560411,26181.578019368593,27225.719969055357,26636.98140656256,26767.89018937546,26738.774494244142,26661.424810262524,26413.371279141833,26407.437550047005
2020-06-15,26701.127457198705,26507.607082017454,27490.35838899132,26902.74106211449,27047.42298241808,27020.662562134774,26950.916678375826,26698.38632044542,26694.961967364667
2020-06-16,27159.657732051615,27065.51804762879,28081.39557804226,27419.05174765843,27540.220550157937,27507.76751669153,27430.614067472237,27182.788785910245,27181.42117341548
2020-06-17,28245.771716860636,28044.71574389878,29180.510362129786,28501.239165891104,28645.73870942205,28613.109434287595,28525.43839329709,28273.315256202746,28267.64875358182
2020-06-18,28322.293345475045,28197.834653866325,29264.669904214108,28548.90639284929,28725.089231776376,28709.42786323629,28626.40261167237,28347.11440529882,28338.821335604316
2020-06-19,28317.654391547672,28010.816291877014,29229.196110664525,28500.479733269505,28700.201312587204,28668.896892612775,28586.4779844937,28329.068677343024,28308.554866901795
2020-06-22,28657.259964082055,28529.494607047516,29840.382791133656,29001.943181021226,29193.852446602217,29131.067632817125,29014.185035981696,28696.636597206005,28671.415825667955
2020-06-23,28901.156592430634,28716.98775127803,30272.83709267949,29361.453871410973,29518.33639801785,29430.415660890354,29295.33080532017,28947.724125294786,28912.575547864217
2020-06-24,29305.341979996076,29067.983348077927,30720.78357561348,29818.07563788252,29961.0006218399,29870.561247668196,29750.68880705597,29370.126282088724,29324.045588365432
2020-06-25,29584.317442167798,29454.18644270634,31039.5573139258,30098.23950854452,30276.13702694272,30185.9747860446,30054.04445573825,29657.13239995912,29616.408621677798
2020-06-26,28885.677600679628,28910.0907456362,30042.560309571672,29150.45853898809,29362.566613875155,29323.03315203119,29206.86333051687,28851.290610231685,28842.24507143879
2020-06-29,29200.724756223542,29204.536271228262,30430.92411021354,29526.536457829494,29711.05967092843,29664.359946278397,29554.137416306894,29193.533572033648,29183.878010972046
2020-06-30,29773.1051181602,29734.772875772753,31046.511394060337,30112.983318172526,30327.887330799596,30279.391951879155,30160.199238779685,29792.78713533366,29770.289691793354
2020-07-01,31120.61470706715,30805.183983480754,32564.455650710537,31562.958182345898,31829.091952507966,31773.195701469373,31626.85839409622,31184.07243174876,31139.804523585815
2020-07-02,31331.819664342383,30973.8976248702,32703.466360190272,31681.736066283484,31967.727778289656,31927.476102238943,31796.619324311585,31367.976677504095,31323.520199035058
2020-07-06,32102.10292052836,31463.478410362946,33767.23270080786,32609.029369274376,32909.23874530126,32847.06699549864,32698.792957882513,32203.49830361103,32136.03681661064
2020-07-07,31880.953731484507,31174.578467288207,33444.93317782133,32310.363754845643,32654.691249093114,32610.301339336198,32463.83091775664,31955.096203901518,31884.65295130373
2020-07-08,33300.88544293625,32715.99161063771,35157.95877244705,33908.14674420659,34223.50681761065,34140.9703601313,33961.89130266282,33417.83939283406,33334.836080446556
2020-07-09,33581.39278403043,32847.939095976224,35616.9932627193,34291.92157164565,34612.39015304226,34521.457450327114,34307.74201794266,33722.127749280735,33622.74962439525
2020-07-10,33810.66394777819,32784.23756731182,35730.24895553106,34495.20676440889,34919.88989372311,34825.6188082008,34629.63498237306,33999.48290295906,33884.97078419185
2020-07-13,33115.16745933918,32035.806065549812,34967.24823449014,33776.54654037605,34144.25830654205,34068.19986796052,33892.80085850718,33282.30546146864,33173.74344234424
2020-07-14,33349.55859671224,32419.11428774699,35164.38137401565,33977.05407587498,34354.40546774394,34302.3226642817,34131.14817354905,33537.661537067164,33424.27243158444
2020-07-15,34417.43823122498,33621.59259730308,35990.44219791635,34837.523678384125,35235.45487991467,35208.351492732996,35062.727748343736,34532.759078869254,34440.78729203385
2020-07-16,34182.628188899085,33197.21710887207,35649.244808816016,34569.2948431637,34966.34229469981,34951.727589329865,34801.46458645985,34278.94297984649,34195.96402453698
2020-07-17,34222.203149413275,33394.15756180584,35475.59153017331,34469.71336711422,34867.468886713585,34890.87459783756,34762.9762816545,34309.34803594066,34241.65254455173
2020-07-20,35193.124138003084,34271.02958150835,36981.903687679456,35740.72231209507,36118.68915137459,36094.44228720439,35921.598791627206,35363.67463639567,35257.154315341504
2020-07-21,34826.38852525076,33940.44058417249,36467.63944239808,35304.95513524237,35654.90940917869,35636.04478552614,35473.638312354466,34945.27219716702,34871.3354501348
2020-07-22,35949.0646475823,35196.0190192423,37529.471358179515,36379.1898746099,36749.56143175832,36720.8096666661,36563.898144556464,36065.88100594377,35993.26280959614
2020-07-23,35010.08099969365,34330.89273178007,36025.74253623082,35113.820826909476,35538.98703406283,35555.933463324414,35432.55598164022,35042.43802719736,35015.32463842169
2020-07-24,34677.627864533504,33888.07456906395,35972.386192467115,34784.20905249102,35213.57317011898,35225.557293393555,35097.17923189017,34726.38756599689,34694.3463911763
2020-07-27,35296.39416597026,34462.40548833713,36568.245974992344,35309.91569785427,35810.464648351146,35839.94413920133,35724.63317193013,35357.01143110059,35320.76868904736
2020-07-28,34847.24527908076,34050.95832610616,36023.51710687574,34794.47631984011,35290.6066889799,35333.518995731916,35219.00138694181,34866.846131028375,34839.07143973523
2020-07-29,36248.89871619914,35633.74944428768,37514.59454489058,36208.168948669736,36707.30666684089,36739.585156651905,36630.92915325751,36294.612913323814,36284.65470069372
2020-07-30,36438.68787968165,35812.50290258629,37746.239989398535,36400.77800931284,36905.87785521147,36922.97459890552,36861.86559665268,36484.47061567027,36471.03709091299
2020-07-31,37088.947737964794,36655.440163400715,39367.13447594069,37635.38143848047,37963.44725329546,37893.00743343227,37743.99353953584,37226.86047221568,37180.25363004739
2020-08-03,37589.89990618821,37513.2689422854,40034.93700729319,38180.106342282685,38517.80637186598,38444.5521316751,38297.37413062949,37746.594352333705,37680.79264523094
2020-08-04,37729.434608957075,37636.169343274916,39993.75464313196,38195.43276276962,38579.02611151876,38543.08467040919,38397.618080020664,37876.58762833282,37813.17133603325
2020-08-05,38822.92974126569,38801.27421625157,41246.40181591306,39359.1753416927,39717.89993452493,39678.81174943676,39517.85490962055,38989.05206051682,38927.843277081454
2020-08-06,39337.14468930658,39268.92262697351,42187.37052804898,40196.629500126495,40502.28492411556,40406.37343284297,40205.90042128815,39580.34531371955,39477.54208450048
2020-08-07,38883.095353318095,38634.32896243392,41516.736663991265,39637.019449662046,39917.94673359725,39851.27058158933,39686.162478872895,39116.25498902272,39037.54824567936
2020-08-10,38716.9426365906,38512.004778057766,41368.98999516336,39517.22264174558,39747.09939668153,39684.29950613936,39516.18360413296,38928.57446513457,38853.6680356362
2020-08-11,37983.60405856204,37830.287019576834,40386.369734557265,38634.58506636964,38868.25604666235,38836.47014441561,38722.70789359446,38168.474034236635,38119.74089832532
2020-08-12,39938.95048503682,39659.82498059987,42492.95602599843,40665.33241643914,40951.00755663197,40921.84220802804,40819.82842971747,40210.91106471846,40131.252766527505
2020-08-13,40030.04441494518,39756.54844767637,42750.83619398566,40781.197343114574,41063.22390796115,41027.221506024944,40911.851769745226,40278.98394578306,40204.1708828228
2020-08-14,39983.027593818886,39658.51616612635,42669.643499554506,40725.20915100314,41032.64416697058,41003.02591036432,40893.91580050029,40251.21177181197,40164.16789903428
2020-08-17,40447.25136305876,39998.39243258357,42853.1147958826,40961.68150028269,41401.92236978553,41411.507511055854,41308.69263866976,40673.62048852748,40593.77428410035
2020-08-18,40836.5705187125,40117.3491258436,43601.37926311434,41593.70136086542,41993.43776387503,41959.63763401381,41831.72403367932,41123.07728569167,41012.33497314219
2020-08-19,41561.853703530265,41054.600820513064,44346.953884754,42344.94248467821,42733.8343852239,42708.40614949724,42560.33059290435,41870.77282446532,41764.316408817234
2020-08-20,42138.38061314414,41583.84213999211,45223.150892132544,43163.39316860187,43570.1163151068,43504.41054201573,43324.198843979364,42516.05198292958,42367.634793348836
2020-08-21,42430.41525012159,42016.61540632334,45817.94795583928,43641.48947471508,44016.260452392744,43931.88232996411,43746.96586211745,42863.90298722731,42686.40118612621
2020-08-24,42695.354478545196,42358.282321736704,46192.47439389157,43959.73760936689,44295.789579762604,44189.63041610955,44012.493011409584,43134.57479576282,42964.539743615285
2020-08-25,43031.03013973187,42560.60460095915,46520.630457258674,44279.59684006893,44617.11415627501,44523.08610543667,44350.3353902619,43493.13440705954,43316.87039229106
2020-08-26,44949.2856363632,44440.877715282615,48699.50616606796,46460.97573300805,46903.19665760671,46741.23458554534,46513.087872378776,45491.165415272466,45267.299775102016
2020-08-27,44809.1783541521,44413.47821816449,48477.03417448867,46203.52717915926,46646.12552979375,46530.26752996757,46330.40623007458,45316.56431821926,45095.221431988226
2020-08-28,45037.04492887503,44842.51626518333,48622.717027648534,46402.308397774126,46864.66834790947,46752.3681469306,46561.79329502637,45565.31768851773,45357.786464476885
2020-08-31,45398.847602196314,44979.566031576214,49104.655398383795,46856.424577273596,47397.83342554008,47295.67923681873,47123.50309666285,46057.46185310388,45793.735593487014
2020-09-01,46174.776604217914,46050.08516560021,50119.348495670056,47708.719760988795,48209.94206451509,48060.448296661445,47845.72278117459,46714.79664503917,46447.82819260044
2020-09-02,47612.02053714578,47379.057757092094,51409.08267470964,49125.47202514683,49601.551072656905,49470.20426741059,49252.93680179871,48186.43946963518,47930.451606078685
2020-09-03,45198.09306851491,44577.16005808325,48270.848718226596,46265.75691573274,46765.388275528734,46701.274578230805,46543.77770856998,45610.38348373662,45408.01672032384
2020-09-04,44595.778208458585,43868.61767940578,47589.635800669224,45581.18735945061,46066.67484121225,46060.17855399593,45942.94690438454,45053.437758389875,44850.40347793707
2020-09-08,42452.33788098655,41957.26364985675,45065.500760189876,43257.21623251633,43677.25927900845,43692.74747322191,43585.15834362982,42821.867866243156,42673.609328986066
2020-09-09,44699.40241523138,44281.91242041057,47648.90835554213,45671.24871962528,46122.16170870601,46140.36849874201,46015.20400895156,45136.87067643693,44940.964230885606
2020-09-10,43808.244596817436,43347.848236846265,46329.7623844844,44511.09515092281,45006.22985299713,45069.90294970584,44981.4219902659,44140.884962434786,43968.10186269342
2020-09-11,43504.2102348853,42999.92434363763,45791.54447090461,44092.34675001516,44627.9182881229,44720.56367984988,44666.84191429863,43857.1664643945,43700.96902208383
2020-09-14,44261.86040699504,43914.62704157316,46237.15461945947,44589.860730193686,45268.07104302758,45399.680333453434,45364.983739568605,44583.07036579536,44428.0921435389
2020-09-15,44889.21159114443,44394.238179462904,46804.704778130676,45191.16861931908,45937.80124665078,46083.58387762802,46068.95719196081,45239.95885417532,45060.005915862566
2020-09-16,45173.38076328172,44729.381519854054,46680.24518805803,45192.16877304113,45940.27204151197,46154.008799768955,46175.29092636754,45403.17557636918,45267.78724655014
2020-09-17,44467.694080675275,44328.40150010016,45860.55094393659,44417.98288763316,45150.600115536516,45384.97369768715,45419.83258850437,44702.61241374058,44577.35499457891
2020-09-18,43900.15984710759,43677.721281265935,44905.94521754119,43592.29151155389,44422.57375242268,44715.64301248953,44760.90998172959,44069.961297137095,43953.183669673905
2020-09-21,44005.42653231449,44080.182427342916,45348.07361980181,43918.97719258801,44798.62965481375,45047.47672498363,45065.33484879396,44282.79180831068,44138.10815151005
2020-09-22,44823.01009444878,44811.63992234529,46672.105644404655,45029.166702005234,45801.18285785623,46008.204514088706,45970.3349993131,45129.10092777989,44968.20876118661
2020-09-23,44454.35078111997,44472.09157674265,45925.60170181832,44385.974070633805,45119.225691351385,45345.700345285615,45326.17614488668,44625.31965638591,44514.99133467835
2020-09-24,44661.34504439957,44608.82619974753,46356.62512058896,44776.07681909509,45493.70908291506,45702.19872542092,45679.596355801004,44938.37745079557,44812.50958595559
2020-09-25,45699.67316830539,45732.7641217431,47598.23490878418,45924.25707089093,46652.83128575137,46813.64668109756,46773.16974897759,45995.64104164312,45847.23438005534
2020-09-28,46648.803841365436,46580.22622745619,48453.74599665952,46760.8076800229,47518.925579741255,47707.627971224734,47680.41992213302,46878.34598792971,46733.50322641859
2020-09-29,46438.45277057801,46452.51131526945,48183.726027202836,46584.52251798231,47383.349671556156,47580.202491123215,47538.91146238052,46744.63947817338,46586.770979975765
2020-09-30,47756.51427181062,47798.10489442989,49615.88011310584,48000.6003390751,48834.03811570864,49032.21406223219,48991.694969959564,48149.29630523158,47979.21600025344
2020-10-01,48514.51761190426,48393.55117005118,50304.43595395086,48677.77202188657,49553.51583827165,49750.31822882965,49713.139406001246,48846.780123398305,48678.94109814997
2020-10-02,47149.755155651284,47279.38521525372,48822.82349834843,47232.503266704676,48022.887433433694,48215.61043893191,48190.82019087068,47405.56690898203,47285.877219888454
2020-10-05,48155.28065766707,48353.65489720727,50005.78429922635,48331.69977556588,49141.57688915182,49342.9397223407,49322.28363023343,48502.14322689985,48357.36780786909
2020-10-06,47295.85919507537,47687.613923626275,48693.98730623661,47183.92374942799,48036.67905638103,48280.390719673276,48281.278247140355,47551.902537215974,47432.18728110851
2020-10-07,49114.03420881184,49590.0006511307,50589.14684503084,49031.796938489206,49946.174056605145,50175.76674954305,50174.37289944537,49438.35883927598,49314.98900026476
2020-10-08,49375.46437884948,49807.71779647109,50764.37592823329,49241.85937533375,50098.615614103466,50303.75031734534,50309.44462693077,49622.46104875343,49515.42125603645
2020-10-09,50129.92010123734,50648.8057914642,51856.12538391151,50138.28452173824,50928.16368428678,51109.84818894853,51104.25206998149,50376.56487032169,50259.57513801096
2020-10-12,51677.46867769045,51925.328077138074,54218.644968765766,52214.073912883425,52863.80270579698,52962.9893969172,52894.16527661835,52032.3276985432,51855.085358560435
2020-10-13,51675.72152057326,51673.14670751305,53858.85186112517,51983.39036476149,52736.89686696144,52870.90268282157,52813.4948931013,51971.78821531566,51811.567022733456
2020-10-14,52244.06832854608,52383.39193297186,54360.07872126067,52543.6480413898,53298.62691301592,53439.11118944899,53401.40219807475,52549.68288165414,52402.76374790026
2020-10-15,51893.461400272965,52185.402761324636,54008.628684212694,52199.62957765053,52943.88575978866,53083.20869008408,53032.92285095282,52127.65908288733,51994.75651748303
2020-10-16,51609.049186724624,52019.32821677812,53529.08886795042,51832.5133166976,52602.70816678892,52771.94376977451,52726.95990388521,51880.2201151548,51764.30326350934
2020-10-19,50766.5226767552,51224.14614268116,52286.718396842014,50708.71215920778,51504.807477680944,51690.261342913225,51667.81996673741,50887.87168479996,50790.261988609614
2020-10-20,50875.64273570308,51289.61593935137,52735.69674610486,51066.31134453909,51795.02038634165,51950.35705814989,51904.50405888516,51099.03087580071,50998.20546280869
2020-10-21,51836.28555011583,52105.981514305844,53810.753985451505,52196.212866319445,52872.399757504754,53000.890767358826,52937.4689088189,52086.0636561539,51972.9855873482
2020-10-22,51834.45196118644,51899.22422238333,53682.71516153285,52095.78913528463,52718.16673941341,52845.423962985216,52804.929635797416,52011.25355904022,51900.540286181495
2020-10-23,51936.60823496611,51868.300971980934,53970.35968141057,52247.349111489566,52826.88360275893,52937.56857994242,52905.011805672264,52113.88583857823,52023.09853118709
2020-10-26,51157.759624193255,50748.21334759761,53302.8844863228,51460.04711305455,51998.94080403011,52098.305409343,52068.70440586562,51276.19108646539,51174.703448546585
2020-10-27,51557.22254066793,50976.15229167388,54203.312868500245,52193.997632096754,52663.100381126176,52714.91113850125,52647.07073874779,51757.831899171055,51632.68894473396
2020-10-28,50547.176623841464,49941.14429123644,52681.40051014335,50795.40474827073,51322.267207666126,51440.10061023502,51411.88685848029,50649.05105732571,50565.741143149484
2020-10-29,51431.056697217806,50648.84238926331,54006.490348475556,52029.88785558694,52507.1969873047,52582.91427446864,52531.299677188916,51691.21408136641,51586.00636852807
2020-10-30,50126.621968440006,49504.21947174598,52086.51809855024,50415.39777619832,50878.629838320965,51042.5718624616,51040.23653856766,50308.82649554094,50241.72806729834
2020-11-02,50238.27536472746,49607.22394480478,51931.480832677065,50349.336756225246,50876.84710267566,51075.18449801812,51081.80931608022,50406.97684911682,50363.1520576226
2020-11-03,51107.26714212342,50505.969975115724,52776.63939308193,51201.324565006595,51743.62971586218,51909.70867053019,51920.917563827665,51265.44622186875,51244.36525562541
2020-11-04,54388.623499995316,53502.822813032006,56604.021324432324,54807.858023768065,55240.24552954637,55350.43994316089,55299.94041077965,54607.58276698762,54523.91637028873
2020-11-05,55806.58839204143,55205.8943142186,58202.17083604126,56244.35734038572,56678.29173506381,56818.01609174752,56813.7917271718,56058.68099550001,55952.69298649969
2020-11-06,55848.278612917704,55463.21300780773,58134.17467174233,56207.88977705034,56658.11966849443,56812.817242422054,56821.61919247979,56123.00505531613,56042.763973027875
2020-11-09,54707.097955718986,54884.24192100766,56475.947388796216,54697.44297353036,55094.40049754946,55264.382956971516,55373.21499075096,54850.908045536606,54832.79781180615
2020-11-10,53727.045178198474,53749.97931591819,55283.1070763686,53616.94677488329,54093.50894416393,54309.55323530153,54432.917271646525,53876.80864789395,53868.11375838932
2020-11-11,55928.88849256702,56063.68806396979,57726.90902694114,55943.20648613471,56422.351362350055,56639.382825147084,56766.5788607491,56135.51641986839,56112.03106929275
2020-11-12,55666.37093498944,55627.58892422846,57452.75159152284,55647.452595628485,56110.73426343202,56316.045278363235,56426.621769953934,55810.80296245991,55772.50896012845
2020-11-13,56154.722906872084,56065.40432263197,57748.363701970105,55993.92164747013,56464.13768534418,56684.105989277385,56806.19106226275,56290.515598611135,56274.9467092247
2020-11-16,56592.86436877644,56616.979248219555,58009.75611027803,56276.534297623366,56749.225314807176,56985.5917969579,57143.411541215304,56638.574839735826,56636.202735734914
2020-11-17,56413.36591422045,56453.23505394767,57601.18411387937,55990.7875807521,56572.26471242742,56840.25047122415,57030.39116773844,56519.69464481667,56503.079536052144
2020-11-18,56996.45210624907,56865.47658586459,57948.20145032912,56499.34010232107,57180.507378101356,57500.11642235134,57716.073213510645,57166.004040633554,57135.79358910929
2020-11-19,57442.436650407,57488.313878834444,58271.90562177218,56849.21380092591,57541.94910402807,57880.378248926456,58103.660312847,57569.76480279793,57557.81896159552
2020-11-20,57049.478370530094,57026.877502978394,57712.017462594216,56292.405750198224,57006.44318338315,57375.835411418586,57601.70783291411,57118.614915924394,57114.595789131185
2020-11-23,57051.47197920123,57063.714299676445,57092.09602651885,55938.29559021689,56802.963756195095,57237.666712199316,57472.138389853644,57077.41659054547,57093.45075788809
2020-11-24,57853.045509235264,57740.95833406153,57923.786161870914,56844.44932500784,57762.732613271844,58195.04295804445,58428.94066623097,57973.25823214305,57963.66838687107
2020-11-25,59208.646916349186,59011.16160674504,59342.97423198412,58271.033084154406,59240.31760348564,59660.50922042336,59868.32172259669,59348.87594087256,59307.70419411564
2020-11-27,59754.21021611522,59448.42872183655,59699.76572743632,58654.62122536703,59629.94271731703,60055.00504051303,60263.75823567768,59778.17112179408,59750.113979693095
2020-11-30,59876.11543838925,59848.201407098626,59747.48909089067,58607.95598456028,59554.13211299012,60020.477590220136,60256.27730101548,59772.9053013422,59747.64343394009
2020-12-01,60643.49861014099,60344.37297889424,61036.51791817968,59828.2013268055,60742.117989013655,61184.977895452,61402.39218738843,60824.16288453213,60751.76186254415
2020-12-02,61721.42900460502,61271.20649001351,62082.41411908432,60899.16122332749,61763.79995026874,62170.02212316145,62376.077981322254,61830.63044525463,61743.8512336659
2020-12-03,61808.77866096863,61309.28849444258,61808.9426785242,60767.05380517264,61711.274017165575,62117.81054504553,62351.578583375216,61858.10944914356,61784.38233859995
2020-12-04,62060.656207896696,61996.945127070976,61566.546019473346,60670.04194181707,61697.920833945725,62200.955474186776,62516.03250178481,62121.07236970598,62072.04013362669
2020-12-07,62412.08398070178,62151.15451892964,61882.279779978366,61020.24293815229,62130.75226662742,62670.308247222994,62985.823060218725,62501.833813337864,62418.169273641965
2020-12-08,62623.359316559705,62432.3940627432,62146.58330740407,61201.43426691077,62283.66823918132,62825.85112762349,63132.693414274254,62651.831919333046,62570.594395344284
2020-12-09,62205.4926052926,62151.44292992957,61844.090666651624,60880.03615525268,61911.15658705248,62438.98288445671,62738.39762359147,62306.213391932426,62239.17255923364
2020-12-10,62455.272422871465,62426.19463684495,61947.030094655616,60991.45611550823,62049.61297707175,62585.06487693377,62929.72165200664,62480.86405957536,62412.5009802012
2020-12-11,62316.961245959574,62315.57120025905,62026.88266474211,61003.28124494324,62032.00900408084,62502.693100284,62755.474453241244,62328.098294932046,62269.253572327616
2020-12-14,62769.101024964715,62582.95502842942,62129.5722367362,61234.30369272951,62421.92350943432,62916.995015598564,63180.13153740924,62734.987046916365,62675.308687470635
2020-12-15,63440.060010815454,63622.99543603955,63222.173916620784,62091.35688843112,63161.25594138274,63615.815721235136,63855.048635002335,63392.010111056305,63375.20345132252
2020-12-16,64788.947719329255,65085.861951865416,64913.62505236827,63616.910595141686,64645.9091086211,65068.30678277021,65270.667019796914,64765.76306711782,64751.1076692005
2020-12-17,65212.513810588935,65678.81823719807,64998.69303409657,63774.9928194624,64920.31622231413,65392.18362054761,65617.05730974613,65146.58783392259,65159.95622623519
2020-12-18,65015.406435163306,65502.43089050404,64446.03598563026,63368.0410944151,64636.246265090274,65208.92934294532,65466.25455479569,65025.40682419892,65064.43323832449
2020-12-21,64893.79192692635,65676.94752529582,64948.18061153012,63567.88128444489,64652.603550463915,65137.67344426318,65337.14029328346,64828.763892211085,64852.33306196993
2020-12-22,65070.23139824325,66386.27396848406,65494.73037122215,63896.426511715705,64912.19354204975,65358.310292424074,65514.13340313197,64987.733514858664,65011.01537569489
2020-12-23,65742.53442087854,66782.02808529056,66080.8838897152,64551.203692739575,65545.00364578243,66002.33028815682,66183.8833577518,65677.1329000847,65689.59294575237
2020-12-24,66032.65230118147,67225.92273163624,66347.53629212512,64833.566047631604,65846.54983893325,66333.8767859742,66528.75064847982,66002.15009617004,66006.70929330171
2020-12-28,66698.16260648498,67698.36491757998,68174.13432323058,66353.89030466267,67196.26226850704,67568.98913818467,67695.22097193144,66969.4301818228,66905.73608108705
2020-12-29,66757.89315425094,67250.69005849343,67923.58551773276,66212.18152674746,67141.2902049621,67527.83485572912,67678.61506593484,66965.55503488102,66885.78904024365
2020-12-30,67760.02686888265,68340.22141288228,68234.53872544444,66693.21572297714,67730.47184950138,68209.76320615543,68411.47378251147,67825.63274109607,67816.84995864525
2020-12-31,67926.72240348272,68400.15900868269,68064.83308332543,66711.28818324124,67878.97841854031,68414.37863361994,68656.37913844151,68078.61999924903,68057.89060862649
2021-01-04,66967.61505073801,67263.35770082899,66655.05426735504,65519.905360692894,66739.02279473617,67315.38196549818,67575.55316327886,67035.22591792127,67022.89553849967
2021-01-05,67519.70519590612,67816.28752880837,67197.9563865613,66055.86232124615,67246.87781125048,67795.39934306752,68049.57150348114,67586.05708034299,67568.68762190138
2021-01-06,67584.39294754715,67691.06257163397,66453.13774776038,65562.8620134299,66825.57784392955,67494.16394209382,67839.95782205474,67514.63704158823,67567.43337639024
2021-01-07,69219.38285385411,69618.09496065314,68169.47326597333,67373.87791520324,68676.7213227964,69356.80433872167,69684.22146231477,69275.26269012206,69293.59963550407
2021-01-08,70109.4392387643,70126.32922037425,68721.98990384751,68054.64283221451,69483.53225371952,70235.34511249646,70602.32124033972,70188.85353358486,70224.0288103834
2021-01-11,69096.32521165663,69527.8216955126,67227.39467059614,66590.88021849227,68005.13940122571,68786.46251101137,69176.70599041329,68946.24995276923,69007.25383527587
2021-01-12,68986.47757782081,69425.78607730546,66905.91879564858,66377.75868559231,67861.49576417111,68671.11639818884,69038.52309555165,68819.625139954,68917.59098943572
2021-01-13,70452.35053937574,70773.12948122057,68654.90599871911,68132.23851866813,69649.81476367124,70420.2854491288,70744.94164652756,70376.6697588688,70419.15011204443
2021-01-14,70075.6111737466,70331.24400516515,67663.87849141147,67256.10348076696,68803.5008603186,69634.75183330623,70013.76019354886,69828.42360284887,69922.65522262173
2021-01-15,69520.5259050561,69590.78283494773,67271.75745941109,66788.75114601922,68268.45281966086,69106.44002745612,69495.46089052675,69302.5319257928,69388.64480263155
2021-01-19,70534.82690260815,70458.63537743904,68197.48573915148,67775.68268838293,69213.34033985987,70097.9658434201,70531.14149614726,70401.87599410505,70471.80366704479
2021-01-20,73175.52620684222,72792.24156141849,71762.20574553931,71171.11737680578,72586.83367849172,73308.76355942039,73653.88399246115,73271.22983587267,73267.4409109202
2021-01-21,73760.90970606492,73635.8464233984,73017.44827178276,72324.30206715829,73656.15828824705,74309.67558083718,74576.143993217,74021.19513526722,73973.91837032349
2021-01-22,73548.4566171801,73419.89941867747,73483.26026190617,72498.30193991585,73673.88176035535,74306.02741705789,74548.06010553066,73871.2210768982,73810.10960906626
2021-01-25,74156.41905159614,73914.35482744621,74596.93377969819,73396.39115613786,74489.13639488122,75097.40915898222,75343.09022927977,74612.31931052344,74510.49640800964
2021-01-26,74264.90634223448,73678.25021412133,75162.98539789875,73866.3704268384,74920.57186821749,75470.11767331685,75685.67522264828,74816.79709580298,74651.27950973282
2021-01-27,73194.6333620883,73198.87590967109,74975.61250926871,73373.61826724085,74258.22285583425,74663.68651402547,74770.01331615038,73792.72814576536,73603.51995873523
2021-01-28,73627.71716524658,73587.66733061805,74502.42224327858,73205.61073205817,74263.16670342005,74771.3541259621,74911.4764998017,74102.55235273112,73976.78087484109
2021-01-29,72078.7178945284,71881.1618017444,72540.18853018187,71386.60239525411,72445.63976863545,72968.7153388858,73119.53143031758,72376.94852240352,72286.6144522006
2021-02-01,73879.77154823902,73685.8753700931,74660.72757858207,73457.97153600054,74473.19275945827,74985.85731894338,75113.24111858226,74302.57966343297,74198.52131254811
2021-02-02,75085.05569548297,74860.37643562033,75257.72953980546,74277.4093891099,75436.46729741081,76017.33417329442,76192.52002559615,75389.49032407737,75316.17852717565
2021-02-03,75787.16732701179,75584.13637522433,76477.5453533819,75716.30463272409,76723.79801694734,77152.31361055927,77248.334319956,76265.40974560392,76153.12132891358
2021-02-04,76683.4837154519,76853.16592657112,77096.03075209654,76384.03056453372,77520.72120146958,77933.97019185632,77953.93525463826,77046.36195224436,76968.31057978285
2021-02-05,76943.56113196882,76867.68187117542,77312.74609050718,76640.12240562217,77744.89812127672,78079.15595586982,78100.51715021212,77194.58292250356,77143.05425872351
2021-02-08,77459.04123921768,77748.94801803607,77184.42939143909,76801.82988163184,78077.30505283471,78498.60471991649,78526.06062589098,77677.88577892797,77651.66573005596
2021-02-09,77442.7896063163,77773.84561922445,77023.79375044508,76620.16332978515,77923.73839055469,78332.3282581269,78344.49327448105,77530.26269376182,77558.38379965638
2021-02-10,78266.32237151159,78634.9072922976,77736.09212829675,77364.23725402048,78608.26930120104,78968.89748434324,78968.61460290296,78237.17077480987,78305.90616504564
2021-02-11,78696.74562225261,79491.82440687707,77685.24473370604,77479.37888635081,78780.65328350494,79187.71451410765,79198.40285118435,78610.76803049028,78727.9399608579
2021-02-12,79136.6022175644,79939.18672055732,77891.78236246257,77701.72194044196,79026.63788239581,79478.13227925793,79488.49988721513,79006.12162354951,79135.08097738423
2021-02-16,78922.55955503408,79630.45860063122,77420.49828567558,77446.21475353566,78812.94279673875,79276.39470393816,79271.9098375844,78834.85377871939,78963.05050727703
2021-02-17,79543.85270474076,79777.72902702432,78301.63454859333,78225.35169543322,79516.61338631283,79966.52391908964,79952.99374372885,79516.43852725433,79612.81297730077
2021-02-18,79196.09519039668,79411.87127474239,78001.38951091006,77860.9874848036,79117.71096200928,79556.6267498467,79555.44579852353,79155.94719176179,79256.36869697468
2021-02-19,78850.70536759755,79507.58987272313,77140.99714538582,77088.90259967717,78353.70117829157,78848.80807133132,78855.72566713863,78633.41576964094,78831.69456976926
2021-02-22,76806.91402600177,77572.075007605,75184.26178781167,75074.13046417483,76284.82541760508,76735.69848417363,76738.3251631388,76577.12890152803,76796.45444203069
2021-02-23,76578.21005572236,77129.68276453257,75226.79387669015,75077.68590767488,76262.90338794382,76649.26663122553,76633.75837653862,76484.37949176203,76674.71920374266
2021-02-24,78209.46668752885,79191.02161821871,76210.9626261116,76393.46209062447,77731.12886209066,78209.03031336125,78271.01357166802,78204.10190370113,78346.49442458697
2021-02-25,75482.86937315975,76250.58813516924,73747.42409389958,73724.93727518438,74983.31190348635,75440.93656802096,75521.88117625253,75418.55021898744,75550.06025827522
2021-02-26,75798.96525991929,76795.59461387373,74342.39640001731,74275.77291874096,75473.43418324113,75939.65055444636,76034.78940050522,75915.88342650187,76006.27712274912
2021-03-01,78079.17116507687,79328.88213323375,76704.67334185273,76577.29052714605,77796.08288791149,78271.40255952065,78316.99350265173,78151.04426767657,78227.18956493428
2021-03-02,76826.87077085416,77926.54577683436,75432.46909730446,75325.12412332528,76537.35963015382,77006.50095011605,77070.68826263004,76864.64328565795,76953.69404058646
2021-03-03,75597.34253749231,76787.46488492117,74472.65909311823,74289.94767952868,75410.42211828682,75854.35735744379,75934.00110268433,75746.59641495664,75798.92972797144
2021-03-04,74360.05189499746,74829.69240973731,73922.7993552838,73621.24394012392,74573.0042841122,74882.48610549912,74939.77644548338,74614.39717100702,74605.52588513169
2021-03-05,75479.95285556637,76041.01297151706,75026.20611453628,74767.3827404946,75680.03798948208,75988.35136892405,76042.3029288559,75813.55970042256,75834.51788026653
2021-03-08,73342.81868174725,74078.86817119061,72796.72312244005,72424.22976922113,73344.74882263324,73633.7154362333,73728.74795631591,73547.938814873,73597.64884360554
2021-03-09,76235.52451409906,76914.04128024193,75505.02346441704,75288.94004584619,76346.4392610953,76686.62946872553,76764.4816384047,76522.41306016456,76578.21572203824
2021-03-10,77017.92845652092,77586.6487571634,76105.85750954479,75987.58385515086,77124.85349270365,77487.89538091344,77586.47195428322,77299.78282613434,77327.37012352426
2021-03-11,78791.75116549875,79503.64781191215,77735.39830917804,77759.95973945962,78932.42875373439,79298.39437790007,79354.14219662015,79055.60905252333,79099.19228025798
2021-03-12,78152.58493293896,78924.36009404836,76966.76018919796,76921.07446274,78137.04600587825,78548.2593993331,78635.26456760593,78330.62383180374,78379.59905466887
2021-03-15,78987.46758386385,79897.24297473636,77593.04606841532,77586.83649740234,78831.39004734313,79280.31928223745,79376.96379039895,79125.71814148541,79220.81879012517
2021-03-16,79421.01275266516,80326.17549306233,78344.75772289933,78250.10672927366,79407.4946754257,79847.25996252286,79949.90447286033,79641.60438842895,79682.93168091173
2021-03-17,80748.03021603986,81350.50578713749,79534.65519994982,79515.22325781266,80704.82723475696,81196.46138551127,81298.9376101083,81007.83924457217,81057.4253698481
2021-03-18,78274.67333232381,78742.55024243887,77038.1286006144,76966.67181530417,78094.08228678042,78582.2683351225,78697.44409097955,78448.73853963033,78524.02155293369
2021-03-19,78550.61299534501,78695.52277860072,77427.35105358799,77405.93402435018,78548.17512250868,79082.14673691374,79179.57766876803,78895.75488884162,78968.30343275129
2021-03-22,80023.70542088927,80132.68008981136,78917.6209048984,78822.78460652046,80027.73602172836,80544.07035707304,80624.60962296004,80277.97280212781,80333.14416500703
2021-03-23,79674.54806810168,79528.28720528338,79002.3632471923,78826.18791397416,80027.58401362738,80483.06644690181,80519.2823446005,79999.4396438806,79992.31396954136
2021-03-24,79330.84119465704,79308.27237172255,78740.0816085106,78493.10701140152,79623.50345961089,80096.79944732248,80140.2760226107,79704.9696600937,79692.47328538528
2021-03-25,79193.4708426248,79326.41090751791,78293.42412491374,78145.78799607363,79330.03218509664,79877.16433303824,79951.58285406484,79557.71611398156,79547.97424966765
2021-03-26,80381.39250555073,81218.14969514776,78802.22466073858,78740.05545739793,80021.30613588469,80691.95187633835,80797.55517332684,80610.82047265823,80682.91877550256
2021-03-29,80358.48141392444,80607.15799591725,79086.07428062684,79033.82759582635,80278.97748366656,80879.52482764273,80957.92138556414,80661.8909692607,80672.19212214193
2021-03-30,79954.05014291446,80096.10761990419,78390.75534457735,78485.45995858588,79770.79131864841,80354.96443663888,80463.07696451368,80187.41811349484,80240.0336196673
2021-03-31,82177.58901371152,82422.52392520919,80712.21976778789,80782.96826845007,82048.56887277376,82612.83778546928,82676.1306780425,82406.74732027651,82443.81693515988
2021-04-01,83578.41557899835,84142.30575442767,82200.07438350102,82299.68753158709,83518.19422794748,84052.76460925498,84095.35738194545,83875.06844308856,83908.85849858272
2021-04-05,85247.03660153969,85632.17178041907,84444.90060456157,84545.73285281537,85652.91884774336,86167.2837797193,86154.69192171193,85766.20717983262,85726.91756007368
2021-04-06,85187.81977210286,85478.12710278068,84304.08135583588,84376.81366965992,85502.61159184099,85993.84376627281,85997.89371487958,85632.34811782555,85590.10266150707
2021-04-07,86393.81675694931,86786.21645805746,86339.76847980564,86303.30879232113,87294.16371050796,87667.50468971573,87611.70700146697,87080.01571005736,86964.88994460716
2021-04-08,87295.20505148087,88107.38030366531,87364.13852508245,87280.16978080099,88260.61551220044,88615.1399409169,88529.51100077305,87972.4399028719,87864.75131662528
2021-04-09,87824.07731785372,88840.0408722287,88618.11155898441,88333.52004710896,89189.24891607412,89461.30918403533,89324.10497384174,88665.29105198786,88514.5139043263
2021-04-12,87709.43742317904,88546.97958393973,88259.2459455831,88104.47390123451,89057.73585447732,89352.57568249512,89207.97549795895,88463.60232721196,88315.31996902691
2021-04-13,88733.28999250595,89500.60442543027,89493.24907782707,89374.5696229638,90393.59070686,90647.08578784915,90493.20173948765,89604.3991047395,89403.11592046429
2021-04-14,88667.77034121427,89530.68207272157,89036.12886586846,88911.08749283847,89892.6638815714,90172.79681100234,90051.31852220485,89301.15105850674,89153.70961769475
2021-04-15,90011.5596027792,91052.57726939286,90487.76419006652,90478.94021938216,91486.03045163515,91746.5712419579,91624.71793039783,90776.25524180122,90591.60498650985
2021-04-16,90116.96118903262,90911.45078226745,90614.08796438076,90539.49081517453,91575.90883453558,91839.96332481127,91743.02580669515,90897.01270096638,90712.40105136334
2021-04-19,89292.20810085216,90052.88425694326,90255.96371980246,90018.63500194835,90972.31796949932,91143.00444043336,91011.49394617457,90119.99478865748,89906.09336022205
2021-04-20,88641.40541280062,89140.1840722515,89613.87595634442,89403.20001718486,90373.89232036597,90569.75568140803,90456.79548028935,89519.59887389588,89292.88651664562
2021-04-21,90400.25033190417,91078.74357535082,91135.52199563352,90889.02354887266,91770.49954521423,92025.67356743256,91952.59507854185,91228.0703332461,91049.14401497818
2021-04-22,89310.53053179815,90232.05124209901,89866.72175414898,89574.74114261888,90465.5165688343,90734.48205468687,90671.70954651694,89951.0355409007,89842.93661934295
2021-04-23,90434.87873159931,91547.28242987391,91257.93366840592,90829.93479568232,91599.94532523047,91878.64504652418,91819.84221102537,91121.971294516,91013.98571678447
2021-04-26,91023.72106560072,92289.33659781498,91907.09995036853,91432.79464269208,92150.6444247191,92423.37520552168,92351.67964004644,91670.64156545124,91541.53039384236
2021-04-27,90629.4157743096,91965.86514444216,91730.30901803529,91077.03296529004,91719.75640803855,91963.49345969455,91878.9067448414,91229.88531645184,91114.33224616731
2021-04-28,91322.98298612463,92238.10133267405,92442.42081860879,92032.7506596578,92602.5916804344,92695.45936256737,92537.23419243842,91868.66545965857,91748.98041390794
2021-04-29,91651.64719268183,91954.37989999924,92887.30260949339,92664.94292276917,93227.41892571606,93364.2882184021,93224.83536164094,92428.83884338122,92266.63910118671
2021-04-30,91050.91154171218,90631.96442734332,92306.93960933421,92053.6625016614,92681.1025740198,92801.33883309484,92678.64879483733,91814.22621792881,91604.36795593203
2021-05-03,90566.01871094435,90268.89092637002,91812.49319264383,91503.0988737916,92142.08804488143,92279.16055312948,92187.21843157816,91383.89592868103,91207.29481395021
2021-05-04,88936.22187109209,88439.13720370342,89685.20057762352,89503.92639315853,90223.29749785493,90436.75252187595,90383.50198710806,89661.60575912816,89518.43520864834
2021-05-05,89637.16995891844,89174.65562830822,90305.05954493559,90194.98228364473,90911.98190791138,91201.16908936469,91173.43205042716,90439.299003423,90270.00593719789
2021-05-06,90312.81795878809,89719.34300612807,91360.7583493786,91188.17967515161,91873.22127619815,92196.85524460649,92145.93970557189,91300.30980069272,91065.44608956017
2021-05-07,91045.66285526153,90580.16046686641,91758.42611174476,91700.73329843691,92471.26738656807,92834.9246387911,92799.15784503511,91962.48360729267,91761.9553402529
2021-05-10,88746.35104600705,88238.44106981649,89201.78649413708,89111.62996604507,89920.55770178033,90272.29689877537,90271.75665369685,89462.17536189519,89300.24218078537
2021-05-11,88623.77522901332,88160.61651583384,88968.45261738122,88838.12883636505,89696.41221410593,90079.17787715892,90070.789275396,89301.81267978407,89159.50899838902
2021-05-12,87329.91524043483,86566.03453429606,87675.10036163384,87486.48142045147,88343.57615453978,88720.20011667478,88753.18371049759,87971.5525904193,87797.78240179052
2021-05-13,88005.0780487784,87550.05899092469,88693.55691147028,88349.46138506212,89145.62586844598,89537.52667393522,89556.72304443253,88766.77757019157,88589.09605715463
2021-05-14,89947.94611857213,89577.21092265217,90632.37300804236,90363.43756166528,91140.64814172214,91535.32213424158,91536.83009916071,90717.09660891176,90533.01095891697
2021-05-17,89402.29395222316,88903.11787648927,90356.79264959328,90029.56348480712,90675.9924350285,91037.95310202878,91031.45547785185,90215.40714596657,90019.93721575457
2021-05-18,88798.76498073389,88320.08466825081,89395.67557671716,89130.3438526918,89834.56536457303,90185.8262793937,90204.82150191354,89451.74806832381,89293.11194185918
2021-05-19,89900.71813432661,89630.05493671686,90465.9473233736,90202.46011830067,90848.32619043725,91217.2149925846,91226.33644268003,90552.10742290934,90404.91984519169
2021-05-20,91639.73426368601,91403.88790355224,91850.96005658986,91742.22866109965,92460.99788597932,92861.5961270367,92886.70386926128,92255.6395554605,92108.9638610505
2021-05-21,91132.5340340428,90966.03922714974,90899.1677648631,91020.27783388413,91810.85313847716,92224.78317293157,92257.86140564879,91639.2616789726,91514.86842604428
2021-05-24,92665.28873668061,92548.29424104968,92644.16838574306,92932.90855105643,93707.8995311524,94080.03138717021,94065.63722280556,93335.30933182481,93144.94520573849
2021-05-25,92793.46328475703,92578.15952744427,92851.3647793486,93138.31650171307,93906.31473969723,94244.37524789227,94199.24679301477,93454.39215217254,93268.39443023554
2021-05-26,94116.77159391073,93759.78762443879,94000.4824871436,94413.71227952409,95222.7755382932,95560.48290777439,95508.13109591336,94754.15386945936,94561.86082558369
2021-05-27,93764.64735580226,93364.96222496465,93279.57727353073,93808.30863813018,94690.27064322088,95128.99756262697,95104.7026867716,94416.85421049246,94229.48781671618
2021-05-28,94060.39372222326,93616.43790645503,93007.88676017389,93744.44657064618,94698.06293822436,95139.25286406107,95147.31658911542,94529.68468346707,94368.38412879928
2021-06-01,93747.76328841923,93196.49353727934,92780.23394478345,93591.5278210205,94482.32906206339,94899.05478155913,94891.92310685279,94315.91566894836,94157.21927842185
2021-06-02,94930.84268153567,94727.09006615555,93921.7929110337,94772.5647634208,95674.1183796335,96098.8662405682,96081.48114803387,95493.8679271533,95312.76713762086
2021-06-03,93943.02529199183,93713.02429486177,92824.15377308319,93719.99643067869,94635.45756637315,95043.51033702723,95026.27160210004,94450.15362294589,94278.52567666708
2021-06-04,95537.20928939072,95484.4519729195,94390.5528049317,95430.25936499464,96366.15413211653,96780.78720378177,96749.22640058992,96137.47680735048,95945.52207780749
2021-06-07,95821.8753908768,95616.613556569,94855.48301629492,95860.08151698123,96734.75454214434,97022.77260047226,96947.4496043532,96357.74359811726,96180.0755951639
2021-06-08,95867.41478990432,95784.3666778115,95294.94325922325,96153.77906247343,96947.29124980156,97216.98951450922,97137.18668340932,96445.94187979671,96266.84183656458
2021-06-09,96890.1934609309,96733.51244837003,96533.41181860538,97301.54278131995,98047.82007963749,98314.85384033583,98229.86834567688,97521.76226506133,97325.55079548608
2021-06-10,97899.83410593713,97604.09562849667,97334.43693618674,98199.90521852854,99032.9448257179,99300.85110360866,99215.19417484064,98508.11520124596,98321.77243519606
2021-06-11,98155.80457464288,98202.45119948054,97607.88521983786,98514.81982465253,99377.35741924698,99618.53285681756,99515.36011024569,98723.15345482396,98548.53080919324
2021-06-14,99096.42375317868,99286.16954909696,98994.42748563482,99795.06208477977,100637.86517520148,100831.14644431185,100683.49229518241,99782.9946967555,99561.88556482889
2021-06-15,98449.22286026344,98603.07749648548,98504.39879346438,99209.81200693641,99986.23273329034,100166.96458789367,100010.92187439393,99139.6740537649,98919.68433327721
2021-06-16,99089.68393155969,99189.60889690356,99577.1668903318,100143.42515508193,100860.14059632918,100991.3373502008,100815.84429745044,99865.94483853648,99616.2753270082
2021-06-17,100347.8680105353,100468.56086183168,101047.76577320899,101675.42322121677,102387.11034193842,102474.12852113819,102259.22762313853,101214.81742197945,100913.05721992477
2021-06-18,99560.40635183702,99664.3519981231,100331.45984012447,101000.5411506559,101776.00174961425,101811.93917915292,101569.76650311431,100407.54612030003,100070.68406429687
2021-06-21,100179.17790093219,100551.56243494966,101032.50045345596,101610.64069962554,102348.65308837565,102423.77498184433,102187.8628935092,101039.36014025699,100730.4609402822
2021-06-22,101113.02202540352,101516.61143234836,102266.05780046814,102800.97813916496,103528.79180120875,103550.68106665046,103277.68882507757,102023.11918623431,101674.00362964514
2021-06-23,102162.4724673913,102446.57475740106,103311.34287523974,103889.27136861057,104585.39330529295,104622.96339470166,104355.38805938223,103089.31461768411,102735.07118785089
2021-06-24,102794.1209247139,103148.67277951392,103236.45054460269,104109.68966873157,104941.37999625159,105054.88748244251,104842.84611366045,103644.98503450162,103315.60289693819
2021-06-25,102667.78383483991,103125.06950776209,102593.27652493575,103537.38621999521,104470.86962640595,104598.66032861182,104439.9957847617,103399.87692997299,103126.6287142568
2021-06-28,103916.4041546802,104224.38444116541,104047.32018506057,105100.73329238972,106029.5437168998,106126.95966066048,105903.1715093962,104724.89450701872,104398.15859381139
2021-06-29,104292.4560605104,104969.5178816196,104540.4546762242,105372.95187692074,106257.17116565465,106371.39713364928,106154.00972273838,105012.66600678622,104710.6232666388
2021-06-30,105127.95242573413,105625.80558178618,105441.56084020276,106203.71840251636,107079.26814017593,107198.07881126794,107016.15371570823,105947.89688112745,105615.39028138686
2021-07-01,105169.45461628799,105660.27054803955,105752.8192585044,106578.02764037326,107457.3881871746,107490.75496125464,107294.09167400874,106095.99880996176,105740.05591676373
2021-07-02,106376.6501675749,106934.32128963442,107774.48440624985,108418.68219114037,109170.3933080567,109105.84086992977,108870.87803071033,107508.11954109017,107077.75405312976
2021-07-06,106836.41414221001,107464.07079759301,109322.42699043156,109608.009560702,110172.26246581522,109989.27122721159,109664.73488391521,108099.29868710334,107587.16536818509
2021-07-07,108061.85180046038,108877.29112147017,111201.13043706494,111203.61271060354,111693.75301008647,111466.08450641132,111112.4314116267,109404.23062504594,108876.21465823759
2021-07-08,107409.19022790302,107815.99016722078,110668.34905721132,110572.37216112304,111098.9085755695,110912.22567675746,110563.72634708119,108788.30844458009,108235.44139647065
2021-07-09,108079.81401195838,108834.52943845693,111257.82345296563,111192.640000381,111717.77807956879,111575.54914724416,111229.05761041115,109502.74626538709,108993.68665446521
2021-07-12,108501.93540619692,108823.82004436763,111345.83356891552,111611.39570180587,112178.14608705425,112046.48938375071,111693.7073754723,109927.08702127966,109384.80792961651
2021-07-13,108501.93540619692,109059.10627576888,111654.06368512005,111753.8222510048,112292.77464699003,112108.16621304181,111734.57400483853,109975.03937052314,109406.25926352905
2021-07-14,109696.51346537808,110532.2675448591,113587.69244728867,113364.52074051947,113830.21738467246,113598.80202385777,113182.83467017084,111280.9790213804,110688.14480794381
2021-07-15,108926.0772861962,109526.00958295322,112742.25594251616,112343.07810770602,112818.19708599304,112619.91886406453,112235.18236603525,110438.6137143102,109868.20549936028
2021-07-16,108043.85191780717,108525.1637146099,111734.95417160494,111298.54880663844,111757.34788892682,111591.53244256474,111249.97175395141,109486.358469574,108944.04515779963
2021-07-19,107158.58311394542,107211.34396397535,109915.69098062164,109853.37412771808,110501.27075228613,110408.80517106934,110078.4209397042,108361.9151409802,107832.65836140858
2021-07-20,108403.38626522916,108954.08914860453,111536.98688027915,111308.37061316578,111853.87817334579,111705.76766825857,111374.36849942346,109678.34555242298,109175.06196270378
2021-07-21,110240.311998754,111065.55957089945,112879.1247009516,112935.94973726114,113452.56678137473,113360.36085707141,113048.29176156748,111441.78982580389,110971.36052643297
2021-07-22,110969.02483947361,111803.29405267499,114254.44201033763,114114.5991747371,114528.30751103473,114247.22532180152,113921.12510267484,112270.2862289401,111770.23819518942
2021-07-23,112264.85238987303,112900.38149587504,116043.40459231361,115829.90506416744,116047.21675833834,115745.16861294679,115414.70781009353,113667.47145644242,113124.33992145417
2021-07-26,112353.26730839406,112927.58477867255,116634.40222289297,116409.93261775772,116577.26287837628,116241.68688738614,115882.67777813428,113983.6422377708,113333.56515589535
2021-07-27,111115.34327551932,111697.12568509029,114930.82285984562,114765.89175589295,115074.15569712903,114777.47709620622,114464.55106429709,112674.44775020276,112057.04146008936
2021-07-28,112542.22455331565,112814.1994090995,115833.66241651733,115905.69342367203,116182.19387344175,115900.08974817707,115574.29572372543,113949.54219199334,113397.17457282542
2021-07-29,112742.18626225427,113371.74257494308,115549.83958845194,115628.4763099829,115959.27846258259,115796.64168021185,115560.34021407938,114048.20660000532,113568.45699283613
2021-07-30,112154.60930203539,113217.93606993607,113422.90752091921,113905.18981758706,114507.9128212036,114514.8112330678,114400.22928047137,113092.33083587664,112695.66699056435
2021-08-02,112163.83800602195,112937.76963277522,113381.0365492602,113973.85620839427,114572.37090643805,114583.52492746191,114474.01139324377,113155.45139001249,112757.11848785233
2021-08-03,112843.72137379582,113566.73626661168,114347.58106651642,114792.0074074272,115328.43180385478,115316.4713095552,115201.73547598867,113933.78065148983,113503.06276636192
2021-08-04,114006.75858294351,114849.6664211779,115267.75142007234,115872.57813022929,116406.04769081091,116362.67133933296,116221.21519208937,115025.73422737925,114573.80880087215
2021-08-05,114729.91927312098,115575.58451966807,115983.16763788639,116706.51834365143,117281.84120787808,117214.35651202223,117019.06306597516,115834.65014621336,115374.78487541771
2021-08-06,114227.11049679281,115395.46621711466,115512.07441805379,116200.76729208599,116764.5140184425,116689.75614388577,116485.85648873216,115342.1760843708,114870.66031639153
2021-08-09,114438.1715806678,115112.8651538382,115473.70003382435,116249.29222373228,116797.32933316758,116707.93541067475,116488.32931123282,115410.95184643554,114941.67242520998
2021-08-10,113851.59879151126,114245.63341402695,114972.14601000365,115709.67001077736,116247.89126258074,116185.13837953313,115955.24508683987,114838.44157949254,114393.8419648708
2021-08-11,114656.05173287203,115145.89494691357,115806.80880975617,116531.14704150528,117127.00128924857,117115.64344039292,116913.87371918827,115694.36530972265,115277.38065118525
2021-08-12,115069.34188793063,115769.17600750244,117155.85938939896,117715.58484968464,118213.39293695823,118108.34251641533,117839.87550930686,116348.46882900753,115854.6949238076
2021-08-13,115473.2101904022,116294.62197233828,117488.97717078343,118072.04664686746,118599.9976174953,118494.91229550441,118249.0236794442,116778.99035625014,116276.8078530119
2021-08-16,115523.29581262726,116509.85565645274,118217.60615706841,118520.35287322958,118942.11758775164,118797.94495625306,118525.7033899319,116942.27610378867,116403.23102105745
2021-08-17,114505.76529971385,115514.83297088186,116966.33481667246,117111.86801595567,117590.55941639919,117441.14002174132,117206.14492891765,115770.4539150723,115234.75828813417
2021-08-18,114403.69435637021,115039.06324229793,116467.63670999504,116801.56328456591,117359.60909340272,117215.69919400499,116997.29615091345,115593.36303480696,115098.39968517293
2021-08-19,114956.43217687066,115904.65700970682,117068.90499858765,117545.86800801096,118281.02454517229,118098.04811886715,117803.46741301994,116258.28433495072,115756.93597071612
2021-08-20,116147.20367285723,117370.78663613243,118656.48752578405,119233.55248801131,119925.37449592301,119653.20871763241,119293.4017241882,117579.62746209609,117024.48864024699
2021-08-23,117884.3597953431,119020.20581173277,120007.1469502176,120991.68469297256,121711.49231645305,121383.23229591009,121007.77251723704,119276.99465943105,118683.68221732177
2021-08-24,118244.42383407793,119189.3900076642,120233.32821681318,121270.40135819625,121957.92925877568,121590.30700903562,121187.70431202179,119529.75517304533,118986.35690849852
2021-08-25,119380.25691145456,120197.86567074167,120958.4194995867,122222.98503331712,122908.37961395907,122521.8456692253,122123.4127573669,120545.63057017901,120034.94753450046
2021-08-26,118622.17177058964,119492.75275180256,120330.89172387261,121507.67047424881,122188.95040924267,121818.73925757161,121418.72346054416,119802.25959355557,119310.00473523031
2021-08-27,119775.21637221916,120860.30752309323,121414.56264295829,122850.13684522393,123529.64229892055,123164.81016201965,122777.39282967983,121100.66832220445,120607.58549575471
2021-08-30,121119.36392171051,122057.27667909143,123862.40308678971,125017.84897848472,125581.62329995297,125127.36113383505,124652.10892646716,122697.92617876803,122114.05869036794
2021-08-31,121020.61403013175,121312.34460595966,123695.67787225038,124855.93812354648,125476.2132681379,125029.56006396907,124592.05082696091,122545.77343377628,121951.5150717596
2021-09-01,122221.26209899905,122391.97394606701,125027.07712029887,126172.31315075788,126828.40059544942,126311.82261908484,125839.41307751514,123766.845621436,123186.78645121692
2021-09-02,122163.46837960943,122486.56394672525,124763.7579494419,125808.73554270536,126579.48036279963,126091.49785257287,125625.70251657652,123583.13366670492,123040.7932946054
2021-09-03,122539.20337388503,123077.08911286507,125115.80197087725,126272.6336290032,127042.75064385385,126544.51974820178,126047.37181714487,123980.9994110077,123421.6537257895
2021-09-07,122712.62496845018,122948.0846640178,126145.39999492711,127152.28480205924,127784.20926205945,127179.33473963394,126587.84426532402,124366.22856913864,123732.4954235454
2021-09-08,123285.50542359607,123234.32394496993,126687.78640283132,127586.51165660226,128260.79706479401,127682.62028017273,127136.2667860209,124906.59069130644,124284.91916997294
2021-09-09,122861.36484485483,122832.59430161488,125797.46195287755,126853.99347300973,127534.2788304136,126970.0513882535,126435.2240432857,124282.3779175908,123726.52720565534
2021-09-10,121928.90988307059,121604.33244499686,123873.48673256557,125180.78550183345,126031.36411839414,125617.00276023804,125162.89030449923,123102.492187473,122624.67427534361
2021-09-13,121844.72588700171,121613.00188519906,124195.09737483566,125430.10425166486,126189.3112923509,125782.07322878481,125325.3920397977,123221.69710440113,122725.83617761752
2021-09-14,121498.29753223447,121459.82354269896,124106.69533087566,125274.94854279955,125820.67183662088,125414.97354379398,124940.9734892197,122840.2876598827,122342.9515438353
2021-09-15,123401.59384840698,123497.35771486851,126251.99925543983,127430.52979315881,128008.97073726667,127542.10750589504,126963.97437197156,124832.78900569306,124334.5403351406
2021-09-16,123486.48616332977,123704.21860525508,126227.35558462165,127335.09582732561,127946.61235666167,127497.03125263705,126934.01726368343,124836.68540675087,124363.49002018702
2021-09-17,122024.12304974442,122043.44033986925,124231.18162617012,125371.71899587408,126121.63275487772,125759.90044188287,125231.77245112123,123285.30733786483,122841.27724232517
2021-09-20,119502.71238119749,119703.8113188626,121413.84070025092,122496.48706871211,123265.53400877905,122952.59194479625,122485.50256080927,120629.56912437627,120253.21223343261
2021-09-21,119649.76864011484,119764.99280754678,121642.2048024512,122770.71425706029,123494.65599908216,123156.528688712,122679.700910997,120790.51523448661,120419.51887575834
2021-09-22,121767.32222765574,122536.48043340872,123752.57018180155,124879.44519141456,125576.27827791394,125266.78227307761,124787.77788863411,122961.17952909094,122604.51803913436
2021-09-23,122890.9075946337,124119.85564116582,124559.07850702234,125854.98484897448,126587.76590908137,126284.24401033422,125808.63500749916,124037.28023478776,123691.1439860854
2021-09-24,123006.17421513288,124131.60514381062,125003.4099273297,126254.3313333807,126933.81981563743,126678.02248753785,126173.01980653737,124283.95404160295,123894.28823946607
2021-09-27,122024.34627834457,122915.41115987289,123844.04566712609,125166.98868921283,125877.7631819367,125663.49143081032,125196.0364731044,123330.41434432022,122918.64953337699
2021-09-28,118571.36195820326,119073.0365437747,120123.85959148605,121314.90802286938,122129.16023326125,121996.07460525256,121585.80517131084,119769.80339136752,119374.6921251611
2021-09-29,119376.94407214469,119801.28759735188,121139.14130329149,122173.6868935816,123109.64214976548,122994.7537698148,122601.153673565,120646.6869827377,120217.8076623976
2021-09-30,118938.36295812593,119136.30064486965,120301.54825919788,121488.48899850795,122496.19016053634,122373.33314755301,121963.74966306603,120047.4366090484,119618.2364177463
2021-10-01,119675.9866226237,120789.90975624199,121816.30018307797,122991.37897355748,123931.99122686693,123703.32355268934,123249.8922124301,121089.83725276371,120608.70165895791
2021-10-04,117164.05218338875,117859.69127473397,118800.81457310305,119965.94472275901,121030.56411420903,120899.79173634136,120529.16115523627,118440.60436699168,118002.87431739918
2021-10-05,118745.65639893975,119560.82481687838,120618.38716024792,121897.72552607005,123006.54106338912,122820.88553994463,122367.37241760675,120163.43131921825,119687.50414811962
2021-10-06,120506.52604306288,121386.17635467523,122823.9094212296,124048.86363299275,125098.32317925186,124839.76016105837,124330.96189471711,122024.46282197692,121535.39859271902
2021-10-07,121612.19053686436,122691.32908837366,123779.68552716752,125077.22908465736,126123.33075547176,125815.18850837479,125277.83985924686,123014.27225496623,122562.36088998498
2021-10-08,121005.78227083824,122113.5852469704,123628.59478936162,124798.8541292682,125702.17642925581,125343.0925521023,124727.73451133077,122447.12382462212,121981.68157518668
2021-10-11,120077.68611886319,121431.06173726566,123013.25931226008,124080.11533644449,124902.87965043799,124517.23522344447,123899.85846561055,121603.9420640913,121122.13886440438
2021-10-12,119658.89663655624,121143.6784585559,122309.90153709869,123407.95705691181,124315.90849628844,123868.33540592818,123265.23242544084,121011.2581837898,120579.30798810686
2021-10-13,121617.10197399199,123161.47617889884,123993.01256890973,125177.84905900013,126118.44009155582,125610.83491535853,125028.12043021264,122825.69265352887,122417.60347655676
2021-10-14,123856.89819010538,125829.38765429398,126126.70963937316,127603.33145584297,128578.82984169078,128083.89227652893,127466.76889053882,125189.58839128587,124733.23264924763
2021-10-15,124637.27261159099,126713.65072429561,127460.73000315498,128763.20178439139,129632.68635392413,129113.07122109708,128457.76746743491,126111.47742763754,125609.25992359589
2021-10-18,125890.57740799502,127896.72101941075,129122.21729823678,130453.29686448674,131235.77114222574,130641.66807497457,129965.86321134664,127462.99951002192,126907.7768421795
2021-10-19,126843.27898172675,129073.73100967729,129964.50789955446,131284.21648037617,132128.47562676217,131588.16994993208,130919.7600257091,128397.08837109782,127841.97854680811
2021-10-20,127677.75016378608,129823.25424078584,130662.20164141055,131773.78067499195,132607.48257497948,132162.25440120685,131558.37176561565,129096.67656744205,128583.91769219242
2021-10-21,128457.44360251355,130382.8424321403,131467.76506162027,132586.01432383148,133454.477259741,132957.16512375287,132355.98802333145,129851.01875847812,129379.9632711743
2021-10-22,127378.11431574191,129829.31372596516,129478.06614999684,130515.62428020693,131590.01575537756,131262.66921634832,130795.48250625259,128523.63377215537,128167.44398171149
2021-10-25,128682.18922448602,130437.59796962165,129927.73265063236,131620.52701870722,132887.34792427858,132650.19147793474,132219.27746852027,129900.446901051,129460.53568197152
2021-10-26,129087.36729534864,130610.9681688043,130527.67810092715,132424.4195979258,133643.09974903145,133328.75471618248,132857.08489434977,130426.84285104196,129925.63272294181
2021-10-27,130387.01384964387,131118.25448528986,133768.87014275076,135450.14521045852,136277.56980276262,135652.92660417853,135036.6080896716,132243.45752486607,131571.50218343004
2021-10-28,131834.9727692366,132457.58323925917,135631.08650629062,137204.42736299153,137970.1240628928,137291.547456421,136615.33049917046,133802.48735752012,133089.34019772403
2021-10-29,132483.47780056042,133061.3302044519,135773.39616369983,137910.92132382662,138800.85313541655,138044.1416640515,137202.98337113997,134317.10632967978,133660.74554739366
2021-11-01,132936.3783163805,133220.72426495526,135067.0704658251,137579.72300794284,138704.6073114243,138067.25153006113,137364.61654554892,134613.97672072312,133999.8276808272
2021-11-02,133492.25980850964,134130.95078051792,135722.65416192083,138243.40044583037,139339.51173616014,138716.53429763895,138035.7663815631,135238.12598439457,134586.16956277116
2021-11-03,135909.3621966991,135940.05602179733,138197.54855676962,140805.18564657908,141961.80650419067,141388.71533251394,140748.89521846804,137868.24083119212,137164.7786903871
2021-11-04,137651.53839807503,137882.1190153914,139482.43115071193,142947.28883001822,144049.51864326047,143502.44598713043,142864.79888637137,139783.5434617923,139023.250853326
2021-11-05,137782.8681527134,138348.33541075521,140071.1731136126,143379.21335616853,144328.83988891038,143847.52102765627,143263.05665482924,140130.66959684517,139362.55614085204
2021-11-08,137596.19360699513,139339.4145235193,139357.50947783497,142925.30269793622,143883.86783396965,143334.5383577521,142799.09830572773,139834.4884738756,139078.9846125503
2021-11-09,136649.08250135658,138968.8980418945,139163.62898188824,141833.03908155067,142595.3169152342,141958.93162007764,141398.4234083126,138676.87178561155,138026.4501931454
2021-11-10,135640.74698262702,137372.29933649182,137758.1081806636,140536.0559476485,141515.82735470243,140978.3833078956,140461.72085143544,137697.28225888615,137055.0727837133
2021-11-11,136016.86900202034,138115.62394041626,137855.6382678738,140789.43262973212,141739.88284742789,141253.81252033968,140745.92128228332,138024.1464220613,137403.5655786778
2021-11-12,137448.10362079475,139770.24189625675,139855.43907149322,142610.5421627713,143443.6721666049,142855.18817628705,142279.9632508583,139527.0148528879,138864.58248796116
2021-11-15,137416.78749341585,139583.6251813135,139983.19382813477,142599.175961674,143405.11799590065,142843.1167144737,142268.89027938,139511.25497951312,138853.3691197473
2021-11-16,138395.3069770573,141039.18465528387,140690.14923987217,143374.88819789788,144256.56532433562,143795.73084949225,143341.23140603388,140531.64046252135,139870.75188595266
2021-11-17,139468.42903951753,141445.1514655222,142588.51074286381,144815.10662424262,145619.33080819104,145158.35965482026,144697.0645959586,141711.27997531215,140979.7315065998
2021-11-18,140913.5180166721,142463.1368296016,145419.59187028697,147601.04808208937,147970.3294620443,147370.06036880537,146805.17426576215,143587.28851510695,142697.5797372779
2021-11-19,141699.17465348964,143293.18658583032,146571.96161255022,148965.57798429934,149304.21153212813,148604.7990818541,148046.9087391586,144668.69089304254,143662.00090920037
2021-11-22,140054.16712480155,141153.83796416462,145175.65053882363,147370.2495968366,147770.63640742822,147093.03272189718,146526.2381309087,143104.97235708003,142071.53543887794
2021-11-23,139415.82179668557,140508.59862102772,144662.84367445234,146599.99199697532,146983.5573891896,146384.71963216906,145881.3505452262,142522.75324934802,141496.08584274384
2021-11-24,140864.8031081507,142676.92852792423,146013.26819216894,148247.47592290802,148670.8022081349,148051.598107465,147568.06530974497,144080.78458247843,143046.9894112584
2021-11-26,138194.16346482988,139462.59995188506,142144.75326576582,144387.91197812813,145040.0673139431,144534.7742054753,144110.15045572576,140826.1175226082,139842.80341680994
2021-11-29,141193.32223027977,142626.47319173455,145228.23673468526,147961.0897839966,148629.18514516664,148117.30702953658,147688.12339937003,144277.04378886416,143178.32091979292
2021-11-30,139119.69522477992,141219.61122713625,144743.88032148447,146794.79938232817,147184.84894117387,146546.846559938,145993.90141378334,142349.81681682862,141145.0781788145
2021-12-01,137752.88245282765,139642.43764033556,144254.12740981122,145736.43971780938,145969.4438564354,145355.25170184334,144812.84204475762,141308.75307221344,140114.18565270264
2021-12-02,138745.6578570073,141145.24576842703,144009.1281651047,146123.97945188454,146615.90877498264,146030.5336079528,145571.69982643472,142060.50101640547,140959.88835976963
2021-12-03,136333.0734285698,138524.11391644808,141639.88213611866,143277.90828239493,143686.34072116227,143358.16137243673,142965.37811160795,139547.21062521142,138445.2710476366
2021-12-06,137425.50791292646,139702.79676186733,143674.86338579556,144908.00274436898,145249.32206098898,144864.53048195713,144379.8023445703,140841.64402913587,139724.8896955474
2021-12-07,141563.9163923246,144754.50323920004,148023.56955929234,149615.3844897698,149769.93758299935,149312.49309860912,148765.9896297855,145134.41876109387,143943.32461654602
2021-12-08,143197.30595892863,146720.35918210758,150494.6516870821,151758.68676341805,151692.21481493936,151055.25436285298,150451.65538195815,146796.00847720975,145581.012010625
2021-12-09,141090.27698482157,144816.9738169105,149286.1832995733,149891.08851433467,149575.39223128458,148917.49696614293,148274.52289674032,144687.3843498482,143497.42002011373
2021-12-10,142623.9912623483,147165.0033099182,151624.43054427175,151754.2816562467,151476.4377488948,151076.6554114269,150362.95137824176,146538.85714748222,145276.05210122498
2021-12-13,140563.48593869095,145005.70743802842,149322.63801344862,149015.28860078275,148748.10828080657,148448.6260631533,147794.8667463481,144125.92960122754,142946.71518071528
2021-12-14,139108.61060090657,142632.0435998958,147233.64860316386,147157.31923605799,146930.50451426,146702.45218724041,146129.90060505085,142600.1027746573,141428.9770925039
2021-12-15,143279.9708953032,147406.8569809473,151723.3045457716,151910.28359430234,151650.07642240732,151439.92397571044,150804.8171524251,147034.00201142533,145781.98736687476
2021-12-16,139595.55237446315,143131.92856432562,147016.99597843632,147088.84983955426,146938.24339182227,146857.74752001226,146349.44991960764,142957.5990990408,141882.68730797156
2021-12-17,138899.10159841963,142635.041187441,146492.35627624718,146248.02138180932,146061.71296434317,146072.44851969383,145537.054247937,142259.0878682297,141191.582957805
2021-12-20,137551.7231163319,140960.42854387403,144681.80213319778,144547.74744036008,144481.35245487434,144592.06417361365,144051.54582671906,140747.83738387996,139675.56417102044
2021-12-21,140630.18101148846,144761.3594909272,147764.7215008734,147821.97426187867,147678.48742429135,147640.73020994867,147080.95394426273,143913.04594917002,142861.86727907683
2021-12-22,143342.85603284766,147490.83492386292,150979.8898718816,151183.93235034443,151031.99619348082,150934.08532546074,150322.26390463256,146971.22383139108,145856.14210647228
2021-12-23,144423.534579276,148296.4911943822,151892.6375175565,152344.28177928072,152294.0065301914,152219.62667084057,151631.9601310227,148234.74356163788,147090.6664740026
2021-12-27,146810.46105142188,151418.40924264435,154397.5254171242,154983.8409828036,154893.4837633243,154797.59767755462,154218.60476142648,150685.07926704086,149498.77729556191
2021-12-28,146130.01646722268,150359.3472524984,153912.05499642322,154243.59554298432,154156.55981038016,154079.15428284145,153535.27762524405,150007.92751998702,148830.52350990876
2021-12-29,147108.19196418623,151372.36047517136,154672.3835989365,154947.53471285387,154912.6538272827,154894.35870524382,154368.93628479177,150961.76174311226,149822.89492208016
2021-12-30,146668.57640356454,150580.97042110996,153783.96360501955,154080.54006653902,154085.75113570236,154020.18583488264,153472.62567869129,150147.88992790887,149086.38616331224
2021-12-31,145752.69147785814,149832.074969697,152459.87364334555,152717.9242296242,152783.26762327686,152809.49448796618,152317.44082797976,149097.00717589332,148086.23167116716
2022-01-03,147155.82120162406,151084.5663951943,155168.07730406002,155745.40891510522,155795.9851919856,155738.4081632934,155187.06651449014,151627.92244180336,150341.6593670331
2022-01-04,145247.14278686058,149174.7751136928,152837.47613057613,153339.48821284508,153387.33795837543,153502.32820121766,152970.05175383287,149529.8512496481,148302.3725660015
2022-01-05,141785.0080316809,145223.61964032054,148875.13156228254,148970.91801174133,149158.0666794807,149410.57990228958,148967.25399086686,145792.1413627131,144653.14390849994
2022-01-06,141685.3537100672,144673.72195676962,147630.18119203593,148229.07838977766,148510.20868644156,148788.48689891185,148376.6776862491,145399.8830273928,144353.0752570768
2022-01-07,140150.49640992944,143195.1858921132,147215.5849391035,147298.00054148736,147403.85211352934,147376.7448157658,146812.31497217293,143758.79145538685,142670.23366066074
2022-01-10,140242.7470445868,143346.68630936003,147345.49924415894,147781.4354454777,148009.03850301472,147887.30402385318,147287.46925993927,144116.8767358396,142960.69911121397
2022-01-11,142349.46095413796,145240.0794302577,149268.73154129222,149684.34896402367,149837.1309815916,149729.47169062038,149117.37073113743,146091.20743344937,144944.29132467398
2022-01-12,143913.9833947824,146714.2682874352,151209.25334025393,151701.72485894765,151767.01024878563,151643.28162943188,151026.59663258106,147903.94517220373,146703.14587796468
2022-01-13,140313.8090731188,142566.5810095393,146842.82668894195,147203.24733123987,147380.02175834263,147343.28822219925,146827.5697942229,144001.15798620062,142909.1596691477
2022-01-14,141186.918375547,143717.06939040296,148305.63744450337,148639.96099867622,148756.44262386495,148597.04455830395,148052.8169187757,145233.42189429232,144063.48524658763
2022-01-18,137672.17302656092,140050.1168407524,144948.10091755993,145106.4702759163,145234.76036661243,145016.19432197904,144416.13304301116,141638.04477595704,140488.41541500698
2022-01-19,137160.0382073956,139097.29281292346,144264.34076809653,144356.9115211598,144567.10200337248,144276.96703804497,143640.1482854814,140855.40530237573,139771.24312400332
2022-01-20,135378.54638074097,137367.43635193867,142441.50341401654,142402.05455393667,142618.75669597706,142248.4901202857,141597.94459287333,138920.13681696652,137899.02331587282
2022-01-21,131624.70371430923,134391.93928893356,138507.53449861176,138205.13005215483,138105.2423087439,137965.52319016666,137474.0905186762,134976.9653266006,134087.5779930372
2022-01-24,132227.23947185182,135260.19348045153,138741.69260627485,138442.29436303262,138326.29801022974,138341.63730690905,137913.11603020347,135429.34600227233,134585.7698886972
2022-01-25,129162.0359640425,131937.36956006175,135679.9658512948,135172.21163569656,135079.4330661504,135151.55363492825,134751.19610223084,132287.5839317596,131447.10420161844
2022-01-26,129959.91745621158,133394.883302906,137758.77384358778,137295.2013965605,137000.98383873375,137166.35551699786,136667.57902971766,133951.42271158542,132970.90361013825
2022-01-27,128651.17368088002,132264.31050687746,137361.13055269673,136110.98269901378,135619.2830170565,135641.1951134095,135091.8269123461,132282.8303210172,131319.7613008563
2022-01-28,132686.822316067,137900.2816481821,143233.7504945345,141488.78887081263,140680.1502623312,140567.81218819757,139922.48316880185,136814.50232259216,135742.62719566637
2022-01-31,136929.95876489664,142079.29301027593,147079.978619931,145848.97356786314,145169.70900790303,145062.26187913635,144386.19926697577,141179.0751293672,140103.6401955992
2022-02-01,137861.54564732814,142668.10041355598,147383.535111289,146444.73314672106,145838.38466742795,145780.78939272734,145116.02922972196,141915.39541343006,140840.62881859633
2022-02-02,139981.72874260542,144408.298520841,150271.36793343673,149405.09189155762,148303.53019231226,148227.6523230409,147560.40226483217,144293.17048263902,143178.33813777193
2022-02-03,134306.3356368518,139908.79415397247,142634.2948644074,141736.82074323273,141195.44712385492,141493.9553093389,141091.95266410674,138382.14407927907,137467.88495047297
2022-02-04,136000.59696394604,140976.11032577744,146608.8345405351,144981.71182520784,144075.9692651389,144132.68159344292,143579.0675406637,140500.38938923192,139449.2158782869
2022-02-07,134906.5438436218,140284.88032910705,144923.52711035847,143205.9784565439,142420.4928906326,142531.14905066407,142058.80289546103,139181.82584710087,138196.83299350654
2022-02-08,136422.26848988762,142094.21356640686,146924.77870574218,144898.6048379768,144049.4114247884,144249.7025873629,143815.20726311405,140861.26080997605,139879.00065841826
2022-02-09,140313.1645836006,146584.02288986,149888.4946815067,148363.1172982755,147537.14788989583,147751.56200592895,147344.04145431894,144536.29931271917,143587.7326447581
2022-02-10,137137.5092782797,143005.38741437875,146474.91125482338,144853.34718690012,143989.7871997473,144106.4052253736,143648.62172370747,141014.99501571653,140135.39110364413
2022-02-11,132787.2922519083,138492.06107276786,142403.09714503586,140315.87262931583,139489.39889138867,139645.27450150033,139196.2987426767,136686.17879849035,135878.43505657947
2022-02-14,132951.81523897158,138468.15977319938,142985.74160389946,140975.86421095819,140058.9769284412,140164.99379254747,139672.5202908821,137029.45724492645,136175.78279531878
2022-02-15,136257.49813254917,142456.1719917382,145726.55345743778,144175.38046162447,143300.6252459639,143448.80871370842,142931.4597156048,140336.29052439533,139487.0922165805
2022-02-16,137223.07482444018,143203.6863801082,146872.19451075274,145266.84131763026,144296.89548561382,144414.20791830524,143892.43295314925,141332.9348171821,140464.32057695446
2022-02-17,133141.55760568875,138493.71935678873,142796.619203177,140661.7471015259,139888.1874213053,140114.8129654994,139607.6972200765,137202.15329411373,136361.07964241045
2022-02-18,131623.01480804256,136762.22446629842,141171.10040903644,138778.05255074258,138105.7218692437,138474.97052912455,138030.36644730665,135620.57403218743,134823.10856941674
2022-02-22,130301.02989533456,135418.94812712714,139364.95149097053,137012.2023837135,136353.05400659618,136763.13380120203,136389.397637749,134126.0538740227,133384.35663787957
2022-02-23,127963.33418993064,132993.81095011326,136408.64539012918,134102.69852012635,133457.8098438634,133951.67419444546,133575.27110718592,131541.04788689985,130878.16712664098
2022-02-24,132263.4671429472,137798.35050495024,141386.58840396244,139262.38205695245,138466.12353886882,138838.83470863584,138385.5359643819,135981.38519967181,135262.15490757194
2022-02-25,134314.51110018327,139781.77224571994,143165.01033692015,141139.99799417474,140431.45281626435,140851.95177982966,140407.6126834956,138009.69378234725,137327.58855864708
2022-02-28,134714.59013493155,139812.91886193646,143925.97241370197,142084.3966744248,141327.84579048082,141706.5031673044,141208.15545682184,138545.69588417304,137794.88707256218
2022-03-01,132651.9452641349,137123.35852565232,142017.20031398913,140044.54832236737,139283.7636963452,139621.4462207048,139051.04104441812,136377.53581876942,135692.66839536716
2022-03-02,135877.75924091056,140979.1247752174,145227.2881216218,143218.75917336796,142431.02074920005,142812.75878736033,142269.3214016854,139662.7318031229,138996.7754004327
2022-03-03,133936.78357459657,138786.2652001555,143291.06880951315,141184.69614469382,140431.7417231031,140863.92168323149,140292.59174013388,137706.24943951462,137071.8780453551
2022-03-04,131995.77104101403,136018.19181593746,140807.04797496,138855.16146753862,138361.01800491317,138963.110251149,138389.25091022777,135778.3732068999,135176.0724409732
2022-03-07,127127.59569609663,130917.88311696346,135450.8663100537,133347.02846299726,133104.34410722108,133827.37893237613,133255.74788228548,130729.36587911886,130175.61471398537
2022-03-08,126536.69940462834,130272.9321498795,134544.18238510887,132823.31086334953,132496.3666855729,133288.0571550431,132773.77411558418,130198.16352440287,129630.97926117793
2022-03-09,132091.77332671377,136826.47213439684,140726.38924559392,139192.29956327812,138597.39650012425,139268.91754071362,138688.56951230252,135899.5663928658,135279.9168214598
2022-03-10,130624.9152304039,134462.94318312555,139927.2918994026,138083.48898601625,137328.1397210486,138034.98093019577,137413.0605425931,134431.52553900357,133788.74205545415
2022-03-11,127915.99700062709,131667.4950470874,136972.54791772238,135022.5167469404,134297.48908955502,135101.90504016948,134509.50124029687,131632.05885707092,130987.78062195962
2022-03-14,125459.41615582399,128819.35069620106,133892.67896347385,131907.17966031897,131381.29776963074,132216.32662882103,131625.72692393555,128960.83812240479,128413.53815313742
2022-03-15,129394.66832027903,133149.54298905478,138506.63031883078,136553.39746620733,135920.57971332132,136732.819187844,136087.09755497047,133232.89898849127,132582.09630658507
2022-03-16,135193.48692357415,139023.98699669406,144000.69906870872,142332.6539928295,141558.14613677165,142240.2564500886,141569.91713402612,138928.26670107656,138342.5386823758
2022-03-17,136830.17141030708,140534.42076453398,145619.1572498024,143998.01363115897,143265.9519133524,143948.21707519653,143268.29097627534,140548.65299545138,139920.52300597847
2022-03-18,139630.83352859993,143753.4084001276,148909.29776272166,147593.84508124646,146759.77160419227,147279.93762070395,146486.2132453254,143525.65634085637,142859.2934661928
2022-03-21,139242.5831658137,143389.075016189,149178.81733561613,147818.9227843124,146928.751806699,147373.47783956808,146512.58308768002,143405.34836485318,142655.48633086157
2022-03-22,141979.1232204628,145684.8098722719,152597.70357175864,151211.28568987007,150215.96605534884,150574.0020280968,149634.49023857727,146294.40846007186,145481.3494755822
2022-03-23,140938.656859419,144466.880525781,152859.55680893047,150916.42558412315,149643.58613451285,149930.68975889773,148935.16010285556,145432.5015488215,144612.94657156675
2022-03-24,144071.2904046014,148244.2846172741,155486.1790072873,154295.5459705228,153008.4217977994,153313.89141357553,152267.06265444102,148655.449795928,147790.2706773003
2022-03-25,143951.07559701664,147898.1709488851,155861.41716976144,154454.99847161485,153140.31966009873,153412.4930295851,152333.83533930042,148671.15558602347,147788.90093762073
2022-03-28,146178.37906534612,149724.95906969754,158568.8369355863,157153.75630046835,155845.52024563728,156084.97148708368,154990.63928237057,151185.35426333908,150244.3254681726
2022-03-29,148694.08248071795,153036.03631943656,160702.52320588016,159302.7470253991,158027.1271278513,158297.30006909487,157222.62031241783,153522.31303612096,152630.40910045477
2022-03-30,148051.63259498292,151716.86882776985,160363.72832794907,158797.48580518225,157539.909178863,157774.43905917587,156642.86768175825,152897.59550387913,152028.43986634197
2022-03-31,146216.61683786617,149583.44264651323,157398.8127487188,155891.08566484312,154766.59396049078,155115.03368205918,154037.7018923716,150430.696050603,149601.25456463746
2022-04-01,145938.28553786178,149145.27141193888,157764.34762725636,156143.70507636812,154998.1345258232,155290.84333363944,154203.49620909896,150614.8728484714,149824.22233182596
2022-04-04,148942.96824885788,152079.6195456979,161758.8833399904,160161.64012367802,158871.99925450367,159042.27826207026,157846.1974624096,153918.44603209052,153007.27097342088
2022-04-05,145635.80596481694,148484.42096115125,158538.06272325548,156636.8867104226,155409.8010271995,155544.43179281504,154310.21623764173,150478.79108960653,149634.7991718348
2022-04-06,143473.83691176499,145497.7116020675,154895.4105351207,152864.67428600023,151943.47549822903,152378.5232780269,151315.25854545474,147878.17144495074,147217.47600197847
2022-04-07,143815.01172549019,145949.7706170974,155070.4271348868,152944.85052068593,152063.62798746268,152607.26282852676,151547.3051996877,148153.72277996407,147532.0132478156
2022-04-08,141804.58598429037,143808.8056008673,152608.46608964886,150281.38811118042,149503.64798926318,150050.08855222666,149046.56552813982,145899.3657628708,145373.60752810567
2022-04-11,138449.85530087963,140402.09122297954,147922.04869841793,145574.50570590742,145033.9404263143,145748.22888260943,144891.94676130541,142078.80344277967,141683.30193881784
2022-04-12,137865.044244489,140018.79445292772,147873.01911669067,145225.68824132858,144597.59605597513,145370.61009231923,144482.02498906164,141627.36540722696,141217.49409135128
2022-04-13,141667.39605146443,143459.8881791339,151928.96599636454,149133.23206795202,148367.95525675482,149136.90120367164,148246.6591600213,145348.00907234577,144931.0617417103
2022-04-14,138427.88350363632,139912.7136265878,147701.99959587093,144971.4968121416,144369.94424331,145260.04879217115,144469.2769009595,141824.77944205495,141511.04137807497
2022-04-18,138534.22342739874,140076.60774634863,148220.55222171225,145709.34028550214,145042.6181922907,145917.97238831702,145078.55877676385,142322.24574647256,141958.211841245
2022-04-19,141630.57670278568,142899.0522792163,151265.19616462514,148746.59785594745,148085.71888193846,148953.92273735104,148112.56324623656,145298.51523753768,144938.37826975883
2022-04-20,140564.97275478358,143309.04258630532,150428.43591603718,147182.51380898996,146123.5461783734,147130.78591937455,146365.32050948052,143956.32937814918,143778.19593138708
2022-04-21,137656.56735283186,140551.15124073502,147806.7333822751,144324.9692230984,143415.07745261965,144494.2630077431,143768.11828201785,141415.66185347977,141190.71247960505
2022-04-22,134051.94170194477,136667.31811054843,143910.6325509737,140427.9102169724,139636.18402569758,140761.251468034,140084.14168218346,137675.97934728942,137444.53574795835
2022-04-25,135773.89259805524,138897.10431593223,145943.2982338316,142487.53612683792,141521.27653984982,142516.59190540007,141794.62567161364,139382.0451514433,139159.84208441497
2022-04-26,130649.11565107758,133608.65645131102,139636.27858494385,136149.46664138147,135334.47968973528,136349.09649304263,135679.31831368135,133608.84785538985,133562.58693005383
2022-04-27,131492.5781844211,136046.2964494676,141528.39773314664,137128.43034422447,136166.91031547895,137259.06612382608,136600.0715611264,134627.50082025203,134615.5920434285
2022-04-28,136162.63663143903,141551.2392727573,147300.70214174915,142886.02491910564,141418.40179217028,142418.09999684108,141636.50737283143,139411.33049833507,139209.98477136454
2022-04-29,130035.48620116375,135665.7621171478,139152.39187139375,135516.17107313182,134328.24682814415,135349.6068663469,134690.54415126494,132941.8556885342,132892.5749848899
2022-05-02,132206.55481861474,137908.38612581213,141169.05285530593,138023.14331068788,136828.29704765134,137921.6203419834,137256.68394080852,135302.129817172,135150.95530081037
2022-05-03,132347.71743998223,137997.05927006304,141405.57119854758,138348.3943811225,137136.80060956633,138196.95624590185,137513.79572366958,135570.53352091854,135391.31261162073
2022-05-04,137822.65846919786,143781.5501786608,147204.952132404,144236.0587759129,142965.50514027767,144068.2152374136,143463.9018151301,141348.8716157257,141078.88677634983
2022-05-05,130881.33980920317,136441.0944039338,138825.5292011423,136004.48131741682,134998.95421632598,136249.98391092473,135786.54085461833,134124.54758665318,133895.54330247306
2022-05-06,129313.2675165185,134960.31862026802,138076.66784776206,135082.08129161655,134005.08224118513,135197.22660434662,134732.026538511,132903.3001779172,132611.43108289514
2022-05-09,124253.6565919684,129148.93824123411,132529.47822950434,129489.28527900623,128690.12568427318,129997.11504462665,129566.01164396375,127678.83850067903,127433.15445886833
2022-05-10,125763.18290253045,131024.06944622163,134405.62340658306,131480.60388087868,130693.17529729805,132024.12970321605,131512.27643266847,129465.59072946638,129163.07987890924
2022-05-11,123033.25038243856,127537.13001095745,129951.86043423245,127414.95676587423,126806.54916386327,128247.88230287078,127832.52413264783,126192.40575667312,126015.74388310766
2022-05-12,122742.3793809113,126599.67066800472,128130.49120890576,125914.0979293194,125613.2575967269,127215.83352634167,126927.78961810586,125587.42435514338,125487.93937648785
2022-05-13,127291.16920095882,131388.28191485791,132615.58174713823,130613.06534268982,130229.33366726174,131760.2419483517,131459.56431518705,130113.59894769655,130027.58431641472
2022-05-16,125815.68446059947,129820.82354742842,131180.10728950083,129003.8977443098,128684.1841211014,130228.87722741405,129894.24622061827,128618.59442844451,128550.92639987273
2022-05-17,129074.48955303543,133495.7041612864,134667.38832267636,132472.42516660187,132076.90452137424,133680.94249263182,133374.5206208012,132146.4289818488,132017.0533888121
2022-05-18,123738.17459054464,128342.15775666817,128334.82820602023,126409.77799266689,126072.86940515286,127542.2196437698,127381.12158873532,126436.49307954215,126354.11626971827
2022-05-19,123075.17672861952,127446.44769625313,126911.36891406204,125074.32617369654,124523.95917808013,125979.11679439273,125967.76131526545,125331.17488668558,125465.20099143397
2022-05-20,122692.64925061962,127654.31900219312,126434.77013860093,124280.14258713067,123796.47045662056,125272.50694206505,125291.63605559427,124735.81445393522,124881.7884139782
2022-05-23,124732.71137445663,130356.5392936379,129858.88656942517,127320.24312406396,126658.36630692615,127928.61124877202,127839.56223809325,127109.65689811976,127180.21948664289
2022-05-24,122080.58662334176,127835.74408986486,126637.75285062862,123641.21606079092,123318.7180703426,124787.70768238118,124779.48537952937,124216.9171415175,124367.46660769968
2022-05-25,124789.18980724053,130668.70053916288,128999.71750306853,126194.04630403194,125951.66654544504,127472.43609477967,127517.51323982296,126990.16878941005,127142.18340474379
2022-05-26,128246.71359555304,133982.0776513231,132357.50277072276,129698.39799752938,129411.47483358931,131032.45179003077,131088.77526385378,130459.54760352304,130651.73838079651
2022-05-27,132432.6590900432,138651.280693479,137261.5445581613,134645.4044955953,134148.01035924573,135747.43046255698,135746.58306662174,134946.65895172424,135062.15895941947
2022-05-31,132081.3084290514,137523.95817500813,137849.0400727344,135046.4042875429,134330.84633714918,135878.12997882077,135871.7896071687,134843.24311324957,134860.4505458453
2022-06-01,132104.4579127401,137994.57421931025,138851.4276818926,135716.08923298187,134877.93191433584,136290.96856020993,136187.02200475728,135014.46299789715,134961.71277601013
2022-06-02,135722.22916302082,141788.6539319878,141840.50705090023,139298.63646983056,138477.60086771933,139915.11134801645,139804.68319472452,138536.2996875511,138514.4887911602
2022-06-03,132190.81938692537,138186.397745411,137340.40367543622,134700.02898822053,133992.11316847272,135509.29115148724,135495.88490883016,134472.0215254548,134591.30741363743
2022-06-06,132631.14374864224,138266.95592551667,138349.6870528368,135797.20229286957,134917.88428034968,136253.31508472285,136160.6460073125,135054.74876087956,135178.0684208235
2022-06-07,133775.19632239363,140104.5006479447,139503.08735077514,136835.37912021886,135932.4174970515,137303.61142842023,137210.62327776029,136144.0150120972,136277.37281302814
2022-06-08,133812.49201201057,139596.86543741164,139692.98002668231,137069.1131986369,136122.78065796188,137364.20260659375,137235.14753143035,136170.86722878958,136289.6994487085
2022-06-09,130228.36745043955,135671.08694893573,135381.76786629838,133039.74140582405,132333.24124651292,133724.60840740163,133662.50970473027,132494.96355350167,132625.75062336883
2022-06-10,125635.14971121903,130346.5836108434,129613.83491115809,127515.30626522757,127057.36414337298,128614.14135391377,128626.92453868309,127639.96520418013,127851.5937075921
2022-06-13,119793.59065590295,124214.49155512176,123719.36049283243,121492.92827841893,121200.15347418084,122797.02579023397,122837.3439185755,121858.33542923044,122062.22804795153
2022-06-14,120011.06539930083,124906.13391850474,124254.34203323521,121994.97775289736,121572.84359728405,123188.02269056444,123211.32811343943,122181.28017172578,122379.3688041437
2022-06-15,124007.94949104174,128668.84940102692,129156.29299677082,126855.87742409614,126277.76037653239,127732.46620133417,127663.30914843963,126411.4552086805,126516.38633825483
2022-06-16,119004.64668070678,123045.61425023357,124263.8133205921,121849.58739386221,121366.0311334933,122722.95852655126,122563.73626493652,121355.98996893615,121469.92125077615
2022-06-17,120451.72287774572,124541.00296450543,126005.90678299367,123462.01539714466,122834.55669295073,124124.55264648765,124000.95166838304,122836.85330842523,122915.37630663265
2022-06-21,123490.65715980859,127687.50093898395,129745.73706481128,127179.65113832179,126380.62289933712,127684.88034906374,127522.29917442892,126135.39113506243,126144.0499927422
2022-06-22,124310.55657814586,128247.47955163581,130456.04712987656,127873.95293240795,127139.18250051198,128418.9814750693,128293.29144312999,126939.52711718284,126944.463761708
2022-06-23,126161.89774055766,130463.52233725486,133116.8322747472,129977.6975587643,129066.55989621735,130252.50345886823,130093.94809137685,128672.89962292087,128707.63753110624
2022-06-24,130484.63314920863,135272.35303201646,137746.80712902985,134875.82346129502,133761.0016808868,134859.80521692178,134668.27140288797,133148.15633991666,133188.92400961684
2022-06-27,129527.96753951733,134293.3007375795,136396.22839244598,133499.34707435858,132490.86812422928,133671.4324663776,133512.01587330073,132067.60796419374,132150.74093307255
2022-06-28,125581.66470674599,130141.12728955007,131440.32268695763,128575.72217259853,127757.44305367261,129155.44290133692,129119.95184946642,127883.5734925042,128037.00311702183
2022-06-29,126696.78513685752,131243.32759067058,133823.0481888745,130404.41167975016,129445.68627725712,130714.77721715548,130617.85566948146,129221.02006008466,129336.2445889325
2022-06-30,125125.38295340676,129385.0824348222,131364.08481123514,128018.76221832354,127294.67034198556,128740.2206832735,128709.20209101519,127421.63997127095,127581.30073828649
2022-07-01,125951.29076576846,129773.35395269973,133168.71279746134,129156.05419986592,128369.39147669006,129641.70715824259,129589.13882700443,128250.6329015465,128408.452130092
2022-07-05,128107.54211568042,131758.4137963201,136320.67400448886,132417.82636651443,131325.33455019462,132418.8999038027,132265.23315177666,130614.27180238224,130637.70336877678
2022-07-06,129928.97785622995,133673.6801670408,138628.22587967353,134653.1865753507,133509.04741434933,134558.420002425,134327.08179325116,132529.0686026714,132513.89475652744
2022-07-07,132709.2814498205,136647.76008756566,141518.83973670198,137848.94703685964,136582.02030698696,137646.2959532694,137374.7052787373,135472.35571325905,135416.25761983253
2022-07-08,132875.77799557423,136743.5723597765,141714.94133139824,138117.58259127117,136873.8162366628,137979.49037728267,137702.148420991,135755.307501598,135670.64677829872
2022-07-11,130036.91471350085,134555.93796711412,138542.47520233074,134618.38623061622,133470.8187703899,134620.0819016566,134399.64663521733,132645.0350647049,132644.52671220872
2022-07-12,128777.23356463846,132711.6204679241,136499.587806515,132854.16571255447,131857.65928167,133126.3362999436,132978.05492804645,131377.4512078517,131390.5554059315
2022-07-13,129511.81367787863,133404.2363011157,137280.07750479158,133495.54936093307,132586.176531883,133938.90610727327,133820.93853814786,132226.82076429168,132266.9685613768
2022-07-14,129974.28520767934,134301.15385327782,138355.7479309264,134214.08115467304,133262.16344666175,134785.8580060261,134655.51600065036,132901.97535793565,132903.29564382517
2022-07-15,132331.90500094192,136766.77359298553,140368.59695171897,136333.08981189062,135469.3987860965,137051.1847901058,136944.92493522412,135220.49494434596,135200.89489752127
2022-07-18,131212.04659887936,135531.9299964251,138740.66461023586,134940.1791781271,134157.19922118916,135714.30620446286,135613.56608104287,133928.51891081088,133927.9826496039
2022-07-19,135247.23275799007,139610.5027945566,142820.39845607305,139258.9686163739,138378.75644211448,139926.6882227559,139829.1275692217,138107.02829382755,138097.63261566273
2022-07-20,138391.76990096728,143220.86343064273,146198.60650101025,142601.30511560882,141665.76078151868,143137.42623820802,143029.72521171512,141181.95923290798,141146.5556028213
2022-07-21,140378.442064369,145302.83769736983,148573.14857253985,144935.8026484021,144017.7872356638,145448.01760320118,145338.28935637407,143372.64604747173,143311.03641130147
2022-07-22,137916.8254129751,143034.53740506654,145773.68500149366,141572.25154473612,140974.51448122,142553.6376467444,142573.43820703117,140749.49428672536,140784.6335945896
2022-07-25,137131.33205023,142115.09398586175,144640.43349897146,140455.4695441482,139897.09323762255,141571.37779071735,141597.17443157375,139936.90689676657,140001.56229221675
2022-07-26,134436.81089102835,139437.75905427715,140960.90307367872,136892.99917716105,136581.9158231225,138338.44290513635,138447.85942877174,137114.37570531626,137287.33473953273
2022-07-27,141118.07395337557,146468.8863585619,149450.65587184098,145444.23653422244,144661.53011573036,146301.4555216616,146249.1523763623,144441.95785573535,144425.79773217888
2022-07-28,142497.94419116376,148557.0265138011,151173.8140742096,146839.4014712535,145839.66493209862,147448.28823263093,147338.89991617855,145582.02639773453,145687.159484663
2022-07-29,145096.65133056065,150979.52139852438,156947.20002175705,151460.9876480515,149721.34924257637,151090.6876665299,150817.27451798896,148655.9561891928,148604.73160318966
2022-08-01,145009.28095467217,150710.33685689975,156155.28340886516,150929.68135917044,149372.70854714292,150852.45467307355,150602.95119922125,148461.1846932895,148422.39947904658
2022-08-02,144576.9214215179,149931.4101052979,155042.0360649577,150159.55590505144,148622.77482637018,150100.63993182988,149886.35301090253,147905.7740487242,147881.31359576446
2022-08-03,149514.14617517768,155278.88984344463,161298.51887640485,155989.2983474719,154182.12400194787,155556.86735783194,155310.9264801676,153156.44563637354,152984.15363924016
2022-08-04,150213.29296065427,155771.43839491485,162119.83694612398,156777.14531650738,154913.26979584782,156310.91093733135,156078.9384110078,153979.16549164266,153784.5649630478
2022-08-05,148986.26368042934,155529.27008265705,160724.11155023295,155174.99898100385,153268.0788208583,154702.6076248899,154488.49403778298,152509.91272020712,152413.0292274247
2022-08-08,148504.6798013887,154449.7422453465,159933.62782540827,154232.5443787524,152425.44385191708,153872.7345987138,153687.04044015385,151758.41596919938,151718.41759089992
2022-08-09,146823.79652685975,152553.32686989827,159539.9463758775,153356.72421644416,151413.58517371063,152667.09970084977,152389.0602090314,150233.3993107632,150152.5436982226
2022-08-10,151921.78934135046,158208.1015218478,165204.99732386266,159088.483348504,157013.70155483368,158187.6540303248,157861.27040218425,155558.62233288144,155395.18201431033
2022-08-11,151059.47293193557,157291.0639558367,163798.25022968615,157750.81708910412,155757.0174185262,156929.94537266117,156677.81348972136,154516.39541557513,154392.37068989675
2022-08-12,154000.70482123914,160558.56397720467,167352.7558479974,161391.91892937687,159320.91470958313,160466.34810562976,160174.46823218718,157853.44679975387,157698.1792137022
2022-08-15,155245.23210477986,161529.3380020531,168270.1537603063,162443.05325869282,160447.7679084263,161599.77710822196,161328.21846786412,159044.79608775213,158889.16098365176
2022-08-16,154881.683813994,160967.54304767685,168240.14133022045,162246.23367171048,160233.75487390938,161342.427690765,161070.29489402843,158727.09638865863,158561.89944326866
2022-08-17,154115.04194322068,160612.60830723203,168587.58833907376,162068.52458520894,159959.07065481323,160947.52212947657,160617.8287889283,158089.03883602264,157890.1845823525
2022-08-18,154485.708430908,161452.29694508782,168361.75186478646,162227.91760454822,160333.79930984156,161490.7379714939,161164.85692000305,158562.17225931695,158321.03195109405
2022-08-19,151473.70174940032,158343.02057455957,165140.92171471022,158805.10227481197,157054.51923871352,158281.15543629345,157986.67429554672,155477.81433775788,155284.15058865608
2022-08-22,147485.8132452097,153999.2241352852,160579.3000677413,154334.53358320353,152648.06963301593,153859.535194781,153580.2838970708,151235.69531581545,151116.58328488882
2022-08-23,147363.8684061865,153637.56536392024,160454.58605356514,154289.5348119733,152592.0972070003,153797.1793135987,153506.93378670287,151142.99424942216,151018.18979821322
2022-08-24,148790.77080723282,154886.97847486698,161568.30246097478,155419.3632763394,153700.71360639328,154939.15445414203,154720.3746324187,152465.04536058044,152373.17320528533
2022-08-25,151421.66755537118,157698.49228221917,164220.71372319822,158185.44818192464,156298.98179236,157644.33803555358,157402.18018748116,155136.829548546,155047.4718087964
2022-08-26,145215.18267523596,151021.20102130988,157487.56467338846,151259.16013775338,149567.5445536467,150897.4007230256,150717.89238672607,148638.65028121328,148645.71521162702
2022-08-29,143783.98040386618,149071.5461401568,155699.62918473978,149494.08384586824,147880.02924400824,149268.49907575035,149104.1738241755,147112.60295753606,147143.7356513266
2022-08-30,142182.75142686188,147569.5868764778,153866.25790345308,147720.4005038357,146106.465880467,147488.77060202614,147335.38691767678,145374.7883018032,145425.650924338
2022-08-31,142356.17234186488,147130.38280468035,153596.9203160889,147618.6372011825,146084.80760618273,147448.37563176395,147343.8676407403,145483.0959451891,145564.3487557868
2022-09-01,142417.99902333666,145841.3950791289,154137.66432142892,147831.66093787423,146320.8758546758,147667.52359257452,147560.86861943282,145737.34398405557,145772.5119513418
2022-09-02,140405.89196476442,144126.94302021668,151973.60816124364,145595.31715209348,144083.05577448106,145455.26729973487,145317.85176756058,143516.3230376138,143626.5908374947
2022-09-06,139397.4559044004,143082.2534041837,150699.54523085372,144401.79454844262,142896.79116082107,144323.88454814578,144233.41556542038,142474.10683798595,142642.2421473615
2022-09-07,143213.48851193654,146361.146987026,154429.73208938798,148187.72309945125,146685.63205686997,148136.7939919401,148101.18103869155,146336.05382354584,146558.1535057152
2022-09-08,143955.93203634443,147243.3852393347,154146.0455178565,148103.21050617454,146674.46960272072,148240.49601451372,148268.99940825,146863.77035591003,147157.67287715018
2022-09-09,147103.11821083305,150424.40395264397,157761.1593361904,151619.40025183477,150076.02809051092,151577.53933324706,151536.44980720273,150013.60808273772,150254.30640464847
2022-09-12,148851.5666376253,152808.04999967845,161162.81242054963,154332.7136350456,152561.7429069339,153865.07604363197,153694.56634614817,151981.31559622148,152153.2681372586
2022-09-13,140689.036571893,144804.60511105898,151497.330855156,144927.2288161017,143354.9954734024,144718.566660001,144692.66384237524,143373.00735271766,143644.73011371645
2022-09-14,142805.1686226535,146432.31299987252,153808.67396301223,147168.18128339693,145648.8856739727,147099.2974841753,147154.3101290177,145742.64216843116,145951.15261983557
2022-09-15,140426.89916222065,143173.90825369037,150855.11547837654,144322.84265228824,142699.7143130838,144244.8109200811,144362.1480035239,143179.10219063438,143441.94128654207
2022-09-16,139568.27091764778,142102.01708768946,149438.5466396284,143282.4781295267,141854.34787352494,143533.86783896704,143701.43721083237,142488.72630062004,142731.62950933506
2022-09-19,140655.10961689695,143216.58602095838,151307.8257500215,144912.83642225168,143353.19126351445,144971.06453014375,145094.037202117,143706.45439886497,143933.60198446247
2022-09-20,139533.91551899846,142328.32156412367,150996.77283995802,144212.74952967113,142537.00493259338,144060.29605307695,144111.40509373718,142638.504256925,142823.10036989304
2022-09-21,138035.45501775242,141171.71718362244,148881.70131475496,142421.9754288654,140817.21518499963,142374.75329354402,142440.8581131315,141007.72242971207,141200.14638311084
2022-09-22,136336.51592185078,139313.705043216,148234.8455723197,141510.6336538499,139807.1285621073,141260.55414838664,141189.4266343057,139617.34175801795,139710.72110201936
2022-09-23,134116.75117140633,137339.5250639952,145426.3816285737,138895.1883388721,137218.15723482467,138599.5796986809,138565.25976617617,137160.09416959083,137323.4795594302
2022-09-26,133561.80618092674,136444.93709927588,145598.0953631957,138685.46731079853,136877.1973544601,138247.25297233462,138173.09906988533,136607.47066625528,136736.8621286617
2022-09-27,133615.3809919697,136935.22004945923,145734.30564531556,138810.6501690937,136962.93013948764,138372.6297890814,138330.23636313475,136822.28047378937,136939.87830166324
2022-09-28,137273.25140193946,139523.5025063962,148293.1963146406,141806.8729580615,140102.89453193994,141522.54139013463,141538.865863731,140186.421765214,140427.28842111217
2022-09-29,133315.999873706,135940.97838005956,143093.16039952013,136900.86876249837,135421.70616198468,136881.3607305137,136971.5984711627,135903.13445839693,136236.91409004605
2022-09-30,131055.36780135933,133474.470948224,139997.4183125298,134144.89070366076,132736.5959571413,134228.878000307,134313.80046845932,133376.91926364013,133759.14883880928
2022-10-03,134129.99352214055,137525.99741150968,143197.9666453345,136962.22377930683,135448.64574280183,136987.58137159856,137081.25817456006,136287.48968319158,136744.3059349411
2022-10-04,138347.15545029772,142341.78881658474,147739.1310488482,141294.033296692,139618.8815474956,141217.26349665452,141326.42923682157,140531.8865247736,141019.22667776133
2022-10-05,139273.6045766016,143793.40361750228,148514.50805997814,141967.12998187673,140251.17256448162,141915.29428003303,142077.56009879924,141379.7672469995,141871.95154287544
2022-10-06,138177.1020198657,142704.56260963573,147517.54099618734,141091.57156913978,139330.80831458577,140990.03507361485,141137.2677283161,140353.8402946024,140820.6416395427
2022-10-07,132912.00680979082,136766.1772937501,141095.19812540174,134996.07754077742,133442.10904566568,135104.8278728368,135292.10376857154,134760.66561807544,135315.2378649378
2022-10-10,131583.3781575759,134295.49443582896,140067.6627303029,133856.17158999664,132308.53914327832,133830.9521330732,134018.91465353925,133486.73935850037,134005.91819361201
2022-10-11,129775.63445336925,132109.05776853938,138107.11798894376,132033.41326857053,130568.26523867759,132133.47853130012,132369.07901827528,131890.50798552422,132364.26450749632
2022-10-12,130731.20020942748,132636.82558099006,139103.99110875052,133125.2009022031,131767.14263650894,133214.8918643584,133449.89913436238,132929.14034109528,133325.0483853541
2022-10-13,133797.14029993917,136434.86377097754,142639.50133035926,136465.37299919766,135182.87054497487,136566.6317696579,136808.7556273335,136215.1642935706,136533.43103606917
2022-10-14,129775.54545453712,132553.08651028047,137660.83944568102,131686.77252505787,130626.96263293533,132051.7646694905,132334.26414866952,131892.9510607597,132256.87389801192
2022-10-17,134060.93277127875,136743.28777307182,143399.25708149775,137176.60792553282,135876.80762581027,137118.3418156118,137321.8738347458,136602.09850311745,136905.1959540196
2022-10-18,135121.11068539543,138148.82433624778,144713.3206835672,138280.32560359588,136893.31692947834,138108.37277872494,138284.35906544607,137538.49219704798,137885.0177795302
2022-10-19,135628.34865076,138470.2832747065,145073.8813387874,138802.6909292922,137637.46913649086,138895.08490575684,139042.5688769104,138224.75468110325,138457.17032758077
2022-10-20,134936.3690387918,138545.73230143043,144347.16053983718,138077.1355301625,136863.19377472336,138095.21665441804,138239.7902164468,137517.80621954158,137709.18449459656
2022-10-21,138100.33785917878,142193.91383704296,148076.403144277,141319.2846939372,140074.49764569482,141409.6791256169,141567.24002312246,140849.1558884085,141027.5987641623
2022-10-24,139619.60946263143,143871.5353524372,149945.8012568663,143034.97699753128,141831.06035015694,143237.86485652608,143300.13304824897,142490.36477900358,142632.5853521156
2022-10-25,142507.76728063016,147022.60996238855,152708.4681938913,146069.1849079739,144813.77210734005,146136.52001445828,146220.0231740015,145412.20787829632,145540.60623653437
2022-10-26,140358.87146963345,145066.80458621637,146781.06194894086,140533.91251800235,140186.73488548602,141987.2202703039,142417.52684847935,142400.0436633396,142847.83074520284
2022-10-27,137803.49566445596,143565.24388029834,142023.075019215,136085.26951525873,136325.51932273054,138380.50131502296,139008.97018583643,139311.8808647388,140006.82966473082
2022-10-28,142020.37309703755,149343.5964137111,146770.02739149606,140657.45016275832,140746.28018303134,142962.879338965,143633.090197135,143946.00975454517,144611.94802423348
2022-10-31,140368.95542704387,147564.95785197517,144531.37820222028,138371.42102091215,138567.1595566389,140845.8671526584,141559.51030719353,142066.0532605097,142792.91232860863
2022-11-01,138934.72947197867,146425.35286400936,141117.89009737788,135393.02143380253,135929.3753358327,138446.44331201253,139231.96501416425,140219.34219427232,141134.3701688083
2022-11-02,135172.41883129755,142009.01188006482,136504.01603242493,131145.8976128677,131850.81118870713,134420.6835230753,135284.67201502513,136426.89135370898,137342.25825479598
2022-11-03,132531.86793085057,137967.36808110285,132032.80968045557,127332.80165046586,128316.68025236532,130972.06866702036,131911.98884266376,133445.95303076395,134442.22403349867
2022-11-04,134663.63640556607,139758.6624651281,133759.53322469673,129309.96635782474,130195.29066857419,132947.964772196,133961.16403330816,135714.8995701293,136700.5623066731
2022-11-07,136144.2279230813,141828.99967055838,135026.41636422975,130658.39676294514,131515.57702934017,134343.6257760457,135378.668848927,137157.94530645627,138157.5045680043
2022-11-08,137136.33934464626,143147.64603549527,135137.1021207696,130915.4105494331,131869.51684448434,134876.867026538,136075.64761248793,137996.88690790132,139074.99984481445
2022-11-09,134971.75144883184,140335.59300788023,132145.77060947177,128179.89052578405,129214.01791240246,132263.17208412514,133493.98745070535,135565.63675026648,136706.03522677557
2022-11-10,144931.10514475353,152225.54017385395,144130.87897539267,139648.1088780217,140203.77086125448,143081.42238447946,144180.815601396,145922.53279149803,147064.97559737574
2022-11-11,147601.6087569042,155330.6178303982,147474.65304294834,142886.20498041992,143245.99322135217,146011.15620601564,147039.4379062604,148681.8867389567,149753.52897803672
2022-11-14,146309.92353727535,153848.3297559642,145204.54842084707,141027.55459879502,141588.9358931997,144395.0310580847,145464.16807615315,147186.93844392433,148289.78789082688
2022-11-15,148334.600556739,156069.45415441983,146655.4208572888,142819.20598574355,143382.89473188287,146276.2625969873,147364.69395375942,149147.04928387777,150338.68880331283
2022-11-16,147309.92353727535,154408.64668236562,146438.5962078895,142304.88177144178,142766.05887955235,145515.8844090224,146526.64016384812,148194.82768284046,149354.70632506892
2022-11-17,146984.79512777057,154321.9352042652,146386.82566348,142064.6015127376,142686.8562808535,145529.54480475944,146526.72109934659,148123.03801560513,149209.95302738342
2022-11-18,146989.9395135963,154495.32966039103,146147.98969554267,141656.4089126088,142351.77643534195,145248.11732152404,146261.82654953786,147952.03203587086,149140.75037686533
2022-11-21,145477.8771192713,152656.63307357556,143843.3985598534,139388.58272414925,140218.92320402432,143167.15077157124,144232.23807797788,146135.854705641,147423.91589274397
2022-11-22,147573.14192425698,155389.54801269274,145740.07697098557,141481.30479536523,142362.93168942822,145423.34860112288,146514.71182073106,148440.3789561219,149698.20223127608
2022-11-23,150054.27349722243,158050.33288149943,148494.08424384965,144422.53881227467,145266.5949561685,148258.2469979707,149309.97216475246,151022.1507281982,152256.40247060696
2022-11-25,149067.18177818094,157058.52502312767,146949.8548578068,142959.62863040227,143899.26144948785,146934.4137609152,148035.5671889362,149851.74059630473,151139.72898425334
2022-11-28,146879.8679625124,153738.85119294858,144263.94302288524,140471.17751270166,141568.59461985328,144587.17723392113,145690.46251544307,147566.55373304844,148888.1994867058
2022-11-29,145768.06055481976,152315.48645369217,142289.0584410122,138765.96599005483,140020.7589642416,143121.64597692597,144277.4681613977,146346.1847227449,147729.32249822732
2022-11-30,153413.02673910235,160758.36196414332,151166.78790849264,147592.1396641213,148609.36935107375,151652.4929550406,152740.39333294917,154497.76870782327,155816.7620102832
2022-12-01,153601.27865984608,161326.66542602418,151025.859703995,147573.66558266745,148576.8641785271,151431.82979153973,152571.4533555395,154412.973419915,155817.7398842987
2022-12-02,152989.39455217865,160421.1058520206,150582.59545800107,147031.4587116711,147956.80831634448,150740.91634076223,151903.04084151564,153805.3835389719,155215.3733651369
2022-12-05,150421.70045022175,157367.08443465698,147901.20328858373,144454.47132222343,145363.06618178656,148154.66656146743,149300.18884335697,151223.04553901937,152589.9973399946
2022-12-06,147304.93824609558,153948.0569798952,144176.916644091,140754.92472886614,141874.35050873546,144732.02608300158,145922.6473795603,148068.3205940022,149526.59256476088
2022-12-07,147703.52891978205,154245.7659692976,143812.03344825146,140457.1596325747,141666.74893613486,144567.8088460682,145835.41724932654,148182.0098036041,149708.67285923858
2022-12-08,149451.59566655327,156933.7222808051,145381.09408289162,142064.01159266167,143303.11516835843,146160.50332686777,147448.06465955646,149905.6673051483,151481.0421958565
2022-12-09,148498.5564152406,155980.39331086655,144639.61385957742,141441.5180465052,142799.27640542545,145648.11723788705,146838.91887092008,149103.7482959859,150557.92379187228
2022-12-12,150362.40083026938,159403.11084127068,146797.16885041213,143263.48558801645,144596.02719356085,147443.0027510756,148614.1538905671,150883.99224709658,152368.78456213826
2022-12-13,151978.87886157606,161305.16444986913,148671.6865038,145250.5141314206,146419.77647013997,149174.09994828785,150303.80940659938,152556.7283617574,154001.07318497146
2022-12-14,151852.0661653101,161100.65976762548,148401.75913225114,144943.05373809472,146049.907183551,148774.3014811852,149812.1440732782,152124.37468653716,153638.45490548445
2022-12-15,146753.44315320544,154998.178359815,142775.0557266063,139510.3107954611,140737.84492766962,143448.98612829123,144493.53757786262,146864.592389267,148415.4747278902
2022-12-16,145354.22220445468,152971.47175814936,140800.61038328783,137796.0039522149,139204.01314532993,141982.1685050344,143016.78243265557,145434.74339546176,147021.08464298674
2022-12-19,143311.47720782965,150766.51541274926,138078.5458679282,135235.21467889615,136813.9593548142,139698.84345797755,140820.08348778644,143380.64158045268,145019.47407840146
2022-12-20,143199.93370200216,151099.6156021107,138033.77466817346,135089.8217712803,136645.20436113136,139437.77641143586,140543.58151657338,143147.62584634498,144793.98839175282
2022-12-21,146277.16029909236,154492.2340260243,141308.47293689384,138218.60633354538,139756.85678776016,142621.07611317676,143739.83483738382,146364.9064266648,148045.8184251441
2022-12-22,142698.4735825639,150662.74394893582,137293.5551460324,134131.35957273413,135876.20392494046,138804.8743392034,139952.76946949455,142671.19773146685,144395.64425080275
2022-12-23,143019.432107256,150719.4240679697,137734.91850610013,134615.51042243678,136338.93301389343,139248.49672283902,140392.7571498111,143055.6741896134,144791.1046279568
2022-12-27,140997.42842081052,149246.16758182246,135248.46330258818,131774.85329869058,133633.5984426179,136687.90066108643,137940.89458421033,140845.92345982534,142713.47329957824
2022-12-28,140135.8789830577,147899.34880432053,133817.02783367163,130664.45312199777,132590.8155504253,135628.50462127116,136908.09402854845,139865.36806366156,141751.88580461277
2022-12-29,143551.7052675588,151930.81540072546,137868.7864033985,134649.85489161353,136424.24776017928,139409.5967274407,140659.54703317437,143507.73163918813,145364.7655328249
2022-12-30,143465.45975200678,151849.97812534805,137763.25718223175,134575.30502732642,136380.99002013318,139396.56581653573,140644.31284258293,143430.46414967775,145250.4852982183
2023-01-03,142495.69737178093,150395.2922490165,135859.9728118369,133050.24080932682,135009.59662883478,137993.61932735692,139310.85544911795,142245.59168983338,144138.9326331797
2023-01-04,144174.52599925263,152046.55217442784,135501.0135626609,133427.57582573354,135812.9230117638,139125.1707664828,140629.03490515807,143976.5120559661,145970.62030797574
2023-01-05,141917.59696018772,148897.6706827246,132781.50290418733,130771.58642632751,133307.83382446543,136749.69942202914,138308.45068447693,141797.7081203351,143791.5525515023
2023-01-06,145834.6992140439,153156.81359646545,136262.42547005933,134223.53510359977,136926.2422383192,140742.68212762577,142358.30929741747,145874.95139075752,147894.13047090167
2023-01-09,146778.74514419082,155075.80512241644,137576.32905346592,135724.04341158972,138328.22300264428,141981.91098627247,143528.14304176226,146770.28271523668,148726.4333371006
2023-01-10,148021.15207354448,156080.7803062047,138879.16894802637,136958.90923485733,139491.0185726443,143163.4094351156,144725.37069858226,148040.68753042005,150004.47432309773
2023-01-11,151581.92190115585,159712.8319005485,144124.43879575905,141640.01869278762,143796.02679935456,147241.8839099744,148682.21243589366,151698.71734025778,153611.07726577992
2023-01-12,152401.1938214796,160960.0727965078,144747.79665543442,142417.22696753373,144565.0148273363,148034.62719582583,149474.40648162202,152409.01658780684,154290.04898918493
2023-01-13,153449.76177104047,161639.08349862995,146249.4656138964,143797.46072457248,145783.06068830192,149135.14941297332,150521.03280686997,153481.8487745611,155382.38995669817
2023-01-17,153761.01734027965,162448.13827521226,146691.5754986924,144491.09473127604,146382.90972618962,149588.99154322958,150888.35370713216,153762.98324393408,155617.28248762694
2023-01-18,152762.15116797382,161401.48938853567,146177.44361918606,143869.2638695956,145612.0548499264,148809.61602442205,150069.4532431406,152913.80129590313,154711.48969017656
2023-01-19,151261.3749277479,159419.60051605076,145340.0632449158,143137.5646892571,144711.37434625885,147693.56093956117,148861.64786221844,151584.3132455579,153316.9110459769
2023-01-20,155400.93851016267,163882.43207870147,150008.0065957776,148136.82409830583,149592.5639722102,152458.98876645073,153555.80805664323,156025.51290614845,157678.3829810158
2023-01-23,158853.29111164657,167773.62676494385,152738.08560716826,151466.94732139658,152989.71242591063,155974.09899814439,157100.48428267118,159492.90137404887,161078.0726371756
2023-01-24,158528.94809356434,167492.5636644059,152632.83666580994,151186.97121455305,152769.70728714942,155767.03899627263,156867.99121104038,159237.08045883558,160800.50781789803
2023-01-25,159177.15091110676,168138.81183097023,152908.39868092843,151359.07805018115,153114.9821416349,156177.05226377398,157328.81619172005,159672.02762208338,161302.79164943352
2023-01-26,162280.63145724343,170815.04568916967,156820.92963746836,155284.64355911867,156775.49140902865,159699.8298900469,160770.88100558435,162849.8448213281,164417.39673033918
2023-01-27,163896.07762029284,171599.81489989956,159501.05789247944,158093.64102567348,159221.21778557714,161893.07390428483,162815.70965205642,164487.18728197337,165857.54082724015
2023-01-30,160582.31934905087,168246.04463981325,155797.0863461225,154053.51158650918,155386.56084582838,158222.7476182739,159225.20006048452,161067.30012201273,162522.74289796612
2023-01-31,162988.79468417674,170800.40577588193,158535.57696648297,156775.82285835728,158004.15809645623,160833.36885489913,161806.03937840482,163582.9514789954,165012.28794552945
2023-02-01,167474.06218006992,175992.67555085997,162212.86682834843,161039.50445033063,162278.22172900505,165212.57148291625,166239.8834077057,168042.98686972767,169519.3283141998
2023-02-02,173484.68152891062,181238.43733697568,171068.92142805798,170107.2630597781,170470.3872266821,172743.00694474624,173399.72094895953,174316.3775789146,175460.70624558523
2023-02-03,170401.4731895431,179316.61389467178,168514.8736704033,167360.39015108402,167746.5609343086,170048.2682348049,170619.31316224512,171630.8845628812,172701.35275976633
2023-02-06,168960.0355993855,176963.37753194227,166665.6010260689,165754.11270360535,166187.65660845078,168515.04377826588,169091.95480015967,170139.6334589094,171230.9413874437
2023-02-07,172460.68709627964,181204.07215001265,170925.9203136625,170255.3852419014,170329.1041015675,172494.5645222423,172976.74364521465,173810.2103955075,174839.21234793708
2023-02-08,170394.11680138521,179909.6995341967,168830.88189641925,167655.7237444668,167952.85938041663,170087.82956124534,170639.10105255424,171489.63498570988,172558.5728561723
2023-02-09,168888.18450079765,179150.4840323936,166755.34559810525,165536.45728998035,166024.04146022355,168217.4589454538,168830.39698923455,169859.9132036429,171033.0908952805
2023-02-10,167779.7515919251,178011.64542090317,165961.36288258393,164143.19647993133,164709.52108795385,166956.97967657333,167634.95341920786,168793.11058644846,170018.5620314982
2023-02-13,170466.87330856614,181038.66244638996,169311.14572016377,167118.4907526823,167600.39341228118,169785.051521086,170409.9450143361,171457.82068159827,172698.204521466
2023-02-14,171726.5085149238,182000.01492867593,169911.00649302377,168330.94509872663,168799.67108825414,170944.90472843827,171543.0864782256,172530.31624367562,173819.97950114097
2023-02-15,174042.09415592338,184281.78240122358,172187.65517548547,170549.3406831068,171004.79781183106,173168.85487521603,173733.48838792025,174801.62613273584,176126.53868765174
2023-02-16,170776.33742791056,180921.01271432018,168500.71865240854,166865.3803750337,167686.61620771463,169840.1786986098,170353.7202845214,171445.19817514296,172788.160306187
2023-02-17,169571.38368915254,178705.29523306031,167009.41531989333,165374.6147255409,166259.42356001632,168535.624695948,169125.58676230398,170314.5908600569,171652.39260539622
2023-02-21,165556.76106103527,174382.94668816813,162715.21931507942,161108.12116705984,162000.45770378844,164264.3348016695,164871.70198894886,166171.94961317946,167540.19850924268
2023-02-22,166680.64760526313,175343.25924574136,164060.99745925958,162379.53848312225,163195.55639232008,165379.9902239391,165990.84926953987,167200.20383759326,168522.86726413248
2023-02-23,168136.40362745794,178040.3384274625,165177.0338612378,164470.29103541063,165133.55724753317,167203.48854262556,167735.43953072588,168871.6068102523,170138.81987987546
2023-02-24,165321.1661840825,174944.4345791164,161841.94353632975,161252.24419951267,161885.1858397274,164022.40659818353,164624.26389845283,165877.0267446571,167152.55704707192
2023-02-27,166505.03298547486,175727.14293610968,163128.15819746396,162607.78045001245,163236.13971008998,165338.50158356913,165883.01691883206,167066.31261578275,168322.014926923
2023-02-28,166289.7571855916,175542.66381347363,162971.77386205498,162467.33299246122,163005.74709933202,165105.7893576717,165616.21763588442,166833.7082770434,168050.09541011197
2023-03-01,165952.93172792913,175186.68479680544,161788.30789883615,161478.95018738034,162100.15136602582,164357.42057144796,164953.33970166283,166391.93304724048,167662.63116761265
2023-03-02,167326.35755077805,177267.46818723183,162865.38568237837,162756.1095234634,163404.38975209245,165623.8458108463,166191.3103561528,167670.75314754722,169062.46862314595
2023-03-03,170785.62898384675,180987.77642896472,167449.21470736855,167209.91529613687,167583.07157740043,169636.52182607964,170087.20937716737,171268.99064321126,172568.00488752697
2023-03-06,170979.3632493583,181644.62668308092,168677.3989159682,168092.81326599605,168322.26889840394,170282.70519135043,170691.52517406395,171732.0902144088,172905.16336338315
2023-03-07,168882.21869435493,179408.40544626064,166668.56637790904,166082.0750438509,166308.84703684394,168254.0029964996,168623.7879908022,169620.89583135836,170771.4081390509
2023-03-08,170725.6422849245,181827.35569914203,168172.21055881958,167887.64164154907,168116.12329795316,170147.94936069113,170529.99324891786,171519.44116231665,172695.68280085738
2023-03-09,167767.69510778657,178963.69321654935,165660.4338284669,165055.01711245513,165298.86273104398,167266.6916691986,167613.2187436514,168586.25786597966,169712.31249035095
2023-03-10,165411.58420132793,175424.4695696432,163307.25301999558,162742.94647998983,163110.66577175574,165096.89253410112,165458.25034956497,166401.39835514477,167446.4982276057
2023-03-13,166638.34518207482,176241.18690757934,165783.67975292707,164704.5012792866,164816.9859110444,166711.32264995904,166981.80773402372,167732.32447767776,168774.65185471406
2023-03-14,170467.6665024099,180219.05175408052,169918.13602792926,169318.16066358332,169181.87295640807,170984.96653072874,171198.0659997187,171802.60998653166,172744.34813702456
2023-03-15,172361.93251159496,181153.52337349145,172684.51251126913,172144.96452237928,171928.3464181564,173584.50722100755,173705.0876463303,173881.95890632522,174605.54966006687
2023-03-16,176905.4962397069,186101.4812026602,178185.34016985144,177876.0102586766,177372.99338952065,178800.13864951942,178815.8421107169,178687.7742733132,179295.23081429407
2023-03-17,176069.4799385473,185594.51306727304,177967.95503871856,177557.41818321304,177015.41530215408,178369.26207009115,178293.3265269658,178022.20099814047,178562.87247481948
2023-03-20,176694.31274499974,186162.3034802818,177412.16397991407,177400.59737897324,177146.68941348707,178728.7150677209,178738.70727086044,178707.05657644663,179328.77078148525
2023-03-21,179217.963595317,188261.1379780375,180591.71817188815,180842.5581172939,180324.1606926132,181668.93015046814,181560.28877183102,181273.7022803489,181770.38978207423
2023-03-22,177780.9502838957,186974.73522034043,179652.54077378658,179933.01779208754,179249.78863206287,180557.3481047066,180415.6393913718,180037.3823375961,180428.6627442254
2023-03-23,179889.0772358092,189614.92197025233,181773.09685075216,182367.6644270154,181640.68891889392,182966.50246772167,182831.06265830313,182474.9112916571,182770.8793325691
2023-03-24,180551.12063694303,189958.19023206344,182657.26623772416,182984.73228472157,182375.48418918884,183693.39777060668,183525.1283485256,183148.6583690908,183402.70717530593
2023-03-27,179314.12530516446,188768.12054856092,180437.3543782155,180743.2658460419,180423.32038296142,181813.01560866486,181734.9642806277,181525.17701112592,181917.6145381476
2023-03-28,178361.68662104863,187956.03022041745,179303.82895367104,179501.60098883155,179266.94195115066,180650.21744239642,180577.17858978722,180520.00301285464,181018.15116230532
2023-03-29,182613.89687520274,192796.83018819406,183929.4744072472,183933.02147030027,183644.63755143256,184989.52511301238,184947.42813939287,184875.65590621377,185408.68499071005
2023-03-30,184342.4519642067,194742.70964729224,185865.5492530648,185662.73908509666,185331.65979700745,186713.9571200751,186669.7661484008,186560.0198681636,187071.2546012633
2023-03-31,187408.14625357185,197905.29449174582,189224.3114584196,189211.42949218903,188794.27820822867,190054.73403436874,189965.37606878686,189652.63805128576,190126.67295250203
2023-04-03,186952.67883989654,197643.46029728232,189002.90053562762,189016.51941834154,188568.5352554542,189772.87691870832,189656.673692057,189280.53803888764,189723.75224672997
2023-04-04,186322.01487406765,196390.72956585864,189090.8530243859,188886.48166010543,188396.8377775749,189459.22889235307,189277.75220594363,188668.9564943052,189046.6639120518
2023-04-05,185482.58739496756,195029.06621675924,187496.54972353362,187417.81198180525,187163.1016784215,188368.86462972953,188320.39704508858,187890.08525460146,188267.69585687228
2023-04-06,186733.11771423128,196040.53599391834,190329.77323546738,190186.59386176657,189440.6959001761,190369.9446634227,190205.0099920784,189470.25123288148,189687.50457388442
2023-04-10,186627.47384265752,195927.00956565907,188488.2111110912,188755.2727250242,188269.45425752792,189427.8270487274,189350.0430605993,188938.56409325846,189274.87828151052
2023-04-11,185429.70149904396,194471.68610876665,185932.16747025456,186507.07214591143,186211.48994005693,187541.23585008053,187566.48928364323,187456.2897070249,187938.1768676087
2023-04-12,184791.6641227449,194305.3929804625,185743.1985485056,185993.4731558442,185586.81106054413,186815.20218427316,186824.78522695822,186722.99307996928,187233.7093952953
2023-04-13,188410.31991996887,198066.17862539555,191438.76352835132,191060.7905793266,190333.03434300117,191343.18203516555,191194.27610445887,190776.14773789013,191123.7029245973
2023-04-14,188056.11068368252,197308.8286448752,190825.20106205586,190876.82329764127,190065.6949032074,190982.77738212832,190821.0219915745,190386.99089577733,190715.26312559645
2023-04-17,188215.4846288816,198024.66806686186,190997.92934763484,190728.36615061335,189984.53284403053,190954.90243300135,190801.0163631816,190363.51210299804,190762.3425202361
2023-04-18,188227.2989529262,198584.9315921218,191080.25095111973,190837.52845183565,190140.54092564087,191089.55387341246,190889.08246206047,190414.6156771245,190845.96431096175
2023-04-19,189138.73745697748,199169.93889486167,192920.7747891751,192307.98171048643,191264.0748557516,192092.95822798632,191851.17594378663,191450.6564737521,191814.55689373612
2023-04-20,187696.67408699635,197741.47366141327,191133.25465978874,190264.2709693301,189162.28181234718,190089.1897768682,189925.43956685724,189901.63602228172,190376.63981568767
2023-04-21,187892.4895575378,197157.53914312882,191270.58161511336,190413.0395975964,189326.28968741346,190226.90349129023,190060.79240783743,190064.5140058381,190525.75222452224
2023-04-24,187500.85861645493,196302.53790033807,190410.01564126127,189771.03610576488,188733.60412252467,189665.80069183084,189520.15394028416,189551.8624683583,190069.5630018955
2023-04-25,183963.84124148116,192063.98403411292,186807.32252298325,186169.51171180807,185372.81403793438,186286.53457371108,186146.09108206505,186232.1072909792,186677.6137725935
2023-04-26,186079.4962367865,195618.5982760939,192295.3797723871,190609.3293339018,189138.23447525452,189578.61332804806,189231.9466270968,188816.83417755715,189061.47544462432
2023-04-27,191139.18733283962,199323.42235028374,199302.28637501158,197717.0617104964,195841.32121520574,195900.05414108658,195369.32251106322,194379.2999015974,194330.05575046357
2023-04-28,192457.79949697026,201414.32608345826,199459.62335532607,198375.43729054742,196751.39710345143,196893.3781207808,196502.6665984416,195775.45048161948,195733.40779912777
2023-05-01,192237.0434332121,201623.9166067224,198278.2197634524,198005.3159049615,196444.3462250189,196557.0787159324,196147.7311191891,195550.2277218028,195587.81538212925
2023-05-02,190560.43390716793,199365.37303799498,197638.86235852147,196639.5020312275,194886.70909482182,194868.74329719288,194448.13140501815,193924.39921222633,193961.58711604527
2023-05-03,190313.4509293682,198955.7647647803,197865.88145478925,196737.68065301634,194846.16412933165,194704.2433905248,193995.79122538414,193527.49301903087,193663.30900498168
2023-05-04,189641.63561718806,198149.9595651917,197180.8569743777,195907.44622155247,194029.37703038767,193895.5033135215,193227.05869329424,192707.63302316464,192893.39444205342
2023-05-05,193672.35946643088,203390.32136191885,202781.958276749,201038.6328063268,198919.34219926136,198735.67307453713,197973.77326278723,197113.61625000567,197170.44530234076
2023-05-08,194152.17953974867,203606.24303235093,202881.1081656985,201647.83820123898,199494.02878114447,199276.84720256663,198510.32164988742,197569.2575904651,197568.3766174271
2023-05-09,192922.61843205983,202126.29458448524,201744.18693891927,200279.29102942187,198072.23282258166,197784.4321190195,196991.7220484911,196101.44171683316,196128.9360658496
2023-05-10,196021.908263751,205327.80488664698,206268.67197702313,204606.5705778267,202031.62696194547,201530.68261568257,200590.67902695277,199406.17287847045,199342.30842284733
2023-05-11,196660.9893895411,204459.82542307768,207356.61574253044,206084.12386986075,203331.84924448957,202665.74705846308,201577.80184290916,200251.02227188653,200056.7289737334
2023-05-12,195955.6113609875,204052.31011798553,206085.34116002923,204995.9052464861,202329.80574834574,201755.01990146888,200707.80835332128,199448.84464139247,199321.25232379686
2023-05-15,197016.66204591794,205772.3580627676,206246.39310653007,205449.91181387386,202887.4189447554,202436.47002381907,201452.25652441537,200454.56230550716,200340.07441891846
2023-05-16,197239.74089676776,205634.78647695278,207836.02221361877,207074.26109463343,204156.0245227057,203440.0376769166,202285.8573264992,200973.61311666042,200674.35019589003
2023-05-17,200627.19876308454,209646.17435690024,211054.61025062518,210709.81422628489,207768.59942134604,206995.1354070511,205810.89143874653,204434.94544767766,204059.9130259806
2023-05-18,204353.48204721202,213762.2192216628,214571.54327033993,214674.67691636132,211715.29081152545,210924.4481937457,209696.4516302087,208170.23593212714,207733.59091424674
2023-05-19,203892.98188408394,213373.9954545242,214067.12332526463,214193.0545238339,211436.18499093247,210653.9840425885,209366.38811708198,207789.77479143743,207330.98863840342
2023-05-22,204577.6783753006,213921.76097078496,214704.339857926,215128.67989747546,212200.52520267613,211395.80243487534,210090.3968165908,208299.4997542559,207819.88953813558
2023-05-23,201984.3899433414,210661.91798203692,211650.08776507038,212101.91330992905,209361.05845739198,208713.85103023617,207448.32350065242,205669.682957001,205110.17460624565
2023-05-24,201948.31172391595,210359.0322741278,212629.74305120183,212715.8198307885,209835.33622175964,209062.9889843514,207618.38311193892,205635.3492102993,205049.76366125053
2023-05-25,206862.30470616245,217850.28622261257,217022.46255428303,220020.30670938795,216898.74087173428,215772.32965059084,213909.78872815054,211114.11971819188,210245.97791138393
2023-05-26,212147.71757807428,223631.70498025205,221907.69449641227,225241.60194600606,222296.69388924498,221583.65618119552,219601.32087446388,216429.28745717634,215514.0588096408
2023-05-30,213109.80445051345,224801.87286795644,223218.36364250135,226840.1843866842,223900.5524377426,223165.37471386517,221082.2095862931,217463.14475652692,216388.73414013663
2023-05-31,212898.0510879706,223750.0507047911,222937.50506762322,225934.8466508654,223188.76756614808,222574.09354078144,220586.6312532017,216993.38601689306,215928.30259657468
2023-06-01,215357.46435390893,226057.97569610158,226549.80932726106,229968.51956804495,226918.24455831532,225989.56081624882,223824.88990006121,219998.39231288797,218822.55392035734
2023-06-02,216972.55936040363,227625.1927924769,228248.80302039886,231453.65916973483,228339.916186016,227340.33587908105,225199.14922143423,221463.25706661,220355.93861155832
2023-06-05,217125.56455255114,226406.8209146534,228335.03080319482,231631.1941212558,228513.01079562944,227388.6734938345,225275.71473799922,221565.3474073311,220443.3706320683
2023-06-06,217088.83188103247,226782.5478727578,228314.71304056238,231550.03139013148,228266.94046287253,227172.72346355204,225131.25190709168,221455.3733602401,220372.6566882794
2023-06-07,214405.815051706,224406.56181050767,224007.19749925347,227178.08595978632,224470.89389725038,223747.1056066149,221833.93100225987,218549.3005010657,217641.22307006182
2023-06-08,217067.30333330564,226665.5000191216,227045.33558321174,230339.35607624403,227715.75049804384,226970.1067923436,224999.49709019318,221449.06866065474,220449.43582939397
2023-06-09,217897.09689430063,227608.9632708461,227784.3780558463,231297.98788441025,228749.00782705282,228003.66626919937,226022.9956449085,222274.090387486,221195.50712467765
2023-06-12,221578.9483000122,232358.6786565732,231736.90181658862,235405.54454142845,232891.0416647549,232248.8601503137,230207.78051298196,226245.93979029404,225085.41059798718
2023-06-13,223281.56232165586,234029.9908966638,232716.35222749301,237124.2583208995,234699.98769400647,234029.3908476532,231960.88389632915,227940.59741605938,226790.3174887996
2023-06-14,225904.2255146412,236965.4239049449,234897.07469907234,240146.22697848087,237831.9816948009,237170.02395329898,235025.77151945033,230796.29586506996,229515.60619139764
2023-06-15,228596.07250629165,240056.92353933334,238652.5315694229,243389.88131291384,240969.5183672389,240166.308737084,237957.7726188361,233518.6005072526,232195.44615274854
2023-06-16,227157.5536554934,237983.31093631347,236415.0827131195,241564.2757313137,239327.8693282711,238469.16646192776,236326.53958498282,231925.8877089148,230641.4057220299
2023-06-20,226832.36976074323,236597.28924545948,236469.58489702625,242382.6299017041,239978.53176533565,238939.698658929,236689.8957533809,232008.98127335263,230555.02208399118
2023-06-21,224741.12423059333,233969.83900558093,234549.59934537145,239888.23521531452,237488.5698197339,236389.16877381472,234165.89336457584,229797.8101784094,228491.92681965197
2023-06-22,227392.8661869038,235894.6517888732,239410.5232158222,244093.26268207486,241223.3563287604,239850.20783319356,237415.7162338627,232757.77612060783,231245.680801626
2023-06-23,225138.64038200228,233154.2383629929,237557.53923491162,242083.4920361764,239219.61366687357,237719.91386127193,235266.5649883453,230555.88012806603,228999.0481686685
2023-06-26,222120.47863826848,231262.01714906952,233134.7486551114,236796.3643177477,234377.09098909015,233338.86058069352,231178.97078449212,227111.30000705816,225808.95635415398
2023-06-27,225939.67576936362,235938.16356250155,237028.0223621797,240959.74250065608,238533.55384832213,237576.62275572456,235336.57676665104,231038.45964009143,229709.41371218875
2023-06-28,227380.64189925278,237547.12554120724,239167.61642713827,242737.5270590154,240149.74120171793,239113.16782346176,236809.68530355676,232365.56808929495,230986.57042743958
2023-06-29,226925.24213680567,238059.01393043654,238544.64699653702,241921.46940468272,239466.614918949,238623.08836334164,236362.3833749038,231960.6261245078,230634.83142505257
2023-06-30,230424.48590728507,241810.66658082049,243133.8758016631,246522.0433472092,243864.9147732864,242871.71915025037,240464.89900376243,235750.868753571,234355.7585607319
2023-07-03,230967.15010545842,241400.5141840516,242579.67482754873,246601.60772476828,244147.1958313267,243312.63865126422,240952.7464547069,236233.35775620886,234790.44028533308
2023-07-05,231960.8878497953,240902.05997839826,243813.12233134723,248292.50888251257,245706.14965397754,244629.86630392674,242185.5811168521,237188.002536981,235686.55900597892
2023-07-06,230194.31492201693,239968.4536933079,243498.44918476546,247353.2398965142,244596.1304032845,243370.3541576038,240829.39303007023,235649.2261939244,234085.2956001016
2023-07-07,229430.04942281274,239150.21856176507,242349.47052802425,246400.57952465973,243696.78545575516,242440.27882546338,239888.91947078667,234682.18299615715,233145.8747545855
2023-07-10,229505.24925358794,240111.2357237621,238866.9968996584,243501.97404362698,241493.54757980097,240818.62680959364,238627.32644190517,234160.03340882095,232993.5068894829
2023-07-11,230639.10770668756,241017.3458991196,239526.74292475023,244442.6061241346,242516.52688161528,241790.3281332994,239545.8110611037,234985.34215721308,233836.7390651307
2023-07-12,234552.1178267372,244538.02150122868,243885.42486602033,249337.20781832113,247053.11008292943,246264.04058163642,243969.12337061428,239134.04736661524,237864.05852271387
2023-07-13,238534.49531774342,248182.90752780886,248019.16193934783,254585.8032271894,252082.6130794698,251005.76526642725,248545.01093418238,243348.28566310488,241918.37541577726
2023-07-14,238484.12136836565,247295.13998851652,248783.12575791587,254907.15429654322,252124.40636559817,250958.00510363196,248475.5457050066,243273.171303094,241856.06741939022
2023-07-17,240711.232672979,250587.13388233937,250600.4747813339,257016.2544727258,254318.0267373413,253233.24306191783,250734.41076782774,245548.8559326813,244123.7218350506
2023-07-18,242680.4121482862,253421.37959231745,253421.65283053997,259630.23317945274,256942.11607053428,255696.98033445282,253112.41916133303,247661.86566347865,246092.38059964072
2023-07-19,243623.8196756545,253754.17605470866,254540.2595953433,260435.07403659684,257847.53582567864,256613.42465345905,254063.49756066402,248470.80363751494,246866.7571715474
2023-07-20,238007.83188909158,248384.27729157323,247945.68723666272,253179.79144066983,250996.69689940976,249999.84511557827,247620.6345110306,242671.2764748624,241343.10554392944
2023-07-21,237293.9562699038,247957.9524660126,246251.51271368095,251213.95718616102,249249.11480526632,248617.50756834462,246450.66753310506,241796.88101651028,240655.99845508157
2023-07-24,237673.00388110417,248240.32457023335,247177.12287986177,252458.70147578785,250560.27570545272,249884.63963611313,247622.50856672032,242673.76091985664,241429.94368240575
2023-07-25,239283.89732159674,251063.68474254143,249198.67997689382,254655.98026576,252663.34252787,251970.73832226222,249655.7615707191,244628.7041861505,243314.9544763753
2023-07-26,239487.90519235717,249173.85577160103,248665.57353203726,255417.23666760584,253158.4508290003,252117.58283788813,249770.7390345738,244810.5200825672,243522.0201914631
2023-07-27,238916.9694254527,248028.8774223566,246770.17133815124,254430.9558991795,252345.39882029337,251356.34363233022,249024.83111284417,244390.16644788702,243002.18931659302
2023-07-28,243268.75995184126,251552.8579066417,252294.03860399715,260299.36704771474,257821.5756362971,256614.13228344772,254200.46158530374,249297.48030544145,247761.11368023217
2023-07-31,243395.60608509963,252797.87218712567,252306.27768103607,260112.25792314194,257755.29766428933,256606.0320953103,254199.9362417105,249240.93575683967,247726.0507319243
2023-08-01,242831.0589622455,252931.2764334769,251074.51195989674,258985.25043936106,256818.88154478822,255797.09269527346,253434.80909104753,248509.44863314374,247005.82111130547
2023-08-02,238502.3580011992,247200.1936838004,246272.85082970758,253517.4604211491,251604.3972163585,250653.40640051855,248456.95284072697,243858.54803363528,242479.70916280276
2023-08-03,238120.11834508707,246223.52358889172,245889.11765373626,253323.0632966897,251459.4298658016,250327.1497573303,248073.75073680858,243642.80511291637,242314.45025669198
2023-08-04,237005.2592817799,243008.92115263204,244582.49520722614,252089.10222312616,250266.45665608355,249252.54585880385,247131.47323030586,242708.449414666,241218.00426471102
2023-08-07,239011.95807318957,243416.32032645817,245165.04222033842,253690.13357978343,252006.39011268364,251045.52982485518,248989.31086419642,244779.3647697178,243293.09739048305
2023-08-08,236979.8149200878,241150.46233692896,243713.00683247688,251913.58377900632,250204.31780012004,249227.32237721307,247183.17901243622,242877.1479402698,241355.36006342352
2023-08-09,235374.3320838775,238774.02280061896,241290.3889982829,248537.1420890673,246982.9576469199,246164.050022367,244265.38628201044,240438.18365560344,239161.28119940814
2023-08-10,235809.32836860386,238998.21098725605,241663.44355208095,248864.81066919913,247395.3931859365,246559.58619564003,244734.86872125225,240949.4320570609,239672.32141209423
2023-08-11,234305.88178086723,237428.980663099,240653.6062973271,247126.7382873821,245673.84286477108,244856.4743736567,243043.3023699636,239225.55982946808,237972.86612559494
2023-08-14,236935.30755169244,240931.72319456516,243606.28349443173,251177.2433804959,249701.0485682194,248779.68025184522,246812.84618923237,242635.0018032331,241213.9527385349
2023-08-15,234421.0389687461,238549.8694069029,240744.00596980605,248420.49136317233,247081.89123275524,246184.9590677455,244242.28057405865,240092.21789746132,238698.97490639967
2023-08-16,232938.82588344454,237291.2869384391,239592.76800549976,246890.9640900748,245543.80203941694,244625.3106047331,242676.95115081192,238527.0889405105,237181.4257661909
2023-08-17,230394.40484920458,234696.75243371402,236924.6534196532,244429.66935261307,243249.5014044962,242324.39289644832,240330.5641683845,236195.90159287557,234818.69721549714
2023-08-18,230105.2606486008,235152.65173165634,236240.1767939579,243376.04052616734,242270.36909102884,241414.3194912891,239509.18022312163,235561.35869879453,234272.96432360692
2023-08-21,233812.56940992724,239199.24716323114,240260.35253035912,248954.99059444017,247740.03523210064,246689.67131168573,244546.7976278643,240196.17826772638,238681.46618216898
2023-08-22,233478.50979924208,239289.30544346155,240758.42980339046,248733.50822989238,247366.63223288057,246199.2474228609,244016.39973896442,239692.37168451867,238218.02593955287
2023-08-23,238160.09555114887,244634.13266976248,246152.686008254,254723.47151678667,253207.08542016443,251929.4519264957,249601.99208206325,244911.06216703466,243313.68940337314
2023-08-24,233069.2900068621,238954.73267519116,240385.24140182234,249349.76127240964,247936.88508119408,246618.18951158327,244378.43625533365,239862.92994726,238278.233372603
2023-08-25,234875.86855609785,241356.48435127846,242596.1366666368,250810.14995168854,249464.4400265617,248181.59476665503,246042.4633969385,241619.48670463022,240058.05791378688
2023-08-28,236643.8202301926,243210.03755801663,243981.31631168092,252663.99112492736,251359.93708990433,250078.04226273685,247925.90292468257,243473.3592463862,241867.5212658408
2023-08-29,241812.12019065014,248109.617292279,249389.24694541792,259064.26575048536,257598.54862130323,256222.59483769166,254008.4219432695,249113.54768093198,247337.05048330568
2023-08-30,244160.65138716224,251155.39343035148,252390.13023464032,261934.8166394707,260388.01167232814,258852.445327961,256546.69938714913,251575.94249600937,249782.61923682102
2023-08-31,244892.74711521468,252414.9446305135,253269.42755945888,262892.9145595972,261442.5161658353,259961.01502624524,257540.76815331954,252328.88647159378,250438.5342426676
2023-09-01,244633.59159108234,253430.5708321123,253442.7181800031,262063.70633447636,260493.47887913752,258920.13756742104,256649.6952975898,251737.70743950512,250040.0866200808
2023-09-05,244944.60238560403,253861.74569238845,254996.32576181972,263599.8547828178,261785.97763135147,260119.53172446706,257737.15421373644,252472.7997797403,250590.26218143976
2023-09-06,243787.1412058392,251956.78388458997,251344.8090583382,260149.85110383126,258761.10645065442,257314.17486857262,255081.32290002337,250330.1680882015,248724.4858699581
2023-09-07,242043.67377634087,248185.77710138194,248800.2070114119,257987.75784209569,256814.19797222724,255326.49363129467,253125.73807069688,248342.16940290123,246771.69034195942
2023-09-08,242381.92922641276,248504.79741105312,250027.2552167583,258641.12659607455,257321.0995183714,255818.35805406657,253606.39978727693,248784.96263404508,247161.10524765024
2023-09-11,245237.8906836852,249683.92773753693,254178.4606844065,262699.9203450974,261190.05708496715,259644.59324179907,257350.38497161443,252081.91833693083,250256.34543316407
2023-09-12,242518.5619425854,245309.11286572175,250051.89816887368,258745.15271704772,257367.1853153605,256026.2265705661,253942.47943296118,248994.2181292058,247259.16899223067
2023-09-13,244442.33417961816,246639.48507866357,252690.59539993497,261717.73041353826,260163.74614799893,258744.22692998865,256584.67045643035,251398.91579923796,249537.68659869806
2023-09-14,246441.22005608928,248366.7969100257,254641.41185531422,263890.43903678004,262207.54702571564,260840.56699520152,258666.96088609606,253451.54135285993,251562.0898337477
2023-09-15,242221.3837123888,243848.33124498822,250220.62159338634,259043.89990245595,257389.35001696754,256101.4783816409,254006.86153107113,248923.66204767354,247095.1264915751
2023-09-18,242473.88396389005,244837.87243824147,251072.63325649142,259671.0673290089,257938.37133225182,256602.02693291308,254489.04673063842,249419.10922078937,247544.7755809422
2023-09-19,241957.10715452937,244403.0928652262,250836.27618028238,259327.29424696104,257619.08582864155,256276.84318130533,254058.82068678038,248915.41914390418,247037.0744713763
2023-09-20,239470.38648958056,241805.4956265498,246404.56712873466,254614.29845958832,253290.92900292773,252256.06023844334,250279.1655751603,245608.00108194404,243990.11953585618
2023-09-21,235082.2199031885,237796.69993904204,242426.9886181966,249965.3752370656,248542.9262499614,247569.15538771747,245619.33332392227,241136.90963935657,239591.65683985877
2023-09-22,235115.0667739431,238457.1487700558,241991.2268091423,249776.05065155387,248345.09234906864,247411.9647140612,245448.43712779865,241086.7978518725,239595.69616594503
2023-09-25,236231.7788231237,239404.83918087016,243780.4868169262,251627.71825160878,249991.90359445466,249026.92150727552,246987.545002049,242448.25305397573,240865.8176144117
2023-09-26,232684.4798945782,235131.78195305797,238404.0617127914,246772.3501861639,245419.55003784093,244622.5081346686,242759.42087283634,238559.44640364213,237041.9224775235
2023-09-27,234229.7257156333,236855.43034963735,239071.3075158021,247932.72065657508,246636.30968705536,245879.647886854,244031.88234308476,239867.03609940273,238392.9001485561
2023-09-28,236189.14628416847,238873.30375354533,240265.8056456108,249856.3205705278,248589.16583102054,247913.49090265855,246085.93785640644,241878.5416300096,240358.29205992332
2023-09-29,236360.61682832532,239815.39814163363,241225.61497096223,250520.25506972658,249207.33000648278,248445.96287662795,246564.9070999628,242231.1435482815,240677.02188409172
2023-10-02,238333.24476502163,242023.4055681086,245583.63867865413,255185.95982628546,253560.5511147291,252455.04185637992,250311.57856819537,245325.8216400794,243416.2061299003
2023-10-03,234150.6043659053,237422.50238643461,240681.52312612155,250159.62710985515,248688.38833875817,247660.169807426,245598.1779669587,240826.63039467105,238984.43347873772
2023-10-04,238337.0201514177,241162.24055398675,245551.33452606288,255376.91552672282,253672.98538854386,252536.29383873806,250461.83718973084,245570.5115458139,243636.35550459917
2023-10-05,237634.7794222119,241371.1621834305,245972.81490043754,255635.19494707172,253621.3066657602,252349.77226648296,250244.3474844606,245174.25389528778,243138.81019258258
2023-10-06,241616.46029831405,246211.84811227882,250631.92187500888,260485.41153803037,258166.18913801826,256744.91895744717,254548.58507499628,249182.39672169226,247151.65411353885
2023-10-09,242848.74873554416,247343.64926378333,252091.68131750007,261654.24352202742,259347.85873708775,257963.66651191734,255754.4563384557,250196.91982345885,248193.90952015383
2023-10-10,244193.61859037261,248162.02302627458,252203.26219906827,262241.78045987216,260023.671759135,258694.9204591699,256533.68303080986,251178.57367998487,249288.95667301543
2023-10-11,246935.98824129128,251129.6365411274,256288.7011878978,266649.93412140664,264173.7828593227,262701.59940299584,260399.76037061366,254553.62268454468,252504.61094941766
2023-10-12,246077.9021120628,250535.25618211727,256084.73197545225,266125.10581766185,263704.5226642019,262312.34385339235,260000.4197314794,253936.02186776308,251750.85792450976
2023-10-13,242984.67514940831,246520.20151466233,252390.18497494527,261807.09799349628,259606.70313867443,258290.50185992112,256067.3358943857,250531.9472997012,248468.41198907132
2023-10-16,245732.01252993135,249352.27140442142,255034.68306684447,264813.995736472,262549.64493108745,261275.34523220477,259061.09256700438,253361.8155054986,251353.68421196606
2023-10-17,244927.11159520957,248285.87037221136,253549.91395283994,262860.39116102894,260662.57783575496,259459.71814194307,257370.91498652153,251987.0725142978,250100.82648988403
2023-10-18,242714.15600563568,245882.72243268846,251047.12334214328,259636.71797715148,257647.80522939746,256567.11047592014,254526.07761786602,249300.77903118904,247452.62403647305
2023-10-19,240443.1277122644,244133.20453125855,250051.980203825,257997.1357913171,256112.96183820046,255009.6471336085,252924.15051149033,247373.29724089583,245452.02858994354
2023-10-20,236856.20787094513,239826.76584535663,245788.73166777287,253598.7760899526,251846.17875746844,250784.18771905985,248784.43318615406,243552.52186629872,241740.11356741097
2023-10-23,237570.93816328672,239867.76125100066,247600.69998239775,255992.04760125533,253967.65483554202,252658.13957875036,250457.41510618757,244937.02476810914,242945.01886576903
2023-10-24,239882.06184129586,241997.54688064582,249336.32025908798,258220.67882470365,256295.4264704551,255046.14812007896,252825.60409630596,247291.22507696404,245315.54202219937
2023-10-25,235010.80386330775,239001.2197712138,246133.23946416983,252275.26474734317,250611.5955333266,249413.08619892466,247235.09717056196,241969.27446377385,240151.4055402394
2023-10-26,230529.7462009086,234770.66999561625,239103.50123899395,245065.4352067067,243604.30584519551,242845.46448198945,240988.3924650056,236499.646279972,235055.26280128985
2023-10-27,231636.58143485463,235746.06312913788,243013.931464971,248404.49438901097,246539.55225687686,245501.36708332895,243404.29599381663,238286.2693876343,236635.10487085494
2023-10-30,234246.02758345398,237820.20676191262,247519.74614762387,252569.71047731335,250575.2119307329,249330.32847181155,247114.27676613742,241580.60837384246,239720.33273067072
2023-10-31,235366.27117861708,239612.2919033764,247981.62731278717,252830.76517906014,251044.7817251421,249900.71074984735,247749.62584415474,242422.2223413238,240653.71461220167
2023-11-01,240451.5323398723,244543.16590675004,254824.9035566204,259904.3376275174,257816.1380869008,256505.5949371773,254156.69865207784,248398.69192304226,246382.70322989518
2023-11-02,244816.47210222232,248903.1451392409,258362.62161416135,263808.68753739743,261790.49246313915,260590.77612889436,258453.90905911993,252745.9214890281,250641.67348854768
2023-11-03,247692.7849886577,252443.0607125676,259928.47809725837,266231.650571197,264299.74605305237,263202.9535701072,261103.96327178876,255468.7144512023,253461.0778184865
2023-11-06,248703.2181045701,253587.65942517124,262744.7027015787,268848.17414464743,266624.3554584066,265287.5204051821,263081.0003026126,257229.7257948634,255023.806513117
2023-11-07,251054.0865359348,256661.46817530814,266219.7699013295,272001.87005481916,269590.00732801796,268109.7242577419,265807.3720857155,259640.21314547706,257354.26121734764
2023-11-08,252215.76336114018,258729.33268613284,268479.5163227705,274395.6861083668,271774.67317240045,270175.89238656464,267835.7974403348,261501.0194895459,259109.45032233698
2023-11-09,250274.80344883268,257177.5767613075,266590.0722264487,272488.06159717,269770.21926729975,268158.3540402925,265745.8537053128,259424.2667857942,257094.60369101886
2023-11-10,255901.58888826007,263970.98977303784,272810.51004190097,278942.54551564925,276168.4382811562,274633.62551774504,272165.9700047984,265558.2533272728,263069.1113969147
2023-11-13,255103.50482863034,262650.18288632313,271452.04403324565,278152.8467376031,275368.2807611162,273790.08408794785,271328.98679646064,264796.33929149574,262352.27669515595
2023-11-14,260595.04775480993,269005.3265740037,275888.79754826095,283100.00100004347,280307.7420585311,278811.3346829018,276404.0623118992,269808.2818422651,267478.0558554853
2023-11-15,261791.14205230505,270354.7679337567,276481.48817915155,283711.56962902204,281104.14388894255,279825.8921766954,277511.5520580681,270892.8819539161,268558.9603048963
2023-11-16,262015.1699899476,270955.1740854115,278875.89046048885,285798.672631502,282423.2650301831,280914.194207453,278588.5387257868,271815.7380326503,269361.96380563144
2023-11-17,262076.27618061384,271074.0694919572,277871.78200790775,284817.0715459677,281582.6802024743,280299.4891354245,277960.5506218179,271346.1383252075,269027.5240431325
2023-11-20,265267.00967510237,274896.5282716109,281428.20086781227,288511.73774249264,285220.504763474,283822.9843791303,281341.36826641037,274644.5337065348,272272.1881196562
2023-11-21,263725.9326176,272613.74383129895,279480.7245888422,286925.0126291891,283694.20441977365,282216.92464532267,279676.64017929614,273008.17218783224,270740.43647770054
2023-11-22,265805.38401126926,274612.4689289652,282547.46962166746,289142.5887994154,285771.13494026865,284249.55621351185,281709.6874292417,275070.8250046051,272782.3263481717
2023-11-24,265430.5729482703,274314.1348236686,281203.39934273576,287413.7953832132,284299.5547740594,282981.71009171644,280533.53787918616,274135.4231584544,272004.8053882357
2023-11-27,265198.88848440873,274170.9462807807,281660.8314348965,287667.3776657691,284392.8260249171,282906.17460416985,280423.9433858162,274024.3245907783,271886.37113168807
2023-11-28,265893.9418759934,274678.09393100376,283295.6456489819,289258.7465664491,285817.3407448206,284200.94648489304,281629.62730630726,274949.1610720184,272708.82655663387
2023-11-29,266634.9941955975,276746.094175388,282051.70571260626,288002.674529585,284779.70287652797,283396.8051157382,281032.3141695921,274754.4578656672,272792.73931704613
2023-11-30,265964.71131182974,276668.267896179,281173.59867848124,286010.1325806848,282939.6434777641,281679.9380906701,279413.4397013839,273548.5881652882,271783.3848224893
2023-12-01,266723.927902683,278237.1277214629,280840.0804587562,285571.8520862223,282591.45710354677,281489.2615980193,279309.4554666955,273762.94764757523,272197.63190444664
2023-12-04,264247.83855978964,275404.77791381604,276981.97587713605,281369.37805963086,278694.48703272565,277890.52505464916,275817.7653440455,270563.16955807316,269169.3292272581
2023-12-05,264911.3277490557,276895.830007622,280964.71401116415,284958.720144886,281695.029572601,280533.2810351222,278163.331949568,272268.58134971105,270605.749718799
2023-12-06,264379.09487539285,275488.61274186004,279419.72854708496,283325.3968871393,280177.1700743288,279134.21362184547,276893.00366638886,271381.97924199194,269862.5075253281
2023-12-07,268073.1054358128,278463.48707323906,283488.2558885572,288576.18262597895,285223.488457423,284139.9975256227,281794.21235933335,275927.8986826722,274195.2978304662
2023-12-08,269267.7946403031,280951.5898481801,285348.9297181695,290389.50940494915,286934.62119019416,285791.18027596566,283346.31807945325,277214.1244719491,275407.61414980615
2023-12-11,271567.9442997439,282886.8367412654,281970.37044421746,287526.00599408505,285155.9690206262,285020.0730958877,283003.87648658094,277784.01245962357,276371.0219615218
2023-12-12,273730.7451913834,284575.598408193,284267.66250848654,290022.3082242167,287615.61537421925,287530.6725098769,285450.459822945,280122.66996697296,278645.30364138976
2023-12-13,278211.8172121803,288863.02367584466,287552.6064023055,293288.34713495633,291010.3733140902,291134.34219957824,289128.6825729264,284089.088328806,282715.6783222182
2023-12-14,277970.69139663293,289423.8524199489,285624.9902086229,291955.6455525717,289526.5033262042,289939.432591372,288030.5796810718,283370.4745133564,282000.51471620885
2023-12-15,279314.3785850102,290816.96723451803,287661.9932071357,294146.991094713,291733.6319819683,292243.8815081968,290215.72307444917,285173.32422797015,283609.2991762203
2023-12-18,281073.6944742508,291486.3826451606,289675.8304663207,297282.10905596096,294978.5630643034,295376.05620047526,293156.01290080015,287592.9013340568,285836.2555856669
2023-12-19,282509.88380492385,292975.45646644005,290711.5386581096,298359.6035712548,296018.032556304,296450.2174500056,294309.01705097774,288834.8187834623,287085.8452689805
2023-12-20,279311.8478525312,289275.7627739644,288943.88271947764,296220.01648604,293630.4705556769,293824.24614768365,291583.0382809406,285878.1048299553,284086.2930790939
2023-12-21,282561.76406946825,292864.261374595,291142.2046638631,299156.9866180132,296485.8868802433,296760.1742827842,294566.1363603903,289078.62001756235,287355.0453929923
2023-12-22,282984.44550072635,293149.20061001176,290720.99394415517,298896.78882667795,296320.72047744825,296716.97808491025,294614.74492175336,289263.9802439887,287477.5448597894
2023-12-26,284716.8340664083,294597.90883634036,290819.35215759726,299545.80383179185,297182.9349920116,297828.20999377884,295848.1603071947,290600.08096627216,288824.12509482226
2023-12-27,286296.4433843172,295882.8480717571,291860.8675718077,300684.56940052484,298424.0550903507,299170.9363991674,297255.2858412444,292029.7495446218,290224.34270913986
2023-12-28,286157.23124949745,296077.4391155557,292046.5757391673,300579.73007496854,298274.89701162744,299038.1878727625,297165.1650928583,292007.41387893097,290218.16666415165
2023-12-29,284918.81836394465,294380.49462061655,290818.3776092747,299258.4766835383,297034.04059120733,297782.5511685924,295920.21306874946,290816.944118335,289095.7854931442
2024-01-02,280097.35696120275,286649.9676094121,284652.209345891,293286.44286401337,291335.79621189355,292154.1958163202,290352.44346853753,285650.98639213835,284047.48762795236
2024-01-03,278133.536426653,283812.0890409614,283919.7957281106,292271.820212562,290271.0330089767,290900.8039537245,289019.3591385782,284215.3218354895,282535.3846641439
2024-01-04,276702.1279161575,282102.9910935182,280732.22597575636,289667.1708910667,287887.51497687446,288639.43970490666,286874.94513095374,282394.70075878967,280820.11079171504
2024-01-05,277030.3045014906,282170.16665144765,280889.4148342258,290307.89796069585,288557.7917701146,289354.12908827484,287555.46350432996,282985.18756486324,281327.84674789564
2024-01-08,282755.93854347273,289354.2707559649,287637.480107726,297904.041949385,295928.79386767617,296572.6709309115,294617.82062450936,289570.2203300932,287761.9377663519
2024-01-09,283314.55860417977,289866.98692780937,288670.6146660708,299203.61034749844,297011.62751534046,297591.1859953432,295563.1937722761,290368.68327312614,288473.0729612625
2024-01-10,286234.7407524055,293326.8127878922,293561.3022227836,304248.05609391094,301646.3582124024,301821.8264640798,299537.5410079105,294106.91021437023,292021.7809618251
2024-01-11,286830.33237857814,294355.7340207361,293936.48849477165,304634.15371050424,302151.6236945414,302322.3628603918,299992.14540717844,294663.14560485486,292564.204371688
2024-01-12,286977.4568516687,295011.09436494985,294736.2290676951,305241.34197191335,302639.90864038275,302818.61684517056,300432.5232614709,295066.8620363323,292902.23918962775
2024-01-16,286949.4073170615,295445.94317872747,293740.66196552524,305014.8713471159,302582.3240245006,302869.9282027075,300550.90972965903,295303.0470699019,293071.86000778823
2024-01-17,286330.79948593344,294829.0480162787,293207.9010202638,304355.4415866457,301947.64806548704,302252.594971757,299966.1536371853,294722.5541454493,292488.2301041155
2024-01-18,290395.0384454045,300562.7422844633,298592.0496445977,309587.65355712804,306806.4956830525,307178.03789155954,304864.6079852154,299424.04739097017,297052.6866883868
2024-01-19,296153.82961486606,307089.27782137,303220.93094825384,315371.75367132266,312613.1768067882,313331.5292137654,311042.17452333414,305451.7150476201,302930.8466171107
2024-01-22,296540.62839272234,309092.64631867124,303504.78180233954,315426.29069467465,312612.50423294195,313333.0603296731,310935.7239572231,305346.25306529074,302982.46712291514
2024-01-23,297771.1004391413,310377.0605763202,305476.5119572413,317376.24780344375,314418.19645704544,315036.43257681746,312576.0318157472,306829.4429677245,304454.4402360641
2024-01-24,300423.52885156585,312864.28408660105,308102.6657706248,320888.89546471473,318105.8423957096,318702.45390614826,316181.3846201073,310119.48540173157,307543.8046938711
2024-01-25,300790.4325954382,313610.25165273517,308372.345799269,321114.66657973017,318619.4867684836,319068.18824234576,316561.7961035792,310636.8405765418,308067.27291768417
2024-01-26,298998.3967777213,310355.05112850707,307616.8525979186,320098.3818314856,317489.9042411972,317651.4261592799,315018.7335191126,309117.61712841707,306542.07639113854
2024-01-29,302060.28911771777,313980.1850675089,310480.1931416356,323742.5073809594,321098.7306272905,321154.9498341296,318444.31095025345,312377.8490025396,309701.6839014616
2024-01-30,300049.6137907639,310959.2146986049,307406.34742806636,321233.505102767,318852.4592622251,318848.4789419328,316138.4153069013,310223.9536082839,307615.08845961624
2024-01-31,295172.7978351408,305504.2922234837,300041.7184249705,312817.62318782066,311121.8345261306,311643.77662895946,309288.32372165425,304168.7098082625,301844.43660584156
2024-02-01,298648.578809296,309444.40502591507,304866.2122709956,317717.07546412584,315839.6330990778,316074.06743781385,313491.3438942457,308160.33833171235,305801.95228629926
2024-02-02,303695.93798737397,312462.8826501008,314222.25775724195,328991.3639985196,325767.41994892596,325155.92270146,321940.2826329671,315238.18490975746,312306.8983085823
2024-02-05,303299.4929863872,312611.3687427606,313556.60939821956,329498.70440537855,326295.73121669627,325666.7015508967,322360.2233337038,315605.8142753011,312629.61794321286
2024-02-06,302690.6565594199,312079.3971842066,313717.8815006015,328962.9901613385,325437.9135870362,324619.3473790888,321323.4627750522,314536.98760368384,311702.067416635
2024-02-07,306805.43128357484,317112.2779306545,318680.58732548566,334757.61729196995,330800.52593317424,329725.45903066074,326108.5825004852,318966.1042916916,316040.949725839
2024-02-08,307373.66783217684,318719.41968546103,317982.1123807345,334224.30242751475,330243.042447346,329308.8887309437,325803.3310611923,318929.8172644228,316093.4568695212
2024-02-09,310399.1322187199,323553.06765455124,322624.05574213853,339402.70807659416,335112.3554378187,333985.32748768217,330403.36623652454,323156.66796053975,320073.3286078295
2024-02-12,309184.6675942982,321536.4556993153,319425.69882964384,336652.8066398507,332623.9001829638,331679.3823115119,328271.61000446306,321312.62594666355,318322.88621884974
2024-02-13,304362.2977701182,315250.7811160123,314119.6856822195,331594.47291576455,327813.39450189174,326905.95148565713,323485.30231095577,316503.36195361236,313512.73689479625
2024-02-14,308678.99355728173,320463.9877106468,317680.56705753243,336193.7382107974,332498.697158597,331655.51859668846,328277.8855249521,321128.48026020656,318066.33156437834
2024-02-15,309598.1463226453,320215.0150599056,316534.85543500376,334925.43249347626,331221.0037641797,330693.5672667797,327502.7793207332,320739.16512083245,317879.20625920757
2024-02-16,306790.8335793969,316822.7121676028,314221.81116259715,332026.05481888034,327964.19898169424,327375.2198473418,324325.1101391083,317980.41874355247,315201.8868358955
2024-02-20,304475.1386278996,313081.82831628,311632.4484326569,328481.19855767145,324561.14644889167,324162.74505330104,321143.0238918705,314988.2963376069,312358.2432065764
2024-02-21,304256.68270367046,311411.55573511793,312958.33958632435,328932.9309556123,324893.942058556,324547.7029831522,321572.6534723731,315405.41455961455,312778.5782856851
2024-02-22,313163.9986087713,321540.0318052097,322423.16208395973,342379.5959639852,337821.59623358917,337068.78981888114,333721.40053793456,326818.1553869746,323766.9089084672
2024-02-23,312241.8370357864,320453.57451548264,321037.7827627966,341312.5853766434,337042.25048665435,336274.2572945297,332896.5209620391,325626.38905759674,322597.62615664944
2024-02-26,312077.4166852439,321290.3343216774,318854.65791779204,338974.5247384848,335200.81900279457,334756.28914748057,331515.05419838574,324661.2279708656,321750.7956178252
2024-02-27,312828.031329025,321758.6402044881,319545.8841706867,339641.0839071428,335731.6585255327,335219.5135439042,331943.54962077574,325102.51275374024,322253.9008241699
2024-02-28,312162.3816909203,321266.2289903701,319122.4534626045,338543.8831302953,334695.7018112592,334191.0143919588,330862.07974175696,324074.4921281162,321333.9911050006
2024-02-29,314837.3980322262,324341.7845376429,322359.1222129073,342320.63489402627,338444.681262303,338005.494976172,334720.16244442924,327597.56294806005,324668.20478574553
2024-03-01,319577.9262942369,330355.23102538486,323950.0041538005,345758.3931675893,342261.5543012894,342396.35274621245,339128.98215559305,332167.83083572454,329150.0908411573
2024-03-04,318437.5839556097,330969.0753182804,320711.4372550966,343576.26163466286,340625.5396780519,341067.30765118304,337907.3521825897,330893.82134488644,327891.27827583713
2024-03-05,312721.72872249596,323020.11133496545,313560.2952242066,337413.46453086677,334657.53321639716,335040.2145049373,331928.6671646237,325227.30252182914,322349.25518467725
2024-03-06,315686.79264499305,327603.12957663013,314367.6464899238,339536.42715162766,337043.2137249608,337695.1850934456,334738.7305541097,328096.5469488323,325335.00296292215
2024-03-07,320478.3798306392,333107.1055674473,319426.22907876555,346672.9108251104,343920.3341087401,344514.1702890909,341248.4774443088,333990.81539744395,330982.12048244086
2024-03-08,315852.2655704729,327659.6696896402,317387.7706914599,341844.03383349965,338718.87600010383,338756.96420932515,335670.8698723183,328920.1762054642,326038.6899775349
2024-03-11,314679.6106899047,326258.48522577866,316008.6695983191,339795.01241957844,336993.99267377646,337106.9373587948,334100.2779167189,327363.68270293326,324599.48940135393
2024-03-12,319190.52425407124,333006.57685792353,322469.29440408415,348222.5286481246,345093.64249634236,344688.0965762609,341334.9356046481,333850.4073088897,330748.8650207944
2024-03-13,317737.1859980395,330481.7379775653,322080.1482777235,347291.7097433404,344036.69687707134,343340.0923314909,339884.7265842957,332422.83114867774,329348.43049136456
2024-03-14,316936.10032361274,329240.23860712355,325444.4316388341,348614.78225907934,344719.96609388554,343710.92599142465,340035.13604579034,332173.17273927905,328961.46182030725
2024-03-15,313168.6827905952,324916.8764659994,321091.13637620467,344210.08762781083,339918.9852245028,339102.20363005815,335562.61269582034,328185.74444874306,325124.05696074344
2024-03-18,316155.57134952274,326442.0123716259,324064.70681846625,348917.1588595015,344643.2757129894,343456.99732956145,339719.84560523136,331928.6930322535,328681.65125370276
2024-03-19,316943.2951687306,327822.2118396979,326766.18218777666,351130.90095398825,346583.9339587619,344999.5677723952,341082.9378678101,333205.4670241438,329972.0167394106
2024-03-20,321701.14936724363,333265.253241683,331898.6164063803,356685.4839558598,351881.32775352104,350340.8588529434,346315.0656394237,338222.3940811453,334860.2268036621
2024-03-21,323223.50230999966,334200.86118307675,329278.9359942587,355440.0068355242,351003.6441196875,350035.02478299715,346186.33321918803,338869.50078634865,335633.6938793364
2024-03-22,323593.21979808505,334732.54545530456,331146.95328980696,358593.59001790266,353795.9523575604,352515.1291311675,348416.404448235,340572.1889702849,336961.533391304
2024-03-25,322418.8652621198,333382.8101980498,329152.0094280856,357177.08315261814,352654.90467702545,351369.3901732365,347264.29849732365,339506.94168290304,335857.7155274327
2024-03-26,321374.9148695727,331919.19286101573,327099.7386323643,354477.5211939112,350105.4953452542,348924.26045534393,344974.3717216424,337577.7333282305,334043.3827053328
2024-03-27,323469.56553238654,333704.8345620959,329763.15184991196,355673.78363482497,351152.42607523385,350199.45379743207,346477.03208157164,339272.3329495938,335945.93699633284
2024-03-28,322873.30524331366,333234.5265941346,328364.7989773995,354403.6639453097,350129.16326781537,349351.7868351669,345672.8300828983,338569.1769873731,335318.42786545167
2024-04-01,323556.82368404156,333920.89233293687,329668.9959946419,356336.44754778803,351705.25373677094,350846.76853301673,347042.5590109143,339791.0595632985,336372.254366052
2024-04-02,320764.4953808213,330152.1938913218,327703.060953372,354050.0463071731,349286.0465485413,348269.5353356657,344326.0088774548,336894.62010071846,333482.3614991888
2024-04-03,322484.41447795974,331832.2072963898,329847.803084355,356068.22952133627,351051.52483807004,350039.532425552,345986.90306956816,338606.84761325526,335149.7045475099
2024-04-04,317553.39384748624,326471.2883686073,326674.903575031,351390.17103881494,346203.69196917384,344960.97164233594,340862.120369783,333412.87349450804,329988.212328601
2024-04-05,321295.4015541379,330442.58342075534,331946.08456203033,357078.10530414904,351464.3050243031,349965.15112678683,345692.02157270093,338001.25718882465,334459.8497539988
2024-04-08,321390.2384157591,329964.52165781136,331264.398735088,356512.21775502205,350811.61580315436,349418.0401809793,345276.87206638494,337674.16786515183,334198.5276697898
2024-04-09,322579.2062328691,330710.3452045581,332307.241485327,356950.13701380335,351327.58661918354,350047.1328007321,345953.7893249975,338513.03311904176,335094.2076102645
2024-04-10,320763.6001737688,328701.54521310644,332001.79891658924,357412.0055326929,351626.65192444046,349976.4970416169,345610.1185547509,337753.5475457534,334105.6048409602
2024-04-11,325885.62562484434,335044.41326280613,339801.38399964303,365971.48581507197,359674.29549690767,357880.800350621,353184.3513825251,344579.3323875124,340499.7468337638
2024-04-12,320690.3892746055,329085.1814149425,336542.4362298147,361248.0407924871,354779.3288430282,352808.3143476598,348100.20694001357,339331.80752978596,335209.72118631104
2024-04-15,315414.72500516835,322825.49470429076,329673.3268541928,353658.4791485518,347637.58333280985,345947.04510332935,341521.74830692157,333287.04987366183,329387.8115665597
2024-04-16,315444.00031527877,323017.322667829,328242.9378155363,353162.4900244783,347435.9172499101,345871.97539184097,341483.70594137267,333357.31433290924,329462.60968875315
2024-04-17,312595.13411958545,319221.8405570174,326008.2976840153,349894.6510609034,344236.241130357,342554.812418879,338203.2741907411,329989.9032360901,326179.92912770616
2024-04-18,310811.3712683324,316194.375148539,323355.32138823543,348297.95309630764,342893.13803801493,341082.4897452193,336704.50948828046,328309.7938961116,324482.0631037863
2024-04-19,304380.9325174981,307811.2001382553,315671.6933974655,337205.28183219803,332048.8384552627,330643.31701556715,326797.0868506445,319554.08558547555,316311.21086779604
2024-04-22,307442.00865436316,312018.7757222336,318577.5464189524,341332.1873737989,336044.0662186704,334579.3413164761,330613.7526268971,323206.8250301711,319906.7758075722
2024-04-23,312029.94602764345,317143.6871166775,323426.4705750462,347286.216021899,341675.4500522138,340075.93465525977,335994.49540634383,328514.3996330957,325045.1310566296
2024-04-24,314086.989839627,318650.37862009846,324923.28248137713,348255.77413778304,342629.6699496904,341332.6779007891,337379.61240168853,329844.42025158694,326465.54091545194
2024-04-25,312570.0061109517,318779.0432006453,320456.1228989162,344432.1170360218,339504.0351370458,338655.9262054396,334818.3835724938,327656.4208921212,324479.73903594905
2024-04-26,317393.4565279688,324248.18110222975,327957.8683912399,355340.5279018286,349407.6255505784,347958.9282948961,343623.8487247331,335551.8261833008,331782.7878994094
2024-04-29,318682.18116651324,325535.0651019232,329292.7957125267,355753.06482729636,349894.9093427551,348633.20823082345,344469.00857054803,336466.83418780885,332700.71167675586
2024-04-30,312673.0813130487,318322.2263760996,321014.1840996016,347637.3349306907,342211.0400906416,341151.5273112838,337208.65365564486,329712.2645191008,326125.80888938985
2024-05-01,311412.2803318651,315873.4518911118,323506.63039272814,348208.56672343175,342351.2654194082,340874.02149572637,336475.40884506,328638.4769641685,325002.26301369
2024-05-02,315386.96124045446,320191.62957288406,329442.94091627316,354534.75162024976,348280.215053842,346686.05146283476,342161.25591889117,334039.05102943914,330181.9581700198
2024-05-03,321725.77837890614,328840.92809940304,339065.1739825915,363848.02236992156,357103.23612790287,355364.8176216692,350654.46984126273,341861.41135939624,337644.0231897712
2024-05-06,325249.6886024571,333598.0582190352,342609.60275268194,369040.4157153081,362212.35381619434,360320.72207722714,355380.72012514796,346324.7378374803,341863.99693052046
2024-05-07,325301.42649652885,332203.82070342667,341796.3218836791,368215.0516174631,361511.87133184803,359725.4510639166,354819.573272638,345986.6723938875,341586.3536875389
2024-05-08,326109.32243951195,333687.9149112298,342762.8926247861,368885.6733098584,362290.4028493056,360659.6075939696,355774.13269783056,346933.83004911384,342526.25836197624
2024-05-09,326820.75860180485,333357.75096863473,344217.14307855995,369223.59362512524,362405.4261693817,360808.9076610424,355982.3664923223,347233.9071432353,342919.1095929147
2024-05-10,327591.4467420588,334231.80363452225,343530.6289949891,369144.4849117923,362625.1646568322,361240.40117584437,356490.9884691534,348001.6398115204,343685.62665076053
2024-05-13,328347.33334412135,335863.1901906317,344728.2160179478,370273.0102146413,363808.1991922867,362356.5878465737,357531.9584465616,348896.1404811089,344500.74191318714
2024-05-14,330459.3478733218,339320.37476115447,347103.59883629036,373222.6682125878,366548.0673092744,365306.39089587505,360485.2801334314,351608.6613413712,347064.9057555308
2024-05-15,336624.53479975316,348089.32346639794,352401.8568321387,379879.65833757044,373061.02960563253,371996.3314973995,367161.1786836675,358129.64625290583,353474.1930091356
2024-05-16,335940.67017855507,346615.35917022557,351001.95561142126,378724.9503850211,371982.7906036955,370961.5448735417,366206.30287971196,357264.4824500275,352666.05889070965
2024-05-17,335777.20727612276,345771.37700487906,350931.45464935934,378101.82856173656,371336.64108158153,370368.6648230723,365730.3480877835,356749.697799073,352154.2560341337
2024-05-20,338118.42899847624,350154.0111824583,353095.2023791629,380816.41914793616,373914.2881599172,373047.3451436954,368447.3053877586,359569.9792496953,354847.9297966077
2024-05-21,338779.9791984369,350485.1463912467,355220.87522767053,383045.0417769049,375980.71664709726,374973.4620140838,370276.3413025938,361055.2035805696,356127.40950633533
2024-05-22,339713.08189645736,351569.5526197632,355295.8909219427,382723.88382137317,375746.59064573224,374870.9268146157,370293.11712532176,361520.3266278077,356652.6765038686
2024-05-23,338184.9291127204,351595.58548843634,353533.9561291563,384487.21859656624,377527.904392494,376110.87099314807,371138.4710848373,361764.5222185618,356679.973763166
2024-05-24,341382.9151248577,355014.0466431725,357699.2521036329,389763.9756766956,382465.2490438488,380979.1344023482,375683.0165114446,365945.3294844408,360583.9292731873
2024-05-28,342672.58286533237,358067.76641722384,360734.55100349174,395617.25309528713,388086.2153687614,386208.07170144067,380516.80277989665,369720.7089725556,363795.1654509805
2024-05-29,341257.28508157993,357817.6664565708,361473.468831739,396260.85820037517,388545.56865344604,386253.5637076178,380361.7224640614,369152.53816916485,363043.9244243117
2024-05-30,337601.27933653665,349381.4959011874,355315.0168066648,388655.8506322917,381392.337750915,379689.03062553925,374189.6355461289,363883.7483197107,358140.38250153605
2024-05-31,336973.22842422803,349074.5912852511,354714.39085405396,387729.3210025283,380639.68868777185,378996.6348208275,373710.95168048167,363655.4959278741,358005.836666971
2024-06-03,338782.5532027033,350909.37166377396,358032.48267551337,392915.2837220913,385272.40693674475,383057.78330726654,377446.7214191859,366773.2018572132,360722.439007198
2024-06-04,339709.6385513778,351124.9461715024,359644.59810688207,395022.52848564176,387506.6196262561,385212.6523128368,379471.2424482196,368365.9924285168,362174.76857231534
2024-06-05,347558.0958089006,361070.3012163606,367115.0142141456,405047.7941384652,397135.23980619974,394881.76189336047,388868.8217212671,377470.7925515687,371001.2937983687
2024-06-06,347438.1461597872,360048.90199371515,367530.6947590254,404986.8002603045,397023.6756634447,394695.2064792437,388653.60910898185,377218.45909651014,370713.1795383602
2024-06-07,347130.7143281497,360022.6428672381,367960.3719287462,404832.7499693848,396869.7957202965,394524.7395874731,388482.7437556154,377022.76766982535,370422.8795457482
2024-06-10,348532.83160267194,361266.75988106517,368578.119956519,406118.2941476136,397901.90268335043,395653.0044116222,389547.5166002706,378206.03033043904,371681.2935707286
2024-06-11,350924.70735604974,366334.5692978575,377405.42697259656,412632.4834209855,403418.29611637886,400617.41836566525,394068.4309113609,381964.1666261069,375162.445838018
2024-06-12,356520.9998634371,375211.45886919764,385470.84811102203,421420.7491650158,411440.78075407556,408290.5656224706,401552.50840549316,389079.04709334776,381953.0521423345
2024-06-13,358453.4737038276,378920.7304235818,386364.1674560407,424671.9512101438,415011.3510948628,412424.66340948193,405440.70583046915,392164.34450478404,384615.13780386804
2024-06-14,360310.6925868496,380391.4040173115,386491.7687516954,426695.4416083349,417918.7726547708,415362.17941065814,408153.9577154482,394339.3924555409,386540.6251750578
2024-06-17,364724.44117082545,385026.2921825508,390692.69826302264,430546.44404162385,421599.76534347027,419531.7200467561,412371.49826594995,398611.1964169147,390760.1651369829
2024-06-18,364837.2422376009,386569.1890670405,389139.6249312063,430633.55487689027,422043.8063079073,419936.01183155674,412823.51728152204,399250.13619815954,391385.7403621642
2024-06-20,363025.12001230055,382271.0861291641,387171.1459954919,427034.8263235806,418647.31657991564,416378.5499748582,409505.6543080351,396287.5430867509,388632.04451825144
2024-06-21,362052.42581989185,380289.74744101305,386790.33771349024,424790.4902178933,416460.13816024666,414047.46724411956,407381.0187657161,394467.2919519734,387011.45173131226
2024-06-24,357930.59804505715,373312.4997616449,382889.0751535053,417719.8516297869,409310.0209753703,406976.71473287005,400591.8588040537,388510.8693388243,381388.9580486296
2024-06-25,362023.7513434116,378657.31378032704,388474.83477041975,426915.97052371217,417947.1895700435,414863.7913426672,408048.80863621517,395183.4808762447,387562.40972001455
2024-06-26,363771.3392391589,380414.3779890308,394989.23069383577,432525.2470905136,422930.23195542453,419324.1131306156,412123.8455978329,398473.6181269938,390470.3479294959
2024-06-27,364710.363724953,381173.2746674429,396816.2996198176,433345.99094637,423744.6821054466,420092.40302656515,412917.9036698005,398900.8759395888,390888.16991410323
2024-06-28,362817.18993466615,381035.8450226695,390621.0145855365,427596.5709809762,418907.0323089379,415936.7821083623,409131.1828548366,395725.5369291416,387947.42052716936
2024-07-01,364945.1841327252,384776.252394505,398639.6562510068,434580.007586088,424989.78883268277,421591.4927178226,414318.88080591534,399791.9469630592,391573.15173371416
2024-07-02,368776.95292308496,387333.6653841316,403055.86280524306,438683.0494013164,428867.6232519676,425555.4470453223,418249.90636476874,403502.07262058806,395157.88795236254
2024-07-03,372851.4989510199,392807.6416598461,406966.85421647405,445542.3043380946,435665.7732450707,432289.8511785394,424677.30980887794,409130.0514695495,400415.0963067898
2024-07-05,376739.13910694787,394808.498874135,413523.72179363883,451430.4894946674,440939.6865644785,437289.5547629739,429516.17138322204,413427.14069867297,404494.34184444725
2024-07-08,377635.1455016162,397458.5365222284,413914.4974764055,452396.87274221086,441953.84934888093,438587.4570099934,430818.7349142489,414749.73977991636,405695.4381902896
2024-07-09,377961.5903574354,396610.5440702736,414132.554618356,454301.197542567,443792.53724498244,440218.34664134507,432334.74703105964,416018.81853010395,406777.83953829994
2024-07-10,382902.4386574511,403056.52370996535,421033.979148776,461951.4150155249,450945.26964088803,447078.8298661301,438951.8104280286,422348.751524334,412903.18380428286
2024-07-11,374505.35918463685,395292.246157027,408367.834539999,446073.06500802084,435949.5260327441,432646.9491088436,425170.5135482746,410173.4155511139,401722.48316528933
2024-07-12,376705.48396867607,398971.8862494918,409685.90094461094,447636.923109191,437678.878955624,434424.92188435496,427088.51911652356,412335.2697468237,403921.626168706
2024-07-15,377718.02831186145,401017.581321974,411336.21319968475,448933.86934100464,438977.7315124187,435936.8169233852,428646.9467094955,413611.86908269086,405031.7333866001
2024-07-16,377862.6775037451,401502.34221769584,409299.648511488,445852.35673755826,436258.13074810774,433602.27950417215,426676.0870352067,412312.2804369403,404140.4402928648
2024-07-17,367770.5638509733,388036.57779995765,398971.2870019518,432183.98187218845,423596.22848044755,420888.05573119887,414210.8906780682,400228.4341043883,392534.93308998377
2024-07-18,366030.0880461628,386018.9554782501,395423.93408491503,431088.85602997127,422744.5945196812,420149.1507430968,413267.0698927746,398874.9907623993,391091.1780599237
2024-07-19,362785.6835421861,381437.545851526,393027.6372234307,427185.9990576118,418572.75344501925,415743.1602937343,409000.2781804024,395084.92882027855,387397.1746384486
2024-07-22,368190.4243591689,389035.3978877564,397619.78769443627,434990.60256766586,426030.2487431753,423149.2817031632,416257.3177903633,402020.12585473544,394116.88942743186
2024-07-23,366892.6437054479,388316.2457832973,399559.2636993382,435903.65075043886,426403.5233427074,423295.0472383627,416176.3640892707,401374.0532495941,393195.8188907249
2024-07-24,354732.0657644342,374073.93038027995,384318.5779419909,416378.2741645232,408127.73987410084,405521.2638033123,399072.660539486,386104.3615196594,378787.4946350143
2024-07-25,350820.2260568247,370555.257060527,379076.1691986461,410363.97164173564,402687.79988407984,400117.03201680473,393757.79131090373,381099.4687374521,374106.9437039031
2024-07-26,354418.21207268233,374941.8837871202,382708.49430859747,414052.7404978043,406407.96997259825,403978.5978169372,397668.653762984,385108.74418307986,377813.04902785586
2024-07-29,355130.1667576766,373559.7079964293,383875.5196503226,415059.59903959953,407199.4571650879,404636.6975854824,398332.676575524,385776.4010333886,378492.75246296346
2024-07-30,350253.72498772776,366428.97110079566,379654.00920018606,407657.0660985296,399911.6896471542,397324.1083498159,391269.31989531324,379358.589617271,372517.03573352774
2024-07-31,361619.04978019994,380248.4088270699,388758.6023531815,422921.1395513682,415243.65801811503,412950.9017686656,406512.0752058846,393530.4253400954,386011.6763134887
2024-08-01,352860.0727292939,366504.75582448195,382927.2918767429,414223.02117767907,406216.8676738275,403267.7091744988,396784.8450352076,383896.22367941047,376665.46136472013
2024-08-02,344484.96844804427,357514.24866617535,373990.8231785188,404772.03099131753,397123.62315068365,394274.68315241474,387869.00803073944,374953.59920900466,367923.88301640894
2024-08-05,334213.7710796586,345002.4107255497,358146.61437301605,387287.30518358655,380515.81587522983,378564.04788192606,372810.20546009444,361552.8319376727,355195.9340123453
2024-08-06,337407.1972520227,348429.9812521688,360575.0754912515,391638.47813968116,384832.09224675037,382849.55477859674,376938.347104821,365443.2450005975,359060.643898292
2024-08-07,334753.16641123395,345379.85170260567,360541.79569713864,388445.45721771603,381385.2790401314,379093.8547317132,373199.3968467763,361998.18089315883,355836.9664068357
2024-08-08,344993.6024425714,357343.94809473434,368424.03714136285,399572.08346943086,392645.40678273526,390766.34313176596,384785.1566148358,373245.48739027977,366727.34641138784
2024-08-09,346795.28827792587,359619.92380413244,371883.8220104047,402877.3707797457,395604.82699616207,393561.58772879414,387322.22281690594,375495.85961990454,368809.6694601934
2024-08-12,347542.1362808612,361486.38439888513,373880.787438264,405834.24725206674,398315.64814138896,395992.95547812845,389565.16642742517,377293.48731764965,370378.53423431
2024-08-13,356165.5900549364,371933.0533331702,382688.74768455094,417384.12551941385,409534.26617522776,407087.28930966574,400797.9082815274,387828.7884703311,380403.5605247736
2024-08-14,357281.1278355446,374571.2378997773,384314.5926601423,418844.73118385515,411241.2445708614,408704.4574239408,402256.86373483815,389361.8823115863,381877.1141018806
2024-08-15,366307.190577942,384648.7823380365,392638.4767822425,428975.4010255806,421385.7980029506,418893.48834440584,412228.3943799988,398964.1255379016,391252.1827273319
2024-08-16,366778.1230519888,385537.4101344087,392991.60727541253,430039.11617726024,422634.6886863127,420018.10422427504,413262.76236386347,399739.3844240748,391997.2131542156
2024-08-19,371596.13551801816,390909.3296320036,396862.08065850585,436681.9909967952,429393.20872792223,426587.65225823683,419633.0619129584,405744.86727786314,397763.0501735848
2024-08-20,370816.3010871111,389603.3707307768,397213.4696640236,435612.00590268924,428353.37059694796,425565.0397800482,418658.25985362515,404744.3664869565,396710.1544822926
2024-08-21,373545.8183551433,392818.0752681387,399066.8496828117,437977.8394371317,430738.40891706035,428043.61498077214,421176.88786416873,407334.7871093048,399455.7007981548
2024-08-22,367623.3100036819,384597.90575348865,391842.66073420306,429157.5597892128,422214.90044150676,419676.28160905506,413010.03022379783,399765.53238140314,392181.56367905706
2024-08-23,371610.33342954813,391448.06780867086,396219.07205150364,435828.5443863014,428779.7452350934,426160.806010823,419141.3428746515,405242.28932686744,397496.58256113355
2024-08-26,368002.63503194664,387742.9262166132,393416.9690153794,431691.95418351184,424855.9502450418,422160.7260326953,415244.29792855866,401359.7672457435,393736.9767465305
2024-08-27,369101.98932253243,389551.6654238162,393319.2931800451,432171.7523624963,425697.2726731687,423361.04412602924,416583.8121039277,402772.6723715753,395092.67697190196
2024-08-28,365913.61676844483,385415.6761308749,390361.8733041422,428008.9957540278,421375.4863998833,418970.90014072193,412301.7634963367,398971.79265420657,391448.98910766206
2024-08-29,365378.01022592996,384387.1653989362,390451.5802972321,424251.85627105064,417638.6537709886,415578.4116061191,409191.8461106223,396576.6971791357,389387.6561251788
2024-08-30,369733.0545822918,388379.41978088295,394640.742600581,429395.1927997113,422745.7355609157,420904.3779730602,414441.78933701565,401580.09270698996,394229.3620738614
2024-09-03,358507.6521021246,371273.5284843359,382883.8371156431,413166.71047661355,407069.0681418657,405290.4399825637,399230.23995301453,387213.45110225474,380490.266953049
2024-09-04,358576.0561856269,371475.12764089927,381418.3994103252,411900.41301345476,406129.9470764536,404732.98994133616,398801.0337023657,387070.58720282855,380399.52548891417
2024-09-05,358910.8392608078,370647.3137761572,384736.58844344947,415416.06479281373,409207.4813038503,407304.51452586637,401056.80111258576,388486.24202701246,381488.5908472947
2024-09-06,349296.5739457153,361745.7122649972,375568.8894018868,402945.22789747216,397069.2121574548,394896.52177360945,389060.17038485146,377584.5321814993,371138.3003239162
2024-09-09,353788.44913633453,366630.73799437366,379387.71640364104,407812.57709769986,402096.2665323915,400107.60334787046,394242.6367104839,382560.22629952605,375956.2340623312
2024-09-10,357058.05729753897,370348.7723485463,383687.3668100921,412559.19561029866,406589.32664592454,404654.65857170447,398670.49905568425,386451.4108696091,379628.8936250031
2024-09-11,365811.7544375789,382021.34619061585,393986.18602508184,425858.83557369217,419387.58592160547,417266.16737284185,410949.27647770435,397623.32266215375,390194.8088327376
2024-09-12,369402.5308572338,384960.06253443763,398047.34546771675,431665.2099946285,425103.70034129824,422801.05776695616,416159.99897374393,402134.4594017079,394387.163362244
2024-09-13,371057.41922533954,387232.18249240605,399131.9395666805,432965.6261589422,425955.0755179914,423962.47511858866,417440.6013383779,403715.9657522608,396056.5770355038
2024-09-16,369418.17006438196,384960.06253443763,394881.7531804833,428839.9553133248,422092.8083445302,420296.3798622749,413965.5186774519,400752.38679682865,393394.78436549386
2024-09-17,369613.2625467727,384762.80399253825,396742.6700744571,429903.2147970625,422769.8135663158,420823.1322717215,414465.97580340906,401225.70346968167,393817.32387665554
2024-09-18,369013.027062815,383987.2256170901,397976.21137474116,430008.0725407951,422442.3549505488,420277.12157578615,413845.51237549,400539.5630008808,393145.85870670853
2024-09-19,378343.2540330235,395343.2374786342,409409.94917410857,442971.03694408305,434922.56872551376,432604.0580663233,425880.9788698905,411671.4603916484,403782.040226669
2024-09-20,377623.12797895196,393958.7382659084,408277.89136042073,441597.70160737465,433551.85047420656,431331.2211432133,424500.58090007945,410207.9864954553,402409.820186697
2024-09-23,378624.09908642323,393822.2803693651,408140.2050057253,442162.29784672183,434511.8439332018,432449.284813271,425587.2044527341,411172.1159738187,403278.3801624991
2024-09-24,380450.4013897111,397375.7330901282,409376.0695915755,445432.5645118814,437839.49802417244,435571.0268299332,428507.15804600355,413755.8565723243,405771.0154435768
2024-09-25,381803.15514817135,398641.7986715928,411246.1187405942,448468.47702457465,440781.9880266669,438375.7483230547,431116.2853280648,416034.787785013,407877.6376767374
2024-09-26,384671.673007851,403585.2169940455,411474.3310089239,449104.9968457093,441465.1759150372,439423.71090968535,432501.63516366255,418465.3054303479,410445.6999432628
2024-09-27,382534.03910838143,400590.592399743,409117.76617643883,446230.54449959827,438627.8067127627,436467.3994492499,429595.35349955823,415742.38259418175,407936.11974452727
2024-09-30,383571.4345162556,401658.87936917285,412625.3481183518,449419.1121865327,441444.90990273893,438966.93422792497,431898.79180852906,417567.41515877045,409590.1324377855
2024-10-01,378227.3497675817,391564.62922251236,404559.0611527529,441259.54280026513,433538.00601936283,431135.3427095889,424289.1306153123,410632.6651523812,403057.21406238875
2024-10-02,379761.7824687727,395030.0397206242,404815.73067342467,442021.77271541755,434574.132193021,432439.49655738083,425617.0787772442,412103.1251079544,404570.84996095416
2024-10-03,379478.1205133263,396581.66919987305,404605.0368994058,443709.5856731959,436161.8775049865,433830.9270518528,426803.65395641484,412842.601888851,405175.3734818573
2024-10-04,383993.1259331347,401662.06778799254,408681.3639912453,449176.60458267335,441587.37993543973,439278.5855700152,432149.7120620321,417858.9017797108,409975.4104356604
2024-10-07,379879.9547083041,398778.6177259155,401596.5276799828,443358.9077390052,436138.46110506554,433990.443036684,427032.1110455284,413095.36614460824,405349.0420631738
2024-10-08,385553.2909783758,406049.24892644736,408509.7763551059,452161.37365300866,444906.5818971848,442551.68685359875,435225.75322481175,420513.0387473836,412354.26141996105
2024-10-09,389586.9776200589,411594.19067753304,412515.60868858965,455049.18873808533,447967.90036360186,446038.30784054566,438801.6337277645,424266.9099133262,416062.1254584341
2024-10-10,389144.60910104477,411965.9051436209,412684.8317299647,455764.756474784,448635.79823780735,446326.846595112,438844.807308007,424175.97938999365,415909.6610456572
2024-10-11,389752.84450599377,413239.0663556946,412210.70627254277,454798.0096042847,447642.3773493253,445372.56219062285,438101.5031488968,424040.52556281997,416056.7860992522
2024-10-14,393023.49791690276,418359.4871112402,416112.14723847166,459711.3232305499,452362.38692218444,449986.90045996115,442584.1504091523,428286.7273949068,420197.2142324919
2024-10-15,387770.01559398416,410816.50761583634,414979.8696426993,455460.1688727887,447807.93405113695,445131.5449735611,437630.4889699332,422637.1725810201,414533.32581561315
2024-10-16,388817.43048561754,413337.53492706467,414936.14515773254,457253.6158400429,449958.6838386219,447167.9095734296,439486.713241448,424366.4003434572,416249.2056342474
2024-10-17,389086.7100207089,414965.6021898034,415690.4789463618,458129.4994396998,450743.7522632353,448044.84261482564,440274.0990889056,424894.7389920589,416657.73380948335
2024-10-18,391637.06482327526,416393.7157303782,418528.6229337114,460876.4253741556,453879.6873636112,451081.8069922562,443334.3339275854,427932.99783520005,419569.99303594255
2024-10-21,392389.48004069395,418718.6287181193,421510.18558390194,465661.285862144,458367.1883179441,454976.6671337903,446831.454009838,430535.9560073911,421804.75106000406
2024-10-22,392817.19233516586,418428.94836282986,424038.7049488906,467842.8966226016,460115.87979637313,456503.33908694866,448285.2632331846,431720.37529817334,422821.01109338977
2024-10-23,387797.72410228016,412930.13406244316,416794.67047029146,459189.67736179224,452033.9258526906,448918.73607076483,441107.37375985645,425349.7999839181,416829.14081961825
2024-10-24,390942.28389039496,414334.0163596227,419685.42375719856,463599.75523629476,456263.9353703092,453164.5603886999,445232.0974315673,429069.5123209422,420231.87241191405
2024-10-25,393324.55211638834,416298.0730514156,422996.2577338233,467690.4619240482,459915.64404079365,456543.6686434599,448496.45592765446,431975.3242031839,422918.6132486724
2024-10-28,393388.0743733391,417148.63102822844,423673.12180854793,467798.05245999485,459772.2708325061,456426.1817837296,448435.4528142076,431880.6784074837,422922.9044704026
2024-10-29,397167.856730962,422079.5782627212,427532.6353975079,472347.0102126796,464097.00103373686,460963.3974239254,452873.86148063047,436085.6779395179,426937.6306911715
2024-10-30,395166.27709808794,417547.0158117744,427235.20585314726,472057.31759475154,463336.6116572992,459587.3530374031,451267.7768684632,434415.71448766015,425260.3099958157
2024-10-31,385191.19687651226,403668.54378865537,411404.210262492,455068.7554830033,447796.00330664456,444884.7649639887,437381.43577087595,422038.55897703674,413481.1085797565
2024-11-01,388041.170715334,406559.2630512932,415540.454815948,459358.4252989288,451849.116111055,448744.65413417656,441215.43149153935,425585.4989892895,416910.26582709176
2024-11-04,386910.7471891944,406164.2036297937,413149.2551902634,457014.68099036184,449783.5197112872,446784.82524495077,439258.1636826701,423909.26373762503,415357.7116763431
2024-11-05,391846.518452352,412049.6635227729,418516.6632599575,464106.9479246043,456700.79867677134,453523.4591208818,445749.73142464407,430089.7179303507,421178.16728186276
2024-11-06,403490.3358618508,425957.6959391987,428762.99617579667,478007.26126705913,470640.6636774763,467634.11565006967,459630.17967590305,442978.71980416647,433662.4136502959
2024-11-07,409842.9846131453,434685.14446695027,437002.1586180783,487804.3686873718,479702.68232293637,476371.8007613892,468118.9786307431,450379.4353843739,440631.2744846946
2024-11-08,410321.8829923997,433920.78254390135,435537.0057094785,486775.03048660187,478979.22918119165,476036.8250589034,467960.7980457735,450375.14386610774,440676.5276889793
2024-11-11,410082.4830063458,432148.8992672498,432646.24271581694,484648.1649320268,477209.86371538334,474187.4045142678,466371.3560769831,449116.80036329164,439648.44969624665
2024-11-12,409340.1732972508,432906.29301393084,435042.9347950923,487146.274115194,479621.0468338757,475832.83907721576,467530.78928670974,449582.18700557895,439967.55230644904
2024-11-13,409813.52285007626,432162.19694365415,437479.87191862526,487593.95527086157,480133.6809131166,476141.5632834482,467828.6748927885,449585.21709277475,440046.6391319724
2024-11-14,406965.41114024405,430407.0285826,437404.8260996066,485916.74256173184,478278.802349798,474121.933407018,465817.1326666991,447409.4167167629,437837.83757977554
2024-11-15,397269.09095560666,419939.0488508024,426394.0220998407,473732.58978977986,466373.7547486756,462458.73698088777,454387.1035171396,436452.03328634606,427218.23296617006
2024-11-18,400029.2087737059,421171.7630390541,428583.8072504258,475975.9341233374,468623.68609223794,464988.9595522332,456933.3787144062,438959.0382797667,429639.56285886787
2024-11-19,402781.2867911591,426360.5261043794,433746.6374204896,484011.1864029211,476160.5220102593,471598.2245589762,462837.1011749932,443705.17154832114,433944.0228087096
2024-11-20,403549.26702282263,427813.2654457909,433184.3525540881,482876.5274491324,475421.08900114975,470754.5861352547,462107.47399711824,443537.791998679,433991.717484277
2024-11-21,405000.9161741329,432323.04874148266,429683.07736239425,479164.57085143175,472748.43161056156,468701.5252857729,460537.8137159942,443194.5719315815,434132.62689394073
2024-11-22,405650.51903282007,433928.7434196607,429340.382174586,476784.3222594157,470764.4413973089,467073.3780785433,459011.45452164183,442027.5612380685,433289.1906367916
2024-11-25,406292.11156510515,433726.1525622016,431023.22970344394,475562.3077055463,469066.2816242465,465652.1402153731,457664.8952650526,441330.5368578946,433015.8398679565
2024-11-26,408473.61517850123,435038.67675214226,437765.70509529277,481550.39534358075,474446.8699396225,470442.37586594967,461963.9774148693,444938.2096685351,436345.845410091
2024-11-27,406257.4938512958,431563.76811751834,435534.70782982797,478669.7133423557,471633.2978634686,467621.1495052273,459335.93212678976,442434.7215282867,433839.44155168283
2024-11-29,409827.26647922903,435405.2744758088,439567.6759974514,483899.9499313265,476798.2271922865,472745.6505724096,464358.54308275884,446904.35958946677,438058.34237927524
2024-12-02,414289.42030355596,439687.6009639672,445829.08788280486,490667.03543234576,483024.2986897085,478763.1129056822,470084.4003459742,452173.8512915322,443003.0141434601
2024-12-03,415559.66195987904,441968.71598951134,449908.9550981822,494978.1969340999,486790.49773859413,482092.04635059135,473075.1937205758,454378.69004415296,444932.44958534796
2024-12-04,421697.2853483484,451925.24256369803,456959.7148200557,503838.79474595265,495350.6635795139,490195.3799095357,480818.7061515339,461446.98069650715,451860.17769126163
2024-12-05,420528.6636598644,449667.11259550205,459116.13680623303,505289.23033710464,496671.5539849493,491145.1232922074,481436.2397872463,461206.22596755635,451246.9647833661
2024-12-06,424292.25154411606,452002.38458748785,462671.63013329153,509241.79320202133,500548.5611245731,495212.4208282047,485272.22850376583,464676.109792547,454609.5323193887
2024-12-09,420988.1128415571,448629.23310764553,463552.62897745543,507805.07205193973,498015.8463890507,492300.65472518525,482241.92504957254,461601.7662464484,451669.63534414145
2024-12-10,419553.4707227948,442191.4550988115,463769.23619355704,508425.6964471452,498166.13946054125,492023.9159333144,481894.0619257652,460938.64147398714,450848.32002214604
2024-12-11,428064.6475038963,449958.8556254051,472470.4603176559,521273.4271973723,510367.4173804108,504075.1397597281,493532.6351170437,471475.94827903423,460722.2491340958
2024-12-12,425301.89585174184,448004.9081054163,471332.622176188,518035.35588242486,506481.283428692,500275.6948164896,489935.60657433735,468091.5380339468,457562.23365756293
2024-12-13,428557.29521891795,450120.48826747196,470439.57862169767,518551.69016532315,507583.4655100719,503324.40794889774,492688.44415253535,470201.7848669428,459430.10730293486
2024-12-16,434728.8881721327,455419.9028511506,477479.1415950698,526865.4550662877,515150.1943668429,511418.23341774126,500288.2009601052,476752.40438981017,465463.1805563471
2024-12-17,432814.37508470216,452615.503002598,478428.47859792586,526400.8285669547,514206.82955783565,509818.15898325527,498740.2042918902,475396.1921781026,464015.18095129845
2024-12-18,418199.82806497195,438174.4833171627,463309.05644822615,509515.0201699517,498070.11794022325,493667.60152646306,482989.0206929515,460470.65869362885,449526.38132100133
2024-12-19,416337.3875035437,438548.328256943,465347.98878698907,511107.3011540651,499243.1179854648,494227.4183491494,483293.7026219155,459638.73892165115,448577.3851948164
2024-12-20,419973.08294910134,445474.34100692463,469372.09865545714,515774.6123718577,504014.2598949736,498912.9159335994,487815.58895526285,463949.33952761686,452835.5588979235
2024-12-23,424064.7411058876,449593.3095991707,473282.4525418878,523216.62886719604,511300.1627071714,506438.5734547151,495029.2629106577,470424.06759456464,458839.3519633929
2024-12-24,429815.0082425675,454530.48113810254,479776.0248961509,530842.1778340416,518804.91984350333,514003.72715900495,502395.72175693576,477081.9678733098,465161.73353821976
2024-12-26,430523.0643070264,456320.34017212695,479673.0445026482,530600.8320185205,518717.3232588459,514210.796735656,502672.3397213441,477463.42460642004,465566.9547050788
2024-12-27,424800.0906965216,449202.3377096093,471805.3899062876,521404.15738605685,509962.562979549,505791.7636354637,494644.0529632098,470352.7096681541,458845.2266407009
2024-12-30,419150.2229549791,443597.0720209587,466270.9104569405,515739.25721141894,504450.8422572335,500003.8922838422,488872.71523943247,464709.95504112943,453365.0508476301
2024-12-31,415589.6268764853,439518.5724497482,461246.34883143904,509103.3145314129,498186.0361044558,494011.8217925729,483220.64735750953,459887.80471784965,448881.7636941829
2025-01-02,415776.7306449823,440193.46521555743,459149.3772978194,509078.7144013391,498255.69955570623,493993.55506950914,483206.95399918547,460158.94846193405,449204.8460243562
2025-01-03,422581.0334024449,448383.2289239242,465747.7449427733,518819.1297727936,507336.2978008897,502665.6894895089,491656.35155524756,468051.4018055581,456850.7617468817
2025-01-06,427437.66688068985,454532.58234869834,473031.4288032413,528611.7805014625,516143.3304335457,510784.74428915995,499268.8869575694,474908.71776586334,463329.339179237
2025-01-07,419810.35723336367,444536.2697615492,462933.3960285596,514933.2955031095,503145.2633547108,498529.12450893933,487706.3450337277,464930.131614714,453998.5426114275
2025-01-08,420883.7145941892,445061.5816085239,464272.266385467,515722.28738562495,503997.4475146923,499453.84974110953,488649.09063837235,465983.3375447038,455182.0654076588
2025-01-10,414283.8028378797,435575.23590842163,456525.97837399953,507309.99168828106,495392.07891261915,490969.1114385471,480396.07793279056,458195.0691250122,447755.9969326589
2025-01-13,412952.38216468313,432010.8534262284,453392.7721664803,503737.0934166656,492311.14097505005,488350.29225605907,478044.4220357246,456117.28836653713,445849.94917205564
2025-01-14,412560.28654443,433040.33703764365,450381.5536253608,499726.79187439877,488675.9337538626,485095.3306223776,475110.76415133395,454014.2754885365,444044.13526303874
2025-01-15,423051.75580748805,443640.3426151665,463897.95291270426,515760.27898376924,503735.1592802423,499516.2752089907,489007.80175239645,466940.2555003154,456271.930052339
2025-01-16,420087.8807999486,439918.3072493931,454784.6684474845,506608.6101041861,495592.1836136741,491851.6663113648,481815.8979552319,461330.62402790814,451381.9205261732
2025-01-17,427178.3507656982,446543.88353888365,461691.79528886336,515669.54843224917,504642.50451286946,501063.47759755375,490736.9238000937,469453.73596464767,459065.14691066684
2025-01-21,429683.81041753996,450194.6827318671,460674.22472899355,517111.1291213788,506580.51483869704,503250.72965755995,492982.82431824936,471711.5453463284,461375.58678124245
2025-01-22,436177.58784819575,460211.459245009,470924.3826794275,527896.1351342895,517325.6505446422,513395.67633676785,502608.0932776904,480176.77540147287,469335.99675218534
2025-01-23,437104.9105600384,460974.54415283777,471570.43711221137,528760.3122597471,518423.14067418966,514559.98041664576,503735.0339943381,481249.75114547776,470437.4418742757
2025-01-24,434634.7608742438,456545.434915536,469244.78376085154,525798.0634057815,515448.52500206546,511613.6052018344,500753.5185925838,478177.8658190658,467607.72834186134
2025-01-27,421980.5791992724,432760.0362662926,459347.6789122438,503488.18129519315,493088.452021538,489333.25032994687,479855.71077836334,459730.98729256896,450310.47123957734
2025-01-28,428217.3017868678,446261.0558005372,473858.5818107317,520364.58384944795,508374.0204312067,503147.8203937296,492552.2552558093,470134.74255127955,459952.6423652124
2025-01-29,428413.180953998,443074.4753870308,471546.1225035022,516220.9160064042,504746.88308470894,500256.18932648347,490199.54476610874,468578.39818831824,458595.10652216576
2025-01-30,430239.2045308334,443117.3894921993,464869.5268761098,514434.4660857583,503494.025578354,499792.3584445563,489982.39876059256,469387.0486728055,459774.86458059313
2025-01-31,429614.05790382146,440765.6350348539,464290.25426416076,513098.6035963269,502038.7565233995,498729.33112786384,488922.85418476764,468273.41899716697,458616.21554265637
2025-02-03,426175.77677098516,434503.7335538651,456165.8726103787,504380.64174531645,494246.99270098703,491519.59485870623,482121.41835629643,462398.4404102893,453219.3861656494
2025-02-04,431407.2722950811,440329.5539334078,463313.74585695454,512374.3486012341,501590.8337011824,498605.6112978066,488801.65117411135,468088.802871062,458454.86756028794
2025-02-05,434364.9882973525,447541.4255620047,462056.77284630784,511805.7519765932,502370.86389491975,500273.61943358707,490695.0354310195,470724.2116571846,461316.51337476925
2025-02-06,436632.2697620963,449217.81116950745,465711.58207555173,516378.3982591877,506643.67776980647,503992.95056769217,493952.794388111,473615.23259875004,464079.84620522754
2025-02-07,431124.7605684892,444933.56298314803,456295.9438265456,507753.09430989507,498851.2348400645,496259.2223176046,486461.6161137306,466895.9073719481,457619.0804515101
2025-02-10,436343.664222557,450528.852130039,460119.8887081229,513035.54939627106,504593.39687887556,502497.3731480249,492524.2148755504,472513.9071021833,462997.0129315508
2025-02-11,435304.8466747515,449941.3687809811,461338.65094246756,512489.1828069848,503953.3828685805,501908.78479953477,491960.1511680291,471672.80415227736,462125.30988441984
2025-02-12,436560.4150758628,450353.92945465446,462553.2201043141,513295.5748270486,504953.4781558014,503005.6510995985,493124.60938532546,472887.37769879046,463224.5406119564
2025-02-13,442840.64170331147,457340.26585429435,469052.24066961673,521629.9981751342,513180.2635195426,511004.00196503033,500892.6417855908,480248.86477209965,470181.6834737812
2025-02-14,444699.95379087806,459436.7932881297,471127.33259444166,524701.97630466,516322.61174286413,513862.7539209118,503408.0114301761,482363.0721712036,472124.94718326407
2025-02-18,445708.0942290126,462474.01817170624,469485.878551088,522391.3923330184,514180.4868364556,511735.47769718076,501639.2763510043,481835.3951807507,471869.8580367616
2025-02-19,446832.0517591707,463158.11395801324,471933.01350202993,524486.2416736692,516246.84012374113,514026.51365431736,503985.6733442446,484284.3909421613,474258.023407404
2025-02-20,444935.4329583839,461611.07870998146,471253.33817500377,523343.24322643684,515017.644988729,512831.6254138276,502942.24874932796,483387.2067782545,473279.7079057313
2025-02-21,435700.96302421234,449112.0968625373,462261.69448220875,511378.24558616866,503529.3552459604,501535.0064917605,492037.076478426,473550.08904704236,463760.9571188216
2025-02-24,430557.8552681921,442563.9920555529,457597.6845028372,504337.59848831705,496584.1225252724,494562.3746137861,485481.5519026426,467635.72748930496,458210.55350277823
2025-02-25,425133.1146080501,436023.1829161095,452082.23021939787,496004.8768506069,488887.28246187634,487257.86354825494,478494.0013063098,461255.50294874265,452237.76680317585
2025-02-26,427160.0844430638,440275.6357220636,452245.730442986,498421.1399873062,491286.37643464777,489831.4188482684,481166.6918734325,463864.9691822966,454809.6794785891
2025-02-27,415297.30786262185,424769.6665197676,439952.1093823836,481339.7996848295,474776.884224541,473470.7441324637,465416.4063534389,449343.88255003875,440907.49298775
2025-02-28,421855.4961309781,431628.2711391038,448144.7186081831,491201.1269516899,484362.2295082587,482882.5536521602,474560.4128202843,457687.5838674139,448832.83254412364
2025-03-03,412624.2166095178,417117.61348508275,434985.56631520396,474251.3657626967,468467.62447779154,467693.0670701531,460174.60384945455,445115.7484427294,436966.40567433176
2025-03-04,411379.0223595534,417002.21247561177,433506.2713194261,473526.09213959455,467654.5932340652,466665.80978754215,458983.20540882426,443617.3836148721,435446.0848210713
2025-03-05,417741.78633503994,424291.124323539,441452.638293244,482033.79396545514,475756.916514403,474633.9162172423,466783.52253133553,451027.24296933744,442517.42826225003
2025-03-06,406249.94100669364,411235.41755752685,432241.70944515656,469122.76837822516,462663.728814689,461539.6923926361,454078.285491294,438886.98471848737,430803.66532670986
2025-03-07,409237.3367523576,416303.02453211613,434420.760478028,472467.2176670513,465992.8100461569,465343.52724078734,457921.6406013841,442488.52325532696,434280.0920033741
2025-03-10,393376.81538698415,397651.89429368795,415648.37965413515,450559.1409198715,445156.4101160489,445121.61358638643,438331.99437089765,424471.2324987354,417131.31109748245
2025-03-11,392436.44660776743,396422.92852791847,413925.31528176565,450661.0447813456,445300.95196724846,445003.15800545935,437930.1190262145,423561.85658175085,415922.6852270244
2025-03-12,397863.4635151866,403271.33255538606,418978.10053900426,460002.2546991486,454358.75497628655,453556.45387047913,446013.0339604405,430802.3778305395,422545.65659899946
2025-03-13,390705.68241985084,396009.68616368243,409215.7791496366,449704.4728533548,444162.75359904405,443829.2766148885,436753.6552500115,422407.0697017375,414500.95776374044
2025-03-14,400149.214869442,408018.1263311018,419697.0955534794,462414.2666707442,456513.59809562826,455706.0470351018,448271.8161428496,433302.4525505389,425035.5877202895
2025-03-17,402743.6836128147,410438.6157524077,417580.23516003985,459283.30553561077,454335.69034403755,454180.91942617705,447105.90938120766,433254.9583671171,425496.2943390316
2025-03-18,395877.95676741324,404611.96680545807,410370.7090818755,449269.16163939354,444646.7505712171,444856.9889494602,438239.5296277967,425160.53417848144,417815.4442380549
2025-03-19,402175.32019679365,411098.0354254005,417125.26257239695,457142.98859836516,452291.03548456274,452395.37145694974,445435.6497707595,431825.47200669034,424271.4109563596
2025-03-20,400812.1517962509,408795.1195026259,416124.968025486,456343.16954994964,451373.89708408003,451214.59020781977,444311.0753954023,430694.670841907,423080.5006347806
2025-03-21,402133.5456397785,410175.4494872757,421122.25166870886,460980.8279114427,455471.03807534033,455027.89722097595,447833.8028275921,433138.1348302749,425147.6484666893
2025-03-24,410958.09263572807,418006.87247479445,429867.1635173429,472276.4469747767,466244.4984196671,465428.5768772248,457870.9194619219,442558.020685994,434262.7338459222
2025-03-25,413303.2333866628,419766.4238047953,433884.33084171684,476148.62049045175,469879.613146933,468650.2253928416,460914.03761114395,445213.91864049836,436692.1975152523
2025-03-26,406698.1791429142,410670.07398983964,425231.2066224916,463854.6665960269,458412.5832617714,457753.8848506453,450704.556597971,436312.2222785934,428524.0638300721
2025-03-27,404380.8011913151,406324.2260932769,424807.24930953566,461225.4820430234,455873.2641932777,455130.4579776086,448230.35921472136,434043.699990153,426399.15651827515
2025-03-28,393734.3625042221,396115.7906759317,411355.9654350642,446953.1956647233,442379.31715011474,442055.11823955027,435573.4183643117,422226.2389553298,414951.63528807164
2025-03-31,393717.5908515639,395488.8054019911,411280.0820945873,446182.34479529265,441794.420656559,441736.37376406626,435451.1162866284,422062.39244122535,414862.05914111936
2025-04-01,396891.35519043385,398813.738157616,416423.7548098057,452169.48208312,447163.98724232457,446649.78353574954,440022.0697395465,426029.76998883876,418624.24025568424
2025-04-02,400788.05182739015,403095.04014869215,419922.1218234199,456021.03923492297,450945.093016308,450464.3375274742,443819.2842220858,429755.1164719659,422332.3255941287
2025-04-03,379332.44454294693,373899.45664750296,390895.99423321,425395.22438451747,422247.4590893509,422503.7646986374,416683.6873434894,404428.88060539844,398022.1422722421
2025-04-04,355772.5241807796,349850.0341498654,369509.70082936116,401493.02317831654,398247.08980010217,398108.7436551821,392391.3847217758,380711.1255251637,374856.39738438604
2025-04-07,356631.0785361377,350844.1493218471,368565.4997695539,403108.8547096583,399850.4681728461,399886.9722676582,393967.8952827722,382184.97989020945,376019.14160377224
2025-04-08,350208.6698072624,343833.9999404333,359162.1792861674,394322.7415213909,391640.2232127663,391862.29594435083,385938.7632870351,374529.6019236048,368576.1996656115
2025-04-09,393244.5164167721,391185.8535058846,408875.6804678526,450452.7405788295,445692.1111130693,445230.31175194564,437931.15963375365,423275.9905304993,415586.6404986742
2025-04-10,376518.9572215052,373589.84970756364,391114.42604706954,429540.21236882854,425611.1432715559,425265.3433432118,418301.89419251715,404541.0643957697,397594.90487872856
2025-04-11,383455.6276648665,381189.7196925314,401126.9162350032,439799.4379338775,435170.8838912895,434552.66132108925,427326.00073645235,412997.5760369665,405783.0671139649
2025-04-14,386054.7655392287,383879.2255142177,402047.60549596575,440308.1360959756,435950.5737805135,435501.6776780572,428441.6696468119,414449.9961345628,407399.18349018286
2025-04-15,386485.12416257657,385330.27864763234,400117.9591367042,438696.3981280167,435040.6742486259,434899.6270965112,427894.58948190295,414130.32300527213,407158.2779409901
2025-04-16,375831.20973333996,373109.47237481887,385626.49211747816,422300.49311480235,419364.2187613175,419762.9789511746,413208.66071921366,400719.91437703586,394421.40584173024
2025-04-17,375763.5779713092,371478.19187396835,383819.17480295076,419216.848238968,416831.7348521588,417546.92385461717,411162.2522185954,399134.8799913414,393140.05780464597
2025-04-21,366464.61372641905,361352.2164773818,373361.6560160156,406797.644562863,404994.20895153144,405945.1378905599,399965.1230225235,388773.0037614582,383100.8381088952
2025-04-22,376085.09536366217,370243.6715491188,384163.44116949046,418172.98997723806,416145.5791570847,416887.71271062153,410624.3671765468,399010.3101148541,393094.3872670881
2025-04-23,385614.0040020392,382288.15261570987,396655.4414139311,432026.3576928527,429090.45098754717,429475.25718116184,422803.86414426134,410316.1870930393,403881.4028027324
2025-04-24,396464.05507523834,396662.2881460774,408098.24717795686,444556.8188614164,441022.06518910447,441638.0472690043,434663.46968316357,421146.1887467261,414436.1368528949
2025-04-25,400883.82830188825,402674.1526485538,414895.90469588677,454131.7659619154,449664.8241895299,449280.2996995135,441853.4074140551,427396.08319614787,420232.5022048435
2025-04-28,400756.5554342229,401908.0312595106,413782.1364734565,452195.20814644283,448014.6694146289,447906.9035771703,440628.6662517529,426512.73305389495,419434.2402008771
2025-04-29,403403.3722528061,403853.040926205,415572.48350727174,454126.12417013815,450118.5843725601,450038.67633651535,442809.921308514,428591.7712024995,421574.3339801159
2025-04-30,404352.4318219544,405810.7830923235,415746.95414796117,453699.3518035378,450177.759143065,450485.0096004994,443365.31103390444,429819.8397731307,422857.436513463
2025-05-01,409633.55164962384,412974.96970062604,429292.8524150054,466435.2861561842,461386.12201271625,460407.9721966131,452318.79532148957,437013.04396117124,429450.6054169359
2025-05-02,415714.1505649996,419171.6146793846,430603.0818908437,471263.9033436665,466699.4906925193,466138.062714759,458097.119450946,442946.6307325542,435408.63001928444
2025-05-05,413247.8943932935,416335.52924133703,425200.2145139267,466573.06627642195,462249.85342735774,461849.9030789351,453987.2520275611,439380.1346229761,432126.09205959865
2025-05-06,409404.0127385937,412812.4285086676,422648.7833409018,463575.8091943783,459560.1245942104,459272.82707120717,451360.23768987984,436398.296060446,429268.0527341642
2025-05-07,412011.2816704342,417933.7497241779,423790.21177374065,464578.4252796476,461203.3376977423,461433.8459386042,453774.28682768124,438953.48678781954,431784.6210914989
2025-05-08,416265.24079700274,422871.8415401351,428210.14952507557,469202.1114908159,465249.8536639505,465278.64019972895,457443.2082495659,442351.92001323187,435058.82303116797
2025-05-09,415992.4144093734,422886.698888262,429133.80044854403,469654.3548088548,465598.2694817368,465682.61666554736,457728.90619249374,442423.2346365209,435154.49982564186
2025-05-12,432940.0574177603,442868.65080066863,452104.78424130357,494353.0182894595,488233.454485889,487683.6651238788,479121.3376081596,462753.4141170487,454653.89824158116
2025-05-13,439538.4005418115,452715.25604227546,459203.5233675808,504960.67128083913,498499.84199376433,497552.6884749507,488444.6982798802,471141.0114837807,462512.50044916524
2025-05-14,443172.6134548255,456928.3961101114,464330.958526079,513304.0077298328,506292.5221842185,504650.25441209367,495067.22019652755,476658.2577812544,467600.67202284385
2025-05-15,443659.63363925164,456720.6655775623,460917.5469944257,509850.63817338034,504282.511992351,503279.21772234834,494002.3152916372,475822.9923967945,467111.66712810117
2025-05-16,445590.5946249484,457581.3220430841,461798.09467892285,511373.1882658976,505982.031571081,504926.59685320134,495633.9898980176,477566.52628522593,468917.15364044084
2025-05-19,446017.9057356531,456371.9587782942,461711.39845655917,511305.88736668986,506038.50668687985,505149.9954632377,495892.02878748946,477969.61739375396,469359.9142066422
2025-05-20,444531.1655543624,454769.2189087934,458699.68053149886,508028.04012033594,503015.9547565702,502396.93122082885,493341.4074881248,475854.7713032338,467359.2658442948
2025-05-21,439353.63958014594,447058.51577748207,453423.230122877,503428.43020653655,498600.2291988077,497982.258714959,488901.36847501213,471322.50782341324,462784.3770527453
2025-05-22,440175.7885376402,447809.51911872183,455448.8197025734,506134.94337529317,500916.34886678896,499857.72931030596,490593.06170487596,472538.52025479934,463868.25900307193
2025-05-23,436099.4403150682,442529.814114791,448163.72999740177,498852.9251189716,494225.0847342643,493625.93104225135,484945.5591963106,467495.19176453515,458842.4367170626
2025-05-27,446358.72240206815,453401.70102332527,460266.98996917106,512985.29942273593,507775.4856384974,507008.6320972779,498118.28169889195,479765.82026528043,470595.13653516374
2025-05-28,445380.51200395916,452349.31148381176,459597.9549668631,512240.56820696563,507034.3071042176,506457.56060485874,497575.44415817765,479031.78369774495,469633.53479357105
2025-05-29,446256.05056853045,453974.06833019806,461996.2554707858,516089.5680894056,510469.77279182663,509640.1337805287,500555.3935556872,481574.1388229331,471897.0178806221
2025-05-30,445552.27518804325,451916.9943452806,460700.7674903734,513088.82611782954,507923.4178131887,507447.4624708803,498421.3073373071,479259.09530515515,469830.49972729327
2025-06-02,449071.3103489411,456023.5040415084,463998.64901738,517287.8298136576,512057.12131109316,511776.4210269313,502622.68366760534,483155.07780525746,473513.84107064974
2025-06-03,452581.6940472499,463290.06357915816,466230.20430275006,520597.13944621605,515734.7931641196,515800.3091303947,506583.3642649229,486900.6930058097,477241.882488024
2025-06-04,454843.4360119072,465542.1001164151,469007.0059567336,524183.3023735674,519226.2327377844,519301.349313777,509981.6132723781,490072.69312756386,480193.6489154177
2025-06-05,451419.9002654174,463458.27552006906,466082.7794600694,518476.5036123329,513661.10996311856,513859.79502157314,504784.7124828757,485873.14559713664,476325.9586770595
2025-06-06,455832.61605695117,467864.91686984507,472863.5963718172,525657.4492211613,520019.56910790113,519240.2870968334,510069.00686473807,490832.7620281217,480951.79329233884
2025-06-09,456503.6301206443,469896.48771493,474387.37654112984,527986.6324833806,521906.0446453682,520957.7677348188,511786.8271827996,492256.6859769954,482253.98680532037
2025-06-10,459522.876192925,471860.7703961102,476909.1262670643,532211.4611637936,525762.7503419647,524767.9328424258,515563.8054751052,495873.2031080883,485707.16726408806
2025-06-11,458974.5001384512,470993.56968437834,473817.0618984,529440.2369413269,523272.2576811195,522686.6859686684,513654.3894386179,494279.70667536807,484194.2466763772
2025-06-12,460052.04586283985,474376.66576450574,476241.5400833076,531777.6498314211,525617.6188041486,524924.7885458347,515756.332096096,496196.00093747483,486007.79352074215
2025-06-13,454276.2587816637,466517.65424209274,471104.3411965966,525485.4902431655,519148.1999916691,518206.892620046,509102.98901956494,489649.93823455076,479546.6494838856
2025-06-16,460595.18994607276,474421.5893631856,477605.8035188734,533256.125549007,526843.9322024859,525858.3760702178,516630.81086378463,496935.033007435,486484.6446588861
2025-06-17,456103.8000672817,470933.6715528053,473927.14322281175,528929.8531817647,522290.7968445836,521063.9294509176,511812.32645629003,492253.04400241334,481922.88695822674
2025-06-18,457026.17777853564,473430.6195664816,475598.09346892737,530712.2486292084,524128.04919618333,522884.33726191265,513527.6842757321,493797.60808712407,483310.45557826286
2025-06-20,455160.0604111713,471397.9659154476,474042.2572873279,526951.6157654362,520901.51322007825,519961.13773222914,510842.7109066688,491479.8708023361,481108.9257254708
2025-06-23,459840.1954709952,476400.8863842784,478241.5524882983,532308.6884311127,526441.6821994565,525620.9668941079,516180.9880835982,496466.6649212395,485934.10937149986
2025-06-24,466872.0536610537,484974.09270123404,482818.0427872545,538719.8748460952,533178.6312830596,532773.1294151824,523262.28119917033,503676.49053072935,492993.205808213
2025-06-25,469065.6508549078,490054.36020160327,487473.4840631985,545214.4646540558,539276.677046,538383.4720390148,528545.5697218532,507976.8261345393,496690.3813919937
2025-06-26,473451.55960844667,494277.6573474779,492240.62192907213,550721.1496309772,544652.3157765592,543782.940219261,533843.0176912206,512946.2861136118,501469.027033927
2025-06-27,475072.4620669858,493984.2068997758,496162.49689749494,556112.0527078575,549751.1221888645,548528.6424284304,538382.739494788,516894.1047340878,505127.5293626904
2025-06-30,478149.5160316137,499055.42916041124,497722.8710777905,557414.5064111666,551408.9381210811,550573.99019328,540457.493472725,519100.70906378893,507411.29691962997
2025-07-01,474119.02446522465,493908.9300794913,494059.87122380204,550223.7860904395,544215.6488169255,543535.1910168711,534021.3047571662,513687.09415965964,502594.94986603025
2025-07-02,478421.4402785693,501176.50950171903,500044.2304079558,557925.522678824,551214.2847399372,550357.7069373137,540616.4961117348,519630.87884565454,508088.1653256705
2025-07-03,483129.18364728865,508150.1165639441,505666.056845117,563822.1676337254,556958.4928272387,556038.2133637498,546053.5964748285,524690.7917388853,513045.0503367827
2025-07-07,479489.8185438332,503671.94291575823,501316.48885878024,558365.8682321504,551642.4545807056,550721.8837292306,540829.4869865518,519874.1682247797,508407.08880643017
2025-07-08,479759.0594652865,506046.794295511,500040.5702546508,557841.0506805159,551297.9305412406,550462.8450363202,540763.0484764882,520115.06322463375,508732.2007133772
2025-07-09,484155.25986249774,511283.66522196075,507187.03483518865,565888.500266672,558741.3366530288,557472.4134540961,547287.9723236316,525703.749748673,513948.76457430085
2025-07-10,483458.9358292717,509569.0080318297,508149.8071915399,567470.3338211155,559804.165576703,558240.2443382393,548039.373400369,526288.7061661929,514307.6816778421
2025-07-11,482371.0330595341,506358.63926409197,509331.11913843587,568812.1646315266,560695.6216659824,558865.1556479778,548441.8372159385,526124.3738332494,513909.21603802737
2025-07-14,484120.47305061604,506381.28401970206,508210.67416266014,568491.112237583,560761.2251276423,559072.3525541762,548696.8168161737,526393.3337393595,514287.0808144006
2025-07-15,484564.3121588945,510679.43460600945,511851.9234950841,573629.7812357289,565491.2240788898,563426.5391024954,552606.923626457,529265.5502909044,516643.0370595559
2025-07-16,486060.41163893987,513945.57726558903,512769.71574470063,575099.7816327042,566963.6995007861,564911.0170873388,554165.9711278138,530561.5021669094,517862.4782947637
2025-07-17,489994.0707280342,519145.1869319851,515577.5961859259,578645.471353629,571043.0753852794,568984.2328196127,558015.6711075967,534042.0950727878,521301.0139354511
2025-07-18,489523.0789995767,518850.09200874233,517016.05100097717,579852.7388237914,571251.7343843748,568834.3442750213,557776.7101041198,533841.8783274412,521226.5282598096
2025-07-21,492061.1118482758,519576.55446364987,519961.124453079,583287.2718363273,574644.7549013702,572431.8173212408,561276.2843471912,536789.0606805169,523987.88804544794
2025-07-22,489514.2974348351,514505.60803973064,516740.4944140502,578379.6582284047,569616.9272234559,567357.4578204188,556702.2068328013,532955.2254141637,520789.8229321594
2025-07-23,492747.063816511,519592.7191252159,520181.64745915274,583368.3093577533,574445.8423686766,571576.4464394556,560673.0749908766,536298.9859942569,524070.4230132105
2025-07-24,493795.91207012755,521063.87973385246,523502.26940602856,586473.4280031413,577407.7304604724,574560.2769849738,563256.193645951,538295.0904044386,525934.5319257636
2025-07-25,494984.4779855212,522246.81447591673,524558.8075111307,587736.2894517094,578376.0544748928,575341.4279632934,563897.1830848785,538895.5559161255,526589.4556041496
2025-07-28,496531.3520980527,526379.6014982194,526911.6431401495,591626.1185950631,581898.575497535,578861.5009815452,567317.6337358818,541762.546078068,529126.8864511735
2025-07-29,495762.2610980864,525462.0669936166,523711.85891738837,588583.13220748,579265.5357299648,576734.8050459374,565325.9837573617,540159.3539107608,527835.9564587256
2025-07-30,497426.5638517199,527614.7380196908,524926.1854253912,591574.5305241022,582444.6265673557,579888.7170492131,568294.8820151666,542746.4464476905,530258.9318548791
2025-07-31,494790.6128940296,524590.9101638468,532713.3689612333,597656.6678833257,586693.3684369988,582424.7402476139,569862.3665392668,542483.7192712504,529475.3838341013
2025-08-01,485043.79323583544,512381.5799087789,515987.52219888405,581345.6996020935,571815.4492210437,568564.1829390917,556684.3489377764,530805.2996007495,518356.0208029145
2025-08-04,493993.6824845608,524028.5942508496,524263.6983708718,593545.0380528439,583555.1481915117,580027.6086227762,567743.3616484501,541016.4232116658,528382.8806301308
2025-08-05,490639.72534603963,519333.32857061917,520868.44564080925,589161.8383515968,579124.7717706815,575580.8320270154,563399.4836267496,536172.7227784828,523631.14093271043
2025-08-06,497813.5032392142,526639.3431300994,532491.6526708698,600658.1126823068,590161.0476018281,586117.7519044902,573065.3841081266,544355.8526151133,531286.9740393265
2025-08-07,499498.27472523466,527666.9981971601,536075.3005788589,603894.9234667815,593422.3370078532,589356.101198573,576147.044330885,546974.9459669997,533429.4205340254
2025-08-08,504157.65857755276,532348.3772123473,544198.8863660843,612712.902591126,602001.4825445983,597490.6792465718,583928.5925564374,554126.820220794,539953.971117871
2025-08-11,502665.96188228176,529234.9864774391,542291.2325274054,611207.7777792386,600561.3687159788,596046.5776295871,582343.4603735197,552700.4965656024,538409.1580758033
2025-08-12,508983.82801920135,537463.6934025686,548497.8340647728,618602.9038275839,607845.4964406369,603756.606693919,589939.8922564761,560179.3570961878,545631.5167705804
2025-08-13,510238.36997966195,539392.3721551603,548820.2772357174,617411.8565029157,606784.6444697975,602897.4254629754,589477.983305187,560462.497745453,546405.6276107995
2025-08-14,509842.7717962134,537241.7516378926,551767.4440681259,620060.6355379289,609149.1623148388,605175.2989505988,591537.2351592942,561898.5692812175,547438.9623627708
2025-08-15,507600.72489405714,533870.9610182319,549598.9465620534,617597.7389344405,606625.416340965,602722.0661343456,588989.7866775988,558915.963267889,544627.0877560215
2025-08-18,507398.4726913853,535419.0936198885,548362.6490724424,616808.1712682697,606205.9959194069,602342.8489675891,588672.1631107533,558780.6501967281,544541.1310904772
2025-08-19,500514.3949833105,525299.1947527272,540245.7409404202,605994.9745435345,595836.3670749759,592245.4109282071,579042.5778285658,550669.6088318696,537057.4828061268
2025-08-20,498542.6316338843,522547.05130249,534723.6555115697,600929.0685769762,591310.6600293096,588098.9671559146,575157.7369131827,547651.6934093082,534347.5425338184
2025-08-21,496234.47500417015,521164.0635780303,532419.1141490738,598222.0976776324,588590.2758147214,585301.9943114585,572421.8922724496,545109.97412219,531892.7760424208
2025-08-22,503890.07389604195,530401.859482495,541637.751345451,609645.5921511516,599144.4619321288,595288.1622591235,581857.7930859248,553614.637149292,540146.4269767749
2025-08-25,502436.4695849491,529110.5869134796,541474.1610754245,611000.8741751699,600368.1453083808,596153.2800143551,582392.5858786729,553425.0903285218,539603.1482261488
2025-08-26,504453.91616956267,531823.0696619304,543501.9927737094,613597.7720102615,603028.150143399,598924.9370121564,585154.6155011407,555978.1489384223,541885.5273465127
2025-08-27,506229.12492796767,536559.3146358104,546394.9980593681,615823.7628864045,605196.1956250924,601141.9538018177,587290.4170972176,557971.2624094421,543951.1413127182
2025-08-28,509398.14801872236,541879.6220500378,549918.2373015872,619133.7450604368,608274.4878025738,604338.2830169925,590308.6018479044,560841.5698326109,546620.199964748
2025-08-29,503501.6634792854,533573.8511377871,543815.5605754127,610328.4875208327,599626.5129010655,595743.7232839945,582115.385661541,553367.6888050816,539528.1212365333
2025-09-02,499282.1702277634,528054.5660095584,538524.9867987279,604179.6109330059,593874.6306211774,590430.5974048013,577031.4906294974,548487.1179644004,534738.2659866043
2025-09-03,504210.26964651374,531420.054370867,548666.9913314237,616580.5311034698,604942.8393735201,600557.194321944,586354.2375625717,556193.9822854643,541894.801575762
2025-09-04,508774.15852172166,534978.6437295276,555444.5296269914,623439.0806009625,611323.522395042,606516.6328986081,591945.2728289035,561549.4690508313,547049.4763224082
2025-09-05,509508.2447536094,535937.3240448141,551053.4435323548,621235.8220073389,609563.2548291526,606314.0571963072,591807.4927556436,561846.0420310149,547254.1166042219
2025-09-08,511993.6253971286,540638.7600157195,552966.9200906728,623511.1944565042,611738.5921558989,608591.0596261038,593856.7380481152,563864.3622745215,549223.4265125068
2025-09-09,513444.2045522917,541275.3256257569,553932.4819547269,626739.1441422899,614846.6170390103,611036.205797642,596148.9229039568,565994.3839885172,551135.0210562032
2025-09-10,514612.2097894735,549315.9133556529,551802.5610879028,629562.191605068,618557.6060220182,615888.7813420037,600602.7562283331,569031.1606759388,553486.1685235286
2025-09-11,517607.535294056,552266.3937304456,554258.4673387817,631865.1740816737,620022.3436976955,616849.4758224362,601733.9783302079,571470.8812161452,556205.4746504044
2025-09-12,519893.89546124474,552881.086954971,560340.0146705927,638141.4124692952,625364.4425864067,621605.2222923192,605965.3347100354,574749.7895384943,559004.088822849
2025-09-15,524342.5699841527,558305.6015768879,567643.0170478065,647023.9924525102,633263.9457181308,628870.0660658104,612804.9178154801,580765.3982681244,564520.0148263198
2025-09-16,523899.43264449557,556415.4081357401,567342.3625904608,646283.1954558113,632267.9293648978,627756.1979001192,611831.7862285433,580111.831469771,563935.1788264366
2025-09-17,523853.8026222892,555363.9813683432,565299.4918030248,642123.2349583681,628755.092736975,624339.7740836754,608908.0202134987,578307.1193439525,562535.0128501565
2025-09-18,528577.4310288642,565224.2698652345,566784.1422923156,646218.5271511497,632780.6638945057,628158.5021598028,612799.5203853713,582931.2349269504,567159.4496473529
2025-09-19,532155.5293975404,570504.6426822151,575166.00994037,653510.1863443471,639264.3527481821,634063.9139854426,618467.8447965095,587567.5588479228,571389.2133186361
2025-09-22,535305.886904575,579726.1014349906,581247.9718520895,659991.9452008953,645098.1825733365,639181.2045078952,623507.3949594288,592401.5428014993,575967.8635630218
2025-09-23,531750.1921926002,573768.3463623757,573015.3291526698,650620.3942185141,636584.5898838581,631579.4108548934,616489.5696456668,586469.0081275537,570419.001844474
2025-09-24,530883.4933513986,570536.8661109293,572425.3054720545,649895.5230149865,635866.3830769245,631153.4966835496,616147.2329967791,586058.4856869339,570133.1228237605
2025-09-25,528594.7177415341,568815.359948396,572101.0199281377,648090.7321033526,634263.0505755052,629330.3543802557,614215.6916019485,584002.2637923424,568082.2932855124
2025-09-26,530767.6592091256,570258.9613734497,573832.8542479908,650143.9766989807,636052.8689556281,630927.1387871784,615887.2798982294,585786.3107157472,569972.668765891
2025-09-29,533225.7350740804,573701.9264277664,575896.2132087133,652444.601519945,638153.9191290666,632390.977836841,617258.8788514293,587550.8732050888,571839.3121233826
2025-09-30,534686.3593716257,576380.7125424513,577661.4644949201,655476.5594556717,641208.3512839336,635361.0855417824,620019.3750168479,589813.3541409677,573909.7474064941
2025-10-01,538251.2036232584,581927.6386852354,580655.506246455,658817.8000164205,644217.9193053596,638312.6547353778,623167.5910622415,593688.5728265785,577612.1178450698
2025-10-02,540463.9730181115,586157.6509927349,581790.766469976,660156.8994187169,645467.9985444002,639783.148286867,624752.5389237098,595682.7499663746,579650.0542665096
2025-10-03,538188.7742211634,584363.5738380345,580112.9442286857,657227.5728550792,642506.1550941458,636913.4908541992,621960.0489420833,593289.0435334974,577448.332240708
2025-10-06,542230.6539683715,589397.8145660217,584038.683267823,661478.5185451711,646877.2100507623,641264.3752512024,626364.210603244,597607.8973193337,581616.612360481
2025-10-07,539375.4800073502,583992.3805627048,581056.0203049514,657237.1507041103,643518.8107775252,638232.1423145519,623313.8083871106,594011.8246376845,577996.7203666503
2025-10-08,546558.7812613028,594913.9283876865,587041.1281877835,664606.4880354684,651340.4603536376,646489.6922538938,631502.1049597722,601862.8192338069,585533.0122522654
2025-10-09,545897.3843264867,594619.5188961249,586393.8078525794,665928.0729980669,653014.7360803342,647913.4352391696,632633.3892019162,602402.2214754157,585785.465228107
2025-10-10,526946.8766594306,570366.5706047957,565215.2933368721,641273.4842911527,629440.1222612703,624421.2343382651,609855.9977959883,580911.7103700417,565175.6329621726
2025-10-13,538129.3962754697,585208.0912635068,575560.7766456321,656377.2045134649,643823.6934576358,639514.5511574331,624487.7351140337,594611.5130388839,578219.7523000466
2025-10-14,534544.9384301618,577733.1163298569,569438.4894721603,647128.4414814679,635222.8783408282,631246.7707803571,616851.5871087916,588229.3446998936,572472.0815664388
2025-10-15,539317.19222265,584101.1684964425,572920.1243514474,652234.4233990242,640283.8048774691,636651.8893959854,622295.5985890118,593508.4408309873,577522.3263259559
2025-10-16,537320.1444061527,582223.3520473836,571355.9797655925,651339.0692231662,639150.1898352806,635441.5562685657,621049.7634152995,592350.1929378101,576233.2004950314
2025-10-17,540848.5459518685,583627.7470324876,575685.5819635255,656227.8986013028,643953.8176278078,639876.8723581131,625425.3086221113,596607.079366955,580283.5882514426
2025-10-20,547663.6054852577,591402.7110548323,585334.4482168227,665045.624198585,652363.279093943,648073.6758664087,633464.1738114589,604338.1056741109,587744.0878582683
2025-10-21,547520.3825867171,590805.2326416215,585895.6843704245,663002.0993014819,650431.3375473719,646083.8172780487,631714.1711507106,603032.3573644429,586668.3764364403
2025-10-22,543245.5732969497,584821.7909163487,583082.9137989718,660212.681369541,646483.6571801198,641718.7853433911,627300.4236632203,598956.7254735976,582679.3121677869
2025-10-23,547812.3450526964,592477.9021569253,586660.8024785109,664738.0764178847,650591.5859650495,645766.7959006083,631400.3898321535,603389.7645591603,586910.141874502
2025-10-24,553662.0272813122,601711.7736229458,593708.9067490819,673145.1130458048,658406.0282960335,653313.9418845393,638586.7708011415,610269.7756688584,593376.7596321702
2025-10-27,563522.3589970511,612492.4212448244,606334.9880746123,688871.6398804717,673202.8981153485,667913.2932730408,652726.8957099067,623093.8654472124,605423.9511787809
2025-10-28,567855.7442605637,618811.6008192557,615258.994968775,700544.4890278387,684491.1814967602,678488.3705030911,662368.5715073033,630826.1977613675,612246.4158606433
2025-10-29,571412.8173391956,623993.2603488935,621444.733543725,710059.860989212,692951.5100214398,686389.9772447746,669574.6663561387,636196.0710181758,616922.728008044
2025-10-30,562676.7305312181,615764.3922361989,608908.1640739123,695197.7782139026,679271.5009630747,673110.5603883194,656832.3675145737,625060.3306532638,606522.3794590641
2025-10-31,565391.008694587,617523.8325280765,613258.8895108951,697917.99035848,681854.3817228898,675456.3689602123,659264.5793333151,627166.1583936427,608488.7614472932
2025-11-03,568096.3031968807,619656.9655816326,617813.2585634568,703490.1359289881,686768.4017739336,679492.6527036013,663080.0774867242,630763.8832066503,611807.9159043605
2025-11-04,556565.085275858,602918.9240317545,609197.7800191378,689676.8094279483,673133.1202528782,666004.353080463,649883.259512059,618204.6120165734,599990.9282949007
2025-11-05,561187.1541236982,606417.9794782999,609613.8219311248,691908.5784824108,675488.9524385639,669252.6091494487,653723.766071432,623139.586050295,604846.5653018239
2025-11-06,550733.7564765479,594518.2254652053,599030.5510303557,678984.7383715505,662635.4143310942,656544.8790412894,641262.9714842178,611657.540522309,593776.3814929615
2025-11-07,548995.9865757592,593715.0275234842,596867.7277607652,675161.1322218525,659259.7282169517,653209.0191816319,638117.6366442129,609013.8662317676,591495.5758253076
2025-11-10,561142.1004209899,608531.2385774469,610012.5799679677,694000.0613499497,677261.8715715111,670310.004051697,654401.7666514046,623932.1858419618,605411.7320090279
2025-11-11,559647.4880039361,603018.0088319464,611415.9898897405,691838.1444396544,675000.5443001675,668169.7377912531,652571.3085794923,621925.8969493461,603553.8451172346
2025-11-12,560206.2819520456,604696.4367705929,608702.5134145076,688553.41996,673268.7146835446,667433.4379653375,652354.0849664658,622532.02283237,604195.8508143969
2025-11-13,548769.1141387739,587660.8669818362,597179.6840668126,672857.9033799729,658753.3761687935,653143.5122997314,638506.5361318724,609543.0933600356,591923.6756462812
2025-11-14,549184.0064902798,590707.1795305773,599095.8279167756,675314.3545523325,660795.2176799506,654929.2666312914,640138.2420915379,610668.0316121222,592860.9090084292
2025-11-17,544493.692982347,580896.6775670634,594229.1715262692,671797.2413301344,657163.4245896672,651091.072556799,636169.9846884838,606518.416252224,588753.7296285172
2025-11-18,537864.0439686812,572218.7618177396,583259.2903228367,660501.4539272604,646884.9383386833,641431.1347896326,626983.1356049248,598060.0779188607,580887.4075818949
2025-11-19,542075.159215539,577108.5832547178,587221.683160462,668295.4374292986,653980.4566135182,648444.103075975,633651.4157901207,604159.6524231614,586637.7575420622
2025-11-20,529243.2555130848,559996.4898047023,577452.5856731295,656420.7305969368,641593.2737362687,635851.4801729942,621007.6698797515,590913.055903152,573916.4575326836
2025-11-21,533219.3086923584,562492.5045107204,580693.2218820212,659946.8002034152,644602.1369730671,638682.5182239679,624157.9268055575,594780.9026976327,578034.360427858
2025-11-24,546855.4887333672,576623.4759739586,594925.128426217,680682.9996265712,664265.289950069,658674.5263613905,643074.9396875969,612066.8759754008,594169.2157668417
2025-11-25,550226.1458124127,578391.7578910924,598015.1643400062,683401.636406516,666198.3687841836,660694.0270801012,645166.0671207266,614840.9789133304,597088.4670339342
2025-11-26,556087.7674198551,585432.2418833611,603090.1907009702,689013.496516104,672176.9830147262,667257.931499088,651612.109559351,621150.6351076327,603097.4039659168
2025-11-28,560596.0872326812,589562.8771629465,607024.7930903987,691870.5780431783,675198.3774573909,670798.4761556345,655229.8835050322,624954.6539835195,606822.6326584612
2025-12-01,558713.0638977751,589319.884501262,607533.9488462857,691119.5900110919,674318.956814199,669033.7257296643,653396.0616694174,623212.6197848741,605128.6332471136
2025-12-02,563085.5972991277,595449.0780304753,611433.9505898452,695046.318660957,678107.1382613605,672767.4423798122,657266.4781274509,627463.7927798943,609294.3698237287
2025-12-03,565461.6698942237,597554.1835070599,606996.4621231485,692465.748814958,675795.0012185,671087.8107648072,656149.5250448615,627330.1118812854,609699.8790411003
2025-12-04,564935.6359142594,600325.6166398136,607270.5349681128,694893.9952633836,677775.8129881087,672553.8707677346,657352.8964582353,627678.6349245824,609928.2313981944
2025-12-05,567239.1408813914,602932.1069794837,608195.991684571,697033.1152948594,679860.0593841403,674997.8730845241,659703.2306368457,630209.0410426746,612350.7016291791
2025-12-08,566150.86950451,608200.0846146056,608819.7172542117,696595.7846049551,679356.8711486388,674605.9866138829,659032.0319928484,629642.3472518359,611644.7533330799
2025-12-09,566849.1338720362,609519.0500681301,609408.1832336988,697715.558335099,680548.8773872014,675838.3478801089,660051.6021222036,630435.9328143751,612211.235328399
2025-12-10,570170.7683536485,612717.2937744961,609236.1153576334,698374.8566262929,681254.5078197852,676999.2658453962,661581.0443975898,632816.2281228709,614742.6620638898
2025-12-11,568326.6653784054,610499.7586771979,606703.8571116495,693097.5919794297,676333.0828566757,672270.8032197459,657199.467323707,629273.254818512,611669.8188069565
2025-12-12,557461.1540472034,592876.9227025629,598097.2528828155,680792.1240002991,663860.6384304689,658300.9324892388,643713.8266835617,616440.6841674683,599579.5944285494
2025-12-15,554663.0222081142,586255.6167638614,593112.1483419917,676981.1249140031,660062.014927607,653798.5792568924,639603.6223429377,613394.3566217185,596844.0526520523
2025-12-16,555762.2862981237,587175.6251363312,595427.2597054528,680233.951293666,663256.1887796577,656886.0179872188,642551.0245554681,615424.7118358763,598567.3633310967
2025-12-17,546460.111601737,575972.0073263824,587329.6317204362,666855.3971597311,650358.8553510534,644045.591200545,630191.9757677611,603873.9260774583,587664.5158625752
2025-12-18,554378.4175526025,584015.2190653326,595915.9501769952,677525.4690839022,660204.9623783112,653394.1716458377,639257.385934084,613128.6585599816,596434.3353640464
2025-12-19,561604.99145797,595780.3668010285,601735.2166163159,686268.0817365425,668936.4756344685,662076.0710158306,647661.677037393,621576.9729860071,604297.3286846433
2025-12-22,564296.9643279477,599912.4103644453,602368.236659605,689026.1565812068,671418.3116584012,664442.4687586186,649934.5215580595,624334.635791261,607105.0881366598
2025-12-23,566939.766959739,603263.6963326919,608899.0446339808,697726.3636226782,679458.5259643939,672116.3144839634,657044.8751887578,630187.054712893,612340.705078244
2025-12-24,569598.4392737744,605280.9097372977,611118.6108071107,699629.3430089056,681411.2805290531,674188.2632671469,659156.9887242148,632696.8878956672,614806.6482713748
2025-12-26,569561.8741305105,605952.266449142,611066.6397033802,699780.9023607833,681759.6950944059,674625.3516071595,659564.3373330672,633039.0470378009,615167.2400804022
2025-12-29,566804.8399644108,602737.5814929816,608811.3307337526,695818.6994559104,677930.5936206088,670901.85358413,656035.3803817487,630170.0369764403,612471.268643179
2025-12-30,565490.2280170652,600992.0540421865,608556.0104617814,695422.7855825116,677414.2102142818,670400.3041909301,655445.6423650354,629234.109041603,611532.0356147737
2025-12-31,561816.0956898405,596376.1877611952,605715.4820955344,692140.4028444778,674277.9001222309,667169.1174882458,652214.2336154773,625770.782531483,608100.8002690548
