etf,snapshot,symbol,name,rank,fund_price,yahoo_price,ratio
QQQ,2019-12-31,AMZN,"Amazon.com, Inc.",3,1847.84,1847.8399658203125,1.0000000184971036
QQQ,2019-12-31,DLTR,"Dollar Tree, Inc.",76,94.05,94.05000305175781,0.9999999675517521
QQQ,2019-12-31,BIIB,"Biogen, Inc.",35,296.73,296.7300109863281,0.9999999629753389
QQQ,2019-12-31,UAL,"United Airlines Holdings, Inc.",75,88.09,88.08999633789062,1.0000000415723638
QQQ,2019-12-31,FOX,Fox Corp.,101,36.4,36.400001525878906,0.9999999580802515
QQQ,2019-12-31,AAPL,"Apple, Inc.",1,293.65,293.6499938964844,1.0000000207850017
QQQ,2019-12-31,AVGO,"Broadcom, Inc.",17,316.02,316.01999282836914,1.0000000226935986
QQQ,2019-12-31,AAL,"American Airlines Group, Inc.",100,28.68,28.68000030517578,0.9999999893592825
QQQ,2019-12-31,CSCO,"Cisco Systems, Inc.",9,47.959999999999994,47.959999084472656,1.0000000190893943
QQQ,2019-12-31,PYPL,"PayPal Holdings, Inc.",16,108.17,108.16999816894531,1.0000000169275651
QQQ,2019-12-31,CPRT,"Copart, Inc.",82,90.94,90.94000244140625,0.9999999731536597
QQQ,2019-12-31,INTU,"Intuit, Inc.",29,261.93,261.92999267578125,1.0000000279625052
QQQ,2019-12-31,ORLY,"O'Reilly Automotive, Inc.",53,438.26,438.2599925994873,1.0000000168861243
QQQ,2019-12-31,CTAS,Cintas Corp.,62,269.08,269.0799865722656,1.0000000499023898
QQQ,2019-12-31,VRTX,"Vertex Pharmaceuticals, Inc.",34,218.95,218.9499969482422,1.0000000139381495
QQQ,2019-12-31,GILD,"Gilead Sciences, Inc.",23,64.98,64.9800033569336,0.9999999483389748
QQQ,2019-12-31,EXC,Exelon Corp.,41,45.59,45.590002861022946,0.9999999372445105
QQQ,2019-12-31,MCHP,"Microchip Technology, Inc.",66,104.72,104.72000122070312,0.9999999883431712
QQQ,2019-12-31,META,"Facebook, Inc.",4,205.25,205.25,1.0
QQQ,2019-12-31,GOOGL,"Alphabet, Inc.",5,1339.39,1339.3899536132812,1.0000000346327211
QQQ,2019-12-31,TSLA,"Tesla, Inc.",26,418.33,418.3299922943115,1.0000000184201194
QQQ,2019-12-31,ADBE,"Adobe, Inc.",11,329.81,329.80999755859375,1.0000000074024629
QQQ,2019-12-31,ISRG,"Intuitive Surgical, Inc.",28,591.15,591.1500091552734,0.9999999845127746
QQQ,2019-12-31,NFLX,"Netflix, Inc.",14,323.57,323.56998443603516,1.0000000481007683
QQQ,2019-12-31,CSGP,"CoStar Group, Inc.",78,598.3000000000001,598.3000183105469,0.9999999693957108
QQQ,2019-12-31,NTES,"NetEase, Inc.",74,306.64,306.6399955749512,1.0000000144307621
QQQ,2019-12-31,PAYX,"Paychex, Inc.",57,85.05999999999999,85.05999755859375,1.0000000287021669
QQQ,2019-12-31,GOOG,"Alphabet, Inc.",6,1337.02,1337.0199584960938,1.0000000310420993
QQQ,2019-12-31,ADSK,"Autodesk, Inc.",46,183.46,183.4600067138672,0.9999999634041921
QQQ,2019-12-31,SBUX,Starbucks Corp.,20,87.92,87.91999816894531,1.000000020826373
QQQ,2019-12-31,CDNS,Cadence Design Systems Inc.,87,69.36,69.36000061035156,0.9999999912002371
QQQ,2019-12-31,AMAT,"Applied Materials, Inc.",33,61.04,61.040000915527344,0.9999999850011905
QQQ,2019-12-31,KHC,Kraft Heinz Co. (The),47,32.129999999999995,32.130001068115234,0.9999999667564518
QQQ,2019-12-31,QCOM,"QUALCOMM, Inc.",21,88.23,88.2300033569336,0.9999999619524712
QQQ,2019-12-31,ADP,"Automatic Data Processing, Inc.",27,170.5,170.5,1.0
QQQ,2019-12-31,SIRI,"Sirius XM Holdings, Inc.",55,7.15,7.15,1.0
QQQ,2019-12-31,TMUS,"T-Mobile US, Inc.",30,78.42,78.41999816894531,1.0000000233493336
QQQ,2019-12-31,KLAC,KLA Corp.,61,178.17,178.16999435424805,1.0000000316874453
QQQ,2019-12-31,LRCX,Lam Research Corp.,43,292.40000000000003,292.39999771118164,1.0000000078276963
QQQ,2019-12-31,TXN,"Texas Instruments, Inc.",18,128.29,128.2899932861328,1.000000052333522
QQQ,2019-12-31,ILMN,"Illumina, Inc.",39,331.74,331.7400046386719,0.9999999860171465
QQQ,2019-12-31,EBAY,"eBay, Inc.",58,36.11000000000001,36.11000061035156,0.9999999830974371
QQQ,2019-12-31,NXPI,NXP Semiconductors N.V.,48,127.26,127.26000213623047,0.9999999832136537
QQQ,2019-12-31,AMGN,"Amgen, Inc.",13,241.07,241.07000732421875,0.9999999696178764
QQQ,2019-12-31,VRSK,"Verisk Analytics, Inc.",68,149.34,149.33999633789062,1.0000000245219598
QQQ,2019-12-31,MNST,Monster Beverage Corp.,50,63.55,63.54999923706055,1.0000000120053416
QQQ,2019-12-31,CDW,CDW Corp.,85,142.84,142.83999633789062,1.0000000256378427
QQQ,2019-12-31,JD,"JD.com, Inc.",54,35.230000000000004,35.22999954223633,1.000000012993576
QQQ,2019-12-31,FOXA,Fox Corp.,99,37.07,37.06999969482422,1.0000000082324194
QQQ,2019-12-31,VRSN,"VeriSign, Inc.",72,192.68,192.67999267578125,1.000000038012347
QQQ,2019-12-31,CHKP,Check Point Software Technologies Ltd.,91,110.96,110.95999908447266,1.0000000082509675
QQQ,2019-12-31,LULU,"lululemon athletica, Inc.",59,231.67,231.6699981689453,1.0000000079037195
QQQ,2019-12-31,BKNG,"Booking Holdings, Inc.",22,2053.73,2053.730010986328,0.999999994650549
QQQ,2019-12-31,INCY,Incyte Corp.,89,87.32,87.31999969482422,1.0000000034949126
QQQ,2019-12-31,COST,Costco Wholesale Corp.,15,293.92,293.9200134277344,0.999999954315005
QQQ,2019-12-31,ULTA,"Ulta Beauty, Inc.",95,253.14,253.13999938964844,1.0000000024111224
QQQ,2019-12-31,WDAY,"Workday, Inc.",64,164.45,164.4499969482422,1.00000001855736
QQQ,2019-12-31,NTAP,"NetApp, Inc.",97,62.25,62.25,1.0
QQQ,2019-12-31,ADI,"Analog Devices, Inc.",42,118.84,118.83999633789062,1.000000030815462
QQQ,2019-12-31,AMD,"Advanced Micro Devices, Inc.",37,45.86,45.86000061035156,0.9999999866909822
QQQ,2019-12-31,CSX,CSX Corp.,32,72.36,72.3600025177002,0.9999999652059134
QQQ,2019-12-31,FISV,"Fiserv, Inc.",25,115.63,115.62999725341797,1.0000000237531963
QQQ,2019-12-31,NVDA,NVIDIA Corp.,12,235.3,235.30000686645508,0.9999999708182964
QQQ,2019-12-31,IDXX,"IDEXX Laboratories, Inc.",73,261.13,261.1300048828125,0.99999998130122
QQQ,2019-12-31,SNPS,"Synopsys, Inc.",83,139.20000000000002,139.1999969482422,1.000000021923548
QQQ,2019-12-31,WTW,Willis Towers Watson PLC,65,201.94,201.94000244140625,0.9999999879102396
QQQ,2019-12-31,XEL,"Xcel Energy, Inc.",51,63.489999999999995,63.4900016784668,0.9999999735632894
QQQ,2019-12-31,FAST,Fastenal Co.,81,36.95,36.95000076293945,0.9999999793521127
QQQ,2019-12-31,WDC,Western Digital Corp.,88,63.47,63.46999940872192,1.0000000093158672
QQQ,2019-12-31,TCOM,Trip.com Group Ltd.,90,33.54,33.540000915527344,0.9999999727034192
QQQ,2019-12-31,PCAR,"PACCAR, Inc.",63,79.10000000000001,79.10000038146973,0.999999995177374
QQQ,2019-12-31,ALGN,"Align Technology, Inc.",77,279.04,279.0400085449219,0.9999999693774312
QQQ,2019-12-31,REGN,"Regeneron Pharmaceuticals, Inc.",45,375.48,375.4800109863281,0.999999970740578
QQQ,2019-12-31,MU,"Micron Technology, Inc.",31,53.78,53.779998779296875,1.0000000226980876
QQQ,2019-12-31,MDLZ,"Mondelez International, Inc.",24,55.080000000000005,55.08000183105469,0.9999999667564521
QQQ,2019-12-31,MAR,"Marriott International, Inc.",38,151.43,151.42999267578125,1.0000000483670284
QQQ,2019-12-31,ASML,ASML Holding N.V.,79,295.94,295.94000244140625,0.9999999917503337
QQQ,2019-12-31,CHTR,"Charter Communications, Inc.",19,485.08,485.0799865722656,1.0000000276814849
QQQ,2019-12-31,PEP,"PepsiCo, Inc.",10,136.67000000000002,136.6699981689453,1.0000000133976346
QQQ,2019-12-31,MSFT,Microsoft Corp.,2,157.70000000000002,157.6999969482422,1.000000019351667
QQQ,2019-12-31,SWKS,"Skyworks Solutions, Inc.",84,120.88,120.87999725341797,1.0000000227215593
QQQ,2019-12-31,INTC,Intel Corp.,7,59.85,59.849998474121094,1.0000000254950534
QQQ,2019-12-31,EXPE,"Expedia Group, Inc.",94,108.14,108.13999938964844,1.000000005644087
QQQ,2019-12-31,CMCSA,Comcast Corp.,8,44.97,44.97000169754028,0.9999999622517185
QQQ,2019-12-31,MELI,"MercadoLibre, Inc.",60,571.9399999999999,571.9400024414062,0.9999999957313594
QQQ,2019-12-31,ROST,"Ross Stores, Inc.",44,116.42,116.41999816894531,1.0000000157280082
QQQ,2019-12-31,CTSH,Cognizant Technology Solutions Corp.,52,62.02,62.02000045776367,0.999999992619096
QQQ,2019-12-31,TTWO,"Take-Two Interactive Software, Inc.",98,122.43,122.43000030517578,0.9999999975073448
QQQ,2019-12-31,BIDU,"Baidu, Inc.",49,126.4,126.4000015258789,0.9999999879281734
QQQ,2019-12-31,BMRN,"BioMarin Pharmaceutical, Inc.",93,84.55000000000001,84.55000305175781,0.9999999639058819
QQQ,2020-03-31,CSGP,"CoStar Group, Inc.",65,587.21,587.2100067138672,0.9999999885664974
QQQ,2020-03-31,VRTX,"Vertex Pharmaceuticals, Inc.",27,237.95,237.9499969482422,1.0000000128252062
QQQ,2020-03-31,FISV,"Fiserv, Inc.",26,94.99,94.98999786376953,1.0000000224890042
QQQ,2020-03-31,XEL,"Xcel Energy, Inc.",46,60.3,60.29999923706055,1.0000000126523958
QQQ,2020-03-31,BKNG,"Booking Holdings, Inc.",32,1345.32,1345.3200340270996,0.9999999747070595
QQQ,2020-03-31,ADBE,"Adobe, Inc.",13,318.24,318.239990234375,1.0000000306863541
QQQ,2020-03-31,PEP,"PepsiCo, Inc.",8,120.1,120.0999984741211,1.00000001270507
QQQ,2020-03-31,SIRI,"Sirius XM Holdings, Inc.",64,4.94,4.940000152587891,0.9999999691117639
QQQ,2020-03-31,NVDA,NVIDIA Corp.,11,263.59999999999997,263.6000061035156,0.9999999768455405
QQQ,2020-03-31,TMUS,"T-Mobile US, Inc.",25,83.9,83.9000015258789,0.9999999818131243
QQQ,2020-03-31,ADSK,"Autodesk, Inc.",44,156.10000000000002,156.10000610351562,0.9999999608999657
QQQ,2020-03-31,WTW,Willis Towers Watson PLC,63,169.85,169.85000610351562,0.999999964065261
QQQ,2020-03-31,AAPL,"Apple, Inc.",2,254.29,254.2899932861328,1.0000000264024043
QQQ,2020-03-31,BIDU,"Baidu, Inc.",51,100.79,100.79000091552734,0.9999999909164865
QQQ,2020-03-31,CTSH,Cognizant Technology Solutions Corp.,52,46.47,46.470001220703125,0.9999999737313731
QQQ,2020-03-31,PCAR,"PACCAR, Inc.",67,61.13,61.130001068115234,0.9999999825271517
QQQ,2020-03-31,VRSK,"Verisk Analytics, Inc.",59,139.38,139.3800048828125,0.9999999649676257
QQQ,2020-03-31,INTU,"Intuit, Inc.",28,230.0,230.0,1.0
QQQ,2020-03-31,ALGN,"Align Technology, Inc.",89,173.95,173.9499969482422,1.0000000175438797
QQQ,2020-03-31,GOOGL,"Alphabet, Inc.",6,1161.95,1161.9499969482422,1.0000000026264106
QQQ,2020-03-31,DLTR,"Dollar Tree, Inc.",82,73.47,73.47000122070312,0.9999999833850128
QQQ,2020-03-31,IDXX,"IDEXX Laboratories, Inc.",69,242.24,242.24000549316406,0.9999999773234646
QQQ,2020-03-31,WDAY,"Workday, Inc.",66,130.22,130.22000122070312,0.99999999062584
QQQ,2020-03-31,CHTR,"Charter Communications, Inc.",20,436.31,436.30999755859375,1.0000000055955771
QQQ,2020-03-31,FOXA,Fox Corp.,97,23.630000000000003,23.6299991607666,1.0000000355155916
QQQ,2020-03-31,JD,"JD.com, Inc.",41,40.5,40.5,1.0
QQQ,2020-03-31,VRSN,"VeriSign, Inc.",68,180.09,180.08999633789062,1.000000020334885
QQQ,2020-03-31,PYPL,"PayPal Holdings, Inc.",16,95.74,95.73999786376953,1.0000000223128318
QQQ,2020-03-31,MELI,"MercadoLibre, Inc.",55,488.58,488.5799865722656,1.0000000274831855
QQQ,2020-03-31,ISRG,"Intuitive Surgical, Inc.",30,495.21,495.21002197265625,0.9999999556296212
QQQ,2020-03-31,CDW,CDW Corp.,91,93.27,93.2699966430664,1.0000000359915697
QQQ,2020-03-31,SBUX,Starbucks Corp.,22,65.74,65.73999786376953,1.0000000324951404
QQQ,2020-03-31,NFLX,"Netflix, Inc.",10,375.5,375.49999237060547,1.000000020317962
QQQ,2020-03-31,EXPE,"Expedia Group, Inc.",99,56.27,56.27000045776367,0.9999999918648718
QQQ,2020-03-31,SNPS,"Synopsys, Inc.",76,128.79000000000002,128.7899932861328,1.0000000521303483
QQQ,2020-03-31,NTES,"NetEase, Inc.",56,320.96,320.9600067138672,0.9999999790819196
QQQ,2020-03-31,FOX,Fox Corp.,101,22.88,22.8799991607666,1.0000000366797828
QQQ,2020-03-31,BMRN,"BioMarin Pharmaceutical, Inc.",88,84.5,84.5,1.0
QQQ,2020-03-31,AAL,"American Airlines Group, Inc.",102,12.19,12.1899995803833,1.0000000344230282
QQQ,2020-03-31,ILMN,"Illumina, Inc.",40,273.12,273.12000500488284,0.999999981675151
QQQ,2020-03-31,GILD,"Gilead Sciences, Inc.",17,74.76,74.76000213623047,0.9999999714254896
QQQ,2020-03-31,CDNS,"Cadence Design Systems, Inc.",78,66.04,66.04000091552734,0.9999999861367759
QQQ,2020-03-31,NXPI,NXP Semiconductors N.V.,58,82.92999999999999,82.93000030517578,0.9999999963200797
QQQ,2020-03-31,CSCO,"Cisco Systems, Inc.",9,39.31,39.310001373291016,0.9999999650650988
QQQ,2020-03-31,MNST,Monster Beverage Corp.,48,56.260000000000005,56.2599983215332,1.000000029834107
QQQ,2020-03-31,REGN,"Regeneron Pharmaceuticals, Inc.",33,488.29,488.2900085449219,0.999999982500314
QQQ,2020-03-31,ROST,"Ross Stores, Inc.",47,86.97,86.97000122070312,0.9999999859640898
QQQ,2020-03-31,MCHP,"Microchip Technology, Inc.",83,67.8,67.80000305175781,0.9999999549888248
QQQ,2020-03-31,CTAS,Cintas Corp.,80,173.22,173.22000122070312,0.9999999929528742
QQQ,2020-03-31,QCOM,"QUALCOMM, Inc.",23,67.65,67.6500015258789,0.9999999774445105
QQQ,2020-03-31,ULTA,"Ulta Beauty, Inc.",95,175.7,175.6999969482422,1.0000000173691397
QQQ,2020-03-31,EXC,Exelon Corp.,42,36.81,36.810000858306886,0.9999999766827802
QQQ,2020-03-31,FAST,Fastenal Co.,81,31.25,31.25,1.0
QQQ,2020-03-31,MAR,"Marriott International, Inc.",53,74.81,74.80999755859375,1.0000000326347591
QQQ,2020-03-31,MDLZ,"Mondelez International, Inc.",24,50.08,50.08000183105469,0.9999999634374077
QQQ,2020-03-31,CHKP,Check Point Software Technologies Ltd.,86,100.54,100.54000091552734,0.9999999908938997
QQQ,2020-03-31,INTC,Intel Corp.,7,54.12,54.119998931884766,1.0000000197360541
QQQ,2020-03-31,MU,"Micron Technology, Inc.",35,42.06,42.060001373291016,0.9999999673492399
QQQ,2020-03-31,NTAP,"NetApp, Inc.",96,41.69,41.689998626708984,1.0000000329405387
QQQ,2020-03-31,CSX,CSX Corp.,37,57.3,57.30000114440918,0.9999999800277634
QQQ,2020-03-31,COST,Costco Wholesale Corp.,14,285.13,285.1300048828125,0.9999999828751361
QQQ,2020-03-31,TSLA,"Tesla, Inc.",18,524.0,524.0000152587891,0.9999999708801743
QQQ,2020-03-31,SWKS,"Skyworks Solutions, Inc.",87,89.38,89.37999725341797,1.0000000307292696
QQQ,2020-03-31,TTWO,"Take-Two Interactive Software, Inc.",90,118.61,118.61000061035156,0.9999999948541307
QQQ,2020-03-31,CMCSA,Comcast Corp.,12,34.38,34.3799990196228,1.0000000285159172
QQQ,2020-03-31,UAL,"United Airlines Holdings, Inc.",98,31.549999999999997,31.549999237060547,1.0000000241819167
QQQ,2020-03-31,AVGO,"Broadcom, Inc.",19,237.1,237.09999084472656,1.0000000386135546
QQQ,2020-03-31,ADP,"Automatic Data Processing, Inc.",29,136.68,136.67999267578125,1.0000000535866194
QQQ,2020-03-31,EBAY,"eBay, Inc.",54,30.06,30.059999465942383,1.0000000177663881
QQQ,2020-03-31,ORLY,"O'Reilly Automotive, Inc.",60,301.05,301.0499954223633,1.00000001520557
QQQ,2020-03-31,TCOM,Trip.com Group Ltd.,94,23.45,23.450000762939453,0.9999999674652695
QQQ,2020-03-31,PAYX,"Paychex, Inc.",62,62.92,62.91999816894531,1.0000000291013151
QQQ,2020-03-31,INCY,Incyte Corp.,85,73.23,73.2300033569336,0.9999999541590409
QQQ,2020-03-31,AMZN,"Amazon.com, Inc.",3,1949.72,1949.7200012207031,0.9999999993739085
QQQ,2020-03-31,META,"Facebook, Inc.",4,166.8,166.8000030517578,0.9999999817040902
QQQ,2020-03-31,KLAC,KLA Corp.,61,143.73999999999998,143.7399959564209,1.0000000281312036
QQQ,2020-03-31,CPRT,"Copart, Inc.",84,68.52,68.5199966430664,1.000000048992028
QQQ,2020-03-31,WDC,Western Digital Corp.,93,41.62,41.61999912643432,1.0000000209890845
QQQ,2020-03-31,TXN,"Texas Instruments, Inc.",21,99.93,99.93000030517578,0.9999999969461045
QQQ,2020-03-31,GOOG,"Alphabet, Inc.",5,1162.81,1162.8099822998047,1.0000000152219155
QQQ,2020-03-31,LULU,"lululemon athletica, Inc.",57,189.55,189.5500030517578,0.9999999838999855
QQQ,2020-03-31,LRCX,Lam Research Corp.,43,240.0,240.0,1.0
QQQ,2020-03-31,ADI,"Analog Devices, Inc.",45,89.65,89.6500015258789,0.9999999829795998
QQQ,2020-03-31,MSFT,Microsoft Corp.,1,157.71,157.7100067138672,0.999999957429035
QQQ,2020-03-31,ASML,ASML Holding N.V.,75,261.64,261.6400146484375,0.9999999440130076
QQQ,2020-03-31,AMGN,"Amgen, Inc.",15,202.73,202.72999572753906,1.0000000210746363
QQQ,2020-03-31,BIIB,"Biogen, Inc.",31,316.38,316.3800048828125,0.9999999845666211
QQQ,2020-03-31,AMAT,"Applied Materials, Inc.",38,45.82,45.81999969482422,1.0000000066603183
QQQ,2020-03-31,AMD,"Advanced Micro Devices, Inc.",34,45.48,45.47999954223633,1.0000000100651643
QQQ,2020-03-31,KHC,Kraft Heinz Co. (The),49,24.74,24.739999771118164,1.000000009251489
QQQ,2020-06-30,META,"Facebook, Inc.",4,227.07,227.07000732421875,0.9999999677446667
QQQ,2020-06-30,VRTX,"Vertex Pharmaceuticals, Inc.",26,290.31,290.30999755859375,1.0000000084096528
QQQ,2020-06-30,CDW,CDW Corp.,91,116.18,116.18000030517578,0.9999999973732504
QQQ,2020-06-30,MSFT,Microsoft Corp.,2,203.51,203.50999450683594,1.0000000269921094
QQQ,2020-06-30,WDC,Western Digital Corp.,96,44.15,44.14999740600586,1.0000000587541176
QQQ,2020-06-30,MNST,Monster Beverage Corp.,52,69.32,69.31999969482422,1.0000000044024202
QQQ,2020-06-30,SWKS,"Skyworks Solutions, Inc.",87,127.86,127.86000061035156,0.9999999952264074
QQQ,2020-06-30,PCAR,"PACCAR, Inc.",75,74.85,74.85000228881836,0.9999999694212652
QQQ,2020-06-30,VRSK,"Verisk Analytics, Inc.",72,170.20000000000002,170.1999969482422,1.0000000179304223
QQQ,2020-06-30,ILMN,"Illumina, Inc.",38,370.35,370.34998803710937,1.0000000323015823
QQQ,2020-06-30,ADP,"Automatic Data Processing, Inc.",31,148.89,148.88999938964844,1.0000000040993455
QQQ,2020-06-30,ASML,ASML Holding N.V.,67,368.03,368.0299987792969,1.0000000033168577
QQQ,2020-06-30,ORLY,"O'Reilly Automotive, Inc.",61,421.67,421.6700077056885,0.9999999817257849
QQQ,2020-06-30,BIIB,"Biogen, Inc.",44,267.55,267.54998779296875,1.0000000456252358
QQQ,2020-06-30,AMZN,"Amazon.com, Inc.",3,2758.82,2758.8198852539062,1.0000000415924557
QQQ,2020-06-30,NVDA,NVIDIA Corp.,8,379.91,379.9100112915039,0.9999999702784776
QQQ,2020-06-30,SBUX,Starbucks Corp.,24,73.59,73.58999633789062,1.0000000497636847
QQQ,2020-06-30,COST,Costco Wholesale Corp.,17,303.21,303.2099914550781,1.0000000281815313
QQQ,2020-06-30,EXPE,"Expedia Group, Inc.",98,82.2,82.19999694824219,1.000000037126009
QQQ,2020-06-30,TCOM,Trip.com Group Ltd.,95,25.92,25.920000076293945,0.9999999970565608
QQQ,2020-06-30,MCHP,"Microchip Technology, Inc.",76,105.31,105.30999755859375,1.0000000231830435
QQQ,2020-06-30,SNPS,"Synopsys, Inc.",66,195.0,195.0,1.0
QQQ,2020-06-30,PAYX,"Paychex, Inc.",73,75.75,75.75,1.0
QQQ,2020-06-30,GILD,"Gilead Sciences, Inc.",23,76.94,76.94000244140625,0.9999999682687006
QQQ,2020-06-30,NFLX,"Netflix, Inc.",12,455.04,455.0400161743164,0.999999964455178
QQQ,2020-06-30,PEP,"PepsiCo, Inc.",14,132.26,132.25999450683594,1.0000000415330734
QQQ,2020-06-30,CSCO,"Cisco Systems, Inc.",13,46.64,46.63999938964844,1.0000000130864402
QQQ,2020-06-30,ROST,"Ross Stores, Inc.",63,85.24000000000001,85.23999786376953,1.0000000250613623
QQQ,2020-06-30,REGN,"Regeneron Pharmaceuticals, Inc.",32,623.65,623.6500244140625,0.9999999608529438
QQQ,2020-06-30,INTU,"Intuit, Inc.",25,296.19,296.19000244140625,0.9999999917572969
QQQ,2020-06-30,JD,"JD.com, Inc.",36,60.17999999999999,60.18000030517578,0.9999999949289501
QQQ,2020-06-30,CMCSA,Comcast Corp.,15,38.98,38.97999971008301,1.0000000074375832
QQQ,2020-06-30,NTES,"NetEase, Inc.",58,429.38,429.37999725341797,1.0000000063966232
QQQ,2020-06-30,INTC,Intel Corp.,7,59.830000000000005,59.83000183105469,0.9999999693957108
QQQ,2020-06-30,CHTR,"Charter Communications, Inc.",21,510.04,510.0400085449219,0.9999999832465656
QQQ,2020-06-30,XEL,"Xcel Energy, Inc.",55,62.5,62.5,1.0
QQQ,2020-06-30,FAST,Fastenal Co.,80,42.84,42.84000015258789,0.9999999964381913
QQQ,2020-06-30,DXCM,"DexCom, Inc.",49,405.4,405.3999938964844,1.0000000150555395
QQQ,2020-06-30,FOX,Fox Corp.,102,26.840000000000003,26.84000015258789,0.9999999943149074
QQQ,2020-06-30,SIRI,"Sirius XM Holdings, Inc.",77,5.87,5.8700000762939455,0.9999999870027352
QQQ,2020-06-30,BMRN,"BioMarin Pharmaceutical, Inc.",84,123.34,123.33999633789062,1.0000000296911746
QQQ,2020-06-30,CTAS,Cintas Corp.,71,266.35999999999996,266.3599853515625,1.0000000549948875
QQQ,2020-06-30,TSLA,"Tesla, Inc.",11,1079.81,1079.8100280761719,0.9999999739989709
QQQ,2020-06-30,AMGN,"Amgen, Inc.",16,235.86,235.86000061035156,0.9999999974122296
QQQ,2020-06-30,LRCX,Lam Research Corp.,42,323.46,323.4600067138672,0.9999999792435941
QQQ,2020-06-30,EBAY,"eBay, Inc.",51,52.45,52.45000076293945,0.9999999854539668
QQQ,2020-06-30,MAR,"Marriott International, Inc.",69,85.73,85.7300033569336,0.9999999608429551
QQQ,2020-06-30,AMD,"Advanced Micro Devices, Inc.",33,52.61,52.61000061035156,0.9999999883985639
QQQ,2020-06-30,GOOGL,"Alphabet, Inc.",5,1418.05,1418.0499267578125,1.0000000516499357
QQQ,2020-06-30,DLTR,"Dollar Tree, Inc.",85,92.68,92.68000030517578,0.9999999967072101
QQQ,2020-06-30,ADSK,"Autodesk, Inc.",40,239.19,239.19000244140625,0.9999999897930255
QQQ,2020-06-30,ADBE,"Adobe, Inc.",9,435.31,435.30999755859375,1.0000000056084313
QQQ,2020-06-30,AVGO,"Broadcom, Inc.",19,315.61,315.6100082397461,0.9999999738926337
QQQ,2020-06-30,DOCU,DocuSign Inc,60,172.21,172.2100067138672,0.9999999610134899
QQQ,2020-06-30,MU,"Micron Technology, Inc.",35,51.52,51.52000045776367,0.9999999911148357
QQQ,2020-06-30,NXPI,NXP Semiconductors N.V.,57,114.04,114.04000091552734,0.9999999919718754
QQQ,2020-06-30,AMAT,"Applied Materials, Inc.",37,60.45,60.45000076293945,0.9999999873790002
QQQ,2020-06-30,CSX,CSX Corp.,39,69.74000000000001,69.74000358581543,0.9999999485830909
QQQ,2020-06-30,KHC,Kraft Heinz Co. (The),46,31.89,31.889999389648438,1.000000019139278
QQQ,2020-06-30,BKNG,"Booking Holdings, Inc.",30,1592.34,1592.3399925231934,1.0000000046954838
QQQ,2020-06-30,MDLZ,"Mondelez International, Inc.",27,51.13,51.130001068115234,0.999999979109814
QQQ,2020-06-30,QCOM,"QUALCOMM, Inc.",22,91.21,91.20999908447266,1.0000000100375763
QQQ,2020-06-30,NTAP,"NetApp, Inc.",99,44.37,44.369998931884766,1.0000000240729154
QQQ,2020-06-30,ALGN,"Align Technology, Inc.",86,274.44,274.44000244140625,0.9999999911040438
QQQ,2020-06-30,KLAC,KLA Corp.,64,194.48,194.47999954223633,1.0000000023537827
QQQ,2020-06-30,GOOG,"Alphabet, Inc.",6,1413.61,1413.6099243164062,1.0000000535392348
QQQ,2020-06-30,ISRG,"Intuitive Surgical, Inc.",28,569.8299999999999,569.8299865722656,1.000000023564457
QQQ,2020-06-30,EXC,Exelon Corp.,53,36.29,36.29000017929077,0.9999999950594992
QQQ,2020-06-30,CPRT,"Copart, Inc.",89,83.27,83.2699966430664,1.0000000403138432
QQQ,2020-06-30,CHKP,Check Point Software Technologies Ltd.,94,107.43,107.43000030517578,0.9999999971593059
QQQ,2020-06-30,FOXA,Fox Corp.,100,26.82,26.81999969482422,1.0000000113786647
QQQ,2020-06-30,FISV,"Fiserv, Inc.",29,97.62,97.62000274658203,0.9999999718645569
QQQ,2020-06-30,CDNS,"Cadence Design Systems, Inc.",74,95.96,95.95999908447266,1.0000000095407184
QQQ,2020-06-30,BIDU,"Baidu, Inc.",54,119.89,119.88999938964844,1.0000000050909297
QQQ,2020-06-30,TTWO,"Take-Two Interactive Software, Inc.",93,139.57000000000002,139.57000732421875,0.9999999475229753
QQQ,2020-06-30,LULU,"lululemon athletica, Inc.",47,312.01,312.010009765625,0.999999968700924
QQQ,2020-06-30,CTSH,Cognizant Technology Solutions Corp.,62,56.81999999999999,56.81999969482422,1.0000000053709217
QQQ,2020-06-30,AAPL,"Apple, Inc.",1,364.8,364.79998779296875,1.0000000334622579
QQQ,2020-06-30,TXN,"Texas Instruments, Inc.",20,126.97,126.97000122070312,0.9999999903858934
QQQ,2020-06-30,TMUS,"T-Mobile US, Inc.",18,104.15,104.1500015258789,0.9999999853492186
QQQ,2020-06-30,PYPL,"PayPal Holdings, Inc.",10,174.23,174.22999572753906,1.0000000245219596
QQQ,2020-06-30,MELI,"MercadoLibre, Inc.",41,985.77,985.77001953125,0.9999999801868087
QQQ,2020-06-30,VRSN,"VeriSign, Inc.",82,206.83,206.8300018310547,0.9999999911470547
QQQ,2020-06-30,ADI,"Analog Devices, Inc.",43,122.64,122.63999938964844,1.000000004976774
QQQ,2020-06-30,CSGP,"CoStar Group, Inc.",70,710.67,710.6700134277344,0.9999999811055283
QQQ,2020-06-30,IDXX,"IDEXX Laboratories, Inc.",68,330.15999999999997,330.1600036621094,0.9999999889080768
QQQ,2020-06-30,WDAY,"Workday, Inc.",56,187.36,187.36000061035156,0.9999999967423594
QQQ,2020-06-30,ULTA,"Ulta Beauty, Inc.",97,203.42,203.4199981689453,1.0000000090013503
QQQ,2020-06-30,ZM,"Zoom Video Communications, Inc.",45,253.54,253.5399932861328,1.0000000264805056
QQQ,2020-06-30,INCY,Incyte Corp.,83,103.97,103.97000122070312,0.9999999882590833
QQQ,2020-09-30,AMD,"Advanced Micro Devices, Inc.",24,81.99,81.98999786376953,1.000000026054769
QQQ,2020-09-30,CDNS,"Cadence Design Systems, Inc.",71,106.63,106.62999725341797,1.0000000257580615
QQQ,2020-09-30,TCOM,Trip.com Group Ltd.,95,31.14,31.139999389648438,1.0000000196002432
QQQ,2020-09-30,INTU,"Intuit, Inc.",26,326.21,326.2099914550781,1.0000000261945436
QQQ,2020-09-30,FOXA,Fox Corp.,100,27.83,27.829999923706055,1.0000000027414282
QQQ,2020-09-30,CHTR,"Charter Communications, Inc.",22,624.34,624.3400268554688,0.9999999569858289
QQQ,2020-09-30,PAYX,"Paychex, Inc.",73,79.77,79.7699966430664,1.0000000420826594
QQQ,2020-09-30,KHC,Kraft Heinz Co. (The),53,29.95,29.950000762939453,0.9999999745262292
QQQ,2020-09-30,DXCM,"DexCom, Inc.",49,412.23,412.2300109863281,0.9999999733490338
QQQ,2020-09-30,GOOG,"Alphabet, Inc.",7,1469.6,1469.6000671386719,0.9999999543150049
QQQ,2020-09-30,ZM,"Zoom Video Communications, Inc.",25,470.11,470.1099853515625,1.0000000311595967
QQQ,2020-09-30,NTES,"NetEase, Inc.",64,454.67,454.6699905395508,1.0000000208072874
QQQ,2020-09-30,TMUS,"T-Mobile US, Inc.",19,114.36,114.36000061035156,0.999999994662893
QQQ,2020-09-30,AMZN,"Amazon.com, Inc.",3,3148.73,3148.7298583984375,1.0000000449710102
QQQ,2020-09-30,INCY,Incyte Corp.,89,89.74,89.73999786376953,1.0000000238046636
QQQ,2020-09-30,NXPI,NXP Semiconductors N.V.,57,124.81,124.80999755859375,1.000000019560983
QQQ,2020-09-30,PYPL,"PayPal Holdings, Inc.",10,197.03,197.02999877929688,1.0000000061955192
QQQ,2020-09-30,CTSH,Cognizant Technology Solutions Corp.,52,69.42,69.41999816894531,1.0000000263764728
QQQ,2020-09-30,GILD,"Gilead Sciences, Inc.",29,63.19,63.189998626708984,1.0000000217327274
QQQ,2020-09-30,FOX,Fox Corp.,102,27.97,27.969999313354492,1.0000000245493572
QQQ,2020-09-30,JD,"JD.com, Inc.",30,77.61,77.61000061035156,0.9999999921356583
QQQ,2020-09-30,CSCO,"Cisco Systems, Inc.",15,39.39,39.38999938964844,1.0000000154950894
QQQ,2020-09-30,AMAT,"Applied Materials, Inc.",38,59.45,59.45000076293945,0.9999999871667041
QQQ,2020-09-30,BIIB,"Biogen, Inc.",44,283.68,283.67999267578125,1.0000000258185946
QQQ,2020-09-30,CSX,CSX Corp.,36,77.67,77.66999816894531,1.0000000235748001
QQQ,2020-09-30,MNST,Monster Beverage Corp.,46,80.2,80.19999694824219,1.0000000380518446
QQQ,2020-09-30,ADI,"Analog Devices, Inc.",45,116.74,116.73999786376953,1.000000018299045
QQQ,2020-09-30,PCAR,"PACCAR, Inc.",72,85.28,85.27999877929688,1.0000000143140613
QQQ,2020-09-30,MRNA,"Moderna, Inc.",76,70.75,70.75,1.0
QQQ,2020-09-30,FISV,"Fiserv, Inc.",33,103.05,103.05000305175781,0.9999999703856601
QQQ,2020-09-30,ROST,"Ross Stores, Inc.",63,93.32,93.31999969482422,1.0000000032702077
QQQ,2020-09-30,XEL,"Xcel Energy, Inc.",55,69.01,69.01000213623047,0.9999999690446254
QQQ,2020-09-30,FAST,Fastenal Co.,78,45.09,45.09000015258789,0.9999999966159262
QQQ,2020-09-30,SNPS,"Synopsys, Inc.",65,213.98,213.97999572753906,1.0000000199666372
QQQ,2020-09-30,CHKP,Check Point Software Technologies Ltd.,94,120.34,120.33999633789062,1.000000030431357
QQQ,2020-09-30,TSLA,"Tesla, Inc.",5,429.01,429.0099792480469,1.000000048371726
QQQ,2020-09-30,GOOGL,"Alphabet, Inc.",6,1465.6,1465.5999755859375,1.000000016658067
QQQ,2020-09-30,BIDU,"Baidu, Inc.",56,126.59,126.58999633789062,1.0000000289289002
QQQ,2020-09-30,TXN,"Texas Instruments, Inc.",21,142.79000000000002,142.7899932861328,1.0000000470191717
QQQ,2020-09-30,CMCSA,Comcast Corp.,13,46.260000000000005,46.26000023651123,0.9999999948873493
QQQ,2020-09-30,MCHP,"Microchip Technology, Inc.",77,102.76,102.76000213623047,0.9999999792114596
QQQ,2020-09-30,MELI,"MercadoLibre, Inc.",39,1082.48,1082.47998046875,1.0000000180430588
QQQ,2020-09-30,ASML,ASML Holding N.V.,74,369.27,369.2699890136719,1.0000000297514784
QQQ,2020-09-30,VRTX,"Vertex Pharmaceuticals, Inc.",31,272.12,272.1199951171875,1.0000000179436006
QQQ,2020-09-30,MU,"Micron Technology, Inc.",40,46.96,46.959999084472656,1.0000000194958978
QQQ,2020-09-30,AMGN,"Amgen, Inc.",17,254.16000000000005,254.16000366210938,0.9999999855913233
QQQ,2020-09-30,CDW,CDW Corp.,92,119.53,119.52999877929688,1.0000000102125253
QQQ,2020-09-30,EBAY,"eBay, Inc.",54,52.1,52.099998474121094,1.000000029287504
QQQ,2020-09-30,VRSK,"Verisk Analytics, Inc.",68,185.30999999999997,185.30999755859375,1.000000013174714
QQQ,2020-09-30,ILMN,"Illumina, Inc.",43,309.08,309.0799896240234,1.000000033570522
QQQ,2020-09-30,COST,Costco Wholesale Corp.,16,355.0,355.0,1.0
QQQ,2020-09-30,KLAC,KLA Corp.,67,193.74,193.74000549316406,0.9999999716467229
QQQ,2020-09-30,CPRT,"Copart, Inc.",82,105.16,105.16000366210938,0.9999999651758344
QQQ,2020-09-30,MSFT,Microsoft Corp.,2,210.33,210.3300018310547,0.9999999912943723
QQQ,2020-09-30,META,"Facebook, Inc.",4,261.90000000000003,261.8999938964844,1.0000000233047568
QQQ,2020-09-30,NVDA,NVIDIA Corp.,8,541.22,541.2200164794922,0.9999999695512145
QQQ,2020-09-30,PEP,"PepsiCo, Inc.",14,138.6,138.60000610351562,0.9999999559630927
QQQ,2020-09-30,INTC,Intel Corp.,12,51.779999999999994,51.779998779296875,1.0000000235748001
QQQ,2020-09-30,MAR,"Marriott International, Inc.",69,92.58,92.58000183105469,0.9999999802219199
QQQ,2020-09-30,QCOM,"QUALCOMM, Inc.",20,117.68,117.68000030517578,0.9999999974067321
QQQ,2020-09-30,WDC,Western Digital Corp.,99,36.55,36.5499997215271,1.0000000076189575
QQQ,2020-09-30,VRSN,"VeriSign, Inc.",84,204.85,204.85000610351562,0.9999999702049527
QQQ,2020-09-30,EXC,Exelon Corp.,58,35.76,35.75999835586548,1.0000000459769183
QQQ,2020-09-30,DOCU,DocuSign Inc,48,215.24,215.24000549316406,0.9999999744788891
QQQ,2020-09-30,TTWO,"Take-Two Interactive Software, Inc.",90,165.22,165.22000122070312,0.9999999926116504
QQQ,2020-09-30,SBUX,Starbucks Corp.,23,85.92,85.91999816894531,1.0000000213111584
QQQ,2020-09-30,BMRN,"BioMarin Pharmaceutical, Inc.",96,76.08,76.08000183105469,0.9999999759325099
QQQ,2020-09-30,MDLZ,"Mondelez International, Inc.",28,57.45,57.45000076293945,0.9999999867199402
QQQ,2020-09-30,LULU,"lululemon athletica, Inc.",47,329.37,329.3699951171875,1.0000000148247035
QQQ,2020-09-30,PDD,"Pinduoduo, Inc.",88,74.15,74.1500015258789,0.999999979421728
QQQ,2020-09-30,SIRI,"Sirius XM Holdings, Inc.",85,5.359999999999999,5.3599998474121096,1.0000000284678907
QQQ,2020-09-30,ALGN,"Align Technology, Inc.",79,327.36,327.3599853515625,1.000000044747184
QQQ,2020-09-30,DLTR,"Dollar Tree, Inc.",87,91.34,91.33999633789062,1.0000000400931632
QQQ,2020-09-30,BKNG,"Booking Holdings, Inc.",32,1710.6799999999998,1710.6800079345703,0.9999999953617448
QQQ,2020-09-30,ADBE,"Adobe, Inc.",9,490.4299999999999,490.42999267578125,1.0000000149342796
QQQ,2020-09-30,ORLY,"O'Reilly Automotive, Inc.",60,461.08,461.0799980163574,1.0000000043021657
QQQ,2020-09-30,IDXX,"IDEXX Laboratories, Inc.",62,393.11,393.1099853515625,1.0000000372629494
QQQ,2020-09-30,ADSK,"Autodesk, Inc.",41,231.01,231.00999450683594,1.0000000237789022
QQQ,2020-09-30,LRCX,Lam Research Corp.,42,331.75,331.74999237060547,1.000000022997422
QQQ,2020-09-30,ISRG,"Intuitive Surgical, Inc.",27,709.54,709.5400085449219,0.9999999879570964
QQQ,2020-09-30,EXPE,"Expedia Group, Inc.",98,91.69,91.69000244140625,0.9999999733732556
QQQ,2020-09-30,AVGO,"Broadcom, Inc.",18,364.32,364.3199920654297,1.000000021779124
QQQ,2020-09-30,WDAY,"Workday, Inc.",50,215.13,215.1300048828125,0.9999999773029684
QQQ,2020-09-30,ADP,"Automatic Data Processing, Inc.",35,139.48999999999998,139.49000549316406,0.9999999606196582
QQQ,2020-09-30,AAPL,"Apple, Inc.",1,115.81,115.80999755859375,1.0000000210811355
QQQ,2020-09-30,NFLX,"Netflix, Inc.",11,500.03,500.0299835205078,1.000000032957008
QQQ,2020-09-30,ULTA,"Ulta Beauty, Inc.",97,223.98,223.97999572753906,1.0000000190751899
QQQ,2020-09-30,REGN,"Regeneron Pharmaceuticals, Inc.",37,559.78,559.780029296875,0.9999999476635938
QQQ,2020-09-30,CTAS,Cintas Corp.,59,332.83,332.8299865722656,1.0000000403441243
QQQ,2020-09-30,SWKS,"Skyworks Solutions, Inc.",83,145.5,145.5,1.0
QQQ,2020-12-31,KHC,Kraft Heinz Co. (The),56,34.66,34.65999984741211,1.0000000044024202
QQQ,2020-12-31,MTCH,"Match Group, Inc.",63,151.19,151.19000244140625,0.9999999838520656
QQQ,2020-12-31,MNST,Monster Beverage Corp.,47,92.48,92.4800033569336,0.999999963700979
QQQ,2020-12-31,CDNS,"Cadence Design Systems, Inc.",67,136.43,136.42999267578125,1.000000053684814
QQQ,2020-12-31,GOOGL,"Alphabet, Inc.",7,1752.64,1752.6400756835938,0.9999999568173782
QQQ,2020-12-31,PYPL,"PayPal Holdings, Inc.",9,234.2,234.1999969482422,1.0000000130305629
QQQ,2020-12-31,MCHP,"Microchip Technology, Inc.",71,138.11,138.11000061035156,0.9999999955806853
QQQ,2020-12-31,MRVL,Marvell Technology Group Ltd.,81,47.54,47.540000915527344,0.9999999807419577
QQQ,2020-12-31,NVDA,NVIDIA Corp.,8,522.1999999999999,522.2000122070312,0.9999999766238394
QQQ,2020-12-31,AMZN,"Amazon.com, Inc.",3,3256.93,3256.929931640625,1.0000000209888995
QQQ,2020-12-31,KLAC,KLA Corp.,64,258.90999999999997,258.91000747680664,0.9999999711219866
QQQ,2020-12-31,GOOG,"Alphabet, Inc.",6,1751.88,1751.8800354003906,0.999999979792914
QQQ,2020-12-31,INTC,Intel Corp.,14,49.82,49.81999969482422,1.0000000061255676
QQQ,2020-12-31,INTU,"Intuit, Inc.",25,379.85,379.8500061035156,0.9999999839317744
QQQ,2020-12-31,MAR,"Marriott International, Inc.",54,131.92,131.9199981689453,1.0000000138800387
QQQ,2020-12-31,BIIB,"Biogen, Inc.",68,244.86,244.86000061035156,0.9999999975073448
QQQ,2020-12-31,AAPL,"Apple, Inc.",1,132.69,132.69000244140625,0.9999999816006767
QQQ,2020-12-31,CHKP,Check Point Software Technologies Ltd.,99,132.91,132.91000366210938,0.9999999724466987
QQQ,2020-12-31,ADP,"Automatic Data Processing, Inc.",34,176.2,176.1999969482422,1.0000000173198516
QQQ,2020-12-31,FISV,"Fiserv, Inc.",33,113.86,113.86000061035156,0.9999999946394558
QQQ,2020-12-31,FOXA,Fox Corp.,101,29.12,29.1200008392334,0.9999999711801726
QQQ,2020-12-31,TEAM,Atlassian Corp. PLC,85,233.87,233.8699951171875,1.0000000208783195
QQQ,2020-12-31,ROST,"Ross Stores, Inc.",51,122.81,122.80999755859375,1.00000001987954
QQQ,2020-12-31,TSLA,"Tesla, Inc.",4,705.6700000000001,705.6699829101562,1.0000000242178981
QQQ,2020-12-31,LULU,"lululemon athletica, Inc.",52,348.03000000000003,348.0299987792969,1.0000000035074654
QQQ,2020-12-31,ASML,ASML Holding N.V.,70,487.72,487.7200012207031,0.9999999974971232
QQQ,2020-12-31,ILMN,"Illumina, Inc.",44,370.0,370.00000122070315,0.9999999967008023
QQQ,2020-12-31,BIDU,"Baidu, Inc.",42,216.24,216.24000549316406,0.9999999745969113
QQQ,2020-12-31,SWKS,"Skyworks Solutions, Inc.",93,152.88,152.8800048828125,0.9999999680611437
QQQ,2020-12-31,VRSN,"VeriSign, Inc.",94,216.4,216.39999389648438,1.0000000282047865
QQQ,2020-12-31,ADBE,"Adobe, Inc.",10,500.11999999999995,500.1199951171875,1.0000000097632817
QQQ,2020-12-31,ADSK,"Autodesk, Inc.",39,305.34,305.3399963378906,1.0000000119935462
QQQ,2020-12-31,FOX,Fox Corp.,102,28.88,28.8799991607666,1.000000029059329
QQQ,2020-12-31,AVGO,"Broadcom, Inc.",16,437.85,437.8499984741211,1.0000000034849352
QQQ,2020-12-31,META,"Facebook, Inc.",5,273.15999999999997,273.1600036621094,0.9999999865935373
QQQ,2020-12-31,COST,Costco Wholesale Corp.,19,376.78,376.7799987792969,1.00000000323983
QQQ,2020-12-31,OKTA,"Okta, Inc.",86,254.26,254.25999450683594,1.0000000216045157
QQQ,2020-12-31,PTON,"Peloton Interactive, Inc.",66,151.72,151.72000122070312,0.9999999919542373
QQQ,2020-12-31,KDP,"Keurig Dr Pepper, Inc.",48,32.0,32.0,1.0
QQQ,2020-12-31,CMCSA,Comcast Corp.,11,52.4,52.400000255584715,0.9999999951224291
QQQ,2020-12-31,XEL,"Xcel Energy, Inc.",73,66.67,66.66999816894531,1.0000000274644478
QQQ,2020-12-31,NFLX,"Netflix, Inc.",12,540.73,540.7300186157227,0.999999965572981
QQQ,2020-12-31,PDD,"Pinduoduo, Inc.",45,177.67000000000002,177.6699981689453,1.0000000103059308
QQQ,2020-12-31,DXCM,"DexCom, Inc.",72,369.72,369.7200012207031,0.9999999966983039
QQQ,2020-12-31,CSCO,"Cisco Systems, Inc.",15,44.75,44.75,1.0
QQQ,2020-12-31,SBUX,Starbucks Corp.,23,106.98,106.9800033569336,0.9999999686209247
QQQ,2020-12-31,PEP,"PepsiCo, Inc.",13,148.3,148.3000030517578,0.999999979421728
QQQ,2020-12-31,CTSH,Cognizant Technology Solutions Corp.,50,81.95,81.94999694824219,1.000000037239267
QQQ,2020-12-31,TMUS,"T-Mobile US, Inc.",18,134.85,134.85000610351562,0.9999999547384846
QQQ,2020-12-31,AMD,"Advanced Micro Devices, Inc.",24,91.71,91.70999908447266,1.0000000099828519
QQQ,2020-12-31,VRTX,"Vertex Pharmaceuticals, Inc.",41,236.34,236.33999633789062,1.0000000154950894
QQQ,2020-12-31,ADI,"Analog Devices, Inc.",43,147.73,147.72999572753906,1.000000028920741
QQQ,2020-12-31,AMAT,"Applied Materials, Inc.",31,86.3,86.30000305175781,0.9999999646378017
QQQ,2020-12-31,TCOM,Trip.com Group Ltd.,100,33.730000000000004,33.72999954223633,1.0000000135714107
QQQ,2020-12-31,EXC,Exelon Corp.,61,42.22,42.21999959182739,1.000000009667755
QQQ,2020-12-31,AEP,"American Electric Power Co., Inc.",60,83.27,83.2699966430664,1.0000000403138432
QQQ,2020-12-31,MU,"Micron Technology, Inc.",28,75.17999999999999,75.18000030517578,0.9999999959407317
QQQ,2020-12-31,VRSK,"Verisk Analytics, Inc.",78,207.59,207.58999633789062,1.0000000176410686
QQQ,2020-12-31,IDXX,"IDEXX Laboratories, Inc.",55,499.87,499.8699951171875,1.0000000097681647
QQQ,2020-12-31,AMGN,"Amgen, Inc.",21,229.92,229.9199981689453,1.0000000079638773
QQQ,2020-12-31,PAYX,"Paychex, Inc.",79,93.18,93.18000030517578,0.999999996724879
QQQ,2020-12-31,MSFT,Microsoft Corp.,2,222.42,222.4199981689453,1.0000000082324192
QQQ,2020-12-31,CDW,CDW Corp.,98,131.79,131.7899932861328,1.0000000509436795
QQQ,2020-12-31,MELI,"MercadoLibre, Inc.",30,1675.22,1675.219970703125,1.000000017488375
QQQ,2020-12-31,ISRG,"Intuitive Surgical, Inc.",26,818.1,818.1000366210938,0.999999955236411
QQQ,2020-12-31,MDLZ,"Mondelez International, Inc.",29,58.47,58.470001220703125,0.999999979122574
QQQ,2020-12-31,DLTR,"Dollar Tree, Inc.",92,108.04,108.04000091552734,0.9999999915260336
QQQ,2020-12-31,PCAR,"PACCAR, Inc.",88,86.27999999999999,86.28000068664551,0.9999999920416607
QQQ,2020-12-31,NXPI,NXP Semiconductors N.V.,49,159.01,159.00999450683594,1.00000003454603
QQQ,2020-12-31,REGN,"Regeneron Pharmaceuticals, Inc.",46,483.11,483.1099853515625,1.0000000303211234
QQQ,2020-12-31,BKNG,"Booking Holdings, Inc.",27,2227.27,2227.26993560791,1.0000000289107704
QQQ,2020-12-31,NTES,"NetEase, Inc.",83,95.77,95.7699966430664,1.0000000350520384
QQQ,2020-12-31,CPRT,"Copart, Inc.",87,127.25,127.25,1.0
QQQ,2020-12-31,GILD,"Gilead Sciences, Inc.",35,58.26,58.2599983215332,1.0000000288099355
QQQ,2020-12-31,ZM,"Zoom Video Communications, Inc.",40,337.32,337.32000732421875,0.9999999782870314
QQQ,2020-12-31,DOCU,DocuSign Inc,62,222.3,222.3000030517578,0.9999999862718949
QQQ,2020-12-31,JD,"JD.com, Inc.",32,87.89999999999999,87.9000015258789,0.9999999826407407
QQQ,2020-12-31,SNPS,"Synopsys, Inc.",65,259.24,259.239990234375,1.0000000376702105
QQQ,2020-12-31,ORLY,"O'Reilly Automotive, Inc.",80,452.57,452.5699996948242,1.0000000006743173
QQQ,2020-12-31,INCY,Incyte Corp.,97,86.98,86.9800033569336,0.9999999614056857
QQQ,2020-12-31,CHTR,"Charter Communications, Inc.",22,661.55,661.5499877929688,1.0000000184521676
QQQ,2020-12-31,FAST,Fastenal Co.,89,48.83,48.83000183105469,0.9999999625014413
QQQ,2020-12-31,QCOM,"QUALCOMM, Inc.",17,152.33999999999995,152.33999633789062,1.0000000240390534
QQQ,2020-12-31,LRCX,Lam Research Corp.,38,472.27,472.27001190185547,0.9999999747986211
QQQ,2020-12-31,TXN,"Texas Instruments, Inc.",20,164.13,164.1300048828125,0.9999999702503359
QQQ,2020-12-31,MRNA,"Moderna, Inc.",59,104.47,104.47000122070312,0.999999988315276
QQQ,2020-12-31,SIRI,"Sirius XM Holdings, Inc.",91,6.37,6.3700000762939455,0.9999999880229287
QQQ,2020-12-31,WDAY,"Workday, Inc.",53,239.61,239.61000061035156,0.9999999974527293
QQQ,2020-12-31,ALGN,"Align Technology, Inc.",57,534.38,534.3800048828125,0.9999999908626587
QQQ,2020-12-31,CSX,CSX Corp.,37,90.75,90.75,1.0
QQQ,2020-12-31,EBAY,"eBay, Inc.",75,50.25,50.25,1.0
QQQ,2020-12-31,CTAS,Cintas Corp.,69,353.46000000000004,353.4599914550781,1.0000000241750753
QQQ,2021-03-31,KHC,Kraft Heinz Co. (The),49,40.0,40.0,1.0
QQQ,2021-03-31,MTCH,"Match Group, Inc.",71,137.38,137.3800048828125,0.9999999644576187
QQQ,2021-03-31,MNST,Monster Beverage Corp.,51,91.09,91.08999633789062,1.0000000402032003
QQQ,2021-03-31,CDNS,"Cadence Design Systems, Inc.",68,136.99,136.99000549316406,0.9999999599009867
QQQ,2021-03-31,GOOGL,"Alphabet, Inc.",7,2062.52,2062.519989013672,1.000000005326653
QQQ,2021-03-31,PYPL,"PayPal Holdings, Inc.",9,242.83999999999995,242.83999633789062,1.0000000150803383
QQQ,2021-03-31,MCHP,"Microchip Technology, Inc.",63,155.22,155.22000122070312,0.9999999921356583
QQQ,2021-03-31,MRVL,Marvell Technology Group Ltd.,78,48.98,48.97999954223633,1.0000000093459305
QQQ,2021-03-31,NVDA,NVIDIA Corp.,8,533.9300000000001,533.9300155639648,0.9999999708501782
QQQ,2021-03-31,AMZN,"Amazon.com, Inc.",3,3094.08,3094.0798950195312,1.0000000339294628
QQQ,2021-03-31,KLAC,KLA Corp.,47,330.40000000000003,330.40000915527344,0.9999999722903355
QQQ,2021-03-31,GOOG,"Alphabet, Inc.",6,2068.63,2068.6300659179688,0.999999968134482
QQQ,2021-03-31,INTC,Intel Corp.,10,64.0,64.0,1.0
QQQ,2021-03-31,INTU,"Intuit, Inc.",25,383.06,383.05999755859375,1.0000000063734305
QQQ,2021-03-31,MAR,"Marriott International, Inc.",52,148.11,148.11000061035156,0.999999995879066
QQQ,2021-03-31,BIIB,"Biogen, Inc.",60,279.75,279.75,1.0
QQQ,2021-03-31,AAPL,"Apple, Inc.",1,122.15,122.1500015258789,0.9999999875081549
QQQ,2021-03-31,CHKP,Check Point Software Technologies Ltd.,100,111.97,111.97000122070312,0.9999999890979449
QQQ,2021-03-31,ADP,"Automatic Data Processing, Inc.",33,188.47,188.47000122070312,0.9999999935230905
QQQ,2021-03-31,FISV,"Fiserv, Inc.",34,119.04,119.04000091552734,0.9999999923090782
QQQ,2021-03-31,FOXA,Fox Corp.,101,36.11,36.11000061035156,0.9999999830974369
QQQ,2021-03-31,TEAM,Atlassian Corp. PLC,87,210.76,210.75999450683594,1.0000000260635993
QQQ,2021-03-31,ROST,"Ross Stores, Inc.",58,119.91,119.91000366210938,0.9999999694595174
QQQ,2021-03-31,TSLA,"Tesla, Inc.",4,667.9300000000001,667.9299774169922,1.0000000338104422
QQQ,2021-03-31,LULU,"lululemon athletica, Inc.",67,306.71000000000004,306.7099914550781,1.00000002785994
QQQ,2021-03-31,ASML,ASML Holding N.V.,53,617.36,617.3599853515625,1.0000000237275462
QQQ,2021-03-31,ILMN,"Illumina, Inc.",43,384.06,384.05999060058593,1.0000000244738174
QQQ,2021-03-31,BIDU,"Baidu, Inc.",41,217.55,217.5500030517578,0.9999999859721547
QQQ,2021-03-31,SWKS,"Skyworks Solutions, Inc.",82,183.48,183.47999572753906,1.0000000232857043
QQQ,2021-03-31,VRSN,"VeriSign, Inc.",95,198.76,198.75999450683594,1.0000000276371714
QQQ,2021-03-31,ADBE,"Adobe, Inc.",13,475.37000000000006,475.3699951171875,1.0000000102716045
QQQ,2021-03-31,ADSK,"Autodesk, Inc.",40,277.15,277.1499938964844,1.0000000220224274
QQQ,2021-03-31,FOX,Fox Corp.,102,34.93,34.93000030517578,0.9999999912632185
QQQ,2021-03-31,AVGO,"Broadcom, Inc.",16,463.66,463.6600112915039,0.999999975647018
QQQ,2021-03-31,META,"Facebook, Inc.",5,294.53000000000003,294.5299987792969,1.00000000414458
QQQ,2021-03-31,COST,Costco Wholesale Corp.,18,352.48,352.4800109863281,0.9999999688313443
QQQ,2021-03-31,OKTA,"Okta, Inc.",89,220.43,220.42999267578125,1.000000033226961
QQQ,2021-03-31,PTON,"Peloton Interactive, Inc.",83,112.44,112.44000244140625,0.9999999782870314
QQQ,2021-03-31,KDP,"Keurig Dr Pepper, Inc.",50,34.37,34.369998931884766,1.0000000310769643
QQQ,2021-03-31,CMCSA,Comcast Corp.,11,54.11,54.109998981475826,1.0000000188232154
QQQ,2021-03-31,XEL,"Xcel Energy, Inc.",73,66.51,66.51000213623047,0.9999999678810646
QQQ,2021-03-31,NFLX,"Netflix, Inc.",12,521.6600000000001,521.6600036621094,0.9999999929798925
QQQ,2021-03-31,PDD,"Pinduoduo, Inc.",55,133.88,133.8800048828125,0.9999999635284409
QQQ,2021-03-31,DXCM,"DexCom, Inc.",76,359.39,359.3900146484375,0.9999999592408333
QQQ,2021-03-31,CSCO,"Cisco Systems, Inc.",14,51.709999999999994,51.709999084472656,1.0000000177050348
QQQ,2021-03-31,SBUX,Starbucks Corp.,22,109.27,109.2699966430664,1.0000000307214578
QQQ,2021-03-31,PEP,"PepsiCo, Inc.",15,141.45,141.4499969482422,1.000000021574817
QQQ,2021-03-31,CTSH,Cognizant Technology Solutions Corp.,65,78.11999999999999,78.12000274658203,0.999999964841501
QQQ,2021-03-31,TMUS,"T-Mobile US, Inc.",19,125.29,125.29000091552734,0.9999999926927342
QQQ,2021-03-31,AMD,"Advanced Micro Devices, Inc.",28,78.5,78.5,1.0
QQQ,2021-03-31,VRTX,"Vertex Pharmaceuticals, Inc.",44,214.89,214.88999938964844,1.0000000028402976
QQQ,2021-03-31,ADI,"Analog Devices, Inc.",42,155.07999999999998,155.0800018310547,0.999999988192838
QQQ,2021-03-31,AMAT,"Applied Materials, Inc.",23,133.6,133.60000610351562,0.9999999543150049
QQQ,2021-03-31,TCOM,Trip.com Group Ltd.,98,39.629999999999995,39.630001068115234,0.999999973047812
QQQ,2021-03-31,EXC,Exelon Corp.,59,43.74,43.7399997253418,1.000000006279337
QQQ,2021-03-31,AEP,"American Electric Power Co., Inc.",61,84.7,84.69999694824219,1.0000000360302
QQQ,2021-03-31,MU,"Micron Technology, Inc.",26,88.21,88.20999908447266,1.000000010378952
QQQ,2021-03-31,VRSK,"Verisk Analytics, Inc.",86,176.69,176.69000244140625,0.9999999861825445
QQQ,2021-03-31,IDXX,"IDEXX Laboratories, Inc.",62,489.31,489.30999755859375,1.0000000049894877
QQQ,2021-03-31,AMGN,"Amgen, Inc.",21,248.81,248.80999755859375,1.0000000098123318
QQQ,2021-03-31,PAYX,"Paychex, Inc.",75,98.02,98.0199966430664,1.0000000342474362
QQQ,2021-03-31,MSFT,Microsoft Corp.,2,235.77,235.77000427246094,0.9999999818786918
QQQ,2021-03-31,CDW,CDW Corp.,94,165.75,165.75,1.0
QQQ,2021-03-31,MELI,"MercadoLibre, Inc.",36,1472.14,1472.1400146484375,0.9999999900495624
QQQ,2021-03-31,ISRG,"Intuitive Surgical, Inc.",29,738.94,738.9400177001953,0.999999976046506
QQQ,2021-03-31,MDLZ,"Mondelez International, Inc.",31,58.53,58.529998779296875,1.0000000208560251
QQQ,2021-03-31,DLTR,"Dollar Tree, Inc.",88,114.46,114.45999908447266,1.0000000079986664
QQQ,2021-03-31,PCAR,"PACCAR, Inc.",79,92.92,92.92000007629395,0.9999999991789287
QQQ,2021-03-31,NXPI,NXP Semiconductors N.V.,45,201.34,201.33999633789062,1.000000018188683
QQQ,2021-03-31,REGN,"Regeneron Pharmaceuticals, Inc.",48,473.14,473.1400146484375,0.9999999690399521
QQQ,2021-03-31,BKNG,"Booking Holdings, Inc.",27,2329.84,2329.840087890625,0.9999999622761128
QQQ,2021-03-31,NTES,"NetEase, Inc.",80,103.26,103.26000213623047,0.9999999793121207
QQQ,2021-03-31,CPRT,"Copart, Inc.",90,108.61,108.61000061035156,0.9999999943803374
QQQ,2021-03-31,GILD,"Gilead Sciences, Inc.",32,64.63,64.62999725341797,1.000000042497016
QQQ,2021-03-31,ZM,"Zoom Video Communications, Inc.",39,321.28999999999996,321.2900085449219,0.9999999734043336
QQQ,2021-03-31,DOCU,DocuSign Inc,69,202.45,202.4499969482422,1.000000015074131
QQQ,2021-03-31,JD,"JD.com, Inc.",38,84.33,84.33000183105469,0.9999999782870314
QQQ,2021-03-31,SNPS,"Synopsys, Inc.",70,247.78,247.77999877929688,1.0000000049265605
QQQ,2021-03-31,ORLY,"O'Reilly Automotive, Inc.",74,507.25,507.24998474121094,1.0000000300813987
QQQ,2021-03-31,INCY,Incyte Corp.,99,81.27,81.2699966430664,1.0000000413059398
QQQ,2021-03-31,CHTR,"Charter Communications, Inc.",24,617.02,617.02001953125,0.9999999683458407
QQQ,2021-03-31,FAST,Fastenal Co.,85,50.28,50.279998779296875,1.0000000242781057
QQQ,2021-03-31,QCOM,"QUALCOMM, Inc.",20,132.59,132.58999633789062,1.0000000276198016
QQQ,2021-03-31,LRCX,Lam Research Corp.,30,595.24,595.2399826049805,1.0000000292235403
QQQ,2021-03-31,TXN,"Texas Instruments, Inc.",17,188.99,188.99000549316406,0.9999999709341029
QQQ,2021-03-31,MRNA,"Moderna, Inc.",46,130.95,130.9499969482422,1.0000000233047566
QQQ,2021-03-31,SIRI,"Sirius XM Holdings, Inc.",91,6.09,6.090000152587891,0.9999999749445178
QQQ,2021-03-31,WDAY,"Workday, Inc.",56,248.43,248.42999267578125,1.000000029482023
QQQ,2021-03-31,ALGN,"Align Technology, Inc.",57,541.53,541.530029296875,0.9999999458998146
QQQ,2021-03-31,CSX,CSX Corp.,35,96.42,96.41999816894531,1.0000000189904037
QQQ,2021-03-31,EBAY,"eBay, Inc.",64,61.24,61.2400016784668,0.9999999725919865
QQQ,2021-03-31,CTAS,Cintas Corp.,72,341.31,341.30999755859375,1.0000000071530464
QQQ,2021-06-30,KHC,Kraft Heinz Co. (The),53,40.779999999999994,40.779998779296875,1.0000000299338685
QQQ,2021-06-30,MTCH,"Match Group, Inc.",65,161.25,161.25,1.0
QQQ,2021-06-30,MNST,Monster Beverage Corp.,56,91.35,91.3499984741211,1.0000000167036553
QQQ,2021-06-30,CDNS,"Cadence Design Systems, Inc.",76,136.82,136.82000732421875,0.9999999464682183
QQQ,2021-06-30,GOOGL,"Alphabet, Inc.",8,2441.79,2441.790008544922,0.99999999650055
QQQ,2021-06-30,PYPL,"PayPal Holdings, Inc.",9,291.47999999999996,291.4800109863281,0.999999962308468
QQQ,2021-06-30,MCHP,"Microchip Technology, Inc.",71,149.73999999999998,149.74000549316406,0.9999999633153207
QQQ,2021-06-30,NVDA,NVIDIA Corp.,7,800.0999999999999,800.1000213623047,0.9999999733004572
QQQ,2021-06-30,AMZN,"Amazon.com, Inc.",3,3440.1600000000003,3440.159912109375,1.0000000255484127
QQQ,2021-06-30,KLAC,KLA Corp.,54,324.21000000000004,324.2100143432617,0.9999999557593503
QQQ,2021-06-30,GOOG,"Alphabet, Inc.",5,2506.32,2506.320037841797,0.9999999849014507
QQQ,2021-06-30,INTC,Intel Corp.,13,56.14,56.13999938964844,1.0000000108719553
QQQ,2021-06-30,INTU,"Intuit, Inc.",23,490.17,490.1700134277344,0.9999999726059653
QQQ,2021-06-30,MAR,"Marriott International, Inc.",63,136.52,136.52000427246094,0.9999999687045064
QQQ,2021-06-30,BIIB,"Biogen, Inc.",51,346.27,346.2699890136719,1.0000000317276359
QQQ,2021-06-30,AAPL,"Apple, Inc.",1,136.96,136.9600067138672,0.99999995097936
QQQ,2021-06-30,CHKP,Check Point Software Technologies Ltd.,100,116.13,116.12999725341797,1.0000000236509266
QQQ,2021-06-30,ADP,"Automatic Data Processing, Inc.",35,198.62,198.6199951171875,1.0000000245836906
QQQ,2021-06-30,FISV,"Fiserv, Inc.",39,106.89,106.88999938964844,1.0000000057100904
QQQ,2021-06-30,FOXA,Fox Corp.,101,37.129999999999995,37.130001068115234,0.9999999712330944
QQQ,2021-06-30,TEAM,Atlassian Corp. PLC,80,256.86,256.8599853515625,1.000000057028881
QQQ,2021-06-30,ROST,"Ross Stores, Inc.",64,124.0,124.0,1.0
QQQ,2021-06-30,TSLA,"Tesla, Inc.",6,679.7,679.6999969482422,1.00000000448986
QQQ,2021-06-30,LULU,"lululemon athletica, Inc.",60,364.97,364.9700012207031,0.999999996655333
QQQ,2021-06-30,MRVL,"Marvell Technology, Inc.",59,58.330000000000005,58.33000183105469,0.9999999686086983
QQQ,2021-06-30,ASML,ASML Holding N.V.,46,690.8399999999999,690.8400268554688,0.9999999611263566
QQQ,2021-06-30,ILMN,"Illumina, Inc.",40,473.21,473.2100028076172,0.9999999940668685
QQQ,2021-06-30,BIDU,"Baidu, Inc.",49,203.9,203.89999389648438,1.0000000299338687
QQQ,2021-06-30,SWKS,"Skyworks Solutions, Inc.",83,191.75,191.75,1.0
QQQ,2021-06-30,VRSN,"VeriSign, Inc.",93,227.69,227.69000244140625,0.9999999892774991
QQQ,2021-06-30,ADBE,"Adobe, Inc.",10,585.64,585.6400146484375,0.9999999749873009
QQQ,2021-06-30,ADSK,"Autodesk, Inc.",42,291.9,291.8999938964844,1.000000020909612
QQQ,2021-06-30,FOX,Fox Corp.,102,35.199999999999996,35.20000076293945,0.9999999783255841
QQQ,2021-06-30,AVGO,"Broadcom, Inc.",16,476.84,476.83998107910156,1.000000039679765
QQQ,2021-06-30,META,"Facebook, Inc.",4,347.71,347.7099914550781,1.0000000245748528
QQQ,2021-06-30,COST,Costco Wholesale Corp.,19,395.67,395.6700134277344,0.9999999660633004
QQQ,2021-06-30,OKTA,"Okta, Inc.",86,244.68,244.67999267578125,1.0000000299338687
QQQ,2021-06-30,PTON,"Peloton Interactive, Inc.",82,124.02,124.0199966430664,1.00000002706768
QQQ,2021-06-30,KDP,"Keurig Dr Pepper, Inc.",52,35.24,35.2400016784668,0.9999999523704111
QQQ,2021-06-30,CMCSA,Comcast Corp.,11,57.02,57.01999824142456,1.0000000308413801
QQQ,2021-06-30,XEL,"Xcel Energy, Inc.",79,65.88000000000001,65.87999725341797,1.0000000416906825
QQQ,2021-06-30,NFLX,"Netflix, Inc.",12,528.2099999999999,528.2099914550781,1.00000001617713
QQQ,2021-06-30,PDD,"Pinduoduo, Inc.",57,127.02,127.0199966430664,1.0000000264283866
QQQ,2021-06-30,DXCM,"DexCom, Inc.",69,427.0,427.0,1.0
QQQ,2021-06-30,CSCO,"Cisco Systems, Inc.",14,53.0,53.0,1.0
QQQ,2021-06-30,SBUX,Starbucks Corp.,24,111.81,111.80999755859375,1.0000000218353127
QQQ,2021-06-30,PEP,"PepsiCo, Inc.",15,148.17000000000002,148.1699981689453,1.0000000123577966
QQQ,2021-06-30,CTSH,Cognizant Technology Solutions Corp.,77,69.26,69.26000213623047,0.9999999691563616
QQQ,2021-06-30,TMUS,"T-Mobile US, Inc.",17,144.82999999999998,144.8300018310547,0.9999999873572141
QQQ,2021-06-30,AMD,"Advanced Micro Devices, Inc.",26,93.93,93.93000030517578,0.9999999967510298
QQQ,2021-06-30,VRTX,"Vertex Pharmaceuticals, Inc.",50,201.63,201.6300048828125,0.9999999757833041
QQQ,2021-06-30,ADI,"Analog Devices, Inc.",43,172.16,172.16000366210938,0.9999999787284544
QQQ,2021-06-30,AMAT,"Applied Materials, Inc.",25,142.4,142.39999389648438,1.0000000428617688
QQQ,2021-06-30,TCOM,Trip.com Group Ltd.,98,35.46,35.459999084472656,1.0000000258185946
QQQ,2021-06-30,EXC,Exelon Corp.,66,44.31,44.31000077819824,0.9999999824374132
QQQ,2021-06-30,AEP,"American Electric Power Co., Inc.",67,84.59,84.58999633789062,1.000000043292464
QQQ,2021-06-30,MU,"Micron Technology, Inc.",28,84.97999999999999,84.9800033569336,0.9999999604973703
QQQ,2021-06-30,VRSK,"Verisk Analytics, Inc.",90,174.72000000000003,174.72000122070312,0.9999999930133752
QQQ,2021-06-30,IDXX,"IDEXX Laboratories, Inc.",48,631.55,631.5499877929688,1.0000000193286858
QQQ,2021-06-30,AMGN,"Amgen, Inc.",21,243.75,243.75,1.0
QQQ,2021-06-30,PAYX,"Paychex, Inc.",75,107.3,107.30000305175781,0.9999999715586418
QQQ,2021-06-30,MSFT,Microsoft Corp.,2,270.9,270.8999938964844,1.0000000225305121
QQQ,2021-06-30,CDW,CDW Corp.,94,174.64999999999998,174.64999389648438,1.0000000349471274
QQQ,2021-06-30,MELI,"MercadoLibre, Inc.",36,1557.79,1557.7900390625,0.9999999749244127
QQQ,2021-06-30,ISRG,"Intuitive Surgical, Inc.",27,919.64,919.6399841308594,1.0000000172558186
QQQ,2021-06-30,MDLZ,"Mondelez International, Inc.",33,62.44,62.439998626708984,1.0000000219937708
QQQ,2021-06-30,DLTR,"Dollar Tree, Inc.",97,99.5,99.5,1.0
QQQ,2021-06-30,PCAR,"PACCAR, Inc.",85,89.25,89.25,1.0
QQQ,2021-06-30,NXPI,NXP Semiconductors N.V.,45,205.71999999999997,205.72000122070312,0.9999999940661912
QQQ,2021-06-30,REGN,"Regeneron Pharmaceuticals, Inc.",44,558.54,558.5399780273438,1.0000000393394513
QQQ,2021-06-30,BKNG,"Booking Holdings, Inc.",32,2188.0899999999997,2188.089942932129,1.0000000260811357
QQQ,2021-06-30,NTES,"NetEase, Inc.",81,115.25,115.25,1.0
QQQ,2021-06-30,CPRT,"Copart, Inc.",84,131.83,131.8300018310547,0.9999999861104859
QQQ,2021-06-30,GILD,"Gilead Sciences, Inc.",34,68.86,68.86000061035156,0.999999991136341
QQQ,2021-06-30,ZM,"Zoom Video Communications, Inc.",31,387.03,387.0299987792969,1.000000003154027
QQQ,2021-06-30,DOCU,DocuSign Inc,47,279.57,279.57000732421875,0.9999999738018437
QQQ,2021-06-30,JD,"JD.com, Inc.",41,79.81,79.80999755859375,1.0000000305902308
QQQ,2021-06-30,SNPS,"Synopsys, Inc.",68,275.79,275.7900085449219,0.9999999690165648
QQQ,2021-06-30,ORLY,"O'Reilly Automotive, Inc.",74,566.21,566.2100028991699,0.9999999948796915
QQQ,2021-06-30,INCY,Incyte Corp.,99,84.13,84.12999725341797,1.0000000326468812
QQQ,2021-06-30,CHTR,"Charter Communications, Inc.",22,721.45,721.4500122070312,0.9999999830798656
QQQ,2021-06-30,FAST,Fastenal Co.,88,52.0,52.0,1.0
QQQ,2021-06-30,QCOM,"QUALCOMM, Inc.",20,142.93,142.92999267578125,1.0000000512433997
QQQ,2021-06-30,LRCX,Lam Research Corp.,30,650.7,650.6999969482422,1.0000000046899613
QQQ,2021-06-30,TXN,"Texas Instruments, Inc.",18,192.3,192.3000030517578,0.999999984130225
QQQ,2021-06-30,MRNA,"Moderna, Inc.",29,234.98,234.97999572753906,1.0000000181822326
QQQ,2021-06-30,SIRI,"Sirius XM Holdings, Inc.",92,6.54,6.540000152587891,0.9999999766685188
QQQ,2021-06-30,WDAY,"Workday, Inc.",62,238.74,238.74000549316406,0.9999999769910198
QQQ,2021-06-30,ALGN,"Align Technology, Inc.",55,611.0,611.0,1.0
QQQ,2021-06-30,CSX,CSX Corp.,38,32.08,32.08000183105469,0.9999999429222386
QQQ,2021-06-30,EBAY,"eBay, Inc.",58,70.21,70.20999908447266,1.0000000130398425
QQQ,2021-06-30,CTAS,Cintas Corp.,73,382.0,382.0,1.0
QQQ,2021-09-30,KHC,Kraft Heinz Co. (The),65,36.82,36.81999969482422,1.0000000082883156
QQQ,2021-09-30,MTCH,"Match Group, Inc.",66,156.99,156.99000549316406,0.9999999650094664
QQQ,2021-09-30,MNST,Monster Beverage Corp.,62,88.83,88.83000183105469,0.999999979386979
QQQ,2021-09-30,CDNS,"Cadence Design Systems, Inc.",70,151.44,151.44000244140625,0.9999999838787228
QQQ,2021-09-30,GOOGL,"Alphabet, Inc.",7,2673.52,2673.5198974609375,1.0000000383535812
QQQ,2021-09-30,PYPL,"PayPal Holdings, Inc.",9,260.21,260.2099914550781,1.0000000328385616
QQQ,2021-09-30,CRWD,"Crowdstrike Holdings, Inc.",56,245.78,245.77999877929688,1.0000000049666495
QQQ,2021-09-30,MCHP,"Microchip Technology, Inc.",69,153.49,153.49000549316406,0.9999999642115848
QQQ,2021-09-30,NVDA,NVIDIA Corp.,8,207.16,207.15999603271484,1.0000000191508265
QQQ,2021-09-30,AMZN,"Amazon.com, Inc.",3,3285.04,3285.0399780273438,1.000000006688703
QQQ,2021-09-30,KLAC,KLA Corp.,52,334.51,334.51000213623047,0.9999999936138517
QQQ,2021-09-30,GOOG,"Alphabet, Inc.",5,2665.31,2665.31005859375,0.9999999780161599
QQQ,2021-09-30,INTC,Intel Corp.,14,53.28,53.279998779296875,1.0000000229110952
QQQ,2021-09-30,INTU,"Intuit, Inc.",21,539.51,539.510009765625,0.9999999818990847
QQQ,2021-09-30,MAR,"Marriott International, Inc.",58,148.09,148.08999633789062,1.0000000247289451
QQQ,2021-09-30,BIIB,"Biogen, Inc.",67,282.99,282.989990234375,1.0000000345087294
QQQ,2021-09-30,AAPL,"Apple, Inc.",1,141.5,141.5,1.0
QQQ,2021-09-30,CHKP,Check Point Software Technologies Ltd.,100,113.04,113.04000091552734,0.9999999919008552
QQQ,2021-09-30,ADP,"Automatic Data Processing, Inc.",33,199.92,199.9199981689453,1.000000009158937
QQQ,2021-09-30,FISV,"Fiserv, Inc.",38,108.5,108.5,1.0
QQQ,2021-09-30,FOXA,Fox Corp.,101,40.11,40.11000061035156,0.9999999847830577
QQQ,2021-09-30,TEAM,Atlassian Corp. PLC,47,391.42,391.4200134277344,0.9999999656948191
QQQ,2021-09-30,ROST,"Ross Stores, Inc.",77,108.85,108.8499984741211,1.0000000140181802
QQQ,2021-09-30,TSLA,"Tesla, Inc.",4,775.48,775.4800415039062,0.9999999464797236
QQQ,2021-09-30,LULU,"lululemon athletica, Inc.",53,404.7,404.70001220703125,0.9999999698368399
QQQ,2021-09-30,MRVL,"Marvell Technology, Inc.",55,60.309999999999995,60.310001373291016,0.9999999772294647
QQQ,2021-09-30,ASML,ASML Holding N.V.,44,745.11,745.1099853515625,1.0000000196594299
QQQ,2021-09-30,ILMN,"Illumina, Inc.",41,405.61,405.6099990234375,1.0000000024076392
QQQ,2021-09-30,BIDU,"Baidu, Inc.",78,153.75,153.75,1.0
QQQ,2021-09-30,SWKS,"Skyworks Solutions, Inc.",89,164.78,164.77999877929688,1.0000000074080782
QQQ,2021-09-30,VRSN,"VeriSign, Inc.",95,205.01,205.00999450683594,1.0000000267946159
QQQ,2021-09-30,ADBE,"Adobe, Inc.",10,575.72,575.719970703125,1.0000000508873697
QQQ,2021-09-30,ADSK,"Autodesk, Inc.",43,285.17,285.1700134277344,0.9999999529132316
QQQ,2021-09-30,FOX,Fox Corp.,102,37.12,37.119998931884766,1.0000000287746569
QQQ,2021-09-30,AVGO,"Broadcom, Inc.",16,484.93,484.9300003051758,0.9999999993706807
QQQ,2021-09-30,META,"Facebook, Inc.",6,339.39,339.3900146484375,0.9999999568389261
QQQ,2021-09-30,COST,Costco Wholesale Corp.,17,449.35,449.3500061035156,0.9999999864170123
QQQ,2021-09-30,OKTA,"Okta, Inc.",81,237.34,237.33999633789062,1.000000015429803
QQQ,2021-09-30,PTON,"Peloton Interactive, Inc.",94,87.05,87.05000305175781,0.9999999649424732
QQQ,2021-09-30,KDP,"Keurig Dr Pepper, Inc.",57,34.160000000000004,34.15999984741211,1.0000000044668587
QQQ,2021-09-30,CMCSA,Comcast Corp.,12,55.93,55.93000114822387,0.9999999794703406
QQQ,2021-09-30,XEL,"Xcel Energy, Inc.",82,62.5,62.5,1.0
QQQ,2021-09-30,NFLX,"Netflix, Inc.",11,610.3399999999999,610.3400039672852,0.9999999934998768
QQQ,2021-09-30,PDD,"Pinduoduo, Inc.",80,90.67,90.66999816894531,1.0000000201947141
QQQ,2021-09-30,DXCM,"DexCom, Inc.",49,546.86,546.8599853515625,1.0000000267864497
QQQ,2021-09-30,CSCO,"Cisco Systems, Inc.",13,54.43,54.43000030517578,0.999999994393243
QQQ,2021-09-30,SBUX,Starbucks Corp.,25,110.31,110.30999755859375,1.00000002213223
QQQ,2021-09-30,PEP,"PepsiCo, Inc.",15,150.41,150.41000366210938,0.999999975652488
QQQ,2021-09-30,CTSH,Cognizant Technology Solutions Corp.,76,74.21,74.20999908447266,1.0000000123369808
QQQ,2021-09-30,TMUS,"T-Mobile US, Inc.",19,127.76,127.76000213623047,0.9999999832793486
QQQ,2021-09-30,AMD,"Advanced Micro Devices, Inc.",26,102.9,102.9000015258789,0.9999999851712451
QQQ,2021-09-30,VRTX,"Vertex Pharmaceuticals, Inc.",61,181.39,181.38999938964844,1.0000000033648577
QQQ,2021-09-30,ADI,"Analog Devices, Inc.",31,167.48,167.47999572753906,1.0000000255102761
QQQ,2021-09-30,AMAT,"Applied Materials, Inc.",29,128.73,128.72999572753906,1.0000000331893193
QQQ,2021-09-30,TCOM,Trip.com Group Ltd.,98,30.75,30.75,1.0
QQQ,2021-09-30,EXC,Exelon Corp.,60,48.34,48.34000202941894,0.9999999580178144
QQQ,2021-09-30,AEP,"American Electric Power Co., Inc.",72,81.18,81.18000030517578,0.9999999962407518
QQQ,2021-09-30,MU,"Micron Technology, Inc.",37,70.98,70.9800033569336,0.9999999527059251
QQQ,2021-09-30,VRSK,"Verisk Analytics, Inc.",84,200.27,200.27000427246094,0.999999978666496
QQQ,2021-09-30,IDXX,"IDEXX Laboratories, Inc.",48,621.9000000000001,621.9000244140625,0.9999999607427859
QQQ,2021-09-30,AMGN,"Amgen, Inc.",27,212.65,212.64999389648438,1.0000000287021669
QQQ,2021-09-30,PAYX,"Paychex, Inc.",74,112.45,112.44999694824219,1.0000000271387985
QQQ,2021-09-30,MSFT,Microsoft Corp.,2,281.92,281.9200134277344,0.9999999523704111
QQQ,2021-09-30,CDW,CDW Corp.,91,182.02,182.02000427246094,0.9999999765275199
QQQ,2021-09-30,HON,"Honeywell International, Inc.",22,212.28,212.27999374336244,1.000000029473515
QQQ,2021-09-30,MELI,"MercadoLibre, Inc.",34,1679.4,1679.4000244140625,0.9999999854626282
QQQ,2021-09-30,ISRG,"Intuitive Surgical, Inc.",28,994.15,994.1499938964844,1.0000000061394314
QQQ,2021-09-30,MDLZ,"Mondelez International, Inc.",35,58.18,58.18000030517578,0.9999999947546274
QQQ,2021-09-30,DLTR,"Dollar Tree, Inc.",96,95.72,95.72000122070312,0.9999999872471468
QQQ,2021-09-30,PCAR,"PACCAR, Inc.",88,78.92,78.92000198364258,0.9999999748651479
QQQ,2021-09-30,NXPI,NXP Semiconductors N.V.,51,195.87,195.8699951171875,1.0000000249288437
QQQ,2021-09-30,REGN,"Regeneron Pharmaceuticals, Inc.",40,605.1800000000001,605.1799926757812,1.0000000121025463
QQQ,2021-09-30,BKNG,"Booking Holdings, Inc.",30,2373.87,2373.870086669922,0.9999999634900315
QQQ,2021-09-30,NTES,"NetEase, Inc.",90,85.4,85.4000015258789,0.9999999821325659
QQQ,2021-09-30,CPRT,"Copart, Inc.",83,138.72,138.72000122070312,0.9999999912002371
QQQ,2021-09-30,GILD,"Gilead Sciences, Inc.",32,69.85,69.8499984741211,1.0000000218450813
QQQ,2021-09-30,ZM,"Zoom Video Communications, Inc.",42,261.5,261.5,1.0
QQQ,2021-09-30,DOCU,DocuSign Inc,54,257.43,257.42999267578125,1.000000028451303
QQQ,2021-09-30,JD,"JD.com, Inc.",46,72.24,72.23999786376953,1.0000000295712974
QQQ,2021-09-30,SNPS,"Synopsys, Inc.",63,299.41,299.4100036621094,0.9999999877689145
QQQ,2021-09-30,ORLY,"O'Reilly Automotive, Inc.",68,611.0600000000001,611.0599708557129,1.000000047694643
QQQ,2021-09-30,INCY,Incyte Corp.,99,68.78,68.77999877929688,1.0000000177479376
QQQ,2021-09-30,CHTR,"Charter Communications, Inc.",24,727.56,727.5599975585938,1.000000003355608
QQQ,2021-09-30,FAST,Fastenal Co.,87,51.61,51.61000061035156,0.9999999881737733
QQQ,2021-09-30,QCOM,"QUALCOMM, Inc.",23,128.98,128.97999572753906,1.000000033124989
QQQ,2021-09-30,LRCX,Lam Research Corp.,36,569.15,569.1500091552734,0.9999999839141293
QQQ,2021-09-30,TXN,"Texas Instruments, Inc.",18,192.21,192.2100067138672,0.9999999650701475
QQQ,2021-09-30,MRNA,"Moderna, Inc.",20,384.86,384.8599853515625,1.0000000380617318
QQQ,2021-09-30,SIRI,"Sirius XM Holdings, Inc.",92,6.1000000000000005,6.1000000000000005,1.0
QQQ,2021-09-30,WDAY,"Workday, Inc.",59,249.89,249.88999938964844,1.0000000024424809
QQQ,2021-09-30,ALGN,"Align Technology, Inc.",50,665.43,665.4299926757812,1.0000000110067457
QQQ,2021-09-30,CSX,CSX Corp.,39,29.74,29.739999771118164,1.000000007696094
QQQ,2021-09-30,EBAY,"eBay, Inc.",64,69.67,69.66999816894531,1.000000026281825
QQQ,2021-09-30,CTAS,Cintas Corp.,75,380.66,380.6600036621094,0.9999999903795794
QQQ,2021-12-31,KHC,Kraft Heinz Co. (The),77,35.9,35.900001525878906,0.999999957496411
QQQ,2021-12-31,MTCH,"Match Group, Inc.",81,132.25,132.25,1.0
QQQ,2021-12-31,MNST,Monster Beverage Corp.,65,96.04,96.04000091552734,0.999999990467229
QQQ,2021-12-31,CDNS,"Cadence Design Systems, Inc.",64,186.35,186.35000610351562,0.9999999672470329
QQQ,2021-12-31,GOOGL,"Alphabet, Inc.",8,2897.04,2897.0401000976562,0.9999999654483014
QQQ,2021-12-31,PYPL,"PayPal Holdings, Inc.",16,188.58,188.5800018310547,0.9999999902903031
QQQ,2021-12-31,CRWD,"Crowdstrike Holdings, Inc.",78,204.75,204.75,1.0
QQQ,2021-12-31,MCHP,"Microchip Technology, Inc.",68,87.06,87.05999755859375,1.0000000280428019
QQQ,2021-12-31,NVDA,NVIDIA Corp.,6,294.10999999999996,294.10999298095703,1.000000023865367
QQQ,2021-12-31,AMZN,"Amazon.com, Inc.",3,3334.3399999999997,3334.3399047851562,1.00000002855583
QQQ,2021-12-31,KLAC,KLA Corp.,42,430.11,430.1100158691406,0.9999999631044616
QQQ,2021-12-31,GOOG,"Alphabet, Inc.",7,2893.59,2893.590087890625,0.9999999696257513
QQQ,2021-12-31,INTC,Intel Corp.,17,51.5,51.5,1.0
QQQ,2021-12-31,INTU,"Intuit, Inc.",19,643.22,643.219970703125,1.00000004554721
QQQ,2021-12-31,MAR,"Marriott International, Inc.",55,165.23999999999998,165.24000549316406,0.9999999667564519
QQQ,2021-12-31,BIIB,"Biogen, Inc.",88,239.92,239.9199981689453,1.0000000076319384
QQQ,2021-12-31,AAPL,"Apple, Inc.",1,177.57000000000002,177.57000732421875,0.999999958753064
QQQ,2021-12-31,ADP,"Automatic Data Processing, Inc.",30,246.58,246.5800018310547,0.9999999925741964
QQQ,2021-12-31,FISV,"Fiserv, Inc.",39,103.79,103.79000091552734,0.999999991179041
QQQ,2021-12-31,TEAM,Atlassian Corp. PLC,56,381.29,381.2900085449219,0.999999977589442
QQQ,2021-12-31,ROST,"Ross Stores, Inc.",80,114.28,114.27999877929688,1.0000000106816866
QQQ,2021-12-31,ZS,"Zscaler, Inc.",74,321.33000000000004,321.3299865722656,1.0000000417879904
QQQ,2021-12-31,TSLA,"Tesla, Inc.",5,1056.78,1056.780029296875,0.9999999722772249
QQQ,2021-12-31,LULU,"lululemon athletica, Inc.",67,391.4500000000001,391.45001220703125,0.9999999688158622
QQQ,2021-12-31,MRVL,"Marvell Technology, Inc.",38,87.49,87.48999786376953,1.0000000244168534
QQQ,2021-12-31,ASML,ASML Holding N.V.,43,796.14,796.1400146484375,0.9999999816006767
QQQ,2021-12-31,ILMN,"Illumina, Inc.",47,380.44,380.4399987792969,1.0000000032086613
QQQ,2021-12-31,BIDU,"Baidu, Inc.",86,148.79,148.7899932861328,1.0000000451231097
QQQ,2021-12-31,SWKS,"Skyworks Solutions, Inc.",97,155.14,155.13999938964844,1.0000000039341985
QQQ,2021-12-31,VRSN,"VeriSign, Inc.",96,253.82,253.82000732421875,0.9999999711440448
QQQ,2021-12-31,ADBE,"Adobe, Inc.",10,567.06,567.0599975585938,1.0000000043053754
QQQ,2021-12-31,ADSK,"Autodesk, Inc.",45,281.19,281.19000244140625,0.9999999913175923
QQQ,2021-12-31,ABNB,"Airbnb, Inc.",49,166.49,166.49000549316406,0.9999999670060432
QQQ,2021-12-31,AVGO,"Broadcom, Inc.",9,665.41,665.4100036621094,0.9999999944964617
QQQ,2021-12-31,DDOG,"Datadog, Inc.",72,178.11,178.11000061035156,0.9999999965731764
QQQ,2021-12-31,META,"Meta Platforms, Inc.",4,336.34999999999997,336.3500061035156,0.9999999818536776
QQQ,2021-12-31,COST,Costco Wholesale Corp.,13,567.7,567.7000122070312,0.9999999784973913
QQQ,2021-12-31,OKTA,"Okta, Inc.",90,224.17,224.1699981689453,1.0000000081681522
QQQ,2021-12-31,PTON,"Peloton Interactive, Inc.",101,35.76,35.7599983215332,1.0000000469369932
QQQ,2021-12-31,KDP,"Keurig Dr Pepper, Inc.",59,36.86,36.86000061035156,0.9999999834413578
QQQ,2021-12-31,CMCSA,Comcast Corp.,15,50.33,50.330001369476314,0.99999997279006
QQQ,2021-12-31,FTNT,"Fortinet, Inc.",48,359.40000000000003,359.39998626708984,1.0000000382106586
QQQ,2021-12-31,XEL,"Xcel Energy, Inc.",85,67.7,67.69999694824219,1.0000000450776654
QQQ,2021-12-31,NFLX,"Netflix, Inc.",12,602.44,602.4399948120117,1.0000000086116267
QQQ,2021-12-31,PDD,"Pinduoduo, Inc.",99,58.3,58.29999923706055,1.0000000130864402
QQQ,2021-12-31,DXCM,"DexCom, Inc.",60,536.95,536.9500122070312,0.9999999772659821
QQQ,2021-12-31,CSCO,"Cisco Systems, Inc.",11,63.37,63.369998931884766,1.0000000168552194
QQQ,2021-12-31,SBUX,Starbucks Corp.,25,116.97,116.97000122070312,0.9999999895639642
QQQ,2021-12-31,PEP,"PepsiCo, Inc.",14,173.71,173.7100067138672,0.9999999613501415
QQQ,2021-12-31,CTSH,Cognizant Technology Solutions Corp.,70,88.72,88.72000122070312,0.9999999862409478
QQQ,2021-12-31,TMUS,"T-Mobile US, Inc.",22,115.98,115.9800033569336,0.9999999710559279
QQQ,2021-12-31,AMD,"Advanced Micro Devices, Inc.",21,143.89999999999998,143.89999389648438,1.0000000424149817
QQQ,2021-12-31,VRTX,"Vertex Pharmaceuticals, Inc.",52,219.6,219.60000610351562,0.9999999722062137
QQQ,2021-12-31,ADI,"Analog Devices, Inc.",34,175.76999999999998,175.77000427246094,0.9999999756928892
QQQ,2021-12-31,AMAT,"Applied Materials, Inc.",24,157.36,157.36000061035156,0.9999999961213043
QQQ,2021-12-31,EXC,Exelon Corp.,50,57.76,57.75999972534179,1.000000004755163
QQQ,2021-12-31,AEP,"American Electric Power Co., Inc.",75,88.97,88.97000122070312,0.9999999862796098
QQQ,2021-12-31,MU,"Micron Technology, Inc.",29,93.15,93.1500015258789,0.999999983619121
QQQ,2021-12-31,VRSK,"Verisk Analytics, Inc.",83,228.73,228.72999572753906,1.0000000186790583
QQQ,2021-12-31,IDXX,"IDEXX Laboratories, Inc.",53,658.4599999999999,658.4600219726562,0.9999999666302348
QQQ,2021-12-31,AMGN,"Amgen, Inc.",27,224.97,224.97000122070312,0.9999999945739293
QQQ,2021-12-31,PAYX,"Paychex, Inc.",66,136.5,136.5,1.0
QQQ,2021-12-31,MSFT,Microsoft Corp.,2,336.32,336.32000732421875,0.9999999782224709
QQQ,2021-12-31,HON,"Honeywell International, Inc.",23,208.51,208.5099973551636,1.0000000126844584
QQQ,2021-12-31,MELI,"MercadoLibre, Inc.",40,1348.4,1348.4000244140625,0.9999999818940507
QQQ,2021-12-31,ISRG,"Intuitive Surgical, Inc.",26,359.3,359.29998779296875,1.0000000339744828
QQQ,2021-12-31,MDLZ,"Mondelez International, Inc.",35,66.31,66.30999755859375,1.000000036818072
QQQ,2021-12-31,DLTR,"Dollar Tree, Inc.",91,140.52,140.52000427246094,0.9999999695953544
QQQ,2021-12-31,LCID,"Lucid Group, Inc.",44,38.05,38.050000000000004,0.9999999999999998
QQQ,2021-12-31,PCAR,"PACCAR, Inc.",92,88.26,88.26000022888184,0.9999999974067321
QQQ,2021-12-31,NXPI,NXP Semiconductors N.V.,46,227.78,227.77999877929688,1.0000000053591322
QQQ,2021-12-31,REGN,"Regeneron Pharmaceuticals, Inc.",41,631.52,631.52001953125,0.9999999690726352
QQQ,2021-12-31,BKNG,"Booking Holdings, Inc.",33,2399.23,2399.2300033569336,0.9999999986008288
QQQ,2021-12-31,NTES,"NetEase, Inc.",94,101.78,101.77999877929688,1.0000000119935464
QQQ,2021-12-31,CPRT,"Copart, Inc.",87,151.62,151.6199951171875,1.0000000322042781
QQQ,2021-12-31,GILD,"Gilead Sciences, Inc.",36,72.61,72.61000061035156,0.9999999915941116
QQQ,2021-12-31,ZM,"Zoom Video Communications, Inc.",76,183.91,183.91000366210938,0.9999999800874922
QQQ,2021-12-31,DOCU,DocuSign Inc,93,152.31,152.30999755859375,1.0000000160291924
QQQ,2021-12-31,JD,"JD.com, Inc.",61,70.07,70.06999969482422,1.0000000043552986
QQQ,2021-12-31,SNPS,"Synopsys, Inc.",51,368.5,368.5,1.0
QQQ,2021-12-31,ORLY,"O'Reilly Automotive, Inc.",69,706.23,706.2300109863281,0.9999999844436969
QQQ,2021-12-31,CHTR,"Charter Communications, Inc.",28,651.97,651.969970703125,1.000000044935927
QQQ,2021-12-31,FAST,Fastenal Co.,84,64.06,64.05999755859375,1.0000000381112448
QQQ,2021-12-31,QCOM,"QUALCOMM, Inc.",18,182.87,182.8699951171875,1.000000026701004
QQQ,2021-12-31,LRCX,Lam Research Corp.,32,719.1500000000001,719.1500091552734,0.9999999872693135
QQQ,2021-12-31,TXN,"Texas Instruments, Inc.",20,188.47,188.47000122070312,0.9999999935230905
QQQ,2021-12-31,MRNA,"Moderna, Inc.",31,253.98,253.97999572753906,1.000000016822037
QQQ,2021-12-31,SIRI,"Sirius XM Holdings, Inc.",98,6.3500000000000005,6.3500000000000005,1.0
QQQ,2021-12-31,WDAY,"Workday, Inc.",57,273.18,273.17999267578125,1.0000000268109632
QQQ,2021-12-31,ALGN,"Align Technology, Inc.",62,657.1800000000001,657.1799926757812,1.0000000111449205
QQQ,2021-12-31,CSX,CSX Corp.,37,37.6,37.599998474121094,1.0000000405818874
QQQ,2021-12-31,PANW,"Palo Alto Networks, Inc.",54,556.76,556.760009765625,0.9999999824599022
QQQ,2021-12-31,EBAY,"eBay, Inc.",79,66.5,66.5,1.0
QQQ,2021-12-31,CTAS,Cintas Corp.,71,443.17,443.1700134277344,0.9999999697007154
QQQ,2022-03-31,KHC,Kraft Heinz Co. (The),57,39.39,39.38999938964844,1.0000000154950894
QQQ,2022-03-31,MTCH,"Match Group, Inc.",87,108.74,108.73999786376953,1.0000000196453054
QQQ,2022-03-31,MNST,Monster Beverage Corp.,68,79.9,79.9000015258789,0.9999999809026424
QQQ,2022-03-31,CDNS,"Cadence Design Systems, Inc.",65,164.46,164.4600067138672,0.9999999591762927
QQQ,2022-03-31,GOOGL,"Alphabet, Inc.",7,2781.35,2781.35009765625,0.9999999648889041
QQQ,2022-03-31,PYPL,"PayPal Holdings, Inc.",22,115.65,115.6500015258789,0.9999999868060624
QQQ,2022-03-31,CRWD,"Crowdstrike Holdings, Inc.",58,227.08,227.0800018310547,0.9999999919365217
QQQ,2022-03-31,MCHP,"Microchip Technology, Inc.",70,75.14,75.13999938964844,1.0000000081228582
QQQ,2022-03-31,NVDA,NVIDIA Corp.,5,272.86,272.85999298095703,1.0000000257239725
QQQ,2022-03-31,AMZN,"Amazon.com, Inc.",3,3259.95,3259.949951171875,1.0000000149781823
QQQ,2022-03-31,KLAC,KLA Corp.,48,366.06,366.0599899291992,1.0000000275113399
QQQ,2022-03-31,GOOG,"Alphabet, Inc.",6,2792.99,2792.9901123046875,0.9999999597905173
QQQ,2022-03-31,INTC,Intel Corp.,15,49.56,49.560001373291016,0.9999999722903354
QQQ,2022-03-31,INTU,"Intuit, Inc.",21,480.84,480.8399963378906,1.0000000076160664
QQQ,2022-03-31,MAR,"Marriott International, Inc.",46,175.75,175.75,1.0
QQQ,2022-03-31,BIIB,"Biogen, Inc.",88,210.6,210.60000610351562,0.9999999710184452
QQQ,2022-03-31,AAPL,"Apple, Inc.",1,174.61,174.61000061035156,0.9999999965044869
QQQ,2022-03-31,ADP,"Automatic Data Processing, Inc.",29,227.54,227.5399932861328,1.000000029506317
QQQ,2022-03-31,FISV,"Fiserv, Inc.",40,101.4,101.4000015258789,0.9999999849518848
QQQ,2022-03-31,TEAM,Atlassian Corp. PLC,71,293.83,293.8299865722656,1.0000000456989926
QQQ,2022-03-31,ROST,"Ross Stores, Inc.",86,90.46,90.45999908447266,1.0000000101207975
QQQ,2022-03-31,ZS,"Zscaler, Inc.",83,241.28,241.27999877929688,1.0000000050592803
QQQ,2022-03-31,TSLA,"Tesla, Inc.",4,1077.6,1077.6000366210938,0.9999999660160611
QQQ,2022-03-31,LULU,"lululemon athletica, inc.",66,365.23,365.2300109863281,0.9999999699194267
QQQ,2022-03-31,MRVL,"Marvell Technology, Inc.",44,71.71000000000001,71.70999908447266,1.0000000127670807
QQQ,2022-03-31,ASML,ASML Holding N.V.,47,667.93,667.9299926757812,1.0000000109655485
QQQ,2022-03-31,ILMN,"Illumina, Inc.",50,349.4,349.4000018310547,0.9999999947594314
QQQ,2022-03-31,BIDU,"Baidu, Inc.",85,132.3,132.3000030517578,0.9999999769330481
QQQ,2022-03-31,SWKS,"Skyworks Solutions, Inc.",98,133.28,133.27999877929688,1.0000000091589372
QQQ,2022-03-31,VRSN,"VeriSign, Inc.",95,222.46,222.4600067138672,0.9999999698198914
QQQ,2022-03-31,ADBE,"Adobe, Inc.",13,455.62,455.6199951171875,1.000000010716853
QQQ,2022-03-31,ADSK,"Autodesk, Inc.",59,214.35,214.35000610351562,0.9999999715254703
QQQ,2022-03-31,ABNB,"Airbnb, Inc.",41,171.76,171.75999450683594,1.000000031981627
QQQ,2022-03-31,AZN,AstraZeneca PLC,75,66.34,66.33999633789062,1.0000000552021342
QQQ,2022-03-31,AVGO,"Broadcom, Inc.",9,629.6800000000001,629.6799850463867,1.0000000237479572
QQQ,2022-03-31,DDOG,"Datadog, Inc.",72,151.47,151.47000122070312,0.9999999919409578
QQQ,2022-03-31,META,"Meta Platforms, Inc.",8,222.36,222.36000061035156,0.9999999972551199
QQQ,2022-03-31,COST,Costco Wholesale Corp.,10,575.85,575.8499755859375,1.0000000423965678
QQQ,2022-03-31,OKTA,"Okta, Inc.",97,150.96,150.9600067138672,0.9999999555255241
QQQ,2022-03-31,KDP,"Keurig Dr Pepper, Inc.",51,37.9,37.900001525878906,0.9999999597393444
QQQ,2022-03-31,CMCSA,Comcast Corp.,14,46.82,46.819997772216794,1.0000000475818733
QQQ,2022-03-31,FTNT,"Fortinet, Inc.",49,341.74,341.73999786376953,1.0000000062510401
QQQ,2022-03-31,XEL,"Xcel Energy, Inc.",73,72.17,72.16999816894531,1.000000025371411
QQQ,2022-03-31,NFLX,"Netflix, Inc.",19,374.59,374.5899963378906,1.0000000097763138
QQQ,2022-03-31,PDD,"Pinduoduo, Inc.",102,40.11,40.11000061035156,0.9999999847830577
QQQ,2022-03-31,DXCM,"DexCom, Inc.",54,511.6,511.6000061035156,0.9999999880697508
QQQ,2022-03-31,CSCO,"Cisco Systems, Inc.",11,55.76,55.7599983215332,1.0000000301016292
QQQ,2022-03-31,SBUX,Starbucks Corp.,27,90.97,90.97000122070312,0.9999999865812563
QQQ,2022-03-31,PEP,"PepsiCo, Inc.",12,167.38,167.3800048828125,0.9999999708279821
QQQ,2022-03-31,CTSH,Cognizant Technology Solutions Corp.,60,89.67,89.66999816894531,1.0000000204199255
QQQ,2022-03-31,TMUS,"T-Mobile US, Inc.",20,128.35,128.35000610351562,0.999999952446316
QQQ,2022-03-31,AMD,"Advanced Micro Devices, Inc.",16,109.34,109.33999633789062,1.0000000334928618
QQQ,2022-03-31,CEG,Constellation Energy Corp.,101,56.25,56.25,1.0
QQQ,2022-03-31,VRTX,"Vertex Pharmaceuticals, Inc.",39,260.97,260.9700012207031,0.999999995322439
QQQ,2022-03-31,ADI,"Analog Devices, Inc.",33,165.18,165.17999267578125,1.0000000443408348
QQQ,2022-03-31,AMAT,"Applied Materials, Inc.",25,131.8,131.8000030517578,0.9999999768455408
QQQ,2022-03-31,EXC,Exelon Corp.,62,47.63,47.630001068115234,0.9999999775747385
QQQ,2022-03-31,AEP,"American Electric Power Co., Inc.",53,99.77,99.7699966430664,1.0000000336467245
QQQ,2022-03-31,MU,"Micron Technology, Inc.",31,77.89,77.88999938964844,1.000000007836071
QQQ,2022-03-31,VRSK,"Verisk Analytics, Inc.",78,214.63,214.6300048828125,0.9999999772500937
QQQ,2022-03-31,IDXX,"IDEXX Laboratories, Inc.",63,547.0600000000001,547.0599975585938,1.0000000044627761
QQQ,2022-03-31,AMGN,"Amgen, Inc.",23,241.82,241.82000732421875,0.9999999697121059
QQQ,2022-03-31,PAYX,"Paychex, Inc.",55,136.47,136.47000122070312,0.9999999910551541
QQQ,2022-03-31,MSFT,Microsoft Corp.,2,308.31,308.30999755859375,1.0000000079186737
QQQ,2022-03-31,HON,"Honeywell International, Inc.",24,194.58,194.58000410826875,0.9999999788864804
QQQ,2022-03-31,MELI,"MercadoLibre, Inc.",45,1189.48,1189.47998046875,1.0000000164199905
QQQ,2022-03-31,ODFL,"Old Dominion Freight Line, Inc.",81,298.68,298.67999267578125,1.0000000245219598
QQQ,2022-03-31,ISRG,"Intuitive Surgical, Inc.",26,301.68,301.67999267578125,1.0000000242781057
QQQ,2022-03-31,MDLZ,"Mondelez International, Inc.",32,62.78000000000001,62.779998779296875,1.0000000194441407
QQQ,2022-03-31,DLTR,"Dollar Tree, Inc.",76,160.15,160.14999389648438,1.0000000381112448
QQQ,2022-03-31,LCID,"Lucid Group, Inc.",69,25.4,25.400000000000002,0.9999999999999999
QQQ,2022-03-31,PCAR,"PACCAR, Inc.",89,88.07,88.06999969482422,1.0000000034651502
QQQ,2022-03-31,NXPI,NXP Semiconductors N.V.,56,185.08,185.0800018310547,0.9999999901066855
QQQ,2022-03-31,REGN,"Regeneron Pharmaceuticals, Inc.",37,698.4200000000001,698.4199829101562,1.000000024469294
QQQ,2022-03-31,BKNG,"Booking Holdings, Inc.",28,2348.4500000000003,2348.4500885009766,0.9999999623151555
QQQ,2022-03-31,NTES,"NetEase, Inc.",100,89.69000000000001,89.69000244140625,0.9999999727795053
QQQ,2022-03-31,CPRT,"Copart, Inc.",90,125.47,125.47000122070312,0.9999999902709563
QQQ,2022-03-31,GILD,"Gilead Sciences, Inc.",36,59.45,59.45000076293945,0.9999999871667041
QQQ,2022-03-31,ZM,"Zoom Video Communications, Inc.",91,117.23,117.2300033569336,0.9999999713645527
QQQ,2022-03-31,DOCU,"DocuSign, Inc.",99,107.12,107.12000274658203,0.9999999743597652
QQQ,2022-03-31,JD,"JD.com, Inc.",79,57.87,57.869998931884766,1.0000000184571496
QQQ,2022-03-31,SNPS,"Synopsys, Inc.",52,333.27000000000004,333.2699890136719,1.000000032965249
QQQ,2022-03-31,ORLY,"O'Reilly Automotive, Inc.",64,684.96,684.9600219726562,0.9999999679212574
QQQ,2022-03-31,CHTR,"Charter Communications, Inc.",30,545.52,545.52001953125,0.999999964197006
QQQ,2022-03-31,FAST,Fastenal Co.,82,59.4,59.400001525878906,0.9999999743118035
QQQ,2022-03-31,QCOM,"QUALCOMM, Inc.",17,152.82,152.82000732421875,0.9999999520729066
QQQ,2022-03-31,LRCX,Lam Research Corp.,35,537.6099999999999,537.6100158691406,0.999999970482059
QQQ,2022-03-31,TXN,"Texas Instruments, Inc.",18,183.48,183.47999572753906,1.0000000232857043
QQQ,2022-03-31,MRNA,"Moderna, Inc.",38,172.26,172.25999450683594,1.0000000318887974
QQQ,2022-03-31,SIRI,"Sirius XM Holdings, Inc.",94,6.62,6.6199996948242195,1.0000000460990626
QQQ,2022-03-31,WDAY,"Workday, Inc.",61,239.46,239.4600067138672,0.9999999719624698
QQQ,2022-03-31,ALGN,"Align Technology, Inc.",80,436.0,436.0,1.0
QQQ,2022-03-31,CSX,CSX Corp.,34,37.45,37.45000076293945,0.9999999796277854
QQQ,2022-03-31,PANW,"Palo Alto Networks, Inc.",43,622.51,622.5099792480469,1.0000000333359365
QQQ,2022-03-31,EBAY,"eBay, Inc.",84,57.26,57.2599983215332,1.000000029313078
QQQ,2022-03-31,CTAS,Cintas Corp.,67,425.39,425.3900146484375,0.9999999655646888
QQQ,2022-06-30,KHC,Kraft Heinz Co. (The),47,38.14,38.13999938964844,1.0000000160029254
QQQ,2022-06-30,MTCH,"Match Group, Inc.",94,69.69,69.69000244140625,0.9999999649676257
QQQ,2022-06-30,MNST,Monster Beverage Corp.,45,92.7,92.69999694824219,1.0000000329207974
QQQ,2022-06-30,CDNS,"Cadence Design Systems, Inc.",53,150.03,150.02999877929688,1.0000000081363936
QQQ,2022-06-30,GOOGL,"Alphabet, Inc.",6,2179.26,2179.2599487304688,1.0000000235261202
QQQ,2022-06-30,PYPL,"PayPal Holdings, Inc.",26,69.84,69.83999633789062,1.000000052435704
QQQ,2022-06-30,CRWD,"Crowdstrike Holdings, Inc.",62,168.56,168.55999755859375,1.0000000144839005
QQQ,2022-06-30,MCHP,"Microchip Technology, Inc.",71,58.08,58.08000183105469,0.9999999684735773
QQQ,2022-06-30,NVDA,NVIDIA Corp.,8,151.59,151.59000396728516,0.9999999738288472
QQQ,2022-06-30,AMZN,"Amazon.com, Inc.",3,106.21,106.20999908447266,1.0000000086199732
QQQ,2022-06-30,KLAC,KLA Corp.,46,319.08,319.0800094604492,0.9999999703508557
QQQ,2022-06-30,GOOG,"Alphabet, Inc.",5,2187.45,2187.449951171875,1.0000000223219392
QQQ,2022-06-30,INTC,Intel Corp.,16,37.41,37.40999984741211,1.0000000040787995
QQQ,2022-06-30,INTU,"Intuit, Inc.",22,385.44,385.44000244140625,0.9999999936659241
QQQ,2022-06-30,MAR,"Marriott International, Inc.",50,136.01000000000002,136.00999450683594,1.0000000403879443
QQQ,2022-06-30,BIIB,"Biogen, Inc.",74,203.94000000000003,203.94000244140625,0.9999999880288016
QQQ,2022-06-30,AAPL,"Apple, Inc.",1,136.72,136.72000122070312,0.9999999910715103
QQQ,2022-06-30,ADP,"Automatic Data Processing, Inc.",23,210.04,210.0399932861328,1.0000000319647087
QQQ,2022-06-30,FISV,"Fiserv, Inc.",40,88.97,88.97000122070312,0.9999999862796098
QQQ,2022-06-30,TEAM,Atlassian Corp. PLC,87,187.4,187.39999389648438,1.0000000325694547
QQQ,2022-06-30,ROST,"Ross Stores, Inc.",89,70.23,70.2300033569336,0.9999999522008625
QQQ,2022-06-30,ZS,"Zscaler, Inc.",92,149.51000000000002,149.50999450683594,1.0000000367411161
QQQ,2022-06-30,TSLA,"Tesla, Inc.",4,673.4200000000001,673.4199829101562,1.0000000253776904
QQQ,2022-06-30,LULU,"lululemon athletica, inc.",67,272.61,272.6099853515625,1.000000053734046
QQQ,2022-06-30,MRVL,"Marvell Technology, Inc.",61,43.53,43.529998779296875,1.0000000280428019
QQQ,2022-06-30,ASML,ASML Holding N.V.,55,475.88000000000005,475.8800048828125,0.9999999897394041
QQQ,2022-06-30,ILMN,"Illumina, Inc.",78,184.36,184.3599946899414,1.000000028802662
QQQ,2022-06-30,BIDU,"Baidu, Inc.",72,148.73,148.72999572753906,1.0000000287262896
QQQ,2022-06-30,SWKS,"Skyworks Solutions, Inc.",99,92.64,92.63999938964844,1.0000000065884236
QQQ,2022-06-30,VRSN,"VeriSign, Inc.",97,167.33,167.3300018310547,0.9999999890572243
QQQ,2022-06-30,ADBE,"Adobe, Inc.",14,366.06,366.05999755859375,1.0000000066694157
QQQ,2022-06-30,ADSK,"Autodesk, Inc.",60,171.96,171.9600067138672,0.9999999609568102
QQQ,2022-06-30,ABNB,"Airbnb, Inc.",65,89.08,89.08000183105469,0.9999999794448288
QQQ,2022-06-30,AZN,AstraZeneca PLC,59,66.07000000000001,66.06999969482422,1.0000000046189768
QQQ,2022-06-30,AVGO,"Broadcom, Inc.",11,485.81,485.8100128173828,0.9999999736164705
QQQ,2022-06-30,DDOG,"Datadog, Inc.",86,95.24,95.23999786376953,1.0000000224299719
QQQ,2022-06-30,META,"Meta Platforms, Inc.",7,161.25,161.25,1.0
QQQ,2022-06-30,COST,Costco Wholesale Corp.,10,479.28,479.2799987792969,1.000000002546952
QQQ,2022-06-30,OKTA,"Okta, Inc.",101,90.4,90.4000015258789,0.999999983120809
QQQ,2022-06-30,KDP,"Keurig Dr Pepper, Inc.",42,35.39,35.38999938964844,1.0000000172464418
QQQ,2022-06-30,CMCSA,Comcast Corp.,13,39.239999999999995,39.24000118255615,0.9999999698635036
QQQ,2022-06-30,FTNT,"Fortinet, Inc.",49,56.58,56.58000183105469,0.9999999676377761
QQQ,2022-06-30,XEL,"Xcel Energy, Inc.",57,70.76,70.76000213623047,0.9999999698101979
QQQ,2022-06-30,NFLX,"Netflix, Inc.",29,174.87,174.8699951171875,1.000000027922529
QQQ,2022-06-30,PDD,"Pinduoduo, Inc.",83,61.8,61.79999923706055,1.0000000123452988
QQQ,2022-06-30,DXCM,"DexCom, Inc.",76,74.53,74.52999877929688,1.0000000163786817
QQQ,2022-06-30,CSCO,"Cisco Systems, Inc.",12,42.64,42.63999938964844,1.0000000143140613
QQQ,2022-06-30,SBUX,Starbucks Corp.,24,76.39,76.38999938964844,1.0000000079899407
QQQ,2022-06-30,PEP,"PepsiCo, Inc.",9,166.66,166.66000366210938,0.9999999780264652
QQQ,2022-06-30,CTSH,Cognizant Technology Solutions Corp.,63,67.49,67.48999786376953,1.000000031652549
QQQ,2022-06-30,TMUS,"T-Mobile US, Inc.",15,134.54000000000002,134.5399932861328,1.00000004990239
QQQ,2022-06-30,AMD,"Advanced Micro Devices, Inc.",20,76.47,76.47000122070312,0.9999999840368365
QQQ,2022-06-30,CEG,Constellation Energy Corp.,95,57.26,57.2599983215332,1.000000029313078
QQQ,2022-06-30,VRTX,"Vertex Pharmaceuticals, Inc.",32,281.79,281.7900085449219,0.9999999696762781
QQQ,2022-06-30,ADI,"Analog Devices, Inc.",31,146.08999999999995,146.08999633789062,1.0000000250674885
QQQ,2022-06-30,AMAT,"Applied Materials, Inc.",27,90.98,90.9800033569336,0.9999999631025119
QQQ,2022-06-30,EXC,Exelon Corp.,51,45.32,45.31999969482422,1.0000000067337993
QQQ,2022-06-30,AEP,"American Electric Power Co., Inc.",43,95.94,95.94000244140625,0.999999974552781
QQQ,2022-06-30,MU,"Micron Technology, Inc.",37,55.28,55.279998779296875,1.0000000220821843
QQQ,2022-06-30,VRSK,"Verisk Analytics, Inc.",84,173.09,173.08999633789062,1.0000000211572562
QQQ,2022-06-30,IDXX,"IDEXX Laboratories, Inc.",75,350.73,350.7300109863281,0.9999999686758254
QQQ,2022-06-30,AMGN,"Amgen, Inc.",19,243.3,243.3000030517578,0.9999999874568115
QQQ,2022-06-30,PAYX,"Paychex, Inc.",54,113.87,113.87000274658203,0.9999999758796702
QQQ,2022-06-30,MSFT,Microsoft Corp.,2,256.83,256.8299865722656,1.0000000522825803
QQQ,2022-06-30,HON,"Honeywell International, Inc.",21,173.81,173.8099979648514,1.0000000117090422
QQQ,2022-06-30,MELI,"MercadoLibre, Inc.",73,636.87,636.8699951171875,1.0000000076668905
QQQ,2022-06-30,ODFL,"Old Dominion Freight Line, Inc.",77,256.28000000000003,256.2799987792969,1.000000004763162
QQQ,2022-06-30,ISRG,"Intuitive Surgical, Inc.",33,200.71,200.7100067138672,0.9999999665494148
QQQ,2022-06-30,MDLZ,"Mondelez International, Inc.",25,62.09,62.09000015258789,0.9999999975424725
QQQ,2022-06-30,DLTR,"Dollar Tree, Inc.",64,155.85,155.85000610351562,0.9999999608372449
QQQ,2022-06-30,LCID,"Lucid Group, Inc.",81,17.16,17.160000610351563,0.9999999644317283
QQQ,2022-06-30,PCAR,"PACCAR, Inc.",80,82.34,82.34000015258789,0.9999999981468559
QQQ,2022-06-30,NXPI,NXP Semiconductors N.V.,56,148.03,148.02999877929688,1.0000000082463225
QQQ,2022-06-30,REGN,"Regeneron Pharmaceuticals, Inc.",35,591.13,591.1300048828125,0.999999991739867
QQQ,2022-06-30,BKNG,"Booking Holdings, Inc.",34,1748.99,1748.9900588989258,0.9999999663240363
QQQ,2022-06-30,NTES,"NetEase, Inc.",98,93.36,93.36000061035156,0.9999999934623869
QQQ,2022-06-30,CPRT,"Copart, Inc.",88,108.66,108.66000366210938,0.9999999662975404
QQQ,2022-06-30,GILD,"Gilead Sciences, Inc.",30,61.809999999999995,61.810001373291016,0.9999999777820581
QQQ,2022-06-30,ZM,"Zoom Video Communications, Inc.",85,107.97,107.97000122070312,0.9999999886940528
QQQ,2022-06-30,DOCU,"DocuSign, Inc.",102,57.38,57.380001068115234,0.999999981385235
QQQ,2022-06-30,JD,"JD.com, Inc.",70,64.22,64.22000122070312,0.9999999809918545
QQQ,2022-06-30,SNPS,"Synopsys, Inc.",48,303.70000000000005,303.70001220703125,0.9999999598056282
QQQ,2022-06-30,ORLY,"O'Reilly Automotive, Inc.",52,631.76,631.7599868774414,1.0000000207714304
QQQ,2022-06-30,CHTR,"Charter Communications, Inc.",28,468.53,468.5299987792969,1.0000000026053895
QQQ,2022-06-30,FAST,Fastenal Co.,79,49.92,49.91999816894531,1.0000000366797828
QQQ,2022-06-30,QCOM,"QUALCOMM, Inc.",17,127.74,127.73999786376953,1.0000000167232699
QQQ,2022-06-30,LRCX,Lam Research Corp.,39,426.15,426.15001678466797,0.999999960613241
QQQ,2022-06-30,TXN,"Texas Instruments, Inc.",18,153.65,153.64999389648438,1.0000000397235007
QQQ,2022-06-30,MRNA,"Moderna, Inc.",41,142.85,142.85000610351562,0.9999999572732561
QQQ,2022-06-30,SIRI,"Sirius XM Holdings, Inc.",90,6.13,6.129999923706055,1.0000000124459945
QQQ,2022-06-30,WDAY,"Workday, Inc.",82,139.58,139.5800018310547,0.9999999868816832
QQQ,2022-06-30,ALGN,"Align Technology, Inc.",96,236.67,236.6699981689453,1.000000007736742
QQQ,2022-06-30,CSX,CSX Corp.,36,29.06,29.059999465942383,1.0000000183777573
QQQ,2022-06-30,PANW,"Palo Alto Networks, Inc.",44,493.94,493.94000244140625,0.9999999950572818
QQQ,2022-06-30,EBAY,"eBay, Inc.",91,41.67,41.66999816894531,1.000000043941799
QQQ,2022-06-30,CTAS,Cintas Corp.,58,373.53,373.5299987792969,1.000000003268019
QQQ,2022-09-30,KHC,Kraft Heinz Co. (The),53,33.35,33.349998474121094,1.0000000457534926
QQQ,2022-09-30,MTCH,"Match Group, Inc.",98,47.75,47.75,1.0
QQQ,2022-09-30,MNST,Monster Beverage Corp.,45,86.96000000000001,86.95999908447266,1.0000000105281435
QQQ,2022-09-30,CDNS,"Cadence Design Systems, Inc.",47,163.43,163.42999267578125,1.000000044815634
QQQ,2022-09-30,GOOGL,Alphabet Inc.,6,95.65,95.6500015258789,0.9999999840472674
QQQ,2022-09-30,PYPL,"PayPal Holdings, Inc.",24,86.07,86.06999969482422,1.0000000035456695
QQQ,2022-09-30,CRWD,"CrowdStrike Holdings, Inc.",63,164.81,164.80999755859375,1.0000000148134596
QQQ,2022-09-30,MCHP,Microchip Technology Inc.,66,61.029999999999994,61.029998779296875,1.00000002000169
QQQ,2022-09-30,NVDA,NVIDIA Corp.,8,121.39,121.38999938964844,1.0000000050280218
QQQ,2022-09-30,AMZN,"Amazon.com, Inc.",3,113.0,113.0,1.0
QQQ,2022-09-30,KLAC,KLA Corp.,50,302.63,302.6300048828125,0.9999999838654052
QQQ,2022-09-30,GOOG,Alphabet Inc.,5,96.15,96.1500015258789,0.999999984130225
QQQ,2022-09-30,INTC,Intel Corp.,21,25.77,25.770000457763672,0.9999999822365672
QQQ,2022-09-30,INTU,Intuit Inc.,20,387.32,387.32000732421875,0.9999999810900067
QQQ,2022-09-30,MAR,"Marriott International, Inc.",46,140.14,140.13999938964844,1.0000000043552986
QQQ,2022-09-30,BIIB,Biogen Inc.,57,267.0,267.0,1.0
QQQ,2022-09-30,AAPL,Apple Inc.,1,138.20000000000002,138.1999969482422,1.0000000220821845
QQQ,2022-09-30,ADP,"Automatic Data Processing, Inc.",26,226.19000000000003,226.19000244140625,0.999999989206392
QQQ,2022-09-30,FISV,"Fiserv, Inc.",35,93.57,93.56999969482422,1.0000000032614702
QQQ,2022-09-30,TEAM,Atlassian Corp.,71,210.59,210.58999633789062,1.0000000173897594
QQQ,2022-09-30,ROST,"Ross Stores, Inc.",75,84.27,84.2699966430664,1.0000000398354543
QQQ,2022-09-30,ZS,"Zscaler, Inc.",89,164.37,164.3699951171875,1.0000000297062277
QQQ,2022-09-30,TSLA,"Tesla, Inc.",4,265.25,265.25,1.0
QQQ,2022-09-30,LULU,Lululemon Athletica Inc.,65,279.56,279.55999755859375,1.0000000087330314
QQQ,2022-09-30,MRVL,"Marvell Technology, Inc.",61,42.91,42.90999984741211,1.0000000035559984
QQQ,2022-09-30,ASML,ASML Holding N.V.,62,415.35,415.3500061035156,0.999999985305127
QQQ,2022-09-30,ILMN,"Illumina, Inc.",73,190.79,190.78999853515626,1.0000000076777804
QQQ,2022-09-30,BIDU,"Baidu, Inc.",91,117.49,117.48999786376953,1.0000000181822326
QQQ,2022-09-30,SWKS,"Skyworks Solutions, Inc.",97,85.27000000000001,85.2699966430664,1.000000039368286
QQQ,2022-09-30,VRSN,"VeriSign, Inc.",94,173.7,173.6999969482422,1.00000001756913
QQQ,2022-09-30,ADBE,Adobe Inc.,16,275.2,275.20001220703125,0.999999955643057
QQQ,2022-09-30,ADSK,"Autodesk, Inc.",55,186.8,186.8000030517578,0.999999983662967
QQQ,2022-09-30,ABNB,"Airbnb, Inc.",51,105.04,105.04000091552734,0.9999999912840125
QQQ,2022-09-30,AZN,AstraZeneca PLC,67,54.84,54.84000015258789,0.9999999972175805
QQQ,2022-09-30,AVGO,Broadcom Inc.,11,444.01,444.010009765625,0.999999978005845
QQQ,2022-09-30,DDOG,"Datadog, Inc.",84,88.78,88.77999877929688,1.0000000137497538
QQQ,2022-09-30,META,"Meta Platforms, Inc.",7,135.68,135.67999267578125,1.000000053981568
QQQ,2022-09-30,COST,Costco Wholesale Corp.,10,472.27,472.2699890136719,1.0000000232628123
QQQ,2022-09-30,OKTA,"Okta, Inc.",102,56.87,56.869998931884766,1.0000000187816995
QQQ,2022-09-30,KDP,Keurig Dr Pepper Inc.,39,35.82,35.81999969482422,1.0000000085197036
QQQ,2022-09-30,CMCSA,Comcast Corp.,15,29.33,29.330000164031983,0.9999999944073651
QQQ,2022-09-30,FTNT,"Fortinet, Inc.",58,49.129999999999995,49.130001068115234,0.9999999782594094
QQQ,2022-09-30,XEL,Xcel Energy Inc.,64,64.0,64.0,1.0
QQQ,2022-09-30,NFLX,"Netflix, Inc.",22,235.44,235.44000625610352,0.9999999734280354
QQQ,2022-09-30,PDD,Pinduoduo Inc.,76,62.58,62.58000183105469,0.9999999707405779
QQQ,2022-09-30,DXCM,"Dexcom, Inc.",69,80.54,80.54000091552734,0.9999999886326381
QQQ,2022-09-30,CSCO,"Cisco Systems, Inc.",13,40.0,40.0,1.0
QQQ,2022-09-30,SBUX,Starbucks Corp.,25,84.25999999999999,84.26000213623047,0.9999999746471585
QQQ,2022-09-30,PEP,"PepsiCo, Inc.",9,163.26000000000002,163.25999450683594,1.0000000336467247
QQQ,2022-09-30,CTSH,Cognizant Technology Solutions Corp.,74,57.44,57.439998626708984,1.0000000239082703
QQQ,2022-09-30,TMUS,"T-Mobile US, Inc.",12,134.17,134.1699981689453,1.0000000136472735
QQQ,2022-09-30,AMD,"Advanced Micro Devices, Inc.",23,63.36,63.36000061035156,0.9999999903669262
QQQ,2022-09-30,CEG,Constellation Energy Corp.,79,83.19,83.19000244140625,0.9999999706526483
QQQ,2022-09-30,VRTX,Vertex Pharmaceuticals Inc.,29,289.53999999999996,289.5400085449219,0.9999999704879406
QQQ,2022-09-30,ADI,"Analog Devices, Inc.",31,139.34,139.33999633789062,1.000000026281825
QQQ,2022-09-30,AMAT,"Applied Materials, Inc.",32,81.93,81.93000030517578,0.9999999962751644
QQQ,2022-09-30,EXC,Exelon Corp.,60,37.459999999999994,37.459999084472656,1.0000000244401324
QQQ,2022-09-30,AEP,"American Electric Power Co., Inc.",49,86.45,86.44999694824219,1.0000000353008436
QQQ,2022-09-30,MU,"Micron Technology, Inc.",38,50.1,50.099998474121094,1.0000000304566659
QQQ,2022-09-30,VRSK,"Verisk Analytics, Inc.",82,170.53,170.52999877929688,1.0000000071582897
QQQ,2022-09-30,IDXX,"IDEXX Laboratories, Inc.",81,325.8,325.79998779296875,1.000000037467869
QQQ,2022-09-30,AMGN,Amgen Inc.,18,225.4,225.39999389648438,1.0000000270785971
QQQ,2022-09-30,PAYX,"Paychex, Inc.",54,112.21,112.20999908447266,1.000000008159053
QQQ,2022-09-30,MSFT,Microsoft Corp.,2,232.9,232.89999389648438,1.0000000262065942
QQQ,2022-09-30,HON,Honeywell International Inc.,19,166.97,166.97000050508882,0.9999999969749727
QQQ,2022-09-30,MELI,"MercadoLibre, Inc.",52,827.78,827.780029296875,0.9999999646078982
QQQ,2022-09-30,ODFL,"Old Dominion Freight Line, Inc.",78,248.77,248.77000427246094,0.9999999828256588
QQQ,2022-09-30,ISRG,"Intuitive Surgical, Inc.",33,187.44,187.44000244140625,0.9999999869749988
QQQ,2022-09-30,MDLZ,"Mondelez International, Inc.",28,54.83,54.83000183105469,0.9999999666048763
QQQ,2022-09-30,DLTR,"Dollar Tree, Inc.",72,136.1,136.10000610351562,0.9999999551541855
QQQ,2022-09-30,LCID,Lucid Group Inc.,88,13.97,13.969999694824219,1.0000000218450815
QQQ,2022-09-30,PCAR,PACCAR Inc.,77,83.69,83.68999671936035,1.0000000391999018
QQQ,2022-09-30,NXPI,NXP Semiconductors N.V.,59,147.51000000000002,147.50999450683594,1.000000037239267
QQQ,2022-09-30,REGN,"Regeneron Pharmaceuticals, Inc.",30,688.87,688.8699951171875,1.000000007088148
QQQ,2022-09-30,BKNG,Booking Holdings Inc.,34,1643.21,1643.2100296020508,0.99999998198523
QQQ,2022-09-30,NTES,"NetEase, Inc.",99,75.60000000000001,75.5999984741211,1.000000020183584
QQQ,2022-09-30,CPRT,"Copart, Inc.",86,106.4,106.4000015258789,0.9999999856590331
QQQ,2022-09-30,GILD,"Gilead Sciences, Inc.",27,61.68999999999999,61.689998626708984,1.0000000222611611
QQQ,2022-09-30,ZM,"Zoom Video Communications, Inc.",95,73.58999999999999,73.58999633789062,1.0000000497636845
QQQ,2022-09-30,DOCU,"DocuSign, Inc.",101,53.47,53.470001220703125,0.999999977170318
QQQ,2022-09-30,JD,"JD.com, Inc.",85,50.3,50.29999923706055,1.0000000151677826
QQQ,2022-09-30,SNPS,"Synopsys, Inc.",43,305.51,305.510009765625,0.999999968035008
QQQ,2022-09-30,ORLY,"O'Reilly Automotive, Inc.",48,703.35,703.3499908447266,1.0000000130166682
QQQ,2022-09-30,CHTR,"Charter Communications, Inc.",42,303.34999999999997,303.3500061035156,0.9999999798796257
QQQ,2022-09-30,FAST,Fastenal Co.,83,46.04,46.040000915527344,0.9999999801145237
QQQ,2022-09-30,QCOM,Qualcomm Inc.,17,112.98,112.9800033569336,0.9999999702873651
QQQ,2022-09-30,LRCX,Lam Research Corp.,40,366.0,365.99998474121094,1.0000000416906822
QQQ,2022-09-30,TXN,Texas Instruments Inc.,14,154.78,154.77999877929688,1.0000000078866982
QQQ,2022-09-30,MRNA,"Moderna, Inc.",44,118.25,118.25,1.0
QQQ,2022-09-30,SIRI,Sirius XM Holdings Inc.,90,5.71,5.70999984741211,1.0000000267229237
QQQ,2022-09-30,WDAY,"Workday, Inc.",70,152.22,152.22000122070312,0.9999999919806654
QQQ,2022-09-30,ALGN,"Align Technology, Inc.",96,207.11,207.11000061035156,0.9999999970530078
QQQ,2022-09-30,CSX,CSX Corp.,37,26.64,26.639999389648438,1.0000000229110952
QQQ,2022-09-30,PANW,"Palo Alto Networks, Inc.",41,163.79,163.7899932861328,1.0000000409907044
QQQ,2022-09-30,EBAY,eBay Inc.,92,36.809999999999995,36.810001373291016,0.9999999626924485
QQQ,2022-09-30,CTAS,Cintas Corp.,56,388.19,388.19000244140625,0.9999999937107956
QQQ,2022-12-31,KHC,Kraft Heinz Co. (The),46,40.71,40.709999084472656,1.0000000224890042
QQQ,2022-12-31,MNST,Monster Beverage Corp.,42,101.53,101.52999877929688,1.0000000120230783
QQQ,2022-12-31,CDNS,"Cadence Design Systems, Inc.",52,160.64,160.63999938964844,1.0000000037994992
QQQ,2022-12-31,GOOGL,Alphabet Inc.,5,88.22999999999999,88.2300033569336,0.9999999619524711
QQQ,2022-12-31,PYPL,"PayPal Holdings, Inc.",31,71.22,71.22000122070312,0.999999982860108
QQQ,2022-12-31,CRWD,"CrowdStrike Holdings, Inc.",91,105.29,105.29000091552734,0.9999999913047076
QQQ,2022-12-31,MCHP,Microchip Technology Inc.,64,70.25,70.25,1.0
QQQ,2022-12-31,CSGP,"CoStar Group, Inc.",77,77.28,77.27999877929688,1.0000000157958482
QQQ,2022-12-31,NVDA,NVIDIA Corp.,6,146.14,146.1400032043457,0.9999999780734525
QQQ,2022-12-31,AMZN,"Amazon.com, Inc.",3,84.0,84.0,1.0
QQQ,2022-12-31,KLAC,KLA Corp.,41,377.03,377.02999114990234,1.0000000234731927
QQQ,2022-12-31,GOOG,Alphabet Inc.,4,88.73,88.7300033569336,0.9999999621668718
QQQ,2022-12-31,INTC,Intel Corp.,23,26.43,26.43000030517578,0.9999999884534325
QQQ,2022-12-31,INTU,Intuit Inc.,22,389.22,389.2200012207031,0.9999999968637195
QQQ,2022-12-31,MAR,"Marriott International, Inc.",50,148.89,148.88999938964844,1.0000000040993455
QQQ,2022-12-31,BIIB,Biogen Inc.,62,276.92,276.9200134277344,0.9999999515104229
QQQ,2022-12-31,AAPL,Apple Inc.,2,129.93,129.92999267578125,1.0000000563705007
QQQ,2022-12-31,ADP,"Automatic Data Processing, Inc.",26,238.86,238.86000061035156,0.999999997444731
QQQ,2022-12-31,FISV,"Fiserv, Inc.",37,101.07,101.06999969482422,1.0000000030194496
QQQ,2022-12-31,ROST,"Ross Stores, Inc.",61,116.07,116.06999969482422,1.000000002629239
QQQ,2022-12-31,ZS,"Zscaler, Inc.",100,111.9,111.9000015258789,0.9999999863639063
QQQ,2022-12-31,TSLA,"Tesla, Inc.",7,123.18,123.18000030517578,0.9999999975225218
QQQ,2022-12-31,LULU,Lululemon Athletica Inc.,63,320.38,320.3800048828125,0.9999999847593095
QQQ,2022-12-31,MRVL,"Marvell Technology, Inc.",76,37.04,37.040000915527344,0.9999999752827397
QQQ,2022-12-31,ASML,ASML Holding N.V.,49,546.4,546.4000244140625,0.9999999553183356
QQQ,2022-12-31,WBD,"Warner Bros. Discovery, Inc.",90,9.48,9.479999542236328,1.0000000482873095
QQQ,2022-12-31,ILMN,"Illumina, Inc.",75,202.2,202.20000482177736,0.9999999761534261
QQQ,2022-12-31,GFS,GLOBALFOUNDRIES Inc.,82,53.89,53.88999938964844,1.000000011325878
QQQ,2022-12-31,ENPH,"Enphase Energy, Inc.",68,264.96,264.9599914550781,1.000000032249857
QQQ,2022-12-31,ADBE,Adobe Inc.,14,336.53000000000003,336.5299987792969,1.0000000036273236
QQQ,2022-12-31,ADSK,"Autodesk, Inc.",60,186.87,186.8699951171875,1.0000000261294624
QQQ,2022-12-31,FANG,"Diamondback Energy, Inc.",88,136.78,136.77999877929688,1.0000000089245733
QQQ,2022-12-31,ABNB,"Airbnb, Inc.",70,85.5,85.5,1.0
QQQ,2022-12-31,AZN,AstraZeneca PLC,58,67.8,67.80000305175781,0.9999999549888248
QQQ,2022-12-31,AVGO,Broadcom Inc.,10,559.13,559.1299819946289,1.0000000322024782
QQQ,2022-12-31,DDOG,"Datadog, Inc.",94,73.5,73.5,1.0
QQQ,2022-12-31,META,"Meta Platforms, Inc.",8,120.34,120.33999633789062,1.000000030431357
QQQ,2022-12-31,COST,Costco Wholesale Corp.,11,456.5,456.5,1.0
QQQ,2022-12-31,KDP,Keurig Dr Pepper Inc.,45,35.66,35.65999984741211,1.000000004278965
QQQ,2022-12-31,CMCSA,Comcast Corp.,15,34.97,34.9699986038208,1.0000000399250575
QQQ,2022-12-31,FTNT,"Fortinet, Inc.",66,48.89,48.88999938964844,1.0000000124841801
QQQ,2022-12-31,XEL,Xcel Energy Inc.,65,70.11,70.11000061035156,0.9999999912943723
QQQ,2022-12-31,NFLX,"Netflix, Inc.",19,294.88,294.88000869750977,0.999999970504919
QQQ,2022-12-31,PDD,Pinduoduo Inc.,67,81.55,81.55000305175781,0.9999999625780784
QQQ,2022-12-31,DXCM,"Dexcom, Inc.",53,113.24,113.23999786376953,1.0000000188646283
QQQ,2022-12-31,CSCO,"Cisco Systems, Inc.",12,47.64,47.63999938964844,1.0000000128117459
QQQ,2022-12-31,SBUX,Starbucks Corp.,21,99.2,99.19999694824219,1.0000000307636887
QQQ,2022-12-31,PEP,"PepsiCo, Inc.",9,180.66,180.66000366210938,0.9999999797292743
QQQ,2022-12-31,CTSH,Cognizant Technology Solutions Corp.,81,57.19,57.189998626708984,1.0000000240127829
QQQ,2022-12-31,TMUS,"T-Mobile US, Inc.",13,140.0,140.0,1.0
QQQ,2022-12-31,AMD,"Advanced Micro Devices, Inc.",25,64.77000000000001,64.7699966430664,1.0000000518285284
QQQ,2022-12-31,CEG,Constellation Energy Corp.,84,86.21000000000001,86.20999908447266,1.000000010619735
QQQ,2022-12-31,VRTX,Vertex Pharmaceuticals Inc.,34,288.78000000000003,288.7799987792969,1.0000000042271042
QQQ,2022-12-31,ADI,"Analog Devices, Inc.",30,164.03,164.02999877929688,1.0000000074419504
QQQ,2022-12-31,AMAT,"Applied Materials, Inc.",29,97.38,97.37999725341797,1.0000000282047865
QQQ,2022-12-31,EXC,Exelon Corp.,54,43.23,43.22999954223633,1.0000000105890279
QQQ,2022-12-31,TEAM,Atlassian Corp.,96,128.68,128.67999267578125,1.000000056918085
QQQ,2022-12-31,AEP,"American Electric Power Co., Inc.",48,94.95,94.94999694824219,1.0000000321406837
QQQ,2022-12-31,MU,"Micron Technology, Inc.",40,49.98,49.97999954223633,1.000000009158937
QQQ,2022-12-31,VRSK,"Verisk Analytics, Inc.",85,176.42,176.4199981689453,1.000000010378952
QQQ,2022-12-31,IDXX,"IDEXX Laboratories, Inc.",72,407.96,407.9599914550781,1.0000000209454898
QQQ,2022-12-31,AMGN,Amgen Inc.,18,262.64,262.6400146484375,0.9999999442261777
QQQ,2022-12-31,PAYX,"Paychex, Inc.",57,115.56,115.55999755859375,1.000000021126742
QQQ,2022-12-31,MSFT,Microsoft Corp.,1,239.82,239.82000732421875,0.9999999694595174
QQQ,2022-12-31,RIVN,"Rivian Automotive, Inc.",97,18.43,18.43000030517578,0.9999999834413578
QQQ,2022-12-31,HON,Honeywell International Inc.,17,214.3,214.30000183997345,0.9999999914140297
QQQ,2022-12-31,MELI,"MercadoLibre, Inc.",55,846.24,846.239990234375,1.0000000115400183
QQQ,2022-12-31,ODFL,"Old Dominion Freight Line, Inc.",78,283.78000000000003,283.7799987792969,1.0000000043015829
QQQ,2022-12-31,ISRG,"Intuitive Surgical, Inc.",27,265.35,265.3500061035156,0.9999999769982458
QQQ,2022-12-31,MDLZ,"Mondelez International, Inc.",28,66.64999999999999,66.6500015258789,0.9999999771060933
QQQ,2022-12-31,DLTR,"Dollar Tree, Inc.",79,141.44,141.44000244140625,0.9999999827389267
QQQ,2022-12-31,LCID,Lucid Group Inc.,101,6.83,6.830000305175782,0.9999999553183356
QQQ,2022-12-31,PCAR,PACCAR Inc.,69,98.97,98.97000503540039,0.9999999491219548
QQQ,2022-12-31,NXPI,NXP Semiconductors N.V.,59,158.03000000000003,158.02999877929688,1.0000000077245028
QQQ,2022-12-31,BKR,Baker Hughes Co.,80,29.53,29.530000686645508,0.9999999767475283
QQQ,2022-12-31,REGN,"Regeneron Pharmaceuticals, Inc.",33,721.49,721.489990234375,1.0000000135353575
QQQ,2022-12-31,BKNG,Booking Holdings Inc.,32,2015.28,2015.2799606323242,1.000000019534594
QQQ,2022-12-31,CPRT,"Copart, Inc.",83,60.89,60.88999938964844,1.0000000100238393
QQQ,2022-12-31,GILD,"Gilead Sciences, Inc.",24,85.85,85.8499984741211,1.0000000177737791
QQQ,2022-12-31,ZM,"Zoom Video Communications, Inc.",98,67.74,67.73999786376953,1.0000000315357327
QQQ,2022-12-31,JD,"JD.com, Inc.",86,56.13,56.130001068115234,0.9999999809706893
QQQ,2022-12-31,SNPS,"Synopsys, Inc.",47,319.29,319.2900085449219,0.9999999732377411
QQQ,2022-12-31,ORLY,"O'Reilly Automotive, Inc.",43,844.03,844.0299797058105,1.000000024044394
QQQ,2022-12-31,CHTR,"Charter Communications, Inc.",44,339.09999999999997,339.1000061035156,0.9999999820008388
QQQ,2022-12-31,FAST,Fastenal Co.,87,47.32,47.31999969482422,1.0000000064491923
QQQ,2022-12-31,QCOM,Qualcomm Inc.,20,109.94,109.94000244140625,0.9999999777932854
QQQ,2022-12-31,LRCX,Lam Research Corp.,39,420.3,420.29998779296875,1.0000000290436155
QQQ,2022-12-31,TXN,Texas Instruments Inc.,16,165.22,165.22000122070312,0.9999999926116504
QQQ,2022-12-31,MRNA,"Moderna, Inc.",35,179.62,179.6199951171875,1.0000000271841256
QQQ,2022-12-31,SIRI,Sirius XM Holdings Inc.,92,5.84,5.840000152587891,0.9999999738719372
QQQ,2022-12-31,WDAY,"Workday, Inc.",71,167.32999999999998,167.3300018310547,0.9999999890572241
QQQ,2022-12-31,ALGN,"Align Technology, Inc.",99,210.9,210.89999389648438,1.000000028940331
QQQ,2022-12-31,CSX,CSX Corp.,36,30.98,30.979999542236328,1.0000000147761032
QQQ,2022-12-31,PANW,"Palo Alto Networks, Inc.",56,139.54,139.5399932861328,1.0000000481142863
QQQ,2022-12-31,EBAY,eBay Inc.,93,41.47,41.470001220703125,0.9999999705641888
QQQ,2022-12-31,CTAS,Cintas Corp.,51,451.62,451.6199951171875,1.0000000108117721
QQQ,2023-03-31,KHC,Kraft Heinz Co. (The),55,38.67,38.66999816894531,1.0000000473507829
QQQ,2023-03-31,MNST,Monster Beverage Corp.,46,54.010000000000005,54.0099983215332,1.0000000310769646
QQQ,2023-03-31,CDNS,"Cadence Design Systems, Inc.",45,210.09,210.08999633789062,1.0000000174311459
QQQ,2023-03-31,GOOGL,Alphabet Inc.,6,103.73,103.7300033569336,0.9999999676377761
QQQ,2023-03-31,PYPL,"PayPal Holdings, Inc.",33,75.94,75.94000244140625,0.9999999678508537
QQQ,2023-03-31,CRWD,"CrowdStrike Holdings, Inc.",83,137.26,137.25999450683594,1.000000040020139
QQQ,2023-03-31,MCHP,Microchip Technology Inc.,58,83.78,83.77999877929688,1.0000000145703407
QQQ,2023-03-31,CSGP,"CoStar Group, Inc.",89,68.85000000000001,68.8499984741211,1.0000000221623666
QQQ,2023-03-31,NVDA,NVIDIA Corp.,4,277.77000000000004,277.77000427246094,0.9999999846187103
QQQ,2023-03-31,AMZN,"Amazon.com, Inc.",3,103.29,103.29000091552734,0.9999999911363411
QQQ,2023-03-31,KLAC,KLA Corp.,47,399.17,399.1699981689453,1.000000004587155
QQQ,2023-03-31,GOOG,Alphabet Inc.,7,104.0,104.0,1.0
QQQ,2023-03-31,INTC,Intel Corp.,20,32.67,32.66999816894531,1.0000000560469786
QQQ,2023-03-31,INTU,Intuit Inc.,23,445.83,445.8299865722656,1.0000000301185088
QQQ,2023-03-31,MAR,"Marriott International, Inc.",51,166.04,166.0399932861328,1.0000000404352412
QQQ,2023-03-31,BIIB,Biogen Inc.,68,278.03000000000003,278.0299987792969,1.0000000043905448
QQQ,2023-03-31,AAPL,Apple Inc.,2,164.9,164.89999389648438,1.0000000370134376
QQQ,2023-03-31,ADP,"Automatic Data Processing, Inc.",30,222.63,222.6300048828125,0.9999999780675902
QQQ,2023-03-31,FISV,"Fiserv, Inc.",36,113.03,113.02999877929688,1.0000000107998155
QQQ,2023-03-31,ROST,"Ross Stores, Inc.",77,106.13,106.12999725341797,1.000000025879413
QQQ,2023-03-31,ZS,"Zscaler, Inc.",98,116.83,116.83000183105469,0.9999999843271877
QQQ,2023-03-31,TSLA,"Tesla, Inc.",5,207.46,207.4600067138672,0.9999999676377761
QQQ,2023-03-31,LULU,Lululemon Athletica Inc.,62,364.18999999999994,364.19000244140625,0.999999993296339
QQQ,2023-03-31,MRVL,"Marvell Technology, Inc.",74,43.3,43.29999923706055,1.0000000176198491
QQQ,2023-03-31,ASML,ASML Holding N.V.,42,680.71,680.7100219726562,0.9999999677209744
QQQ,2023-03-31,WBD,"Warner Bros. Discovery, Inc.",76,15.1,15.100000381469727,0.9999999747371048
QQQ,2023-03-31,ILMN,"Illumina, Inc.",75,232.55,232.5500044555664,0.9999999808403943
QQQ,2023-03-31,GFS,GLOBALFOUNDRIES Inc.,69,72.18,72.18000030517578,0.9999999957720176
QQQ,2023-03-31,ENPH,"Enphase Energy, Inc.",88,210.28,210.27999877929688,1.000000005805132
QQQ,2023-03-31,ADBE,Adobe Inc.,14,385.37,385.3699951171875,1.0000000126704534
QQQ,2023-03-31,ADSK,"Autodesk, Inc.",60,208.16,208.16000366210938,0.9999999824072381
QQQ,2023-03-31,FANG,"Diamondback Energy, Inc.",93,135.17,135.1699981689453,1.0000000135463099
QQQ,2023-03-31,ABNB,"Airbnb, Inc.",52,124.4,124.4000015258789,0.9999999877340926
QQQ,2023-03-31,AZN,AstraZeneca PLC,64,69.41000000000001,69.41000366210938,0.9999999472394587
QQQ,2023-03-31,AVGO,Broadcom Inc.,9,641.54,641.5399932861328,1.0000000104652356
QQQ,2023-03-31,DDOG,"Datadog, Inc.",95,72.66,72.66000366210938,0.999999949599378
QQQ,2023-03-31,META,"Meta Platforms, Inc.",8,211.94,211.94000244140625,0.9999999884806727
QQQ,2023-03-31,COST,Costco Wholesale Corp.,11,496.86999999999995,496.8699951171875,1.0000000098271429
QQQ,2023-03-31,KDP,Keurig Dr Pepper Inc.,53,35.28,35.279998779296875,1.0000000346004299
QQQ,2023-03-31,CMCSA,Comcast Corp.,16,37.91,37.90999991226196,1.0000000023143771
QQQ,2023-03-31,FTNT,"Fortinet, Inc.",50,66.46,66.45999908447266,1.0000000137756146
QQQ,2023-03-31,XEL,Xcel Energy Inc.,73,67.44,67.44000244140625,0.999999963798841
QQQ,2023-03-31,NFLX,"Netflix, Inc.",18,345.48,345.4800033569336,0.9999999902832768
QQQ,2023-03-31,PDD,PDD Holdings Inc.,59,75.89999999999999,75.9000015258789,0.9999999798961939
QQQ,2023-03-31,DXCM,"DexCom, Inc.",61,116.18,116.18000030517578,0.9999999973732504
QQQ,2023-03-31,CSCO,"Cisco Systems, Inc.",12,52.275,52.279998779296875,0.9999043844794645
QQQ,2023-03-31,SBUX,Starbucks Corp.,24,104.13,104.12999725341797,1.0000000263764726
QQQ,2023-03-31,PEP,"PepsiCo, Inc.",10,182.3,182.3000030517578,0.9999999832596942
QQQ,2023-03-31,CTSH,Cognizant Technology Solutions Corp.,81,60.93,60.93000030517578,0.9999999949913707
QQQ,2023-03-31,TMUS,"T-Mobile US, Inc.",13,144.84,144.83999633789062,1.0000000252838268
QQQ,2023-03-31,AMD,"Advanced Micro Devices, Inc.",17,98.01,98.01000213623047,0.9999999782039545
QQQ,2023-03-31,CEG,Constellation Energy Corp.,91,78.5,78.5,1.0
QQQ,2023-03-31,VRTX,Vertex Pharmaceuticals Inc.,34,315.07,315.07000732421875,0.9999999767536782
QQQ,2023-03-31,ADI,"Analog Devices, Inc.",28,197.22000000000003,197.22000122070312,0.9999999938104498
QQQ,2023-03-31,AMAT,"Applied Materials, Inc.",25,122.83,122.83000183105469,0.9999999850927732
QQQ,2023-03-31,EXC,Exelon Corp.,65,41.89,41.88999938964844,1.0000000145703407
QQQ,2023-03-31,TEAM,Atlassian Corp.,90,171.17000000000002,171.1699981689453,1.0000000106972877
QQQ,2023-03-31,AEP,"American Electric Power Co., Inc.",57,90.99,90.98999786376953,1.0000000234776405
QQQ,2023-03-31,MU,"Micron Technology, Inc.",39,60.34,60.34000015258789,0.9999999974711984
QQQ,2023-03-31,VRSK,"Verisk Analytics, Inc.",85,191.86,191.86000061035156,0.9999999968187661
QQQ,2023-03-31,IDXX,"IDEXX Laboratories, Inc.",66,500.08,500.0799865722656,1.0000000268511733
QQQ,2023-03-31,AMGN,Amgen Inc.,21,241.75,241.75,1.0
QQQ,2023-03-31,PAYX,"Paychex, Inc.",67,114.59,114.58999633789062,1.0000000319583688
QQQ,2023-03-31,MSFT,Microsoft Corp.,1,288.3,288.29998779296875,1.0000000423414213
QQQ,2023-03-31,RIVN,"Rivian Automotive, Inc.",101,15.48,15.479999542236328,1.0000000295712976
QQQ,2023-03-31,HON,Honeywell International Inc.,22,191.12,191.11999329660034,1.0000000350742984
QQQ,2023-03-31,MELI,"MercadoLibre, Inc.",38,1318.06,1318.06005859375,0.9999999555454627
QQQ,2023-03-31,ODFL,"Old Dominion Freight Line, Inc.",72,340.84000000000003,340.8399963378906,1.0000000107443652
QQQ,2023-03-31,ISRG,"Intuitive Surgical, Inc.",31,255.47,255.47000122070312,0.9999999952217359
QQQ,2023-03-31,MDLZ,"Mondelez International, Inc.",29,69.72,69.72000122070312,0.9999999824913496
QQQ,2023-03-31,DLTR,"Dollar Tree, Inc.",80,143.54999999999998,143.5500030517578,0.9999999787408027
QQQ,2023-03-31,LCID,Lucid Group Inc.,100,8.04,8.040000152587892,0.9999999810214067
QQQ,2023-03-31,PCAR,PACCAR Inc.,70,73.2,73.19999694824219,1.0000000416906822
QQQ,2023-03-31,NXPI,NXP Semiconductors N.V.,54,186.475,186.47999572753906,0.9999732103836684
QQQ,2023-03-31,BKR,Baker Hughes Co.,86,28.860000000000003,28.860000610351562,0.9999999788512978
QQQ,2023-03-31,REGN,"Regeneron Pharmaceuticals, Inc.",32,821.67,821.6699829101562,1.0000000207989146
QQQ,2023-03-31,BKNG,Booking Holdings Inc.,27,2652.41,2652.4099349975586,1.0000000245069363
QQQ,2023-03-31,CPRT,"Copart, Inc.",78,75.21,75.20999908447266,1.000000012172947
QQQ,2023-03-31,GILD,"Gilead Sciences, Inc.",26,82.97,82.97000122070312,0.9999999852874158
QQQ,2023-03-31,ZM,"Zoom Video Communications, Inc.",97,73.84,73.83999633789062,1.0000000495952
QQQ,2023-03-31,JD,"JD.com, Inc.",96,43.89,43.88999938964844,1.0000000139063927
QQQ,2023-03-31,SNPS,"Synopsys, Inc.",44,386.25,386.25,1.0
QQQ,2023-03-31,ORLY,"O'Reilly Automotive, Inc.",49,848.98,848.9800071716309,0.9999999915526505
QQQ,2023-03-31,CHTR,"Charter Communications, Inc.",48,357.61,357.6099853515625,1.0000000409620484
QQQ,2023-03-31,FAST,Fastenal Co.,82,53.94,53.939998626708984,1.0000000254596042
QQQ,2023-03-31,QCOM,Qualcomm Inc.,19,127.58,127.58000183105469,0.9999999856477922
QQQ,2023-03-31,LRCX,Lam Research Corp.,35,530.12,530.1200103759766,0.9999999804271177
QQQ,2023-03-31,TXN,Texas Instruments Inc.,15,186.01,186.00999450683594,1.0000000295315532
QQQ,2023-03-31,MRNA,"Moderna, Inc.",43,153.57999999999998,153.5800018310547,0.9999999880775187
QQQ,2023-03-31,SIRI,Sirius XM Holdings Inc.,99,3.97,3.9700000762939456,0.9999999807823818
QQQ,2023-03-31,WDAY,"Workday, Inc.",63,206.54,206.5399932861328,1.0000000325063785
QQQ,2023-03-31,ALGN,"Align Technology, Inc.",92,334.14,334.1400146484375,0.9999999561607803
QQQ,2023-03-31,CSX,CSX Corp.,40,29.94,29.940000534057617,0.9999999821624046
QQQ,2023-03-31,PANW,"Palo Alto Networks, Inc.",41,199.74,199.74000549316406,0.9999999724984284
QQQ,2023-03-31,EBAY,eBay Inc.,94,44.37,44.369998931884766,1.0000000240729154
QQQ,2023-03-31,CTAS,Cintas Corp.,56,462.68,462.67999267578125,1.000000015829988
QQQ,2023-06-30,KHC,Kraft Heinz Co. (The),62,35.5,35.5,1.0
QQQ,2023-06-30,MNST,Monster Beverage Corp.,44,57.44,57.439998626708984,1.0000000239082703
QQQ,2023-06-30,CDNS,"Cadence Design Systems, Inc.",42,234.52,234.52000427246094,0.9999999817821045
QQQ,2023-06-30,GOOGL,Alphabet Inc.,7,119.7,119.69999694824219,1.0000000254950534
QQQ,2023-06-30,PYPL,"PayPal Holdings, Inc.",36,66.73,66.7300033569336,0.9999999496937896
QQQ,2023-06-30,CRWD,"CrowdStrike Holdings, Inc.",82,146.87,146.8699951171875,1.0000000332458137
QQQ,2023-06-30,MCHP,Microchip Technology Inc.,55,89.59,89.58999633789062,1.00000004087632
QQQ,2023-06-30,CSGP,"CoStar Group, Inc.",75,89.0,89.0,1.0
QQQ,2023-06-30,NVDA,NVIDIA Corp.,3,423.02,423.01998138427734,1.0000000440067218
QQQ,2023-06-30,AMZN,"Amazon.com, Inc.",4,130.36,130.36000061035156,0.9999999953179538
QQQ,2023-06-30,KLAC,KLA Corp.,39,485.02,485.0199890136719,1.0000000226512893
QQQ,2023-06-30,GOOG,Alphabet Inc.,8,120.97,120.97000122070312,0.9999999899090426
QQQ,2023-06-30,INTC,Intel Corp.,19,33.44,33.439998626708984,1.0000000410673167
QQQ,2023-06-30,INTU,Intuit Inc.,22,458.19,458.19000244140625,0.9999999946716291
QQQ,2023-06-30,MAR,"Marriott International, Inc.",48,183.69000000000003,183.69000244140625,0.9999999867090958
QQQ,2023-06-30,BIIB,Biogen Inc.,68,284.84999999999997,284.8500061035156,0.9999999785728786
QQQ,2023-06-30,AAPL,Apple Inc.,2,193.97,193.97000122070312,0.9999999937067428
QQQ,2023-06-30,ADP,"Automatic Data Processing, Inc.",31,219.79,219.7899932861328,1.0000000305467374
QQQ,2023-06-30,GEHC,GE HealthCare Technologies Inc.,74,81.24,81.23999786376953,1.0000000262953044
QQQ,2023-06-30,ROST,"Ross Stores, Inc.",73,112.13,112.12999725341797,1.0000000244946232
QQQ,2023-06-30,ZS,"Zscaler, Inc.",97,146.29999999999998,146.3000030517578,0.9999999791404117
QQQ,2023-06-30,TSLA,"Tesla, Inc.",5,261.77000000000004,261.7699890136719,1.0000000419693953
QQQ,2023-06-30,LULU,Lululemon Athletica Inc.,58,378.5,378.5,1.0
QQQ,2023-06-30,MRVL,"Marvell Technology, Inc.",52,59.78,59.779998779296875,1.0000000204199255
QQQ,2023-06-30,ASML,ASML Holding N.V.,43,724.75,724.75,1.0
QQQ,2023-06-30,WBD,"Warner Bros. Discovery, Inc.",86,12.54,12.539999961853027,1.0000000030420233
QQQ,2023-06-30,ILMN,"Illumina, Inc.",88,187.49,187.49000183105468,0.9999999902338543
QQQ,2023-06-30,GFS,GLOBALFOUNDRIES Inc.,77,64.58,64.58000183105469,0.9999999716467228
QQQ,2023-06-30,ENPH,"Enphase Energy, Inc.",96,167.48,167.47999572753906,1.0000000255102761
QQQ,2023-06-30,ADBE,Adobe Inc.,12,488.99,488.989990234375,1.0000000199710122
QQQ,2023-06-30,ADSK,"Autodesk, Inc.",60,204.61,204.61000061035156,0.9999999970170004
QQQ,2023-06-30,FANG,"Diamondback Energy, Inc.",95,131.36,131.36000061035156,0.9999999953535966
QQQ,2023-06-30,ABNB,"Airbnb, Inc.",51,128.16,128.16000366210938,0.9999999714254895
QQQ,2023-06-30,AZN,AstraZeneca PLC,65,71.57000000000001,71.56999969482422,1.0000000042640182
QQQ,2023-06-30,AVGO,Broadcom Inc.,9,867.43,867.4299621582031,1.00000004362519
QQQ,2023-06-30,DDOG,"Datadog, Inc.",89,98.38,98.37999725341797,1.000000027918094
QQQ,2023-06-30,META,"Meta Platforms, Inc.",6,286.98,286.9800109863281,0.9999999617174448
QQQ,2023-06-30,COST,Costco Wholesale Corp.,11,538.38,538.3800048828125,0.9999999909305464
QQQ,2023-06-30,KDP,Keurig Dr Pepper Inc.,59,31.270000000000003,31.270000457763672,0.9999999853609318
QQQ,2023-06-30,CMCSA,Comcast Corp.,16,41.55,41.55000017547607,0.9999999957767491
QQQ,2023-06-30,FTNT,"Fortinet, Inc.",46,75.59,75.58999633789062,1.0000000484470108
QQQ,2023-06-30,XEL,Xcel Energy Inc.,79,62.17,62.16999816894531,1.0000000294523845
QQQ,2023-06-30,NFLX,"Netflix, Inc.",14,440.49,440.48999786376953,1.0000000048496684
QQQ,2023-06-30,PDD,PDD Holdings Inc.,66,69.14,69.13999938964844,1.0000000088277634
QQQ,2023-06-30,DXCM,"DexCom, Inc.",54,128.51,128.50999450683594,1.0000000427450337
QQQ,2023-06-30,CSCO,"Cisco Systems, Inc.",13,51.74,51.7400016784668,0.9999999675595914
QQQ,2023-06-30,SBUX,Starbucks Corp.,26,99.06,99.05999755859375,1.000000024645733
QQQ,2023-06-30,PEP,"PepsiCo, Inc.",10,185.22,185.22000122070312,0.9999999934094422
QQQ,2023-06-30,CTSH,Cognizant Technology Solutions Corp.,81,65.28,65.27999877929688,1.0000000186994968
QQQ,2023-06-30,TMUS,"T-Mobile US, Inc.",17,138.9,138.89999389648438,1.000000043941799
QQQ,2023-06-30,AMD,"Advanced Micro Devices, Inc.",15,113.91,113.91000366210938,0.9999999678508537
QQQ,2023-06-30,CEG,Constellation Energy Corp.,87,91.55,91.55000305175781,0.9999999666656721
QQQ,2023-06-30,VRTX,Vertex Pharmaceuticals Inc.,32,351.90999999999997,351.9100036621094,0.9999999895936195
QQQ,2023-06-30,ADI,"Analog Devices, Inc.",29,194.81,194.80999755859375,1.000000012532243
QQQ,2023-06-30,AMAT,"Applied Materials, Inc.",23,144.54,144.5399932861328,1.0000000464498926
QQQ,2023-06-30,EXC,Exelon Corp.,71,40.74,40.7400016784668,0.9999999588005222
QQQ,2023-06-30,TEAM,Atlassian Corp.,92,167.81,167.80999755859375,1.000000014548634
QQQ,2023-06-30,AEP,"American Electric Power Co., Inc.",64,84.2,84.19999694824219,1.000000036244156
QQQ,2023-06-30,MU,"Micron Technology, Inc.",38,63.11,63.11000061035156,0.9999999903287663
QQQ,2023-06-30,VRSK,"Verisk Analytics, Inc.",83,226.03,226.02999877929688,1.0000000054006244
QQQ,2023-06-30,IDXX,"IDEXX Laboratories, Inc.",67,502.23,502.2300109863281,0.9999999781249072
QQQ,2023-06-30,AMGN,Amgen Inc.,25,222.02,222.02000427246094,0.9999999807564145
QQQ,2023-06-30,PAYX,"Paychex, Inc.",72,111.87,111.87000274658203,0.9999999754484494
QQQ,2023-06-30,MSFT,Microsoft Corp.,1,340.53999999999996,340.5400085449219,0.9999999749077297
QQQ,2023-06-30,HON,Honeywell International Inc.,20,207.5,207.50000102523805,0.9999999950590938
QQQ,2023-06-30,MELI,"MercadoLibre, Inc.",45,1184.6,1184.5999755859375,1.0000000206095416
QQQ,2023-06-30,ODFL,"Old Dominion Freight Line, Inc.",70,369.75,369.75,1.0
QQQ,2023-06-30,ISRG,"Intuitive Surgical, Inc.",24,341.94,341.94000244140625,0.9999999928601326
QQQ,2023-06-30,MDLZ,"Mondelez International, Inc.",28,72.94,72.94000244140625,0.999999966528569
QQQ,2023-06-30,ON,ON Semiconductor Corp.,69,94.58,94.58000183105469,0.9999999806401496
QQQ,2023-06-30,DLTR,"Dollar Tree, Inc.",85,143.5,143.5,1.0
QQQ,2023-06-30,LCID,Lucid Group Inc.,101,6.89,6.890000152587891,0.9999999778537172
QQQ,2023-06-30,PCAR,PACCAR Inc.,61,83.65,83.6500015258789,0.9999999817587703
QQQ,2023-06-30,NXPI,NXP Semiconductors N.V.,50,204.68,204.67999267578125,1.0000000357837553
QQQ,2023-06-30,BKR,Baker Hughes Co.,84,31.61,31.610000610351562,0.9999999806911879
QQQ,2023-06-30,REGN,"Regeneron Pharmaceuticals, Inc.",35,718.54,718.5399780273438,1.0000000305795875
QQQ,2023-06-30,BKNG,Booking Holdings Inc.,27,2700.33,2700.3299713134766,1.00000001062334
QQQ,2023-06-30,CPRT,"Copart, Inc.",63,91.21,91.20999908447266,1.0000000100375763
QQQ,2023-06-30,GILD,"Gilead Sciences, Inc.",30,77.07,77.06999969482422,1.000000003959722
QQQ,2023-06-30,ZM,"Zoom Video Communications, Inc.",99,67.88,67.87999725341797,1.000000040462318
QQQ,2023-06-30,JD,"JD.com, Inc.",100,34.13,34.130001068115234,0.9999999687045064
QQQ,2023-06-30,SNPS,"Synopsys, Inc.",41,435.41,435.4100036621094,0.9999999915892852
QQQ,2023-06-30,ORLY,"O'Reilly Automotive, Inc.",47,955.3,955.3000259399414,0.9999999728462884
QQQ,2023-06-30,CHTR,"Charter Communications, Inc.",49,367.37,367.3699951171875,1.0000000132912665
QQQ,2023-06-30,FAST,Fastenal Co.,80,58.99,58.9900016784668,0.9999999715465885
QQQ,2023-06-30,QCOM,Qualcomm Inc.,21,119.04,119.04000091552734,0.9999999923090782
QQQ,2023-06-30,LRCX,Lam Research Corp.,33,642.86,642.8600311279297,0.9999999515789936
QQQ,2023-06-30,TXN,Texas Instruments Inc.,18,180.01999999999998,180.02000427246094,0.9999999762667434
QQQ,2023-06-30,MRNA,"Moderna, Inc.",57,121.5,121.5,1.0
QQQ,2023-06-30,SIRI,Sirius XM Holdings Inc.,98,4.53,4.529999923706055,1.0000000168419307
QQQ,2023-06-30,WDAY,"Workday, Inc.",56,225.89,225.88999938964844,1.0000000027019857
QQQ,2023-06-30,ALGN,"Align Technology, Inc.",91,353.64,353.6400146484375,0.9999999585781107
QQQ,2023-06-30,CSX,CSX Corp.,37,34.1,34.099998474121094,1.000000044747184
QQQ,2023-06-30,PANW,"Palo Alto Networks, Inc.",34,255.51,255.50999450683594,1.0000000214988227
QQQ,2023-06-30,EBAY,eBay Inc.,94,44.69,44.689998626708984,1.0000000307292696
QQQ,2023-06-30,CTAS,Cintas Corp.,53,497.08,497.0799865722656,1.0000000270132268
QQQ,2023-09-30,AZN,AstraZeneca PLC,66,67.72,67.72000122070312,0.9999999819742601
QQQ,2023-09-30,ADBE,Adobe Inc.,12,509.9,509.8999938964844,1.0000000119700247
QQQ,2023-09-30,CSCO,"Cisco Systems, Inc.",13,53.76,53.7599983215332,1.0000000312214816
QQQ,2023-09-30,KLAC,KLA Corp.,43,458.66,458.6600112915039,0.9999999753815384
QQQ,2023-09-30,HON,Honeywell International Inc.,23,184.74,184.73999584655,1.000000022482679
QQQ,2023-09-30,NFLX,"Netflix, Inc.",15,377.6,377.59998321533203,1.0000000444509236
QQQ,2023-09-30,ROST,"Ross Stores, Inc.",69,112.95,112.94999694824219,1.0000000270186622
QQQ,2023-09-30,TEAM,Atlassian Corp.,86,201.51,201.50999450683594,1.000000027260008
QQQ,2023-09-30,VRTX,Vertex Pharmaceuticals Inc.,31,347.74,347.739990234375,1.0000000280831232
QQQ,2023-09-30,DLTR,"Dollar Tree, Inc.",92,106.45,106.44999694824219,1.0000000286684632
QQQ,2023-09-30,TSLA,"Tesla, Inc.",6,250.22000000000003,250.22000122070312,0.9999999951214807
QQQ,2023-09-30,SNPS,"Synopsys, Inc.",37,458.97,458.9700012207031,0.9999999973403423
QQQ,2023-09-30,GEHC,GE HealthCare Technologies Inc.,85,68.04,68.04000091552734,0.999999986544278
QQQ,2023-09-30,EBAY,eBay Inc.,91,44.09,44.09000015258789,0.9999999965391725
QQQ,2023-09-30,REGN,"Regeneron Pharmaceuticals, Inc.",32,822.96,822.9600219726562,0.9999999733004573
QQQ,2023-09-30,LRCX,Lam Research Corp.,34,626.77,626.7699813842773,1.0000000297010438
QQQ,2023-09-30,COST,Costco Wholesale Corp.,10,564.96,564.9600219726562,0.999999961107591
QQQ,2023-09-30,ABNB,"Airbnb, Inc.",46,137.21,137.2100067138672,0.9999999510686768
QQQ,2023-09-30,GILD,"Gilead Sciences, Inc.",30,74.94,74.94000244140625,0.9999999674218552
QQQ,2023-09-30,FANG,"Diamondback Energy, Inc.",87,154.88,154.8800048828125,0.9999999684735773
QQQ,2023-09-30,LCID,Lucid Group Inc.,101,5.590000000000001,5.590000152587891,0.9999999727034193
QQQ,2023-09-30,GOOGL,Alphabet Inc.,7,130.86,130.86000061035156,0.9999999953358433
QQQ,2023-09-30,AMZN,"Amazon.com, Inc.",3,127.12,127.12000274658203,0.9999999783937856
QQQ,2023-09-30,PANW,"Palo Alto Networks, Inc.",36,234.44000000000003,234.44000244140625,0.9999999895862216
QQQ,2023-09-30,PCAR,PACCAR Inc.,57,85.02,85.0199966430664,1.0000000394840476
QQQ,2023-09-30,LULU,Lululemon Athletica Inc.,52,385.61,385.6099853515625,1.0000000379877028
QQQ,2023-09-30,AMD,"Advanced Micro Devices, Inc.",16,102.82,102.81999969482422,1.0000000029680585
QQQ,2023-09-30,CMCSA,Comcast Corp.,14,44.34,44.33999938201904,1.0000000139373246
QQQ,2023-09-30,ADSK,"Autodesk, Inc.",58,206.91,206.91000366210938,0.9999999823009554
QQQ,2023-09-30,KDP,Keurig Dr Pepper Inc.,59,31.570000000000004,31.56999969482422,1.0000000096666388
QQQ,2023-09-30,WDAY,"Workday, Inc.",56,214.85,214.85000610351562,0.9999999715917363
QQQ,2023-09-30,BIIB,Biogen Inc.,72,257.01,257.010009765625,0.9999999620029391
QQQ,2023-09-30,CSGP,"CoStar Group, Inc.",83,76.89,76.88999938964844,1.0000000079379838
QQQ,2023-09-30,JD,"JD.com, Inc.",100,29.13,29.1299991607666,1.0000000288099355
QQQ,2023-09-30,CDNS,"Cadence Design Systems, Inc.",41,234.3,234.3000030517578,0.9999999869749989
QQQ,2023-09-30,ON,ON Semiconductor Corp.,64,92.95,92.94999694824219,1.000000032832253
QQQ,2023-09-30,AVGO,Broadcom Inc.,9,830.5799999999999,830.5799865722656,1.0000000161666962
QQQ,2023-09-30,ISRG,"Intuitive Surgical, Inc.",27,292.29,292.2900085449219,0.999999970765604
QQQ,2023-09-30,TTD,"Trade Desk, Inc. (The)",77,78.15,78.1500015258789,0.9999999804749985
QQQ,2023-09-30,ZS,"Zscaler, Inc.",94,155.59,155.58999633789062,1.0000000235369206
QQQ,2023-09-30,ADP,"Automatic Data Processing, Inc.",28,240.58,240.5800018310547,0.9999999923889988
QQQ,2023-09-30,CHTR,"Charter Communications, Inc.",38,439.82,439.82000732421875,0.999999983347236
QQQ,2023-09-30,BKR,Baker Hughes Co.,75,35.32,35.31999969482422,1.000000008640311
QQQ,2023-09-30,XEL,Xcel Energy Inc.,82,57.220000000000006,57.220001220703125,0.9999999786664961
QQQ,2023-09-30,TMUS,"T-Mobile US, Inc.",17,140.04999999999998,140.0500030517578,0.9999999782095126
QQQ,2023-09-30,WBD,"Warner Bros. Discovery, Inc.",89,10.86,10.859999656677246,1.0000000316135143
QQQ,2023-09-30,AMAT,"Applied Materials, Inc.",24,138.45,138.4499969482422,1.0000000220423104
QQQ,2023-09-30,CSX,CSX Corp.,44,30.75,30.75,1.0
QQQ,2023-09-30,GOOG,Alphabet Inc.,8,131.85,131.85000610351562,0.9999999537086436
QQQ,2023-09-30,PAYX,"Paychex, Inc.",61,115.33,115.33000183105469,0.9999999841233447
QQQ,2023-09-30,NVDA,NVIDIA Corp.,4,434.99,434.99000549316406,0.9999999873717466
QQQ,2023-09-30,MAR,"Marriott International, Inc.",45,196.56,196.55999755859375,1.000000012420667
QQQ,2023-09-30,PYPL,"PayPal Holdings, Inc.",39,58.46,58.459999084472656,1.0000000156607485
QQQ,2023-09-30,MELI,"MercadoLibre, Inc.",42,1267.88,1267.8800048828125,0.9999999961488372
QQQ,2023-09-30,PDD,PDD Holdings Inc.,40,98.07,98.06999969482422,1.0000000031118157
QQQ,2023-09-30,MRNA,"Moderna, Inc.",67,103.29,103.29000091552734,0.9999999911363411
QQQ,2023-09-30,CTAS,Cintas Corp.,51,481.01,481.010009765625,0.9999999796976679
QQQ,2023-09-30,ZM,"Zoom Video Communications, Inc.",97,69.94,69.94000244140625,0.9999999650928486
QQQ,2023-09-30,META,"Meta Platforms, Inc.",5,300.21,300.2099914550781,1.0000000284631494
QQQ,2023-09-30,FTNT,"Fortinet, Inc.",54,58.67999999999999,58.68000030517578,0.999999994799322
QQQ,2023-09-30,PEP,"PepsiCo, Inc.",11,169.44,169.44000244140625,0.9999999855913231
QQQ,2023-09-30,MDLZ,"Mondelez International, Inc.",29,69.4,69.4000015258789,0.9999999780132728
QQQ,2023-09-30,VRSK,"Verisk Analytics, Inc.",78,236.24,236.24000549316406,0.9999999767475283
QQQ,2023-09-30,AMGN,Amgen Inc.,20,268.76,268.760009765625,0.999999963664144
QQQ,2023-09-30,EXC,Exelon Corp.,71,37.79,37.790000915527344,0.9999999757732912
QQQ,2023-09-30,MCHP,Microchip Technology Inc.,60,78.05,78.05000305175781,0.9999999608999655
QQQ,2023-09-30,GFS,GLOBALFOUNDRIES Inc.,81,58.19,58.189998626708984,1.0000000236001212
QQQ,2023-09-30,BKNG,Booking Holdings Inc.,25,3083.9500000000003,3083.9500427246094,0.9999999861461409
QQQ,2023-09-30,KHC,Kraft Heinz Co. (The),62,33.64,33.63999938964844,1.000000018143626
QQQ,2023-09-30,ODFL,"Old Dominion Freight Line, Inc.",55,409.14,409.1400146484375,0.999999964197006
QQQ,2023-09-30,FAST,Fastenal Co.,84,54.64,54.63999938964844,1.0000000111704168
QQQ,2023-09-30,ILMN,"Illumina, Inc.",95,137.28,137.28000720214845,0.9999999475368001
QQQ,2023-09-30,AAPL,Apple Inc.,1,171.21,171.2100067138672,0.9999999607857782
QQQ,2023-09-30,ALGN,"Align Technology, Inc.",93,305.32,305.32000732421875,0.999999976011337
QQQ,2023-09-30,CPRT,"Copart, Inc.",63,43.09,43.09000015258789,0.9999999964588562
QQQ,2023-09-30,ADI,"Analog Devices, Inc.",33,175.09,175.08999633789062,1.0000000209155833
QQQ,2023-09-30,DDOG,"Datadog, Inc.",88,91.09,91.08999633789062,1.0000000402032003
QQQ,2023-09-30,MNST,Monster Beverage Corp.,47,52.95,52.95000076293945,0.9999999855913232
QQQ,2023-09-30,ENPH,"Enphase Energy, Inc.",99,120.15,120.1500015258789,0.9999999873002173
QQQ,2023-09-30,DXCM,"DexCom, Inc.",74,93.3,93.30000305175781,0.9999999672909141
QQQ,2023-09-30,SBUX,Starbucks Corp.,26,91.27,91.2699966430664,1.0000000367802533
QQQ,2023-09-30,CEG,Constellation Energy Corp.,76,109.08,109.08000183105469,0.9999999832136537
QQQ,2023-09-30,CRWD,"CrowdStrike Holdings, Inc.",70,167.38,167.3800048828125,0.9999999708279821
QQQ,2023-09-30,IDXX,"IDEXX Laboratories, Inc.",73,437.27,437.2699890136719,1.0000000251248162
QQQ,2023-09-30,INTC,Intel Corp.,18,35.55,35.54999923706055,1.0000000214610258
QQQ,2023-09-30,MSFT,Microsoft Corp.,2,315.75,315.75,1.0
QQQ,2023-09-30,ORLY,"O'Reilly Automotive, Inc.",48,908.86,908.8600158691406,0.9999999825395107
QQQ,2023-09-30,ASML,ASML Holding N.V.,50,588.66,588.6599731445312,1.0000000456213602
QQQ,2023-09-30,MRVL,"Marvell Technology, Inc.",53,54.13,54.130001068115234,0.9999999802675926
QQQ,2023-09-30,NXPI,NXP Semiconductors N.V.,49,199.92,199.9199981689453,1.000000009158937
QQQ,2023-09-30,SIRI,Sirius XM Holdings Inc.,98,4.52,4.520000076293946,0.9999999831208086
QQQ,2023-09-30,AEP,"American Electric Power Co., Inc.",68,75.22,75.22000122070312,0.999999983771562
QQQ,2023-09-30,QCOM,Qualcomm Inc.,22,111.06,111.05999755859375,1.0000000219827687
QQQ,2023-09-30,MU,"Micron Technology, Inc.",35,68.03,68.02999877929688,1.0000000179436006
QQQ,2023-09-30,TXN,Texas Instruments Inc.,19,159.01,159.00999450683594,1.00000003454603
QQQ,2023-09-30,CTSH,Cognizant Technology Solutions Corp.,79,67.74000000000001,67.73999786376953,1.000000031535733
QQQ,2023-09-30,INTU,Intuit Inc.,21,510.94000000000005,510.94000244140625,0.999999995221736
QQQ,2023-12-31,AZN,AstraZeneca PLC,70,67.35000000000001,67.3499984741211,1.0000000226559607
QQQ,2023-12-31,TTWO,"Take-Two Interactive Software, Inc.",97,160.95,160.9499969482422,1.0000000189609062
QQQ,2023-12-31,ADBE,Adobe Inc.,11,596.5999999999999,596.5999755859375,1.000000040921997
QQQ,2023-12-31,DASH,"DoorDash, Inc.",79,98.89,98.88999938964844,1.0000000061720251
QQQ,2023-12-31,CSCO,"Cisco Systems, Inc.",16,50.52,50.52000045776367,0.9999999909389615
QQQ,2023-12-31,KLAC,KLA Corp.,39,581.3000000000001,581.3000106811523,0.999999981625405
QQQ,2023-12-31,HON,Honeywell International Inc.,23,209.71,209.71000476329803,0.9999999772862624
QQQ,2023-12-31,NFLX,"Netflix, Inc.",14,486.88,486.87999725341797,1.0000000056411888
QQQ,2023-12-31,ROST,"Ross Stores, Inc.",62,138.39,138.38999938964844,1.0000000044103732
QQQ,2023-12-31,TEAM,Atlassian Corp.,76,237.86,237.86000061035156,0.9999999974339883
QQQ,2023-12-31,VRTX,Vertex Pharmaceuticals Inc.,28,406.89,406.8900146484375,0.9999999639990244
QQQ,2023-12-31,DLTR,"Dollar Tree, Inc.",91,142.05,142.0500030517578,0.9999999785163131
QQQ,2023-12-31,TSLA,"Tesla, Inc.",7,248.48,248.47999572753906,1.000000017194386
QQQ,2023-12-31,SNPS,"Synopsys, Inc.",40,514.91,514.9099731445312,1.0000000521556585
QQQ,2023-12-31,GEHC,GE HealthCare Technologies Inc.,83,77.32,77.31999969482422,1.000000003946919
QQQ,2023-12-31,REGN,"Regeneron Pharmaceuticals, Inc.",36,878.29,878.2899780273438,1.0000000250175418
QQQ,2023-12-31,LRCX,Lam Research Corp.,29,783.26,783.2599639892578,1.0000000459754663
QQQ,2023-12-31,COST,Costco Wholesale Corp.,10,660.08,660.0800170898438,0.9999999741094363
QQQ,2023-12-31,ABNB,"Airbnb, Inc.",50,136.14,136.13999938964844,1.000000004483264
QQQ,2023-12-31,GILD,"Gilead Sciences, Inc.",30,81.00999999999999,81.01000213623047,0.9999999736300405
QQQ,2023-12-31,FANG,"Diamondback Energy, Inc.",95,155.08,155.0800018310547,0.9999999881928382
QQQ,2023-12-31,GOOGL,Alphabet Inc.,8,139.69,139.69000244140625,0.9999999825226844
QQQ,2023-12-31,AMZN,"Amazon.com, Inc.",3,151.94,151.94000244140625,0.9999999839317743
QQQ,2023-12-31,PANW,"Palo Alto Networks, Inc.",37,294.88,294.8800048828125,0.9999999834413578
QQQ,2023-12-31,PCAR,PACCAR Inc.,58,97.65,97.6500015258789,0.9999999843740003
QQQ,2023-12-31,LULU,Lululemon Athletica Inc.,46,511.29,511.2900085449219,0.9999999832875243
QQQ,2023-12-31,AMD,"Advanced Micro Devices, Inc.",12,147.41000000000005,147.41000366210938,0.9999999751569824
QQQ,2023-12-31,CMCSA,Comcast Corp.,18,43.85,43.84999848556518,1.0000000345367133
QQQ,2023-12-31,ADSK,"Autodesk, Inc.",56,243.48,243.47999572753906,1.0000000175474824
QQQ,2023-12-31,KDP,Keurig Dr Pepper Inc.,63,33.32,33.31999969482422,1.0000000091589372
QQQ,2023-12-31,WDAY,"Workday, Inc.",53,276.06,276.05999755859375,1.0000000088437524
QQQ,2023-12-31,BIIB,Biogen Inc.,73,258.77,258.7699890136719,1.0000000424559592
QQQ,2023-12-31,CSGP,"CoStar Group, Inc.",82,87.39,87.38999938964844,1.0000000069842268
QQQ,2023-12-31,CDNS,"Cadence Design Systems, Inc.",41,272.37,272.3699951171875,1.0000000179271307
QQQ,2023-12-31,ON,ON Semiconductor Corp.,80,83.53,83.52999877929688,1.0000000146139487
QQQ,2023-12-31,AVGO,Broadcom Inc.,4,1116.25,1116.25,1.0
QQQ,2023-12-31,ISRG,"Intuitive Surgical, Inc.",26,337.36,337.3599853515625,1.0000000434207912
QQQ,2023-12-31,MDB,"MongoDB, Inc.",94,408.85,408.8500061035156,0.9999999850715042
QQQ,2023-12-31,TTD,"Trade Desk, Inc. (The)",89,71.96000000000001,71.95999908447266,1.000000012722726
QQQ,2023-12-31,ZS,"Zscaler, Inc.",88,221.56,221.55999755859375,1.0000000110191654
QQQ,2023-12-31,ADP,"Automatic Data Processing, Inc.",34,232.97,232.97000122070312,0.9999999947602561
QQQ,2023-12-31,CHTR,"Charter Communications, Inc.",54,388.68,388.67999267578125,1.0000000188438276
QQQ,2023-12-31,BKR,Baker Hughes Co.,85,34.18,34.18000030517578,0.9999999910715103
QQQ,2023-12-31,XEL,Xcel Energy Inc.,86,61.91,61.90999984741211,1.0000000024646727
QQQ,2023-12-31,TMUS,"T-Mobile US, Inc.",17,160.33,160.3300018310547,0.9999999885794633
QQQ,2023-12-31,WBD,"Warner Bros. Discovery, Inc.",96,11.38,11.380000114440918,0.9999999899436804
QQQ,2023-12-31,AMAT,"Applied Materials, Inc.",24,162.07000000000002,162.07000732421875,0.9999999548083026
QQQ,2023-12-31,CSX,CSX Corp.,42,34.67,34.66999816894531,1.0000000528138098
QQQ,2023-12-31,GOOG,Alphabet Inc.,9,140.93,140.92999267578125,1.0000000519706176
QQQ,2023-12-31,PAYX,"Paychex, Inc.",68,119.11,119.11000061035156,0.999999994875732
QQQ,2023-12-31,NVDA,NVIDIA Corp.,6,495.22,495.2199935913086,1.0000000129411
QQQ,2023-12-31,MAR,"Marriott International, Inc.",44,225.51,225.50999450683594,1.0000000243588496
QQQ,2023-12-31,PYPL,"PayPal Holdings, Inc.",45,61.41,61.40999984741211,1.00000000248474
QQQ,2023-12-31,MELI,"MercadoLibre, Inc.",38,1571.54,1571.5400390625,0.9999999751438086
QQQ,2023-12-31,PDD,PDD Holdings Inc.,33,146.31,146.30999755859375,1.0000000166865306
QQQ,2023-12-31,MRNA,"Moderna, Inc.",71,99.45,99.44999694824219,1.0000000306863541
QQQ,2023-12-31,CTAS,Cintas Corp.,47,602.66,602.6599731445312,1.0000000445615602
QQQ,2023-12-31,META,"Meta Platforms, Inc.",5,353.96,353.9599914550781,1.0000000241409257
QQQ,2023-12-31,FTNT,"Fortinet, Inc.",66,58.53,58.529998779296875,1.0000000208560251
QQQ,2023-12-31,PEP,"PepsiCo, Inc.",13,169.84,169.83999633789062,1.000000021562114
QQQ,2023-12-31,MDLZ,"Mondelez International, Inc.",31,72.43,72.43000030517578,0.9999999957866109
QQQ,2023-12-31,VRSK,"Verisk Analytics, Inc.",84,238.86,238.86000061035156,0.999999997444731
QQQ,2023-12-31,AMGN,Amgen Inc.,22,288.02000000000004,288.0199890136719,1.0000000381443253
QQQ,2023-12-31,EXC,Exelon Corp.,81,35.9,35.900001525878906,0.999999957496411
QQQ,2023-12-31,MCHP,Microchip Technology Inc.,59,90.18,90.18000030517578,0.9999999966159262
QQQ,2023-12-31,GFS,GLOBALFOUNDRIES Inc.,87,60.6,60.599998474121094,1.0000000251795205
QQQ,2023-12-31,BKNG,Booking Holdings Inc.,25,3547.2200000000003,3547.2198486328125,1.0000000426720628
QQQ,2023-12-31,KHC,Kraft Heinz Co. (The),65,36.98,36.97999954223633,1.0000000123786823
QQQ,2023-12-31,ODFL,"Old Dominion Freight Line, Inc.",67,405.33,405.3299865722656,1.0000000331279078
QQQ,2023-12-31,FAST,Fastenal Co.,75,64.77,64.7699966430664,1.0000000518285281
QQQ,2023-12-31,ILMN,"Illumina, Inc.",100,139.24,139.23999298095703,1.0000000504096764
QQQ,2023-12-31,ROP,"Roper Technologies, Inc.",51,545.1700000000001,545.1699829101562,1.0000000313477344
QQQ,2023-12-31,AAPL,Apple Inc.,1,192.53,192.52999877929688,1.000000006340327
QQQ,2023-12-31,CPRT,"Copart, Inc.",61,49.0,49.0,1.0
QQQ,2023-12-31,ADI,"Analog Devices, Inc.",32,198.56,198.55999755859375,1.0000000122955595
QQQ,2023-12-31,DDOG,"Datadog, Inc.",78,121.38,121.37999725341797,1.0000000226279626
QQQ,2023-12-31,CDW,CDW Corp.,93,227.32,227.32000732421875,0.9999999677801402
QQQ,2023-12-31,MNST,Monster Beverage Corp.,48,57.61,57.61000061035156,0.9999999894054581
QQQ,2023-12-31,CCEP,Coca-Cola Europacific Partners PLC,92,66.74,66.73999786376953,1.000000032008249
QQQ,2023-12-31,DXCM,"DexCom, Inc.",60,124.09,124.08999633789062,1.0000000295117213
QQQ,2023-12-31,SBUX,Starbucks Corp.,27,96.01,96.01000213623047,0.9999999777499176
QQQ,2023-12-31,CEG,Constellation Energy Corp.,74,116.89,116.88999938964844,1.0000000052215892
QQQ,2023-12-31,CRWD,"CrowdStrike Holdings, Inc.",52,255.32,255.32000732421875,0.999999971313573
QQQ,2023-12-31,IDXX,"IDEXX Laboratories, Inc.",64,555.0500000000001,555.0499877929688,1.0000000219926701
QQQ,2023-12-31,INTC,Intel Corp.,15,50.25,50.25,1.0
QQQ,2023-12-31,MSFT,Microsoft Corp.,2,376.04,376.0400085449219,0.9999999772765619
QQQ,2023-12-31,ORLY,"O'Reilly Automotive, Inc.",55,950.08,950.0800323486328,0.999999965951676
QQQ,2023-12-31,ASML,ASML Holding N.V.,43,756.92,756.9199829101562,1.0000000225781378
QQQ,2023-12-31,MRVL,"Marvell Technology, Inc.",57,60.309999999999995,60.310001373291016,0.9999999772294647
QQQ,2023-12-31,NXPI,NXP Semiconductors N.V.,49,229.68,229.67999267578125,1.0000000318887974
QQQ,2023-12-31,SIRI,Sirius XM Holdings Inc.,101,5.47,5.470000076293946,0.9999999860522952
QQQ,2023-12-31,AEP,"American Electric Power Co., Inc.",69,81.22,81.22000122070312,0.9999999849704123
QQQ,2023-12-31,QCOM,Qualcomm Inc.,20,144.63,144.6300048828125,0.9999999662392841
QQQ,2023-12-31,MU,"Micron Technology, Inc.",35,85.33999999999999,85.33999633789062,1.0000000429119935
QQQ,2023-12-31,TXN,Texas Instruments Inc.,21,170.45999999999998,170.4600067138672,0.9999999606132409
QQQ,2023-12-31,CTSH,Cognizant Technology Solutions Corp.,72,75.53,75.52999877929688,1.0000000161618317
QQQ,2023-12-31,INTU,Intuit Inc.,19,625.03,625.030029296875,0.9999999531272521
QQQ,2024-03-31,CHTR,"Charter Communications, Inc.",73,290.63,290.6300048828125,0.999999983199214
QQQ,2024-03-31,CCEP,Coca-Cola Europacific Partners PLC,87,69.95,69.94999694824219,1.0000000436277048
QQQ,2024-03-31,AZN,AstraZeneca PLC,77,67.75,67.75,1.0
QQQ,2024-03-31,TTD,"Trade Desk, Inc. (The)",78,87.41999999999999,87.41999816894531,1.0000000209454898
QQQ,2024-03-31,BKR,Baker Hughes Co.,86,33.5,33.5,1.0
QQQ,2024-03-31,MDB,"MongoDB, Inc.",96,358.64,358.6400146484375,0.9999999591555964
QQQ,2024-03-31,BKNG,Booking Holdings Inc.,29,3627.88,3627.880096435547,0.99999997341821
QQQ,2024-03-31,ZS,"Zscaler, Inc.",94,192.63,192.6300048828125,0.9999999746518591
QQQ,2024-03-31,FAST,Fastenal Co.,71,77.14,77.13999938964844,1.0000000079122577
QQQ,2024-03-31,AVGO,Broadcom Inc.,6,1325.41,1325.4100036621094,0.999999997236999
QQQ,2024-03-31,KDP,Keurig Dr Pepper Inc.,72,30.67,30.670000076293945,0.9999999975124244
QQQ,2024-03-31,PDD,PDD Holdings Inc.,42,116.25,116.25,1.0
QQQ,2024-03-31,MRNA,"Moderna, Inc.",75,106.56,106.55999755859375,1.0000000229110952
QQQ,2024-03-31,CPRT,"Copart, Inc.",59,57.919999999999995,57.91999816894531,1.0000000316135143
QQQ,2024-03-31,TTWO,"Take-Two Interactive Software, Inc.",97,148.49,148.49000549316406,0.9999999630065065
QQQ,2024-03-31,ROP,"Roper Technologies, Inc.",55,560.8399999999999,560.8400268554688,0.9999999521156345
QQQ,2024-03-31,ILMN,"Illumina, Inc.",98,137.32,137.32000659179687,0.9999999519968209
QQQ,2024-03-31,CRWD,"CrowdStrike Holdings, Inc.",45,320.59000000000003,320.5899963378906,1.0000000114230307
QQQ,2024-03-31,DDOG,"Datadog, Inc.",79,123.6,123.5999984741211,1.0000000123452988
QQQ,2024-03-31,ADBE,Adobe Inc.,14,504.6,504.6000061035156,0.9999999879042498
QQQ,2024-03-31,AMGN,Amgen Inc.,24,284.32,284.32000732421875,0.9999999742395239
QQQ,2024-03-31,ADI,"Analog Devices, Inc.",34,197.79,197.7899932861328,1.0000000339444228
QQQ,2024-03-31,AMAT,"Applied Materials, Inc.",22,206.23,206.22999572753906,1.0000000207169715
QQQ,2024-03-31,CSX,CSX Corp.,46,37.07,37.06999969482422,1.0000000082324194
QQQ,2024-03-31,COST,Costco Wholesale Corp.,10,732.63,732.6300048828125,0.9999999933352273
QQQ,2024-03-31,CDNS,"Cadence Design Systems, Inc.",40,311.28000000000003,311.2799987792969,1.00000000392156
QQQ,2024-03-31,AMD,"Advanced Micro Devices, Inc.",11,180.49,180.49000549316406,0.9999999695652729
QQQ,2024-03-31,CSCO,"Cisco Systems, Inc.",16,49.91,49.90999984741211,1.0000000030572609
QQQ,2024-03-31,MAR,"Marriott International, Inc.",44,252.30999999999997,252.30999755859375,1.0000000096762167
QQQ,2024-03-31,GILD,"Gilead Sciences, Inc.",38,73.25,73.25,1.0
QQQ,2024-03-31,PCAR,PACCAR Inc.,51,123.89,123.88999938964844,1.0000000049265605
QQQ,2024-03-31,HON,Honeywell International Inc.,26,205.25,205.2500006421509,0.999999996871372
QQQ,2024-03-31,INTC,Intel Corp.,19,44.17,44.16999816894531,1.000000041454715
QQQ,2024-03-31,LRCX,Lam Research Corp.,28,971.57,971.5699768066406,1.0000000238720421
QQQ,2024-03-31,ABNB,"Airbnb, Inc.",47,164.96,164.9600067138672,0.9999999593000308
QQQ,2024-03-31,VRTX,Vertex Pharmaceuticals Inc.,30,418.01,418.010009765625,0.9999999766378201
QQQ,2024-03-31,MCHP,Microchip Technology Inc.,64,89.71000000000001,89.70999908447266,1.0000000102054103
QQQ,2024-03-31,MU,"Micron Technology, Inc.",27,117.89,117.88999938964844,1.0000000051772973
QQQ,2024-03-31,MSFT,Microsoft Corp.,1,420.72,420.7200012207031,0.999999997098538
QQQ,2024-03-31,AEP,"American Electric Power Co., Inc.",67,86.10000000000001,86.0999984741211,1.0000000177221713
QQQ,2024-03-31,DASH,"DoorDash, Inc.",62,137.72,137.72000122070312,0.999999991136341
QQQ,2024-03-31,PAYX,"Paychex, Inc.",70,122.8,122.80000305175781,0.9999999751485527
QQQ,2024-03-31,PEP,"PepsiCo, Inc.",13,175.01000000000002,175.00999450683594,1.0000000313877164
QQQ,2024-03-31,MRVL,"Marvell Technology, Inc.",54,70.88,70.87999725341797,1.0000000387497479
QQQ,2024-03-31,VRSK,"Verisk Analytics, Inc.",85,235.73,235.72999572753906,1.0000000181243838
QQQ,2024-03-31,CSGP,"CoStar Group, Inc.",76,96.6,96.5999984741211,1.0000000157958482
QQQ,2024-03-31,SBUX,Starbucks Corp.,32,91.39,91.38999938964844,1.0000000066785377
QQQ,2024-03-31,CTSH,Cognizant Technology Solutions Corp.,81,73.28999999999999,73.29000091552734,0.9999999875081548
QQQ,2024-03-31,FTNT,"Fortinet, Inc.",61,68.31,68.30999755859375,1.0000000357401015
QQQ,2024-03-31,TXN,Texas Instruments Inc.,23,174.20999999999998,174.2100067138672,0.9999999614610703
QQQ,2024-03-31,ISRG,"Intuitive Surgical, Inc.",25,399.09,399.0899963378906,1.0000000091761492
QQQ,2024-03-31,EXC,Exelon Corp.,80,37.57,37.56999969482422,1.0000000081228582
QQQ,2024-03-31,GFS,GLOBALFOUNDRIES Inc.,95,52.11,52.11000061035156,0.999999988287247
QQQ,2024-03-31,CEG,Constellation Energy Corp.,56,184.85,184.85000610351562,0.9999999669812527
QQQ,2024-03-31,WBD,"Warner Bros. Discovery, Inc.",99,8.73,8.729999542236328,1.000000052435704
QQQ,2024-03-31,TSLA,"Tesla, Inc.",9,175.79,175.7899932861328,1.0000000381925447
QQQ,2024-03-31,NXPI,NXP Semiconductors N.V.,52,247.77,247.77000427246094,0.9999999827563432
QQQ,2024-03-31,TEAM,Atlassian Corp.,90,195.11,195.11000061035156,0.9999999968717567
QQQ,2024-03-31,GEHC,GE HealthCare Technologies Inc.,74,90.91,90.91000366210938,0.9999999597172012
QQQ,2024-03-31,LIN,Linde PLC,15,464.32,464.32000732421875,0.9999999842259247
QQQ,2024-03-31,AAPL,Apple Inc.,2,171.48000000000002,171.47999572753906,1.000000024915215
QQQ,2024-03-31,IDXX,"IDEXX Laboratories, Inc.",68,539.9300000000001,539.9299926757812,1.0000000135651268
QQQ,2024-03-31,ADP,"Automatic Data Processing, Inc.",33,249.74,249.74000549316406,0.9999999780044689
QQQ,2024-03-31,QCOM,QUALCOMM Inc.,18,169.3,169.3000030517578,0.9999999819742602
QQQ,2024-03-31,CMCSA,Comcast Corp.,21,43.35,43.3500009765625,0.9999999774726073
QQQ,2024-03-31,MELI,"MercadoLibre, Inc.",43,1511.96,1511.9599609375,1.000000025835671
QQQ,2024-03-31,META,"Meta Platforms, Inc.",5,485.58,485.5799865722656,1.0000000276529815
QQQ,2024-03-31,BIIB,Biogen Inc.,89,215.63,215.6300048828125,0.9999999773555981
QQQ,2024-03-31,PANW,"Palo Alto Networks, Inc.",37,284.13,284.1300048828125,0.9999999828148649
QQQ,2024-03-31,MDLZ,"Mondelez International, Inc.",36,70.0,70.0,1.0
QQQ,2024-03-31,FANG,"Diamondback Energy, Inc.",83,198.17,198.1699981689453,1.0000000092398178
QQQ,2024-03-31,WDAY,"Workday, Inc.",57,272.75,272.75,1.0
QQQ,2024-03-31,ROST,"Ross Stores, Inc.",63,146.76,146.75999450683594,1.0000000374295739
QQQ,2024-03-31,ASML,ASML Holding N.V.,41,970.47,970.469970703125,1.0000000301883376
QQQ,2024-03-31,DXCM,"DexCom, Inc.",60,138.7,138.6999969482422,1.0000000220025802
QQQ,2024-03-31,KLAC,KLA Corp.,35,698.5699999999999,698.5700225830078,0.9999999676725208
QQQ,2024-03-31,ON,ON Semiconductor Corp.,88,73.55000000000001,73.55000305175781,0.9999999585077135
QQQ,2024-03-31,TMUS,"T-Mobile US, Inc.",17,163.22,163.22000122070312,0.999999992521118
QQQ,2024-03-31,AMZN,"Amazon.com, Inc.",4,180.38,180.3800048828125,0.9999999729304115
QQQ,2024-03-31,ADSK,"Autodesk, Inc.",58,260.42,260.4200134277344,0.9999999484381628
QQQ,2024-03-31,CDW,CDW Corp.,84,255.77999999999997,255.77999877929688,1.0000000047724729
QQQ,2024-03-31,INTU,Intuit Inc.,20,650.0,650.0,1.0
QQQ,2024-03-31,SNPS,"Synopsys, Inc.",39,571.5,571.5,1.0
QQQ,2024-03-31,XEL,Xcel Energy Inc.,92,53.75,53.75,1.0
QQQ,2024-03-31,CTAS,Cintas Corp.,49,687.0300000000001,687.030029296875,0.9999999573572134
QQQ,2024-03-31,NVDA,NVIDIA Corp.,3,903.56,903.5600280761719,0.9999999689271647
QQQ,2024-03-31,SIRI,Sirius XM Holdings Inc.,101,3.88,3.879999923706055,1.0000000196633883
QQQ,2024-03-31,ODFL,"Old Dominion Freight Line, Inc.",65,219.30999999999997,219.30999755859375,1.0000000111322158
QQQ,2024-03-31,NFLX,"Netflix, Inc.",12,607.33,607.3300170898438,0.9999999718606964
QQQ,2024-03-31,DLTR,"Dollar Tree, Inc.",93,133.15,133.14999389648438,1.0000000458393985
QQQ,2024-03-31,REGN,"Regeneron Pharmaceuticals, Inc.",31,962.49,962.489990234375,1.0000000101462094
QQQ,2024-03-31,LULU,Lululemon Athletica Inc.,66,390.65,390.6499938964844,1.0000000156240003
QQQ,2024-03-31,MNST,Monster Beverage Corp.,53,59.28,59.279998779296875,1.0000000205921584
QQQ,2024-03-31,ORLY,"O'Reilly Automotive, Inc.",50,1128.88,1128.8800048828125,0.99999999567464
QQQ,2024-03-31,KHC,Kraft Heinz Co. (The),69,36.9,36.900001525878906,0.9999999586482698
QQQ,2024-03-31,PYPL,"PayPal Holdings, Inc.",48,66.99,66.98999786376953,1.0000000318887974
QQQ,2024-03-31,GOOGL,Alphabet Inc.,7,150.93,150.92999267578125,1.0000000485272584
QQQ,2024-03-31,GOOG,Alphabet Inc.,8,152.26,152.25999450683594,1.000000036077527
QQQ,2024-06-30,CHTR,"Charter Communications, Inc.",69,298.96,298.9599914550781,1.0000000285821584
QQQ,2024-06-30,CCEP,Coca-Cola Europacific Partners PLC,86,72.87,72.87000274658203,0.9999999623084682
QQQ,2024-06-30,AZN,AstraZeneca PLC,65,77.99000000000001,77.98999786376953,1.0000000273910827
QQQ,2024-06-30,TTD,"Trade Desk, Inc. (The)",68,97.67,97.66999816894531,1.0000000187473608
QQQ,2024-06-30,BKR,Baker Hughes Co.,82,35.17,35.16999816894531,1.0000000520629737
QQQ,2024-06-30,MDB,"MongoDB, Inc.",98,249.96,249.9600067138672,0.9999999731402345
QQQ,2024-06-30,BKNG,Booking Holdings Inc.,28,3961.5,3961.5001678466797,0.9999999576305256
QQQ,2024-06-30,ZS,"Zscaler, Inc.",91,192.19,192.19000244140625,0.9999999872969133
QQQ,2024-06-30,FAST,Fastenal Co.,79,62.84,62.84000015258789,0.9999999975718032
QQQ,2024-06-30,AVGO,Broadcom Inc.,5,1605.53,1605.5299377441406,1.0000000387758945
QQQ,2024-06-30,KDP,Keurig Dr Pepper Inc.,66,33.4,33.400001525878906,0.9999999543150049
QQQ,2024-06-30,PDD,PDD Holdings Inc.,38,132.95,132.9499969482422,1.0000000229541772
QQQ,2024-06-30,MRNA,"Moderna, Inc.",64,118.75,118.75,1.0
QQQ,2024-06-30,CPRT,"Copart, Inc.",57,54.16,54.15999984741211,1.000000002817354
QQQ,2024-06-30,TTWO,"Take-Two Interactive Software, Inc.",95,155.48999999999998,155.49000549316406,0.9999999646719153
QQQ,2024-06-30,ROP,"Roper Technologies, Inc.",54,563.66,563.6599731445312,1.0000000476448037
QQQ,2024-06-30,ILMN,"Illumina, Inc.",100,104.38,104.37999725341797,1.0000000263132984
QQQ,2024-06-30,CRWD,"CrowdStrike Holdings, Inc.",39,383.19,383.19000244140625,0.9999999936287318
QQQ,2024-06-30,DDOG,"Datadog, Inc.",73,129.69,129.69000244140625,0.9999999811750621
QQQ,2024-06-30,ADBE,Adobe Inc.,13,555.54,555.5399780273438,1.0000000395518902
QQQ,2024-06-30,AMGN,Amgen Inc.,22,312.45000000000005,312.45001220703125,0.9999999609312507
QQQ,2024-06-30,ADI,"Analog Devices, Inc.",32,228.26,228.25999450683594,1.0000000240653824
QQQ,2024-06-30,AMAT,"Applied Materials, Inc.",18,235.99,235.99000549316406,0.9999999767228953
QQQ,2024-06-30,CSX,CSX Corp.,49,33.45,33.45000076293945,0.9999999771916462
QQQ,2024-06-30,COST,Costco Wholesale Corp.,9,849.99,849.989990234375,1.0000000114891059
QQQ,2024-06-30,CDNS,"Cadence Design Systems, Inc.",43,307.75,307.75,1.0
QQQ,2024-06-30,AMD,"Advanced Micro Devices, Inc.",12,162.21,162.2100067138672,0.9999999586100308
QQQ,2024-06-30,CSCO,"Cisco Systems, Inc.",19,47.510000000000005,47.5099983215332,1.0000000353287068
QQQ,2024-06-30,MAR,"Marriott International, Inc.",46,241.77,241.77000427246094,0.9999999823284078
QQQ,2024-06-30,GILD,"Gilead Sciences, Inc.",42,68.61,68.61000061035156,0.9999999911040438
QQQ,2024-06-30,PCAR,PACCAR Inc.,55,102.94,102.94000244140625,0.9999999762832117
QQQ,2024-06-30,HON,Honeywell International Inc.,27,213.54,213.5400038374176,0.9999999820295142
QQQ,2024-06-30,INTC,Intel Corp.,29,30.97,30.969999313354492,1.0000000221713117
QQQ,2024-06-30,LRCX,Lam Research Corp.,26,1064.85,1064.8500061035156,0.9999999942681921
QQQ,2024-06-30,ABNB,"Airbnb, Inc.",48,151.63,151.6300048828125,0.9999999677978477
QQQ,2024-06-30,VRTX,Vertex Pharmaceuticals Inc.,30,468.72,468.7200012207031,0.9999999973956667
QQQ,2024-06-30,MCHP,Microchip Technology Inc.,59,91.5,91.5,1.0
QQQ,2024-06-30,MU,"Micron Technology, Inc.",25,131.53,131.52999877929688,1.0000000092807964
QQQ,2024-06-30,MSFT,Microsoft Corp.,1,446.95,446.95001220703125,0.999999972688151
QQQ,2024-06-30,AEP,"American Electric Power Co., Inc.",62,87.74,87.73999786376953,1.000000024347282
QQQ,2024-06-30,DASH,"DoorDash, Inc.",71,108.78,108.77999877929688,1.0000000112217609
QQQ,2024-06-30,PAYX,"Paychex, Inc.",70,118.56,118.55999755859375,1.0000000205921584
QQQ,2024-06-30,PEP,"PepsiCo, Inc.",14,164.92999999999998,164.92999267578125,1.0000000444080461
QQQ,2024-06-30,MRVL,"Marvell Technology, Inc.",53,69.9,69.9000015258789,0.9999999781705455
QQQ,2024-06-30,VRSK,"Verisk Analytics, Inc.",75,269.54999999999995,269.54998779296875,1.0000000452867066
QQQ,2024-06-30,CSGP,"CoStar Group, Inc.",87,74.14,74.13999938964844,1.0000000082324194
QQQ,2024-06-30,SBUX,Starbucks Corp.,40,77.85,77.8499984741211,1.0000000196002432
QQQ,2024-06-30,CTSH,Cognizant Technology Solutions Corp.,84,68.0,68.0,1.0
QQQ,2024-06-30,FTNT,"Fortinet, Inc.",63,60.27,60.27000045776367,0.9999999924047841
QQQ,2024-06-30,TXN,Texas Instruments Inc.,21,194.53,194.52999877929688,1.0000000062751409
QQQ,2024-06-30,ISRG,"Intuitive Surgical, Inc.",23,444.85,444.8500061035156,0.99999998627961
QQQ,2024-06-30,EXC,Exelon Corp.,83,34.61,34.61000061035156,0.9999999823648785
QQQ,2024-06-30,GFS,GLOBALFOUNDRIES Inc.,94,50.56,50.560001373291016,0.9999999728383905
QQQ,2024-06-30,CEG,Constellation Energy Corp.,50,200.27,200.27000427246094,0.999999978666496
QQQ,2024-06-30,WBD,"Warner Bros. Discovery, Inc.",99,7.44,7.440000057220459,0.9999999923090782
QQQ,2024-06-30,TSLA,"Tesla, Inc.",10,197.88,197.8800048828125,0.9999999753243765
QQQ,2024-06-30,NXPI,NXP Semiconductors N.V.,47,269.09,269.0899963378906,1.0000000136092364
QQQ,2024-06-30,TEAM,Atlassian Corp.,92,176.88,176.8800048828125,0.999999972394774
QQQ,2024-06-30,GEHC,GE HealthCare Technologies Inc.,81,77.92,77.91999816894531,1.0000000234991624
QQQ,2024-06-30,LIN,Linde PLC,16,438.81,438.80999755859375,1.000000005563698
QQQ,2024-06-30,AAPL,Apple Inc.,2,210.62,210.6199951171875,1.0000000231830435
QQQ,2024-06-30,ARM,Arm Holdings PLC,97,163.62,163.6199951171875,1.0000000298423948
QQQ,2024-06-30,IDXX,"IDEXX Laboratories, Inc.",72,487.2,487.20001220703125,0.9999999749445178
QQQ,2024-06-30,ADP,"Automatic Data Processing, Inc.",35,238.69,238.69000244140625,0.9999999897716443
QQQ,2024-06-30,QCOM,QUALCOMM Inc.,15,199.18,199.17999267578125,1.0000000367718598
QQQ,2024-06-30,CMCSA,Comcast Corp.,24,39.16,39.15999979019165,1.000000005357721
QQQ,2024-06-30,MELI,"MercadoLibre, Inc.",44,1643.4,1643.4000244140625,0.9999999851441754
QQQ,2024-06-30,GRAL,GRAIL Inc.,102,15.37,15.369999885559082,1.0000000074457331
QQQ,2024-06-30,META,"Meta Platforms, Inc.",6,504.22,504.2200012207031,0.9999999975790268
QQQ,2024-06-30,BIIB,Biogen Inc.,85,231.82,231.82000732421875,0.9999999684055797
QQQ,2024-06-30,PANW,"Palo Alto Networks, Inc.",34,339.01,339.010009765625,0.9999999711936971
QQQ,2024-06-30,MDLZ,"Mondelez International, Inc.",41,65.44,65.44000244140625,0.9999999626924486
QQQ,2024-06-30,FANG,"Diamondback Energy, Inc.",80,200.19,200.19000244140625,0.9999999878045546
QQQ,2024-06-30,WDAY,"Workday, Inc.",61,223.56,223.55999755859375,1.0000000109205864
QQQ,2024-06-30,ROST,"Ross Stores, Inc.",60,145.32,145.32000732421875,0.999999949599378
QQQ,2024-06-30,ASML,ASML Holding N.V.,36,1022.73,1022.72998046875,1.0000000190971716
QQQ,2024-06-30,DXCM,"DexCom, Inc.",67,113.38,113.37999725341797,1.000000024224573
QQQ,2024-06-30,KLAC,KLA Corp.,33,824.51,824.5099639892578,1.000000043675327
QQQ,2024-06-30,ON,ON Semiconductor Corp.,90,68.55000000000001,68.55000305175781,0.9999999554812886
QQQ,2024-06-30,TMUS,"T-Mobile US, Inc.",17,176.18,176.17999267578125,1.0000000415723638
QQQ,2024-06-30,AMZN,"Amazon.com, Inc.",4,193.25,193.25,1.0
QQQ,2024-06-30,ADSK,"Autodesk, Inc.",56,247.45,247.4499969482422,1.000000012332826
QQQ,2024-06-30,CDW,CDW Corp.,88,223.84,223.83999633789062,1.0000000163603888
QQQ,2024-06-30,INTU,Intuit Inc.,20,657.21,657.2100219726562,0.9999999665667664
QQQ,2024-06-30,SNPS,"Synopsys, Inc.",37,595.06,595.0599975585938,1.0000000041027899
QQQ,2024-06-30,XEL,Xcel Energy Inc.,89,53.41,53.40999984741211,1.000000002856916
QQQ,2024-06-30,CTAS,Cintas Corp.,45,700.26,700.260009765625,0.9999999860542872
QQQ,2024-06-30,NVDA,NVIDIA Corp.,3,123.54,123.54000091552734,0.9999999925892235
QQQ,2024-06-30,ODFL,"Old Dominion Freight Line, Inc.",76,176.6,176.60000610351562,0.9999999654387576
QQQ,2024-06-30,NFLX,"Netflix, Inc.",11,674.88,674.8799896240234,1.0000000153745505
QQQ,2024-06-30,DLTR,"Dollar Tree, Inc.",96,106.77,106.7699966430664,1.000000031440795
QQQ,2024-06-30,REGN,"Regeneron Pharmaceuticals, Inc.",31,1051.03,1051.030029296875,0.9999999721255586
QQQ,2024-06-30,LULU,Lululemon Athletica Inc.,78,298.7,298.70001220703125,0.9999999591328063
QQQ,2024-06-30,MNST,Monster Beverage Corp.,58,49.95,49.95000076293945,0.9999999847259372
QQQ,2024-06-30,ORLY,"O'Reilly Automotive, Inc.",51,1056.06,1056.0599899291992,1.0000000095362014
QQQ,2024-06-30,KHC,Kraft Heinz Co. (The),74,32.22,32.220001220703125,0.9999999621134984
QQQ,2024-06-30,PYPL,"PayPal Holdings, Inc.",52,58.03000000000001,58.029998779296875,1.0000000210357256
QQQ,2024-06-30,GOOGL,Alphabet Inc.,7,182.15,182.14999389648438,1.0000000335081847
QQQ,2024-06-30,GOOG,Alphabet Inc.,8,183.42,183.4199981689453,1.0000000099828519
QQQ,2024-09-30,AZN,AstraZeneca PLC,68,77.91000000000001,77.91000366210938,0.9999999529956464
QQQ,2024-09-30,TTWO,"Take-Two Interactive Software, Inc.",90,153.71,153.7100067138672,0.9999999563212095
QQQ,2024-09-30,ADBE,Adobe Inc.,15,517.78,517.780029296875,0.9999999434182986
QQQ,2024-09-30,DASH,"DoorDash, Inc.",57,142.73,142.72999572753906,1.0000000299338685
QQQ,2024-09-30,CSCO,"Cisco Systems, Inc.",17,53.22,53.220001220703125,0.999999977063076
QQQ,2024-09-30,KLAC,KLA Corp.,36,774.41,774.4100189208984,0.9999999755673377
QQQ,2024-09-30,HON,Honeywell International Inc.,26,206.71,206.70999396134187,1.0000000292131892
QQQ,2024-09-30,NFLX,"Netflix, Inc.",11,709.2700000000001,709.27001953125,0.9999999724628853
QQQ,2024-09-30,ROST,"Ross Stores, Inc.",64,150.51000000000002,150.50999450683594,1.0000000364970054
QQQ,2024-09-30,TEAM,Atlassian Corp.,94,158.81,158.80999755859375,1.000000015373127
QQQ,2024-09-30,VRTX,Vertex Pharmaceuticals Inc.,27,465.08,465.0799865722656,1.0000000288718818
QQQ,2024-09-30,DLTR,"Dollar Tree, Inc.",101,70.32000000000001,70.31999969482422,1.000000004339815
QQQ,2024-09-30,TSLA,"Tesla, Inc.",7,261.63,261.6300048828125,0.9999999813369552
QQQ,2024-09-30,SNPS,"Synopsys, Inc.",45,506.39,506.3900146484375,0.9999999710728152
QQQ,2024-09-30,GEHC,GE HealthCare Technologies Inc.,70,93.85,93.8499984741211,1.0000000162586993
QQQ,2024-09-30,REGN,"Regeneron Pharmaceuticals, Inc.",30,1051.24,1051.239990234375,1.0000000092896246
QQQ,2024-09-30,LRCX,Lam Research Corp.,34,816.08,816.0800170898438,0.9999999790586176
QQQ,2024-09-30,COST,Costco Wholesale Corp.,8,886.52,886.52001953125,0.9999999779686306
QQQ,2024-09-30,ABNB,"Airbnb, Inc.",56,126.81,126.80999755859375,1.0000000192524745
QQQ,2024-09-30,GILD,"Gilead Sciences, Inc.",35,83.84,83.83999633789062,1.0000000436797416
QQQ,2024-09-30,FANG,"Diamondback Energy, Inc.",86,172.4,172.39999389648438,1.0000000354032241
QQQ,2024-09-30,LIN,Linde PLC,16,476.86,476.8599853515625,1.0000000307185295
QQQ,2024-09-30,GOOGL,Alphabet Inc.,9,165.85,165.85000610351562,0.9999999631985806
QQQ,2024-09-30,AMZN,"Amazon.com, Inc.",6,186.33,186.3300018310547,0.9999999901730551
QQQ,2024-09-30,PANW,"Palo Alto Networks, Inc.",32,341.8,341.79998779296875,1.0000000357139605
QQQ,2024-09-30,PCAR,PACCAR Inc.,60,98.68,98.68000030517578,0.9999999969074203
QQQ,2024-09-30,LULU,Lululemon Athletica Inc.,83,271.35,271.3500061035156,0.9999999775068529
QQQ,2024-09-30,AMD,"Advanced Micro Devices, Inc.",12,164.07999999999998,164.0800018310547,0.9999999888404761
QQQ,2024-09-30,CMCSA,Comcast Corp.,24,41.77,41.76999891662597,1.0000000259366546
QQQ,2024-09-30,ADSK,"Autodesk, Inc.",54,275.48,275.4800109863281,0.9999999601193275
QQQ,2024-09-30,KDP,Keurig Dr Pepper Inc.,62,37.48,37.47999954223633,1.0000000122135453
QQQ,2024-09-30,WDAY,"Workday, Inc.",59,244.41,244.41000366210938,0.9999999850165324
QQQ,2024-09-30,BIIB,Biogen Inc.,88,193.84,193.83999633789062,1.0000000188924343
QQQ,2024-09-30,CSGP,"CoStar Group, Inc.",85,75.44,75.44000244140625,0.9999999676377761
QQQ,2024-09-30,CDNS,"Cadence Design Systems, Inc.",46,271.03000000000003,271.0299987792969,1.0000000045039412
QQQ,2024-09-30,ON,ON Semiconductor Corp.,84,72.61,72.61000061035156,0.9999999915941116
QQQ,2024-09-30,AVGO,Broadcom Inc.,4,172.5,172.5,1.0
QQQ,2024-09-30,ISRG,"Intuitive Surgical, Inc.",20,491.27,491.2699890136719,1.0000000223631167
QQQ,2024-09-30,MDB,"MongoDB, Inc.",99,270.35,270.3500061035156,0.9999999774236528
QQQ,2024-09-30,TTD,"Trade Desk, Inc. (The)",65,109.65,109.6500015258789,0.9999999860840959
QQQ,2024-09-30,ZS,"Zscaler, Inc.",92,170.94,170.94000244140625,0.9999999857177594
QQQ,2024-09-30,ADP,"Automatic Data Processing, Inc.",31,276.72999999999996,276.7300109863281,0.9999999602994698
QQQ,2024-09-30,CHTR,"Charter Communications, Inc.",67,324.08,324.0799865722656,1.0000000414333958
QQQ,2024-09-30,BKR,Baker Hughes Co.,81,36.15,36.150001525878906,0.9999999577903501
QQQ,2024-09-30,XEL,Xcel Energy Inc.,79,65.3,65.30000305175781,0.9999999532655793
QQQ,2024-09-30,TMUS,"T-Mobile US, Inc.",13,206.36,206.36000061035156,0.9999999970422973
QQQ,2024-09-30,WBD,"Warner Bros. Discovery, Inc.",98,8.25,8.25,1.0
QQQ,2024-09-30,AMAT,"Applied Materials, Inc.",23,202.05,202.0500030517578,0.9999999848960269
QQQ,2024-09-30,CSX,CSX Corp.,48,34.529999999999994,34.529998779296875,1.0000000353519596
QQQ,2024-09-30,GOOG,Alphabet Inc.,10,167.19,167.19000244140625,0.9999999853974149
QQQ,2024-09-30,PAYX,"Paychex, Inc.",66,134.19,134.19000244140625,0.9999999818063476
QQQ,2024-09-30,NVDA,NVIDIA Corp.,3,121.44,121.44000244140625,0.9999999798961939
QQQ,2024-09-30,MAR,"Marriott International, Inc.",47,248.6,248.60000610351562,0.9999999754484494
QQQ,2024-09-30,PYPL,"PayPal Holdings, Inc.",43,78.03,78.02999877929688,1.0000000156440234
QQQ,2024-09-30,MELI,"MercadoLibre, Inc.",37,2051.96,2051.9599609375,1.0000000190366776
QQQ,2024-09-30,PDD,PDD Holdings Inc.,40,134.81,134.80999755859375,1.0000000181099793
QQQ,2024-09-30,MRNA,"Moderna, Inc.",93,66.83,66.83000183105469,0.9999999726013072
QQQ,2024-09-30,CTAS,Cintas Corp.,41,205.88,205.8800048828125,0.9999999762832117
QQQ,2024-09-30,META,"Meta Platforms, Inc.",5,572.44,572.4400024414062,0.999999995735088
QQQ,2024-09-30,FTNT,"Fortinet, Inc.",55,77.55,77.55000305175781,0.9999999606478698
QQQ,2024-09-30,PEP,"PepsiCo, Inc.",14,170.05,170.0500030517578,0.9999999820537622
QQQ,2024-09-30,MDLZ,"Mondelez International, Inc.",39,73.67,73.66999816894531,1.000000024854822
QQQ,2024-09-30,VRSK,"Verisk Analytics, Inc.",77,267.96,267.9599914550781,1.0000000318887974
QQQ,2024-09-30,AMGN,Amgen Inc.,22,322.21,322.2099914550781,1.0000000265197295
QQQ,2024-09-30,EXC,Exelon Corp.,75,40.55,40.54999923706055,1.0000000188147833
QQQ,2024-09-30,MCHP,Microchip Technology Inc.,69,80.29,80.29000091552734,0.9999999885972434
QQQ,2024-09-30,GFS,GLOBALFOUNDRIES Inc.,96,40.25,40.25,1.0
QQQ,2024-09-30,BKNG,Booking Holdings Inc.,25,4212.12,4212.120056152344,0.9999999866688644
QQQ,2024-09-30,KHC,Kraft Heinz Co. (The),72,35.11,35.11000061035156,0.9999999826160196
QQQ,2024-09-30,ODFL,"Old Dominion Freight Line, Inc.",71,198.64,198.63999938964844,1.0000000030726517
QQQ,2024-09-30,FAST,Fastenal Co.,74,71.42,71.41999816894531,1.0000000256378427
QQQ,2024-09-30,ILMN,"Illumina, Inc.",97,130.41,130.41000366210938,0.9999999719184934
QQQ,2024-09-30,ROP,"Roper Technologies, Inc.",53,556.44,556.4400024414062,0.9999999956124539
QQQ,2024-09-30,AAPL,Apple Inc.,1,233.0,233.0,1.0
QQQ,2024-09-30,CPRT,"Copart, Inc.",63,52.4,52.400001525878906,0.9999999708801743
QQQ,2024-09-30,ADI,"Analog Devices, Inc.",29,230.17,230.1699981689453,1.0000000079552274
QQQ,2024-09-30,DDOG,"Datadog, Inc.",82,115.06,115.05999755859375,1.0000000212185496
QQQ,2024-09-30,CDW,CDW Corp.,87,226.3,226.3000030517578,0.9999999865145481
QQQ,2024-09-30,MNST,Monster Beverage Corp.,61,52.169999999999995,52.16999816894531,1.0000000350978484
QQQ,2024-09-30,CCEP,Coca-Cola Europacific Partners PLC,80,78.75,78.75,1.0
QQQ,2024-09-30,DXCM,"DexCom, Inc.",91,67.04,67.04000091552734,0.9999999863435661
QQQ,2024-09-30,SBUX,Starbucks Corp.,33,97.49,97.48999786376953,1.000000021912304
QQQ,2024-09-30,CEG,Constellation Energy Corp.,42,260.02,260.0199890136719,1.0000000422518598
QQQ,2024-09-30,CRWD,"CrowdStrike Holdings, Inc.",50,280.46999999999997,280.4700012207031,0.9999999956476516
QQQ,2024-09-30,IDXX,"IDEXX Laboratories, Inc.",73,505.22,505.2200012207031,0.9999999975838187
QQQ,2024-09-30,ARM,Arm Holdings PLC,100,143.01,143.00999450683594,1.0000000384110501
QQQ,2024-09-30,INTC,Intel Corp.,38,23.46,23.459999084472656,1.0000000390250374
QQQ,2024-09-30,MSFT,Microsoft Corp.,2,430.2999999999999,430.29998779296875,1.0000000283686532
QQQ,2024-09-30,ORLY,"O'Reilly Automotive, Inc.",49,1151.6,1151.5999603271484,1.0000000344502022
QQQ,2024-09-30,ASML,ASML Holding N.V.,44,833.25,833.25,1.0
QQQ,2024-09-30,MRVL,"Marvell Technology, Inc.",51,72.12,72.12000274658203,0.9999999619165013
QQQ,2024-09-30,NXPI,NXP Semiconductors N.V.,52,240.01,240.00999450683594,1.0000000228872306
QQQ,2024-09-30,AEP,"American Electric Power Co., Inc.",58,102.6,102.5999984741211,1.0000000148721142
QQQ,2024-09-30,QCOM,QUALCOMM Inc.,18,170.05,170.0500030517578,0.9999999820537622
QQQ,2024-09-30,MU,"Micron Technology, Inc.",28,103.71,103.70999908447266,1.0000000088277634
QQQ,2024-09-30,TXN,Texas Instruments Inc.,19,206.57,206.57000732421875,0.9999999645436487
QQQ,2024-09-30,CTSH,Cognizant Technology Solutions Corp.,76,77.18,77.18000030517578,0.9999999960459216
QQQ,2024-09-30,INTU,Intuit Inc.,21,621.0,621.0,1.0
QQQ,2024-12-31,CHTR,"Charter Communications, Inc.",69,342.77,342.7699890136719,1.0000000320516045
QQQ,2024-12-31,CCEP,Coca-Cola Europacific Partners PLC,87,76.81,76.80999755859375,1.0000000317850062
QQQ,2024-12-31,AZN,AstraZeneca PLC,81,65.52,65.5199966430664,1.0000000512352527
QQQ,2024-12-31,TTD,"Trade Desk, Inc. (The)",63,117.53,117.52999877929688,1.0000000103863111
QQQ,2024-12-31,AXON,"Axon Enterprise, Inc.",71,594.32,594.3200073242188,0.9999999876763047
QQQ,2024-12-31,BKR,Baker Hughes Co.,76,41.02,41.02000045776367,0.9999999888404763
QQQ,2024-12-31,MDB,"MongoDB, Inc.",100,232.80999999999997,232.80999755859375,1.0000000104866897
QQQ,2024-12-31,BKNG,Booking Holdings Inc.,23,4968.42,4968.420028686523,0.9999999942262282
QQQ,2024-12-31,ZS,"Zscaler, Inc.",94,180.41,180.41000366210938,0.9999999797011845
QQQ,2024-12-31,FAST,Fastenal Co.,75,71.91,71.91000366210938,0.9999999490737145
QQQ,2024-12-31,AVGO,Broadcom Inc.,5,231.84,231.83999633789062,1.0000000157958482
QQQ,2024-12-31,KDP,Keurig Dr Pepper Inc.,74,32.12,32.119998931884766,1.0000000332539
QQQ,2024-12-31,PDD,PDD Holdings Inc.,53,96.99,96.98999786376953,1.0000000220252656
QQQ,2024-12-31,CPRT,"Copart, Inc.",59,57.39,57.38999938964844,1.0000000106351554
QQQ,2024-12-31,TTWO,"Take-Two Interactive Software, Inc.",89,184.08,184.0800018310547,0.9999999900529408
QQQ,2024-12-31,ROP,"Roper Technologies, Inc.",58,519.85,519.8499755859375,1.0000000469636696
QQQ,2024-12-31,CRWD,"CrowdStrike Holdings, Inc.",43,342.16,342.1600036621094,0.9999999892970852
QQQ,2024-12-31,DDOG,"Datadog, Inc.",73,142.89,142.88999938964844,1.0000000042714785
QQQ,2024-12-31,ADBE,Adobe Inc.,17,444.68,444.67999267578125,1.000000016470763
QQQ,2024-12-31,AMGN,Amgen Inc.,26,260.64,260.6400146484375,0.9999999437982018
QQQ,2024-12-31,ADI,"Analog Devices, Inc.",31,212.46,212.4600067138672,0.9999999683993835
QQQ,2024-12-31,AMAT,"Applied Materials, Inc.",27,162.63000000000002,162.6300048828125,0.9999999699759434
QQQ,2024-12-31,CSX,CSX Corp.,55,32.269999999999996,32.27000045776367,0.9999999858145748
QQQ,2024-12-31,COST,Costco Wholesale Corp.,10,916.27,916.27001953125,0.9999999786839582
QQQ,2024-12-31,CDNS,"Cadence Design Systems, Inc.",42,300.46000000000004,300.4599914550781,1.0000000284394666
QQQ,2024-12-31,AMD,"Advanced Micro Devices, Inc.",16,120.79,120.79000091552734,0.999999992420504
QQQ,2024-12-31,CSCO,"Cisco Systems, Inc.",13,59.2,59.20000076293945,0.9999999871125095
QQQ,2024-12-31,MAR,"Marriott International, Inc.",45,278.94,278.94000244140625,0.9999999912475578
QQQ,2024-12-31,MSTR,MicroStrategy Inc.,62,289.62,289.6199951171875,1.0000000168593763
QQQ,2024-12-31,GILD,"Gilead Sciences, Inc.",30,92.37,92.37000274658203,0.9999999702654331
QQQ,2024-12-31,PCAR,PACCAR Inc.,61,104.02,104.0199966430664,1.0000000322720024
QQQ,2024-12-31,HON,Honeywell International Inc.,24,225.89,225.88999839328005,1.0000000071128423
QQQ,2024-12-31,INTC,Intel Corp.,38,20.05,20.049999237060547,1.0000000380518446
QQQ,2024-12-31,PLTR,Palantir Technologies Inc.,22,75.63000000000001,75.62999725341797,1.0000000363160404
QQQ,2024-12-31,ABNB,"Airbnb, Inc.",57,131.41,131.41000366210938,0.9999999721321873
QQQ,2024-12-31,VRTX,Vertex Pharmaceuticals Inc.,32,402.7000000000001,402.70001220703125,0.9999999696870355
QQQ,2024-12-31,MCHP,Microchip Technology Inc.,90,57.35,57.349998474121094,1.0000000266064333
QQQ,2024-12-31,MU,"Micron Technology, Inc.",36,84.16,84.16000366210938,0.9999999564863449
QQQ,2024-12-31,MSFT,Microsoft Corp.,3,421.5,421.5,1.0
QQQ,2024-12-31,AEP,"American Electric Power Co., Inc.",68,92.23,92.2300033569336,0.9999999636025863
QQQ,2024-12-31,DASH,"DoorDash, Inc.",52,167.75,167.75,1.0
QQQ,2024-12-31,PAYX,"Paychex, Inc.",66,140.22,140.22000122070312,0.9999999912943723
QQQ,2024-12-31,PEP,"PepsiCo, Inc.",14,152.06,152.05999755859375,1.0000000160555458
QQQ,2024-12-31,APP,AppLovin Corp.,34,323.83,323.8299865722656,1.000000041465383
QQQ,2024-12-31,MRVL,"Marvell Technology, Inc.",35,110.45,110.44999694824219,1.000000027630221
QQQ,2024-12-31,VRSK,"Verisk Analytics, Inc.",78,275.43,275.42999267578125,1.0000000265919433
QQQ,2024-12-31,CSGP,"CoStar Group, Inc.",93,71.59,71.58999633789062,1.000000051153926
QQQ,2024-12-31,SBUX,Starbucks Corp.,33,91.25,91.25,1.0
QQQ,2024-12-31,CTSH,Cognizant Technology Solutions Corp.,82,76.89999999999999,76.9000015258789,0.9999999801576218
QQQ,2024-12-31,FTNT,"Fortinet, Inc.",49,94.48,94.4800033569336,0.9999999644693748
QQQ,2024-12-31,TXN,Texas Instruments Inc.,20,187.51,187.50999450683594,1.0000000292953133
QQQ,2024-12-31,ISRG,"Intuitive Surgical, Inc.",18,521.96,521.9600219726562,0.9999999579035649
QQQ,2024-12-31,EXC,Exelon Corp.,83,37.64,37.63999938964844,1.000000016215504
QQQ,2024-12-31,GFS,GLOBALFOUNDRIES Inc.,97,42.91,42.90999984741211,1.0000000035559984
QQQ,2024-12-31,CEG,Constellation Energy Corp.,50,223.71,223.7100067138672,0.9999999699885255
QQQ,2024-12-31,WBD,"Warner Bros. Discovery, Inc.",96,10.57,10.569999694824219,1.0000000288718818
QQQ,2024-12-31,TSLA,"Tesla, Inc.",6,403.84,403.8399963378906,1.0000000090682186
QQQ,2024-12-31,NXPI,NXP Semiconductors N.V.,64,207.85,207.85000610351562,0.999999970634999
QQQ,2024-12-31,TEAM,Atlassian Corp.,77,243.38,243.3800048828125,0.9999999799374952
QQQ,2024-12-31,GEHC,GE HealthCare Technologies Inc.,86,78.18,78.18000030517578,0.9999999960964981
QQQ,2024-12-31,LIN,Linde PLC,15,418.67,418.6700134277344,0.9999999679276425
QQQ,2024-12-31,AAPL,Apple Inc.,1,250.42,250.4199981689453,1.0000000073119346
QQQ,2024-12-31,ARM,Arm Holdings PLC,101,123.36,123.36000061035156,0.9999999950522733
QQQ,2024-12-31,IDXX,"IDEXX Laboratories, Inc.",88,413.44,413.44000244140625,0.9999999940948959
QQQ,2024-12-31,ADP,"Automatic Data Processing, Inc.",29,292.73,292.7300109863281,0.9999999624694166
QQQ,2024-12-31,QCOM,QUALCOMM Inc.,21,153.62,153.6199951171875,1.0000000317850062
QQQ,2024-12-31,CMCSA,Comcast Corp.,25,37.53,37.529998386383056,1.0000000429953908
QQQ,2024-12-31,MELI,"MercadoLibre, Inc.",39,1700.44,1700.43994140625,1.0000000344579945
QQQ,2024-12-31,LRCX,Lam Research Corp.,37,72.23,72.2300033569336,0.9999999535243883
QQQ,2024-12-31,META,"Meta Platforms, Inc.",7,585.5100000000001,585.510009765625,0.9999999833211649
QQQ,2024-12-31,BIIB,Biogen Inc.,99,152.92,152.9199981689453,1.0000000119739387
QQQ,2024-12-31,PANW,"Palo Alto Networks, Inc.",28,181.96,181.9600067138672,0.9999999631025119
QQQ,2024-12-31,MDLZ,"Mondelez International, Inc.",44,59.73,59.72999954223633,1.000000007663882
QQQ,2024-12-31,FANG,"Diamondback Energy, Inc.",70,163.83,163.8300018310547,0.9999999888234471
QQQ,2024-12-31,WDAY,"Workday, Inc.",60,258.03000000000003,258.0299987792969,1.0000000047308575
QQQ,2024-12-31,ROST,"Ross Stores, Inc.",67,151.27,151.27000427246094,0.99999997175606
QQQ,2024-12-31,ASML,ASML Holding N.V.,56,693.0799999999999,693.0800170898438,0.9999999753421778
QQQ,2024-12-31,DXCM,"DexCom, Inc.",91,77.77,77.7699966430664,1.000000043164893
QQQ,2024-12-31,KLAC,KLA Corp.,41,630.12,630.1200103759766,0.9999999835333327
QQQ,2024-12-31,ON,ON Semiconductor Corp.,95,63.05,63.04999923706055,1.0000000121005466
QQQ,2024-12-31,TMUS,"T-Mobile US, Inc.",12,220.73,220.72999572753906,1.0000000193560503
QQQ,2024-12-31,AMZN,"Amazon.com, Inc.",4,219.39,219.38999938964844,1.000000002782039
QQQ,2024-12-31,ADSK,"Autodesk, Inc.",54,295.57,295.57000732421875,0.9999999752200204
QQQ,2024-12-31,CDW,CDW Corp.,98,174.04,174.0399932861328,1.0000000385765768
QQQ,2024-12-31,INTU,Intuit Inc.,19,628.5,628.5,1.0
QQQ,2024-12-31,SNPS,"Synopsys, Inc.",47,485.36,485.3599853515625,1.0000000301805627
QQQ,2024-12-31,XEL,Xcel Energy Inc.,79,67.52,67.5199966430664,1.000000049717621
QQQ,2024-12-31,CTAS,Cintas Corp.,48,182.7,182.6999969482422,1.0000000167036553
QQQ,2024-12-31,NVDA,NVIDIA Corp.,2,134.29,134.2899932861328,1.0000000499952901
QQQ,2024-12-31,ODFL,"Old Dominion Freight Line, Inc.",84,176.4,176.39999389648438,1.0000000346004299
QQQ,2024-12-31,NFLX,"Netflix, Inc.",11,891.3199999999999,891.3200378417969,0.9999999575440971
QQQ,2024-12-31,REGN,"Regeneron Pharmaceuticals, Inc.",46,712.33,712.3300170898438,0.9999999760085307
QQQ,2024-12-31,LULU,Lululemon Athletica Inc.,72,382.41,382.4100036621094,0.9999999904236048
QQQ,2024-12-31,MNST,Monster Beverage Corp.,65,52.56,52.560001373291016,0.9999999738719373
QQQ,2024-12-31,ORLY,"O'Reilly Automotive, Inc.",51,1185.8,1185.7999420166016,1.0000000488981289
QQQ,2024-12-31,KHC,Kraft Heinz Co. (The),85,30.709999999999997,30.709999084472656,1.0000000298120277
QQQ,2024-12-31,PYPL,"PayPal Holdings, Inc.",40,85.35000000000001,85.3499984741211,1.000000017877902
QQQ,2024-12-31,GOOGL,Alphabet Inc.,8,189.3,189.3000030517578,0.9999999838787229
QQQ,2024-12-31,GOOG,Alphabet Inc.,9,190.44,190.44000244140625,0.9999999871801816
QQQ,2025-03-31,AZN,AstraZeneca PLC,73,73.5,73.5,1.0
QQQ,2025-03-31,TTWO,"Take-Two Interactive Software, Inc.",82,207.25,207.25,1.0
QQQ,2025-03-31,ADBE,Adobe Inc.,21,383.53,383.5299987792969,1.00000000318281
QQQ,2025-03-31,DASH,"DoorDash, Inc.",46,182.77,182.77000427246094,0.9999999766238397
QQQ,2025-03-31,CSCO,"Cisco Systems, Inc.",13,61.71,61.709999084472656,1.0000000148359642
QQQ,2025-03-31,KLAC,KLA Corp.,38,679.8000000000001,679.8000335693359,0.9999999506188082
QQQ,2025-03-31,HON,Honeywell International Inc.,27,211.75,211.75000346404266,0.9999999836408849
QQQ,2025-03-31,NFLX,"Netflix, Inc.",8,932.53,932.5299835205078,1.0000000176718093
QQQ,2025-03-31,ROST,"Ross Stores, Inc.",74,127.79,127.79000091552734,0.9999999928356887
QQQ,2025-03-31,TEAM,Atlassian Corp.,85,212.21,212.2100067138672,0.9999999683621555
QQQ,2025-03-31,VRTX,Vertex Pharmaceuticals Inc.,28,484.82,484.82000732421875,0.9999999848929115
QQQ,2025-03-31,TSLA,"Tesla, Inc.",9,259.16,259.1600036621094,0.9999999858693113
QQQ,2025-03-31,SNPS,"Synopsys, Inc.",50,428.85,428.8500061035156,0.9999999857677148
QQQ,2025-03-31,GEHC,GE HealthCare Technologies Inc.,81,80.71000000000001,80.70999908447266,1.000000011343419
QQQ,2025-03-31,REGN,"Regeneron Pharmaceuticals, Inc.",49,634.23,634.22998046875,1.0000000307952173
QQQ,2025-03-31,APP,AppLovin Corp.,43,264.96999999999997,264.9700012207031,0.9999999953930515
QQQ,2025-03-31,COST,Costco Wholesale Corp.,7,945.78,945.780029296875,0.9999999690235847
QQQ,2025-03-31,ABNB,"Airbnb, Inc.",64,119.46,119.45999908447266,1.000000007663882
QQQ,2025-03-31,GILD,"Gilead Sciences, Inc.",25,112.05,112.05000305175781,0.9999999727643218
QQQ,2025-03-31,FANG,"Diamondback Energy, Inc.",69,159.88,159.8800048828125,0.9999999694595174
QQQ,2025-03-31,LIN,Linde PLC,14,465.64,465.6400146484375,0.9999999685412828
QQQ,2025-03-31,GOOGL,Alphabet Inc.,10,154.64,154.63999938964844,1.000000003946919
QQQ,2025-03-31,AMZN,"Amazon.com, Inc.",4,190.26,190.25999450683594,1.0000000288718818
QQQ,2025-03-31,PANW,"Palo Alto Networks, Inc.",31,170.64,170.63999938964844,1.0000000035768375
QQQ,2025-03-31,PCAR,PACCAR Inc.,65,97.37,97.37000274658203,0.9999999717923185
QQQ,2025-03-31,LULU,Lululemon Athletica Inc.,87,283.06,283.05999755859375,1.0000000086250487
QQQ,2025-03-31,AMD,"Advanced Micro Devices, Inc.",22,102.74,102.73999786376953,1.000000020792588
QQQ,2025-03-31,CMCSA,Comcast Corp.,26,36.9,36.9000001411438,0.9999999961749647
QQQ,2025-03-31,ADSK,"Autodesk, Inc.",58,261.79999999999995,261.79998779296875,1.0000000466273178
QQQ,2025-03-31,KDP,Keurig Dr Pepper Inc.,68,34.22,34.220001220703125,0.9999999643277884
QQQ,2025-03-31,WDAY,"Workday, Inc.",66,233.53,233.52999877929688,1.0000000052271791
QQQ,2025-03-31,BIIB,Biogen Inc.,98,136.84,136.83999633789062,1.000000026761981
QQQ,2025-03-31,CSGP,"CoStar Group, Inc.",88,79.23,79.2300033569336,0.9999999576305257
QQQ,2025-03-31,CDNS,"Cadence Design Systems, Inc.",47,254.33,254.3300018310547,0.9999999928004771
QQQ,2025-03-31,ON,ON Semiconductor Corp.,99,40.690000000000005,40.689998626708984,1.0000000337500876
QQQ,2025-03-31,AVGO,Broadcom Inc.,5,167.42999999999998,167.42999267578125,1.0000000437449623
QQQ,2025-03-31,ISRG,"Intuitive Surgical, Inc.",17,495.27,495.2699890136719,1.0000000221825032
QQQ,2025-03-31,MDB,"MongoDB, Inc.",101,175.4,175.39999389648438,1.0000000347976958
QQQ,2025-03-31,TTD,"Trade Desk, Inc. (The)",95,54.72,54.720001220703125,0.9999999776918294
QQQ,2025-03-31,ZS,"Zscaler, Inc.",90,198.42,198.4199981689453,1.000000009228176
QQQ,2025-03-31,ADP,"Automatic Data Processing, Inc.",29,305.53,305.5299987792969,1.0000000039953625
QQQ,2025-03-31,LRCX,Lam Research Corp.,37,72.7,72.69999694824219,1.0000000419774133
QQQ,2025-03-31,CHTR,"Charter Communications, Inc.",63,368.53,368.5299987792969,1.0000000033123575
QQQ,2025-03-31,BKR,Baker Hughes Co.,72,43.95,43.95000076293945,0.9999999826407409
QQQ,2025-03-31,XEL,Xcel Energy Inc.,76,70.79,70.79000091552734,0.9999999870669964
QQQ,2025-03-31,TMUS,"T-Mobile US, Inc.",12,266.71,266.7099914550781,1.0000000320382518
QQQ,2025-03-31,WBD,"Warner Bros. Discovery, Inc.",93,10.73,10.729999542236328,1.0000000426620403
QQQ,2025-03-31,AMAT,"Applied Materials, Inc.",30,145.12,145.1199951171875,1.0000000336467245
QQQ,2025-03-31,CSX,CSX Corp.,59,29.430000000000003,29.43000030517578,0.9999999896304528
QQQ,2025-03-31,GOOG,Alphabet Inc.,11,156.23,156.22999572753906,1.0000000273472511
QQQ,2025-03-31,PAYX,"Paychex, Inc.",60,154.28,154.27999877929688,1.0000000079122577
QQQ,2025-03-31,NVDA,NVIDIA Corp.,3,108.38,108.37999725341797,1.0000000253421488
QQQ,2025-03-31,MAR,"Marriott International, Inc.",51,238.2,238.1999969482422,1.0000000128117457
QQQ,2025-03-31,PYPL,"PayPal Holdings, Inc.",52,65.25,65.25,1.0
QQQ,2025-03-31,MELI,"MercadoLibre, Inc.",34,1950.87,1950.8699951171875,1.0000000025028897
QQQ,2025-03-31,PDD,PDD Holdings Inc.,44,118.35,118.3499984741211,1.0000000128929356
QQQ,2025-03-31,CTAS,Cintas Corp.,40,205.53,205.52999877929688,1.0000000059392942
QQQ,2025-03-31,META,"Meta Platforms, Inc.",6,576.36,576.3599853515625,1.000000025415431
QQQ,2025-03-31,FTNT,"Fortinet, Inc.",45,96.26,96.26000213623047,0.999999977807704
QQQ,2025-03-31,PEP,"PepsiCo, Inc.",15,149.94,149.94000244140625,0.9999999837174456
QQQ,2025-03-31,MDLZ,"Mondelez International, Inc.",39,67.85,67.8499984741211,1.0000000224890042
QQQ,2025-03-31,VRSK,"Verisk Analytics, Inc.",75,297.62,297.6199951171875,1.0000000164061977
QQQ,2025-03-31,AMGN,Amgen Inc.,20,311.55,311.54998779296875,1.0000000391816137
QQQ,2025-03-31,EXC,Exelon Corp.,70,46.08,46.08000183105469,0.9999999602635717
QQQ,2025-03-31,MCHP,Microchip Technology Inc.,94,48.41,48.40999984741211,1.0000000031519911
QQQ,2025-03-31,PLTR,Palantir Technologies Inc.,16,84.4,84.4000015258789,0.9999999819208665
QQQ,2025-03-31,GFS,GLOBALFOUNDRIES Inc.,97,36.91,36.90999984741211,1.0000000041340529
QQQ,2025-03-31,BKNG,Booking Holdings Inc.,24,4606.91,4606.909942626953,1.000000012453694
QQQ,2025-03-31,KHC,Kraft Heinz Co. (The),83,30.43,30.43000030517578,0.9999999899712199
QQQ,2025-03-31,ODFL,"Old Dominion Freight Line, Inc.",84,165.45,165.4499969482422,1.0000000184451971
QQQ,2025-03-31,FAST,Fastenal Co.,71,77.55,77.55000305175781,0.9999999606478698
QQQ,2025-03-31,ROP,"Roper Technologies, Inc.",53,589.5799999999999,589.5800170898438,0.9999999710135294
QQQ,2025-03-31,AAPL,Apple Inc.,1,222.13,222.1300048828125,0.9999999780182218
QQQ,2025-03-31,CPRT,"Copart, Inc.",61,56.59,56.59000015258789,0.9999999973036245
QQQ,2025-03-31,ADI,"Analog Devices, Inc.",33,201.67,201.6699981689453,1.00000000907946
QQQ,2025-03-31,DDOG,"Datadog, Inc.",89,99.21,99.20999908447266,1.000000009228176
QQQ,2025-03-31,CDW,CDW Corp.,96,160.26,160.25999450683594,1.0000000342765771
QQQ,2025-03-31,MNST,Monster Beverage Corp.,57,58.52,58.52000045776367,0.9999999921776543
QQQ,2025-03-31,CCEP,Coca-Cola Europacific Partners PLC,78,87.03,87.02999877929688,1.000000014026234
QQQ,2025-03-31,DXCM,"DexCom, Inc.",92,68.29,68.29000091552734,0.9999999865935375
QQQ,2025-03-31,SBUX,Starbucks Corp.,32,98.09,98.08999633789062,1.000000037334178
QQQ,2025-03-31,CEG,Constellation Energy Corp.,54,201.63,201.6300048828125,0.9999999757833041
QQQ,2025-03-31,CRWD,"CrowdStrike Holdings, Inc.",41,352.58,352.5799865722656,1.0000000380842216
QQQ,2025-03-31,IDXX,"IDEXX Laboratories, Inc.",86,419.95,419.95001220703125,0.9999999709321803
QQQ,2025-03-31,ARM,ARM Holdings PLC,100,106.79,106.79000091552734,0.999999991426844
QQQ,2025-03-31,INTC,Intel Corp.,35,22.709999999999997,22.709999084472656,1.0000000403138432
QQQ,2025-03-31,MSFT,Microsoft Corp.,2,375.39,375.3900146484375,0.9999999609780843
QQQ,2025-03-31,MSTR,MicroStrategy Inc.,48,288.27,288.2699890136719,1.0000000381112448
QQQ,2025-03-31,ORLY,"O'Reilly Automotive, Inc.",42,1432.58,1432.5799942016602,1.0000000040474806
QQQ,2025-03-31,ASML,ASML Holding N.V.,55,662.63,662.6300048828125,0.999999992631163
QQQ,2025-03-31,AXON,"Axon Enterprise, Inc.",77,525.95,525.9500122070312,0.9999999767905107
QQQ,2025-03-31,MRVL,"Marvell Technology, Inc.",62,61.57,61.56999969482422,1.0000000049565663
QQQ,2025-03-31,NXPI,NXP Semiconductors N.V.,67,190.06,190.05999755859375,1.0000000128454503
QQQ,2025-03-31,AEP,"American Electric Power Co., Inc.",56,109.27,109.2699966430664,1.0000000307214578
QQQ,2025-03-31,QCOM,QUALCOMM Inc.,19,153.61,153.61000061035156,0.9999999960266158
QQQ,2025-03-31,MU,"Micron Technology, Inc.",36,86.89,86.88999938964844,1.0000000070244166
QQQ,2025-03-31,TXN,Texas Instruments Inc.,23,179.70000000000002,179.6999969482422,1.0000000169825147
QQQ,2025-03-31,CTSH,Cognizant Technology Solutions Corp.,79,76.5,76.5,1.0
QQQ,2025-03-31,INTU,Intuit Inc.,18,613.99,613.989990234375,1.000000015905186
QQQ,2025-06-30,AZN,AstraZeneca PLC,80,69.88,69.87999725341797,1.0000000393042663
QQQ,2025-06-30,TTWO,"Take-Two Interactive Software, Inc.",73,242.85,242.85000610351562,0.9999999748671382
QQQ,2025-06-30,ADBE,Adobe Inc.,23,386.88,386.8800048828125,0.9999999873790001
QQQ,2025-06-30,DASH,"DoorDash, Inc.",43,246.51,246.50999450683594,1.0000000222837377
QQQ,2025-06-30,CSCO,"Cisco Systems, Inc.",13,69.38,69.37999725341797,1.00000003958752
QQQ,2025-06-30,KLAC,KLA Corp.,36,895.74,895.7399749755859,1.000000027937141
QQQ,2025-06-30,HON,Honeywell International Inc.,25,232.88,232.87999484946442,1.000000022116694
QQQ,2025-06-30,NFLX,"Netflix, Inc.",7,1339.13,1339.1299438476562,1.0000000419319606
QQQ,2025-06-30,ROST,"Ross Stores, Inc.",79,127.58,127.58000183105469,0.9999999856477922
QQQ,2025-06-30,TEAM,Atlassian Corp.,91,203.09,203.08999633789062,1.0000000180319535
QQQ,2025-06-30,VRTX,Vertex Pharmaceuticals Inc.,38,445.2000000000001,445.20001220703125,0.9999999725807933
QQQ,2025-06-30,TSLA,"Tesla, Inc.",8,317.66,317.6600036621094,0.9999999884716071
QQQ,2025-06-30,SNPS,"Synopsys, Inc.",49,512.6800000000001,512.6799926757812,1.0000000142861414
QQQ,2025-06-30,GEHC,GE HealthCare Technologies Inc.,90,74.07000000000001,74.06999969482422,1.0000000041200998
QQQ,2025-06-30,REGN,"Regeneron Pharmaceuticals, Inc.",63,525.0,525.0,1.0
QQQ,2025-06-30,APP,AppLovin Corp.,39,350.08000000000004,350.0799865722656,1.0000000383561898
QQQ,2025-06-30,COST,Costco Wholesale Corp.,9,989.94,989.9400024414062,0.9999999975337837
QQQ,2025-06-30,ABNB,"Airbnb, Inc.",62,132.34,132.33999633789062,1.0000000276719774
QQQ,2025-06-30,GILD,"Gilead Sciences, Inc.",28,110.87,110.87000274658203,0.999999975227005
QQQ,2025-06-30,FANG,"Diamondback Energy, Inc.",81,137.4,137.39999389648438,1.0000000444215131
QQQ,2025-06-30,LIN,Linde PLC,16,469.18,469.17999267578125,1.00000001561068
QQQ,2025-06-30,GOOGL,Alphabet Inc.,10,176.23,176.22999572753906,1.0000000242436646
QQQ,2025-06-30,AMZN,"Amazon.com, Inc.",4,219.39,219.38999938964844,1.000000002782039
QQQ,2025-06-30,PANW,"Palo Alto Networks, Inc.",30,204.64,204.63999938964844,1.0000000029825622
QQQ,2025-06-30,PCAR,PACCAR Inc.,68,95.06,95.05999755859375,1.0000000256827932
QQQ,2025-06-30,LULU,Lululemon Athletica Inc.,96,237.58,237.5800018310547,0.9999999922928923
QQQ,2025-06-30,AMD,"Advanced Micro Devices, Inc.",15,141.9,141.89999389648438,1.000000043012797
QQQ,2025-06-30,CMCSA,Comcast Corp.,31,35.69,35.68999892425537,1.0000000301413465
QQQ,2025-06-30,ADSK,"Autodesk, Inc.",56,309.57,309.57000732421875,0.9999999763406706
QQQ,2025-06-30,KDP,Keurig Dr Pepper Inc.,72,33.06,33.060001373291016,0.9999999584606486
QQQ,2025-06-30,WDAY,"Workday, Inc.",67,240.0,240.0,1.0
QQQ,2025-06-30,BIIB,Biogen Inc.,101,125.59,125.58999633789062,1.0000000291592444
QQQ,2025-06-30,CSGP,"CoStar Group, Inc.",89,80.4,80.4000015258789,0.9999999810214071
QQQ,2025-06-30,CDNS,"Cadence Design Systems, Inc.",47,308.15,308.1499938964844,1.0000000198069632
QQQ,2025-06-30,ON,ON Semiconductor Corp.,98,52.41,52.40999984741211,1.0000000029114269
QQQ,2025-06-30,AVGO,Broadcom Inc.,5,275.65,275.6499938964844,1.0000000221422665
QQQ,2025-06-30,ISRG,"Intuitive Surgical, Inc.",18,543.41,543.4099731445312,1.000000049420272
QQQ,2025-06-30,TTD,"Trade Desk, Inc. (The)",92,71.99,71.98999786376953,1.0000000296739897
QQQ,2025-06-30,ZS,"Zscaler, Inc.",69,313.94,313.94000244140625,0.9999999922233349
QQQ,2025-06-30,ADP,"Automatic Data Processing, Inc.",34,308.40000000000003,308.3999938964844,1.0000000197909071
QQQ,2025-06-30,LRCX,Lam Research Corp.,35,97.34,97.33999633789062,1.000000037621836
QQQ,2025-06-30,CHTR,"Charter Communications, Inc.",61,408.81,408.80999755859375,1.0000000059719827
QQQ,2025-06-30,BKR,Baker Hughes Co.,85,38.34,38.34000015258789,0.9999999960201386
QQQ,2025-06-30,XEL,Xcel Energy Inc.,83,68.1,68.0999984741211,1.0000000224064454
QQQ,2025-06-30,TMUS,"T-Mobile US, Inc.",14,238.26,238.25999450683594,1.0000000230553352
QQQ,2025-06-30,WBD,"Warner Bros. Discovery, Inc.",95,11.46,11.460000038146973,0.9999999966712939
QQQ,2025-06-30,AMAT,"Applied Materials, Inc.",26,183.07,183.07000732421875,0.9999999599922518
QQQ,2025-06-30,CSX,CSX Corp.,58,32.63,32.630001068115234,0.9999999672658536
QQQ,2025-06-30,GOOG,Alphabet Inc.,11,177.39,177.38999938964844,1.0000000034407326
QQQ,2025-06-30,PAYX,"Paychex, Inc.",66,145.45999999999998,145.4600067138672,0.999999953843896
QQQ,2025-06-30,NVDA,NVIDIA Corp.,1,157.99,157.99000549316406,0.9999999652309396
QQQ,2025-06-30,MAR,"Marriott International, Inc.",51,273.21,273.2099914550781,1.0000000312760227
QQQ,2025-06-30,PYPL,"PayPal Holdings, Inc.",52,74.32000000000001,74.31999969482422,1.0000000041062405
QQQ,2025-06-30,MELI,"MercadoLibre, Inc.",32,2613.63,2613.6298828125,1.0000000448370678
QQQ,2025-06-30,SHOP,Shopify Inc.,27,115.35,115.3499984741211,1.0000000132282525
QQQ,2025-06-30,PDD,PDD Holdings Inc.,54,104.66,104.66000366210938,0.9999999650094664
QQQ,2025-06-30,CTAS,Cintas Corp.,45,222.87,222.8699951171875,1.0000000219087926
QQQ,2025-06-30,META,"Meta Platforms, Inc.",6,738.0899999999999,738.0900268554688,0.9999999636149144
QQQ,2025-06-30,FTNT,"Fortinet, Inc.",48,105.72,105.72000122070312,0.9999999884534325
QQQ,2025-06-30,PEP,"PepsiCo, Inc.",21,132.04,132.0399932861328,1.0000000508472244
QQQ,2025-06-30,MDLZ,"Mondelez International, Inc.",46,67.44,67.44000244140625,0.999999963798841
QQQ,2025-06-30,VRSK,"Verisk Analytics, Inc.",75,311.5,311.5,1.0
QQQ,2025-06-30,AMGN,Amgen Inc.,24,279.21000000000004,279.2099914550781,1.000000030603926
QQQ,2025-06-30,EXC,Exelon Corp.,74,43.42,43.41999816894531,1.0000000421707684
QQQ,2025-06-30,MCHP,Microchip Technology Inc.,86,70.37,70.37000274658203,0.9999999609694199
QQQ,2025-06-30,PLTR,Palantir Technologies Inc.,12,136.32,136.32000732421875,0.9999999462718724
QQQ,2025-06-30,GFS,GLOBALFOUNDRIES Inc.,100,38.2,38.20000076293945,0.9999999800277635
QQQ,2025-06-30,BKNG,Booking Holdings Inc.,20,5789.24,5789.239883422852,1.0000000201368662
QQQ,2025-06-30,KHC,Kraft Heinz Co. (The),94,25.819999999999997,25.81999969482422,1.0000000118193564
QQQ,2025-06-30,ODFL,"Old Dominion Freight Line, Inc.",87,162.3,162.3000030517578,0.99999998119681
QQQ,2025-06-30,FAST,Fastenal Co.,70,42.0,42.0,1.0
QQQ,2025-06-30,ROP,"Roper Technologies, Inc.",60,566.84,566.8400268554688,0.9999999526224905
QQQ,2025-06-30,AAPL,Apple Inc.,3,205.17,205.1699981689453,1.0000000089245733
QQQ,2025-06-30,CPRT,"Copart, Inc.",71,49.07,49.06999969482422,1.0000000062191927
QQQ,2025-06-30,ADI,"Analog Devices, Inc.",37,238.02,238.02000427246094,0.9999999820499922
QQQ,2025-06-30,DDOG,"Datadog, Inc.",77,134.33,134.3300018310547,0.999999986368982
QQQ,2025-06-30,CDW,CDW Corp.,97,178.59,178.58999633789062,1.0000000205056803
QQQ,2025-06-30,MNST,Monster Beverage Corp.,59,62.64000000000001,62.63999938964844,1.000000009743799
QQQ,2025-06-30,CCEP,Coca-Cola Europacific Partners PLC,78,92.72,92.72000122070312,0.9999999868345221
QQQ,2025-06-30,DXCM,"DexCom, Inc.",88,87.29,87.29000091552734,0.9999999895116585
QQQ,2025-06-30,SBUX,Starbucks Corp.,40,91.63,91.62999725341797,1.0000000299747038
QQQ,2025-06-30,CEG,Constellation Energy Corp.,42,322.76,322.760009765625,0.9999999697433861
QQQ,2025-06-30,CRWD,"CrowdStrike Holdings, Inc.",33,509.31,509.30999755859375,1.0000000047935564
QQQ,2025-06-30,IDXX,"IDEXX Laboratories, Inc.",76,536.3399999999999,536.3400268554688,0.9999999499282778
QQQ,2025-06-30,ARM,ARM Holdings PLC,99,161.74,161.74000549316406,0.9999999660370726
QQQ,2025-06-30,INTC,Intel Corp.,44,22.4,22.399999618530273,1.0000000170298988
QQQ,2025-06-30,MSFT,Microsoft Corp.,2,497.41,497.4100036621094,0.9999999926376444
QQQ,2025-06-30,MSTR,MicroStrategy Inc.,41,404.23,404.2300109863281,0.9999999728215921
QQQ,2025-06-30,ORLY,"O'Reilly Automotive, Inc.",50,90.13,90.12999725341797,1.0000000304735617
QQQ,2025-06-30,ASML,ASML Holding N.V.,53,801.39,801.3900146484375,0.9999999817212128
QQQ,2025-06-30,AXON,"Axon Enterprise, Inc.",57,827.9399999999999,827.9400024414062,0.999999997051228
QQQ,2025-06-30,MRVL,"Marvell Technology, Inc.",55,77.4,77.4000015258789,0.9999999802858027
QQQ,2025-06-30,NXPI,NXP Semiconductors N.V.,65,218.49,218.49000549316406,0.9999999748585111
QQQ,2025-06-30,AEP,"American Electric Power Co., Inc.",64,103.76,103.76000213623047,0.9999999794118117
QQQ,2025-06-30,QCOM,QUALCOMM Inc.,22,159.26,159.25999450683594,1.0000000344918012
QQQ,2025-06-30,MU,"Micron Technology, Inc.",29,123.25,123.25,1.0
QQQ,2025-06-30,TXN,Texas Instruments Inc.,19,207.62,207.6199951171875,1.0000000235180262
QQQ,2025-06-30,CTSH,Cognizant Technology Solutions Corp.,84,78.03,78.02999877929688,1.0000000156440234
QQQ,2025-06-30,INTU,Intuit Inc.,17,787.63,787.6300048828125,0.9999999938006265
QQQ,2025-09-30,AZN,AstraZeneca PLC,80,76.72,76.72000122070312,0.9999999840888542
QQQ,2025-09-30,TTWO,"Take-Two Interactive Software, Inc.",75,258.36,258.3599853515625,1.0000000566977796
QQQ,2025-09-30,ADBE,Adobe Inc.,29,352.75,352.75,1.0
QQQ,2025-09-30,DASH,"DoorDash, Inc.",40,271.99,271.989990234375,1.0000000359043544
QQQ,2025-09-30,CSCO,"Cisco Systems, Inc.",13,68.42,68.41999816894531,1.000000026761981
QQQ,2025-09-30,KLAC,KLA Corp.,31,1078.6,1078.6000061035156,0.9999999943412612
QQQ,2025-09-30,HON,Honeywell International Inc.,34,210.5,210.49999639043426,1.000000017147581
QQQ,2025-09-30,NFLX,"Netflix, Inc.",10,1198.92,1198.9199829101562,1.0000000142543657
QQQ,2025-09-30,ROST,"Ross Stores, Inc.",71,152.39,152.38999938964844,1.0000000040051942
QQQ,2025-09-30,TEAM,Atlassian Corp.,93,159.70000000000002,159.6999969482422,1.0000000191093168
QQQ,2025-09-30,VRTX,Vertex Pharmaceuticals Inc.,42,391.64,391.6400146484375,0.9999999625971888
QQQ,2025-09-30,TSLA,"Tesla, Inc.",6,444.72,444.7200012207031,0.9999999972551199
QQQ,2025-09-30,SNPS,"Synopsys, Inc.",46,493.39,493.3900146484375,0.9999999703106324
QQQ,2025-09-30,GEHC,GE HealthCare Technologies Inc.,89,75.10000000000001,75.0999984741211,1.000000020317962
QQQ,2025-09-30,REGN,"Regeneron Pharmaceuticals, Inc.",61,562.27,562.27001953125,0.9999999652635756
QQQ,2025-09-30,APP,AppLovin Corp.,17,718.5400000000001,718.5399780273438,1.0000000305795878
QQQ,2025-09-30,COST,Costco Wholesale Corp.,12,925.63,925.6300048828125,0.9999999947248766
QQQ,2025-09-30,ABNB,"Airbnb, Inc.",67,121.42,121.41999816894531,1.0000000150803385
QQQ,2025-09-30,GILD,"Gilead Sciences, Inc.",32,111.0,111.0,1.0
QQQ,2025-09-30,FANG,"Diamondback Energy, Inc.",83,143.1,143.10000610351562,0.9999999573479009
QQQ,2025-09-30,LIN,Linde PLC,16,475.0,475.0,1.0
QQQ,2025-09-30,GOOGL,Alphabet Inc.,8,243.1,243.10000610351562,0.9999999748929844
QQQ,2025-09-30,AMZN,"Amazon.com, Inc.",5,219.57,219.57000732421875,0.9999999666428997
QQQ,2025-09-30,PANW,"Palo Alto Networks, Inc.",33,203.62,203.6199951171875,1.0000000239800246
QQQ,2025-09-30,PCAR,PACCAR Inc.,68,98.32,98.31999969482422,1.0000000031039034
QQQ,2025-09-30,LULU,Lululemon Athletica Inc.,98,177.92999999999998,177.92999267578125,1.0000000411634857
QQQ,2025-09-30,AMD,"Advanced Micro Devices, Inc.",15,161.79,161.7899932861328,1.0000000414974193
QQQ,2025-09-30,CMCSA,Comcast Corp.,39,31.42,31.420000415802,0.9999999867663274
QQQ,2025-09-30,ADSK,"Autodesk, Inc.",55,317.67,317.6700134277344,0.9999999577305575
QQQ,2025-09-30,KDP,Keurig Dr Pepper Inc.,88,25.51,25.510000228881836,0.9999999910277604
QQQ,2025-09-30,WDAY,"Workday, Inc.",66,240.73,240.72999572753906,1.0000000177479376
QQQ,2025-09-30,BIIB,Biogen Inc.,97,140.08,140.0800018310547,0.9999999869285077
QQQ,2025-09-30,CSGP,"CoStar Group, Inc.",85,84.36999999999999,84.37000274658203,0.9999999674459885
QQQ,2025-09-30,CDNS,"Cadence Design Systems, Inc.",44,351.26,351.260009765625,0.9999999721983012
QQQ,2025-09-30,ON,ON Semiconductor Corp.,99,49.31,49.310001373291016,0.9999999721498484
QQQ,2025-09-30,AVGO,Broadcom Inc.,4,329.90999999999997,329.9100036621094,0.9999999888996716
QQQ,2025-09-30,ISRG,"Intuitive Surgical, Inc.",27,447.23,447.2300109863281,0.9999999754347252
QQQ,2025-09-30,TTD,"Trade Desk, Inc. (The)",95,49.01,49.0099983215332,1.0000000342474362
QQQ,2025-09-30,ZS,"Zscaler, Inc.",76,299.65999999999997,299.6600036621094,0.9999999877791185
QQQ,2025-09-30,ADP,"Automatic Data Processing, Inc.",37,293.5,293.5,1.0
QQQ,2025-09-30,LRCX,Lam Research Corp.,24,133.9,133.89999389648438,1.000000045582643
QQQ,2025-09-30,CHTR,"Charter Communications, Inc.",84,275.10500000176967,275.1099853515625,0.9999818787028524
QQQ,2025-09-30,BKR,Baker Hughes Co.,73,48.72,48.720001220703125,0.9999999749445178
QQQ,2025-09-30,XEL,Xcel Energy Inc.,74,80.64999999999999,80.6500015258789,0.999999981080237
QQQ,2025-09-30,TMUS,"T-Mobile US, Inc.",14,239.38,239.3800048828125,0.9999999796022542
QQQ,2025-09-30,WBD,"Warner Bros. Discovery, Inc.",72,19.53,19.530000686645508,0.9999999648415011
QQQ,2025-09-30,AMAT,"Applied Materials, Inc.",26,204.74,204.74000549316406,0.9999999731700503
QQQ,2025-09-30,CSX,CSX Corp.,56,35.51,35.5099983215332,1.0000000472674422
QQQ,2025-09-30,GOOG,Alphabet Inc.,9,243.55,243.5500030517578,0.9999999874696869
QQQ,2025-09-30,PAYX,"Paychex, Inc.",78,126.76,126.76000213623047,0.9999999831474407
QQQ,2025-09-30,NVDA,NVIDIA Corp.,1,186.58,186.5800018310547,0.9999999901862222
QQQ,2025-09-30,MAR,"Marriott International, Inc.",53,260.44,260.44000244140625,0.99999999062584
QQQ,2025-09-30,PYPL,"PayPal Holdings, Inc.",59,67.06,67.05999755859375,1.000000036406298
QQQ,2025-09-30,MELI,"MercadoLibre, Inc.",38,2336.94,2336.93994140625,1.0000000250728522
QQQ,2025-09-30,SHOP,Shopify Inc.,21,148.61,148.61000061035156,0.9999999958929309
QQQ,2025-09-30,PDD,PDD Holdings Inc.,47,132.17000000000002,132.1699981689453,1.0000000138537848
QQQ,2025-09-30,CTAS,Cintas Corp.,49,205.26,205.25999450683594,1.0000000267619809
QQQ,2025-09-30,TRI,Thomson Reuters Corp.,54,155.32999999999998,155.3300018310547,0.9999999882118413
QQQ,2025-09-30,META,"Meta Platforms, Inc.",7,734.38,734.3800048828125,0.9999999933511091
QQQ,2025-09-30,FTNT,"Fortinet, Inc.",58,84.08,84.08000183105469,0.9999999782224709
QQQ,2025-09-30,PEP,"PepsiCo, Inc.",18,140.44,140.44000244140625,0.9999999826160196
QQQ,2025-09-30,MDLZ,"Mondelez International, Inc.",51,62.47,62.470001220703125,0.9999999804593709
QQQ,2025-09-30,VRSK,"Verisk Analytics, Inc.",86,251.51,251.50999450683594,1.0000000218407386
QQQ,2025-09-30,AMGN,Amgen Inc.,28,282.20000000000005,282.20001220703125,0.9999999567433356
QQQ,2025-09-30,EXC,Exelon Corp.,79,45.01,45.0099983215332,1.0000000372909765
QQQ,2025-09-30,MCHP,Microchip Technology Inc.,87,64.22,64.22000122070312,0.9999999809918545
QQQ,2025-09-30,PLTR,Palantir Technologies Inc.,11,182.42,182.4199981689453,1.0000000100375763
QQQ,2025-09-30,GFS,GLOBALFOUNDRIES Inc.,100,35.84,35.84000015258789,0.9999999957425255
QQQ,2025-09-30,BKNG,Booking Holdings Inc.,23,5399.27,5399.269866943359,1.0000000246434508
QQQ,2025-09-30,KHC,Kraft Heinz Co. (The),91,26.04,26.040000915527344,0.9999999648415011
QQQ,2025-09-30,ODFL,"Old Dominion Freight Line, Inc.",92,140.78,140.77999877929688,1.0000000086709984
QQQ,2025-09-30,FAST,Fastenal Co.,64,49.04,49.040000915527344,0.9999999813310089
QQQ,2025-09-30,ROP,"Roper Technologies, Inc.",65,498.69,498.69000244140625,0.999999995104361
QQQ,2025-09-30,AAPL,Apple Inc.,3,254.63,254.6300048828125,0.9999999808238919
QQQ,2025-09-30,CPRT,"Copart, Inc.",81,44.97,44.970001220703125,0.9999999728551681
QQQ,2025-09-30,ADI,"Analog Devices, Inc.",36,245.7,245.6999969482422,1.0000000124206667
QQQ,2025-09-30,DDOG,"Datadog, Inc.",77,142.4,142.39999389648438,1.0000000428617688
QQQ,2025-09-30,CDW,CDW Corp.,96,159.28,159.27999877929688,1.000000007663882
QQQ,2025-09-30,MNST,Monster Beverage Corp.,57,67.31,67.30999755859375,1.0000000362710793
QQQ,2025-09-30,CCEP,Coca-Cola Europacific Partners PLC,82,90.41,90.41000366210938,0.9999999594944229
QQQ,2025-09-30,DXCM,"DexCom, Inc.",94,67.29,67.29000091552734,0.9999999863943034
QQQ,2025-09-30,SBUX,Starbucks Corp.,43,84.6,84.5999984741211,1.000000018036394
QQQ,2025-09-30,CEG,Constellation Energy Corp.,41,329.07,329.07000732421875,0.999999977742673
QQQ,2025-09-30,CRWD,"CrowdStrike Holdings, Inc.",35,490.38,490.3800048828125,0.9999999900427985
QQQ,2025-09-30,IDXX,"IDEXX Laboratories, Inc.",69,638.89,638.8900146484375,0.9999999770720512
QQQ,2025-09-30,ARM,ARM Holdings PLC,101,141.49,141.49000549316406,0.9999999611763104
QQQ,2025-09-30,INTC,Intel Corp.,30,33.55,33.54999923706055,1.0000000227403716
QQQ,2025-09-30,MSFT,Microsoft Corp.,2,517.95,517.9500122070312,0.9999999764320283
QQQ,2025-09-30,MSTR,Strategy Inc.,48,322.21,322.2099914550781,1.0000000265197295
QQQ,2025-09-30,ORLY,"O'Reilly Automotive, Inc.",45,107.81,107.80999755859375,1.0000000226454533
QQQ,2025-09-30,ASML,ASML Holding N.V.,50,968.09,968.0900268554688,0.9999999722593271
QQQ,2025-09-30,AXON,"Axon Enterprise, Inc.",63,717.64,717.6400146484375,0.9999999795880424
QQQ,2025-09-30,MRVL,"Marvell Technology, Inc.",52,84.07,84.06999969482422,1.0000000036300198
QQQ,2025-09-30,NXPI,NXP Semiconductors N.V.,62,227.73,227.72999572753906,1.0000000187610811
QQQ,2025-09-30,AEP,"American Electric Power Co., Inc.",60,112.5,112.5,1.0
QQQ,2025-09-30,QCOM,QUALCOMM Inc.,22,166.36,166.36000061035156,0.99999999633114
QQQ,2025-09-30,MU,"Micron Technology, Inc.",20,167.32000000000002,167.32000732421875,0.9999999562262826
QQQ,2025-09-30,TXN,Texas Instruments Inc.,25,183.73,183.72999572753906,1.0000000232540196
QQQ,2025-09-30,CTSH,Cognizant Technology Solutions Corp.,90,67.07,67.06999969482422,1.0000000045501085
QQQ,2025-09-30,INTU,Intuit Inc.,19,682.9100000000001,682.9099731445312,1.0000000393250499
QQQ,2025-12-31,AZN,AstraZeneca PLC,69,91.93,91.93000030517578,0.9999999966803462
QQQ,2025-12-31,INSM,Insmed Inc.,91,174.04,174.0399932861328,1.0000000385765768
QQQ,2025-12-31,TTWO,"Take-Two Interactive Software, Inc.",74,256.03,256.0299987792969,1.0000000047678128
QQQ,2025-12-31,ADBE,Adobe Inc.,32,349.98999999999995,349.989990234375,1.0000000279025836
QQQ,2025-12-31,DASH,"DoorDash, Inc.",44,226.48,226.47999572753906,1.0000000188646283
QQQ,2025-12-31,CSCO,"Cisco Systems, Inc.",15,77.03,77.02999877929688,1.0000000158471134
QQQ,2025-12-31,KLAC,KLA Corp.,29,1215.08,1215.0800323486328,0.9999999733773645
QQQ,2025-12-31,HON,Honeywell International Inc.,35,195.09,195.0900050201416,0.9999999742675613
QQQ,2025-12-31,NFLX,"Netflix, Inc.",11,93.76,93.76000213623047,0.9999999772159726
QQQ,2025-12-31,ROST,"Ross Stores, Inc.",63,180.14,180.13999938964844,1.0000000033882066
QQQ,2025-12-31,WDC,Western Digital Corp.,60,172.27,172.27000427246094,0.9999999751990433
QQQ,2025-12-31,FER,Ferrovial SE,73,64.61,64.61000061035156,0.9999999905532958
QQQ,2025-12-31,TEAM,Atlassian Corp.,98,162.14,162.13999938964844,1.000000003764349
QQQ,2025-12-31,VRTX,Vertex Pharmaceuticals Inc.,37,453.36,453.3599853515625,1.0000000323108302
QQQ,2025-12-31,TSLA,"Tesla, Inc.",5,449.72,449.7200012207031,0.9999999972856375
QQQ,2025-12-31,SNPS,"Synopsys, Inc.",45,469.72,469.7200012207031,0.9999999974012111
QQQ,2025-12-31,GEHC,GE HealthCare Technologies Inc.,90,82.02,82.0199966430664,1.0000000409282337
QQQ,2025-12-31,REGN,"Regeneron Pharmaceuticals, Inc.",48,771.87,771.8699951171875,1.000000006325952
QQQ,2025-12-31,APP,AppLovin Corp.,18,673.82,673.8200073242188,0.9999999891303039
QQQ,2025-12-31,COST,Costco Wholesale Corp.,12,862.34,862.3400268554688,0.9999999688574485
QQQ,2025-12-31,ABNB,"Airbnb, Inc.",64,135.72,135.72000122070312,0.9999999910057241
QQQ,2025-12-31,GILD,"Gilead Sciences, Inc.",31,122.74,122.73999786376953,1.0000000174045176
QQQ,2025-12-31,FANG,"Diamondback Energy, Inc.",83,150.33,150.3300018310547,0.9999999878197655
QQQ,2025-12-31,LIN,Linde PLC,21,426.39,426.3900146484375,0.999999965645449
QQQ,2025-12-31,GOOGL,Alphabet Inc.,7,313.0,313.0,1.0
QQQ,2025-12-31,AMZN,"Amazon.com, Inc.",4,230.82,230.82000732421875,0.9999999682687006
QQQ,2025-12-31,PANW,"Palo Alto Networks, Inc.",34,184.2,184.1999969482422,1.0000000165676322
QQQ,2025-12-31,PCAR,PACCAR Inc.,65,109.51,109.51000213623047,0.9999999804928279
QQQ,2025-12-31,AMD,"Advanced Micro Devices, Inc.",13,214.16,214.16000366210938,0.9999999829001246
QQQ,2025-12-31,CMCSA,Comcast Corp.,39,29.89,29.88999973487854,1.000000008869905
QQQ,2025-12-31,ADSK,"Autodesk, Inc.",57,296.01,296.010009765625,0.9999999670091393
QQQ,2025-12-31,KDP,Keurig Dr Pepper Inc.,88,28.01,28.010000228881836,0.9999999918285672
QQQ,2025-12-31,WDAY,"Workday, Inc.",76,214.78,214.77999877929688,1.0000000056835048
QQQ,2025-12-31,MPWR,"Monolithic Power Systems, Inc.",82,906.36,906.3599853515625,1.0000000161618317
QQQ,2025-12-31,CSGP,"CoStar Group, Inc.",97,67.24,67.23999786376953,1.000000031770234
QQQ,2025-12-31,CDNS,"Cadence Design Systems, Inc.",46,312.58,312.5799865722656,1.0000000429577547
QQQ,2025-12-31,AVGO,Broadcom Inc.,9,346.1,346.1000061035156,0.9999999823648786
QQQ,2025-12-31,ISRG,"Intuitive Surgical, Inc.",20,566.36,566.3599853515625,1.0000000258641817
QQQ,2025-12-31,ZS,"Zscaler, Inc.",92,224.92,224.9199981689453,1.0000000081409155
QQQ,2025-12-31,ADP,"Automatic Data Processing, Inc.",40,257.23,257.2300109863281,0.9999999572898665
QQQ,2025-12-31,LRCX,Lam Research Corp.,17,171.17999999999998,171.17999267578125,1.0000000427866518
QQQ,2025-12-31,CHTR,"Charter Communications, Inc.",99,208.75,208.75,1.0
QQQ,2025-12-31,BKR,Baker Hughes Co.,77,45.54,45.540000915527344,0.9999999798961939
QQQ,2025-12-31,STX,Seagate Technology Holdings PLC,61,275.39,275.3900146484375,0.9999999468083927
QQQ,2025-12-31,XEL,Xcel Energy Inc.,81,73.86,73.86000061035156,0.9999999917363721
QQQ,2025-12-31,TMUS,"T-Mobile US, Inc.",16,203.04,203.0399932861328,1.000000033066723
QQQ,2025-12-31,WBD,"Warner Bros. Discovery, Inc.",54,28.82,28.81999969482422,1.0000000105890279
QQQ,2025-12-31,AMAT,"Applied Materials, Inc.",19,256.99,256.989990234375,1.000000038000021
QQQ,2025-12-31,CSX,CSX Corp.,56,36.25,36.25,1.0
QQQ,2025-12-31,GOOG,Alphabet Inc.,8,313.79999999999995,313.79998779296875,1.0000000389006745
QQQ,2025-12-31,PAYX,"Paychex, Inc.",86,112.18,112.18000030517578,0.9999999972795884
QQQ,2025-12-31,NVDA,NVIDIA Corp.,1,186.5,186.5,1.0
QQQ,2025-12-31,MAR,"Marriott International, Inc.",47,310.24,310.239990234375,1.0000000314776474
QQQ,2025-12-31,PYPL,"PayPal Holdings, Inc.",67,58.38,58.380001068115234,0.9999999817040902
QQQ,2025-12-31,MELI,"MercadoLibre, Inc.",41,2014.26,2014.260009765625,0.9999999951517555
QQQ,2025-12-31,SHOP,Shopify Inc.,22,160.97,160.97000122070312,0.99999999241658
QQQ,2025-12-31,PDD,PDD Holdings Inc.,50,113.39,113.38999938964844,1.0000000053827636
QQQ,2025-12-31,CTAS,Cintas Corp.,51,188.07,188.07000732421875,0.9999999610558916
QQQ,2025-12-31,TRI,Thomson Reuters Corp.,62,131.89,131.88999938964844,1.0000000046277318
QQQ,2025-12-31,META,"Meta Platforms, Inc.",6,660.0899999999999,660.0900268554688,0.9999999593154453
QQQ,2025-12-31,FTNT,"Fortinet, Inc.",59,79.41,79.41000366210938,0.9999999538835259
QQQ,2025-12-31,PEP,"PepsiCo, Inc.",23,143.52,143.52000427246094,0.999999970230903
QQQ,2025-12-31,MDLZ,"Mondelez International, Inc.",55,53.83,53.83000183105469,0.9999999659844951
QQQ,2025-12-31,VRSK,"Verisk Analytics, Inc.",95,223.69,223.69000244140625,0.9999999890857605
QQQ,2025-12-31,AMGN,Amgen Inc.,26,327.31,327.30999755859375,1.000000007459003
QQQ,2025-12-31,EXC,Exelon Corp.,80,43.59,43.59000015258789,0.9999999964994749
QQQ,2025-12-31,MCHP,Microchip Technology Inc.,93,63.72,63.720001220703125,0.9999999808427008
QQQ,2025-12-31,PLTR,Palantir Technologies Inc.,10,177.75,177.75,1.0
QQQ,2025-12-31,BKNG,Booking Holdings Inc.,28,5355.33,5355.329895019531,1.0000000196029881
QQQ,2025-12-31,KHC,Kraft Heinz Co. (The),96,24.25,24.25,1.0
QQQ,2025-12-31,ODFL,"Old Dominion Freight Line, Inc.",94,156.8,156.8000030517578,0.9999999805372592
QQQ,2025-12-31,FAST,Fastenal Co.,75,40.13,40.130001068115234,0.9999999733836231
QQQ,2025-12-31,ROP,"Roper Technologies, Inc.",72,445.13,445.1300048828125,0.9999999890305923
QQQ,2025-12-31,AAPL,Apple Inc.,2,271.86,271.8599853515625,1.0000000538822862
QQQ,2025-12-31,CPRT,"Copart, Inc.",89,39.15,39.150001525878906,0.9999999610248059
QQQ,2025-12-31,ADI,"Analog Devices, Inc.",33,271.2,271.20001220703125,0.9999999549888248
QQQ,2025-12-31,DDOG,"Datadog, Inc.",79,135.99,135.99000549316406,0.9999999596061193
QQQ,2025-12-31,MNST,Monster Beverage Corp.,52,76.67,76.66999816894531,1.0000000238822842
QQQ,2025-12-31,CCEP,Coca-Cola Europacific Partners PLC,84,90.7,90.69999694824219,1.0000000336467245
QQQ,2025-12-31,DXCM,"DexCom, Inc.",100,66.36999999999999,66.37000274658203,0.9999999586171172
QQQ,2025-12-31,SBUX,Starbucks Corp.,42,84.21000000000001,84.20999908447266,1.0000000108719553
QQQ,2025-12-31,CEG,Constellation Energy Corp.,38,353.27,353.2699890136719,1.0000000310989567
QQQ,2025-12-31,CRWD,"CrowdStrike Holdings, Inc.",36,468.76,468.760009765625,0.9999999791671115
QQQ,2025-12-31,IDXX,"IDEXX Laboratories, Inc.",68,676.5300000000001,676.530029296875,0.9999999566953813
QQQ,2025-12-31,ARM,ARM Holdings PLC,101,109.31,109.30999755859375,1.0000000223347023
QQQ,2025-12-31,INTC,Intel Corp.,27,36.9,36.900001525878906,0.9999999586482698
QQQ,2025-12-31,MSFT,Microsoft Corp.,3,483.62,483.6199951171875,1.0000000100963826
QQQ,2025-12-31,MSTR,Strategy Inc.,85,151.95,151.9499969482422,1.000000020083961
QQQ,2025-12-31,ORLY,"O'Reilly Automotive, Inc.",49,91.21,91.20999908447266,1.0000000100375763
QQQ,2025-12-31,ASML,ASML Holding N.V.,43,1069.86,1069.8599853515625,1.00000001369192
QQQ,2025-12-31,AXON,"Axon Enterprise, Inc.",78,567.93,567.9299926757812,1.0000000128963407
QQQ,2025-12-31,MRVL,"Marvell Technology, Inc.",53,84.98,84.9800033569336,0.9999999604973705
QQQ,2025-12-31,NXPI,NXP Semiconductors N.V.,66,217.06,217.05999755859375,1.0000000112476102
QQQ,2025-12-31,AEP,"American Electric Power Co., Inc.",58,115.31,115.30999755859375,1.0000000211725462
QQQ,2025-12-31,QCOM,QUALCOMM Inc.,25,171.04999999999998,171.0500030517578,0.99999998215868
QQQ,2025-12-31,ALNY,"Alnylam Pharmaceuticals, Inc.",70,397.65,397.6499938964844,1.0000000153489643
QQQ,2025-12-31,MU,"Micron Technology, Inc.",14,285.40999999999997,285.4100036621094,0.9999999871689522
QQQ,2025-12-31,TXN,Texas Instruments Inc.,30,173.49,173.49000549316406,0.9999999683372881
QQQ,2025-12-31,CTSH,Cognizant Technology Solutions Corp.,87,83.0,83.0,1.0
QQQ,2025-12-31,INTU,Intuit Inc.,24,662.42,662.4199829101562,1.0000000257991066
VGT,2019-11-30,APPS,Digital Turbine Inc.,285,8.879999999999999,8.880000114440918,0.9999999871125093
VGT,2019-11-30,AAOI,Applied Optoelectronics Inc.,321,10.7,10.699999809265137,1.0000000178256885
VGT,2019-11-30,SMTC,Semtech Corp.,161,48.459999999999994,48.459999084472656,1.000000018892434
VGT,2019-11-30,LSCC,Lattice Semiconductor Corp.,186,18.89,18.889999389648438,1.0000000323108302
VGT,2019-11-30,GEN,NortonLifeLock Inc.,53,24.9,24.899999618530273,1.0000000153200694
VGT,2019-11-30,DXC,DXC Technology Co.,83,37.33,37.33000183105469,0.9999999509495151
VGT,2019-11-30,APPF,Appfolio Inc.,220,112.92,112.91999816894531,1.000000016215504
VGT,2019-11-30,TENB,Tenable Holdings Inc.,271,27.15,27.149999618530273,1.0000000140504506
VGT,2019-11-30,VYX,NCR Corp.,146,32.83,32.82999910354614,1.000000027305936
VGT,2019-11-30,EXLS,ExlService Holdings Inc.,185,69.81,69.80999946594238,1.0000000076501594
VGT,2019-11-30,COHU,Cohu Inc.,278,17.74,17.739999771118164,1.0000000129020201
VGT,2019-11-30,RAMP,LiveRamp Holdings Inc.,162,50.09,50.09000015258789,0.9999999969537255
VGT,2019-11-30,CGNX,Cognex Corp.,94,50.18,50.18000030517578,0.9999999939183782
VGT,2019-11-30,SPSC,SPS Commerce Inc.,203,56.330000000000005,56.33000183105469,0.9999999674941483
VGT,2019-11-30,AMBA,Ambarella Inc.,222,54.74,54.7400016784668,0.9999999693374727
VGT,2019-11-30,PI,Impinj Inc.,294,31.56,31.559999465942383,1.000000016921978
VGT,2019-11-30,ESTC,Elastic NV,199,79.41000000000001,79.41000366210938,0.999999953883526
VGT,2019-11-30,ADTN,ADTRAN Inc.,299,9.19,9.1899995803833,1.0000000456601434
VGT,2019-11-30,VRSN,VeriSign Inc.,47,190.74,190.74000549316406,0.9999999712007764
VGT,2019-11-30,QRVO,Qorvo Inc.,70,104.21,104.20999908447266,1.0000000087854077
VGT,2019-11-30,WEX,WEX Inc.,90,201.13,201.1300048828125,0.9999999757231025
VGT,2019-11-30,UCTT,Ultra Clean Holdings Inc.,260,22.24,22.239999771118164,1.0000000102914495
VGT,2019-11-30,MSTR,MicroStrategy Inc.,243,150.32999999999998,150.32999992370605,1.0000000005075096
VGT,2019-11-30,SNX,SYNNEX Corp.,120,122.81,122.80999755859375,1.00000001987954
VGT,2019-11-30,CRM,salesforce.com Inc.,8,162.89,162.88999938964844,1.0000000037470167
VGT,2019-11-30,FSLR,First Solar Inc.,137,55.239999999999995,55.2400016784668,0.9999999696150117
VGT,2019-11-30,MRVL,Marvell Technology Group Ltd.,52,26.37,26.3700008392334,0.999999968174692
VGT,2019-11-30,ADI,Analog Devices Inc.,25,112.95,112.94999694824219,1.0000000270186622
VGT,2019-11-30,CVLT,CommVault Systems Inc.,196,50.62,50.619998931884766,1.000000021100657
VGT,2019-11-30,STX,Seagate Technology plc,59,59.68,59.68000030517578,0.9999999948864648
VGT,2019-11-30,CMTL,Comtech Telecommunications Corp.,258,37.79,37.790000915527344,0.9999999757732912
VGT,2019-11-30,NSIT,Insight Enterprises Inc.,188,65.59,65.58999633789062,1.0000000558333524
VGT,2019-11-30,PAYC,Paycom Software Inc.,64,276.81,276.80999755859375,1.0000000088197907
VGT,2019-11-30,DAKT,Daktronics Inc.,317,6.16,6.159999847412109,1.000000024770762
VGT,2019-11-30,AMAT,Applied Materials Inc.,22,57.900000000000006,57.900001525878906,0.9999999736463064
VGT,2019-11-30,RMBS,Rambus Inc.,230,13.05,13.050000190734863,0.9999999853843019
VGT,2019-11-30,BHE,Benchmark Electronics Inc.,244,34.470000000000006,34.470001220703125,0.9999999645865079
VGT,2019-11-30,ENPH,Enphase Energy Inc.,213,21.87,21.8700008392334,0.999999961626275
VGT,2019-11-30,SABR,Sabre Corp.,108,22.43,22.43000030517578,0.9999999863943033
VGT,2019-11-30,VRNS,Varonis Systems Inc.,187,78.11,78.11000061035156,0.9999999921859998
VGT,2019-11-30,SNPS,Synopsys Inc.,45,141.04,141.0399932861328,1.0000000476025772
VGT,2019-11-30,GLW,Corning Inc.,40,29.040000000000003,29.040000915527344,0.9999999684735774
VGT,2019-11-30,PTC,PTC Inc.,96,76.6,76.5999984741211,1.0000000199200905
VGT,2019-11-30,TTEC,TTEC Holdings Inc.,275,45.93,45.93000030517578,0.9999999933556329
VGT,2019-11-30,PAYS,Paysign Inc.,313,10.260000000000002,10.260000228881836,0.9999999776918295
VGT,2019-11-30,XYZ,Square Inc.,38,69.12,69.12000274658203,0.9999999602635717
VGT,2019-11-30,EEFT,Euronet Worldwide Inc.,95,157.19,157.19000244140625,0.9999999844684381
VGT,2019-11-30,ZD,j2 Global Inc.,130,97.02,97.02000198364257,0.9999999795542925
VGT,2019-11-30,BFH,Alliance Data Systems Corp.,128,106.91,106.9100033416748,0.9999999687431045
VGT,2019-11-30,WK,Workiva Inc.,235,43.37,43.369998931884766,1.0000000246279745
VGT,2019-11-30,TWLO,Twilio Inc.,71,103.28,103.27999877929688,1.0000000118193566
VGT,2019-11-30,PCTY,Paylocity Holding Corp.,139,122.32,122.31999969482422,1.0000000024948967
VGT,2019-11-30,TTD,Trade Desk Inc.,84,263.34,263.3399963378906,1.0000000139063925
VGT,2019-11-30,SAIC,Science Applications International Corp.,133,85.35000000000001,85.3499984741211,1.000000017877902
VGT,2019-11-30,KBR,KBR Inc.,141,29.77,29.770000457763672,0.9999999846233233
VGT,2019-11-30,AOSL,Alpha & Omega Semiconductor Ltd.,318,11.89,11.890000343322754,0.9999999711250847
VGT,2019-11-30,NVEC,NVE Corp.,311,63.59,63.59000015258789,0.9999999976004421
VGT,2019-11-30,DIOD,Diodes Inc.,206,46.14,46.13999938964844,1.0000000132282525
VGT,2019-11-30,CTS,CTS Corp.,264,27.38,27.3799991607666,1.0000000306513304
VGT,2019-11-30,MU,Micron Technology Inc.,24,47.51,47.5099983215332,1.0000000353287066
VGT,2019-11-30,ZBRA,Zebra Technologies Corp.,66,250.94,250.94000244140625,0.9999999902709563
VGT,2019-11-30,VIAV,Viavi Solutions Inc.,155,15.02,15.020000457763672,0.9999999695230587
VGT,2019-11-30,OLED,Universal Display Corp.,97,194.22,194.22000122070312,0.9999999937148434
VGT,2019-11-30,VISN,CommScope Holding Co. Inc.,176,13.6,13.600000381469727,0.9999999719507562
VGT,2019-11-30,NOW,ServiceNow Inc.,23,283.04,283.0400085449219,0.9999999698101979
VGT,2019-11-30,AMD,Advanced Micro Devices Inc.,26,39.15,39.150001525878906,0.9999999610248059
VGT,2019-11-30,BAH,Booz Allen Hamilton Holding Corp.,81,72.76,72.76000213623047,0.999999970640044
VGT,2019-11-30,ZS,Zscaler Inc.,158,52.13,52.130001068115234,0.9999999795105465
VGT,2019-11-30,BR,Broadridge Financial Solutions Inc.,62,123.71,123.70999908447266,1.0000000074005928
VGT,2019-11-30,HPQ,HP Inc.,32,20.08,20.079999923706055,1.0000000037994992
VGT,2019-11-30,MCHP,Microchip Technology Inc.,41,94.54,94.54000091552734,0.9999999903159792
VGT,2019-11-30,POWI,Power Integrations Inc.,175,91.49,91.48999786376953,1.0000000233493334
VGT,2019-11-30,HUCK,Domo Inc.,320,18.8,18.799999237060547,1.0000000405818874
VGT,2019-11-30,ADBE,Adobe Inc.,7,309.53000000000003,309.5299987792969,1.0000000039437313
VGT,2019-11-30,DBD,Diebold Nixdorf Inc.,293,7.27,,
VGT,2019-11-30,DOCU,DocuSign Inc.,100,71.21,71.20999908447266,1.0000000128567246
VGT,2019-11-30,CEVA,CEVA Inc.,289,25.92,25.920000076293945,0.9999999970565608
VGT,2019-11-30,MKSI,MKS Instruments Inc.,114,106.28,106.27999877929688,1.0000000114857277
VGT,2019-11-30,CACI,CACI International Inc.,111,239.32,239.32000732421875,0.9999999693957107
VGT,2019-11-30,COHR,Coherent Inc.,151,150.86,29.190000534057617,5.168208195953376
VGT,2019-11-30,AKAM,Akamai Technologies Inc.,61,87.12,87.12000274658203,0.9999999684735774
VGT,2019-11-30,FLEX,Flex Ltd.,109,11.87,11.870000674247741,0.9999999431973291
VGT,2019-11-30,EGHT,8x8 Inc.,204,20.52,20.520000457763672,0.9999999776918294
VGT,2019-11-30,ENTG,Entegris Inc.,106,47.32,47.31999969482422,1.0000000064491923
VGT,2019-11-30,CIEN,Ciena Corp.,112,37.96,37.959999084472656,1.000000024118213
VGT,2019-11-30,VRRM,Verra Mobility Corp.,227,14.97,14.970000267028809,0.9999999821624046
VGT,2019-11-30,ATEN,A10 Networks Inc.,307,6.67,6.670000076293945,0.9999999885616275
VGT,2019-11-30,BDC,Belden Inc.,183,53.74,53.7400016784668,0.999999968766901
VGT,2019-11-30,OKTA,Okta Inc.,63,129.78,129.77999877929688,1.0000000094059418
VGT,2019-11-30,BL,Blackline Inc.,201,53.82,53.81999969482422,1.0000000056703044
VGT,2019-11-30,CNXN,PC Connection Inc.,288,49.32,49.31999969482422,1.000000006187668
VGT,2019-11-30,KLAC,KLA Corp.,37,163.86,163.8599967956543,1.0000000195553873
VGT,2019-11-30,CASS,Cass Information Systems Inc.,281,56.470000000000006,56.470001220703125,0.9999999783831576
VGT,2019-11-30,TTMI,TTM Technologies Inc.,236,13.41,13.40999984741211,1.0000000113786647
VGT,2019-11-30,SCSC,ScanSource Inc.,259,35.419999999999995,35.41999816894531,1.0000000516955048
VGT,2019-11-30,V,Visa Inc.,3,184.51,184.50999450683594,1.000000029771634
VGT,2019-11-30,NTNX,Nutanix Inc.,113,37.35,37.349998474121094,1.00000004085352
VGT,2019-11-30,MSFT,Microsoft Corp.,2,151.38,151.3800048828125,0.9999999677446667
VGT,2019-11-30,AVGO,Broadcom Inc.,11,316.21000000000004,316.2100028991699,0.9999999908315048
VGT,2019-11-30,FTNT,Fortinet Inc.,55,105.11,105.1099967956543,1.0000000304856418
VGT,2019-11-30,APPN,Appian Corp.,253,43.08,43.08000183105469,0.999999957496411
VGT,2019-11-30,CNDT,Conduent Inc.,245,6.7700000000000005,6.769999980926514,1.0000000028173541
VGT,2019-11-30,WU,Western Union Co.,75,26.880000000000003,26.8799991607666,1.0000000312214816
VGT,2019-11-30,RNG,RingCentral Inc.,69,172.47,172.47000122070312,0.9999999929222293
VGT,2019-11-30,TER,Teradyne Inc.,77,62.59,62.59000015258789,0.9999999975621043
VGT,2019-11-30,JKHY,Jack Henry & Associates Inc.,73,151.94,151.94000244140625,0.9999999839317743
VGT,2019-11-30,FICO,Fair Isaac Corp.,78,367.75,367.75,1.0
VGT,2019-11-30,VPG,Vishay Precision Group Inc.,306,34.410000000000004,34.40999984741211,1.0000000044344055
VGT,2019-11-30,UPLD,Upland Software Inc.,268,38.71,38.710000610351564,0.9999999842327163
VGT,2019-11-30,LDOS,Leidos Holdings Inc.,68,90.84,90.83999633789062,1.0000000403138434
VGT,2019-11-30,HPE,Hewlett Packard Enterprise Co.,46,15.83,15.829999923706055,1.0000000048195796
VGT,2019-11-30,KEYS,Keysight Technologies Inc.,48,107.03,107.02999877929688,1.0000000114052428
VGT,2019-11-30,DDD,3D Systems Corp.,255,8.49,8.489999771118164,1.000000026958992
VGT,2019-11-30,AEIS,Advanced Energy Industries Inc.,182,64.21000000000001,64.20999908447266,1.0000000142583299
VGT,2019-11-30,TEL,TE Connectivity Ltd.,30,92.71,92.70999908447266,1.0000000098751736
VGT,2019-11-30,NVDA,NVIDIA Corp.,12,216.74,216.73999786376953,1.0000000098561894
VGT,2019-11-30,SANM,Sanmina Corp.,193,31.81,31.809999465942383,1.0000000167889853
VGT,2019-11-30,AVT,Avnet Inc.,140,40.65,40.650001525878906,0.9999999624630049
VGT,2019-11-30,ITRI,Itron Inc.,171,80.08,80.08000183105469,0.9999999771346822
VGT,2019-11-30,ANET,Arista Networks Inc.,79,195.13,195.1300048828125,0.9999999749766187
VGT,2019-11-30,VECO,Veeco Instruments Inc.,284,13.69,13.6899995803833,1.0000000306513304
VGT,2019-11-30,IT,Gartner Inc.,58,160.46,160.4600067138672,0.9999999581586259
VGT,2019-11-30,FIVN,Five9 Inc.,143,68.17,68.16999816894531,1.0000000268601252
VGT,2019-11-30,ZM,Zoom Video Communications Inc.,165,74.5,74.5,1.0
VGT,2019-11-30,MANH,Manhattan Associates Inc.,117,83.50999999999999,83.51000213623047,0.9999999744194656
VGT,2019-11-30,NTCT,NetScout Systems Inc.,209,25.200000000000003,25.200000762939453,0.9999999697246259
VGT,2019-11-30,WDC,Western Digital Corp.,56,50.33,50.32999978637695,1.0000000042444477
VGT,2019-11-30,MSI,Motorola Solutions Inc.,35,167.3,167.3000030517578,0.9999999817587703
VGT,2019-11-30,LASR,nLight Inc.,290,19.930000000000003,19.93000030517578,0.999999984687618
VGT,2019-11-30,QLYS,Qualys Inc.,169,87.51,87.51000213623047,0.999999975588728
VGT,2019-11-30,FISV,Fiserv Inc.,20,116.24,116.23999786376953,1.0000000183777573
VGT,2019-11-30,PRGS,Progress Software Corp.,212,42.010000000000005,42.0099983215332,1.0000000399539841
VGT,2019-11-30,PANW,Palo Alto Networks Inc.,43,227.22,227.2199935913086,1.0000000282047865
VGT,2019-11-30,APH,Amphenol Corp.,31,104.0,104.0,1.0
VGT,2019-11-30,PDFS,PDF Solutions Inc.,300,15.84,15.84000015258789,0.9999999903669262
VGT,2019-11-30,FIS,Fidelity National Information Services Inc.,17,138.15,138.14999389648438,1.000000044180354
VGT,2019-11-30,ON,ON Semiconductor Corp.,87,21.47,21.469999313354492,1.000000031981627
VGT,2019-11-30,IMXI,International Money Express Inc.,310,13.59,13.59000015258789,0.9999999887720464
VGT,2019-11-30,MXL,MaxLinear Inc.,237,19.869999999999997,19.8700008392334,0.9999999577637964
VGT,2019-11-30,DLB,Dolby Laboratories Inc.,132,68.88,68.87999725341797,1.0000000398748858
VGT,2019-11-30,MMS,MAXIMUS Inc.,126,74.65,74.6500015258789,0.9999999795595597
VGT,2019-11-30,BLKB,Blackbaud Inc.,144,82.88,82.87999725341797,1.0000000331392631
VGT,2019-11-30,ROG,Rogers Corp.,184,130.02,130.02000427246094,0.9999999671399724
VGT,2019-11-30,ACIW,ACI Worldwide Inc.,136,37.5,37.5,1.0
VGT,2019-11-30,WDAY,Workday Inc.,33,179.12,179.1199951171875,1.000000027260008
VGT,2019-11-30,INTU,Intuit Inc.,19,258.89,258.8900146484375,0.9999999434182986
VGT,2019-11-30,NTAP,NetApp Inc.,60,60.59,60.59000015258789,0.9999999974816325
VGT,2019-11-30,KN,Knowles Corp.,207,21.9,21.899999618530273,1.0000000174187091
VGT,2019-11-30,TDC,Teradata Corp.,167,26.56,26.559999465942383,1.0000000201075914
VGT,2019-11-30,QTWO,Q2 Holdings Inc.,152,84.42999999999999,84.43000030517578,0.9999999963854579
VGT,2019-11-30,MPWR,Monolithic Power Systems Inc.,104,160.68,160.67999267578125,1.000000045582643
VGT,2019-11-30,OSIS,OSI Systems Inc.,217,99.49,99.48999786376953,1.0000000214718114
VGT,2019-11-30,RPD,Rapid7 Inc.,189,56.07000000000001,56.06999969482422,1.0000000054427642
VGT,2019-11-30,FN,Fabrinet,191,60.489999999999995,60.4900016784668,0.9999999722521614
VGT,2019-11-30,SSTI,ShotSpotter Inc.,322,24.52,24.520000457763672,0.9999999813310089
VGT,2019-11-30,MA,Mastercard Inc.,4,292.22999999999996,292.2300109863281,0.9999999624052023
VGT,2019-11-30,NOVT,Novanta Inc.,159,93.18,93.18000030517578,0.999999996724879
VGT,2019-11-30,PAYX,Paychex Inc.,34,86.12,86.12000274658203,0.9999999681075019
VGT,2019-11-30,AAPL,Apple Inc.,1,267.25,267.25,1.0
VGT,2019-11-30,CTSH,Cognizant Technology Solutions Corp.,29,64.11,64.11000061035156,0.9999999904796201
VGT,2019-11-30,ACN,Accenture plc,10,201.16,201.16000366210938,0.9999999817950422
VGT,2019-11-30,HLIT,Harmonic Inc.,277,8.26,8.260000228881836,0.9999999722903353
VGT,2019-11-30,GDDY,GoDaddy Inc.,72,66.38,66.37999725341797,1.0000000413766517
VGT,2019-11-30,CRNC,Cerence Inc.,326,15.56,15.5600004196167,0.9999999730323466
VGT,2019-11-30,TCX,Tucows Inc.,292,56.75,56.75,1.0
VGT,2019-11-30,XRX,Xerox Holdings Corp.,98,38.93,38.93000030517578,0.9999999921609098
VGT,2019-11-30,PEGA,Pegasystems Inc.,166,77.62,77.62000274658203,0.9999999646150228
VGT,2019-11-30,AZTA,Brooks Automation Inc.,160,44.77,44.77000045776367,0.9999999897752141
VGT,2019-11-30,PLAB,Photronics Inc.,270,11.760000000000002,11.760000228881836,0.9999999805372594
VGT,2019-11-30,CPAY,FleetCor Technologies Inc.,36,306.91999999999996,306.9200134277344,0.9999999562500527
VGT,2019-11-30,CRUS,Cirrus Logic Inc.,142,71.7,71.69999694824219,1.0000000425628723
VGT,2019-11-30,MDB,MongoDB Inc.,107,148.7,148.6999969482422,1.0000000205229178
VGT,2019-11-30,ARLO,Arlo Technologies Inc.,316,3.46,3.4600000381469727,0.9999999889748635
VGT,2019-11-30,GWRE,Guidewire Software Inc.,82,121.83,121.83000183105469,0.9999999849704123
VGT,2019-11-30,MTSI,MACOM Technology Solutions Holdings Inc.,247,24.67,24.670000076293945,0.9999999969074203
VGT,2019-11-30,SSNC,SS&C Technologies Holdings Inc.,65,60.05,60.04999923706055,1.00000001270507
VGT,2019-11-30,UI,Ubiquiti Inc.,174,197.2,197.1999969482422,1.0000000154754454
VGT,2019-11-30,MEI,Methode Electronics Inc.,234,37.21,37.209999084472656,1.0000000246043366
VGT,2019-11-30,HCKT,Hackett Group Inc.,302,15.33,15.329999923706055,1.000000004976774
VGT,2019-11-30,DELL,Dell Technologies Inc.,99,48.49,48.49000262260437,0.9999999459145343
VGT,2019-11-30,KE,Kimball Electronics Inc.,298,17.540000000000003,17.540000915527344,0.999999947803461
VGT,2019-11-30,XPER,Xperi Corp.,257,19.79,,
VGT,2019-11-30,JBL,Jabil Inc.,119,38.84,38.84000015258789,0.9999999960713727
VGT,2019-11-30,FORM,FormFactor Inc.,216,23.14,23.139999389648438,1.0000000263764728
VGT,2019-11-30,PD,PagerDuty Inc.,303,26.05,26.049999237060547,1.000000029287504
VGT,2019-11-30,LITE,Lumentum Holdings Inc.,115,73.66,73.66000366210938,0.9999999502836112
VGT,2019-11-30,CSCO,Cisco Systems Inc.,6,45.31,45.310001373291016,0.9999999696912167
VGT,2019-11-30,IBM,International Business Machines Corp.,14,134.45,134.45000793457032,0.9999999409849768
VGT,2019-11-30,ICHR,Ichor Holdings Ltd.,280,31.55,31.549999237060547,1.0000000241819167
VGT,2019-11-30,P,Pure Storage Inc.,150,16.07,16.06999969482422,1.0000000189904037
VGT,2019-11-30,IPGP,IPG Photonics Corp.,121,142.09,142.08999633789062,1.0000000257731683
VGT,2019-11-30,TYL,Tyler Technologies Inc.,76,290.16999999999996,290.1700134277344,0.9999999537245966
VGT,2019-11-30,ADP,Automatic Data Processing Inc.,18,170.77999999999997,170.77999877929688,1.0000000071478106
VGT,2019-11-30,UIS,Unisys Corp.,279,11.38,11.380000114440918,0.9999999899436804
VGT,2019-11-30,AMKR,Amkor Technology Inc.,238,12.09,12.09000015258789,0.9999999873790001
VGT,2019-11-30,ONTO,Onto Innovation Inc.,219,33.56,33.560001373291016,0.9999999590795304
VGT,2019-11-30,VSAT,ViaSat Inc.,168,73.5,73.5,1.0
VGT,2019-11-30,RBBN,Ribbon Communications Inc.,323,2.9299999999999997,2.930000066757202,0.9999999772159723
VGT,2019-11-30,ECHO,EchoStar Corp.,200,42.07,42.06999969482422,1.000000007254
VGT,2019-11-30,ADSK,Autodesk Inc.,27,180.9,180.89999389648438,1.0000000337397228
VGT,2019-11-30,ALRM,Alarm.com Holdings Inc.,225,43.620000000000005,43.619998931884766,1.0000000244868241
VGT,2019-11-30,DBX,Dropbox Inc.,135,18.49,18.489999771118164,1.0000000123786823
VGT,2019-11-30,SYNA,Synaptics Inc.,211,57.16,57.15999984741211,1.0000000026694873
VGT,2019-11-30,CDW,CDW Corp.,50,135.05,135.0500030517578,0.9999999774027565
VGT,2019-11-30,HUBS,HubSpot Inc.,110,151.0,151.0,1.0
VGT,2019-11-30,YEXT,Yext Inc.,250,17.26,17.260000228881836,0.9999999867391755
VGT,2019-11-30,SLAB,Silicon Laboratories Inc.,129,105.93,105.93000030517578,0.9999999971190807
VGT,2019-11-30,EXTR,Extreme Networks Inc.,265,7.03,7.03000020980835,0.9999999701552855
VGT,2019-11-30,SEDG,SolarEdge Technologies Inc.,154,81.61,81.61000061035156,0.999999992521118
VGT,2019-11-30,ARW,Arrow Electronics Inc.,103,79.64,79.63999938964844,1.000000007663882
VGT,2019-11-30,OSPN,OneSpan Inc.,287,18.65,18.649999618530273,1.0000000204541413
VGT,2019-11-30,EPAM,EPAM Systems Inc.,74,211.85,211.85000610351562,0.999999971189448
VGT,2019-11-30,CDNS,Cadence Design Systems Inc.,49,70.25,70.25,1.0
VGT,2019-11-30,QCOM,QUALCOMM Inc.,16,83.55,83.55000305175781,0.9999999634738754
VGT,2019-11-30,ACLS,Axcelis Technologies Inc.,282,21.44,21.440000534057617,0.9999999750905969
VGT,2019-11-30,PLXS,Plexus Corp.,192,75.9,75.9000015258789,0.999999979896194
VGT,2019-11-30,PYPL,PayPal Holdings Inc.,13,108.01,108.01000213623047,0.99999998022192
VGT,2019-11-30,INTC,Intel Corp.,5,58.05,58.04999923706055,1.0000000131427986
VGT,2019-11-30,LRCX,Lam Research Corp.,28,266.83,266.83000564575195,0.9999999788413902
VGT,2019-11-30,BMI,Badger Meter Inc.,214,62.0,62.0,1.0
VGT,2019-11-30,CALX,Calix Inc.,305,7.75,7.75,1.0
VGT,2019-11-30,TRMB,Trimble Inc.,80,40.53,40.529998779296875,1.0000000301185088
VGT,2019-11-30,VSH,Vishay Intertechnology Inc.,177,19.89,19.889999389648438,1.0000000306863541
VGT,2019-11-30,FFIV,F5 Networks Inc.,89,145.71,145.7100067138672,0.9999999539230878
VGT,2019-11-30,BOX,Box Inc.,179,18.24,18.239999771118164,1.0000000125483464
VGT,2019-11-30,GPN,Global Payments Inc.,21,181.1,181.10000610351562,0.9999999662975404
VGT,2019-11-30,ORCL,Oracle Corp.,9,56.14,56.13999938964844,1.0000000108719553
VGT,2019-11-30,KLIC,Kulicke & Soffa Industries Inc.,223,25.09,25.09000015258789,0.9999999939183782
VGT,2019-11-30,LFUS,Littelfuse Inc.,131,181.40999999999997,181.41000366210938,0.999999979813079
VGT,2019-11-30,EVTC,EVERTEC Inc.,208,32.42,32.41999816894531,1.0000000564791731
VGT,2019-11-30,SWKS,Skyworks Solutions Inc.,51,98.3,98.30000305175781,0.9999999689546519
VGT,2019-11-30,TXN,Texas Instruments Inc.,15,120.21,120.20999908447266,1.0000000076160664
VGT,2019-11-30,NTGR,NETGEAR Inc.,272,25.11,25.110000610351562,0.9999999756928893
VGT,2019-11-30,IDCC,InterDigital Inc.,215,56.8,56.79999923706055,1.0000000134320328
VGT,2019-11-30,PLUS,ePlus Inc.,248,83.57000000000001,83.56999969482422,1.0000000036517385
VGT,2020-02-29,TXN,Texas Instruments Inc.,15,114.14,114.13999938964844,1.000000005347394
VGT,2020-02-29,ZD,j2 Global Inc.,137,87.33,87.33000259399414,0.9999999702966442
VGT,2020-02-29,IDCC,InterDigital Inc.,217,52.89,52.88999938964844,1.0000000115400183
VGT,2020-02-29,V,Visa Inc.,3,181.76,181.75999450683594,1.0000000302220742
VGT,2020-02-29,COHR,Coherent Inc.,161,128.71,29.690000534057617,4.33512959531125
VGT,2020-02-29,NOW,ServiceNow Inc.,21,326.09000000000003,326.0900115966797,0.9999999644371822
VGT,2020-02-29,LITE,Lumentum Holdings Inc.,108,77.82000000000001,77.81999969482422,1.00000000392156
VGT,2020-02-29,BMI,Badger Meter Inc.,211,60.21,60.209999084472656,1.00000001520557
VGT,2020-02-29,NVEC,NVE Corp.,305,63.27,63.27000045776367,0.9999999927649176
VGT,2020-02-29,SAIC,Science Applications International Corp.,134,80.13,80.12999725341797,1.0000000342765771
VGT,2020-02-29,FORM,FormFactor Inc.,213,22.369999999999997,22.3700008392334,0.9999999624839799
VGT,2020-02-29,CPAY,FleetCor Technologies Inc.,38,265.79,265.7900085449219,0.9999999678508538
VGT,2020-02-29,IT,Gartner Inc.,71,129.39,129.38999938964844,1.0000000047171462
VGT,2020-02-29,EXLS,ExlService Holdings Inc.,171,74.65,74.6500015258789,0.9999999795595597
VGT,2020-02-29,HUCK,Domo Inc.,312,21.09,21.09000015258789,0.9999999927649175
VGT,2020-02-29,INTC,Intel Corp.,5,55.52,55.52000045776367,0.9999999917549772
VGT,2020-02-29,APPN,Appian Corp.,248,44.150000000000006,44.150001525878906,0.9999999654387577
VGT,2020-02-29,LFUS,Littelfuse Inc.,140,159.68,159.67999267578125,1.0000000458681055
VGT,2020-02-29,DIOD,Diodes Inc.,200,44.010000000000005,44.0099983215332,1.0000000381383065
VGT,2020-02-29,IPGP,IPG Photonics Corp.,123,127.64,127.63999938964844,1.0000000047818205
VGT,2020-02-29,SSTI,ShotSpotter Inc.,307,35.6,35.599998474121094,1.0000000428617688
VGT,2020-02-29,ICHR,Ichor Holdings Ltd.,272,28.92,28.920000076293945,0.9999999973618968
VGT,2020-02-29,HLIT,Harmonic Inc.,281,6.14,6.139999866485596,1.0000000217450173
VGT,2020-02-29,CSCO,Cisco Systems Inc.,6,39.93,39.93000030517578,0.9999999923572307
VGT,2020-02-29,GLW,Corning Inc.,45,23.860000000000003,23.860000610351562,0.9999999744194659
VGT,2020-02-29,DLB,Dolby Laboratories Inc.,131,65.7,65.69999694824219,1.0000000464498928
VGT,2020-02-29,CASS,Cass Information Systems Inc.,280,46.95,46.95000076293945,0.9999999837499587
VGT,2020-02-29,WDC,Western Digital Corp.,53,55.559999999999995,55.5599993019104,1.0000000125646076
VGT,2020-02-29,BAH,Booz Allen Hamilton Holding Corp.,78,71.3,71.30000305175781,0.9999999571983494
VGT,2020-02-29,APPS,Digital Turbine Inc.,293,6.13,6.130000114440918,0.9999999813310089
VGT,2020-02-29,EXTR,Extreme Networks Inc.,276,5.03,5.03000020980835,0.9999999582886002
VGT,2020-02-29,GPN,Global Payments Inc.,23,183.97,183.97000122070312,0.999999993364662
VGT,2020-02-29,UIS,Unisys Corp.,253,15.53,15.529999732971191,1.000000017194386
VGT,2020-02-29,HUBS,HubSpot Inc.,96,179.45000000000002,179.4499969482422,1.0000000170061738
VGT,2020-02-29,ZBRA,Zebra Technologies Corp.,73,210.97,210.97000122070312,0.9999999942138544
VGT,2020-02-29,ECHO,EchoStar Corp.,212,34.919999999999995,34.91999816894531,1.0000000524357038
VGT,2020-02-29,ADI,Analog Devices Inc.,28,109.05,109.05000305175781,0.9999999720150597
VGT,2020-02-29,TEL,TE Connectivity Ltd.,33,82.87,82.87000274658203,0.9999999668567402
VGT,2020-02-29,WU,Western Union Co.,83,22.389999999999997,22.389999389648438,1.0000000272600078
VGT,2020-02-29,LDOS,Leidos Holdings Inc.,58,102.65,102.6500015258789,0.9999999851351302
VGT,2020-02-29,NVDA,NVIDIA Corp.,8,270.07000000000005,270.0699996948242,1.0000000011299879
VGT,2020-02-29,CRUS,Cirrus Logic Inc.,139,68.64,68.63999938964844,1.0000000088920684
VGT,2020-02-29,BHE,Benchmark Electronics Inc.,254,27.18,27.18000030517578,0.9999999887720464
VGT,2020-02-29,TYL,Tyler Technologies Inc.,66,313.35,313.3500061035156,0.9999999805217313
VGT,2020-02-29,KEYS,Keysight Technologies Inc.,47,94.76,94.76000213623047,0.9999999774564118
VGT,2020-02-29,AMAT,Applied Materials Inc.,24,58.12,58.119998931884766,1.0000000183777573
VGT,2020-02-29,KLIC,Kulicke & Soffa Industries Inc.,225,22.83,22.829999923706055,1.0000000033418284
VGT,2020-02-29,MU,Micron Technology Inc.,22,52.559999999999995,52.560001373291016,0.9999999738719372
VGT,2020-02-29,VRRM,Verra Mobility Corp.,218,15.14500001190309,15.145000457763672,0.9999999705605435
VGT,2020-02-29,PAYC,Paycom Software Inc.,57,282.65,282.6499938964844,1.0000000215938996
VGT,2020-02-29,CRNC,Cerence Inc.,322,21.71,21.709999084472656,1.0000000421707684
VGT,2020-02-29,ONTO,Onto Innovation Inc.,221,30.57,30.56999969482422,1.0000000099828519
VGT,2020-02-29,VIAV,Viavi Solutions Inc.,164,13.19,13.1899995803833,1.0000000318132458
VGT,2020-02-29,MSFT,Microsoft Corp.,2,162.01000000000002,162.00999450683594,1.0000000339063284
VGT,2020-02-29,MCHP,Microchip Technology Inc.,40,90.71,90.70999908447266,1.0000000100929043
VGT,2020-02-29,MA,Mastercard Inc.,4,290.25,290.25,1.0
VGT,2020-02-29,AKAM,Akamai Technologies Inc.,56,86.50999999999999,86.51000213623047,0.9999999753065493
VGT,2020-02-29,WK,Workiva Inc.,231,42.74,42.7400016784668,0.999999960728434
VGT,2020-02-29,RAMP,LiveRamp Holdings Inc.,180,35.440000000000005,35.439998626708984,1.000000038749748
VGT,2020-02-29,RMBS,Rambus Inc.,219,13.98,13.979999542236328,1.0000000327441836
VGT,2020-02-29,EGHT,8x8 Inc.,203,18.5,18.5,1.0
VGT,2020-02-29,PRGS,Progress Software Corp.,214,37.29,37.290000915527344,0.9999999754484494
VGT,2020-02-29,P,Pure Storage Inc.,152,15.26,15.260000228881836,0.9999999850011905
VGT,2020-02-29,BLKB,Blackbaud Inc.,154,67.8,67.80000305175781,0.9999999549888248
VGT,2020-02-29,SNPS,Synopsys Inc.,42,137.92999999999998,137.92999267578125,1.000000053100987
VGT,2020-02-29,TWLO,Twilio Inc.,62,112.64,112.63999938964844,1.000000005418604
VGT,2020-02-29,EEFT,Euronet Worldwide Inc.,99,124.04,124.04000091552734,0.999999992619096
VGT,2020-02-29,VYX,NCR Corp.,163,25.2,25.200000591278073,0.9999999765365849
VGT,2020-02-29,CEVA,CEVA Inc.,274,28.409999999999997,28.40999984741211,1.0000000053709217
VGT,2020-02-29,ESTC,Elastic NV,192,73.86,73.86000061035156,0.9999999917363721
VGT,2020-02-29,PAYX,Paychex Inc.,36,77.47999999999999,77.4800033569336,0.9999999566735486
VGT,2020-02-29,ALRM,Alarm.com Holdings Inc.,209,48.25,48.25,1.0
VGT,2020-02-29,DXC,DXC Technology Co.,105,24.110000000000003,24.110000610351562,0.999999974684714
VGT,2020-02-29,BFH,Alliance Data Systems Corp.,145,85.88,85.87999977111815,1.0000000026651357
VGT,2020-02-29,OKTA,Okta Inc.,59,128.06,128.05999755859375,1.0000000190645502
VGT,2020-02-29,TDC,Teradata Corp.,182,19.94,19.940000534057617,0.9999999732167703
VGT,2020-02-29,ENTG,Entegris Inc.,97,53.32,53.31999969482422,1.0000000057234768
VGT,2020-02-29,BDC,Belden Inc.,207,39.93,39.93000030517578,0.9999999923572307
VGT,2020-02-29,ATEN,A10 Networks Inc.,300,6.71,6.710000038146973,0.9999999943149073
VGT,2020-02-29,CACI,CACI International Inc.,107,245.02,245.02000427246094,0.9999999825628078
VGT,2020-02-29,MPWR,Monolithic Power Systems Inc.,101,158.64,158.63999938964844,1.0000000038474002
VGT,2020-02-29,CNDT,Conduent Inc.,277,3.27,3.2699999809265137,1.0000000058328704
VGT,2020-02-29,APPF,Appfolio Inc.,206,122.97,122.97000122070312,0.9999999900731633
VGT,2020-02-29,LASR,nLight Inc.,291,16.509999999999998,16.510000228881836,0.9999999861367757
VGT,2020-02-29,ADSK,Autodesk Inc.,27,190.88,190.8800048828125,0.9999999744194658
VGT,2020-02-29,CTSH,Cognizant Technology Solutions Corp.,29,60.93000000000001,60.93000030517578,0.9999999949913708
VGT,2020-02-29,QCOM,QUALCOMM Inc.,16,78.3,78.30000305175781,0.9999999610248059
VGT,2020-02-29,EVTC,EVERTEC Inc.,204,29.68,29.68000030517578,0.9999999897177972
VGT,2020-02-29,PLXS,Plexus Corp.,198,66.35000000000001,66.3499984741211,1.000000022997422
VGT,2020-02-29,NTCT,NetScout Systems Inc.,196,25.700000000000003,25.700000762939453,0.999999970313641
VGT,2020-02-29,CDW,CDW Corp.,52,114.22,114.22000122070312,0.9999999893127026
VGT,2020-02-29,AOSL,Alpha & Omega Semiconductor Ltd.,315,10.84,10.84000015258789,0.9999999859236265
VGT,2020-02-29,AAOI,Applied Optoelectronics Inc.,319,8.930000000000001,8.930000305175781,0.9999999658257817
VGT,2020-02-29,LSCC,Lattice Semiconductor Corp.,183,17.95,17.950000762939453,0.999999957496411
VGT,2020-02-29,WEX,WEX Inc.,90,187.24,187.24000549316406,0.9999999706624445
VGT,2020-02-29,VSAT,ViaSat Inc.,179,57.5,57.5,1.0
VGT,2020-02-29,AVT,Avnet Inc.,158,30.68,30.68000030517578,0.9999999900529407
VGT,2020-02-29,TER,Teradyne Inc.,80,58.76,58.7599983215332,1.0000000285647863
VGT,2020-02-29,TRMB,Trimble Inc.,81,39.48,39.47999954223633,1.0000000115948247
VGT,2020-02-29,AMBA,Ambarella Inc.,210,59.45,59.45000076293945,0.9999999871667041
VGT,2020-02-29,SMTC,Semtech Corp.,169,39.49,39.4900016784668,0.9999999574964111
VGT,2020-02-29,HPE,Hewlett Packard Enterprise Co.,51,12.79,12.789999961853027,1.0000000029825622
VGT,2020-02-29,MRVL,Marvell Technology Group Ltd.,61,21.3,21.299999237060547,1.000000035818755
VGT,2020-02-29,PYPL,PayPal Holdings Inc.,10,107.99,107.98999786376953,1.0000000197817438
VGT,2020-02-29,RBBN,Ribbon Communications Inc.,318,3.2300000000000004,3.2300000190734863,0.999999994094896
VGT,2020-02-29,PEGA,Pegasystems Inc.,151,90.5,90.5,1.0
VGT,2020-02-29,POWI,Power Integrations Inc.,172,87.05,87.05000305175781,0.9999999649424732
VGT,2020-02-29,SABR,Sabre Corp.,144,13.615,13.614999771118164,1.0000000168110055
VGT,2020-02-29,XYZ,Square Inc.,31,83.33,83.33000183105469,0.9999999780264652
VGT,2020-02-29,PLAB,Photronics Inc.,260,12.45,12.449999809265137,1.0000000153200694
VGT,2020-02-29,NTNX,Nutanix Inc.,143,23.84,23.84000015258789,0.9999999935995013
VGT,2020-02-29,JBL,Jabil Inc.,129,32.05,32.04999923706055,1.0000000238046636
VGT,2020-02-29,WDAY,Workday Inc.,32,173.25,173.25,1.0
VGT,2020-02-29,XRX,Xerox Holdings Corp.,102,32.2,32.20000076293945,0.9999999763062288
VGT,2020-02-29,MXL,MaxLinear Inc.,247,15.46,15.460000038146973,0.9999999975325374
VGT,2020-02-29,HPQ,HP Inc.,30,20.79,20.790000915527344,0.9999999559630927
VGT,2020-02-29,STX,Seagate Technology plc,72,47.95,47.95000076293945,0.9999999840888543
VGT,2020-02-29,ADP,Automatic Data Processing Inc.,19,154.73999999999998,154.74000549316406,0.9999999645006857
VGT,2020-02-29,PTC,PTC Inc.,89,75.55,75.55000305175781,0.9999999596061192
VGT,2020-02-29,QLYS,Qualys Inc.,170,80.18,80.18000030517578,0.9999999961938666
VGT,2020-02-29,EPAM,EPAM Systems Inc.,65,223.2,223.1999969482422,1.0000000136727503
VGT,2020-02-29,SLAB,Silicon Laboratories Inc.,142,88.68,88.68000030517578,0.9999999965586854
VGT,2020-02-29,YEXT,Yext Inc.,256,15.16,15.15999984741211,1.0000000100651645
VGT,2020-02-29,ARLO,Arlo Technologies Inc.,309,3.28,3.2799999713897705,1.000000008722631
VGT,2020-02-29,SNX,SYNNEX Corp.,117,125.03,125.02999877929688,1.000000009763282
VGT,2020-02-29,CMTL,Comtech Telecommunications Corp.,270,28.02,28.020000457763672,0.9999999836629669
VGT,2020-02-29,PAYS,Paysign Inc.,313,8.030000000000001,8.029999732971191,1.0000000332539003
VGT,2020-02-29,UI,Ubiquiti Inc.,202,135.66,135.66000366210938,0.999999973005239
VGT,2020-02-29,RPD,Rapid7 Inc.,199,46.3,46.29999923706055,1.0000000164781742
VGT,2020-02-29,TTMI,TTM Technologies Inc.,234,12.99,12.989999771118164,1.0000000176198491
VGT,2020-02-29,SSNC,SS&C Technologies Holdings Inc.,63,55.5,55.5,1.0
VGT,2020-02-29,KBR,KBR Inc.,146,25.96,25.959999084472656,1.000000035266848
VGT,2020-02-29,CDNS,Cadence Design Systems Inc.,46,66.14,66.13999938964844,1.0000000092281762
VGT,2020-02-29,GEN,NortonLifeLock Inc.,69,19.03,19.030000686645508,0.9999999639177362
VGT,2020-02-29,AEIS,Advanced Energy Industries Inc.,181,59.475000032005944,59.47999954223633,0.999915946364007
VGT,2020-02-29,PCTY,Paylocity Holding Corp.,126,129.52,129.52000427246094,0.9999999670131193
VGT,2020-02-29,SEDG,SolarEdge Technologies Inc.,118,124.72,124.72000122070312,0.999999990212451
VGT,2020-02-29,AAPL,Apple Inc.,1,273.35999999999996,273.3599853515625,1.0000000535866194
VGT,2020-02-29,SANM,Sanmina Corp.,205,26.29,26.290000915527344,0.9999999651758344
VGT,2020-02-29,SYNA,Synaptics Inc.,185,66.05,66.05000305175781,0.9999999537962502
VGT,2020-02-29,ITRI,Itron Inc.,168,75.84,75.83999633789062,1.0000000482873095
VGT,2020-02-29,ACIW,ACI Worldwide Inc.,156,27.87,27.8700008392334,0.9999999698875719
VGT,2020-02-29,NSIT,Insight Enterprises Inc.,193,55.09,55.09000015258789,0.9999999972302072
VGT,2020-02-29,FIS,Fidelity National Information Services Inc.,17,139.72,139.72000122070312,0.9999999912632185
VGT,2020-02-29,TTEC,TTEC Holdings Inc.,275,37.43,37.43000030517578,0.9999999918467598
VGT,2020-02-29,KE,Kimball Electronics Inc.,301,13.55,13.550000190734863,0.9999999859236266
VGT,2020-02-29,MSTR,MicroStrategy Inc.,243,135.16,135.15999794006348,1.0000000152407262
VGT,2020-02-29,ON,ON Semiconductor Corp.,91,18.66,18.65999984741211,1.0000000081772717
VGT,2020-02-29,CVLT,CommVault Systems Inc.,208,41.7,41.70000076293945,0.9999999817040902
VGT,2020-02-29,FICO,Fair Isaac Corp.,75,376.03,376.0299987792969,1.0000000032462917
VGT,2020-02-29,ANET,Arista Networks Inc.,77,193.12,193.1199951171875,1.0000000252838268
VGT,2020-02-29,ZS,Zscaler Inc.,155,51.99,51.9900016784668,0.9999999677155849
VGT,2020-02-29,DOCU,DocuSign Inc.,85,86.31,86.30999755859375,1.0000000282864827
VGT,2020-02-29,ARW,Arrow Electronics Inc.,113,67.06,67.05999755859375,1.000000036406298
VGT,2020-02-29,GDDY,GoDaddy Inc.,64,69.98,69.9800033569336,0.9999999520301025
VGT,2020-02-29,PDFS,PDF Solutions Inc.,296,14.64,14.640000343322754,0.9999999765489928
VGT,2020-02-29,PANW,Palo Alto Networks Inc.,48,184.62,184.62000274658203,0.9999999851230529
VGT,2020-02-29,SCSC,ScanSource Inc.,269,28.43,28.43000030517578,0.999999989265713
VGT,2020-02-29,ZM,Zoom Video Communications Inc.,125,105.0,105.0,1.0
VGT,2020-02-29,NOVT,Novanta Inc.,159,89.21,89.20999908447266,1.000000010262609
VGT,2020-02-29,GWRE,Guidewire Software Inc.,84,109.61,109.61000061035156,0.9999999944316069
VGT,2020-02-29,KN,Knowles Corp.,222,16.62,16.6200008392334,0.9999999495046116
VGT,2020-02-29,PLUS,ePlus Inc.,251,75.76,75.76000213623047,0.999999971802661
VGT,2020-02-29,MMS,MAXIMUS Inc.,136,63.02,63.02000045776367,0.999999992736216
VGT,2020-02-29,FLEX,Flex Ltd.,112,11.11,11.1099992685318,1.0000000658387262
VGT,2020-02-29,UPLD,Upland Software Inc.,259,38.91,38.91000061035157,0.999999984313761
VGT,2020-02-29,LRCX,Lam Research Corp.,26,293.43,293.43000411987305,0.9999999859596054
VGT,2020-02-29,VRNS,Varonis Systems Inc.,176,80.22,80.21999931335449,1.0000000085595302
VGT,2020-02-29,FISV,Fiserv Inc.,20,109.36,109.36000061035156,0.9999999944188774
VGT,2020-02-29,MANH,Manhattan Associates Inc.,130,67.36,67.36000061035156,0.9999999909389614
VGT,2020-02-29,QTWO,Q2 Holdings Inc.,157,75.37,75.37000274658203,0.9999999635586848
VGT,2020-02-29,UCTT,Ultra Clean Holdings Inc.,261,20.91,20.90999984741211,1.0000000072973645
VGT,2020-02-29,MDB,MongoDB Inc.,104,152.5,152.5,1.0
VGT,2020-02-29,MKSI,MKS Instruments Inc.,116,100.19,100.19000244140625,0.9999999756322369
VGT,2020-02-29,ACN,Accenture plc,13,180.59,180.58999633789062,1.000000020278584
VGT,2020-02-29,INTU,Intuit Inc.,18,265.85,265.8500061035156,0.9999999770415067
VGT,2020-02-29,CIEN,Ciena Corp.,110,38.45,38.45000076293945,0.9999999801576219
VGT,2020-02-29,CGNX,Cognex Corp.,92,44.54,44.540000915527344,0.9999999794448288
VGT,2020-02-29,NTGR,NETGEAR Inc.,278,18.87,18.8700008392334,0.9999999555255241
VGT,2020-02-29,PD,PagerDuty Inc.,304,20.6,20.600000381469727,0.9999999814820525
VGT,2020-02-29,ACLS,Axcelis Technologies Inc.,264,23.99,23.989999771118164,1.0000000095407184
VGT,2020-02-29,AZTA,Brooks Automation Inc.,174,34.51,34.5099983215332,1.0000000486371161
VGT,2020-02-29,SPSC,SPS Commerce Inc.,201,52.6,52.599998474121094,1.0000000290091056
VGT,2020-02-29,BR,Broadridge Financial Solutions Inc.,67,104.36,104.36000061035156,0.9999999941514799
VGT,2020-02-29,ADBE,Adobe Inc.,7,345.12,345.1199951171875,1.0000000141481589
VGT,2020-02-29,IBM,International Business Machines Corp.,12,130.15,130.1499976348877,1.000000018172204
VGT,2020-02-29,CTS,CTS Corp.,262,26.07,26.06999969482422,1.000000011706014
VGT,2020-02-29,IMXI,International Money Express Inc.,314,9.42,9.420000076293945,0.9999999919008551
VGT,2020-02-29,XPER,Xperi Corp.,258,17.19,,
VGT,2020-02-29,FIVN,Five9 Inc.,128,73.03,73.02999877929688,1.0000000167150918
VGT,2020-02-29,DBX,Dropbox Inc.,124,19.56,19.559999465942383,1.0000000273035599
VGT,2020-02-29,AMKR,Amkor Technology Inc.,242,10.435000011423323,10.4399995803833,0.9995211140650454
VGT,2020-02-29,DAKT,Daktronics Inc.,317,4.92,4.920000076293945,0.9999999844931008
VGT,2020-02-29,QRVO,Qorvo Inc.,68,100.58,100.58000183105469,0.9999999817950422
VGT,2020-02-29,OSIS,OSI Systems Inc.,230,81.27000000000001,81.2699966430664,1.00000004130594
VGT,2020-02-29,AMD,Advanced Micro Devices Inc.,25,45.48,45.47999954223633,1.0000000100651643
VGT,2020-02-29,VISN,CommScope Holding Co. Inc.,187,11.01,11.010000228881836,0.9999999792114594
VGT,2020-02-29,CRM,salesforce.com Inc.,9,170.39999999999998,170.39999389648438,1.0000000358187549
VGT,2020-02-29,DELL,Dell Technologies Inc.,103,40.459999999999994,40.45999859428406,1.000000034743351
VGT,2020-02-29,HCKT,Hackett Group Inc.,297,15.4,15.399999618530273,1.000000024770762
VGT,2020-02-29,FN,Fabrinet,190,55.12,55.119998931884766,1.000000019377998
VGT,2020-02-29,TTD,Trade Desk Inc.,76,287.25,287.25000381469727,0.9999999867199401
VGT,2020-02-29,OLED,Universal Display Corp.,100,158.79,158.7899932861328,1.000000042281425
VGT,2020-02-29,TCX,Tucows Inc.,286,51.09,51.09000015258789,0.9999999970133512
VGT,2020-02-29,COHU,Cohu Inc.,257,20.47,20.469999313354492,1.0000000335439927
VGT,2020-02-29,OSPN,OneSpan Inc.,282,16.51,16.510000228881836,0.9999999861367759
VGT,2020-02-29,AVGO,Broadcom Inc.,14,272.62,272.61999130249023,1.0000000319034188
VGT,2020-02-29,TENB,Tenable Holdings Inc.,267,24.52,24.520000457763672,0.9999999813310089
VGT,2020-02-29,VRSN,VeriSign Inc.,44,189.75,189.75,1.0
VGT,2020-02-29,FSLR,First Solar Inc.,149,45.77,45.77000045776367,0.9999999899986091
VGT,2020-02-29,ADTN,ADTRAN Inc.,298,8.045000025890504,8.050000190734863,0.9993788615247345
VGT,2020-02-29,APH,Amphenol Corp.,35,91.68,91.68000030517578,0.9999999966712939
VGT,2020-02-29,KLAC,KLA Corp.,37,153.70999999999998,153.71000289916992,0.9999999811387035
VGT,2020-02-29,ENPH,Enphase Energy Inc.,133,48.970000000000006,48.970001220703125,0.9999999750724303
VGT,2020-02-29,VPG,Vishay Precision Group Inc.,306,27.47,27.469999313354492,1.0000000249961967
VGT,2020-02-29,FTNT,Fortinet Inc.,55,102.06,102.06000328063965,0.9999999678557756
VGT,2020-02-29,FFIV,F5 Networks Inc.,95,119.95,119.94999694824219,1.0000000254419166
VGT,2020-02-29,PI,Impinj Inc.,285,30.75,30.75,1.0
VGT,2020-02-29,VSH,Vishay Intertechnology Inc.,175,18.700000000000003,18.700000762939453,0.9999999592011006
VGT,2020-02-29,MTSI,MACOM Technology Solutions Holdings Inc.,239,25.27,25.270000457763672,0.9999999818850944
VGT,2020-02-29,JKHY,Jack Henry & Associates Inc.,70,151.74,151.74000549316406,0.999999963798841
VGT,2020-02-29,BL,Blackline Inc.,177,62.57,62.56999969482422,1.0000000048773499
VGT,2020-02-29,RNG,RingCentral Inc.,50,235.75,235.75,1.0
VGT,2020-02-29,MSI,Motorola Solutions Inc.,34,165.68,165.67999267578125,1.00000004420702
VGT,2020-02-29,DDD,3D Systems Corp.,246,9.159999999999998,9.15999984741211,1.0000000166580667
VGT,2020-02-29,DBD,Diebold Nixdorf Inc.,284,7.0200000000000005,,
VGT,2020-02-29,BOX,Box Inc.,178,16.75,16.75,1.0
VGT,2020-02-29,NTAP,NetApp Inc.,74,46.72,46.720001220703125,0.9999999738719372
VGT,2020-02-29,SWKS,Skyworks Solutions Inc.,49,100.18,100.18000030517578,0.9999999969537255
VGT,2020-02-29,VECO,Veeco Instruments Inc.,271,13.39,13.390000343322754,0.9999999743597652
VGT,2020-02-29,CALX,Calix Inc.,294,9.0,9.0,1.0
VGT,2020-02-29,ORCL,Oracle Corp.,11,49.46,49.459999084472656,1.0000000185104603
VGT,2020-02-29,MEI,Methode Electronics Inc.,240,30.66,30.65999984741211,1.000000004976774
VGT,2020-02-29,CNXN,PC Connection Inc.,289,40.669999999999995,40.66999816894531,1.0000000450222464
VGT,2020-02-29,ROG,Rogers Corp.,186,116.0,116.0,1.0
VGT,2020-05-31,PAYX,Paychex Inc,40,72.28,72.27999877929688,1.0000000168885328
VGT,2020-05-31,PRGS,Progress Software Corp,200,40.400000000000006,40.400001525878906,0.9999999622307217
VGT,2020-05-31,SYNA,Synaptics Inc,191,63.720000000000006,63.720001220703125,0.9999999808427009
VGT,2020-05-31,ANET,Arista Networks Inc,74,233.46,233.4600067138672,0.9999999712418959
VGT,2020-05-31,BLKB,Blackbaud Inc,166,58.61,58.61000061035156,0.9999999895862215
VGT,2020-05-31,CTS,CTS Corp,264,21.34,21.34000015258789,0.9999999928496771
VGT,2020-05-31,ACLS,Axcelis Technologies Inc,244,26.85,26.850000381469727,0.9999999857925617
VGT,2020-05-31,CSCO,Cisco Systems Inc,7,47.82,47.81999969482422,1.0000000063817605
VGT,2020-05-31,BHE,Benchmark Electronics Inc,249,21.19,21.190000534057617,0.9999999747967153
VGT,2020-05-31,CRM,salesforce.com Inc,10,174.79000000000002,174.7899932861328,1.0000000384110501
VGT,2020-05-31,MSFT,Microsoft Corp,2,183.25,183.25,1.0
VGT,2020-05-31,AMKR,Amkor Technology Inc,232,10.58,10.579999923706055,1.000000007211148
VGT,2020-05-31,KE,Kimball Electronics Inc,283,14.19,14.1899995803833,1.0000000295712974
VGT,2020-05-31,CIEN,Ciena Corp,91,55.26,55.2599983215332,1.0000000303739929
VGT,2020-05-31,BL,Blackline Inc,167,74.3,74.30000305175781,0.9999999589265453
VGT,2020-05-31,PYPL,PayPal Holdings Inc,9,155.01,155.00999450683594,1.000000035437483
VGT,2020-05-31,BR,Broadridge Financial Solutions Inc,66,121.1,121.0999984741211,1.0000000126001563
VGT,2020-05-31,YEXT,Yext Inc,267,15.79,15.789999961853027,1.0000000024158944
VGT,2020-05-31,DOCU,DocuSign Inc,60,139.74,139.74000549316406,0.9999999606901113
VGT,2020-05-31,CACI,CACI International Inc,110,250.78,250.77999877929688,1.0000000048676256
VGT,2020-05-31,ADTN,ADTRAN Inc,287,11.4,11.399999618530273,1.0000000334622579
VGT,2020-05-31,NSIT,Insight Enterprises Inc,204,51.260000000000005,51.2599983215332,1.0000000327441838
VGT,2020-05-31,AMD,Advanced Micro Devices Inc,22,53.8,53.79999923706055,1.0000000141810308
VGT,2020-05-31,DDD,3D Systems Corp,242,7.37,7.369999885559082,1.0000000155279403
VGT,2020-05-31,P,Pure Storage Inc,139,17.610000000000003,17.610000610351562,0.9999999653406282
VGT,2020-05-31,CASS,Cass Information Systems Inc,273,40.34,40.34000015258789,0.9999999962174545
VGT,2020-05-31,JKHY,Jack Henry & Associates Inc,67,180.86,180.86000061035156,0.9999999966252817
VGT,2020-05-31,STX,Seagate Technology PLC,75,53.04,53.040000915527344,0.9999999827389267
VGT,2020-05-31,DBX,Dropbox Inc,118,22.57,22.56999969482422,1.000000013521302
VGT,2020-05-31,LITE,Lumentum Holdings Inc,116,73.32,73.31999969482422,1.0000000041622445
VGT,2020-05-31,HLIT,Harmonic Inc,275,5.39,5.389999866485596,1.000000024770762
VGT,2020-05-31,PCTY,Paylocity Holding Corp,132,130.005,130.0050048828125,0.9999999624413498
VGT,2020-05-31,PANW,Palo Alto Networks Inc,44,235.27,235.2699966430664,1.0000000142684304
VGT,2020-05-31,MSTR,MicroStrategy Inc,240,124.48,124.47999954223633,1.0000000036774075
VGT,2020-05-31,CNDT,Conduent Inc,291,2.39,2.390000104904175,0.9999999561070418
VGT,2020-05-31,RNG,RingCentral Inc,50,274.25,274.25,1.0
VGT,2020-05-31,FIVN,Five9 Inc,107,104.2,104.19999694824219,1.000000029287504
VGT,2020-05-31,NVDA,NVIDIA Corp,6,355.02,355.0199890136719,1.0000000309456607
VGT,2020-05-31,KLAC,KLA Corp,34,175.96,175.9600067138672,0.9999999618443571
VGT,2020-05-31,PAYS,Paysign Inc,311,7.220000000000001,7.21999979019165,1.0000000290593292
VGT,2020-05-31,JBL,Jabil Inc,134,29.92,29.920000076293945,0.9999999974500687
VGT,2020-05-31,SANM,Sanmina Corp,197,26.61,26.610000610351562,0.999999977063076
VGT,2020-05-31,IPGP,IPG Photonics Corp,112,155.4,155.39999389648438,1.0000000392761639
VGT,2020-05-31,TENB,Tenable Holdings Inc,238,31.270000000000003,31.270000457763672,0.9999999853609318
VGT,2020-05-31,QTWO,Q2 Holdings Inc,151,82.61999999999999,82.62000274658203,0.9999999667564519
VGT,2020-05-31,EPAM,EPAM Systems Inc,73,230.64,230.63999938964844,1.0000000026463387
VGT,2020-05-31,SLAB,Silicon Laboratories Inc,141,93.66,93.66000366210938,0.9999999608999655
VGT,2020-05-31,PD,PagerDuty Inc,296,26.55,26.549999237060547,1.00000002873595
VGT,2020-05-31,SWKS,Skyworks Solutions Inc,51,118.54,118.54000091552734,0.999999992276638
VGT,2020-05-31,SABR,Sabre Corp,210,6.97,6.96999979019165,1.0000000301016292
VGT,2020-05-31,UI,Ubiquiti Inc,215,184.41,184.41000366210938,0.999999980141482
VGT,2020-05-31,GPN,Global Payments Inc,23,179.49,179.49000549316406,0.9999999693957107
VGT,2020-05-31,SAIC,Science Applications International Corp,130,88.04,88.04000091552734,0.9999999896010072
VGT,2020-05-31,DXC,DXC Technology Co,146,14.21,14.210000038146973,0.9999999973154841
VGT,2020-05-31,DBD,Diebold Nixdorf Inc,284,4.79,,
VGT,2020-05-31,TTMI,TTM Technologies Inc,231,11.57,11.569999694824219,1.0000000263764728
VGT,2020-05-31,FORM,FormFactor Inc,203,25.17,25.170000076293945,0.9999999969688541
VGT,2020-05-31,VYX,NCR Corp,181,18.05,18.050000343322754,0.9999999809793492
VGT,2020-05-31,FLEX,Flex Ltd,123,9.71,9.709999942779541,1.0000000058929412
VGT,2020-05-31,PEGA,Pegasystems Inc,145,95.12,95.12000274658203,0.9999999711250847
VGT,2020-05-31,RBBN,Ribbon Communications Inc,306,4.3999999999999995,4.400000095367432,0.9999999783255841
VGT,2020-05-31,GEN,NortonLifeLock Inc,64,22.78,22.780000686645508,0.9999999698575291
VGT,2020-05-31,OLED,Universal Display Corp,108,146.6,146.60000610351562,0.9999999583661979
VGT,2020-05-31,SNPS,Synopsys Inc,36,180.91,180.91000366210938,0.9999999797572865
VGT,2020-05-31,POWI,Power Integrations Inc,160,108.35,108.3499984741211,1.0000000140828695
VGT,2020-05-31,FSLR,First Solar Inc,148,46.62,46.619998931884766,1.0000000229110952
VGT,2020-05-31,CDNS,Cadence Design Systems Inc,37,91.29,91.29000091552734,0.99999998997122
VGT,2020-05-31,NTNX,Nutanix Inc,135,24.06,24.059999465942383,1.000000022196909
VGT,2020-05-31,ACIW,ACI Worldwide Inc,158,27.58,27.579999923706055,1.0000000027662779
VGT,2020-05-31,ZBRA,Zebra Technologies Corp,65,261.32,261.32000732421875,0.9999999719722236
VGT,2020-05-31,LRCX,Lam Research Corp,28,273.67,273.67000579833984,0.9999999788126587
VGT,2020-05-31,MTSI,MACOM Technology Solutions Holdings Inc,221,31.75,31.75,1.0
VGT,2020-05-31,TTD,Trade Desk Inc/The,77,311.56,311.560001373291,0.9999999955922102
VGT,2020-05-31,AMBA,Ambarella Inc,209,56.739999999999995,56.7400016784668,0.9999999704182807
VGT,2020-05-31,HUCK,Domo Inc,305,25.32,25.31999969482422,1.0000000120527561
VGT,2020-05-31,TCX,Tucows Inc,268,60.07,60.06999969482422,1.000000005080336
VGT,2020-05-31,ITRI,Itron Inc,185,64.42,64.41999816894531,1.0000000284236998
VGT,2020-05-31,OSIS,OSI Systems Inc,229,75.77,75.7699966430664,1.0000000443042594
VGT,2020-05-31,APPN,Appian Corp,219,56.959999999999994,56.959999084472656,1.0000000160731628
VGT,2020-05-31,MMS,MAXIMUS Inc,133,72.02,72.0199966430664,1.0000000466111323
VGT,2020-05-31,CNXN,PC Connection Inc,276,43.28,43.279998779296875,1.0000000282047865
VGT,2020-05-31,ON,ON Semiconductor Corp,102,16.49,16.489999771118164,1.0000000138800387
VGT,2020-05-31,GWRE,Guidewire Software Inc,92,102.58,102.58000183105469,0.9999999821499839
VGT,2020-05-31,IMXI,International Money Express Inc,286,11.03,11.029999732971191,1.0000000242093214
VGT,2020-05-31,XYZ,Square Inc,33,81.08,81.08000183105469,0.9999999774166916
VGT,2020-05-31,CGNX,Cognex Corp,87,56.74,56.7400016784668,0.9999999704182808
VGT,2020-05-31,CTSH,Cognizant Technology Solutions Corp,30,53.0,53.0,1.0
VGT,2020-05-31,EXLS,ExlService Holdings Inc,192,61.17,61.17000102996826,0.9999999831621997
VGT,2020-05-31,KBR,KBR Inc,156,23.45,23.450000762939453,0.9999999674652695
VGT,2020-05-31,PLUS,ePlus Inc,237,73.71000000000001,73.70999908447266,1.000000012420667
VGT,2020-05-31,INTU,Intuit Inc,18,290.32,290.32000732421875,0.9999999747719118
VGT,2020-05-31,DELL,Dell Technologies Inc,96,49.63999999999999,49.639998559951785,1.0000000290098359
VGT,2020-05-31,NVEC,NVE Corp,299,60.529999999999994,60.529998779296875,1.0000000201669113
VGT,2020-05-31,PLAB,Photronics Inc,247,11.99,11.989999771118164,1.0000000190893945
VGT,2020-05-31,RPD,Rapid7 Inc,189,48.89,48.88999938964844,1.0000000124841801
VGT,2020-05-31,FIS,Fidelity National Information Services Inc,17,138.83,138.8300018310547,0.9999999868108143
VGT,2020-05-31,VSH,Vishay Intertechnology Inc,183,16.26,16.260000228881836,0.9999999859236266
VGT,2020-05-31,AOSL,Alpha & Omega Semiconductor Ltd,314,10.52,10.520000457763672,0.9999999564863449
VGT,2020-05-31,OSPN,OneSpan Inc,266,20.32,20.31999969482422,1.0000000150184933
VGT,2020-05-31,FTNT,Fortinet Inc,53,139.2,139.20000076293945,0.999999994519113
VGT,2020-05-31,WK,Workiva Inc,218,44.54,44.540000915527344,0.9999999794448288
VGT,2020-05-31,SCSC,ScanSource Inc,290,24.65,24.649999618530273,1.0000000154754454
VGT,2020-05-31,VPG,Vishay Precision Group Inc,310,23.62,23.6200008392334,0.9999999644693748
VGT,2020-05-31,MDB,MongoDB Inc,82,232.11,232.11000061035156,0.9999999973704211
VGT,2020-05-31,ARLO,Arlo Technologies Inc,301,2.21,2.2100000381469727,0.9999999827389267
VGT,2020-05-31,ALRM,Alarm.com Holdings Inc,196,47.29,47.290000915527344,0.9999999806401496
VGT,2020-05-31,ZM,Zoom Video Communications Inc,98,179.48,179.47999572753906,1.0000000238046636
VGT,2020-05-31,HCKT,Hackett Group Inc/The,282,13.79,13.789999961853027,1.0000000027662779
VGT,2020-05-31,UPLD,Upland Software Inc,246,34.55,34.550000000000004,0.9999999999999998
VGT,2020-05-31,MXL,MaxLinear Inc,241,17.32,17.31999969482422,1.0000000176198491
VGT,2020-05-31,COHU,Cohu Inc,262,15.06,15.0600004196167,0.9999999721370062
VGT,2020-05-31,BDC,Belden Inc,211,34.04,34.040000915527344,0.9999999731043678
VGT,2020-05-31,KEYS,Keysight Technologies Inc,52,108.13,108.12999725341797,1.0000000254007408
VGT,2020-05-31,EGHT,8x8 Inc,222,14.54,14.539999961853027,1.0000000026235882
VGT,2020-05-31,TDC,Teradata Corp,173,21.41,21.40999984741211,1.000000007126945
VGT,2020-05-31,VSAT,ViaSat Inc,226,42.0,42.0,1.0
VGT,2020-05-31,ADBE,Adobe Inc,8,386.6,386.6000061035156,0.9999999842123241
VGT,2020-05-31,SPSC,SPS Commerce Inc,180,68.16000000000001,68.16000366210938,0.9999999462718725
VGT,2020-05-31,TXN,Texas Instruments Inc,14,118.74,118.73999786376953,1.0000000179908246
VGT,2020-05-31,IT,Gartner Inc,83,121.7,121.69999694824219,1.0000000250760714
VGT,2020-05-31,RMBS,Rambus Inc,208,15.54,15.539999961853027,1.0000000024547602
VGT,2020-05-31,VRSN,VeriSign Inc,41,219.01,219.00999450683594,1.0000000250817962
VGT,2020-05-31,VIAV,Viavi Solutions Inc,170,11.59,11.59000015258789,0.9999999868345221
VGT,2020-05-31,VECO,Veeco Instruments Inc,265,11.74,11.739999771118164,1.0000000194958978
VGT,2020-05-31,QRVO,Qorvo Inc,76,104.74,104.73999786376953,1.0000000203955557
VGT,2020-05-31,WEX,WEX Inc,103,148.08,148.0800018310547,0.9999999876346931
VGT,2020-05-31,INTC,Intel Corp,4,62.93,62.93000030517578,0.9999999951505517
VGT,2020-05-31,KN,Knowles Corp,227,15.04,15.039999961853027,1.0000000025363678
VGT,2020-05-31,ORCL,Oracle Corp,12,53.77,53.77000045776367,0.9999999914866344
VGT,2020-05-31,AMAT,Applied Materials Inc,25,56.18,56.18000030517578,0.9999999945678928
VGT,2020-05-31,MU,Micron Technology Inc,24,47.91,47.90999984741211,1.000000003184886
VGT,2020-05-31,VRRM,Verra Mobility Corp,245,10.91,10.90999984741211,1.000000013986058
VGT,2020-05-31,TRMB,Trimble Inc,85,39.120000000000005,39.119998931884766,1.00000002730356
VGT,2020-05-31,QLYS,Qualys Inc,147,115.32,115.31999969482422,1.0000000026463387
VGT,2020-05-31,WDC,Western Digital Corp,69,44.37,44.36999945068359,1.0000000123803563
VGT,2020-05-31,ECHO,EchoStar Corp,216,31.16,31.15999984741211,1.0000000048969155
VGT,2020-05-31,PTC,PTC Inc,90,76.38,76.37999725341797,1.0000000359594412
VGT,2020-05-31,APPS,Digital Turbine Inc,292,6.42,6.420000076293945,0.999999988116208
VGT,2020-05-31,EEFT,Euronet Worldwide Inc,121,94.73,94.7300033569336,0.9999999645631429
VGT,2020-05-31,ICHR,Ichor Holdings Ltd,270,22.75,22.75,1.0
VGT,2020-05-31,TER,Teradyne Inc,80,67.02,67.0199966430664,1.000000050088537
VGT,2020-05-31,V,Visa Inc,3,195.24,195.24000549316406,0.9999999718645569
VGT,2020-05-31,MEI,Methode Electronics Inc,233,31.35,31.350000381469727,0.9999999878319068
VGT,2020-05-31,HPQ,HP Inc,46,15.14,15.140000343322754,0.9999999773234646
VGT,2020-05-31,SNX,SYNNEX Corp,128,106.65,106.6500015258789,0.99999998569265
VGT,2020-05-31,ESTC,Elastic NV,175,85.92,85.91999816894531,1.0000000213111584
VGT,2020-05-31,XRX,Xerox Holdings Corp,159,15.88,15.880000114440918,0.9999999927933931
VGT,2020-05-31,BMI,Badger Meter Inc,207,61.19,61.189998626708984,1.0000000224430634
VGT,2020-05-31,CVLT,CommVault Systems Inc,205,40.46,40.459999084472656,1.0000000226279626
VGT,2020-05-31,SEDG,SolarEdge Technologies Inc,111,141.9,141.89999389648438,1.000000043012797
VGT,2020-05-31,NTAP,NetApp Inc,84,44.54,44.540000915527344,0.9999999794448288
VGT,2020-05-31,OKTA,Okta Inc,48,195.58,195.5800018310547,0.9999999906378226
VGT,2020-05-31,CEVA,CEVA Inc,257,34.47,34.470001220703125,0.9999999645865076
VGT,2020-05-31,AKAM,Akamai Technologies Inc,56,105.8,105.80000305175781,0.999999971155409
VGT,2020-05-31,PLXS,Plexus Corp,202,64.22,64.22000122070312,0.9999999809918545
VGT,2020-05-31,TYL,Tyler Technologies Inc,61,375.31,375.30999755859375,1.0000000065050392
VGT,2020-05-31,MRVL,Marvell Technology Group Ltd,49,32.620000000000005,32.619998931884766,1.0000000327441838
VGT,2020-05-31,WDAY,Workday Inc,29,183.43,183.42999267578125,1.0000000399292321
VGT,2020-05-31,CDW,CDW Corp/DE,57,110.91,110.91000366210938,0.9999999669812527
VGT,2020-05-31,COHR,Coherent Inc,150,145.21,47.529998779296875,3.055123158623993
VGT,2020-05-31,FN,Fabrinet,178,63.94,63.939998626708984,1.000000021477808
VGT,2020-05-31,DIOD,Diodes Inc,193,48.64,48.63999938964844,1.0000000125483464
VGT,2020-05-31,PDFS,PDF Solutions Inc,277,17.060000000000002,17.059999465942383,1.000000031304668
VGT,2020-05-31,SMTC,Semtech Corp,152,53.18,53.18000030517578,0.9999999942614558
VGT,2020-05-31,TTEC,TTEC Holdings Inc,254,42.36,42.36000061035156,0.9999999855913231
VGT,2020-05-31,LASR,nLight Inc,279,21.56,21.559999465942383,1.000000024770762
VGT,2020-05-31,MCHP,Microchip Technology Inc,45,96.02,96.0199966430664,1.000000034960776
VGT,2020-05-31,FISV,Fiserv Inc,21,106.77,106.7699966430664,1.000000031440795
VGT,2020-05-31,ZS,Zscaler Inc,106,98.09,98.08999633789062,1.000000037334178
VGT,2020-05-31,IDCC,InterDigital Inc,199,54.97,54.970001220703125,0.9999999777932854
VGT,2020-05-31,HPE,Hewlett Packard Enterprise Co,72,9.71,9.710000038146973,0.9999999960713727
VGT,2020-05-31,CMTL,Comtech Telecommunications Corp,302,17.810000000000002,17.809999465942383,1.0000000299863916
VGT,2020-05-31,NTGR,NETGEAR Inc,248,25.73,25.729999542236328,1.0000000177910486
VGT,2020-05-31,ZD,J2 Global Inc,149,78.3,78.30000381469726,0.9999999512810079
VGT,2020-05-31,APPF,Appfolio Inc,179,158.51000000000002,158.50999450683594,1.0000000346550013
VGT,2020-05-31,PAYC,Paycom Software Inc,59,297.22999999999996,297.2300109863281,0.9999999630376215
VGT,2020-05-31,ADSK,Autodesk Inc,26,210.38,210.3800048828125,0.9999999767905106
VGT,2020-05-31,GDDY,GoDaddy Inc,70,77.25,77.25,1.0
VGT,2020-05-31,NTCT,NetScout Systems Inc,186,27.47,27.469999313354492,1.0000000249961967
VGT,2020-05-31,BAH,Booz Allen Hamilton Holding Corp,81,79.75999999999999,79.76000213623047,0.99999997321677
VGT,2020-05-31,VRNS,Varonis Systems Inc,171,84.39,84.3899974822998,1.0000000298341067
VGT,2020-05-31,AAPL,Apple Inc,1,317.94,317.94000244140625,0.9999999923211731
VGT,2020-05-31,AVGO,Broadcom Inc,13,291.27,291.2700080871582,0.9999999722348405
VGT,2020-05-31,UIS,Unisys Corp,260,11.36,11.359999656677246,1.0000000302220742
VGT,2020-05-31,ENPH,Enphase Energy Inc,124,58.190000000000005,58.189998626708984,1.0000000236001212
VGT,2020-05-31,SSTI,ShotSpotter Inc,298,23.25,23.25,1.0
VGT,2020-05-31,ROG,Rogers Corp,194,108.26,108.26000213623047,0.9999999802675926
VGT,2020-05-31,CPAY,FleetCor Technologies Inc,47,243.79,243.7899932861328,1.000000027539552
VGT,2020-05-31,AVT,Avnet Inc,168,27.24,27.239999771118164,1.000000008402417
VGT,2020-05-31,TWLO,Twilio Inc,39,197.6,197.60000610351562,0.9999999691117639
VGT,2020-05-31,ATEN,A10 Networks Inc,280,6.8,6.800000190734863,0.9999999719507562
VGT,2020-05-31,RAMP,LiveRamp Holdings Inc,154,50.43,50.43000030517578,0.9999999939485271
VGT,2020-05-31,MSI,Motorola Solutions Inc,42,135.33,135.3300018310547,0.9999999864697062
VGT,2020-05-31,XPER,Xperi Corp,256,13.75,,
VGT,2020-05-31,DLB,Dolby Laboratories Inc,144,60.73,60.72999954223633,1.000000007537686
VGT,2020-05-31,APH,Amphenol Corp,32,96.56,96.55999755859375,1.0000000252838268
VGT,2020-05-31,UCTT,Ultra Clean Holdings Inc,243,20.73,20.729999542236328,1.0000000220821843
VGT,2020-05-31,LFUS,Littelfuse Inc,142,162.48999999999998,162.49000549316406,0.9999999661938341
VGT,2020-05-31,HUBS,HubSpot Inc,93,199.94000000000003,199.94000244140625,0.9999999877893058
VGT,2020-05-31,BFH,Alliance Data Systems Corp,206,46.33,46.329998115539546,1.0000000406747362
VGT,2020-05-31,TEL,TE Connectivity Ltd,35,81.25,81.25,1.0
VGT,2020-05-31,EXTR,Extreme Networks Inc,300,3.3,3.299999952316284,1.000000014449611
VGT,2020-05-31,DAKT,Daktronics Inc,315,4.24,4.239999771118164,1.000000053981568
VGT,2020-05-31,VISN,CommScope Holding Co Inc,187,10.31,10.3100004196167,0.9999999593000308
VGT,2020-05-31,FFIV,F5 Networks Inc,88,144.92000000000002,144.9199981689453,1.0000000126349347
VGT,2020-05-31,MPWR,Monolithic Power Systems Inc,89,209.75,209.75,1.0
VGT,2020-05-31,ADP,Automatic Data Processing Inc,20,146.49,146.49000549316406,0.9999999625014414
VGT,2020-05-31,ONTO,Onto Innovation Inc,217,31.08,31.079999923706055,1.0000000024547602
VGT,2020-05-31,LSCC,Lattice Semiconductor Corp,162,24.87,24.8700008392334,0.9999999662551923
VGT,2020-05-31,WU,Western Union Co/The,94,20.02,20.020000457763672,0.9999999771346822
VGT,2020-05-31,AEIS,Advanced Energy Industries Inc,172,66.83,66.83000183105469,0.9999999726013072
VGT,2020-05-31,ADI,Analog Devices Inc,27,112.95,112.94999694824219,1.0000000270186622
VGT,2020-05-31,MA,Mastercard Inc,5,300.89,300.8900146484375,0.9999999513163056
VGT,2020-05-31,KLIC,Kulicke & Soffa Industries Inc,225,22.36,22.360000610351562,0.9999999727034192
VGT,2020-05-31,BOX,Box Inc,165,19.98,19.979999542236328,1.0000000229110952
VGT,2020-05-31,ARW,Arrow Electronics Inc,117,69.08,69.08000183105469,0.9999999734937082
VGT,2020-05-31,AZTA,Brooks Automation Inc,164,39.97,39.970001220703125,0.9999999694595174
VGT,2020-05-31,CRUS,Cirrus Logic Inc,138,72.48,72.4800033569336,0.9999999536846932
VGT,2020-05-31,QCOM,QUALCOMM Inc,16,80.88000000000001,80.87999725341797,1.0000000339587307
VGT,2020-05-31,AAOI,Applied Optoelectronics Inc,294,8.83,8.829999923706055,1.000000008640311
VGT,2020-05-31,GLW,Corning Inc,55,22.79,22.790000915527344,0.9999999598276741
VGT,2020-05-31,EVTC,EVERTEC Inc,201,29.119999999999997,29.1200008392334,0.9999999711801725
VGT,2020-05-31,NOW,ServiceNow Inc,19,387.93,387.92999267578125,1.0000000188802591
VGT,2020-05-31,IBM,International Business Machines Corp,15,124.9,124.8999988861084,1.0000000089182675
VGT,2020-05-31,PI,Impinj Inc,295,25.85,25.850000381469727,0.9999999852429509
VGT,2020-05-31,NOVT,Novanta Inc,153,102.71,102.70999908447266,1.0000000089137118
VGT,2020-05-31,ENTG,Entegris Inc,97,59.88,59.880001068115234,0.9999999821624046
VGT,2020-05-31,MKSI,MKS Instruments Inc,113,105.63,105.62999725341797,1.0000000260019133
VGT,2020-05-31,CALX,Calix Inc,252,14.1,14.100000381469727,0.9999999729454102
VGT,2020-05-31,MANH,Manhattan Associates Inc,115,88.4,88.4000015258789,0.9999999827389268
VGT,2020-05-31,LDOS,Leidos Holdings Inc,63,105.29,105.29000091552734,0.9999999913047076
VGT,2020-05-31,ACN,Accenture PLC,11,201.62,201.6199951171875,1.0000000242178981
VGT,2020-05-31,FICO,Fair Isaac Corp,78,402.65,402.6499938964844,1.000000015158365
VGT,2020-05-31,SSNC,SS&C Technologies Holdings Inc,68,57.895,57.900001525878906,0.9999136178627445
VGT,2020-08-31,KE,Kimball Electronics Inc,311,13.485,13.484999656677246,1.0000000254596042
VGT,2020-08-31,AMKR,Amkor Technology Inc,246,12.195,12.199999809265137,0.9995901795620243
VGT,2020-08-31,AZTA,Brooks Automation Inc,157,51.629999999999995,51.630001068115234,0.9999999793121205
VGT,2020-08-31,VPG,Vishay Precision Group Inc,318,24.91,24.90999984741211,1.0000000061255676
VGT,2020-08-31,HPE,Hewlett Packard Enterprise Co,79,9.67,9.670000076293945,0.9999999921102436
VGT,2020-08-31,ADSK,Autodesk Inc,25,245.7,245.6999969482422,1.0000000124206667
VGT,2020-08-31,ICHR,Ichor Holdings Ltd,291,25.16,25.15999984741211,1.0000000060647016
VGT,2020-08-31,ENTG,Entegris Inc,102,66.89,66.88999938964844,1.0000000091247057
VGT,2020-08-31,NTCT,NetScout Systems Inc,222,23.14,23.139999389648438,1.0000000263764728
VGT,2020-08-31,CRWD,Crowdstrike Holdings Inc,76,125.73,125.7300033569336,0.9999999733004573
VGT,2020-08-31,IDCC,InterDigital Inc,217,61.150000000000006,61.150001525878906,0.9999999750469524
VGT,2020-08-31,ON,ON Semiconductor Corp,104,21.37,21.3700008392334,0.999999960728434
VGT,2020-08-31,IPGP,IPG Photonics Corp,125,161.73,161.72999572753906,1.000000026417245
VGT,2020-08-31,ARLO,Arlo Technologies Inc,306,5.7299999999999995,5.730000019073486,0.9999999966712938
VGT,2020-08-31,SANM,Sanmina Corp,211,28.3,28.299999237060547,1.000000026958992
VGT,2020-08-31,BHE,Benchmark Electronics Inc,275,19.61,19.610000610351562,0.9999999688754949
VGT,2020-08-31,MMS,MAXIMUS Inc,140,77.55,77.55000305175781,0.9999999606478698
VGT,2020-08-31,GPN,Global Payments Inc,26,176.61999998539582,176.6199951171875,1.0000000275631777
VGT,2020-08-31,XYZ,Square Inc,24,159.560000024736,159.55999755859375,1.000000015455893
VGT,2020-08-31,V,Visa Inc,3,211.9899999532586,211.99000549316406,0.9999999738671385
VGT,2020-08-31,CNDT,Conduent Inc,289,3.38,3.380000114440918,0.9999999661417414
VGT,2020-08-31,ZD,J2 Global Inc,172,69.99,69.99000091552733,0.9999999869191695
VGT,2020-08-31,RBBN,Ribbon Communications Inc,319,4.28,4.28000020980835,0.99999995097936
VGT,2020-08-31,LASR,nLight Inc,271,23.36,23.360000610351562,0.9999999738719372
VGT,2020-08-31,HLIT,Harmonic Inc,295,5.8999999999999995,5.900000095367432,0.9999999838360287
VGT,2020-08-31,QCOM,QUALCOMM Inc,13,119.1,119.0999984741211,1.0000000128117457
VGT,2020-08-31,INTC,Intel Corp,9,50.95000000256474,50.95000076293945,0.9999999850760608
VGT,2020-08-31,NSIT,Insight Enterprises Inc,203,59.80500000000001,59.810001373291016,0.999916378980502
VGT,2020-08-31,ATEN,A10 Networks Inc,304,8.55,8.550000190734863,0.9999999776918295
VGT,2020-08-31,VSAT,ViaSat Inc,218,39.76,39.7599983215332,1.0000000422149613
VGT,2020-08-31,EPAM,EPAM Systems Inc,62,327.1,327.1000061035156,0.9999999813405213
VGT,2020-08-31,MTSI,MACOM Technology Solutions Holdings Inc,226,35.63,35.630001068115234,0.9999999700220263
VGT,2020-08-31,PLXS,Plexus Corp,196,76.07,76.06999969482422,1.0000000040117756
VGT,2020-08-31,GDDY,GoDaddy Inc,71,83.68,83.68000030517578,0.999999996353062
VGT,2020-08-31,CEVA,CEVA Inc,268,42.25,42.25,1.0
VGT,2020-08-31,UPLD,Upland Software Inc,256,39.22,39.220001220703125,0.9999999688754949
VGT,2020-08-31,XPER,Xperi Holding Corp,244,12.53,,
VGT,2020-08-31,FIVN,Five9 Inc,111,127.44,127.44000244140625,0.9999999808427008
VGT,2020-08-31,BILL,Bill.com Holdings Inc,236,98.98,98.9800033569336,0.9999999660847295
VGT,2020-08-31,PRGS,Progress Software Corp,223,37.89,37.88999938964844,1.0000000161085134
VGT,2020-08-31,CACI,CACI International Inc,126,234.19,234.19000244140625,0.9999999895751047
VGT,2020-08-31,OKTA,Okta Inc,52,215.3700000387309,215.3699951171875,1.000000022851574
VGT,2020-08-31,MSI,Motorola Solutions Inc,44,154.75,154.75,1.0
VGT,2020-08-31,MRVL,Marvell Technology Group Ltd,46,38.780000006544256,38.779998779296875,1.0000000316464006
VGT,2020-08-31,QRVO,Qorvo Inc,69,128.26999999999998,128.27000427246094,0.9999999666916597
VGT,2020-08-31,CDNS,Cadence Design Systems Inc,41,110.9099999843826,110.91000366210938,0.9999999668404412
VGT,2020-08-31,AOSL,Alpha & Omega Semiconductor Ltd,317,13.55,13.550000190734863,0.9999999859236266
VGT,2020-08-31,TENB,Tenable Holdings Inc,206,37.64,37.63999938964844,1.000000016215504
VGT,2020-08-31,FTNT,Fortinet Inc,58,132.005,132.01000213623047,0.9999621078997839
VGT,2020-08-31,OLED,Universal Display Corp,112,175.5,175.5,1.0
VGT,2020-08-31,EXLS,ExlService Holdings Inc,199,63.690000000000005,63.6899995803833,1.0000000065884238
VGT,2020-08-31,SCSC,ScanSource Inc,284,24.69,24.690000534057617,0.9999999783694773
VGT,2020-08-31,CVLT,CommVault Systems Inc,215,43.23,43.22999954223633,1.0000000105890279
VGT,2020-08-31,WK,Workiva Inc,208,59.0,59.0,1.0
VGT,2020-08-31,AVT,Avnet Inc,182,27.51,27.510000228881836,0.9999999916800497
VGT,2020-08-31,SNX,SYNNEX Corp,130,127.15,127.1500015258789,0.9999999879993796
VGT,2020-08-31,GEN,NortonLifeLock Inc,74,23.52,23.520000457763672,0.9999999805372592
VGT,2020-08-31,CPAY,FleetCor Technologies Inc,55,251.45,251.4499969482422,1.0000000121366388
VGT,2020-08-31,CRUS,Cirrus Logic Inc,163,60.59,60.59000015258789,0.9999999974816325
VGT,2020-08-31,SAIC,Science Applications International Corp,151,83.46,83.45999908447266,1.0000000109696543
VGT,2020-08-31,ROG,Rogers Corp,202,113.31,113.30999755859375,1.0000000215462563
VGT,2020-08-31,OSIS,OSI Systems Inc,243,78.75,78.75,1.0
VGT,2020-08-31,CRM,salesforce.com Inc,7,272.6500000911249,272.6499938964844,1.0000000227201198
VGT,2020-08-31,BFH,Alliance Data Systems Corp,207,45.11000000000001,45.10999796295166,1.0000000451573585
VGT,2020-08-31,FLEX,Flex Ltd,131,10.86,10.859999705314635,1.000000027134933
VGT,2020-08-31,FORM,FormFactor Inc,213,26.130000000000003,26.1299991607666,1.0000000321176206
VGT,2020-08-31,VSH,Vishay Intertechnology Inc,197,15.989999999999998,15.989999771118164,1.000000014314061
VGT,2020-08-31,CNXN,PC Connection Inc,293,44.29,44.290000915527344,0.9999999793288028
VGT,2020-08-31,TYL,Tyler Technologies Inc,73,345.31,345.30999755859375,1.0000000070701869
VGT,2020-08-31,KEYS,Keysight Technologies Inc,61,98.52,98.5199966430664,1.0000000340736268
VGT,2020-08-31,MCHP,Microchip Technology Inc,45,109.7,109.69999694824219,1.000000027819124
VGT,2020-08-31,TTD,Trade Desk Inc/The,57,481.3,481.30001068115234,0.9999999778077039
VGT,2020-08-31,NTNX,Nutanix Inc,142,28.709999999999997,28.709999084472656,1.0000000318887974
VGT,2020-08-31,AVGO,Broadcom Inc,12,347.15000002745467,347.1500015258789,0.9999999956836404
VGT,2020-08-31,MANH,Manhattan Associates Inc,122,97.25,97.25,1.0
VGT,2020-08-31,PDFS,PDF Solutions Inc,286,20.7,20.700000762939453,0.9999999631430229
VGT,2020-08-31,CASS,Cass Information Systems Inc,301,39.16,39.15999984741211,1.0000000038965242
VGT,2020-08-31,JBL,Jabil Inc,143,34.15,34.150001525878906,0.9999999553183356
VGT,2020-08-31,MSTR,MicroStrategy Inc,253,144.44,144.44000244140625,0.9999999830974369
VGT,2020-08-31,LSCC,Lattice Semiconductor Corp,156,28.6,28.600000381469727,0.9999999866618979
VGT,2020-08-31,MPWR,Monolithic Power Systems Inc,89,267.13,267.1300048828125,0.9999999817212128
VGT,2020-08-31,PANW,Palo Alto Networks Inc,48,257.4099999558637,257.4100112915039,0.9999999559627066
VGT,2020-08-31,ANET,Arista Networks Inc,77,223.45,223.4499969482422,1.000000013657453
VGT,2020-08-31,MKSI,MKS Instruments Inc,118,119.53,119.52999877929688,1.0000000102125253
VGT,2020-08-31,ZS,Zscaler Inc,98,143.34,143.33999633789062,1.0000000255484127
VGT,2020-08-31,NTGR,NETGEAR Inc,265,33.349999999999994,33.349998474121094,1.0000000457534923
VGT,2020-08-31,KN,Knowles Corp,242,15.06,15.0600004196167,0.9999999721370062
VGT,2020-08-31,OSPN,OneSpan Inc,279,21.55,21.549999237060547,1.0000000354032241
VGT,2020-08-31,ESTC,Elastic NV,127,108.58,108.58000183105469,0.9999999831363542
VGT,2020-08-31,IBM,International Business Machines Corp,16,123.31000001232592,123.31000259399414,0.9999999790635944
VGT,2020-08-31,PI,Impinj Inc,307,24.45,24.450000762939453,0.9999999687959333
VGT,2020-08-31,CRNC,Cerence Inc,214,53.2,53.20000076293945,0.9999999856590331
VGT,2020-08-31,INTU,Intuit Inc,20,345.3899999915792,345.3900146484375,0.9999999575643254
VGT,2020-08-31,WDAY,Workday Inc,30,239.7099999606275,239.7100067138672,0.9999999718274603
VGT,2020-08-31,HUCK,Domo Inc,269,40.72,40.720001220703125,0.9999999700220263
VGT,2020-08-31,ADP,Automatic Data Processing Inc,21,139.08999998477287,139.08999633789062,1.000000026219587
VGT,2020-08-31,SSTI,ShotSpotter Inc,321,29.959999999999997,29.959999084472656,1.0000000305583234
VGT,2020-08-31,FISV,Fiserv Inc,22,99.57999999242084,99.58000183105469,0.9999999815361135
VGT,2020-08-31,HUBS,HubSpot Inc,81,299.68,299.67999267578125,1.0000000244401326
VGT,2020-08-31,NOW,ServiceNow Inc,19,482.0200000462244,482.0199966430664,1.0000000070602009
VGT,2020-08-31,MXL,MaxLinear Inc,225,24.35,24.350000381469727,0.9999999843338925
VGT,2020-08-31,MSFT,Microsoft Corp,2,225.52999999635605,225.52999877929688,1.0000000053964404
VGT,2020-08-31,PLAB,Photronics Inc,282,10.03,10.029999732971191,1.0000000266230125
VGT,2020-08-31,IT,Gartner Inc,87,129.82,129.82000732421875,0.9999999435817413
VGT,2020-08-31,GLW,Corning Inc,49,32.4600000114706,32.459999084472656,1.000000028558163
VGT,2020-08-31,DLB,Dolby Laboratories Inc,147,69.85000000000001,69.8499984741211,1.0000000218450815
VGT,2020-08-31,AGYS,Agilysys Inc,300,25.37,25.3700008392334,0.9999999669202456
VGT,2020-08-31,TDC,Teradata Corp,186,24.35,24.350000381469727,0.9999999843338925
VGT,2020-08-31,WU,Western Union Co/The,99,23.59,23.59000015258789,0.9999999935316707
VGT,2020-08-31,NTAP,NetApp Inc,95,47.39,47.38999938964844,1.0000000128793325
VGT,2020-08-31,MU,Micron Technology Inc,27,45.50999999407464,45.5099983215332,1.0000000367510766
VGT,2020-08-31,LRCX,Lam Research Corp,28,336.34000000000003,336.3399887084961,1.0000000335716963
VGT,2020-08-31,AKAM,Akamai Technologies Inc,59,116.43,116.43000030517578,0.9999999973788906
VGT,2020-08-31,CGNX,Cognex Corp,85,69.19,69.19000244140625,0.9999999647144651
VGT,2020-08-31,SSNC,SS&C Technologies Holdings Inc,70,63.72,63.720001220703125,0.9999999808427008
VGT,2020-08-31,NVEC,NVE Corp,316,53.43,53.43000030517578,0.9999999942883065
VGT,2020-08-31,EVTC,EVERTEC Inc,200,35.02,35.02000045776367,0.9999999869285077
VGT,2020-08-31,HPQ,HP Inc,43,19.55,19.549999237060547,1.0000000390250374
VGT,2020-08-31,AMBA,Ambarella Inc,221,52.7,52.70000076293945,0.9999999855229708
VGT,2020-08-31,MAXNQ,Maxeon Solar Technologies Ltd,328,20.78,20.78,1.0
VGT,2020-08-31,NXPI,NXP Semiconductors NV,34,125.76000003142822,125.76000213623047,0.9999999832633412
VGT,2020-08-31,VYX,NCR Corp,192,20.44,20.439999408721924,1.0000000289274997
VGT,2020-08-31,FFIV,F5 Networks Inc,110,132.32999999999998,132.3300018310547,0.9999999861629663
VGT,2020-08-31,SWKS,Skyworks Solutions Inc,50,144.85000006443673,144.85000610351562,0.9999999583080522
VGT,2020-08-31,ITRI,Itron Inc,198,59.56999999999999,59.56999969482422,1.0000000051229776
VGT,2020-08-31,KLIC,Kulicke & Soffa Industries Inc,232,23.98,23.979999542236328,1.0000000190893945
VGT,2020-08-31,LFUS,Littelfuse Inc,149,180.84,180.83999633789062,1.00000002025055
VGT,2020-08-31,ARW,Arrow Electronics Inc,121,78.56,78.55999755859375,1.0000000310769646
VGT,2020-08-31,YEXT,Yext Inc,230,19.86,19.860000610351562,0.9999999692672938
VGT,2020-08-31,DIOD,Diodes Inc,201,48.86,48.86000061035156,0.9999999875081548
VGT,2020-08-31,SMTC,Semtech Corp,155,58.65,58.650001525878906,0.99999997398331
VGT,2020-08-31,TTMI,TTM Technologies Inc,254,11.46,11.460000038146973,0.9999999966712939
VGT,2020-08-31,PEGA,Pegasystems Inc,139,128.47,128.47000122070312,0.9999999904981466
VGT,2020-08-31,EGHT,8x8 Inc,227,16.88,16.8799991607666,1.000000049717621
VGT,2020-08-31,NET,Cloudflare Inc,195,38.260000000000005,38.2599983215332,1.0000000438700176
VGT,2020-08-31,VRNS,Varonis Systems Inc,158,123.53000000000002,123.52999877929688,1.0000000098818356
VGT,2020-08-31,VRRM,Verra Mobility Corp,245,10.565,10.5649995803833,1.0000000397176256
VGT,2020-08-31,WDC,Western Digital Corp,88,38.42,38.41999943733215,1.000000014645181
VGT,2020-08-31,SPT,Sprout Social Inc,274,38.75,38.75,1.0
VGT,2020-08-31,ECHO,EchoStar Corp,241,29.380000000000003,29.3799991607666,1.0000000285647863
VGT,2020-08-31,LITE,Lumentum Holdings Inc,119,86.0,86.0,1.0
VGT,2020-08-31,MDB,MongoDB Inc,93,233.8,233.8000030517578,0.9999999869471439
VGT,2020-08-31,DOCU,DocuSign Inc,31,223.0,223.0,1.0
VGT,2020-08-31,UCTT,Ultra Clean Holdings Inc,267,24.52,24.520000457763672,0.9999999813310089
VGT,2020-08-31,RPAY,Repay Holdings Corp,250,25.3,25.299999237060547,1.0000000301557106
VGT,2020-08-31,ACLS,Axcelis Technologies Inc,272,23.63,23.6299991607666,1.0000000355155916
VGT,2020-08-31,HCKT,Hackett Group Inc/The,313,12.61,12.609999656677246,1.0000000272262302
VGT,2020-08-31,IMXI,International Money Express Inc,308,16.919999999999998,16.920000076293945,0.9999999954909015
VGT,2020-08-31,ALRM,Alarm.com Holdings Inc,191,59.870000000000005,59.869998931884766,1.0000000178405755
VGT,2020-08-31,TTEC,TTEC Holdings Inc,257,56.69,56.689998626708984,1.000000024224573
VGT,2020-08-31,VRSN,VeriSign Inc,53,214.8,214.8000030517578,0.9999999857925617
VGT,2020-08-31,DBX,Dropbox Inc,134,21.17,21.170000076293945,0.9999999963961292
VGT,2020-08-31,RPD,Rapid7 Inc,176,64.57,64.56999969482422,1.000000004726278
VGT,2020-08-31,EEFT,Euronet Worldwide Inc,132,103.38,103.37999725341797,1.0000000265678284
VGT,2020-08-31,BMI,Badger Meter Inc,220,61.69,61.689998626708984,1.0000000222611614
VGT,2020-08-31,UIS,Unisys Corp,276,11.66,11.65999984741211,1.0000000130864402
VGT,2020-08-31,CMTL,Comtech Telecommunications Corp,309,16.6,16.600000381469727,0.9999999770198966
VGT,2020-08-31,ZBRA,Zebra Technologies Corp,67,286.53000000000003,286.5299987792969,1.000000004260298
VGT,2020-08-31,DELL,Dell Technologies Inc,65,66.08,66.08000314712525,0.9999999523740147
VGT,2020-08-31,QLYS,Qualys Inc,165,106.14,106.13999938964844,1.0000000057504388
VGT,2020-08-31,SPSC,SPS Commerce Inc,181,79.88,79.87999725341797,1.0000000343838522
VGT,2020-08-31,TRMB,Trimble Inc,75,52.41,52.40999984741211,1.0000000029114269
VGT,2020-08-31,TCX,Tucows Inc,290,63.22,63.220001220703125,0.9999999806911879
VGT,2020-08-31,COHU,Cohu Inc,277,17.2,17.200000762939453,0.999999955643057
VGT,2020-08-31,BAH,Booz Allen Hamilton Holding Corp,82,88.06,88.05999755859375,1.0000000277243506
VGT,2020-08-31,DXC,DXC Technology Co,138,19.98,19.979999542236328,1.0000000229110952
VGT,2020-08-31,RAMP,LiveRamp Holdings Inc,160,55.84,55.84000015258789,0.999999997267409
VGT,2020-08-31,RMBS,Rambus Inc,233,13.43,13.430000305175781,0.9999999772765619
VGT,2020-08-31,GWRE,Guidewire Software Inc,100,112.31,112.30999755859375,1.0000000217381027
VGT,2020-08-31,CTSH,Cognizant Technology Solutions Corp,32,66.86,66.86000061035156,0.9999999908712002
VGT,2020-08-31,BOX,Box Inc,179,19.63,19.6299991607666,1.0000000427525946
VGT,2020-08-31,AMAT,Applied Materials Inc,23,61.6,61.599998474121094,1.000000024770762
VGT,2020-08-31,CALX,Calix Inc,264,19.45,19.450000762939453,0.9999999607743226
VGT,2020-08-31,DDOG,Datadog Inc,103,83.55000000000001,83.55000305175781,0.9999999634738757
VGT,2020-08-31,ADTN,ADTRAN Inc,297,11.09,11.09000015258789,0.9999999862409478
VGT,2020-08-31,KLAC,KLA Corp,39,205.14,205.13999938964844,1.0000000029752927
VGT,2020-08-31,TEL,TE Connectivity Ltd,38,96.6,96.5999984741211,1.0000000157958482
VGT,2020-08-31,XRX,Xerox Holdings Corp,167,18.86,18.860000610351562,0.9999999676377761
VGT,2020-08-31,CTS,CTS Corp,285,20.9,20.899999618530273,1.0000000182521402
VGT,2020-08-31,JKHY,Jack Henry & Associates Inc,78,165.42000000000002,165.4199981689453,1.0000000110691254
VGT,2020-08-31,ONTO,Onto Innovation Inc,231,31.24,31.239999771118164,1.0000000073265634
VGT,2020-08-31,DAKT,Daktronics Inc,325,4.42,4.420000076293945,0.9999999827389267
VGT,2020-08-31,STX,Seagate Technology PLC,90,47.989999999999995,47.9900016784668,0.9999999650246563
VGT,2020-08-31,ZM,Zoom Video Communications Inc,33,325.09999999999997,325.1000061035156,0.9999999812257289
VGT,2020-08-31,SLAB,Silicon Laboratories Inc,146,102.41,102.41000366210938,0.9999999642407065
VGT,2020-08-31,ENPH,Enphase Energy Inc,113,77.23,77.2300033569336,0.9999999565332973
VGT,2020-08-31,ACMR,ACM Research Inc,262,88.81,88.80999755859375,1.0000000274902188
VGT,2020-08-31,PCTY,Paylocity Holding Corp,136,147.25,147.25,1.0
VGT,2020-08-31,MEI,Methode Electronics Inc,258,28.31,28.309999465942383,1.0000000188646283
VGT,2020-08-31,APPF,Appfolio Inc,194,168.03,168.02999877929688,1.0000000072647928
VGT,2020-08-31,DBD,Diebold Nixdorf Inc,288,8.34,,
VGT,2020-08-31,FICO,Fair Isaac Corp,83,420.79,420.7900085449219,0.9999999796931446
VGT,2020-08-31,PAYX,Paychex Inc,51,76.46999999317687,76.47000122070312,0.9999999839476104
VGT,2020-08-31,NOVT,Novanta Inc,159,107.17,107.16999816894531,1.0000000170855157
VGT,2020-08-31,INSG,Inseego Corp,278,11.48,11.480000305175782,0.9999999734167445
VGT,2020-08-31,ADI,Analog Devices Inc,29,116.87999998807264,116.87999725341797,1.0000000233971145
VGT,2020-08-31,AAPL,Apple Inc,1,129.0399999949856,129.0399932861328,1.0000000519904924
VGT,2020-08-31,PLUS,ePlus Inc,259,76.72,76.72000122070312,0.9999999840888542
VGT,2020-08-31,TWLO,Twilio Inc,40,269.7599999259594,269.760009765625,0.9999999635243726
VGT,2020-08-31,FN,Fabrinet,193,69.78,69.77999877929688,1.0000000174935963
VGT,2020-08-31,KBR,KBR Inc,164,24.99,24.989999771118164,1.000000009158937
VGT,2020-08-31,APH,Amphenol Corp,37,109.8,109.80000305175781,0.9999999722062137
VGT,2020-08-31,CIEN,Ciena Corp,105,56.77,56.77000045776367,0.9999999919365217
VGT,2020-08-31,NVDA,NVIDIA Corp,4,534.9799999713184,534.9800109863281,0.9999999794104275
VGT,2020-08-31,TER,Teradyne Inc,72,84.97,84.97000122070312,0.9999999856337165
VGT,2020-08-31,PYPL,PayPal Holdings Inc,8,204.1400000078756,204.13999938964844,1.000000003028447
VGT,2020-08-31,P,Pure Storage Inc,162,15.26,15.260000228881836,0.9999999850011905
VGT,2020-08-31,AEIS,Advanced Energy Industries Inc,184,74.12,74.12000274658203,0.9999999629441186
VGT,2020-08-31,AAOI,Applied Optoelectronics Inc,322,11.63,11.630000114440918,0.9999999901598524
VGT,2020-08-31,EXTR,Extreme Networks Inc,299,4.37,4.369999885559082,1.0000000261878539
VGT,2020-08-31,VECO,Veeco Instruments Inc,287,11.89,11.890000343322754,0.9999999711250847
VGT,2020-08-31,PAYS,Paysign Inc,324,6.44,6.440000057220459,0.9999999911148357
VGT,2020-08-31,COHR,Coherent Inc,187,112.66,44.5,2.5316853932584267
VGT,2020-08-31,APPN,Appian Corp,224,61.239999999999995,61.2400016784668,0.9999999725919864
VGT,2020-08-31,DDD,3D Systems Corp,283,5.49,5.489999771118164,1.0000000416906822
VGT,2020-08-31,MA,Mastercard Inc,5,358.18999996077724,358.19000244140625,0.9999999930745442
VGT,2020-08-31,FIS,Fidelity National Information Services Inc,18,150.85,150.85000610351562,0.9999999595391754
VGT,2020-08-31,ACIW,ACI Worldwide Inc,168,29.380000000000003,29.3799991607666,1.0000000285647863
VGT,2020-08-31,SEDG,SolarEdge Technologies Inc,92,221.15,221.14999389648438,1.0000000275989862
VGT,2020-08-31,APPS,Digital Turbine Inc,216,24.19,24.190000534057617,0.9999999779223809
VGT,2020-08-31,CDW,CDW Corp/DE,64,113.65,113.6500015258789,0.999999986573877
VGT,2020-08-31,SYNA,Synaptics Inc,183,85.33,85.33000183105469,0.9999999785414901
VGT,2020-08-31,BDC,Belden Inc,234,33.68,33.68000030517578,0.9999999909389614
VGT,2020-08-31,PTC,PTC Inc,96,91.41,91.41000366210938,0.9999999599375425
VGT,2020-08-31,WEX,WEX Inc,114,159.71,159.7100067138672,0.9999999579621383
VGT,2020-08-31,LDOS,Leidos Holdings Inc,84,90.49,90.48999786376953,1.0000000236073656
VGT,2020-08-31,VIAV,Viavi Solutions Inc,171,13.335,13.34000015258789,0.9996251759722117
VGT,2020-08-31,PAYC,Paycom Software Inc,68,299.46000000000004,299.4599914550781,1.000000028534436
VGT,2020-08-31,QTWO,Q2 Holdings Inc,152,97.29,97.29000091552734,0.9999999905897078
VGT,2020-08-31,PD,PagerDuty Inc,273,32.67,32.66999816894531,1.0000000560469786
VGT,2020-08-31,VISN,CommScope Holding Co Inc,210,10.3,10.300000190734863,0.9999999814820525
VGT,2020-08-31,POWI,Power Integrations Inc,169,55.97,55.970001220703125,0.9999999781900465
VGT,2020-08-31,CSCO,Cisco Systems Inc,10,42.22,42.220001220703125,0.9999999710870893
VGT,2020-08-31,SABR,Sabre Corp,205,6.99,6.989999771118164,1.0000000327441836
VGT,2020-08-31,TXN,Texas Instruments Inc,14,142.15,142.14999389648438,1.00000004293715
VGT,2020-08-31,DT,Dynatrace Inc,109,44.23,44.22999954223633,1.0000000103496196
VGT,2020-08-31,ORCL,Oracle Corp,15,57.22000000195444,57.220001220703125,0.9999999787006526
VGT,2020-08-31,RNG,RingCentral Inc,56,290.77,290.7699890136719,1.0000000377835696
VGT,2020-08-31,BR,Broadridge Financial Solutions Inc,66,137.4,137.39999389648438,1.0000000444215131
VGT,2020-08-31,FSLR,First Solar Inc,124,76.59,76.58999633789062,1.0000000478144608
VGT,2020-08-31,ADBE,Adobe Inc,6,513.390000204774,513.3900146484375,0.9999999718660996
VGT,2020-08-31,BL,Blackline Inc,154,87.37,87.37000274658203,0.9999999685637869
VGT,2020-08-31,FSLY,Fastly Inc,117,92.84,92.83999633789062,1.0000000394453847
VGT,2020-08-31,SNPS,Synopsys Inc,36,221.3,221.3000030517578,0.999999986209861
VGT,2020-08-31,ACN,Accenture PLC,11,239.92999998618205,239.92999267578125,1.000000030468891
VGT,2020-08-31,BLKB,Blackbaud Inc,174,63.85,63.849998474121094,1.0000000238978692
VGT,2020-08-31,AMD,Advanced Micro Devices Inc,17,90.82,90.81999969482422,1.0000000033602265
VGT,2020-11-30,EXLS,ExlService Holdings Inc,194,83.25999999999999,83.26000213623047,0.9999999743426564
VGT,2020-11-30,OSIS,OSI Systems Inc,247,88.1,88.0999984741211,1.0000000173198516
VGT,2020-11-30,TER,Teradyne Inc,64,110.34,110.33999633789062,1.0000000331893193
VGT,2020-11-30,SNPS,Synopsys Inc,41,227.5,227.5,1.0
VGT,2020-11-30,IT,Gartner Inc,89,152.0,152.0,1.0
VGT,2020-11-30,WK,Workiva Inc,204,74.99,74.98999786376953,1.000000028486872
VGT,2020-11-30,ACLS,Axcelis Technologies Inc,277,26.98,26.979999542236328,1.0000000169667784
VGT,2020-11-30,BHE,Benchmark Electronics Inc,274,24.32,24.31999969482422,1.0000000125483464
VGT,2020-11-30,MTSI,MACOM Technology Solutions Holdings Inc,224,44.68,44.68000030517578,0.9999999931697453
VGT,2020-11-30,CVLT,CommVault Systems Inc,222,47.760000000000005,47.7599983215332,1.0000000351437786
VGT,2020-11-30,ARW,Arrow Electronics Inc,122,91.65,91.6500015258789,0.9999999833510216
VGT,2020-11-30,MDB,MongoDB Inc,83,287.31,287.30999755859375,1.0000000084974636
VGT,2020-11-30,BFH,Alliance Data Systems Corp,183,73.14,73.13999856948853,1.0000000195585383
VGT,2020-11-30,GDDY,GoDaddy Inc,90,79.54,79.54000091552734,0.9999999884897244
VGT,2020-11-30,CGNX,Cognex Corp,92,75.14,75.13999938964844,1.0000000081228582
VGT,2020-11-30,AAPL,Apple Inc,1,119.05,119.05000305175781,0.9999999743657477
VGT,2020-11-30,SNOW,Snowflake Inc,110,325.84000000000003,325.8399963378906,1.0000000112389806
VGT,2020-11-30,JBL,Jabil Inc,148,38.22,38.220001220703125,0.9999999680611437
VGT,2020-11-30,MRVL,Marvell Technology Group Ltd,46,46.29,46.290000915527344,0.9999999802219199
VGT,2020-11-30,ADI,Analog Devices Inc,30,139.07999999999998,139.0800018310547,0.999999986834522
VGT,2020-11-30,QTWO,Q2 Holdings Inc,146,113.37,113.37000274658203,0.9999999757732914
VGT,2020-11-30,CALX,Calix Inc,257,23.68,23.68000030517578,0.9999999871125094
VGT,2020-11-30,TTMI,TTM Technologies Inc,253,13.06,13.0600004196167,0.9999999678700854
VGT,2020-11-30,RBBN,Ribbon Communications Inc,302,6.86,6.860000133514404,0.9999999805372592
VGT,2020-11-30,AMD,Advanced Micro Devices Inc,17,92.66,92.66000366210938,0.9999999604779923
VGT,2020-11-30,NSIT,Insight Enterprises Inc,207,71.48,71.4800033569336,0.9999999530367455
VGT,2020-11-30,SEDG,SolarEdge Technologies Inc,80,277.98,277.9800109863281,0.9999999604779924
VGT,2020-11-30,APH,Amphenol Corp,36,130.81,130.80999755859375,1.0000000186637588
VGT,2020-11-30,VECO,Veeco Instruments Inc,280,16.62,16.6200008392334,0.9999999495046116
VGT,2020-11-30,PRGS,Progress Software Corp,232,40.1,40.099998474121094,1.0000000380518446
VGT,2020-11-30,MSFT,Microsoft Corp,2,214.07,214.07000732421875,0.9999999657858715
VGT,2020-11-30,IPGP,IPG Photonics Corp,115,207.01,207.00999450683594,1.0000000265357432
VGT,2020-11-30,NOW,ServiceNow Inc,18,534.5500000000001,534.5500183105469,0.9999999657458681
VGT,2020-11-30,LRCX,Lam Research Corp,26,452.66,452.6599884033203,1.0000000256189634
VGT,2020-11-30,LITE,Lumentum Holdings Inc,130,86.38,86.37999725341797,1.0000000317965052
VGT,2020-11-30,DDD,3D Systems Corp,265,9.15,9.149999618530273,1.0000000416906822
VGT,2020-11-30,V,Visa Inc,3,210.35,210.35000610351562,0.9999999709840007
VGT,2020-11-30,ESTC,Elastic NV,129,123.8,123.80000305175781,0.9999999753492913
VGT,2020-11-30,EPAM,EPAM Systems Inc,66,322.33,322.3299865722656,1.0000000416583468
VGT,2020-11-30,NET,Cloudflare Inc,113,75.08,75.08000183105469,0.999999975611952
VGT,2020-11-30,TRMB,Trimble Inc,77,59.870000000000005,59.869998931884766,1.0000000178405755
VGT,2020-11-30,PLUS,ePlus Inc,261,84.31,84.30999755859375,1.000000028957494
VGT,2020-11-30,ADBE,Adobe Inc,7,478.47,478.4700012207031,0.9999999974487364
VGT,2020-11-30,ON,ON Semiconductor Corp,98,28.75,28.75,1.0
VGT,2020-11-30,INTU,Intuit Inc,19,352.02,352.0199890136719,1.000000031209387
VGT,2020-11-30,OSPN,OneSpan Inc,296,19.78,19.780000686645508,0.9999999652858704
VGT,2020-11-30,AOSL,Alpha & Omega Semiconductor Ltd,307,24.84,24.84000015258789,0.9999999938571703
VGT,2020-11-30,DBD,Diebold Nixdorf Inc,295,9.47,,
VGT,2020-11-30,SWKS,Skyworks Solutions Inc,53,141.17000000000002,141.1699981689453,1.0000000129705655
VGT,2020-11-30,DLB,Dolby Laboratories Inc,144,88.45,88.44999694824219,1.0000000345026334
VGT,2020-11-30,NXPI,NXP Semiconductors NV,31,158.42,158.4199981689453,1.0000000115582293
VGT,2020-11-30,NVEC,NVE Corp,321,51.19,51.189998626708984,1.0000000268273306
VGT,2020-11-30,TWLO,Twilio Inc,34,320.09000000000003,320.0899963378906,1.0000000114408742
VGT,2020-11-30,ADSK,Autodesk Inc,28,280.23,280.2300109863281,0.9999999607953193
VGT,2020-11-30,KEYS,Keysight Technologies Inc,54,120.04,120.04000091552734,0.9999999923731479
VGT,2020-11-30,WEX,WEX Inc,118,173.24,173.24000549316406,0.9999999682915962
VGT,2020-11-30,ARLO,Arlo Technologies Inc,315,5.260000000000001,5.260000228881836,0.999999956486345
VGT,2020-11-30,CASS,Cass Information Systems Inc,306,42.43,42.43000030517578,0.999999992807547
VGT,2020-11-30,AZTA,Brooks Automation Inc,145,72.99000000000001,72.98999786376953,1.0000000292674414
VGT,2020-11-30,WDC,Western Digital Corp,88,44.88,44.87999822616577,1.0000000395239372
VGT,2020-11-30,ADP,Automatic Data Processing Inc,24,173.88,173.8800048828125,0.9999999719184934
VGT,2020-11-30,GEN,NortonLifeLock Inc,104,18.23,18.229999542236328,1.00000002511046
VGT,2020-11-30,CTS,CTS Corp,276,30.46,30.459999084472656,1.0000000300567096
VGT,2020-11-30,PCTY,Paylocity Holding Corp,126,196.6,196.60000610351562,0.9999999689546519
VGT,2020-11-30,PLXS,Plexus Corp,219,74.71,74.70999908447266,1.000000012254415
VGT,2020-11-30,SPT,Sprout Social Inc,268,51.38,51.380001068115234,0.9999999792114596
VGT,2020-11-30,ORCL,Oracle Corp,15,57.72,57.720001220703125,0.9999999788512977
VGT,2020-11-30,DELL,Dell Technologies Inc,71,69.03,69.02999730682373,1.000000039014579
VGT,2020-11-30,ACMR,ACM Research Inc,269,82.61999999999999,82.62000274658203,0.9999999667564519
VGT,2020-11-30,INTC,Intel Corp,9,48.35,48.349998474121094,1.000000031559027
VGT,2020-11-30,MPWR,Monolithic Power Systems Inc,84,319.96,319.9599914550781,1.0000000267062197
VGT,2020-11-30,CMTL,Comtech Telecommunications Corp,311,19.06,19.059999465942383,1.0000000280198127
VGT,2020-11-30,TYL,Tyler Technologies Inc,67,427.6,427.6000061035156,0.9999999857261096
VGT,2020-11-30,SABR,Sabre Corp,178,11.25,11.25,1.0
VGT,2020-11-30,KE,Kimball Electronics Inc,314,15.41,15.40999984741211,1.0000000099018749
VGT,2020-11-30,ZBRA,Zebra Technologies Corp,62,378.42,378.4200134277344,0.9999999645163208
VGT,2020-11-30,RPAY,Repay Holdings Corp,238,24.13,24.1299991607666,1.0000000347796696
VGT,2020-11-30,NTNX,Nutanix Inc,152,27.39,27.389999389648438,1.0000000222837377
VGT,2020-11-30,KLIC,Kulicke & Soffa Industries Inc,229,30.450000000000003,30.450000762939453,0.9999999749445179
VGT,2020-11-30,CIEN,Ciena Corp,127,44.8,44.79999923706055,1.0000000170298988
VGT,2020-11-30,FFIV,F5 Networks Inc,106,162.81,162.80999755859375,1.000000014995432
VGT,2020-11-30,AMKR,Amkor Technology Inc,241,14.74,14.739999771118164,1.0000000155279403
VGT,2020-11-30,MANH,Manhattan Associates Inc,131,102.24,102.23999786376953,1.0000000208942734
VGT,2020-11-30,APPN,Appian Corp,167,140.0,140.0,1.0
VGT,2020-11-30,SYNA,Synaptics Inc,203,77.77,77.7699966430664,1.000000043164893
VGT,2020-11-30,IMXI,International Money Express Inc,308,15.74,15.739999771118164,1.000000014541413
VGT,2020-11-30,VSAT,ViaSat Inc,242,34.0,34.0,1.0
VGT,2020-11-30,QRVO,Qorvo Inc,65,156.68,156.67999267578125,1.0000000467463563
VGT,2020-11-30,CACI,CACI International Inc,138,237.29,237.2899932861328,1.000000028293933
VGT,2020-11-30,DDOG,Datadog Inc,91,98.92,98.91999816894531,1.0000000185104603
VGT,2020-11-30,SANM,Sanmina Corp,217,31.815000015887897,31.81999969482422,0.9998428762104251
VGT,2020-11-30,TEL,TE Connectivity Ltd,38,113.97,113.97000122070312,0.9999999892892594
VGT,2020-11-30,VNT,Vontier Corp,164,33.17,33.16999816894531,1.0000000552021342
VGT,2020-11-30,VYX,NCR Corp,179,27.67,27.66999988555908,1.0000000041359205
VGT,2020-11-30,DXC,DXC Technology Co,142,21.91,21.90999984741211,1.0000000069643036
VGT,2020-11-30,HUBS,HubSpot Inc,73,394.33,394.3299865722656,1.0000000340520245
VGT,2020-11-30,TCX,Tucows Inc,294,72.5,72.5,1.0
VGT,2020-11-30,MCHP,Microchip Technology Inc,42,134.39,134.38999938964844,1.0000000045416442
VGT,2020-11-30,NTCT,NetScout Systems Inc,236,23.42,23.420000076293945,0.9999999967423594
VGT,2020-11-30,STX,Seagate Technology PLC,87,58.81,58.810001373291016,0.9999999766486826
VGT,2020-11-30,QLYS,Qualys Inc,186,95.01,95.01000213623047,0.9999999775157308
VGT,2020-11-30,MKSI,MKS Instruments Inc,117,137.98,137.97999572753906,1.0000000309643504
VGT,2020-11-30,P,Pure Storage Inc,160,18.27,18.270000457763672,0.9999999749445178
VGT,2020-11-30,SMTC,Semtech Corp,158,67.47,67.47000122070312,0.9999999819074684
VGT,2020-11-30,KBR,KBR Inc,169,27.769999999999996,27.770000457763672,0.9999999835158924
VGT,2020-11-30,TTD,Trade Desk Inc/The,39,901.07,901.0700225830078,0.9999999749375662
VGT,2020-11-30,RMBS,Rambus Inc,233,15.72,15.720000267028809,0.9999999830134348
VGT,2020-11-30,DT,Dynatrace Inc,125,38.02,38.02000045776367,0.9999999879599247
VGT,2020-11-30,PYPL,PayPal Holdings Inc,6,214.12,214.1199951171875,1.000000022804094
VGT,2020-11-30,WU,Western Union Co/The,111,22.56,22.559999465942383,1.0000000236727673
VGT,2020-11-30,ACIW,ACI Worldwide Inc,170,32.58,32.58000183105469,0.9999999437982018
VGT,2020-11-30,VRRM,Verra Mobility Corp,245,12.2,12.199999809265137,1.0000000156340054
VGT,2020-11-30,BL,Blackline Inc,137,122.9,122.9000015258789,0.9999999875843867
VGT,2020-11-30,PAYS,Paysign Inc,328,4.89,4.889999866485596,1.0000000273035599
VGT,2020-11-30,ATEN,A10 Networks Inc,312,7.98,7.980000019073486,0.9999999976098388
VGT,2020-11-30,CDNS,Cadence Design Systems Inc,43,116.3,116.30000305175781,0.9999999737596067
VGT,2020-11-30,LSCC,Lattice Semiconductor Corp,143,41.85,41.849998474121094,1.0000000364606683
VGT,2020-11-30,FORM,FormFactor Inc,188,41.0,41.0,1.0
VGT,2020-11-30,ZM,Zoom Video Communications Inc,22,478.36,478.3599853515625,1.000000030622205
VGT,2020-11-30,CPAY,FleetCor Technologies Inc,55,265.21,265.2099914550781,1.0000000322194569
VGT,2020-11-30,MMS,MAXIMUS Inc,157,71.81,71.80999755859375,1.0000000339981385
VGT,2020-11-30,BMI,Badger Meter Inc,211,82.44,82.44000244140625,0.9999999703856601
VGT,2020-11-30,HPE,Hewlett Packard Enterprise Co,79,11.04,11.039999961853027,1.0000000034553416
VGT,2020-11-30,CEVA,CEVA Inc,278,39.28,39.279998779296875,1.0000000310769646
VGT,2020-11-30,FISV,Fiserv Inc,27,115.18,115.18000030517578,0.9999999973504448
VGT,2020-11-30,FIS,Fidelity National Information Services Inc,20,148.41,148.41000366210938,0.9999999753243765
VGT,2020-11-30,FTNT,Fortinet Inc,68,123.23,123.22999954223633,1.0000000037147097
VGT,2020-11-30,ZD,J2 Global Inc,166,89.61,89.6099983215332,1.0000000187307982
VGT,2020-11-30,CRNC,Cerence Inc,184,90.75,90.75,1.0
VGT,2020-11-30,ITRI,Itron Inc,193,78.61,78.61000061035156,0.9999999922357008
VGT,2020-11-30,RPD,Rapid7 Inc,174,74.94,74.94000244140625,0.9999999674218552
VGT,2020-11-30,ENPH,Enphase Energy Inc,93,136.57,136.57000732421875,0.999999946370225
VGT,2020-11-30,VRSN,VeriSign Inc,60,200.72000000000003,200.72000122070312,0.9999999939183783
VGT,2020-11-30,ECHO,EchoStar Corp,263,23.770000000000003,23.770000457763672,0.999999980741958
VGT,2020-11-30,HUCK,Domo Inc,283,37.989999999999995,37.9900016784668,0.9999999558181961
VGT,2020-11-30,MEI,Methode Electronics Inc,254,35.02,35.02000045776367,0.9999999869285077
VGT,2020-11-30,DIOD,Diodes Inc,189,67.96,67.95999908447266,1.0000000134715619
VGT,2020-11-30,UIS,Unisys Corp,275,14.58,14.579999923706055,1.0000000052327809
VGT,2020-11-30,EGHT,8x8 Inc,230,19.77,19.770000457763672,0.9999999768455407
VGT,2020-11-30,QCOM,QUALCOMM Inc,11,147.17,147.1699981689453,1.000000012441766
VGT,2020-11-30,FSLY,Fastly Inc,136,84.77,84.7699966430664,1.0000000396004922
VGT,2020-11-30,NOVT,Novanta Inc,165,119.98,119.9800033569336,0.999999972020891
VGT,2020-11-30,TXN,Texas Instruments Inc,14,161.25,161.25,1.0
VGT,2020-11-30,ROG,Rogers Corp,199,146.91,146.91000366210938,0.9999999750724301
VGT,2020-11-30,BILL,Bill.com Holdings Inc,135,122.71,122.70999908447266,1.0000000074609026
VGT,2020-11-30,BR,Broadridge Financial Solutions Inc,69,146.88,146.8800048828125,0.9999999667564519
VGT,2020-11-30,LASR,nLight Inc,267,30.02,30.020000457763672,0.9999999847513769
VGT,2020-11-30,POWI,Power Integrations Inc,161,71.39,71.38999938964844,1.0000000085495386
VGT,2020-11-30,DAKT,Daktronics Inc,324,4.51,4.510000228881836,0.9999999492501498
VGT,2020-11-30,BOX,Box Inc,195,18.69,18.690000534057617,0.9999999714254896
VGT,2020-11-30,YEXT,Yext Inc,239,19.01,19.010000228881836,0.9999999879599247
VGT,2020-11-30,CRM,salesforce.com Inc,8,245.8,245.8000030517578,0.9999999875843867
VGT,2020-11-30,RAMP,LiveRamp Holdings Inc,171,58.510000000000005,58.5099983215332,1.0000000286868374
VGT,2020-11-30,XRX,Xerox Holdings Corp,168,21.89,21.889999389648438,1.000000027882667
VGT,2020-11-30,ADTN,ADTRAN Inc,300,12.635000000000002,12.640000343322754,0.9996044032288818
VGT,2020-11-30,OKTA,Okta Inc,52,245.04,245.0399932861328,1.000000027399067
VGT,2020-11-30,MSTR,MicroStrategy Inc,206,342.77,342.77000427246094,0.9999999875354877
VGT,2020-11-30,XYZ,Square Inc,21,210.96,210.9600067138672,0.999999968174692
VGT,2020-11-30,ACN,Accenture PLC,13,249.08999999999995,249.08999633789062,1.0000000147019525
VGT,2020-11-30,CRUS,Cirrus Logic Inc,154,80.1,80.0999984741211,1.0000000190496745
VGT,2020-11-30,CNXN,PC Connection Inc,303,45.65,45.650001525878906,0.9999999665743953
VGT,2020-11-30,BLKB,Blackbaud Inc,196,55.09,55.09000015258789,0.9999999972302072
VGT,2020-11-30,TTEC,TTEC Holdings Inc,256,67.66,67.66000366210938,0.9999999458748273
VGT,2020-11-30,PEGA,Pegasystems Inc,147,130.88,130.8800048828125,0.9999999626924486
VGT,2020-11-30,PANW,Palo Alto Networks Inc,50,293.92,293.92000579833984,0.999999980272388
VGT,2020-11-30,AVT,Avnet Inc,192,30.35,30.350000381469727,0.9999999874309812
VGT,2020-11-30,PAYC,Paycom Software Inc,61,417.08,417.0799865722656,1.0000000321946265
VGT,2020-11-30,COHU,Cohu Inc,259,28.39,28.389999389648438,1.0000000214988227
VGT,2020-11-30,TENB,Tenable Holdings Inc,227,36.01,36.0099983215332,1.0000000466111323
VGT,2020-11-30,ALRM,Alarm.com Holdings Inc,182,75.91,75.91000366210938,0.999999951757223
VGT,2020-11-30,VSH,Vishay Intertechnology Inc,200,19.36,19.360000610351562,0.9999999684735773
VGT,2020-11-30,KLAC,KLA Corp,37,251.97000000000003,251.9700050354004,0.9999999800158739
VGT,2020-11-30,PLAB,Photronics Inc,284,11.59,11.59000015258789,0.9999999868345221
VGT,2020-11-30,BAH,Booz Allen Hamilton Holding Corp,97,86.79,86.79000091552734,0.9999999894512348
VGT,2020-11-30,HLIT,Harmonic Inc,293,6.53,6.53000020980835,0.9999999678700854
VGT,2020-11-30,UPLD,Upland Software Inc,262,45.75,45.75,1.0
VGT,2020-11-30,CDW,CDW Corp/DE,63,130.48999999999998,130.49000549316406,0.9999999579035647
VGT,2020-11-30,FN,Fabrinet,205,68.30999999999999,68.30999755859375,1.0000000357401013
VGT,2020-11-30,KN,Knowles Corp,246,16.98,16.979999542236328,1.000000026958992
VGT,2020-11-30,HPQ,HP Inc,45,21.930000000000003,21.93000030517578,0.999999986084096
VGT,2020-11-30,PI,Impinj Inc,289,41.79,41.790000915527344,0.9999999780921913
VGT,2020-11-30,CRWD,Crowdstrike Holdings Inc,57,153.28,153.27999877929688,1.0000000079638776
VGT,2020-11-30,IBM,International Business Machines Corp,16,123.52,123.51999743652344,1.0000000207535347
VGT,2020-11-30,AAOI,Applied Optoelectronics Inc,325,8.31,8.3100004196167,0.9999999495046116
VGT,2020-11-30,EXTR,Extreme Networks Inc,292,5.62,5.619999885559082,1.0000000203631532
VGT,2020-11-30,SAIC,Science Applications International Corp,153,92.54,92.54000091552734,0.9999999901066855
VGT,2020-11-30,GLW,Corning Inc,51,37.42,37.41999816894531,1.0000000489325167
VGT,2020-11-30,GPN,Global Payments Inc,29,195.19,195.19000244140625,0.9999999874921552
VGT,2020-11-30,SSTI,ShotSpotter Inc,322,33.17,33.16999816894531,1.0000000552021342
VGT,2020-11-30,APPS,Digital Turbine Inc,180,44.98,44.97999954223633,1.0000000101770492
VGT,2020-11-30,CNDT,Conduent Inc,288,4.22,4.21999979019165,1.000000049717621
VGT,2020-11-30,MU,Micron Technology Inc,25,64.08999999999999,64.08999633789062,1.0000000571401089
VGT,2020-11-30,PTC,PTC Inc,99,107.85,107.8499984741211,1.0000000141481589
VGT,2020-11-30,MSI,Motorola Solutions Inc,48,171.53,171.52999877929688,1.0000000071165576
VGT,2020-11-30,BDC,Belden Inc,235,38.48,38.47999954223633,1.0000000118961454
VGT,2020-11-30,AMAT,Applied Materials Inc,23,82.48,82.4800033569336,0.9999999593000308
VGT,2020-11-30,FICO,Fair Isaac Corp,81,472.78,472.7799987792969,1.0000000025819686
VGT,2020-11-30,NVDA,NVIDIA Corp,4,536.06,536.0599899291992,1.0000000187867046
VGT,2020-11-30,APPF,Appfolio Inc,209,162.92999999999998,162.92999267578125,1.0000000449531643
VGT,2020-11-30,IDCC,InterDigital Inc,231,59.91,59.90999984741211,1.000000002546952
VGT,2020-11-30,EEFT,Euronet Worldwide Inc,123,134.44,134.44000244140625,0.9999999818401799
VGT,2020-11-30,LFUS,Littelfuse Inc,140,240.53,240.52999877929688,1.0000000050750557
VGT,2020-11-30,MA,Mastercard Inc,5,336.51,336.510009765625,0.9999999709796894
VGT,2020-11-30,PAYX,Paychex Inc,47,93.15,93.1500015258789,0.999999983619121
VGT,2020-11-30,XPER,Xperi Holding Corp,225,19.08,,
VGT,2020-11-30,PLTR,Palantir Technologies Inc,319,27.11,27.110000610351562,0.9999999774861104
VGT,2020-11-30,UCTT,Ultra Clean Holdings Inc,255,31.64,31.639999389648438,1.000000019290505
VGT,2020-11-30,WDAY,Workday Inc,35,224.79,224.7899932861328,1.0000000298672866
VGT,2020-11-30,SNX,SYNNEX Corp,124,160.31,160.30999755859375,1.0000000152292825
VGT,2020-11-30,LDOS,Leidos Holdings Inc,86,100.7,100.69999694824219,1.000000030305441
VGT,2020-11-30,MAXNQ,Maxeon Solar Technologies Ltd,330,24.42,24.42,1.0
VGT,2020-11-30,SLAB,Silicon Laboratories Inc,149,117.21,117.20999908447266,1.0000000078110003
VGT,2020-11-30,DOCU,DocuSign Inc,33,227.88,227.8800048828125,0.9999999785728787
VGT,2020-11-30,VRNS,Varonis Systems Inc,172,120.64,120.63999938964844,1.0000000050592803
VGT,2020-11-30,FSLR,First Solar Inc,120,93.43,93.43000030517578,0.9999999967336426
VGT,2020-11-30,PDFS,PDF Solutions Inc,298,22.07,22.06999969482422,1.0000000138276297
VGT,2020-11-30,ICHR,Ichor Holdings Ltd,287,31.9,31.899999618530273,1.0000000119582988
VGT,2020-11-30,AGYS,Agilysys Inc,286,37.36,37.36000061035156,0.9999999836629669
VGT,2020-11-30,NTAP,NetApp Inc,100,53.31,53.310001373291016,0.9999999742395239
VGT,2020-11-30,ZS,Zscaler Inc,103,155.75,155.75,1.0
VGT,2020-11-30,AEIS,Advanced Energy Industries Inc,173,96.46,96.45999908447266,1.0000000094912642
VGT,2020-11-30,OLED,Universal Display Corp,108,229.04,229.0399932861328,1.000000029313078
VGT,2020-11-30,VPG,Vishay Precision Group Inc,317,29.25,29.25,1.0
VGT,2020-11-30,FIVN,Five9 Inc,109,155.20000000000002,155.1999969482422,1.0000000196633885
VGT,2020-11-30,EVTC,EVERTEC Inc,216,37.17,37.16999816894531,1.0000000492616299
VGT,2020-11-30,ONTO,Onto Innovation Inc,218,44.209999999999994,44.209999084472656,1.0000000207086035
VGT,2020-11-30,HCKT,Hackett Group Inc/The,316,14.08,14.079999923706055,1.000000005418604
VGT,2020-11-30,U,Unity Software Inc,327,151.98000000000002,151.97999572753906,1.0000000281119954
VGT,2020-11-30,FLEX,Flex Ltd,114,16.23,16.229999080657958,1.0000000566446146
VGT,2020-11-30,AVGO,Broadcom Inc,12,401.58,401.5800094604492,0.9999999764419318
VGT,2020-11-30,JKHY,Jack Henry & Associates Inc,95,160.86,160.86000061035156,0.9999999962056972
VGT,2020-11-30,COHR,Coherent Inc,191,121.78,67.6500015258789,1.8001477790567995
VGT,2020-11-30,VISN,CommScope Holding Co Inc,215,11.85,11.850000381469727,0.9999999678084629
VGT,2020-11-30,CSCO,Cisco Systems Inc,10,43.02,43.02000045776367,0.9999999893592826
VGT,2020-11-30,SCSC,ScanSource Inc,297,25.1,25.100000381469727,0.9999999848020033
VGT,2020-11-30,DBX,Dropbox Inc,151,19.97,19.969999313354492,1.0000000343838522
VGT,2020-11-30,PD,PagerDuty Inc,282,34.42,34.41999816894531,1.000000053197408
VGT,2020-11-30,ANET,Arista Networks Inc,75,270.7,270.70001220703125,0.9999999549056864
VGT,2020-11-30,TDC,Teradata Corp,212,21.930000000000003,21.93000030517578,0.999999986084096
VGT,2020-11-30,INSG,Inseego Corp,299,9.93,9.930000305175781,0.9999999692672938
VGT,2020-11-30,SSNC,SS&C Technologies Holdings Inc,74,68.89,68.88999938964844,1.0000000088597991
VGT,2020-11-30,RNG,RingCentral Inc,59,297.04999999999995,297.04998779296875,1.0000000410941987
VGT,2020-11-30,CTSH,Cognizant Technology Solutions Corp,32,78.13,78.12999725341797,1.0000000351540013
VGT,2020-11-30,GWRE,Guidewire Software Inc,105,122.48,122.4800033569336,0.9999999725919865
VGT,2020-11-30,NTGR,NETGEAR Inc,270,31.81,31.809999465942383,1.0000000167889853
VGT,2020-11-30,MXL,MaxLinear Inc,221,31.25,31.25,1.0
VGT,2020-11-30,AKAM,Akamai Technologies Inc,70,103.51,103.51000213623047,0.9999999793620865
VGT,2020-11-30,ENTG,Entegris Inc,94,92.62,92.62000274658203,0.9999999703456927
VGT,2020-11-30,SPSC,SPS Commerce Inc,177,103.07,103.06999969482422,1.0000000029608593
VGT,2020-11-30,AMBA,Ambarella Inc,197,78.13,78.12999725341797,1.0000000351540013
VGT,2020-11-30,VIAV,Viavi Solutions Inc,187,13.545000000000002,13.550000190734863,0.999630982238784
VGT,2021-02-28,EXLS,ExlService Holdings Inc,214,84.61999999999999,84.61999893188477,1.0000000126224915
VGT,2021-02-28,OSIS,OSI Systems Inc,255,94.62,94.62000274658203,0.999999970972501
VGT,2021-02-28,TER,Teradyne Inc,64,128.61,128.61000061035156,0.999999995254245
VGT,2021-02-28,SNPS,Synopsys Inc,42,245.21,245.2100067138672,0.9999999726199299
VGT,2021-02-28,IT,Gartner Inc,82,179.04,179.0399932861328,1.0000000374992595
VGT,2021-02-28,WK,Workiva Inc,194,101.15,101.1500015258789,0.9999999849146922
VGT,2021-02-28,ACLS,Axcelis Technologies Inc,274,36.870000000000005,36.869998931884766,1.000000028969766
VGT,2021-02-28,BHE,Benchmark Electronics Inc,288,28.4,28.399999618530273,1.0000000134320328
VGT,2021-02-28,MTSI,MACOM Technology Solutions Holdings Inc,213,64.35,64.3499984741211,1.0000000237121824
VGT,2021-02-28,CVLT,CommVault Systems Inc,220,63.73,63.72999954223633,1.00000000718286
VGT,2021-02-28,DMRC,Digimarc Corp,334,36.59,36.59000015258789,0.9999999958297927
VGT,2021-02-28,ARW,Arrow Electronics Inc,127,100.26,100.26000213623047,0.9999999786930938
VGT,2021-02-28,MDB,MongoDB Inc,75,385.93,385.92999267578125,1.000000018978102
VGT,2021-02-28,BFH,Alliance Data Systems Corp,180,96.5,96.50000454711913,0.9999999528795968
VGT,2021-02-28,NSSC,Napco Security Technologies Inc,322,31.13,31.1299991607666,1.000000026958992
VGT,2021-02-28,GDDY,GoDaddy Inc,94,81.12,81.12000274658203,0.9999999661417415
VGT,2021-02-28,CGNX,Cognex Corp,91,82.59,82.58999633789062,1.0000000443408348
VGT,2021-02-28,AAPL,Apple Inc,1,121.26,121.26000213623047,0.9999999823830577
VGT,2021-02-28,SNOW,Snowflake Inc,119,259.54,259.5400085449219,0.999999967076668
VGT,2021-02-28,JBL,Jabil Inc,148,43.17,43.16999816894531,1.0000000424149817
VGT,2021-02-28,MRVL,Marvell Technology Group Ltd,45,48.279999999999994,48.279998779296875,1.0000000252838266
VGT,2021-02-28,ADI,Analog Devices Inc,30,155.82,155.82000732421875,0.9999999529956461
VGT,2021-02-28,QTWO,Q2 Holdings Inc,149,121.88,121.87999725341797,1.0000000225351335
VGT,2021-02-28,CALX,Calix Inc,238,39.51,39.5099983215332,1.0000000424820772
VGT,2021-02-28,TTMI,TTM Technologies Inc,267,14.12,14.119999885559082,1.000000008104881
VGT,2021-02-28,RBBN,Ribbon Communications Inc,307,8.64,8.640000343322754,0.9999999602635717
VGT,2021-02-28,AMD,Advanced Micro Devices Inc,21,84.50999999999999,84.51000213623047,0.9999999747221581
VGT,2021-02-28,NSIT,Insight Enterprises Inc,215,83.59,83.58999633789062,1.0000000438103784
VGT,2021-02-28,SEDG,SolarEdge Technologies Inc,88,298.31,298.30999755859375,1.0000000081841247
VGT,2021-02-28,APH,Amphenol Corp,41,125.68,125.68000030517578,0.9999999975718032
VGT,2021-02-28,VECO,Veeco Instruments Inc,286,21.5,21.5,1.0
VGT,2021-02-28,PRGS,Progress Software Corp,246,42.540000000000006,42.540000915527344,0.9999999784784364
VGT,2021-02-28,MSFT,Microsoft Corp,2,232.38,232.3800048828125,0.9999999789878113
VGT,2021-02-28,IPGP,IPG Photonics Corp,120,227.35,227.35000610351562,0.9999999731536597
VGT,2021-02-28,NOW,ServiceNow Inc,18,533.46,533.4600067138672,0.9999999874144883
VGT,2021-02-28,LRCX,Lam Research Corp,24,567.1899999999999,567.1900177001953,0.9999999687931825
VGT,2021-02-28,LITE,Lumentum Holdings Inc,135,90.0,90.0,1.0
VGT,2021-02-28,DDD,3D Systems Corp,182,35.839999999999996,35.84000015258789,0.9999999957425253
VGT,2021-02-28,V,Visa Inc,4,212.39,212.38999938964844,1.0000000028737301
VGT,2021-02-28,ESTC,Elastic NV,122,134.39,134.38999938964844,1.0000000045416442
VGT,2021-02-28,EPAM,EPAM Systems Inc,66,373.61,373.6099853515625,1.0000000392078319
VGT,2021-02-28,NET,Cloudflare Inc,105,73.97,73.97000122070312,0.9999999834973218
VGT,2021-02-28,TRMB,Trimble Inc,73,74.14,74.13999938964844,1.0000000082324194
VGT,2021-02-28,PLUS,ePlus Inc,273,94.56,94.55999755859375,1.0000000258185946
VGT,2021-02-28,ADBE,Adobe Inc,8,459.67,459.6700134277344,0.9999999707883178
VGT,2021-02-28,AFRM,Affirm Holdings Inc,340,93.06,93.05999755859375,1.0000000262347553
VGT,2021-02-28,ON,ON Semiconductor Corp,78,40.27,40.27000045776367,0.9999999886326381
VGT,2021-02-28,INTU,Intuit Inc,20,390.14,390.1400146484375,0.9999999624533835
VGT,2021-02-28,OSPN,OneSpan Inc,300,23.36,23.360000610351562,0.9999999738719372
VGT,2021-02-28,AOSL,Alpha & Omega Semiconductor Ltd,304,35.19,35.189998626708984,1.0000000390250374
VGT,2021-02-28,DBD,Diebold Nixdorf Inc,289,14.52,,
VGT,2021-02-28,SWKS,Skyworks Solutions Inc,49,177.82,177.82000732421875,0.9999999588110535
VGT,2021-02-28,DLB,Dolby Laboratories Inc,142,97.63,97.62999725341797,1.0000000281325627
VGT,2021-02-28,NXPI,NXP Semiconductors NV,32,182.55,182.5500030517578,0.9999999832826199
VGT,2021-02-28,NVEC,NVE Corp,331,70.47,70.47000122070312,0.9999999826776912
VGT,2021-02-28,TWLO,Twilio Inc,31,392.88,392.8800048828125,0.999999987571746
VGT,2021-02-28,ADSK,Autodesk Inc,28,276.0,276.0,1.0
VGT,2021-02-28,KEYS,Keysight Technologies Inc,56,141.52,141.52000427246094,0.9999999698101979
VGT,2021-02-28,WEX,WEX Inc,111,208.35,208.35000610351562,0.9999999707054694
VGT,2021-02-28,ARLO,Arlo Technologies Inc,319,6.96,6.960000038146973,0.9999999945191131
VGT,2021-02-28,CASS,Cass Information Systems Inc,318,43.08,43.08000183105469,0.999999957496411
VGT,2021-02-28,AZTA,Brooks Automation Inc,143,83.16000000000001,83.16000366210938,0.9999999559630928
VGT,2021-02-28,WDC,Western Digital Corp,67,68.53,68.53000101470947,0.999999985193208
VGT,2021-02-28,ADP,Automatic Data Processing Inc,25,174.02,174.02000427246094,0.9999999754484494
VGT,2021-02-28,GEN,NortonLifeLock Inc,107,19.51,19.510000228881836,0.9999999882684864
VGT,2021-02-28,CTS,CTS Corp,292,32.17,32.16999816894531,1.000000056918085
VGT,2021-02-28,PCTY,Paylocity Holding Corp,132,191.19,191.19000244140625,0.9999999872304711
VGT,2021-02-28,PLXS,Plexus Corp,230,83.98,83.9800033569336,0.9999999600269891
VGT,2021-02-28,SPT,Sprout Social Inc,271,67.97,67.97000122070312,0.9999999820405605
VGT,2021-02-28,ORCL,Oracle Corp,15,64.50999999999999,64.51000213623047,0.9999999668852828
VGT,2021-02-28,DELL,Dell Technologies Inc,70,81.07000000000001,81.06999829483033,1.000000021033301
VGT,2021-02-28,ACMR,ACM Research Inc,281,97.16,97.15999603271484,1.000000040832496
VGT,2021-02-28,INTC,Intel Corp,7,60.78,60.779998779296875,1.000000020083961
VGT,2021-02-28,MPWR,Monolithic Power Systems Inc,80,374.52,374.5199890136719,1.0000000293344238
VGT,2021-02-28,CMTL,Comtech Telecommunications Corp,314,26.88,26.8799991607666,1.0000000312214816
VGT,2021-02-28,TYL,Tyler Technologies Inc,74,463.42,463.4200134277344,0.9999999710246991
VGT,2021-02-28,SABR,Sabre Corp,172,14.69,14.6899995803833,1.0000000285647863
VGT,2021-02-28,KE,Kimball Electronics Inc,316,23.479999999999997,23.479999542236328,1.0000000194958978
VGT,2021-02-28,ZBRA,Zebra Technologies Corp,55,499.43,499.42999267578125,1.000000014665156
VGT,2021-02-28,RPAY,Repay Holdings Corp,261,21.8,21.799999237060547,1.0000000349972238
VGT,2021-02-28,NTNX,Nutanix Inc,151,30.285000000000004,30.28499984741211,1.0000000050383984
VGT,2021-02-28,KLIC,Kulicke & Soffa Industries Inc,207,49.86,49.86000061035156,0.9999999877586933
VGT,2021-02-28,CIEN,Ciena Corp,123,52.17,52.16999816894531,1.0000000350978484
VGT,2021-02-28,DGII,Digi International Inc,311,23.36,23.360000610351562,0.9999999738719372
VGT,2021-02-28,FFIV,F5 Networks Inc,104,189.98,189.97999572753906,1.0000000224890042
VGT,2021-02-28,PAR,PAR Technology Corp,252,86.88,86.87999725341797,1.0000000316135143
VGT,2021-02-28,SMCI,Super Micro Computer Inc,264,32.63,32.63000011444092,0.99999999649277
VGT,2021-02-28,AMKR,Amkor Technology Inc,224,23.89,23.889999389648438,1.0000000255484127
VGT,2021-02-28,MANH,Manhattan Associates Inc,126,122.95,122.94999694824219,1.0000000248211296
VGT,2021-02-28,APPN,Appian Corp,161,171.9,171.89999389648438,1.0000000355062004
VGT,2021-02-28,SYNA,Synaptics Inc,173,134.03,134.02999877929688,1.000000009107686
VGT,2021-02-28,IMXI,International Money Express Inc,326,14.73,14.729999542236328,1.0000000310769646
VGT,2021-02-28,VSAT,Viasat Inc,222,51.14,51.13999938964844,1.0000000119349153
VGT,2021-02-28,QRVO,Qorvo Inc,69,174.73000000000002,174.72999572753906,1.0000000244517888
VGT,2021-02-28,CACI,CACI International Inc,154,221.34,221.33999633789062,1.0000000165451768
VGT,2021-02-28,DDOG,Datadog Inc,90,95.41,95.41000366210938,0.9999999616171341
VGT,2021-02-28,SANM,Sanmina Corp,228,35.620000000000005,35.619998931884766,1.0000000299863916
VGT,2021-02-28,TEL,TE Connectivity Ltd,35,130.03,130.02999877929688,1.0000000093878576
VGT,2021-02-28,VNT,Vontier Corp,159,31.4,31.399999618530273,1.0000000121487176
VGT,2021-02-28,VYX,NCR Corp,178,34.76,34.759999961853026,1.0000000010974388
VGT,2021-02-28,DXC,DXC Technology Co,141,25.22,25.219999313354492,1.0000000272262302
VGT,2021-02-28,HUBS,HubSpot Inc,63,515.0,515.0,1.0
VGT,2021-02-28,TCX,Tucows Inc,305,79.02,79.0199966430664,1.0000000424820772
VGT,2021-02-28,MCHP,Microchip Technology Inc,40,152.63,152.6300048828125,0.9999999680088295
VGT,2021-02-28,NTCT,NetScout Systems Inc,240,28.22,28.219999313354492,1.0000000243318754
VGT,2021-02-28,STX,Seagate Technology PLC,76,73.23,73.2300033569336,0.9999999541590409
VGT,2021-02-28,QLYS,Qualys Inc,203,97.16,97.16000366210938,0.9999999623084681
VGT,2021-02-28,FROG,JFrog Ltd,302,53.49,53.4900016784668,0.9999999686209247
VGT,2021-02-28,MKSI,MKS Instruments Inc,115,164.9,164.89999389648438,1.0000000370134376
VGT,2021-02-28,P,Pure Storage Inc,152,23.38,23.3799991607666,1.0000000358953562
VGT,2021-02-28,SMTC,Semtech Corp,169,73.31,73.30999755859375,1.0000000333025008
VGT,2021-02-28,KBR,KBR Inc,174,31.0,31.0,1.0
VGT,2021-02-28,TTD,Trade Desk Inc/The,44,805.39,805.3900146484375,0.9999999818119951
VGT,2021-02-28,RMBS,Rambus Inc,231,20.98,20.979999542236328,1.0000000218190506
VGT,2021-02-28,DT,Dynatrace Inc,113,49.760000000000005,49.7599983215332,1.0000000337312471
VGT,2021-02-28,SITM,SiTime Corp,295,97.43,97.43000030517578,0.9999999968677432
VGT,2021-02-28,PYPL,PayPal Holdings Inc,6,259.85,259.8500061035156,0.9999999765113894
VGT,2021-02-28,WU,Western Union Co/The,110,23.22,23.219999313354492,1.0000000295712974
VGT,2021-02-28,ACIW,ACI Worldwide Inc,176,38.26,38.2599983215332,1.0000000438700174
VGT,2021-02-28,VRRM,Verra Mobility Corp,249,14.25,14.25,1.0
VGT,2021-02-28,BL,Blackline Inc,145,124.02,124.0199966430664,1.00000002706768
VGT,2021-02-28,PAYS,Paysign Inc,341,4.529999999999999,4.53000020980835,0.9999999536846931
VGT,2021-02-28,ATEN,A10 Networks Inc,320,9.34,9.34000015258789,0.9999999836629669
VGT,2021-02-28,CDNS,Cadence Design Systems Inc,39,141.09,141.08999633789062,1.0000000259558401
VGT,2021-02-28,LSCC,Lattice Semiconductor Corp,137,48.12,48.119998931884766,1.000000022196909
VGT,2021-02-28,FORM,FormFactor Inc,197,45.37,45.369998931884766,1.0000000235423243
VGT,2021-02-28,ZM,Zoom Video Communications Inc,27,373.61,373.6099853515625,1.0000000392078319
VGT,2021-02-28,CPAY,FleetCor Technologies Inc,59,277.31,277.30999755859375,1.0000000088038883
VGT,2021-02-28,MMS,MAXIMUS Inc,165,81.28,81.27999877929688,1.0000000150184933
VGT,2021-02-28,BMI,Badger Meter Inc,209,108.59,108.58999633789062,1.0000000337241872
VGT,2021-02-28,HPE,Hewlett Packard Enterprise Co,71,14.56,14.5600004196167,0.9999999711801726
VGT,2021-02-28,CEVA,CEVA Inc,269,61.23,61.22999954223633,1.0000000074761337
VGT,2021-02-28,FISV,Fiserv Inc,26,115.37,115.37000274658203,0.9999999761932742
VGT,2021-02-28,FIS,Fidelity National Information Services Inc,22,138.0,138.0,1.0
VGT,2021-02-28,FTNT,Fortinet Inc,58,168.85,168.85000228881836,0.9999999864446649
VGT,2021-02-28,ZD,J2 Global Inc,164,111.38,111.37999877929687,1.0000000109598055
VGT,2021-02-28,VHC,VirnetX Holding Corp,324,6.96,6.95999984741211,1.0000000219235479
VGT,2021-02-28,CRNC,Cerence Inc,186,111.22,111.22000122070312,0.999999989024428
VGT,2021-02-28,ITRI,Itron Inc,171,117.24,117.23999786376953,1.000000018221004
VGT,2021-02-28,RPD,Rapid7 Inc,190,76.24,76.23999786376953,1.0000000280198127
VGT,2021-02-28,ENPH,Enphase Energy Inc,65,176.05999999999997,176.05999755859375,1.0000000138668992
VGT,2021-02-28,VRSN,VeriSign Inc,68,194.03,194.02999877929688,1.0000000062913112
VGT,2021-02-28,ECHO,EchoStar Corp,285,22.7,22.700000762939453,0.9999999663903335
VGT,2021-02-28,HUCK,Domo Inc,268,63.73,63.72999954223633,1.00000000718286
VGT,2021-02-28,MEI,Methode Electronics Inc,265,38.93,38.93000030517578,0.9999999921609098
VGT,2021-02-28,DIOD,Diodes Inc,195,78.52,78.5199966430664,1.0000000427525946
VGT,2021-02-28,UIS,Unisys Corp,259,24.55,24.549999237060547,1.0000000310769646
VGT,2021-02-28,EGHT,8x8 Inc,200,34.21,34.209999084472656,1.000000026761981
VGT,2021-02-28,QCOM,QUALCOMM Inc,14,136.19,136.19000244140625,0.9999999820735281
VGT,2021-02-28,FSLY,Fastly Inc,146,73.58,73.58000183105469,0.9999999751147779
VGT,2021-02-28,NOVT,Novanta Inc,170,132.32999999999998,132.3300018310547,0.9999999861629663
VGT,2021-02-28,TXN,Texas Instruments Inc,13,172.27,172.27000427246094,0.9999999751990433
VGT,2021-02-28,ROG,Rogers Corp,201,181.48,181.47999572753906,1.0000000235423243
VGT,2021-02-28,BILL,Bill.com Holdings Inc,121,165.01000000000002,165.00999450683594,1.000000033289887
VGT,2021-02-28,BR,Broadridge Financial Solutions Inc,79,142.49,142.49000549316406,0.9999999614487765
VGT,2021-02-28,LASR,nLight Inc,270,38.12,38.119998931884766,1.0000000280198127
VGT,2021-02-28,POWI,Power Integrations Inc,157,88.37,88.37000274658203,0.9999999689195208
VGT,2021-02-28,DAKT,Daktronics Inc,339,5.41,5.409999847412109,1.0000000282047865
VGT,2021-02-28,BOX,Box Inc,216,18.35,18.350000381469727,0.9999999792114596
VGT,2021-02-28,YEXT,Yext Inc,266,16.92,16.920000076293945,0.9999999954909017
VGT,2021-02-28,CRM,salesforce.com Inc,9,216.5,216.5,1.0
VGT,2021-02-28,RAMP,LiveRamp Holdings Inc,184,63.16,63.15999984741211,1.0000000024158944
VGT,2021-02-28,XRX,Xerox Holdings Corp,168,25.48,25.479999542236328,1.0000000179656074
VGT,2021-02-28,ADTN,ADTRAN Inc,296,16.84,16.84000015258789,0.9999999909389614
VGT,2021-02-28,OKTA,Okta Inc,47,261.45,261.45001220703125,0.999999953310267
VGT,2021-02-28,FOUR,Shift4 Payments Inc,225,76.5,76.5,1.0
VGT,2021-02-28,MSTR,MicroStrategy Inc,155,750.41,750.4100036621094,0.9999999951198553
VGT,2021-02-28,XYZ,Square Inc,23,230.03,230.02999877929688,1.0000000053067128
VGT,2021-02-28,ACN,Accenture PLC,12,250.9,250.89999389648438,1.0000000243264877
VGT,2021-02-28,CRUS,Cirrus Logic Inc,167,81.78,81.77999877929688,1.0000000149266708
VGT,2021-02-28,CNXN,PC Connection Inc,317,46.01,46.0099983215332,1.0000000364804793
VGT,2021-02-28,BLKB,Blackbaud Inc,198,68.82000000000001,68.81999969482422,1.0000000044344055
VGT,2021-02-28,TTEC,TTEC Holdings Inc,257,84.14,84.13999938964844,1.000000007254
VGT,2021-02-28,PEGA,Pegasystems Inc,158,132.35,132.35000610351562,0.9999999538835259
VGT,2021-02-28,PANW,Palo Alto Networks Inc,43,358.31,358.3100051879883,0.9999999855209506
VGT,2021-02-28,AVT,Avnet Inc,192,38.07,38.06999969482422,1.000000008016175
VGT,2021-02-28,MITK,Mitek Systems Inc,310,15.28,15.279999732971191,1.0000000174757075
VGT,2021-02-28,PAYC,Paycom Software Inc,72,374.2399999999999,374.239990234375,1.000000026094552
VGT,2021-02-28,COHU,Cohu Inc,251,43.45,43.45000076293945,0.9999999824409795
VGT,2021-02-28,TENB,Tenable Holdings Inc,233,40.91,40.90999984741211,1.0000000037298433
VGT,2021-02-28,ALRM,Alarm.com Holdings Inc,191,87.88000000000001,87.87999725341797,1.0000000312537793
VGT,2021-02-28,VSH,Vishay Intertechnology Inc,204,23.87,23.8700008392334,0.9999999648415011
VGT,2021-02-28,KLAC,KLA Corp,33,311.23,311.2299919128418,1.000000025984508
VGT,2021-02-28,PLAB,Photronics Inc,297,11.91,11.90999984741211,1.0000000128117459
VGT,2021-02-28,BAH,Booz Allen Hamilton Holding Corp,108,77.14,77.13999938964844,1.0000000079122577
VGT,2021-02-28,HLIT,Harmonic Inc,298,7.745,7.75,0.9993548387096775
VGT,2021-02-28,UPLD,Upland Software Inc,275,49.43,49.42999877929688,1.0000000246955927
VGT,2021-02-28,CDW,CDW Corp/DE,62,156.89,156.88999938964844,1.0000000038903152
VGT,2021-02-28,FN,Fabrinet,206,88.33,88.33000183105469,0.9999999792702972
VGT,2021-02-28,KN,Knowles Corp,247,20.79,20.790000915527344,0.9999999559630927
VGT,2021-02-28,HPQ,HP Inc,36,28.97,28.969999313354492,1.000000023701951
VGT,2021-02-28,PI,Impinj Inc,284,63.970000000000006,63.970001220703125,0.9999999809175693
VGT,2021-02-28,CRWD,Crowdstrike Holdings Inc,48,216.0,216.0,1.0
VGT,2021-02-28,IBM,International Business Machines Corp,17,118.93,118.92999729919434,1.0000000227092047
VGT,2021-02-28,EXTR,Extreme Networks Inc,283,9.17,9.170000076293945,0.9999999916800496
VGT,2021-02-28,CNXC,Concentrix Corp,156,123.51,123.51000213623047,0.9999999827039882
VGT,2021-02-28,SAIC,Science Applications International Corp,175,86.13,86.12999725341797,1.0000000318887974
VGT,2021-02-28,GLW,Corning Inc,53,38.24,38.2400016784668,0.9999999561070418
VGT,2021-02-28,GPN,Global Payments Inc,29,197.99,197.99000549316406,0.9999999722553468
VGT,2021-02-28,SSTI,ShotSpotter Inc,333,41.98,41.97999954223633,1.0000000109043277
VGT,2021-02-28,APPS,Digital Turbine Inc,138,82.57000000000001,82.56999969482422,1.0000000036959644
VGT,2021-02-28,CNDT,Conduent Inc,293,5.38,5.380000114440918,0.9999999787284544
VGT,2021-02-28,MU,Micron Technology Inc,19,91.53,91.52999877929688,1.0000000133366453
VGT,2021-02-28,PTC,PTC Inc,87,136.94000000000003,136.94000244140625,0.9999999821717089
VGT,2021-02-28,MSI,Motorola Solutions Inc,50,175.48000000000002,175.47999572753906,1.0000000243472822
VGT,2021-02-28,BDC,Belden Inc,242,44.209999999999994,44.209999084472656,1.0000000207086035
VGT,2021-02-28,AMAT,Applied Materials Inc,16,118.19,118.19000244140625,0.9999999793433776
VGT,2021-02-28,FICO,Fair Isaac Corp,95,457.55,457.54998779296875,1.0000000266791205
VGT,2021-02-28,NVDA,NVIDIA Corp,3,548.5799999999999,548.5800170898438,0.9999999688471266
VGT,2021-02-28,APPF,Appfolio Inc,226,164.02,164.02000427246094,0.9999999739515862
VGT,2021-02-28,IDCC,InterDigital Inc,245,63.37,63.369998931884766,1.0000000168552194
VGT,2021-02-28,EEFT,Euronet Worldwide Inc,125,150.31,150.30999755859375,1.0000000162424743
VGT,2021-02-28,LFUS,Littelfuse Inc,139,260.21999999999997,260.2200012207031,0.9999999953089572
VGT,2021-02-28,MA,Mastercard Inc,5,353.85,353.8500061035156,0.999999982751122
VGT,2021-02-28,PAYX,Paychex Inc,51,91.07,91.06999969482422,1.0000000033510024
VGT,2021-02-28,XPER,Xperi Holding Corp,235,21.1,,
VGT,2021-02-28,PLTR,Palantir Technologies Inc,338,23.9,23.899999618530273,1.0000000159610767
VGT,2021-02-28,UCTT,Ultra Clean Holdings Inc,248,46.38,46.380001068115234,0.9999999769703491
VGT,2021-02-28,WDAY,Workday Inc,34,245.18,245.17999267578125,1.000000029872824
VGT,2021-02-28,SNX,SYNNEX Corp,188,89.16,89.16000366210938,0.9999999589265453
VGT,2021-02-28,LDOS,Leidos Holdings Inc,101,88.45,88.44999694824219,1.0000000345026334
VGT,2021-02-28,SLAB,Silicon Laboratories Inc,136,155.74,155.74000549316406,0.9999999647286255
VGT,2021-02-28,DOCU,DocuSign Inc,38,226.66,226.66000366210938,0.9999999838431601
VGT,2021-02-28,VRNS,Varonis Systems Inc,150,183.54,183.54000091552734,0.9999999950118375
VGT,2021-02-28,FSLR,First Solar Inc,140,81.02,81.0199966430664,1.0000000414333958
VGT,2021-02-28,PDFS,PDF Solutions Inc,313,18.36,18.360000610351562,0.9999999667564519
VGT,2021-02-28,ICHR,Ichor Holdings Ltd,279,42.76,42.7599983215332,1.0000000392532007
VGT,2021-02-28,AGYS,Agilysys Inc,276,59.59,59.59000015258789,0.999999997439371
VGT,2021-02-28,CMRC,BigCommerce Holdings Inc,301,59.11000000000001,59.11000061035156,0.9999999896743098
VGT,2021-02-28,NTAP,NetApp Inc,93,62.6,62.599998474121094,1.000000024375063
VGT,2021-02-28,ZS,Zscaler Inc,89,205.03,205.02999877929688,1.0000000059537781
VGT,2021-02-28,PLTK,Playtika Holding Corp,343,29.75,29.75,1.0
VGT,2021-02-28,AEIS,Advanced Energy Industries Inc,187,104.45,104.44999694824219,1.0000000292174045
VGT,2021-02-28,OLED,Universal Display Corp,116,211.69,211.69000244140625,0.9999999884670687
VGT,2021-02-28,VPG,Vishay Precision Group Inc,332,32.32,32.31999969482422,1.00000000944232
VGT,2021-02-28,FIVN,Five9 Inc,99,185.24,185.24000549316406,0.9999999703456927
VGT,2021-02-28,EVTC,EVERTEC Inc,232,38.900000000000006,38.900001525878906,0.9999999607743228
VGT,2021-02-28,ONTO,Onto Innovation Inc,212,62.46,62.459999084472656,1.0000000146578187
VGT,2021-02-28,HCKT,Hackett Group Inc/The,328,15.62,15.619999885559082,1.0000000073265634
VGT,2021-02-28,FLEX,Flex Ltd,114,18.19,18.189999908447266,1.0000000050331355
VGT,2021-02-28,AVGO,Broadcom Inc,11,469.87,469.8699951171875,1.0000000103918372
VGT,2021-02-28,JKHY,Jack Henry & Associates Inc,106,148.44,148.44000244140625,0.9999999835529089
VGT,2021-02-28,COHR,Coherent Inc,147,241.94,84.30000305175781,2.8699880337068993
VGT,2021-02-28,VISN,CommScope Holding Co Inc,217,14.59,14.59000015258789,0.9999999895416114
VGT,2021-02-28,CSCO,Cisco Systems Inc/Delaware,10,44.87,44.869998931884766,1.0000000238046636
VGT,2021-02-28,SCSC,ScanSource Inc,303,28.44,28.440000534057617,0.9999999812216032
VGT,2021-02-28,IIIV,I3 Verticals Inc,315,33.2,33.20000076293945,0.9999999770198966
VGT,2021-02-28,DBX,Dropbox Inc,131,22.545000003485494,22.545000076293945,0.9999999967705278
VGT,2021-02-28,PD,PagerDuty Inc,287,44.74,44.7400016784668,0.99999996248398
VGT,2021-02-28,ANET,Arista Networks Inc,81,279.84,279.8399963378906,1.0000000130864402
VGT,2021-02-28,TDC,Teradata Corp,177,40.1,40.099998474121094,1.0000000380518446
VGT,2021-02-28,INSG,Inseego Corp,291,14.59,14.589999389648439,1.0000000418335564
VGT,2021-02-28,SSNC,SS&C Technologies Holdings Inc,85,66.28,66.27999877929688,1.0000000184173679
VGT,2021-02-28,RNG,RingCentral Inc,54,378.16,378.1600036621094,0.9999999903159792
VGT,2021-02-28,CTSH,Cognizant Technology Solutions Corp,37,73.48,73.4800033569336,0.999999954315005
VGT,2021-02-28,GWRE,Guidewire Software Inc,112,110.99,110.98999786376953,1.0000000192470537
VGT,2021-02-28,NTGR,NETGEAR Inc,277,40.0,40.0,1.0
VGT,2021-02-28,MXL,MaxLinear Inc,221,39.77,39.77000045776367,0.9999999884897244
VGT,2021-02-28,AKAM,Akamai Technologies Inc,86,94.5,94.5,1.0
VGT,2021-02-28,ENTG,Entegris Inc,92,105.21,105.20999908447266,1.0000000087019043
VGT,2021-02-28,SPSC,SPS Commerce Inc,196,100.73,100.7300033569336,0.9999999666739454
VGT,2021-02-28,AMBA,Ambarella Inc,189,112.49,112.48999786376953,1.0000000189904037
VGT,2021-02-28,VIAV,Viavi Solutions Inc,193,16.185000000000002,16.18000030517578,1.00030900461866
VGT,2021-02-28,GDYN,Grid Dynamics Holdings Inc,330,14.909999999999998,14.90999984741211,1.0000000102339297
VGT,2021-05-31,EXLS,ExlService Holdings Inc,193,101.98,101.97999954223633,1.0000000044887594
VGT,2021-05-31,OSIS,OSI Systems Inc,257,96.36,96.36000061035156,0.9999999936659241
VGT,2021-05-31,MVIS,MicroVision Inc,223,15.6,15.6,1.0
VGT,2021-05-31,TER,Teradyne Inc,64,132.35,132.35000610351562,0.9999999538835259
VGT,2021-05-31,SNPS,Synopsys Inc,39,254.34,254.33999633789062,1.0000000143984802
VGT,2021-05-31,IT,Gartner Inc,69,231.84,231.83999633789062,1.0000000157958482
VGT,2021-05-31,WK,Workiva Inc,187,94.9,94.9000015258789,0.999999983921192
VGT,2021-05-31,NCNO,nCino Inc,252,61.120000000000005,61.119998931884766,1.0000000174757078
VGT,2021-05-31,ACLS,Axcelis Technologies Inc,272,41.440000000000005,41.439998626708984,1.0000000331392631
VGT,2021-05-31,RMNI,Rimini Street Inc,343,6.51,6.510000228881836,0.9999999648415011
VGT,2021-05-31,BHE,Benchmark Electronics Inc,285,30.95,30.950000762939453,0.9999999753492913
VGT,2021-05-31,MTSI,MACOM Technology Solutions Holdings Inc,212,59.2,59.20000076293945,0.9999999871125095
VGT,2021-05-31,CVLT,CommVault Systems Inc,202,76.17,76.16999816894531,1.0000000240390539
VGT,2021-05-31,DMRC,Digimarc Corp,335,34.769999999999996,34.77000045776367,0.999999986834522
VGT,2021-05-31,ARW,Arrow Electronics Inc,118,120.33,120.33000183105469,0.9999999847830577
VGT,2021-05-31,ALGM,Allegro MicroSystems Inc,265,26.21,26.209999084472656,1.0000000349304607
VGT,2021-05-31,MDB,MongoDB Inc,88,291.94,291.94000244140625,0.9999999916373014
VGT,2021-05-31,BFH,Alliance Data Systems Corp,147,121.05,121.04999821472167,1.0000000147482722
VGT,2021-05-31,NSSC,Napco Security Technologies Inc,333,32.54,32.540000915527344,0.9999999718645569
VGT,2021-05-31,GDDY,GoDaddy Inc,97,80.96,80.95999908447266,1.0000000113083911
VGT,2021-05-31,CGNX,Cognex Corp,96,79.39,79.38999938964844,1.0000000076880158
VGT,2021-05-31,AAPL,Apple Inc,1,124.61,124.61000061035156,0.9999999951019055
VGT,2021-05-31,SNOW,Snowflake Inc,145,238.03,238.02999877929688,1.0000000051283584
VGT,2021-05-31,JBL,Jabil Inc,124,56.45,56.45000076293945,0.9999999864846866
VGT,2021-05-31,ADI,Analog Devices Inc,29,164.6,164.60000610351562,0.9999999629191044
VGT,2021-05-31,QTWO,Q2 Holdings Inc,157,94.93,94.93000030517578,0.9999999967852546
VGT,2021-05-31,CALX,Calix Inc,222,44.31,44.310001373291016,0.9999999690071999
VGT,2021-05-31,TTMI,TTM Technologies Inc,261,15.15,15.149999618530273,1.0000000251795205
VGT,2021-05-31,RBBN,Ribbon Communications Inc,311,7.44,7.440000057220459,0.9999999923090782
VGT,2021-05-31,AMD,Advanced Micro Devices Inc,19,80.08,80.08000183105469,0.9999999771346822
VGT,2021-05-31,NSIT,Insight Enterprises Inc,184,104.48,104.4800033569336,0.9999999678700854
VGT,2021-05-31,SEDG,SolarEdge Technologies Inc,98,258.01,258.010009765625,0.9999999621502087
VGT,2021-05-31,APH,Amphenol Corp,37,67.26,67.26000213623047,0.999999968239215
VGT,2021-05-31,VECO,Veeco Instruments Inc,282,23.82,23.81999969482422,1.0000000128117459
VGT,2021-05-31,PRGS,Progress Software Corp,244,44.57,44.56999969482422,1.000000006847112
VGT,2021-05-31,MSFT,Microsoft Corp,2,249.68,249.67999267578125,1.000000029334424
VGT,2021-05-31,IPGP,IPG Photonics Corp,126,209.26,209.25999450683594,1.0000000262504263
VGT,2021-05-31,NOW,ServiceNow Inc,21,473.88,473.8800048828125,0.9999999896960993
VGT,2021-05-31,LRCX,Lam Research Corp,22,649.85,649.8500061035156,0.9999999906078086
VGT,2021-05-31,LITE,Lumentum Holdings Inc,142,81.37,81.37000274658203,0.999999966245767
VGT,2021-05-31,DDD,3D Systems Corp,183,29.41,29.40999984741211,1.0000000051882996
VGT,2021-05-31,V,Visa Inc,4,227.3,227.3000030517578,0.999999986573877
VGT,2021-05-31,ESTC,Elastic NV,129,118.21,118.20999908447266,1.000000007744923
VGT,2021-05-31,EPAM,EPAM Systems Inc,55,477.6,477.6000061035156,0.9999999872204449
VGT,2021-05-31,NET,Cloudflare Inc,76,82.05999999999999,82.05999755859375,1.0000000297514784
VGT,2021-05-31,TRMB,Trimble Inc,73,77.79,77.79000091552734,0.9999999882307838
VGT,2021-05-31,PLUS,ePlus Inc,277,94.57,94.56999969482422,1.000000003226983
VGT,2021-05-31,ADBE,Adobe Inc,7,504.58,504.5799865722656,1.0000000266117062
VGT,2021-05-31,ON,ON Semiconductor Corp,83,40.04,40.040000915527344,0.9999999771346822
VGT,2021-05-31,TLS,Telos Corp,325,32.88,32.880001068115234,0.9999999675147446
VGT,2021-05-31,INTU,Intuit Inc,18,439.09,439.0899963378906,1.000000008340225
VGT,2021-05-31,OSPN,OneSpan Inc,303,26.15,26.149999618530273,1.0000000145877526
VGT,2021-05-31,AOSL,Alpha & Omega Semiconductor Ltd,316,32.21,32.209999084472656,1.0000000284236998
VGT,2021-05-31,MARA,Marathon Digital Holdings Inc,225,24.77,24.770000457763672,0.9999999815194323
VGT,2021-05-31,DBD,Diebold Nixdorf Inc,295,13.54,,
VGT,2021-05-31,SWKS,Skyworks Solutions Inc,52,170.0,170.0,1.0
VGT,2021-05-31,DLB,Dolby Laboratories Inc,138,97.54,97.54000091552734,0.9999999906138268
VGT,2021-05-31,NXPI,NXP Semiconductors NV,30,211.42,211.4199981689453,1.000000008660745
VGT,2021-05-31,NVEC,NVE Corp,353,69.86,69.86000061035156,0.9999999912632185
VGT,2021-05-31,RIOT,Riot Blockchain Inc,234,27.130000000000003,27.1299991607666,1.000000030933779
VGT,2021-05-31,MRVL,Marvell Technology Inc,40,48.3,48.29999923706055,1.0000000157958482
VGT,2021-05-31,TWLO,Twilio Inc,32,336.0,336.0,1.0
VGT,2021-05-31,ADSK,Autodesk Inc,28,285.86,285.8599853515625,1.0000000512433997
VGT,2021-05-31,KEYS,Keysight Technologies Inc,57,142.38,142.3800048828125,0.9999999657057709
VGT,2021-05-31,WEX,WEX Inc,120,195.91,195.91000366210938,0.9999999813071854
VGT,2021-05-31,ARLO,Arlo Technologies Inc,328,6.71,6.710000038146973,0.9999999943149073
VGT,2021-05-31,CASS,Cass Information Systems Inc,321,45.629999999999995,45.630001068115234,0.9999999765918208
VGT,2021-05-31,AZTA,Brooks Automation Inc,128,102.09,102.08999633789062,1.0000000358713832
VGT,2021-05-31,WDC,Western Digital Corp,61,75.23,75.22999996948242,1.000000000405657
VGT,2021-05-31,ADP,Automatic Data Processing Inc,25,196.02,196.02000427246094,0.9999999782039545
VGT,2021-05-31,GEN,NortonLifeLock Inc,85,27.660000000000004,27.65999984741211,1.0000000055165543
VGT,2021-05-31,CTS,CTS Corp,287,38.25,38.25,1.0
VGT,2021-05-31,PCTY,Paylocity Holding Corp,136,169.82999999999998,169.8300018310547,0.9999999892183083
VGT,2021-05-31,PATH,UiPath Inc,342,79.82000000000001,79.81999969482422,1.0000000038233
VGT,2021-05-31,PLXS,Plexus Corp,213,98.81,98.80999755859375,1.0000000247080894
VGT,2021-05-31,SPT,Sprout Social Inc,220,69.42,69.41999816894531,1.0000000263764728
VGT,2021-05-31,ORCL,Oracle Corp,15,78.74,78.73999786376953,1.0000000271301819
VGT,2021-05-31,DELL,Dell Technologies Inc,58,98.64,98.63999741744996,1.0000000261815705
VGT,2021-05-31,ACMR,ACM Research Inc,297,75.97999999999999,75.9800033569336,0.9999999558181961
VGT,2021-05-31,INTC,Intel Corp,8,57.120000000000005,57.119998931884766,1.0000000186994968
VGT,2021-05-31,MPWR,Monolithic Power Systems Inc,94,343.12,343.1199951171875,1.0000000142306265
VGT,2021-05-31,CMTL,Comtech Telecommunications Corp,320,25.29,25.290000915527344,0.999999963798841
VGT,2021-05-31,CMBMF,Cambium Networks Corp,327,57.71000000000001,57.709999084472656,1.000000015864276
VGT,2021-05-31,TYL,Tyler Technologies Inc,84,403.16,403.1600036621094,0.9999999909164865
VGT,2021-05-31,SABR,Sabre Corp,171,13.85,13.850000381469727,0.9999999724570602
VGT,2021-05-31,KE,Kimball Electronics Inc,323,22.380000000000003,22.3799991607666,1.0000000374992597
VGT,2021-05-31,ZBRA,Zebra Technologies Corp,56,497.05,497.04998779296875,1.000000024558961
VGT,2021-05-31,RPAY,Repay Holdings Corp,253,22.71,22.709999084472656,1.0000000403138434
VGT,2021-05-31,APP,AppLovin Corp,341,74.31,74.30999755859375,1.0000000328543444
VGT,2021-05-31,NTNX,Nutanix Inc,143,31.51,31.510000228881836,0.999999992736216
VGT,2021-05-31,KLIC,Kulicke & Soffa Industries Inc,200,51.9,51.900001525878906,0.9999999705996365
VGT,2021-05-31,CIEN,Ciena Corp,123,52.87,52.869998931884766,1.0000000202026718
VGT,2021-05-31,DGII,Digi International Inc,319,18.96,18.959999084472656,1.0000000482873095
VGT,2021-05-31,FFIV,F5 Networks Inc,105,185.43,185.42999267578125,1.0000000394985658
VGT,2021-05-31,PAR,PAR Technology Corp,267,66.96,66.95999908447266,1.00000001367275
VGT,2021-05-31,SMCI,Super Micro Computer Inc,271,34.74,34.739999771118164,1.0000000065884238
VGT,2021-05-31,AMKR,Amkor Technology Inc,232,21.1,21.100000381469727,0.9999999819208665
VGT,2021-05-31,MANH,Manhattan Associates Inc,119,135.98000000000002,135.97999572753906,1.0000000314197757
VGT,2021-05-31,APPN,Appian Corp,204,90.48,90.4800033569336,0.9999999628986134
VGT,2021-05-31,SYNA,Synaptics Inc,167,126.33,126.33000183105469,0.9999999855057812
VGT,2021-05-31,IMXI,International Money Express Inc,336,15.27,15.270000457763672,0.9999999700220263
VGT,2021-05-31,VSAT,Viasat Inc,211,53.18,53.18000030517578,0.9999999942614558
VGT,2021-05-31,QRVO,Qorvo Inc,68,182.72,182.72000122070312,0.9999999933192693
VGT,2021-05-31,RXT,Rackspace Technology Inc,304,20.18,20.18000030517578,0.9999999848773153
VGT,2021-05-31,DDOG,Datadog Inc,87,91.05,91.05000305175781,0.9999999664826171
VGT,2021-05-31,SANM,Sanmina Corp,215,42.11,42.11000061035156,0.9999999855057812
VGT,2021-05-31,TEL,TE Connectivity Ltd,34,135.67999999999998,135.67999267578125,1.0000000539815679
VGT,2021-05-31,VNT,Vontier Corp,146,35.08,35.08000183105469,0.9999999478034608
VGT,2021-05-31,VYX,NCR Corp,141,48.2,48.20000110626221,0.9999999770485025
VGT,2021-05-31,DXC,DXC Technology Co,114,37.919999999999995,37.91999816894531,1.0000000482873093
VGT,2021-05-31,HUBS,HubSpot Inc,63,504.38,504.3800048828125,0.9999999903191791
VGT,2021-05-31,TCX,Tucows Inc,309,78.1,78.0999984741211,1.0000000195375023
VGT,2021-05-31,MCHP,Microchip Technology Inc,35,156.95,156.9499969482422,1.0000000194441405
VGT,2021-05-31,NTCT,NetScout Systems Inc,239,29.4,29.399999618530273,1.000000012975161
VGT,2021-05-31,QLYS,Qualys Inc,201,96.68,96.68000030517578,0.9999999968434446
VGT,2021-05-31,FROG,JFrog Ltd,262,41.75,41.75,1.0
VGT,2021-05-31,CLSK,Cleanspark Inc,326,16.759999999999998,16.760000228881836,0.9999999863435659
VGT,2021-05-31,MKSI,MKS Instruments Inc,109,188.23,188.22999572753906,1.0000000226980876
VGT,2021-05-31,P,Pure Storage Inc,160,19.049999999999997,19.049999237060547,1.0000000400493165
VGT,2021-05-31,SMTC,Semtech Corp,173,63.0,63.0,1.0
VGT,2021-05-31,TTD,Trade Desk Inc/The,59,588.14,588.1399917602539,1.0000000140098382
VGT,2021-05-31,RMBS,Rambus Inc,237,19.56,19.559999465942383,1.0000000273035599
VGT,2021-05-31,STX,Seagate Technology Holdings PLC,70,95.75,95.75,1.0
VGT,2021-05-31,DT,Dynatrace Inc,115,51.739999999999995,51.7400016784668,0.9999999675595913
VGT,2021-05-31,SITM,SiTime Corp,281,98.33,98.33000183105469,0.999999981378474
VGT,2021-05-31,PYPL,PayPal Holdings Inc,6,260.02000000000004,260.0199890136719,1.00000004225186
VGT,2021-05-31,WU,Western Union Co/The,110,24.47,24.469999313354492,1.000000028060708
VGT,2021-05-31,ACIW,ACI Worldwide Inc,175,38.260000000000005,38.2599983215332,1.0000000438700176
VGT,2021-05-31,VRRM,Verra Mobility Corp,245,14.25,14.25,1.0
VGT,2021-05-31,BL,Blackline Inc,151,103.97,103.97000122070312,0.9999999882590833
VGT,2021-05-31,PAYS,Paysign Inc,345,3.31,3.309999942779541,1.000000017287148
VGT,2021-05-31,ATEN,A10 Networks Inc,324,9.73,9.729999542236328,1.0000000470466284
VGT,2021-05-31,CDNS,Cadence Design Systems Inc,44,126.99,126.98999786376953,1.000000016822037
VGT,2021-05-31,LSCC,Lattice Semiconductor Corp,131,53.07,53.06999969482422,1.0000000057504388
VGT,2021-05-31,FORM,FormFactor Inc,216,35.25,35.25,1.0
VGT,2021-05-31,ZM,Zoom Video Communications Inc,27,331.53,331.5299987792969,1.0000000036820291
VGT,2021-05-31,CPAY,FleetCor Technologies Inc,65,274.44,274.44000244140625,0.9999999911040438
VGT,2021-05-31,MMS,Maximus Inc,148,92.67,92.66999816894531,1.0000000197588725
VGT,2021-05-31,BMI,Badger Meter Inc,214,95.57,95.56999969482422,1.0000000031932172
VGT,2021-05-31,HPE,Hewlett Packard Enterprise Co,67,15.96,15.960000038146973,0.9999999976098388
VGT,2021-05-31,CEVA,CEVA Inc,294,44.87,44.869998931884766,1.0000000238046636
VGT,2021-05-31,FISV,Fiserv Inc,26,115.2,115.19999694824219,1.0000000264909539
VGT,2021-05-31,BSY,Bentley Systems Inc,112,57.36,57.36000061035156,0.9999999893592825
VGT,2021-05-31,FIS,Fidelity National Information Services Inc,23,148.98,148.97999572753906,1.0000000286780846
VGT,2021-05-31,FTNT,Fortinet Inc,50,218.54,218.54000091552734,0.9999999958107104
VGT,2021-05-31,ZD,J2 Global Inc,152,124.53,124.53000030517578,0.9999999975493795
VGT,2021-05-31,ASAN,Asana Inc,231,36.78,36.779998779296875,1.0000000331893193
VGT,2021-05-31,VHC,VirnetX Holding Corp,355,4.58,4.579999923706055,1.000000016658067
VGT,2021-05-31,CRNC,Cerence Inc,185,95.13,95.12999725341797,1.0000000288718818
VGT,2021-05-31,ITRI,Itron Inc,180,95.35,95.3499984741211,1.0000000160029252
VGT,2021-05-31,RPD,Rapid7 Inc,172,83.65,83.6500015258789,0.9999999817587703
VGT,2021-05-31,COIN,Coinbase Global Inc,340,236.54,236.5399932861328,1.000000028383645
VGT,2021-05-31,ENPH,Enphase Energy Inc,78,143.04999999999998,143.0500030517578,0.9999999786664959
VGT,2021-05-31,VRSN,VeriSign Inc,62,219.92,219.9199981689453,1.0000000083260034
VGT,2021-05-31,ECHO,EchoStar Corp,283,26.49,26.489999771118164,1.000000008640311
VGT,2021-05-31,HUCK,Domo Inc,250,66.5,66.5,1.0
VGT,2021-05-31,MEI,Methode Electronics Inc,249,48.38,48.380001068115234,0.9999999779223809
VGT,2021-05-31,DIOD,Diodes Inc,194,75.67,75.66999816894531,1.0000000241978952
VGT,2021-05-31,UIS,Unisys Corp,259,25.71,25.709999084472656,1.0000000356097773
VGT,2021-05-31,EGHT,8x8 Inc,228,23.55,23.549999237060547,1.0000000323965808
VGT,2021-05-31,QCOM,QUALCOMM Inc,14,134.54000000000002,134.5399932861328,1.00000004990239
VGT,2021-05-31,FSLY,Fastly Inc,163,47.19,47.189998626708984,1.000000029101315
VGT,2021-05-31,NOVT,Novanta Inc,161,138.97,138.97000122070312,0.9999999912160674
VGT,2021-05-31,TXN,Texas Instruments Inc,13,189.82,189.82000732421875,0.9999999614149274
VGT,2021-05-31,ROG,Rogers Corp,190,187.35,187.35000610351562,0.9999999674218552
VGT,2021-05-31,BILL,Bill.com Holdings Inc,108,148.92,148.9199981689453,1.0000000122955592
VGT,2021-05-31,BR,Broadridge Financial Solutions Inc,77,159.48,159.47999572753906,1.000000026789949
VGT,2021-05-31,LASR,nLight Inc,290,29.32,29.31999969482422,1.000000010408451
VGT,2021-05-31,POWI,Power Integrations Inc,159,82.19000000000001,82.19000244140625,0.9999999702955814
VGT,2021-05-31,DAKT,Daktronics Inc,356,6.76,6.760000228881836,0.9999999661417414
VGT,2021-05-31,BOX,Box Inc,182,23.31,23.309999465942383,1.0000000229110952
VGT,2021-05-31,YEXT,Yext Inc,269,14.47,14.470000267028809,0.9999999815460399
VGT,2021-05-31,CRM,salesforce.com Inc,10,238.1,238.10000610351562,0.9999999743657477
VGT,2021-05-31,RAMP,LiveRamp Holdings Inc,195,50.24,50.2400016784668,0.9999999665910283
VGT,2021-05-31,XRX,Xerox Holdings Corp,177,23.45,23.450000762939453,0.9999999674652695
VGT,2021-05-31,ADTN,ADTRAN Inc,298,19.81,19.809999465942383,1.000000026958992
VGT,2021-05-31,OKTA,Okta Inc,54,222.44,222.44000244140625,0.999999989024428
VGT,2021-05-31,FOUR,Shift4 Payments Inc,196,93.29,93.29000091552734,0.9999999901862222
VGT,2021-05-31,MSTR,MicroStrategy Inc,186,470.0,470.0,1.0
VGT,2021-05-31,XYZ,Square Inc,24,222.52,222.52000427246094,0.9999999807996547
VGT,2021-05-31,ACN,Accenture PLC,12,282.15999999999997,282.1600036621094,0.9999999870211604
VGT,2021-05-31,CRUS,Cirrus Logic Inc,165,78.07,78.06999969482422,1.0000000039090018
VGT,2021-05-31,CNXN,PC Connection Inc,322,48.79,48.790000915527344,0.999999981235349
VGT,2021-05-31,BLKB,Blackbaud Inc,205,70.69,70.69000244140625,0.9999999654632031
VGT,2021-05-31,TTEC,TTEC Holdings Inc,242,108.41,108.41000366210938,0.9999999662198206
VGT,2021-05-31,PEGA,Pegasystems Inc,162,118.14,118.13999938964844,1.0000000051663414
VGT,2021-05-31,PANW,Palo Alto Networks Inc,45,363.25,363.25000762939453,0.9999999789968497
VGT,2021-05-31,AVT,Avnet Inc,168,44.06,44.060001373291016,0.9999999688313443
VGT,2021-05-31,MITK,Mitek Systems Inc,310,16.96,16.959999084472656,1.000000053981568
VGT,2021-05-31,PAYC,Paycom Software Inc,82,329.6,329.6000061035156,0.9999999814820525
VGT,2021-05-31,COHU,Cohu Inc,251,37.22,37.220001220703125,0.9999999672030336
VGT,2021-05-31,TENB,Tenable Holdings Inc,207,41.8,41.79999923706055,1.0000000182521402
VGT,2021-05-31,ALRM,Alarm.com Holdings Inc,181,81.88,81.87999725341797,1.0000000335439927
VGT,2021-05-31,VSH,Vishay Intertechnology Inc,203,24.07,24.06999969482422,1.0000000126786783
VGT,2021-05-31,KLAC,KLA Corp,33,316.89,316.8899917602539,1.0000000260019133
VGT,2021-05-31,PLAB,Photronics Inc,305,13.54,13.539999961853027,1.000000002817354
VGT,2021-05-31,HLIT,Harmonic Inc,312,6.97,6.96999979019165,1.0000000301016292
VGT,2021-05-31,UPLD,Upland Software Inc,292,40.989999999999995,40.98999938964844,1.0000000148902553
VGT,2021-05-31,CDW,CDW Corp/DE,60,165.42,165.4199981689453,1.0000000110691252
VGT,2021-05-31,FN,Fabrinet,198,89.69,89.69000244140625,0.9999999727795051
VGT,2021-05-31,KN,Knowles Corp,246,20.54,20.540000915527344,0.9999999554271031
VGT,2021-05-31,HPQ,HP Inc,43,29.23,29.229999542236328,1.0000000156607485
VGT,2021-05-31,PI,Impinj Inc,300,52.05,52.04999923706055,1.0000000146578187
VGT,2021-05-31,CRWD,Crowdstrike Holdings Inc,38,222.15,222.14999389648438,1.0000000274747505
VGT,2021-05-31,IBM,International Business Machines Corp,16,143.74,143.73999334716797,1.0000000462837926
VGT,2021-05-31,EXTR,Extreme Networks Inc,268,11.44,11.4399995803833,1.0000000366797828
VGT,2021-05-31,CNXC,Concentrix Corp,134,152.72,152.72000122070312,0.9999999920069204
VGT,2021-05-31,GLW,Corning Inc,47,43.63,43.630001068115234,0.9999999755187897
VGT,2021-05-31,GPN,Global Payments Inc,31,193.71,193.7100067138672,0.9999999653406281
VGT,2021-05-31,SSTI,ShotSpotter Inc,352,40.71,40.709999084472656,1.0000000224890042
VGT,2021-05-31,APPS,Digital Turbine Inc,149,66.17,66.16999816894531,1.0000000276719774
VGT,2021-05-31,CNDT,Conduent Inc,278,7.58,7.579999923706055,1.0000000100651645
VGT,2021-05-31,MU,Micron Technology Inc,20,84.14,84.13999938964844,1.000000007254
VGT,2021-05-31,PTC,PTC Inc,92,134.14,134.13999938964844,1.0000000045501085
VGT,2021-05-31,MSI,Motorola Solutions Inc,46,205.31,205.30999755859375,1.000000011891317
VGT,2021-05-31,BDC,Belden Inc,235,50.6,50.599998474121094,1.0000000301557106
VGT,2021-05-31,AMAT,Applied Materials Inc,17,138.13,138.1300048828125,0.9999999646506021
VGT,2021-05-31,AI,C3.ai Inc,264,61.71,61.709999084472656,1.0000000148359642
VGT,2021-05-31,FICO,Fair Isaac Corp,93,506.06000000000006,506.05999755859375,1.0000000048243416
VGT,2021-05-31,NVDA,NVIDIA Corp,3,649.78,649.7799682617188,1.0000000488446594
VGT,2021-05-31,APPF,Appfolio Inc,238,134.89,134.88999938964844,1.0000000045248094
VGT,2021-05-31,MASS,908 Devices Inc,339,42.129999999999995,42.130001068115234,0.9999999746471585
VGT,2021-05-31,IDCC,InterDigital Inc,224,80.78,80.77999877929688,1.0000000151114525
VGT,2021-05-31,EEFT,Euronet Worldwide Inc,125,149.64,149.63999938964844,1.0000000040787995
VGT,2021-05-31,LFUS,Littelfuse Inc,139,261.24,261.239990234375,1.0000000373818152
VGT,2021-05-31,MA,Mastercard Inc,5,360.58,360.5799865722656,1.000000037239267
VGT,2021-05-31,PAYX,Paychex Inc,48,101.14,101.13999938964844,1.0000000060347198
VGT,2021-05-31,XPER,Xperi Holding Corp,236,21.42,,
VGT,2021-05-31,PLTR,Palantir Technologies Inc,100,22.95,22.950000762939453,0.9999999667564519
VGT,2021-05-31,UCTT,Ultra Clean Holdings Inc,233,56.33,56.33000183105469,0.9999999674941482
VGT,2021-05-31,WDAY,Workday Inc,36,228.72000000000003,228.72000122070312,0.9999999946628931
VGT,2021-05-31,SNX,SYNNEX Corp,150,126.6,126.5999984741211,1.0000000120527561
VGT,2021-05-31,SLAB,Silicon Laboratories Inc,144,136.56,136.55999755859375,1.000000017877902
VGT,2021-05-31,DOCU,DocuSign Inc,42,201.62,201.6199951171875,1.0000000242178981
VGT,2021-05-31,VERX,Vertex Inc,330,19.209999999999997,19.209999084472656,1.0000000476588957
VGT,2021-05-31,VRNS,Varonis Systems Inc,158,48.3,48.29999923706055,1.0000000157958482
VGT,2021-05-31,FSLR,First Solar Inc,130,76.11,76.11000061035156,0.9999999919806654
VGT,2021-05-31,PDFS,PDF Solutions Inc,329,17.44,17.440000534057617,0.9999999693774312
VGT,2021-05-31,ICHR,Ichor Holdings Ltd,260,56.260000000000005,56.2599983215332,1.000000029834107
VGT,2021-05-31,AGYS,Agilysys Inc,284,50.79,50.790000915527344,0.9999999819742601
VGT,2021-05-31,CMRC,BigCommerce Holdings Inc,241,54.39,54.38999938964844,1.0000000112217609
VGT,2021-05-31,NTAP,NetApp Inc,79,77.36999999999999,77.37000274658203,0.9999999645006857
VGT,2021-05-31,ZS,Zscaler Inc,89,194.2,194.1999969482422,1.0000000157145101
VGT,2021-05-31,AEIS,Advanced Energy Industries Inc,179,102.01,102.01000213623047,0.9999999790586176
VGT,2021-05-31,OLED,Universal Display Corp,113,215.86,215.86000061035156,0.9999999971724657
VGT,2021-05-31,VPG,Vishay Precision Group Inc,351,32.599999999999994,32.599998474121094,1.0000000468061034
VGT,2021-05-31,FIVN,Five9 Inc,103,177.1,177.10000610351562,0.9999999655363331
VGT,2021-05-31,EVTC,EVERTEC Inc,219,43.529999999999994,43.529998779296875,1.0000000280428016
VGT,2021-05-31,ONTO,Onto Innovation Inc,191,71.77,71.7699966430664,1.000000046773495
VGT,2021-05-31,HCKT,Hackett Group Inc/The,334,17.810000000000002,17.809999465942383,1.0000000299863916
VGT,2021-05-31,U,Unity Software Inc,155,94.46,94.45999908447266,1.0000000096922226
VGT,2021-05-31,FLEX,Flex Ltd,117,18.27,18.270000123023987,0.999999993266339
VGT,2021-05-31,AVGO,Broadcom Inc,11,472.33,472.33001708984375,0.9999999638180019
VGT,2021-05-31,JKHY,Jack Henry & Associates Inc,102,154.15,154.14999389648438,1.0000000395946538
VGT,2021-05-31,COHR,Coherent Inc,137,262.61,67.37000274658203,3.8980256686025347
VGT,2021-05-31,MX,Magnachip Semiconductor Corp,296,23.7,23.700000762939453,0.9999999678084629
VGT,2021-05-31,VISN,CommScope Holding Co Inc,174,20.31,20.309999465942383,1.0000000262953044
VGT,2021-05-31,CSCO,Cisco Systems Inc/Delaware,9,52.9,52.900001525878906,0.999999971155409
VGT,2021-05-31,SCSC,ScanSource Inc,307,30.53,30.530000686645508,0.9999999775091553
VGT,2021-05-31,IIIV,I3 Verticals Inc,314,31.07,31.06999969482422,1.000000009822201
VGT,2021-05-31,DBX,Dropbox Inc,121,27.35,27.350000381469727,0.9999999860522955
VGT,2021-05-31,PD,PagerDuty Inc,218,40.650000000000006,40.650001525878906,0.999999962463005
VGT,2021-05-31,ANET,Arista Networks Inc,74,339.38,339.3800048828125,0.999999985612551
VGT,2021-05-31,TDC,Teradata Corp,156,47.87,47.869998931884766,1.0000000223128318
VGT,2021-05-31,INSG,Inseego Corp,318,8.6,8.6,1.0
VGT,2021-05-31,SSNC,SS&C Technologies Holdings Inc,81,73.86999999999999,73.87000274658203,0.9999999628187094
VGT,2021-05-31,RNG,RingCentral Inc,71,262.47,262.4700012207031,0.999999995349171
VGT,2021-05-31,CTSH,Cognizant Technology Solutions Corp,41,71.56,71.55999755859375,1.0000000341169135
VGT,2021-05-31,GWRE,Guidewire Software Inc,127,97.74,97.73999786376953,1.0000000218562566
VGT,2021-05-31,NTGR,NETGEAR Inc,280,38.88,38.880001068115234,0.9999999725279012
VGT,2021-05-31,MXL,MaxLinear Inc,217,38.02,38.02000045776367,0.9999999879599247
VGT,2021-05-31,CRSR,Corsair Gaming Inc,302,31.22,31.219999313354492,1.0000000219937708
VGT,2021-05-31,AKAM,Akamai Technologies Inc,75,114.21,114.20999908447266,1.000000008016175
VGT,2021-05-31,ENTG,Entegris Inc,90,114.45,114.44999694824219,1.0000000266645512
VGT,2021-05-31,SPSC,SPS Commerce Inc,197,93.86,93.86000061035156,0.9999999934972134
VGT,2021-05-31,AMBA,Ambarella Inc,189,100.38,100.37999725341797,1.000000027361846
VGT,2021-05-31,VIAV,Viavi Solutions Inc,176,17.529999999999998,17.530000686645508,0.9999999608302633
VGT,2021-05-31,GDYN,Grid Dynamics Holdings Inc,337,15.37,15.369999885559082,1.0000000074457331
VGT,2021-08-31,EXLS,ExlService Holdings Inc,178,123.14,123.14000129699707,0.999999989467297
VGT,2021-08-31,OSIS,OSI Systems Inc,258,98.94,98.94000244140625,0.9999999753243765
VGT,2021-08-31,MVIS,MicroVision Inc,235,14.73,14.729999796549478,1.000000013811984
VGT,2021-08-31,TER,Teradyne Inc,76,121.44,121.44000244140625,0.9999999798961939
VGT,2021-08-31,SNPS,Synopsys Inc,34,332.24,332.239990234375,1.0000000293932858
VGT,2021-08-31,IT,Gartner Inc,60,308.74,308.739990234375,1.0000000316305802
VGT,2021-08-31,WK,Workiva Inc,158,140.26999999999998,140.27000427246094,0.9999999695411648
VGT,2021-08-31,NCNO,nCino Inc,250,62.01,62.0099983215332,1.00000002706768
VGT,2021-08-31,ACLS,Axcelis Technologies Inc,261,49.71,49.709999084472656,1.0000000184173679
VGT,2021-08-31,RMNI,Rimini Street Inc,332,9.55,9.550000190734863,0.9999999800277635
VGT,2021-08-31,BHE,Benchmark Electronics Inc,274,27.03,27.030000686645508,0.9999999745969113
VGT,2021-08-31,MTSI,MACOM Technology Solutions Holdings Inc,214,60.71,60.709999084472656,1.0000000150803385
VGT,2021-08-31,CVLT,CommVault Systems Inc,201,80.97,80.97000122070312,0.9999999849240075
VGT,2021-08-31,DMRC,Digimarc Corp,339,29.24,29.239999771118164,1.0000000078276963
VGT,2021-08-31,ARW,Arrow Electronics Inc,118,121.22,121.22000122070312,0.9999999899298538
VGT,2021-08-31,ALGM,Allegro MicroSystems Inc,255,30.05,30.049999237060547,1.0000000253890007
VGT,2021-08-31,MDB,MongoDB Inc,69,391.83,391.8299865722656,1.0000000342692872
VGT,2021-08-31,BFH,Alliance Data Systems Corp,182,98.11,98.109999420166,1.0000000059100398
VGT,2021-08-31,NSSC,Napco Security Technologies Inc,321,39.13,39.130001068115234,0.9999999727034193
VGT,2021-08-31,GDDY,GoDaddy Inc,103,73.31,73.30999755859375,1.0000000333025008
VGT,2021-08-31,CGNX,Cognex Corp,90,88.61999999999999,88.62000274658203,0.9999999690071998
VGT,2021-08-31,AAPL,Apple Inc,1,151.83,151.8300018310547,0.9999999879400998
VGT,2021-08-31,SNOW,Snowflake Inc,128,304.34999999999997,304.3500061035156,0.9999999799457351
VGT,2021-08-31,JBL,Jabil Inc,123,61.78,61.779998779296875,1.0000000197588725
VGT,2021-08-31,ADI,Analog Devices Inc,23,162.94999999940063,162.9499969482422,1.0000000187245075
VGT,2021-08-31,QTWO,Q2 Holdings Inc,164,88.08999999999999,88.08999633789062,1.0000000415723638
VGT,2021-08-31,CALX,Calix Inc,226,46.6,46.599998474121094,1.0000000327441836
VGT,2021-08-31,TTMI,TTM Technologies Inc,267,14.0,14.0,1.0
VGT,2021-08-31,RBBN,Ribbon Communications Inc,312,6.529999999999999,6.53000020980835,0.9999999678700853
VGT,2021-08-31,AMD,Advanced Micro Devices Inc,17,110.72,110.72000122070312,0.9999999889748635
VGT,2021-08-31,NSIT,Insight Enterprises Inc,197,102.89,102.88999938964844,1.0000000059320786
VGT,2021-08-31,SEDG,SolarEdge Technologies Inc,94,289.78,289.7799987792969,1.0000000042125168
VGT,2021-08-31,APH,Amphenol Corp,41,76.63000000000001,76.62999725341797,1.0000000358421264
VGT,2021-08-31,VECO,Veeco Instruments Inc,281,22.79,22.790000915527344,0.9999999598276741
VGT,2021-08-31,PRGS,Progress Software Corp,240,46.56,46.560001373291016,0.999999970504919
VGT,2021-08-31,MSFT,Microsoft Corp,2,301.88,301.8800048828125,0.99999998382532
VGT,2021-08-31,IPGP,IPG Photonics Corp,143,170.68,170.67999267578125,1.0000000429119935
VGT,2021-08-31,NOW,ServiceNow Inc,18,643.64,643.6399841308594,1.0000000246553058
VGT,2021-08-31,LRCX,Lam Research Corp,24,604.82,604.8199844360352,1.0000000257332187
VGT,2021-08-31,LITE,Lumentum Holdings Inc,141,86.64,86.63999938964844,1.0000000070446857
VGT,2021-08-31,DDD,3D Systems Corp,190,30.44,30.440000534057617,0.9999999824554006
VGT,2021-08-31,V,Visa Inc,4,229.1,229.10000610351562,0.9999999733587278
VGT,2021-08-31,ESTC,Elastic NV,111,159.55,159.5500030517578,0.9999999808727186
VGT,2021-08-31,EPAM,EPAM Systems Inc,50,632.81,632.8099975585938,1.0000000038580399
VGT,2021-08-31,NET,Cloudflare Inc,61,120.74,120.73999786376953,1.0000000176928152
VGT,2021-08-31,TRMB,Trimble Inc,66,94.22,94.22000122070312,0.999999987044119
VGT,2021-08-31,PLUS,ePlus Inc,264,108.22,108.22000122070312,0.9999999887201708
VGT,2021-08-31,ADBE,Adobe Inc,6,663.7,663.7000122070312,0.9999999816076074
VGT,2021-08-31,ON,ON Semiconductor Corp,84,44.36,44.36000061035156,0.9999999862409478
VGT,2021-08-31,TLS,Telos Corp,324,33.0,33.0,1.0
VGT,2021-08-31,INTU,Intuit Inc,16,566.11,566.1099853515625,1.0000000258756034
VGT,2021-08-31,OSPN,OneSpan Inc,320,19.27,19.270000457763672,0.9999999762447503
VGT,2021-08-31,AOSL,Alpha & Omega Semiconductor Ltd,315,29.05,29.049999237060547,1.0000000262629767
VGT,2021-08-31,MARA,Marathon Digital Holdings Inc,181,40.59,40.59000015258789,0.9999999962407518
VGT,2021-08-31,DBD,Diebold Nixdorf Inc,301,10.88,,
VGT,2021-08-31,SWKS,Skyworks Solutions Inc,57,183.46,183.4600067138672,0.9999999634041921
VGT,2021-08-31,DLB,Dolby Laboratories Inc,142,99.11,99.11000061035156,0.9999999938416754
VGT,2021-08-31,NXPI,NXP Semiconductors NV,29,215.13,215.1300048828125,0.9999999773029684
VGT,2021-08-31,RIOT,Riot Blockchain Inc,211,37.32,37.31999969482422,1.0000000081772717
VGT,2021-08-31,MRVL,Marvell Technology Inc,38,61.19,61.189998626708984,1.0000000224430634
VGT,2021-08-31,TWLO,Twilio Inc,31,356.96000000000004,356.9599914550781,1.0000000239380382
VGT,2021-08-31,ADSK,Autodesk Inc,28,310.09,310.0899963378906,1.0000000118098273
VGT,2021-08-31,KEYS,Keysight Technologies Inc,52,179.38000000000002,179.3800048828125,0.9999999727795053
VGT,2021-08-31,WEX,WEX Inc,127,183.57,183.57000732421875,0.9999999601012232
VGT,2021-08-31,ARLO,Arlo Technologies Inc,327,6.2,6.199999809265137,1.0000000307636887
VGT,2021-08-31,CASS,Cass Information Systems Inc,313,45.08,45.08000183105469,0.9999999593821071
VGT,2021-08-31,AZTA,Brooks Automation Inc,144,84.96000000000001,84.95999908447266,1.0000000107759812
VGT,2021-08-31,WDC,Western Digital Corp,80,63.2,63.19999827575683,1.0000000272823293
VGT,2021-08-31,ADP,Automatic Data Processing Inc,22,209.04,209.0399932861328,1.0000000321176206
VGT,2021-08-31,GEN,NortonLifeLock Inc,91,26.56,26.559999465942383,1.0000000201075914
VGT,2021-08-31,CTS,CTS Corp,286,35.08,35.08000183105469,0.9999999478034608
VGT,2021-08-31,PCTY,Paylocity Holding Corp,109,269.2,269.20001220703125,0.9999999546544178
VGT,2021-08-31,S,SentinelOne Inc,238,63.93,63.93000030517578,0.9999999952264074
VGT,2021-08-31,PATH,UiPath Inc,340,63.2,63.20000076293945,0.9999999879281734
VGT,2021-08-31,PLXS,Plexus Corp,223,91.83,91.83000183105469,0.9999999800603872
VGT,2021-08-31,SPT,Sprout Social Inc,167,121.6,121.5999984741211,1.0000000125483464
VGT,2021-08-31,ORCL,Oracle Corp,14,89.13,89.12999725341797,1.0000000308154617
VGT,2021-08-31,DELL,Dell Technologies Inc,62,97.46,97.4600012588501,0.999999987083418
VGT,2021-08-31,ACMR,ACM Research Inc,278,89.14999999999999,89.1500015258789,0.9999999828841404
VGT,2021-08-31,INTC,Intel Corp,10,54.06,54.060001373291016,0.9999999745969113
VGT,2021-08-31,MPWR,Monolithic Power Systems Inc,73,494.93,494.92999267578125,1.0000000147984944
VGT,2021-08-31,CMTL,Comtech Telecommunications Corp,303,25.520000000000003,25.520000457763672,0.9999999820625525
VGT,2021-08-31,CMBMF,Cambium Networks Corp,342,37.470000000000006,37.470001220703125,0.9999999674218554
VGT,2021-08-31,TYL,Tyler Technologies Inc,79,485.7,485.70001220703125,0.9999999748671382
VGT,2021-08-31,SABR,Sabre Corp,222,11.23,11.229999542236328,1.0000000407625727
VGT,2021-08-31,KE,Kimball Electronics Inc,323,24.17,24.170000076293945,0.9999999968434446
VGT,2021-08-31,ZBRA,Zebra Technologies Corp,55,587.17,587.1699829101562,1.0000000291054452
VGT,2021-08-31,RPAY,Repay Holdings Corp,253,23.01,23.010000228881836,0.9999999900529408
VGT,2021-08-31,APP,AppLovin Corp,337,70.4,70.4000015258789,0.9999999783255843
VGT,2021-08-31,NTNX,Nutanix Inc,132,36.91,36.90999984741211,1.0000000041340529
VGT,2021-08-31,KLIC,Kulicke & Soffa Industries Inc,168,70.19,70.19000244140625,0.9999999652171796
VGT,2021-08-31,CIEN,Ciena Corp,120,57.13,57.130001068115234,0.9999999813037771
VGT,2021-08-31,DGII,Digi International Inc,310,21.98,21.979999542236328,1.000000020826373
VGT,2021-08-31,FFIV,F5 Networks Inc,100,203.57,203.57000732421875,0.9999999640211303
VGT,2021-08-31,PAR,PAR Technology Corp,265,67.93,67.93000030517578,0.9999999955074963
VGT,2021-08-31,SMCI,Super Micro Computer Inc,262,36.54,36.540000438690186,0.9999999879942479
VGT,2021-08-31,AMKR,Amkor Technology Inc,212,27.47,27.469999313354492,1.0000000249961967
VGT,2021-08-31,MANH,Manhattan Associates Inc,108,162.99,162.99000549316406,0.9999999662975405
VGT,2021-08-31,APPN,Appian Corp,200,107.2,107.19999694824219,1.000000028467891
VGT,2021-08-31,MQ,Marqeta Inc,341,29.04,29.040000915527344,0.9999999684735773
VGT,2021-08-31,SYNA,Synaptics Inc,138,189.78,189.77999877929688,1.0000000064322012
VGT,2021-08-31,IMXI,International Money Express Inc,328,18.24,18.239999771118164,1.0000000125483464
VGT,2021-08-31,VSAT,Viasat Inc,221,51.64,51.63999938964844,1.0000000118193566
VGT,2021-08-31,QRVO,Qorvo Inc,71,188.03,188.02999877929688,1.0000000064920658
VGT,2021-08-31,RXT,Rackspace Technology Inc,316,13.97,13.970000267028809,0.9999999808855545
VGT,2021-08-31,DDOG,Datadog Inc,65,137.79999999999998,137.8000030517578,0.9999999778537173
VGT,2021-08-31,SANM,Sanmina Corp,227,39.48,39.47999954223633,1.0000000115948247
VGT,2021-08-31,TEL,TE Connectivity Ltd,36,150.22,150.22000122070312,0.9999999918738975
VGT,2021-08-31,VNT,Vontier Corp,147,36.37,36.369998931884766,1.0000000293680302
VGT,2021-08-31,VYX,NCR Corp,155,42.48,42.48000028610229,0.999999993265012
VGT,2021-08-31,DXC,DXC Technology Co,122,36.72,36.720001220703125,0.9999999667564519
VGT,2021-08-31,HUBS,HubSpot Inc,58,684.47,684.469970703125,1.0000000428022795
VGT,2021-08-31,TCX,Tucows Inc,308,74.11,74.11000061035156,0.9999999917642483
VGT,2021-08-31,MCHP,Microchip Technology Inc,44,157.36,157.36000061035156,0.9999999961213043
VGT,2021-08-31,NTCT,NetScout Systems Inc,241,27.42,27.420000076293945,0.9999999972175805
VGT,2021-08-31,QLYS,Qualys Inc,183,117.38,117.37999725341797,1.0000000233990636
VGT,2021-08-31,FROG,JFrog Ltd,288,38.44,38.439998626708984,1.000000035725574
VGT,2021-08-31,CLSK,Cleanspark Inc,330,13.8,13.800000190734863,0.9999999861786334
VGT,2021-08-31,MKSI,MKS Instruments Inc,126,147.18,147.17999267578125,1.0000000497636847
VGT,2021-08-31,P,Pure Storage Inc,136,25.83,25.829999923706055,1.000000002953695
VGT,2021-08-31,SMTC,Semtech Corp,166,69.92,69.91999816894531,1.0000000261878539
VGT,2021-08-31,TTD,Trade Desk Inc/The,51,80.05000000000001,80.05000305175781,0.9999999618768559
VGT,2021-08-31,RMBS,Rambus Inc,224,23.799999999999997,23.799999237060547,1.0000000320562805
VGT,2021-08-31,STX,Seagate Technology Holdings PLC,83,87.58999999999999,87.58999633789062,1.000000041809676
VGT,2021-08-31,DT,Dynatrace Inc,102,68.73,68.7300033569336,0.9999999511576687
VGT,2021-08-31,SITM,SiTime Corp,225,212.84,212.83999633789062,1.0000000172059267
VGT,2021-08-31,PYPL,PayPal Holdings Inc,5,288.65999999999997,288.6600036621094,0.9999999873134159
VGT,2021-08-31,WU,Western Union Co/The,119,21.64,21.639999389648438,1.0000000282047865
VGT,2021-08-31,ACIW,ACI Worldwide Inc,204,32.23,32.22999954223633,1.0000000142030305
VGT,2021-08-31,NABL,N-Able Inc,325,13.53,13.529999732971191,1.0000000197360541
VGT,2021-08-31,VRRM,Verra Mobility Corp,239,15.51,15.510000228881836,0.9999999852429509
VGT,2021-08-31,BL,Blackline Inc,150,109.1,109.0999984741211,1.0000000139860579
VGT,2021-08-31,ATEN,A10 Networks Inc,297,13.89,13.890000343322754,0.9999999752827398
VGT,2021-08-31,CDNS,Cadence Design Systems Inc,40,163.48000000000002,163.47999572753906,1.0000000261344573
VGT,2021-08-31,LSCC,Lattice Semiconductor Corp,125,62.12,62.119998931884766,1.000000017194386
VGT,2021-08-31,FORM,FormFactor Inc,216,38.88,38.880001068115234,0.9999999725279012
VGT,2021-08-31,ZM,Zoom Video Communications Inc,30,289.5,289.5,1.0
VGT,2021-08-31,CPAY,FleetCor Technologies Inc,74,263.28000000000003,263.2799987792969,1.0000000046365207
VGT,2021-08-31,MMS,Maximus Inc,157,87.09,87.08999633789062,1.0000000420497133
VGT,2021-08-31,BMI,Badger Meter Inc,210,107.09,107.08999633789062,1.000000034196559
VGT,2021-08-31,HPE,Hewlett Packard Enterprise Co,75,15.46,15.460000038146973,0.9999999975325374
VGT,2021-08-31,CEVA,CEVA Inc,293,48.25,48.25,1.0
VGT,2021-08-31,FISV,Fiserv Inc,27,117.79,117.79000091552734,0.9999999922274613
VGT,2021-08-31,BSY,Bentley Systems Inc,106,64.49,64.48999786376953,1.000000033124989
VGT,2021-08-31,FIS,Fidelity National Information Services Inc,26,127.77,127.7699966430664,1.000000026273254
VGT,2021-08-31,FTNT,Fortinet Inc,43,315.14,315.13999938964844,1.0000000019367632
VGT,2021-08-31,ZD,J2 Global Inc,149,137.70000000000002,137.6999973297119,1.000000019392071
VGT,2021-08-31,ASAN,Asana Inc,162,75.55000000000001,75.55000305175781,0.9999999596061194
VGT,2021-08-31,CRNC,Cerence Inc,177,108.44,108.44000244140625,0.9999999774861104
VGT,2021-08-31,ITRI,Itron Inc,199,84.01,84.01000213623047,0.9999999745717127
VGT,2021-08-31,RPD,Rapid7 Inc,145,121.52,121.5199966430664,1.0000000276245367
VGT,2021-08-31,COIN,Coinbase Global Inc,335,259.0,259.0,1.0
VGT,2021-08-31,ENPH,Enphase Energy Inc,70,173.73,173.72999572753906,1.0000000245925347
VGT,2021-08-31,VRSN,VeriSign Inc,68,216.26,216.25999450683594,1.0000000254007408
VGT,2021-08-31,ECHO,EchoStar Corp,329,27.0,27.0,1.0
VGT,2021-08-31,HUCK,Domo Inc,231,89.5,89.5,1.0
VGT,2021-08-31,MEI,Methode Electronics Inc,254,46.57,46.56999969482422,1.0000000065530552
VGT,2021-08-31,DIOD,Diodes Inc,170,96.83,96.83000183105469,0.9999999810900067
VGT,2021-08-31,UIS,Unisys Corp,260,24.21,24.209999084472656,1.0000000378160834
VGT,2021-08-31,EGHT,8x8 Inc,229,24.15,24.149999618530273,1.0000000157958482
VGT,2021-08-31,QCOM,QUALCOMM Inc,15,146.69,146.69000244140625,0.9999999833566964
VGT,2021-08-31,FSLY,Fastly Inc,191,43.6,43.599998474121094,1.0000000349972238
VGT,2021-08-31,NOVT,Novanta Inc,156,153.22,153.22000122070312,0.999999992033004
VGT,2021-08-31,TXN,Texas Instruments Inc,13,190.91000000000005,190.91000366210938,0.9999999808176143
VGT,2021-08-31,ROG,Rogers Corp,180,212.41,212.41000366210938,0.9999999827592424
VGT,2021-08-31,BILL,Bill.com Holdings Inc,81,274.39,274.3900146484375,0.9999999466145387
VGT,2021-08-31,BR,Broadridge Financial Solutions Inc,78,172.22,172.22000122070312,0.999999992911955
VGT,2021-08-31,LASR,nLight Inc,294,27.61,27.610000610351562,0.9999999778938229
VGT,2021-08-31,POWI,Power Integrations Inc,139,108.64,108.63999938964844,1.0000000056181109
VGT,2021-08-31,BOX,Box Inc,176,25.78,25.780000686645508,0.9999999733651866
VGT,2021-08-31,YEXT,Yext Inc,268,13.52,13.520000457763672,0.9999999661417414
VGT,2021-08-31,CRM,salesforce.com Inc,8,265.27000000000004,265.2699890136719,1.0000000414156467
VGT,2021-08-31,RAMP,LiveRamp Holdings Inc,203,49.0,49.0,1.0
VGT,2021-08-31,XRX,Xerox Holdings Corp,187,22.51,22.510000228881836,0.9999999898319932
VGT,2021-08-31,ADTN,ADTRAN Inc,279,20.66,20.65999984741211,1.0000000073856676
VGT,2021-08-31,OKTA,Okta Inc,53,263.6,263.6000061035156,0.9999999768455408
VGT,2021-08-31,FOUR,Shift4 Payments Inc,209,85.71000000000001,85.70999908447266,1.0000000106816866
VGT,2021-08-31,MSTR,MicroStrategy Inc,159,694.3000000000001,694.3000030517578,0.9999999956045547
VGT,2021-08-31,XYZ,Square Inc,21,268.07,268.07000732421875,0.9999999726779626
VGT,2021-08-31,ACN,Accenture PLC,11,336.56,336.55999755859375,1.000000007254
VGT,2021-08-31,CRUS,Cirrus Logic Inc,163,83.66999999999999,83.66999816894531,1.0000000218842442
VGT,2021-08-31,CNXN,PC Connection Inc,319,48.41,48.40999984741211,1.0000000031519911
VGT,2021-08-31,BLKB,Blackbaud Inc,215,69.69,69.69000244140625,0.9999999649676257
VGT,2021-08-31,TTEC,TTEC Holdings Inc,242,105.46,105.45999908447266,1.0000000086812757
VGT,2021-08-31,PEGA,Pegasystems Inc,151,137.63,137.6300048828125,0.9999999645221802
VGT,2021-08-31,PANW,Palo Alto Networks Inc,42,461.04,461.03997802734375,1.0000000476588957
VGT,2021-08-31,AVT,Avnet Inc,174,40.46,40.459999084472656,1.0000000226279626
VGT,2021-08-31,MITK,Mitek Systems Inc,292,22.37,22.3700008392334,0.99999996248398
VGT,2021-08-31,PAYC,Paycom Software Inc,63,488.9,488.8999938964844,1.0000000124841801
VGT,2021-08-31,COHU,Cohu Inc,256,35.68,35.68000030517578,0.9999999914468671
VGT,2021-08-31,TENB,Tenable Holdings Inc,206,44.370000000000005,44.369998931884766,1.0000000240729157
VGT,2021-08-31,ALRM,Alarm.com Holdings Inc,179,84.33,84.33000183105469,0.9999999782870314
VGT,2021-08-31,VSH,Vishay Intertechnology Inc,213,21.97,21.969999313354492,1.0000000312537791
VGT,2021-08-31,KLAC,KLA Corp,33,339.96000000000004,339.9599838256836,1.0000000475771185
VGT,2021-08-31,PLAB,Photronics Inc,283,15.07,15.069999694824219,1.00000002025055
VGT,2021-08-31,HLIT,Harmonic Inc,290,9.24,9.239999771118164,1.000000024770762
VGT,2021-08-31,UPLD,Upland Software Inc,289,38.98,38.97999877929688,1.0000000313161406
VGT,2021-08-31,CDW,CDW Corp/DE,59,200.61,200.61000061035156,0.9999999969575218
VGT,2021-08-31,FN,Fabrinet,188,103.02,103.0199966430664,1.000000032585262
VGT,2021-08-31,KN,Knowles Corp,257,20.0,20.0,1.0
VGT,2021-08-31,HPQ,HP Inc,49,29.74,29.739999771118164,1.000000007696094
VGT,2021-08-31,PI,Impinj Inc,295,58.29,58.290000915527344,0.9999999842935782
VGT,2021-08-31,CRWD,Crowdstrike Holdings Inc,35,281.0,281.0,1.0
VGT,2021-08-31,IBM,International Business Machines Corp,19,140.33999999999995,140.33999856567382,1.0000000102203659
VGT,2021-08-31,EXTR,Extreme Networks Inc,266,10.83,10.829999923706055,1.0000000070446857
VGT,2021-08-31,CNXC,Concentrix Corp,129,173.39,173.38999938964844,1.0000000035201082
VGT,2021-08-31,GLW,Corning Inc,56,39.989999999999995,39.9900016784668,0.9999999580278387
VGT,2021-08-31,GPN,Global Payments Inc,39,162.64,162.63999938964844,1.0000000037527763
VGT,2021-08-31,APPS,Digital Turbine Inc,160,58.45,58.45000076293945,0.9999999869471439
VGT,2021-08-31,CNDT,Conduent Inc,306,7.3,7.300000190734863,0.9999999738719372
VGT,2021-08-31,MU,Micron Technology Inc,25,73.69999999999999,73.69999694824219,1.0000000414078416
VGT,2021-08-31,PTC,PTC Inc,95,131.66,131.66000366210938,0.9999999721851035
VGT,2021-08-31,MSI,Motorola Solutions Inc,45,244.22,244.22000122070312,0.9999999950016251
VGT,2021-08-31,BDC,Belden Inc,248,57.25,57.25,1.0
VGT,2021-08-31,AMAT,Applied Materials Inc,20,135.13,135.1300048828125,0.9999999638658157
VGT,2021-08-31,AI,C3.ai Inc,269,51.54,51.540000915527344,0.9999999822365672
VGT,2021-08-31,FICO,Fair Isaac Corp,98,459.74,459.739990234375,1.0000000212416262
VGT,2021-08-31,NVDA,NVIDIA Corp,3,223.85,223.85000228881836,0.999999989775214
VGT,2021-08-31,APPF,Appfolio Inc,246,118.1,118.0999984741211,1.000000012920228
VGT,2021-08-31,MASS,908 Devices Inc,333,36.0,36.0,1.0
VGT,2021-08-31,IDCC,InterDigital Inc,234,72.11,72.11000061035156,0.9999999915358264
VGT,2021-08-31,EEFT,Euronet Worldwide Inc,133,133.23,133.22999572753906,1.000000032068311
VGT,2021-08-31,LFUS,Littelfuse Inc,135,285.40000000000003,285.3999938964844,1.0000000213858298
VGT,2021-08-31,MA,Mastercard Inc,7,346.23,346.2300109863281,0.9999999682687007
VGT,2021-08-31,PAYX,Paychex Inc,48,114.47,114.47000122070312,0.9999999893360434
VGT,2021-08-31,XPER,Xperi Holding Corp,237,21.37,,
VGT,2021-08-31,PLTR,Palantir Technologies Inc,97,26.34,26.34000015258789,0.9999999942069897
VGT,2021-08-31,UCTT,Ultra Clean Holdings Inc,245,46.24,46.2400016784668,0.999999963700979
VGT,2021-08-31,WDAY,Workday Inc,37,273.16,273.1600036621094,0.9999999865935375
VGT,2021-08-31,SNX,SYNNEX Corp,154,127.07,127.06999969482422,1.0000000024016351
VGT,2021-08-31,SLAB,Silicon Laboratories Inc,137,157.62,157.6199951171875,1.0000000309783825
VGT,2021-08-31,DOCU,DocuSign Inc,32,296.24,296.239990234375,1.000000032965249
VGT,2021-08-31,VERX,Vertex Inc,318,20.700000000000003,20.700000762939453,0.9999999631430231
VGT,2021-08-31,VRNS,Varonis Systems Inc,131,69.01,69.01000213623047,0.9999999690446254
VGT,2021-08-31,FSLR,First Solar Inc,121,94.0,94.0,1.0
VGT,2021-08-31,PDFS,PDF Solutions Inc,317,22.52,22.520000457763672,0.9999999796730168
VGT,2021-08-31,ICHR,Ichor Holdings Ltd,270,44.309999999999995,44.310001373291016,0.9999999690071998
VGT,2021-08-31,AGYS,Agilysys Inc,272,56.83,56.83000183105469,0.9999999677801402
VGT,2021-08-31,CMRC,BigCommerce Holdings Inc,236,59.54,59.540000915527344,0.9999999846233233
VGT,2021-08-31,NTAP,NetApp Inc,77,88.93,88.93000030517578,0.9999999965683597
VGT,2021-08-31,ZS,Zscaler Inc,67,278.34,278.3399963378906,1.0000000131569642
VGT,2021-08-31,AEIS,Advanced Energy Industries Inc,198,90.18,90.18000030517578,0.9999999966159262
VGT,2021-08-31,OLED,Universal Display Corp,117,208.59,208.58999633789062,1.0000000175564958
VGT,2021-08-31,FIVN,Five9 Inc,107,158.23,158.22999572753906,1.0000000270015865
VGT,2021-08-31,EVTC,EVERTEC Inc,220,46.25,46.25,1.0
VGT,2021-08-31,ONTO,Onto Innovation Inc,196,74.13000000000001,74.12999725341797,1.0000000370508855
VGT,2021-08-31,HCKT,Hackett Group Inc/The,311,19.6,19.600000381469727,0.9999999805372592
VGT,2021-08-31,U,Unity Software Inc,134,126.75,126.75,1.0
VGT,2021-08-31,FLEX,Flex Ltd,115,18.58,18.579999530792236,1.0000000252533785
VGT,2021-08-31,AVGO,Broadcom Inc,12,497.21,497.2100067138672,0.9999999864969186
VGT,2021-08-31,JKHY,Jack Henry & Associates Inc,99,176.38,176.3800048828125,0.999999972316519
VGT,2021-08-31,COHR,Coherent Inc,146,252.67,62.97999954223633,4.011908571554557
VGT,2021-08-31,MX,Magnachip Semiconductor Corp,304,18.25,18.25,1.0
VGT,2021-08-31,VISN,CommScope Holding Co Inc,230,15.8,15.800000190734863,0.9999999879281734
VGT,2021-08-31,CSCO,Cisco Systems Inc/Delaware,9,59.02,59.02000045776367,0.999999992243923
VGT,2021-08-31,SCSC,ScanSource Inc,298,35.58,35.58000183105469,0.9999999485369704
VGT,2021-08-31,IIIV,I3 Verticals Inc,309,28.91,28.90999984741211,1.0000000052780316
VGT,2021-08-31,DBX,Dropbox Inc,112,31.71,31.709999084472656,1.0000000288718818
VGT,2021-08-31,PD,PagerDuty Inc,218,42.8,42.79999923706055,1.0000000178256885
VGT,2021-08-31,ANET,Arista Networks Inc,72,369.53,369.5299987792969,1.0000000033033938
VGT,2021-08-31,TDC,Teradata Corp,148,54.69,54.689998626708984,1.00000002511046
VGT,2021-08-31,INSG,Inseego Corp,307,8.4,8.4,1.0
VGT,2021-08-31,SSNC,SS&C Technologies Holdings Inc,87,75.66,75.66000366210938,0.9999999515978165
VGT,2021-08-31,RNG,RingCentral Inc,82,252.26,252.25999450683594,1.0000000217758034
VGT,2021-08-31,CTSH,Cognizant Technology Solutions Corp,46,76.31,76.30999755859375,1.0000000319932687
VGT,2021-08-31,GWRE,Guidewire Software Inc,113,118.46,118.45999908447266,1.000000007728578
VGT,2021-08-31,NTGR,NETGEAR Inc,275,35.73,35.72999954223633,1.0000000128117457
VGT,2021-08-31,MXL,MaxLinear Inc,192,52.23,52.22999954223633,1.000000008764382
VGT,2021-08-31,CRSR,Corsair Gaming Inc,300,28.950000000000003,28.950000762939453,0.9999999736463064
VGT,2021-08-31,AKAM,Akamai Technologies Inc,85,113.25,113.25,1.0
VGT,2021-08-31,ENTG,Entegris Inc,88,120.14,120.13999938964844,1.000000005080336
VGT,2021-08-31,SPSC,SPS Commerce Inc,165,135.53,135.52999877929688,1.000000009006885
VGT,2021-08-31,AMBA,Ambarella Inc,195,103.57,103.56999969482422,1.0000000029465654
VGT,2021-08-31,VIAV,Viavi Solutions Inc,189,16.290000000000003,16.290000915527344,0.999999943798202
VGT,2021-08-31,GDYN,Grid Dynamics Holdings Inc,291,26.77,26.770000457763672,0.9999999829001246
VGT,2021-11-30,EXLS,ExlService Holdings Inc,176,129.87,129.87000465393066,0.9999999641646994
VGT,2021-11-30,OSIS,OSI Systems Inc,257,90.93,90.93000030517578,0.9999999966438384
VGT,2021-11-30,MVIS,MicroVision Inc,276,7.079999999999999,7.079999796549479,1.00000002873595
VGT,2021-11-30,TER,Teradyne Inc,69,152.87,152.8699951171875,1.0000000319409477
VGT,2021-11-30,SNPS,Synopsys Inc,35,341.0,341.0,1.0
VGT,2021-11-30,IT,Gartner Inc,66,312.25,312.25,1.0
VGT,2021-11-30,WK,Workiva Inc,157,139.47,139.47000122070312,0.9999999912475578
VGT,2021-11-30,NCNO,nCino Inc,246,62.12,62.119998931884766,1.000000017194386
VGT,2021-11-30,ACLS,Axcelis Technologies Inc,235,61.82000000000001,61.81999969482422,1.000000004936522
VGT,2021-11-30,RMNI,Rimini Street Inc,333,6.609999999999999,6.610000133514404,0.9999999798011494
VGT,2021-11-30,BHE,Benchmark Electronics Inc,293,23.58,23.579999923706055,1.0000000032355363
VGT,2021-11-30,MTSI,MACOM Technology Solutions Holdings Inc,195,71.91,71.91000366210938,0.9999999490737145
VGT,2021-11-30,CVLT,CommVault Systems Inc,218,62.879999999999995,62.880001068115234,0.9999999830134347
VGT,2021-11-30,DMRC,Digimarc Corp,314,42.9,42.900001525878906,0.9999999644317283
VGT,2021-11-30,ARW,Arrow Electronics Inc,121,121.65,121.6500015258789,0.9999999874568115
VGT,2021-11-30,ALGM,Allegro MicroSystems Inc,247,31.23,31.229999542236328,1.0000000146578187
VGT,2021-11-30,MDB,MongoDB Inc,64,498.1,498.1000061035156,0.9999999877464053
VGT,2021-11-30,BFH,Alliance Data Systems Corp,202,68.16,68.16000366210938,0.9999999462718724
VGT,2021-11-30,NSSC,Napco Security Technologies Inc,304,46.47,46.470001220703125,0.9999999737313731
VGT,2021-11-30,GDDY,GoDaddy Inc,103,70.17,70.16999816894531,1.0000000260945523
VGT,2021-11-30,CGNX,Cognex Corp,98,77.25,77.25,1.0
VGT,2021-11-30,AAPL,Apple Inc,1,165.29999999999998,165.3000030517578,0.9999999815380655
VGT,2021-11-30,SNOW,Snowflake Inc,26,340.15000000000003,340.1499938964844,1.0000000179436006
VGT,2021-11-30,JBL,Jabil Inc,128,58.46,58.459999084472656,1.0000000156607485
VGT,2021-11-30,ADI,Analog Devices Inc,23,180.25,180.25,1.0
VGT,2021-11-30,QTWO,Q2 Holdings Inc,178,80.3,80.30000305175781,0.9999999619955454
VGT,2021-11-30,CALX,Calix Inc,189,66.96,66.95999908447266,1.00000001367275
VGT,2021-11-30,TTMI,TTM Technologies Inc,263,13.78,13.779999732971191,1.000000019377998
VGT,2021-11-30,KD,Kyndryl Holdings Inc,212,15.8,15.800000190734863,0.9999999879281734
VGT,2021-11-30,RBBN,Ribbon Communications Inc,320,5.45,5.449999809265137,1.0000000349972238
VGT,2021-11-30,AMD,Advanced Micro Devices Inc,14,158.37,158.3699951171875,1.0000000308316768
VGT,2021-11-30,NSIT,Insight Enterprises Inc,194,98.62,98.62000274658203,0.9999999721498484
VGT,2021-11-30,SEDG,SolarEdge Technologies Inc,88,327.76,327.760009765625,0.9999999702049527
VGT,2021-11-30,APH,Amphenol Corp,39,80.58,80.58000183105469,0.9999999772765619
VGT,2021-11-30,VECO,Veeco Instruments Inc,264,26.58,26.579999923706055,1.0000000028703515
VGT,2021-11-30,PRGS,Progress Software Corp,234,48.45,48.45000076293945,0.9999999842530559
VGT,2021-11-30,MSFT,Microsoft Corp,2,330.59,330.5899963378906,1.000000011077496
VGT,2021-11-30,IPGP,IPG Photonics Corp,144,164.19,164.19000244140625,0.9999999851306035
VGT,2021-11-30,NOW,ServiceNow Inc,19,647.7,647.6999664306641,1.0000000518285281
VGT,2021-11-30,LRCX,Lam Research Corp,22,679.85,679.8500061035156,0.9999999910222614
VGT,2021-11-30,LITE,Lumentum Holdings Inc,135,86.77,86.7699966430664,1.000000038687723
VGT,2021-11-30,DDD,3D Systems Corp,210,22.78,22.780000686645508,0.9999999698575291
VGT,2021-11-30,V,Visa Inc,5,193.77,193.77000427246094,0.9999999779508653
VGT,2021-11-30,ESTC,Elastic NV,115,155.45999999999998,155.4600067138672,0.9999999568128978
VGT,2021-11-30,EPAM,EPAM Systems Inc,55,608.5500000000001,608.5499877929688,1.000000020059209
VGT,2021-11-30,NET,Cloudflare Inc,47,188.24,188.24000549316406,0.9999999708182964
VGT,2021-11-30,TRMB,Trimble Inc,75,85.87,85.87000274658203,0.9999999680146507
VGT,2021-11-30,PLUS,ePlus Inc,261,105.49,105.48999786376953,1.00000002025055
VGT,2021-11-30,ADBE,Adobe Inc,4,669.8499999999999,669.8499755859375,1.0000000364470603
VGT,2021-11-30,ON,ON Semiconductor Corp,68,61.43,61.43000030517578,0.9999999950321378
VGT,2021-11-30,TLS,Telos Corp,331,15.75,15.75,1.0
VGT,2021-11-30,INTU,Intuit Inc,15,652.3000000000001,652.2999877929688,1.0000000187138303
VGT,2021-11-30,OSPN,OneSpan Inc,313,17.09,17.09000015258789,0.9999999910715103
VGT,2021-11-30,AOSL,Alpha & Omega Semiconductor Ltd,279,49.120000000000005,49.119998931884766,1.0000000217450176
VGT,2021-11-30,MARA,Marathon Digital Holdings Inc,160,51.06999999999999,51.06999969482422,1.0000000059756369
VGT,2021-11-30,DBD,Diebold Nixdorf Inc,308,8.11,,
VGT,2021-11-30,SWKS,Skyworks Solutions Inc,70,151.66,151.66000366210938,0.999999975853163
VGT,2021-11-30,DLB,Dolby Laboratories Inc,154,83.41,83.41000366210938,0.999999956095082
VGT,2021-11-30,NXPI,NXP Semiconductors NV,29,223.36,223.36000061035156,0.999999997267409
VGT,2021-11-30,RIOT,Riot Blockchain Inc,204,37.37,37.369998931884766,1.0000000285821584
VGT,2021-11-30,MRVL,Marvell Technology Inc,30,71.17,71.16999816894531,1.0000000257279014
VGT,2021-11-30,TWLO,Twilio Inc,41,286.15000000000003,286.1499938964844,1.0000000213297773
VGT,2021-11-30,ADSK,Autodesk Inc,33,254.19,254.19000244140625,0.999999990395349
VGT,2021-11-30,KEYS,Keysight Technologies Inc,52,194.48,194.47999572753906,1.0000000219686396
VGT,2021-11-30,WEX,WEX Inc,148,126.42,126.41999816894531,1.0000000144839005
VGT,2021-11-30,ARLO,Arlo Technologies Inc,306,7.75,7.75,1.0
VGT,2021-11-30,CASS,Cass Information Systems Inc,312,40.16,40.15999984741211,1.0000000037994992
VGT,2021-11-30,AZTA,Brooks Automation Inc,124,113.1,113.0999984741211,1.000000013491414
VGT,2021-11-30,WDC,Western Digital Corp,86,57.84,57.840002140045165,0.9999999630006037
VGT,2021-11-30,ADP,Automatic Data Processing Inc,21,230.89,230.88999938964844,1.0000000026434732
VGT,2021-11-30,GEN,NortonLifeLock Inc,95,24.85,24.850000381469727,0.9999999846491059
VGT,2021-11-30,CTS,CTS Corp,280,34.84,34.84000015258789,0.9999999956203247
VGT,2021-11-30,PCTY,Paylocity Holding Corp,117,252.34,252.33999633789062,1.0000000145125998
VGT,2021-11-30,S,SentinelOne Inc,233,53.97,53.970001220703125,0.9999999773818214
VGT,2021-11-30,PLXS,Plexus Corp,223,84.14,84.13999938964844,1.000000007254
VGT,2021-11-30,SPT,Sprout Social Inc,180,111.68,111.68000030517578,0.999999997267409
VGT,2021-11-30,ORCL,Oracle Corp,17,90.74,90.73999786376953,1.0000000235423243
VGT,2021-11-30,DELL,Dell Technologies Inc,93,56.47,56.470001220703125,0.9999999783831575
VGT,2021-11-30,ACMR,ACM Research Inc,274,87.41999999999999,87.41999816894531,1.0000000209454898
VGT,2021-11-30,INTC,Intel Corp,13,49.2,49.20000076293945,0.9999999844931008
VGT,2021-11-30,MPWR,Monolithic Power Systems Inc,73,553.46,553.4600219726562,0.99999996029947
VGT,2021-11-30,CMTL,Comtech Telecommunications Corp,305,25.39,25.389999389648438,1.0000000240390539
VGT,2021-11-30,CMBMF,Cambium Networks Corp,332,27.21,27.209999084472656,1.0000000336467245
VGT,2021-11-30,TYL,Tyler Technologies Inc,76,518.98,518.97998046875,1.000000037633918
VGT,2021-11-30,SABR,Sabre Corp,229,7.529999999999999,7.53000020980835,0.9999999721370061
VGT,2021-11-30,KE,Kimball Electronics Inc,316,21.22,21.219999313354492,1.0000000323584133
VGT,2021-11-30,ZBRA,Zebra Technologies Corp,60,588.78,588.780029296875,0.9999999502413914
VGT,2021-11-30,RPAY,Repay Holdings Corp,270,16.36,16.360000610351562,0.9999999626924486
VGT,2021-11-30,APP,AppLovin Corp,330,91.11,91.11000061035156,0.9999999933009378
VGT,2021-11-30,NTNX,Nutanix Inc,140,33.22,33.220001220703125,0.9999999632539711
VGT,2021-11-30,KLIC,Kulicke & Soffa Industries Inc,193,57.66,57.65999984741211,1.0000000026463387
VGT,2021-11-30,CIEN,Ciena Corp,119,60.23,60.22999954223633,1.0000000076002602
VGT,2021-11-30,DGII,Digi International Inc,300,21.53,21.530000686645508,0.9999999681075019
VGT,2021-11-30,FFIV,F5 Inc,99,227.58,227.5800018310547,0.9999999919542374
VGT,2021-11-30,PAR,PAR Technology Corp,267,52.37,52.369998931884766,1.0000000203955557
VGT,2021-11-30,SMCI,Super Micro Computer Inc,253,41.4,41.39999866485596,1.000000032249857
VGT,2021-11-30,AMKR,Amkor Technology Inc,227,21.56,21.559999465942383,1.000000024770762
VGT,2021-11-30,MANH,Manhattan Associates Inc,111,156.16,156.16000366210938,0.9999999765489928
VGT,2021-11-30,APPN,Appian Corp,217,74.35000000000001,74.3499984741211,1.0000000205229178
VGT,2021-11-30,MQ,Marqeta Inc,337,19.66,19.65999984741211,1.0000000077613374
VGT,2021-11-30,REKR,Rekor Systems Inc,334,6.720000000000001,6.71999979019165,1.0000000312214816
VGT,2021-11-30,SYNA,Synaptics Inc,112,282.24,282.239990234375,1.0000000346004299
VGT,2021-11-30,IMXI,International Money Express Inc,325,15.11,15.109999656677246,1.0000000227215593
VGT,2021-11-30,VSAT,Viasat Inc,224,44.290000000000006,44.290000915527344,0.9999999793288029
VGT,2021-11-30,QRVO,Qorvo Inc,90,146.23,146.22999572753906,1.0000000292174045
VGT,2021-11-30,RXT,Rackspace Technology Inc,310,14.26,14.260000228881836,0.9999999839493806
VGT,2021-11-30,DDOG,Datadog Inc,57,178.29,178.2899932861328,1.000000037657005
VGT,2021-11-30,SANM,Sanmina Corp,226,36.54,36.540000915527344,0.9999999749445178
VGT,2021-11-30,TEL,TE Connectivity Ltd,37,153.93,153.92999267578125,1.0000000475814923
VGT,2021-11-30,VNT,Vontier Corp,156,31.51,31.510000228881836,0.999999992736216
VGT,2021-11-30,VYX,NCR Corp,159,38.9,38.899999370574946,1.0000000161805929
VGT,2021-11-30,DXC,DXC Technology Co,130,29.99,29.989999771118164,1.0000000076319384
VGT,2021-11-30,HUBS,HubSpot Inc,53,806.91,806.9099731445312,1.0000000332818648
VGT,2021-11-30,TCX,Tucows Inc,301,81.33,81.33000183105469,0.9999999774861104
VGT,2021-11-30,MCHP,Microchip Technology Inc,43,83.43,83.43000030517578,0.9999999963421339
VGT,2021-11-30,NTCT,NetScout Systems Inc,231,29.9,29.899999618530273,1.000000012758185
VGT,2021-11-30,QLYS,Qualys Inc,177,130.29,130.2899932861328,1.0000000515301828
VGT,2021-11-30,FROG,JFrog Ltd,272,31.96,31.959999084472656,1.000000028646038
VGT,2021-11-30,CLSK,Cleanspark Inc,309,17.779999999999998,17.780000686645508,0.9999999613810189
VGT,2021-11-30,MKSI,MKS Instruments Inc,123,152.16,152.16000366210938,0.9999999759325099
VGT,2021-11-30,P,Pure Storage Inc,126,30.97,30.969999313354492,1.0000000221713117
VGT,2021-11-30,SMTC,Semtech Corp,150,85.67,85.66999816894531,1.000000021373348
VGT,2021-11-30,TTD,Trade Desk Inc/The,45,103.42,103.41999816894531,1.000000017705035
VGT,2021-11-30,RMBS,Rambus Inc,207,26.9,26.899999618530273,1.0000000141810308
VGT,2021-11-30,STX,Seagate Technology Holdings PLC,77,102.67,102.66999816894531,1.0000000178343695
VGT,2021-11-30,DT,Dynatrace Inc,104,62.849999999999994,62.849998474121094,1.0000000242781055
VGT,2021-11-30,SITM,SiTime Corp,185,298.47999999999996,298.4800109863281,0.9999999631924157
VGT,2021-11-30,PYPL,PayPal Holdings Inc,11,184.89,184.88999938964844,1.0000000033011605
VGT,2021-11-30,WU,Western Union Co/The,139,15.82,15.819999694824219,1.000000019290505
VGT,2021-11-30,ACIW,ACI Worldwide Inc,205,29.14,29.139999389648438,1.00000002094549
VGT,2021-11-30,NABL,N-able Inc,317,11.8,11.800000190734863,0.9999999838360288
VGT,2021-11-30,WOLF,Wolfspeed Inc,97,122.62,,
VGT,2021-11-30,VRRM,Verra Mobility Corp,243,14.39,14.390000343322754,0.9999999761415743
VGT,2021-11-30,BL,Blackline Inc,146,110.05,110.05000305175781,0.9999999722693528
VGT,2021-11-30,ATEN,A10 Networks Inc,290,15.419999999999998,15.420000076293945,0.9999999950522732
VGT,2021-11-30,CDNS,Cadence Design Systems Inc,38,177.46,177.4600067138672,0.9999999621668718
VGT,2021-11-30,LSCC,Lattice Semiconductor Corp,107,75.93,75.93000030517578,0.9999999959808274
VGT,2021-11-30,FORM,FormFactor Inc,201,41.92,41.91999816894531,1.0000000436797416
VGT,2021-11-30,ZM,Zoom Video Communications Inc,44,211.41,211.41000366210938,0.9999999826776912
VGT,2021-11-30,CPAY,FleetCor Technologies Inc,91,207.13,207.1300048828125,0.9999999764263391
VGT,2021-11-30,MMS,Maximus Inc,170,75.45,75.44999694824219,1.0000000404474214
VGT,2021-11-30,BMI,Badger Meter Inc,209,102.36,102.36000061035156,0.9999999940372063
VGT,2021-11-30,HPE,Hewlett Packard Enterprise Co,84,14.35,14.350000381469727,0.9999999734167445
VGT,2021-11-30,CEVA,CEVA Inc,282,44.1,44.099998474121094,1.0000000346004299
VGT,2021-11-30,FISV,Fiserv Inc,31,96.52,96.5199966430664,1.0000000347796696
VGT,2021-11-30,BSY,Bentley Systems Inc,127,47.99,47.9900016784668,0.9999999650246565
VGT,2021-11-30,FIS,Fidelity National Information Services Inc,27,104.5,104.5,1.0
VGT,2021-11-30,FTNT,Fortinet Inc,42,332.11,332.1099853515625,1.000000044107188
VGT,2021-11-30,ASAN,Asana Inc,134,103.95,103.94999694824219,1.0000000293579403
VGT,2021-11-30,CRNC,Cerence Inc,211,75.17999999999999,75.18000030517578,0.9999999959407317
VGT,2021-11-30,ITRI,Itron Inc,213,61.91,61.90999984741211,1.0000000024646727
VGT,2021-11-30,RPD,Rapid7 Inc,138,124.06,124.05999755859375,1.0000000196792382
VGT,2021-11-30,ENPH,Enphase Energy Inc,58,250.0,250.0,1.0
VGT,2021-11-30,VRSN,VeriSign Inc,72,239.91,239.91000366210938,0.999999984735487
VGT,2021-11-30,HUCK,Domo Inc,237,72.35,72.3499984741211,1.0000000210902409
VGT,2021-11-30,MEI,Methode Electronics Inc,250,44.47,44.470001220703125,0.9999999725499642
VGT,2021-11-30,DIOD,Diodes Inc,167,106.35,106.3499984741211,1.0000000143477097
VGT,2021-11-30,UIS,Unisys Corp,271,18.16,18.15999984741211,1.000000008402417
VGT,2021-11-30,EGHT,8x8 Inc,230,21.55,21.549999237060547,1.0000000354032241
VGT,2021-11-30,QCOM,QUALCOMM Inc,12,180.56,180.55999755859375,1.000000013521302
VGT,2021-11-30,FSLY,Fastly Inc,182,40.760000000000005,40.7599983215332,1.0000000411792658
VGT,2021-11-30,NOVT,Novanta Inc,147,161.45000000000002,161.4499969482422,1.0000000189021858
VGT,2021-11-30,TXN,Texas Instruments Inc,16,192.37,192.3699951171875,1.0000000253824017
VGT,2021-11-30,ROG,Rogers Corp,158,272.62,272.6199951171875,1.0000000179106912
VGT,2021-11-30,BILL,Bill.com Holdings Inc,80,280.84999999999997,280.8500061035156,0.9999999782677033
VGT,2021-11-30,BR,Broadridge Financial Solutions Inc,82,168.57000000000002,168.57000732421875,0.9999999565508785
VGT,2021-11-30,LASR,nLight Inc,287,24.89,24.889999389648438,1.0000000245219598
VGT,2021-11-30,POWI,Power Integrations Inc,145,100.03,100.02999877929688,1.0000000122033703
VGT,2021-11-30,BOX,Box Inc,188,23.410000000000004,23.40999984741211,1.0000000065180648
VGT,2021-11-30,YEXT,Yext Inc,286,9.66,9.65999984741211,1.0000000157958482
VGT,2021-11-30,CRM,salesforce.com Inc,7,284.96,284.9599914550781,1.0000000299863914
VGT,2021-11-30,RAMP,LiveRamp Holdings Inc,203,46.93,46.93000030517578,0.9999999934972134
VGT,2021-11-30,XRX,Xerox Holdings Corp,208,18.42,18.420000076293945,0.9999999958580921
VGT,2021-11-30,ADTN,ADTRAN Inc,285,20.38,20.3799991607666,1.0000000411792656
VGT,2021-11-30,OKTA,Okta Inc,65,215.23,215.22999572753906,1.000000019850676
VGT,2021-11-30,FOUR,Shift4 Payments Inc,241,52.02,52.02000045776367,0.9999999912002371
VGT,2021-11-30,MSTR,MicroStrategy Inc,152,721.4300000000001,721.4299774169922,1.0000000313031183
VGT,2021-11-30,TDY,Teledyne Technologies Inc,83,415.29,415.2900085449219,0.9999999794242056
VGT,2021-11-30,CCSI,Consensus Cloud Solutions Inc,291,62.63999999999999,62.63999938964844,1.0000000097437989
VGT,2021-11-30,TOST,Toast Inc,338,39.99,39.9900016784668,0.9999999580278388
VGT,2021-11-30,XYZ,Square Inc,25,208.33,208.3300018310547,0.999999991210797
VGT,2021-11-30,ACN,Accenture PLC,9,357.40000000000003,357.3999938964844,1.0000000170775483
VGT,2021-11-30,CRUS,Cirrus Logic Inc,172,80.18,80.18000030517578,0.9999999961938666
VGT,2021-11-30,CNXN,PC Connection Inc,319,43.84,43.84000015258789,0.9999999965194369
VGT,2021-11-30,BLKB,Blackbaud Inc,200,75.46,75.45999908447266,1.000000012132618
VGT,2021-11-30,TTEC,TTEC Holdings Inc,256,84.39,84.38999938964844,1.0000000072325106
VGT,2021-11-30,PEGA,Pegasystems Inc,169,114.82,114.81999969482422,1.0000000026578626
VGT,2021-11-30,PANW,Palo Alto Networks Inc,34,546.94,546.9400177001953,0.9999999676377762
VGT,2021-11-30,AVT,Avnet Inc,192,36.27,36.27000045776367,0.9999999873790002
VGT,2021-11-30,MITK,Mitek Systems Inc,302,17.13,17.1299991607666,1.000000048992028
VGT,2021-11-30,PAYC,Paycom Software Inc,74,437.48,437.4800109863281,0.9999999748872456
VGT,2021-11-30,COHU,Cohu Inc,255,32.97,32.970001220703125,0.9999999629753388
VGT,2021-11-30,TENB,Tenable Holdings Inc,191,49.400000000000006,49.400001525878906,0.9999999691117641
VGT,2021-11-30,ALRM,Alarm.com Holdings Inc,190,79.79,79.79000091552734,0.9999999885257886
VGT,2021-11-30,VSH,Vishay Intertechnology Inc,216,20.37,20.3700008392334,0.9999999588005222
VGT,2021-11-30,KLAC,KLA Corp,28,408.13,408.12999725341797,1.0000000067296744
VGT,2021-11-30,PLAB,Photronics Inc,294,13.21,13.210000038146973,0.9999999971122656
VGT,2021-11-30,HLIT,Harmonic Inc,278,10.75,10.75,1.0
VGT,2021-11-30,UPLD,Upland Software Inc,322,19.58,19.580000305175783,0.9999999844139029
VGT,2021-11-30,CDW,CDW Corp/DE,67,189.36,189.36000061035156,0.9999999967767662
VGT,2021-11-30,FN,Fabrinet,183,110.56,110.55999755859375,1.0000000220821843
VGT,2021-11-30,KN,Knowles Corp,242,21.72,21.719999313354492,1.0000000316135143
VGT,2021-11-30,HPQ,HP Inc,46,35.28,35.279998779296875,1.0000000346004299
VGT,2021-11-30,PI,Impinj Inc,265,74.97,74.97000122070312,0.9999999837174456
VGT,2021-11-30,CRWD,Crowdstrike Holdings Inc,50,217.14,217.13999938964844,1.0000000028108664
VGT,2021-11-30,IBM,International Business Machines Corp,20,117.1,117.0999984741211,1.0000000130305629
VGT,2021-11-30,EXTR,Extreme Networks Inc,251,13.5,13.5,1.0
VGT,2021-11-30,CNXC,Concentrix Corp,132,166.0,166.0,1.0
VGT,2021-11-30,GLW,Corning Inc,61,37.09,37.09000015258789,0.9999999958860101
VGT,2021-11-30,GPN,Global Payments Inc,54,119.04,119.04000091552734,0.9999999923090782
VGT,2021-11-30,APPS,Digital Turbine Inc,175,53.059999999999995,53.060001373291016,0.9999999741181496
VGT,2021-11-30,CNDT,Conduent Inc,292,5.04,5.039999961853027,1.0000000075688438
VGT,2021-11-30,MU,Micron Technology Inc,24,84.0,84.0,1.0
VGT,2021-11-30,PTC,PTC Inc,100,109.58,109.58000183105469,0.9999999832902476
VGT,2021-11-30,MSI,Motorola Solutions Inc,48,253.18,253.17999267578125,1.0000000289289002
VGT,2021-11-30,BDC,Belden Inc,214,61.67,61.66999816894531,1.0000000296911746
VGT,2021-11-30,AMAT,Applied Materials Inc,18,147.19,147.19000244140625,0.9999999834132332
VGT,2021-11-30,AI,C3.ai Inc,260,36.96,36.959999084472656,1.000000024770762
VGT,2021-11-30,FICO,Fair Isaac Corp,109,353.13,353.1300048828125,0.9999999861727623
VGT,2021-11-30,NVDA,NVIDIA Corp,3,326.76,326.7599868774414,1.0000000401596252
VGT,2021-11-30,APPF,Appfolio Inc,238,120.49,120.48999786376953,1.0000000177295252
VGT,2021-11-30,MASS,908 Devices Inc,328,24.0,24.0,1.0
VGT,2021-11-30,IDCC,InterDigital Inc,236,67.91,67.91000366210938,0.9999999460740807
VGT,2021-11-30,EEFT,Euronet Worldwide Inc,155,101.37,101.37000274658203,0.9999999729053768
VGT,2021-11-30,LFUS,Littelfuse Inc,133,298.48,298.4800109863281,0.9999999631924159
VGT,2021-11-30,MA,Mastercard Inc,6,314.91999999999996,314.9200134277344,0.9999999573614446
VGT,2021-11-30,PAYX,Paychex Inc,51,119.2,119.19999694824219,1.0000000256019959
VGT,2021-11-30,XPER,Xperi Holding Corp,244,17.919999999999998,,
VGT,2021-11-30,PLTR,Palantir Technologies Inc,59,20.65,20.649999618530273,1.0000000184731106
VGT,2021-11-30,UCTT,Ultra Clean Holdings Inc,225,54.809999999999995,54.810001373291016,0.9999999749445176
VGT,2021-11-30,WDAY,Workday Inc,36,274.23,274.2300109863281,0.9999999599375426
VGT,2021-11-30,SNX,TD SYNNEX Corp,173,103.46,103.45999908447266,1.0000000088490948
VGT,2021-11-30,SLAB,Silicon Laboratories Inc,122,196.27,196.27000427246094,0.9999999782317174
VGT,2021-11-30,DOCU,DocuSign Inc,40,246.36,246.36000061035156,0.9999999975225218
VGT,2021-11-30,VERX,Vertex Inc,323,18.28,18.280000686645508,0.9999999624373369
VGT,2021-11-30,VRNS,Varonis Systems Inc,151,51.809999999999995,51.810001373291016,0.9999999734937081
VGT,2021-11-30,FSLR,First Solar Inc,113,103.6,103.5999984741211,1.000000014728561
VGT,2021-11-30,PDFS,PDF Solutions Inc,288,29.93,29.93000030517578,0.9999999898036827
VGT,2021-11-30,ICHR,Ichor Holdings Ltd,266,47.89,47.88999938964844,1.0000000127448647
VGT,2021-11-30,AGYS,Agilysys Inc,284,43.55,43.54999923706055,1.0000000175187018
VGT,2021-11-30,CMRC,BigCommerce Holdings Inc,249,45.27,45.27000045776367,0.9999999898881453
VGT,2021-11-30,NTAP,NetApp Inc,79,88.88,88.87999725341797,1.000000030902139
VGT,2021-11-30,ZS,Zscaler Inc,63,346.97,346.9700012207031,0.9999999964818195
VGT,2021-11-30,AEIS,Advanced Energy Industries Inc,199,87.69,87.69000244140625,0.9999999721586705
VGT,2021-11-30,OLED,Universal Display Corp,141,143.05,143.0500030517578,0.999999978666496
VGT,2021-11-30,FIVN,Five9 Inc,118,142.32999999999998,142.3300018310547,0.9999999871351459
VGT,2021-11-30,EVTC,EVERTEC Inc,219,41.99,41.9900016784668,0.9999999600269891
VGT,2021-11-30,ONTO,Onto Innovation Inc,171,94.16,94.16000366210938,0.9999999611075909
VGT,2021-11-30,HCKT,Hackett Group Inc/The,318,20.46,20.459999084472656,1.000000044747184
VGT,2021-11-30,U,Unity Software Inc,116,172.39,172.38999938964844,1.0000000035405276
VGT,2021-11-30,FLEX,Flex Ltd,125,17.099999999999998,17.09999872493744,1.0000000745650675
VGT,2021-11-30,AVGO,Broadcom Inc,10,553.68,553.6800003051758,0.9999999994488228
VGT,2021-11-30,JKHY,Jack Henry & Associates Inc,105,151.63,151.6300048828125,0.9999999677978477
VGT,2021-11-30,COHR,Coherent Inc,143,258.93,62.529998779296875,4.140892452499606
VGT,2021-11-30,MX,Magnachip Semiconductor Corp,299,18.08,18.079999923706055,1.0000000042197978
VGT,2021-11-30,VISN,CommScope Holding Co Inc,239,9.96,9.960000038146973,0.9999999961699828
VGT,2021-11-30,CSCO,Cisco Systems Inc/Delaware,8,54.84,54.84000015258789,0.9999999972175805
VGT,2021-11-30,SCSC,ScanSource Inc,296,31.25,31.25,1.0
VGT,2021-11-30,IIIV,I3 Verticals Inc,327,18.65,18.649999618530273,1.0000000204541413
VGT,2021-11-30,DBX,Dropbox Inc,129,24.61,24.610000610351562,0.9999999751990432
VGT,2021-11-30,PD,PagerDuty Inc,228,35.449999999999996,35.45000076293945,0.999999978478436
VGT,2021-11-30,ANET,Arista Networks Inc,62,124.06,124.05999755859375,1.0000000196792382
VGT,2021-11-30,TDC,Teradata Corp,166,43.42,43.41999816894531,1.0000000421707684
VGT,2021-11-30,INSG,Inseego Corp,321,6.46,6.45999984741211,1.000000023620417
VGT,2021-11-30,SSNC,SS&C Technologies Holdings Inc,87,76.33,76.33000183105469,0.999999976011337
VGT,2021-11-30,RNG,RingCentral Inc,89,215.98,215.97999572753906,1.0000000197817438
VGT,2021-11-30,CTSH,Cognizant Technology Solutions Corp,49,77.98,77.9800033569336,0.9999999569513536
VGT,2021-11-30,GWRE,Guidewire Software Inc,120,116.34,116.33999633789062,1.0000000314776474
VGT,2021-11-30,NTGR,NETGEAR Inc,295,26.74,26.739999771118164,1.0000000085595302
VGT,2021-11-30,MXL,MaxLinear Inc,165,67.33,67.33000183105469,0.9999999728047729
VGT,2021-11-30,CRSR,Corsair Gaming Inc,307,22.4,22.399999618530273,1.0000000170298988
VGT,2021-11-30,AKAM,Akamai Technologies Inc,85,112.7,112.69999694824219,1.0000000270785971
VGT,2021-11-30,ENTG,Entegris Inc,81,146.07999999999998,146.0800018310547,0.9999999874653979
VGT,2021-11-30,SPSC,SPS Commerce Inc,161,140.99,140.99000549316406,0.999999961038628
VGT,2021-11-30,AMBA,Ambarella Inc,137,179.51999999999998,179.52000427246094,0.9999999762006414
VGT,2021-11-30,VIAV,Viavi Solutions Inc,198,14.81,14.8100004196167,0.9999999716666653
VGT,2021-11-30,GDYN,Grid Dynamics Holdings Inc,259,39.23,39.22999954223633,1.0000000116687147
VGT,2022-02-28,EXLS,ExlService Holdings Inc,173,120.79,120.79000473022461,0.9999999608392713
VGT,2022-02-28,OSIS,OSI Systems Inc,255,80.67,80.66999816894531,1.0000000226980876
VGT,2022-02-28,MVIS,MicroVision Inc,307,4.01,4.01000010172526,0.9999999746321053
VGT,2022-02-28,TER,Teradyne Inc,73,117.92,117.91999816894531,1.0000000155279403
VGT,2022-02-28,SNPS,Synopsys Inc,35,312.39,312.3900146484375,0.9999999531084963
VGT,2022-02-28,IT,Gartner Inc,60,280.42,280.4200134277344,0.9999999521156347
VGT,2022-02-28,WK,Workiva Inc,170,105.3,105.30000305175781,0.9999999710184452
VGT,2022-02-28,ACLS,Axcelis Technologies Inc,218,69.22,69.22000122070312,0.9999999823648785
VGT,2022-02-28,RMNI,Rimini Street Inc,352,4.53,4.53000020980835,0.9999999536846932
VGT,2022-02-28,BHE,Benchmark Electronics Inc,275,26.14,26.139999389648438,1.0000000233493336
VGT,2022-02-28,MTSI,MACOM Technology Solutions Holdings Inc,203,60.1,60.099998474121094,1.0000000253890007
VGT,2022-02-28,CVLT,CommVault Systems Inc,207,62.91,62.90999984741211,1.000000002425495
VGT,2022-02-28,DMRC,Digimarc Corp,335,30.13,30.1299991607666,1.0000000278537478
VGT,2022-02-28,ARW,Arrow Electronics Inc,112,121.88,121.87999725341797,1.0000000225351335
VGT,2022-02-28,ALGM,Allegro MicroSystems Inc,243,28.67,28.670000076293945,0.9999999973388928
VGT,2022-02-28,MDB,MongoDB Inc,64,381.99,381.989990234375,1.0000000255651333
VGT,2022-02-28,BFH,Alliance Data Systems Corp,194,67.45,67.44999694824219,1.0000000452447435
VGT,2022-02-28,NSSC,Napco Security Technologies Inc,313,20.39,20.389999389648438,1.0000000299338687
VGT,2022-02-28,GDDY,GoDaddy Inc,92,83.41,83.41000366210938,0.999999956095082
VGT,2022-02-28,INDI,indie Semiconductor Inc,344,7.85,7.849999904632568,1.0000000121487176
VGT,2022-02-28,CGNX,Cognex Corp,99,67.56,67.55999755859375,1.000000036136861
VGT,2022-02-28,AAPL,Apple Inc,1,165.12,165.1199951171875,1.0000000295712976
VGT,2022-02-28,SNOW,Snowflake Inc,30,265.66,265.6600036621094,0.9999999862150519
VGT,2022-02-28,JBL,Jabil Inc,120,57.809999999999995,57.810001373291016,0.9999999762447502
VGT,2022-02-28,CXM,Sprinklr Inc,341,12.0,12.0,1.0
VGT,2022-02-28,ADI,Analog Devices Inc,23,160.29000000000002,160.2899932861328,1.000000041885754
VGT,2022-02-28,QTWO,Q2 Holdings Inc,186,65.05,65.05000305175781,0.9999999530859697
VGT,2022-02-28,CALX,Calix Inc,198,54.34,54.34000015258789,0.9999999971919785
VGT,2022-02-28,TTMI,TTM Technologies Inc,262,12.57,12.569999694824219,1.0000000242781057
VGT,2022-02-28,KD,Kyndryl Holdings Inc,204,15.86,15.859999656677246,1.0000000216470846
VGT,2022-02-28,RBBN,Ribbon Communications Inc,343,3.04,3.0399999618530273,1.0000000125483464
VGT,2022-02-28,AMD,Advanced Micro Devices Inc,10,123.34,123.33999633789062,1.0000000296911746
VGT,2022-02-28,NSIT,Insight Enterprises Inc,183,104.0,104.0,1.0
VGT,2022-02-28,SEDG,SolarEdge Technologies Inc,87,319.42,319.4200134277344,0.9999999579621383
VGT,2022-02-28,APH,Amphenol Corp,37,76.01,76.01000213623047,0.9999999718954032
VGT,2022-02-28,VECO,Veeco Instruments Inc,253,28.57,28.56999969482422,1.0000000106816866
VGT,2022-02-28,PRGS,Progress Software Corp,235,44.08,44.08000183105469,0.9999999584606485
VGT,2022-02-28,MSFT,Microsoft Corp,2,298.78999999999996,298.7900085449219,0.9999999714015808
VGT,2022-02-28,IPGP,IPG Photonics Corp,154,130.35000000000002,130.35000610351562,0.9999999531759469
VGT,2022-02-28,NOW,ServiceNow Inc,19,579.92,579.9200057983398,0.9999999900014832
VGT,2022-02-28,LRCX,Lam Research Corp,24,561.3499999999999,561.349983215332,1.0000000299005405
VGT,2022-02-28,LITE,Lumentum Holdings Inc,125,98.86,98.86000061035156,0.9999999938261019
VGT,2022-02-28,DDD,3D Systems Corp,225,17.82,17.81999969482422,1.000000017125465
VGT,2022-02-28,V,Visa Inc,4,216.12,216.1199951171875,1.0000000225930623
VGT,2022-02-28,ESTC,Elastic NV,140,86.65,86.6500015258789,0.9999999823903188
VGT,2022-02-28,EPAM,EPAM Systems Inc,101,207.75,207.75,1.0
VGT,2022-02-28,NET,Cloudflare Inc,55,116.42,116.41999816894531,1.0000000157280082
VGT,2022-02-28,TRMB,Trimble Inc,81,69.75,69.75,1.0
VGT,2022-02-28,PLUS,ePlus Inc,263,46.9,46.900001525878906,0.9999999674652695
VGT,2022-02-28,ADBE,Adobe Inc,8,467.68,467.67999267578125,1.0000000156607485
VGT,2022-02-28,AFRM,Affirm Holdings Inc,181,41.84,41.84000015258789,0.999999996353062
VGT,2022-02-28,ON,ON Semiconductor Corp,56,62.61,62.61000061035156,0.9999999902515324
VGT,2022-02-28,TLS,Telos Corp,351,11.42,11.420000076293945,0.9999999933192693
VGT,2022-02-28,INTU,Intuit Inc,15,474.37,474.3699951171875,1.0000000102932576
VGT,2022-02-28,AEVA,Aeva Technologies Inc,332,4.2,4.2,1.0
VGT,2022-02-28,OSPN,OneSpan Inc,324,13.78,13.779999732971191,1.000000019377998
VGT,2022-02-28,AOSL,Alpha & Omega Semiconductor Ltd,272,53.77,53.77000045776367,0.9999999914866344
VGT,2022-02-28,MARA,Marathon Digital Holdings Inc,212,25.35,25.350000381469727,0.9999999849518848
VGT,2022-02-28,DBD,Diebold Nixdorf Inc,311,8.7,,
VGT,2022-02-28,SWKS,Skyworks Solutions Inc,63,138.17000000000002,138.1699981689453,1.0000000132521873
VGT,2022-02-28,DLB,Dolby Laboratories Inc,153,75.1,75.0999984741211,1.0000000203179618
VGT,2022-02-28,NXPI,NXP Semiconductors NV,32,190.12,190.1199951171875,1.0000000256827932
VGT,2022-02-28,INTA,Intapp Inc,336,23.06,23.059999465942383,1.0000000231594808
VGT,2022-02-28,RIOT,Riot Blockchain Inc,241,17.23,17.229999542236328,1.0000000265678284
VGT,2022-02-28,MRVL,Marvell Technology Inc,29,68.33,68.33000183105469,0.9999999732027712
VGT,2022-02-28,TWLO,Twilio Inc,50,174.8,174.8000030517578,0.9999999825414316
VGT,2022-02-28,ADSK,Autodesk Inc,33,220.23,220.22999572753906,1.0000000193999956
VGT,2022-02-28,KEYS,Keysight Technologies Inc,51,157.37,157.3699951171875,1.0000000310275952
VGT,2022-02-28,WEX,WEX Inc,121,168.51000000000002,168.50999450683594,1.0000000325984468
VGT,2022-02-28,ARLO,Arlo Technologies Inc,300,9.28,9.279999732971191,1.0000000287746569
VGT,2022-02-28,CASS,Cass Information Systems Inc,306,39.58,39.58000183105469,0.9999999537378826
VGT,2022-02-28,AZTA,Azenta Inc,134,87.52,87.5199966430664,1.0000000383561896
VGT,2022-02-28,WDC,Western Digital Corp,89,50.94,50.94000178527832,0.9999999649533126
VGT,2022-02-28,ADP,Automatic Data Processing Inc,22,204.44,204.44000244140625,0.9999999880580795
VGT,2022-02-28,GEN,NortonLifeLock Inc,86,28.979999999999997,28.979999542236328,1.000000015795848
VGT,2022-02-28,CTS,CTS Corp,274,37.94,37.939998626708984,1.0000000361963908
VGT,2022-02-28,PCTY,Paylocity Holding Corp,118,212.44,212.44000244140625,0.9999999885077847
VGT,2022-02-28,S,SentinelOne Inc,266,41.5,41.5,1.0
VGT,2022-02-28,PATH,UiPath Inc,223,34.71,34.709999084472656,1.0000000263764728
VGT,2022-02-28,PLXS,Plexus Corp,219,81.47,81.47000122070312,0.9999999850165324
VGT,2022-02-28,SPT,Sprout Social Inc,215,65.11,65.11000061035156,0.99999999062584
VGT,2022-02-28,ORCL,Oracle Corp,16,75.97,75.97000122070312,0.9999999839317743
VGT,2022-02-28,DELL,Dell Technologies Inc,91,50.96,50.959999084472656,1.0000000179656074
VGT,2022-02-28,ACMR,ACM Research Inc,277,82.42,82.42000007629395,0.9999999990743274
VGT,2022-02-28,INTC,Intel Corp,13,47.7,47.70000076293945,0.9999999840054625
VGT,2022-02-28,MPWR,Monolithic Power Systems Inc,71,458.7000000000001,458.70001220703125,0.999999973387768
VGT,2022-02-28,CMTL,Comtech Telecommunications Corp,317,20.58,20.579999923706055,1.0000000037071888
VGT,2022-02-28,CMBMF,Cambium Networks Corp,350,27.81,27.809999465942383,1.000000019203798
VGT,2022-02-28,YOU,Clear Secure Inc,333,26.93,26.93000030517578,0.9999999886678137
VGT,2022-02-28,TYL,Tyler Technologies Inc,82,428.26,428.260009765625,0.999999977196972
VGT,2022-02-28,SABR,Sabre Corp,189,10.93,10.930000305175781,0.9999999720790692
VGT,2022-02-28,KE,Kimball Electronics Inc,329,17.240000000000002,17.239999771118164,1.0000000132762088
VGT,2022-02-28,ZBRA,Zebra Technologies Corp,65,413.34,413.3399963378906,1.0000000088597991
VGT,2022-02-28,RPAY,Repay Holdings Corp,252,17.27,17.270000457763672,0.9999999734937082
VGT,2022-02-28,NTNX,Nutanix Inc,143,26.7,26.700000762939453,0.9999999714254895
VGT,2022-02-28,KLIC,Kulicke & Soffa Industries Inc,192,52.24,52.2400016784668,0.9999999678700854
VGT,2022-02-28,CIEN,Ciena Corp,103,68.42,68.41999816894531,1.000000026761981
VGT,2022-02-28,DGII,Digi International Inc,305,20.08,20.079999923706055,1.0000000037994992
VGT,2022-02-28,FFIV,F5 Inc,98,200.85,200.85000610351562,0.9999999696115736
VGT,2022-02-28,LTCH,Latch Inc,353,4.13,4.130000114440918,0.9999999722903353
VGT,2022-02-28,PAR,PAR Technology Corp,279,41.94,41.939998626708984,1.0000000327441836
VGT,2022-02-28,SMCI,Super Micro Computer Inc,245,39.29,39.28999900817871,1.0000000252436068
VGT,2022-02-28,AMKR,Amkor Technology Inc,216,22.67,22.670000076293945,0.9999999966345856
VGT,2022-02-28,MANH,Manhattan Associates Inc,114,133.68,133.67999267578125,1.0000000547891919
VGT,2022-02-28,APPN,Appian Corp,226,60.96,60.959999084472656,1.0000000150184933
VGT,2022-02-28,MQ,Marqeta Inc,302,11.73,11.729999542236328,1.0000000390250374
VGT,2022-02-28,REKR,Rekor Systems Inc,355,4.7299999999999995,4.730000019073486,0.9999999959675504
VGT,2022-02-28,SYNA,Synaptics Inc,109,228.43,228.42999267578125,1.0000000320632974
VGT,2022-02-28,IMXI,International Money Express Inc,327,16.060000000000002,16.059999465942383,1.0000000332539003
VGT,2022-02-28,VSAT,Viasat Inc,214,45.64,45.63999938964844,1.0000000133731721
VGT,2022-02-28,QRVO,Qorvo Inc,90,136.78,136.77999877929688,1.0000000089245733
VGT,2022-02-28,RXT,Rackspace Technology Inc,325,11.13,11.130000114440918,0.9999999897177974
VGT,2022-02-28,DDOG,Datadog Inc,49,161.11,161.11000061035156,0.999999996211585
VGT,2022-02-28,SANM,Sanmina Corp,208,39.78,39.779998779296875,1.0000000306863541
VGT,2022-02-28,OUST,Ouster Inc,358,3.38,3.379999923706055,1.0000000225721735
VGT,2022-02-28,TEL,TE Connectivity Ltd,36,142.43,142.42999267578125,1.0000000514232896
VGT,2022-02-28,VNT,Vontier Corp,169,24.3,24.299999237060547,1.0000000313966864
VGT,2022-02-28,VYX,NCR Corp,147,40.52,40.52000089645386,0.9999999778762627
VGT,2022-02-28,DXC,DXC Technology Co,116,34.03,34.029998779296875,1.0000000358713832
VGT,2022-02-28,HUBS,HubSpot Inc,59,525.0,525.0,1.0
VGT,2022-02-28,TCX,Tucows Inc,312,67.17999999999999,67.18000030517578,0.9999999954573416
VGT,2022-02-28,MCHP,Microchip Technology Inc,43,70.33,70.33000183105469,0.9999999739648139
VGT,2022-02-28,NTCT,NetScout Systems Inc,221,31.13,31.1299991607666,1.000000026958992
VGT,2022-02-28,QLYS,Qualys Inc,167,125.31,125.30999755859375,1.0000000194829328
VGT,2022-02-28,AEHR,Aehr Test Systems,342,13.6,13.600000381469727,0.9999999719507562
VGT,2022-02-28,FROG,JFrog Ltd,285,24.77,24.770000457763672,0.9999999815194323
VGT,2022-02-28,CLSK,Cleanspark Inc,340,10.6,10.600000381469727,0.9999999640122912
VGT,2022-02-28,MKSI,MKS Instruments Inc,115,150.6,150.60000610351562,0.9999999594720094
VGT,2022-02-28,P,Pure Storage Inc,128,25.94,25.940000534057617,0.9999999794118117
VGT,2022-02-28,DOCN,DigitalOcean Holdings Inc,244,59.32,59.31999969482422,1.000000005144568
VGT,2022-02-28,SMTC,Semtech Corp,161,69.38,69.37999725341797,1.00000003958752
VGT,2022-02-28,TTD,Trade Desk Inc/The,46,85.32,85.31999969482422,1.0000000035768375
VGT,2022-02-28,RMBS,Rambus Inc,200,27.0,27.0,1.0
VGT,2022-02-28,STX,Seagate Technology Holdings PLC,68,103.16,103.16000366210938,0.9999999645006858
VGT,2022-02-28,DT,Dynatrace Inc,117,44.42,44.41999816894531,1.000000041221404
VGT,2022-02-28,SITM,SiTime Corp,213,202.14,202.13999938964844,1.0000000030194496
VGT,2022-02-28,PYPL,PayPal Holdings Inc,17,111.93,111.93000030517578,0.9999999972735123
VGT,2022-02-28,WU,Western Union Co/The,123,18.18,18.18000030517578,0.9999999832136537
VGT,2022-02-28,ACIW,ACI Worldwide Inc,185,33.52,33.52000045776367,0.9999999863435661
VGT,2022-02-28,NABL,N-able Inc,322,11.57,11.569999694824219,1.0000000263764728
VGT,2022-02-28,WOLF,Wolfspeed Inc,100,102.72,,
VGT,2022-02-28,VRRM,Verra Mobility Corp,220,16.8,16.799999237060547,1.0000000454130649
VGT,2022-02-28,BL,Blackline Inc,174,75.31,75.30999755859375,1.0000000324180895
VGT,2022-02-28,ATEN,A10 Networks Inc,293,14.24,14.239999771118164,1.0000000160731628
VGT,2022-02-28,CDNS,Cadence Design Systems Inc,40,151.43,151.42999267578125,1.0000000483670284
VGT,2022-02-28,LSCC,Lattice Semiconductor Corp,113,62.620000000000005,62.619998931884766,1.0000000170570944
VGT,2022-02-28,FORM,FormFactor Inc,195,40.49,40.4900016784668,0.9999999585461417
VGT,2022-02-28,ZM,Zoom Video Communications Inc,52,132.6,132.60000610351562,0.9999999539704725
VGT,2022-02-28,CPAY,FleetCor Technologies Inc,76,234.2,234.1999969482422,1.0000000130305629
VGT,2022-02-28,TASK,TaskUS Inc,297,28.72,28.719999313354492,1.0000000239082703
VGT,2022-02-28,MMS,Maximus Inc,156,78.86,78.86000061035156,0.999999992260315
VGT,2022-02-28,BMI,Badger Meter Inc,202,99.41,99.41000366210938,0.9999999631615608
VGT,2022-02-28,HPE,Hewlett Packard Enterprise Co,69,15.92,15.920000076293945,0.9999999952076668
VGT,2022-02-28,CEVA,CEVA Inc,288,40.77,40.77000045776367,0.9999999887720465
VGT,2022-02-28,FISV,Fiserv Inc,27,97.67,97.66999816894531,1.0000000187473608
VGT,2022-02-28,BSY,Bentley Systems Inc,133,38.39,38.38999938964844,1.0000000158987126
VGT,2022-02-28,FIS,Fidelity National Information Services Inc,26,95.23,95.2300033569336,0.9999999647492023
VGT,2022-02-28,FTNT,Fortinet Inc,34,344.52000000000004,344.5199966430664,1.000000009743799
VGT,2022-02-28,ASAN,Asana Inc,182,54.790000000000006,54.790000915527344,0.9999999832902479
VGT,2022-02-28,CRNC,Cerence Inc,257,36.11,36.11000061035156,0.9999999830974369
VGT,2022-02-28,ITRI,Itron Inc,227,47.67,47.66999816894531,1.0000000384110501
VGT,2022-02-28,RPD,Rapid7 Inc,142,103.46,103.45999908447266,1.0000000088490948
VGT,2022-02-28,ENPH,Enphase Energy Inc,67,166.7,166.6999969482422,1.0000000183068858
VGT,2022-02-28,PAYO,Payoneer Global Inc,278,4.82,4.820000171661377,0.9999999643856078
VGT,2022-02-28,VRSN,VeriSign Inc,66,213.72,213.72000122070312,0.9999999942883065
VGT,2022-02-28,HUCK,Domo Inc,264,44.5,44.5,1.0
VGT,2022-02-28,AMPL,Amplitude Inc,303,21.44,21.440000534057617,0.9999999750905969
VGT,2022-02-28,MEI,Methode Electronics Inc,239,45.64,45.63999938964844,1.0000000133731721
VGT,2022-02-28,DIOD,Diodes Inc,172,89.59,89.58999633789062,1.00000004087632
VGT,2022-02-28,UIS,Unisys Corp,254,21.37,21.3700008392334,0.999999960728434
VGT,2022-02-28,EGHT,8x8 Inc,256,12.96,12.960000038146973,0.9999999970565608
VGT,2022-02-28,QCOM,QUALCOMM Inc,12,171.99,171.99000549316406,0.9999999680611438
VGT,2022-02-28,FSLY,Fastly Inc,228,18.6,18.600000381469727,0.9999999794908754
VGT,2022-02-28,NOVT,Novanta Inc,157,136.63000000000002,136.6300048828125,0.999999964262517
VGT,2022-02-28,TXN,Texas Instruments Inc,14,169.99,169.99000549316406,0.9999999676853705
VGT,2022-02-28,ROG,Rogers Corp,149,273.0,273.0,1.0
VGT,2022-02-28,BILL,Bill.com Holdings Inc,77,237.88,237.8800048828125,0.9999999794736321
VGT,2022-02-28,BR,Broadridge Financial Solutions Inc,85,146.21,146.2100067138672,0.9999999540806589
VGT,2022-02-28,LASR,nLight Inc,310,16.3,16.299999237060547,1.0000000468061037
VGT,2022-02-28,POWI,Power Integrations Inc,145,90.0,90.0,1.0
VGT,2022-02-28,BOX,Box Inc,175,25.61,25.610000610351562,0.9999999761674522
VGT,2022-02-28,YEXT,Yext Inc,301,7.42,7.420000076293945,0.9999999897177972
VGT,2022-02-28,CRM,salesforce.com Inc,9,210.53,210.52999877929688,1.0000000057982383
VGT,2022-02-28,RAMP,LiveRamp Holdings Inc,201,43.16,43.15999984741211,1.0000000035354006
VGT,2022-02-28,XRX,Xerox Holdings Corp,199,19.709999999999997,19.709999084472656,1.0000000464498926
VGT,2022-02-28,ADTN,ADTRAN Inc,281,20.59,20.59000015258789,0.9999999925892235
VGT,2022-02-28,OKTA,Okta Inc,62,182.84,182.83999633789062,1.0000000200290389
VGT,2022-02-28,FOUR,Shift4 Payments Inc,224,52.650000000000006,52.650001525878906,0.9999999710184453
VGT,2022-02-28,MSTR,MicroStrategy Inc,187,443.0,442.99999237060547,1.0000000172221097
VGT,2022-02-28,TDY,Teledyne Technologies Inc,70,429.38,429.3800048828125,0.9999999886282257
VGT,2022-02-28,CCSI,Consensus Cloud Solutions Inc,291,55.66,55.65999984741211,1.0000000027414282
VGT,2022-02-28,XYZ,Block Inc,25,127.5,127.5,1.0
VGT,2022-02-28,ACN,Accenture PLC,11,316.02,316.0199890136719,1.000000034764662
VGT,2022-02-28,CRUS,Cirrus Logic Inc,151,86.86999999999999,86.87000274658203,0.9999999683828484
VGT,2022-02-28,CNXN,PC Connection Inc,315,48.790000000000006,48.790000915527344,0.9999999812353491
VGT,2022-02-28,BLKB,Blackbaud Inc,205,62.49,62.4900016784668,0.9999999731402345
VGT,2022-02-28,TTEC,TTEC Holdings Inc,249,79.5,79.5,1.0
VGT,2022-02-28,PEGA,Pegasystems Inc,184,87.12,87.12000274658203,0.9999999684735774
VGT,2022-02-28,PANW,Palo Alto Networks Inc,28,594.25,594.2499847412109,1.0000000256773907
VGT,2022-02-28,AVT,Avnet Inc,166,42.07,42.06999969482422,1.000000007254
VGT,2022-02-28,MITK,Mitek Systems Inc,309,14.86,14.859999656677246,1.0000000231038197
VGT,2022-02-28,PAYC,Paycom Software Inc,83,339.21,339.2099914550781,1.000000025190655
VGT,2022-02-28,COHU,Cohu Inc,248,31.180000000000003,31.18000030517578,0.9999999902124511
VGT,2022-02-28,TENB,Tenable Holdings Inc,168,55.36,55.36000061035156,0.9999999889748635
VGT,2022-02-28,ALRM,Alarm.com Holdings Inc,196,65.83,65.83000183105469,0.9999999721851035
VGT,2022-02-28,VSH,Vishay Intertechnology Inc,210,19.19,19.190000534057617,0.9999999721700051
VGT,2022-02-28,KLAC,KLA Corp,31,348.5,348.49998474121094,1.0000000437841887
VGT,2022-02-28,PLAB,Photronics Inc,269,18.42,18.420000076293945,0.9999999958580921
VGT,2022-02-28,HLIT,Harmonic Inc,287,9.31,9.3100004196167,0.999999954928391
VGT,2022-02-28,UPLD,Upland Software Inc,323,18.860000000000003,18.860000610351562,0.9999999676377762
VGT,2022-02-28,CDW,CDW Corp/DE,58,172.46,172.4600067138672,0.9999999610700051
VGT,2022-02-28,FN,Fabrinet,180,100.13,100.12999725341797,1.000000027430162
VGT,2022-02-28,KN,Knowles Corp,230,21.78,21.780000686645508,0.9999999684735774
VGT,2022-02-28,HPQ,HP Inc,41,34.36,34.36000061035156,0.9999999822365672
VGT,2022-02-28,PI,Impinj Inc,265,68.75,68.75,1.0
VGT,2022-02-28,CRWD,Crowdstrike Holdings Inc,47,195.21,195.2100067138672,0.9999999656069517
VGT,2022-02-28,IBM,International Business Machines Corp,20,122.51,122.51000213623047,0.9999999825628078
VGT,2022-02-28,MAPS,WM Technology Inc,345,5.85,5.849999904632568,1.0000000163021252
VGT,2022-02-28,EXTR,Extreme Networks Inc,251,11.49,11.489999771118164,1.0000000199200905
VGT,2022-02-28,CNXC,Concentrix Corp,110,199.89,199.88999938964844,1.000000003053437
VGT,2022-02-28,GLW,Corning Inc,48,40.4,40.400001525878906,0.9999999622307215
VGT,2022-02-28,GPN,Global Payments Inc,42,133.38,133.3800048828125,0.9999999633917205
VGT,2022-02-28,NCNO,nCino Inc,261,45.93,45.93000030517578,0.9999999933556329
VGT,2022-02-28,APPS,Digital Turbine Inc,164,48.48,48.47999954223633,1.00000000944232
VGT,2022-02-28,CNDT,Conduent Inc,292,4.87,4.869999885559082,1.0000000234991624
VGT,2022-02-28,MU,Micron Technology Inc,21,88.86,88.86000061035156,0.9999999931313126
VGT,2022-02-28,PTC,PTC Inc,97,111.28,111.27999877929688,1.0000000109696543
VGT,2022-02-28,MSI,Motorola Solutions Inc,45,220.43,220.42999267578125,1.000000033226961
VGT,2022-02-28,BDC,Belden Inc,211,56.35,56.349998474121094,1.0000000270785971
VGT,2022-02-28,AMAT,Applied Materials Inc,18,134.2,134.1999969482422,1.0000000227403716
VGT,2022-02-28,AI,C3.ai Inc,290,22.42,22.420000076293945,0.9999999965970587
VGT,2022-02-28,FICO,Fair Isaac Corp,94,471.19,471.19000244140625,0.9999999948186374
VGT,2022-02-28,NVDA,NVIDIA Corp,3,243.85,243.85000228881836,0.9999999906138267
VGT,2022-02-28,APPF,Appfolio Inc,236,113.14,113.13999938964844,1.0000000053946576
VGT,2022-02-28,MASS,908 Devices Inc,348,16.63,16.6299991607666,1.0000000504650295
VGT,2022-02-28,IDCC,InterDigital Inc,233,64.42,64.41999816894531,1.0000000284236998
VGT,2022-02-28,EEFT,Euronet Worldwide Inc,132,128.23,128.22999572753906,1.0000000333187324
VGT,2022-02-28,LFUS,Littelfuse Inc,136,258.21,258.2099914550781,1.000000033092917
VGT,2022-02-28,MA,Mastercard Inc,5,360.8200000000001,360.82000732421875,0.9999999797011848
VGT,2022-02-28,FRSH,Freshworks Inc,316,18.32,18.31999969482422,1.000000016658067
VGT,2022-02-28,PAYX,Paychex Inc,44,119.06,119.05999755859375,1.0000000205056803
VGT,2022-02-28,XPER,Xperi Holding Corp,238,17.32,,
VGT,2022-02-28,PLTR,Palantir Technologies Inc,75,11.85,11.850000381469727,0.9999999678084629
VGT,2022-02-28,UCTT,Ultra Clean Holdings Inc,229,45.81,45.810001373291016,0.9999999700220263
VGT,2022-02-28,WDAY,Workday Inc,39,229.05,229.0500030517578,0.999999986676456
VGT,2022-02-28,SNX,TD SYNNEX Corp,162,101.83,101.83000183105469,0.9999999820185146
VGT,2022-02-28,SLAB,Silicon Laboratories Inc,131,153.71,153.7100067138672,0.9999999563212095
VGT,2022-02-28,DOCU,DocuSign Inc,61,118.43,118.43000030517578,0.9999999974231548
VGT,2022-02-28,VERX,Vertex Inc,334,13.93,13.930000305175781,0.9999999780921913
VGT,2022-02-28,VRNS,Varonis Systems Inc,159,43.6,43.599998474121094,1.0000000349972238
VGT,2022-02-28,FSLR,First Solar Inc,126,75.29,75.29000091552734,0.9999999878399877
VGT,2022-02-28,PDFS,PDF Solutions Inc,294,27.360000000000003,27.360000610351562,0.9999999776918295
VGT,2022-02-28,ICHR,Ichor Holdings Ltd,283,35.230000000000004,35.22999954223633,1.000000012993576
VGT,2022-02-28,AGYS,Agilysys Inc,284,42.03,42.029998779296875,1.0000000290436155
VGT,2022-02-28,CMRC,BigCommerce Holdings Inc,280,25.9,25.899999618530273,1.000000014728561
VGT,2022-02-28,NTAP,NetApp Inc,80,78.38000000000001,78.37999725341797,1.0000000350418747
VGT,2022-02-28,ZS,Zscaler Inc,72,239.15,239.14999389648438,1.0000000255217052
VGT,2022-02-28,AEIS,Advanced Energy Industries Inc,190,85.85,85.8499984741211,1.0000000177737791
VGT,2022-02-28,OLED,Universal Display Corp,130,154.91,154.91000366210938,0.9999999763597619
VGT,2022-02-28,FIVN,Five9 Inc,122,110.0,110.0,1.0
VGT,2022-02-28,EVTC,EVERTEC Inc,217,40.36,40.36000061035156,0.9999999848773153
VGT,2022-02-28,ALKT,Alkami Technology Inc,346,15.76,15.760000228881836,0.999999985477041
VGT,2022-02-28,ONTO,Onto Innovation Inc,165,86.21,86.20999908447266,1.0000000106197349
VGT,2022-02-28,HCKT,Hackett Group Inc/The,320,20.72,20.719999313354492,1.0000000331392631
VGT,2022-02-28,U,Unity Software Inc,139,106.45,106.44999694824219,1.0000000286684632
VGT,2022-02-28,FLEX,Flex Ltd,119,16.490000000000002,16.490000094413755,0.9999999942744844
VGT,2022-02-28,AVGO,Broadcom Inc,6,587.44,587.4399948120117,1.0000000088315204
VGT,2022-02-28,JKHY,Jack Henry & Associates Inc,95,176.79999999999998,176.8000030517578,0.9999999827389267
VGT,2022-02-28,COHR,Coherent Inc,135,264.32,69.45999908447266,3.80535565050255
VGT,2022-02-28,MX,Magnachip Semiconductor Corp,298,18.2,18.200000762939453,0.9999999580802515
VGT,2022-02-28,VISN,CommScope Holding Co Inc,234,9.54,9.539999961853027,1.0000000039986343
VGT,2022-02-28,CSCO,Cisco Systems Inc/Delaware,7,55.77,55.77000045776367,0.9999999917919371
VGT,2022-02-28,SCSC,ScanSource Inc,286,31.58,31.579999923706055,1.0000000024158944
VGT,2022-02-28,IIIV,I3 Verticals Inc,314,26.4,26.399999618530273,1.000000014449611
VGT,2022-02-28,DBX,Dropbox Inc,127,22.69,22.690000534057617,0.9999999764628645
VGT,2022-02-28,PD,PagerDuty Inc,222,33.82,33.81999969482422,1.00000000902353
VGT,2022-02-28,ANET,Arista Networks Inc,54,122.73,122.7300033569336,0.9999999726478164
VGT,2022-02-28,TDC,Teradata Corp,141,49.99,49.9900016784668,0.9999999664239501
VGT,2022-02-28,INSG,Inseego Corp,337,4.71,4.709999847412109,1.0000000323965808
VGT,2022-02-28,SSNC,SS&C Technologies Holdings Inc,84,74.97,74.97000122070312,0.9999999837174456
VGT,2022-02-28,RNG,RingCentral Inc,105,130.84,130.83999633789062,1.0000000279892196
VGT,2022-02-28,CTSH,Cognizant Technology Solutions Corp,38,86.13,86.12999725341797,1.0000000318887974
VGT,2022-02-28,GWRE,Guidewire Software Inc,129,88.14999999999999,88.1500015258789,0.9999999826899729
VGT,2022-02-28,NTGR,NETGEAR Inc,295,26.61,26.610000610351562,0.999999977063076
VGT,2022-02-28,PAY,Paymentus Holdings Inc,347,23.04,23.040000915527344,0.9999999602635717
VGT,2022-02-28,MXL,MaxLinear Inc,163,61.349999999999994,61.349998474121094,1.0000000248717023
VGT,2022-02-28,CRSR,Corsair Gaming Inc,308,23.08,23.079999923706055,1.0000000033056302
VGT,2022-02-28,AKAM,Akamai Technologies Inc,79,108.26,108.26000213623047,0.9999999802675926
VGT,2022-02-28,ENTG,Entegris Inc,78,130.48000000000002,130.47999572753906,1.0000000327441838
VGT,2022-02-28,SPSC,SPS Commerce Inc,160,129.85,129.85000610351562,0.9999999529956461
VGT,2022-02-28,AMBA,Ambarella Inc,150,139.71,139.7100067138672,0.9999999519442642
VGT,2022-02-28,VIAV,Viavi Solutions Inc,178,16.4,16.399999618530273,1.0000000232603496
VGT,2022-02-28,GDYN,Grid Dynamics Holdings Inc,321,12.15,12.149999618530273,1.0000000313966864
VGT,2022-05-31,EXLS,ExlService Holdings Inc,149,142.19,142.18999862670898,1.0000000096581407
VGT,2022-05-31,OSIS,OSI Systems Inc,247,83.92,83.91999816894531,1.0000000218190506
VGT,2022-05-31,MVIS,MicroVision Inc,325,3.6,3.6,1.0
VGT,2022-05-31,TER,Teradyne Inc,68,109.26,109.26000213623047,0.999999980448193
VGT,2022-05-31,SNPS,Synopsys Inc,31,319.2,319.20001220703125,0.9999999617574223
VGT,2022-05-31,IT,Gartner Inc,58,262.4,262.3999938964844,1.0000000232603496
VGT,2022-05-31,WK,Workiva Inc,183,73.01,73.01000213623047,0.999999970740578
VGT,2022-05-31,ACLS,Axcelis Technologies Inc,214,62.06,62.060001373291016,0.99999997787156
VGT,2022-05-31,RMNI,Rimini Street Inc,331,6.180000000000001,6.179999828338623,1.0000000277769228
VGT,2022-05-31,BHE,Benchmark Electronics Inc,274,25.49,25.489999771118164,1.0000000089792795
VGT,2022-05-31,MTSI,MACOM Technology Solutions Holdings Inc,198,54.51,54.5099983215332,1.000000030791907
VGT,2022-05-31,CVLT,CommVault Systems Inc,201,61.01,61.0099983215332,1.0000000275113399
VGT,2022-05-31,DMRC,Digimarc Corp,336,17.259999999999998,17.260000228881836,0.9999999867391752
VGT,2022-05-31,ARW,Arrow Electronics Inc,107,120.65,120.6500015258789,0.999999987352848
VGT,2022-05-31,ALGM,Allegro MicroSystems Inc,237,25.75,25.75,1.0
VGT,2022-05-31,MDB,MongoDB Inc,87,237.15,237.14999389648438,1.000000025736942
VGT,2022-05-31,BFH,Bread Financial Holdings Inc,194,55.1,55.099998474121094,1.0000000276929029
VGT,2022-05-31,NSSC,Napco Security Technologies Inc,302,19.61,19.610000610351562,0.9999999688754949
VGT,2022-05-31,GDDY,GoDaddy Inc,93,75.05,75.05000305175781,0.9999999593370061
VGT,2022-05-31,INDI,indie Semiconductor Inc,329,7.69,7.690000057220459,0.9999999925591082
VGT,2022-05-31,CGNX,Cognex Corp,105,48.42,48.41999816894531,1.0000000378160834
VGT,2022-05-31,AAPL,Apple Inc,1,148.84,148.83999633789062,1.0000000246043366
VGT,2022-05-31,SNOW,Snowflake Inc,48,127.65,127.6500015258789,0.9999999880463856
VGT,2022-05-31,JBL,Jabil Inc,106,61.52,61.52000045776367,0.9999999925591082
VGT,2022-05-31,CXM,Sprinklr Inc,249,12.66,12.65999984741211,1.0000000120527561
VGT,2022-05-31,ADI,Analog Devices Inc,22,168.39999999999998,168.39999389648438,1.0000000362441557
VGT,2022-05-31,QTWO,Q2 Holdings Inc,184,52.73,52.72999954223633,1.0000000086812757
VGT,2022-05-31,CALX,Calix Inc,211,36.94,36.939998626708984,1.0000000371762605
VGT,2022-05-31,TTMI,TTM Technologies Inc,242,14.29,14.289999961853027,1.0000000026694873
VGT,2022-05-31,KD,Kyndryl Holdings Inc,220,12.34,12.34000015258789,0.999999987634693
VGT,2022-05-31,RBBN,Ribbon Communications Inc,327,2.8299999999999996,2.8299999237060547,1.000000026958992
VGT,2022-05-31,AMD,Advanced Micro Devices Inc,11,101.86,101.86000061035156,0.9999999940079368
VGT,2022-05-31,NSIT,Insight Enterprises Inc,175,98.82,98.81999969482422,1.0000000030881986
VGT,2022-05-31,SEDG,SolarEdge Technologies Inc,85,272.78999999999996,272.7900085449219,0.9999999686758252
VGT,2022-05-31,APH,Amphenol Corp,38,70.86,70.86000061035156,0.9999999913865149
VGT,2022-05-31,VECO,Veeco Instruments Inc,262,21.43,21.43000030517578,0.9999999857594131
VGT,2022-05-31,PRGS,Progress Software Corp,216,48.31,48.310001373291016,0.9999999715733601
VGT,2022-05-31,MSFT,Microsoft Corp,2,271.87,271.8699951171875,1.0000000179601007
VGT,2022-05-31,IPGP,IPG Photonics Corp,174,105.49,105.48999786376953,1.00000002025055
VGT,2022-05-31,NOW,ServiceNow Inc,21,467.47,467.4700164794922,0.9999999647474884
VGT,2022-05-31,LRCX,Lam Research Corp,24,520.03,520.0299835205078,1.000000031689504
VGT,2022-05-31,LITE,Lumentum Holdings Inc,131,86.08,86.08000183105469,0.9999999787284544
VGT,2022-05-31,DDD,3D Systems Corp,241,10.81,10.8100004196167,0.9999999611825455
VGT,2022-05-31,V,Visa Inc,4,212.17,212.1699981689453,1.00000000863013
VGT,2022-05-31,ESTC,Elastic NV,157,61.65,61.650001525878906,0.9999999752493289
VGT,2022-05-31,EPAM,EPAM Systems Inc,64,338.52000000000004,338.5199890136719,1.0000000324540013
VGT,2022-05-31,NET,Cloudflare Inc,82,56.0,56.0,1.0
VGT,2022-05-31,TRMB,Trimble Inc,72,68.05,68.05000305175781,0.9999999551541855
VGT,2022-05-31,PLUS,ePlus Inc,234,56.74,56.7400016784668,0.9999999704182808
VGT,2022-05-31,ADBE,Adobe Inc,7,416.48,416.4800109863281,0.9999999736209955
VGT,2022-05-31,AFRM,Affirm Holdings Inc,145,28.5,28.5,1.0
VGT,2022-05-31,ON,ON Semiconductor Corp,51,60.68,60.68000030517578,0.9999999949707353
VGT,2022-05-31,TLS,Telos Corp,348,9.63,9.630000114440918,0.9999999881162082
VGT,2022-05-31,INTU,Intuit Inc,17,414.46,414.4599914550781,1.0000000206170006
VGT,2022-05-31,AEVA,Aeva Technologies Inc,342,3.25,3.25,1.0
VGT,2022-05-31,OSPN,OneSpan Inc,308,13.23,13.229999542236328,1.0000000346004299
VGT,2022-05-31,AOSL,Alpha & Omega Semiconductor Ltd,277,43.93,43.93000030517578,0.999999993053135
VGT,2022-05-31,MARA,Marathon Digital Holdings Inc,275,10.23,10.229999542236328,1.000000044747184
VGT,2022-05-31,DBD,Diebold Nixdorf Inc,347,3.1100000000000003,,
VGT,2022-05-31,SWKS,Skyworks Solutions Inc,67,108.87,108.87000274658203,0.9999999747719118
VGT,2022-05-31,DLB,Dolby Laboratories Inc,139,77.62,77.62000274658203,0.9999999646150228
VGT,2022-05-31,NXPI,NXP Semiconductors NV,28,189.76,189.75999450683594,1.0000000289479565
VGT,2022-05-31,INTA,Intapp Inc,333,19.88,19.8799991607666,1.0000000422149613
VGT,2022-05-31,RIOT,Riot Blockchain Inc,298,7.1899999999999995,7.190000057220459,0.9999999920416608
VGT,2022-05-31,MRVL,Marvell Technology Inc,30,59.15,59.150001525878906,0.9999999742032313
VGT,2022-05-31,TWLO,Twilio Inc,69,105.17,105.16999816894531,1.000000017410428
VGT,2022-05-31,ADSK,Autodesk Inc,34,207.75,207.75,1.0
VGT,2022-05-31,KEYS,Keysight Technologies Inc,49,145.6,145.60000610351562,0.9999999580802515
VGT,2022-05-31,WEX,WEX Inc,111,170.28000000000003,170.27999877929688,1.0000000071687993
VGT,2022-05-31,ARLO,Arlo Technologies Inc,293,7.08,7.079999923706055,1.000000010775981
VGT,2022-05-31,CASS,Cass Information Systems Inc,317,34.120000000000005,34.119998931884766,1.000000031304668
VGT,2022-05-31,WDC,Western Digital Corp,63,60.69,60.69000064086914,0.9999999894402846
VGT,2022-05-31,ADP,Automatic Data Processing Inc,20,222.94,222.94000244140625,0.9999999890490435
VGT,2022-05-31,GEN,NortonLifeLock Inc,86,24.34,24.34000015258789,0.9999999937309824
VGT,2022-05-31,CTS,CTS Corp,255,40.67,40.66999816894531,1.0000000450222466
VGT,2022-05-31,PCTY,Paylocity Holding Corp,122,174.86,174.86000061035156,0.9999999965094845
VGT,2022-05-31,S,SentinelOne Inc,202,23.79,23.790000915527344,0.9999999615162963
VGT,2022-05-31,PATH,UiPath Inc,261,17.07,17.06999969482422,1.000000017877902
VGT,2022-05-31,PLXS,Plexus Corp,200,84.8,84.80000305175781,0.9999999640122912
VGT,2022-05-31,SPT,Sprout Social Inc,217,50.93000000000001,50.93000030517578,0.9999999940079369
VGT,2022-05-31,ORCL,Oracle Corp,16,71.91999999999999,71.91999816894531,1.000000025459604
VGT,2022-05-31,DELL,Dell Technologies Inc,84,49.940000000000005,49.939998626708984,1.0000000274988197
VGT,2022-05-31,ACMR,ACM Research Inc,296,15.159999999999998,15.15999984741211,1.0000000100651643
VGT,2022-05-31,INTC,Intel Corp,10,44.42,44.41999816894531,1.000000041221404
VGT,2022-05-31,MPWR,Monolithic Power Systems Inc,61,450.39,450.3900146484375,0.9999999674761051
VGT,2022-05-31,CMTL,Comtech Telecommunications Corp,323,12.51,12.510000228881836,0.9999999817040902
VGT,2022-05-31,CMBMF,Cambium Networks Corp,353,14.29,14.289999961853027,1.0000000026694873
VGT,2022-05-31,YOU,Clear Secure Inc,284,27.44,27.440000534057617,0.9999999805372592
VGT,2022-05-31,TYL,Tyler Technologies Inc,83,355.82000000000005,355.82000732421875,0.9999999794159448
VGT,2022-05-31,SABR,Sabre Corp,207,7.510000000000001,7.510000228881836,0.9999999695230588
VGT,2022-05-31,KE,Kimball Electronics Inc,312,19.01,19.010000228881836,0.9999999879599247
VGT,2022-05-31,ZBRA,Zebra Technologies Corp,66,338.19,338.19000244140625,0.9999999927809626
VGT,2022-05-31,RPAY,Repay Holdings Corp,253,12.45,12.449999809265137,1.0000000153200694
VGT,2022-05-31,NTNX,Nutanix Inc,172,16.2,16.200000762939453,0.9999999529049742
VGT,2022-05-31,KLIC,Kulicke & Soffa Industries Inc,169,54.17,54.16999816894531,1.0000000338020076
VGT,2022-05-31,CIEN,Ciena Corp,109,50.82,50.81999969482422,1.0000000060050331
VGT,2022-05-31,DGII,Digi International Inc,295,22.1,22.100000381469727,0.9999999827389268
VGT,2022-05-31,FFIV,F5 Inc,99,163.04,163.0399932861328,1.0000000411792656
VGT,2022-05-31,LTCH,Latch Inc,355,2.1999999999999997,2.200000047683716,0.9999999783255841
VGT,2022-05-31,PAR,PAR Technology Corp,252,37.580000000000005,37.58000183105469,0.9999999512758224
VGT,2022-05-31,SMCI,Super Micro Computer Inc,215,50.06,50.0600004196167,0.9999999916177249
VGT,2022-05-31,AMKR,Amkor Technology Inc,204,20.44,20.440000534057617,0.9999999738719373
VGT,2022-05-31,MANH,Manhattan Associates Inc,112,120.93,120.93000030517578,0.9999999974764262
VGT,2022-05-31,APPN,Appian Corp,229,47.77,47.77000045776367,0.9999999904173401
VGT,2022-05-31,MQ,Marqeta Inc,221,10.47,10.470000267028809,0.9999999744958165
VGT,2022-05-31,REKR,Rekor Systems Inc,345,2.67,2.6700000762939453,0.9999999714254895
VGT,2022-05-31,SYNA,Synaptics Inc,134,148.12,148.1199951171875,1.000000032965249
VGT,2022-05-31,IMXI,International Money Express Inc,297,20.619999999999997,20.6200008392334,0.9999999593000307
VGT,2022-05-31,VSAT,Viasat Inc,210,39.49,39.4900016784668,0.9999999574964111
VGT,2022-05-31,QRVO,Qorvo Inc,94,111.75,111.75,1.0
VGT,2022-05-31,RXT,Rackspace Technology Inc,314,9.23,9.229999542236328,1.0000000495952
VGT,2022-05-31,DDOG,Datadog Inc,59,95.39,95.38999938964844,1.000000006398486
VGT,2022-05-31,SANM,Sanmina Corp,188,43.89,43.88999938964844,1.0000000139063927
VGT,2022-05-31,OUST,Ouster Inc,352,2.2,2.2,1.0
VGT,2022-05-31,TEL,TE Connectivity Ltd,37,129.39,129.38999938964844,1.0000000047171462
VGT,2022-05-31,VNT,Vontier Corp,148,26.820000000000004,26.81999969482422,1.0000000113786647
VGT,2022-05-31,VYX,NCR Corp,151,34.69,34.69000131607056,0.9999999620619628
VGT,2022-05-31,DXC,DXC Technology Co,102,35.22,35.220001220703125,0.999999965340628
VGT,2022-05-31,HUBS,HubSpot Inc,78,337.69,337.69000244140625,0.9999999927702738
VGT,2022-05-31,TCX,Tucows Inc,319,48.42,48.41999816894531,1.0000000378160834
VGT,2022-05-31,MCHP,Microchip Technology Inc,40,72.65,72.6500015258789,0.9999999789968497
VGT,2022-05-31,NTCT,NetScout Systems Inc,199,34.33,34.33000183105469,0.9999999466631345
VGT,2022-05-31,QLYS,Qualys Inc,154,130.67999999999998,130.67999267578125,1.0000000560469784
VGT,2022-05-31,AEHR,Aehr Test Systems,349,8.38,8.380000114440918,0.9999999863435661
VGT,2022-05-31,FROG,JFrog Ltd,290,18.65,18.649999618530273,1.0000000204541413
VGT,2022-05-31,CLSK,Cleanspark Inc,337,5.89,5.889999866485596,1.0000000226679808
VGT,2022-05-31,MKSI,MKS Instruments Inc,117,123.5,123.5,1.0
VGT,2022-05-31,P,Pure Storage Inc,130,23.73,23.729999542236328,1.000000019290505
VGT,2022-05-31,DOCN,DigitalOcean Holdings Inc,243,48.85,48.849998474121094,1.0000000312360073
VGT,2022-05-31,SMTC,Semtech Corp,158,64.09,64.08999633789062,1.000000057140109
VGT,2022-05-31,TTD,Trade Desk Inc/The,57,52.05,52.04999923706055,1.0000000146578187
VGT,2022-05-31,RMBS,Rambus Inc,197,25.1,25.100000381469727,0.9999999848020033
VGT,2022-05-31,STX,Seagate Technology Holdings PLC,71,84.67,84.66999816894531,1.0000000216257792
VGT,2022-05-31,DT,Dynatrace Inc,115,37.67,37.66999816894531,1.0000000486077723
VGT,2022-05-31,SITM,SiTime Corp,189,213.0,213.0,1.0
VGT,2022-05-31,PYPL,PayPal Holdings Inc,19,85.21000000000001,85.20999908447266,1.0000000107443652
VGT,2022-05-31,WU,Western Union Co/The,114,18.139999999999997,18.139999389648438,1.0000000336467243
VGT,2022-05-31,ACIW,ACI Worldwide Inc,190,26.64,26.639999389648438,1.0000000229110952
VGT,2022-05-31,NABL,N-able Inc,309,10.0,10.0,1.0
VGT,2022-05-31,WOLF,Wolfspeed Inc,103,75.23,,
VGT,2022-05-31,VRRM,Verra Mobility Corp,212,15.95,15.949999809265137,1.0000000119582988
VGT,2022-05-31,BL,Blackline Inc,160,73.22,73.22000122070312,0.9999999833282832
VGT,2022-05-31,ATEN,A10 Networks Inc,276,15.410000000000002,15.40999984741211,1.000000009901875
VGT,2022-05-31,CDNS,Cadence Design Systems Inc,36,153.73,153.72999572753906,1.0000000277919798
VGT,2022-05-31,ROP,Roper Technologies Inc,33,442.44,442.44000244140625,0.9999999944819495
VGT,2022-05-31,LSCC,Lattice Semiconductor Corp,116,52.02,52.02000045776367,0.9999999912002371
VGT,2022-05-31,FORM,FormFactor Inc,177,41.06,41.060001373291016,0.9999999665540437
VGT,2022-05-31,ZM,Zoom Video Communications Inc,55,107.45,107.44999694824219,1.0000000284016557
VGT,2022-05-31,CPAY,FleetCor Technologies Inc,62,248.80999999999997,248.80999755859375,1.0000000098123316
VGT,2022-05-31,TASK,TaskUS Inc,299,24.58,24.579999923706055,1.0000000031039034
VGT,2022-05-31,MMS,Maximus Inc,159,64.89,64.88999938964844,1.0000000094059418
VGT,2022-05-31,BMI,Badger Meter Inc,206,79.14,79.13999938964844,1.000000007712302
VGT,2022-05-31,HPE,Hewlett Packard Enterprise Co,60,15.6,15.600000381469727,0.999999975546813
VGT,2022-05-31,CEVA,CEVA Inc,280,36.07,36.06999969482422,1.0000000084606537
VGT,2022-05-31,FISV,Fiserv Inc,26,100.18,100.18000030517578,0.9999999969537255
VGT,2022-05-31,BSY,Bentley Systems Inc,132,34.379999999999995,34.380001068115234,0.9999999689320767
VGT,2022-05-31,FIS,Fidelity National Information Services Inc,25,104.5,104.5,1.0
VGT,2022-05-31,FTNT,Fortinet Inc,39,294.14,294.1399955749512,1.000000015044023
VGT,2022-05-31,ASAN,Asana Inc,239,21.74,21.739999771118164,1.0000000105281435
VGT,2022-05-31,CRNC,Cerence Inc,266,31.76,31.760000228881836,0.9999999927933931
VGT,2022-05-31,ITRI,Itron Inc,196,51.61,51.61000061035156,0.9999999881737733
VGT,2022-05-31,RPD,Rapid7 Inc,165,70.86999999999999,70.87000274658203,0.9999999612447872
VGT,2022-05-31,ENPH,Enphase Energy Inc,52,186.19,186.19000244140625,0.9999999868875545
VGT,2022-05-31,PAYO,Payoneer Global Inc,289,5.01,5.010000228881836,0.9999999543150049
VGT,2022-05-31,VRSN,VeriSign Inc,70,174.55,174.5500030517578,0.9999999825164265
VGT,2022-05-31,HUCK,Domo Inc,267,31.88,31.8799991607666,1.0000000263247621
VGT,2022-05-31,AMPL,Amplitude Inc,306,18.84,18.84000015258789,0.9999999919008551
VGT,2022-05-31,MEI,Methode Electronics Inc,225,45.05,45.04999923706055,1.000000016935393
VGT,2022-05-31,DIOD,Diodes Inc,171,77.01,77.01000213623047,0.9999999722603505
VGT,2022-05-31,UIS,Unisys Corp,287,11.93,11.930000305175781,0.9999999744194658
VGT,2022-05-31,EGHT,8x8 Inc,303,7.25,7.25,1.0
VGT,2022-05-31,QCOM,QUALCOMM Inc,13,143.22,143.22000122070312,0.9999999914767274
VGT,2022-05-31,FSLY,Fastly Inc,256,13.05,13.050000190734863,0.9999999853843019
VGT,2022-05-31,NOVT,Novanta Inc,153,122.96,122.95999908447266,1.0000000074457331
VGT,2022-05-31,TXN,Texas Instruments Inc,12,176.76,176.75999450683594,1.0000000310769643
VGT,2022-05-31,ROG,Rogers Corp,144,265.38,265.3800048828125,0.9999999816006767
VGT,2022-05-31,BILL,Bill.com Holdings Inc,101,118.24,118.23999786376953,1.000000018066902
VGT,2022-05-31,BR,Broadridge Financial Solutions Inc,73,146.22,146.22000122070312,0.9999999916515996
VGT,2022-05-31,LASR,nLight Inc,304,12.27,12.270000457763672,0.9999999626924486
VGT,2022-05-31,POWI,Power Integrations Inc,138,84.38,84.37999725341797,1.0000000325501555
VGT,2022-05-31,BOX,Box Inc,162,26.11,26.110000610351562,0.9999999766238395
VGT,2022-05-31,YEXT,Yext Inc,310,5.08,5.079999923706055,1.0000000150184933
VGT,2022-05-31,CRM,Salesforce Inc,14,160.23999999999998,160.24000549316406,0.999999965719147
VGT,2022-05-31,RAMP,LiveRamp Holdings Inc,223,25.6,25.600000381469727,0.999999985098839
VGT,2022-05-31,XRX,Xerox Holdings Corp,185,18.82,18.81999969482422,1.000000016215504
VGT,2022-05-31,ADTN,ADTRAN Inc,268,18.53,18.530000686645508,0.9999999629441186
VGT,2022-05-31,OKTA,Okta Inc,95,83.05,83.05000305175781,0.9999999632539711
VGT,2022-05-31,FOUR,Shift4 Payments Inc,213,45.65,45.650001525878906,0.9999999665743953
VGT,2022-05-31,MSTR,MicroStrategy Inc,209,264.69,264.689998626709,1.0000000051882996
VGT,2022-05-31,TDY,Teledyne Technologies Inc,65,405.15,405.1499938964844,1.0000000150648296
VGT,2022-05-31,CCSI,Consensus Cloud Solutions Inc,292,48.03,48.029998779296875,1.000000025415431
VGT,2022-05-31,XYZ,Block Inc,35,87.51,87.51000213623047,0.999999975588728
VGT,2022-05-31,ACN,Accenture PLC,9,298.46,298.4599914550781,1.0000000286300412
VGT,2022-05-31,CRUS,Cirrus Logic Inc,150,81.54,81.54000091552734,0.9999999887720465
VGT,2022-05-31,CNXN,PC Connection Inc,328,44.709999999999994,44.709999084472656,1.0000000204770154
VGT,2022-05-31,BLKB,Blackbaud Inc,191,63.650000000000006,63.650001525878906,0.9999999760270406
VGT,2022-05-31,TTEC,TTEC Holdings Inc,245,67.44,67.44000244140625,0.999999963798841
VGT,2022-05-31,PEGA,Pegasystems Inc,219,49.54,49.540000915527344,0.9999999815194323
VGT,2022-05-31,PANW,Palo Alto Networks Inc,29,502.78,502.78001403808594,0.9999999720790692
VGT,2022-05-31,AVT,Avnet Inc,141,48.45,48.45000076293945,0.9999999842530559
VGT,2022-05-31,MITK,Mitek Systems Inc,324,9.02,9.020000457763672,0.9999999492501498
VGT,2022-05-31,PAYC,Paycom Software Inc,81,284.34,284.3399963378906,1.0000000128793325
VGT,2022-05-31,COHU,Cohu Inc,232,30.429999999999996,30.43000030517578,0.9999999899712197
VGT,2022-05-31,TENB,Tenable Holdings Inc,164,50.3,50.29999923706055,1.0000000151677826
VGT,2022-05-31,ALRM,Alarm.com Holdings Inc,182,63.23,63.22999954223633,1.0000000072396595
VGT,2022-05-31,VSH,Vishay Intertechnology Inc,186,20.44,20.440000534057617,0.9999999738719373
VGT,2022-05-31,KLAC,KLA Corp,27,364.85,364.8500061035156,0.9999999832711649
VGT,2022-05-31,PLAB,Photronics Inc,244,21.74,21.739999771118164,1.0000000105281435
VGT,2022-05-31,HLIT,Harmonic Inc,265,9.63,9.630000114440918,0.9999999881162082
VGT,2022-05-31,UPLD,Upland Software Inc,316,13.18,13.180000305175781,0.9999999768455407
VGT,2022-05-31,CDW,CDW Corp/DE,54,169.86,169.86000061035156,0.9999999964067376
VGT,2022-05-31,FN,Fabrinet,179,86.87,86.87000274658203,0.9999999683828487
VGT,2022-05-31,KN,Knowles Corp,231,19.22,19.219999313354492,1.000000035725574
VGT,2022-05-31,HPQ,HP Inc,32,38.84,38.84000015258789,0.9999999960713727
VGT,2022-05-31,PI,Impinj Inc,282,46.809999999999995,46.810001373291016,0.9999999706624444
VGT,2022-05-31,CRWD,Crowdstrike Holdings Inc,45,159.99,159.99000549316406,0.9999999656655799
VGT,2022-05-31,IBM,International Business Machines Corp,15,138.84,138.83999633789062,1.0000000263764728
VGT,2022-05-31,MAPS,WM Technology Inc,320,5.65,5.650000095367432,0.999999983120809
VGT,2022-05-31,EXTR,Extreme Networks Inc,251,9.92,9.920000076293945,0.9999999923090781
VGT,2022-05-31,CNXC,Concentrix Corp,118,154.89,154.88999938964844,1.0000000039405486
VGT,2022-05-31,GLW,Corning Inc,47,35.82,35.81999969482422,1.0000000085197036
VGT,2022-05-31,GPN,Global Payments Inc,43,131.04,131.0399932861328,1.0000000512352527
VGT,2022-05-31,NCNO,nCino Inc,263,32.67,32.66999816894531,1.0000000560469786
VGT,2022-05-31,APPS,Digital Turbine Inc,203,25.43,25.43000030517578,0.9999999879993795
VGT,2022-05-31,CNDT,Conduent Inc,271,5.300000000000001,5.300000190734863,0.9999999640122914
VGT,2022-05-31,MU,Micron Technology Inc,23,73.84,73.83999633789062,1.0000000495952
VGT,2022-05-31,PTC,PTC Inc,90,116.53,116.52999877929688,1.000000010475441
VGT,2022-05-31,MSI,Motorola Solutions Inc,44,219.74,219.74000549316406,0.9999999750015295
VGT,2022-05-31,BDC,Belden Inc,195,57.58,57.58000183105469,0.9999999681998154
VGT,2022-05-31,AMAT,Applied Materials Inc,18,117.29,117.29000091552734,0.9999999921943274
VGT,2022-05-31,AI,C3.ai Inc,259,18.92,18.920000076293945,0.9999999959675505
VGT,2022-05-31,FICO,Fair Isaac Corp,96,409.5499999999999,409.54998779296875,1.0000000298059615
VGT,2022-05-31,NVDA,NVIDIA Corp,3,186.72,186.72000885009766,0.999999952602307
VGT,2022-05-31,APPF,Appfolio Inc,224,100.18,100.18000030517578,0.9999999969537255
VGT,2022-05-31,MASS,908 Devices Inc,334,13.92,13.920000076293945,0.9999999945191131
VGT,2022-05-31,IDCC,InterDigital Inc,218,65.28999999999999,65.29000091552734,0.9999999859775258
VGT,2022-05-31,EEFT,Euronet Worldwide Inc,128,121.16,121.16000366210938,0.9999999697746016
VGT,2022-05-31,LFUS,Littelfuse Inc,120,270.2,270.20001220703125,0.9999999548222401
VGT,2022-05-31,MA,Mastercard Inc,5,357.87,357.8699951171875,1.0000000136440959
VGT,2022-05-31,FRSH,Freshworks Inc,322,15.76,15.760000228881836,0.999999985477041
VGT,2022-05-31,PAYX,Paychex Inc,41,123.83,123.83000183105469,0.9999999852131579
VGT,2022-05-31,XPER,Xperi Holding Corp,226,16.46,,
VGT,2022-05-31,PLTR,Palantir Technologies Inc,88,8.68,8.680000305175781,0.9999999648415011
VGT,2022-05-31,UCTT,Ultra Clean Holdings Inc,233,33.559999999999995,33.560001373291016,0.9999999590795303
VGT,2022-05-31,WDAY,Workday Inc,46,156.3,156.3000030517578,0.9999999804749985
VGT,2022-05-31,SNX,TD SYNNEX Corp,152,103.85,103.8499984741211,1.0000000146931047
VGT,2022-05-31,SLAB,Silicon Laboratories Inc,127,149.16,149.16000366210938,0.9999999754484494
VGT,2022-05-31,DOCU,DocuSign Inc,76,83.91,83.91000366210938,0.999999956356701
VGT,2022-05-31,VERX,Vertex Inc,330,11.06,11.0600004196167,0.9999999620599744
VGT,2022-05-31,VRNS,Varonis Systems Inc,168,33.07,33.06999969482422,1.0000000092281762
VGT,2022-05-31,FSLR,First Solar Inc,119,70.61,70.61000061035156,0.9999999913560181
VGT,2022-05-31,PDFS,PDF Solutions Inc,300,23.9,23.899999618530273,1.0000000159610767
VGT,2022-05-31,ICHR,Ichor Holdings Ltd,273,30.24,30.239999771118164,1.0000000075688438
VGT,2022-05-31,AGYS,Agilysys Inc,264,40.87,40.869998931884766,1.000000026134457
VGT,2022-05-31,CMRC,BigCommerce Holdings Inc,291,18.53,18.530000686645508,0.9999999629441186
VGT,2022-05-31,NTAP,NetApp Inc,77,71.95,71.94999694824219,1.0000000424149817
VGT,2022-05-31,ZS,Zscaler Inc,91,153.09,153.08999633789062,1.0000000239212847
VGT,2022-05-31,AEIS,Advanced Energy Industries Inc,180,81.46,81.45999908447266,1.0000000112389804
VGT,2022-05-31,OLED,Universal Display Corp,135,126.31,126.30999755859375,1.0000000193286858
VGT,2022-05-31,FIVN,Five9 Inc,123,96.71,96.70999908447266,1.0000000094667287
VGT,2022-05-31,EVTC,EVERTEC Inc,205,37.94,37.939998626708984,1.0000000361963908
VGT,2022-05-31,ALKT,Alkami Technology Inc,346,14.05,14.050000190734863,0.9999999864245651
VGT,2022-05-31,ONTO,Onto Innovation Inc,161,80.38,80.37999725341797,1.000000034169969
VGT,2022-05-31,HCKT,Hackett Group Inc/The,332,20.49,20.489999771118164,1.0000000111704166
VGT,2022-05-31,U,Unity Software Inc,208,39.97,39.970001220703125,0.9999999694595174
VGT,2022-05-31,FLEX,Flex Ltd,108,17.07,17.069999435424805,1.0000000330741192
VGT,2022-05-31,AVGO,Broadcom Inc,6,580.13,580.1300048828125,0.9999999915832444
VGT,2022-05-31,JKHY,Jack Henry & Associates Inc,89,188.12,188.1199951171875,1.0000000259558401
VGT,2022-05-31,COHR,Coherent Inc,124,270.96000000000004,62.5,4.3353600000000005
VGT,2022-05-31,MX,Magnachip Semiconductor Corp,278,19.5,19.5,1.0
VGT,2022-05-31,VISN,CommScope Holding Co Inc,228,7.510000000000001,7.510000228881836,0.9999999695230588
VGT,2022-05-31,CSCO,Cisco Systems Inc,8,45.05,45.04999923706055,1.000000016935393
VGT,2022-05-31,SCSC,ScanSource Inc,270,38.74,38.7400016784668,0.9999999566735487
VGT,2022-05-31,IIIV,I3 Verticals Inc,294,23.32,23.31999969482422,1.0000000130864402
VGT,2022-05-31,DBX,Dropbox Inc,126,20.84,20.84000015258789,0.9999999926781243
VGT,2022-05-31,PD,PagerDuty Inc,227,24.65,24.649999618530273,1.0000000154754454
VGT,2022-05-31,ANET,Arista Networks Inc,53,102.28,102.27999877929688,1.0000000119349153
VGT,2022-05-31,TDC,Teradata Corp,156,38.43,38.43000030517578,0.9999999920589181
VGT,2022-05-31,INSG,Inseego Corp,344,2.06,2.0600000381469727,0.9999999814820524
VGT,2022-05-31,SSNC,SS&C Technologies Holdings Inc,80,63.99,63.9900016784668,0.9999999737698586
VGT,2022-05-31,RNG,RingCentral Inc,143,63.14,63.13999938964844,1.0000000096666388
VGT,2022-05-31,CTSH,Cognizant Technology Solutions Corp,42,74.69999999999999,74.69999694824219,1.0000000408535197
VGT,2022-05-31,GWRE,Guidewire Software Inc,129,79.94,79.94000244140625,0.9999999694595174
VGT,2022-05-31,NTGR,NETGEAR Inc,301,19.05,19.049999237060547,1.0000000400493168
VGT,2022-05-31,PAY,Paymentus Holdings Inc,335,15.19,15.1899995803833,1.0000000276245367
VGT,2022-05-31,MXL,MaxLinear Inc,187,39.59,39.59000015258789,0.9999999961457973
VGT,2022-05-31,CRSR,Corsair Gaming Inc,313,16.05,16.049999237060547,1.0000000475351707
VGT,2022-05-31,AKAM,Akamai Technologies Inc,75,101.04,101.04000091552734,0.9999999909389615
VGT,2022-05-31,ENTG,Entegris Inc,79,110.96,110.95999908447266,1.0000000082509675
VGT,2022-05-31,SPSC,SPS Commerce Inc,163,107.04,107.04000091552734,0.9999999914468672
VGT,2022-05-31,AMBA,Ambarella Inc,178,85.22,85.22000122070312,0.9999999856758612
VGT,2022-05-31,VIAV,Viavi Solutions Inc,170,14.47,14.470000267028809,0.9999999815460399
VGT,2022-05-31,GDYN,Grid Dynamics Holdings Inc,283,18.01,18.010000228881836,0.999999987291403
VGT,2022-08-31,EXLS,ExlService Holdings Inc,131,167.70999999999998,167.70999908447266,1.0000000054589906
VGT,2022-08-31,OSIS,OSI Systems Inc,239,83.32,83.31999969482422,1.0000000036626953
VGT,2022-08-31,MVIS,MicroVision Inc,292,4.84,4.83999989827474,1.000000021017616
VGT,2022-08-31,VERI,Veritone Inc,356,7.35,7.349999904632568,1.000000012975161
VGT,2022-08-31,MIR,Mirion Technologies Inc,268,7.57,7.570000171661377,0.9999999773234646
VGT,2022-08-31,TER,Teradyne Inc,84,84.64,84.63999938964844,1.000000007211148
VGT,2022-08-31,SNPS,Synopsys Inc,28,346.02,346.0199890136719,1.000000031750559
VGT,2022-08-31,IT,Gartner Inc,57,285.32,285.32000732421875,0.9999999743298101
VGT,2022-08-31,WK,Workiva Inc,173,67.89,67.88999938964844,1.0000000089903014
VGT,2022-08-31,ACLS,Axcelis Technologies Inc,203,66.94,66.94000244140625,0.9999999635284409
VGT,2022-08-31,RMNI,Rimini Street Inc,347,5.04,5.039999961853027,1.0000000075688438
VGT,2022-08-31,BHE,Benchmark Electronics Inc,270,27.45,27.450000762939453,0.9999999722062137
VGT,2022-08-31,MTSI,MACOM Technology Solutions Holdings Inc,187,55.15,55.150001525878906,0.9999999723322055
VGT,2022-08-31,CVLT,CommVault Systems Inc,208,54.29,54.290000915527344,0.9999999831363542
VGT,2022-08-31,DMRC,Digimarc Corp,351,17.82,17.81999969482422,1.000000017125465
VGT,2022-08-31,ARW,Arrow Electronics Inc,116,104.81,104.80999755859375,1.000000023293639
VGT,2022-08-31,ALGM,Allegro MicroSystems Inc,233,23.32,23.31999969482422,1.0000000130864402
VGT,2022-08-31,MDB,MongoDB Inc,60,322.86,322.8599853515625,1.0000000453708673
VGT,2022-08-31,BFH,Bread Financial Holdings Inc,374,38.43,38.43000030517578,0.9999999920589181
VGT,2022-08-31,NSSC,Napco Security Technologies Inc,276,29.66,29.65999984741211,1.000000005144568
VGT,2022-08-31,GDDY,GoDaddy Inc,93,75.82,75.81999969482422,1.0000000040250037
VGT,2022-08-31,LAW,CS Disco Inc,359,13.8,13.800000190734863,0.9999999861786334
VGT,2022-08-31,INDI,indie Semiconductor Inc,315,8.51,8.510000228881836,0.9999999731043678
VGT,2022-08-31,CGNX,Cognex Corp,115,42.11,42.11000061035156,0.9999999855057812
VGT,2022-08-31,AAPL,Apple Inc,1,157.22,157.22000122070312,0.9999999922357008
VGT,2022-08-31,SNOW,Snowflake Inc,39,180.95,180.9499969482422,1.0000000168651995
VGT,2022-08-31,JBL,Jabil Inc,108,60.3,60.29999923706055,1.0000000126523958
VGT,2022-08-31,CXM,Sprinklr Inc,309,11.86,11.859999656677246,1.0000000289479565
VGT,2022-08-31,ADI,Analog Devices Inc,22,151.53,151.52999877929688,1.0000000080558513
VGT,2022-08-31,QTWO,Q2 Holdings Inc,200,39.72,39.720001220703125,0.9999999692672938
VGT,2022-08-31,CALX,Calix Inc,164,58.85,58.849998474121094,1.0000000259282744
VGT,2022-08-31,TTMI,TTM Technologies Inc,232,15.73,15.729999542236328,1.0000000291013151
VGT,2022-08-31,KD,Kyndryl Holdings Inc,222,10.42,10.420000076293945,0.9999999926781243
VGT,2022-08-31,RBBN,Ribbon Communications Inc,349,3.51,3.509999990463257,1.0000000027170208
VGT,2022-08-31,PCOR,Procore Technologies Inc,238,54.6,54.599998474121094,1.000000027946501
VGT,2022-08-31,AMD,Advanced Micro Devices Inc,13,84.87,84.87000274658203,0.9999999676377761
VGT,2022-08-31,NSIT,Insight Enterprises Inc,171,91.12,91.12000274658203,0.9999999698575291
VGT,2022-08-31,SEDG,SolarEdge Technologies Inc,77,275.97,275.9700012207031,0.999999995576682
VGT,2022-08-31,APH,Amphenol Corp,32,73.53,73.52999877929688,1.00000001660143
VGT,2022-08-31,VECO,Veeco Instruments Inc,258,21.14,21.139999389648438,1.0000000288718818
VGT,2022-08-31,PRGS,Progress Software Corp,212,48.13,48.130001068115234,0.999999977807704
VGT,2022-08-31,MSFT,Microsoft Corp,2,261.47,261.4700012207031,0.9999999953313837
VGT,2022-08-31,IPGP,IPG Photonics Corp,167,90.59,90.58999633789062,1.0000000404250968
VGT,2022-08-31,NOW,ServiceNow Inc,20,434.62,434.6200180053711,0.9999999585721542
VGT,2022-08-31,LRCX,Lam Research Corp,25,437.91,437.9100036621094,0.9999999916373015
VGT,2022-08-31,LITE,Lumentum Holdings Inc,124,83.55,83.55000305175781,0.9999999634738754
VGT,2022-08-31,DDD,3D Systems Corp,248,10.13,10.130000114440918,0.9999999887027724
VGT,2022-08-31,V,Visa Inc,4,198.71,198.7100067138672,0.9999999662127373
VGT,2022-08-31,ESTC,Elastic NV,120,83.91,83.91000366210938,0.999999956356701
VGT,2022-08-31,EPAM,EPAM Systems Inc,55,426.5,426.5,1.0
VGT,2022-08-31,NET,Cloudflare Inc,73,62.56999999999999,62.56999969482422,1.0000000048773499
VGT,2022-08-31,TRMB,Trimble Inc,72,63.25,63.25,1.0
VGT,2022-08-31,PLUS,ePlus Inc,249,47.120000000000005,47.119998931884766,1.000000022667981
VGT,2022-08-31,SMRT,SmartRent Inc,345,3.23,3.2300000190734863,0.9999999940948959
VGT,2022-08-31,ADBE,Adobe Inc,9,373.44,373.44000244140625,0.9999999934623869
VGT,2022-08-31,AFRM,Affirm Holdings Inc,143,23.43,23.43000030517578,0.9999999869749988
VGT,2022-08-31,ON,ON Semiconductor Corp,50,68.77,68.7699966430664,1.000000048813927
VGT,2022-08-31,TLS,Telos Corp,346,9.9,9.899999618530273,1.0000000385322971
VGT,2022-08-31,INTU,Intuit Inc,16,431.78,431.7799987792969,1.0000000028271414
VGT,2022-08-31,AEVA,Aeva Technologies Inc,343,3.0799999999999996,3.0799999237060547,1.0000000247707619
VGT,2022-08-31,OSPN,OneSpan Inc,339,11.51,11.510000228881836,0.9999999801145237
VGT,2022-08-31,AOSL,Alpha & Omega Semiconductor Ltd,283,38.66,38.65999984741211,1.000000003946919
VGT,2022-08-31,MARA,Marathon Digital Holdings Inc,256,11.85,11.850000381469727,0.9999999678084629
VGT,2022-08-31,DV,DoubleVerify Holdings Inc,260,25.85,25.850000381469727,0.9999999852429509
VGT,2022-08-31,SWKS,Skyworks Solutions Inc,69,98.55,98.55000305175781,0.9999999690334072
VGT,2022-08-31,DLB,Dolby Laboratories Inc,136,73.24,73.23999786376953,1.0000000291675386
VGT,2022-08-31,NXPI,NXP Semiconductors NV,33,164.58,164.5800018310547,0.9999999888743794
VGT,2022-08-31,INTA,Intapp Inc,361,14.49,14.489999771118164,1.0000000157958482
VGT,2022-08-31,RIOT,Riot Blockchain Inc,289,7.17,7.170000076293945,0.9999999893592825
VGT,2022-08-31,MRVL,Marvell Technology Inc,38,46.82,46.81999969482422,1.0000000065180645
VGT,2022-08-31,TWLO,Twilio Inc,95,69.58,69.58000183105469,0.9999999736841817
VGT,2022-08-31,BRZE,Braze Inc,290,41.18,41.18000030517578,0.9999999925892235
VGT,2022-08-31,ADSK,Autodesk Inc,31,201.74,201.74000549316406,0.9999999727710721
VGT,2022-08-31,KEYS,Keysight Technologies Inc,49,163.89,163.88999938964844,1.0000000037241537
VGT,2022-08-31,WEX,WEX Inc,118,154.25,154.25,1.0
VGT,2022-08-31,ARLO,Arlo Technologies Inc,325,6.09,6.090000152587891,0.9999999749445178
VGT,2022-08-31,CASS,Cass Information Systems Inc,327,36.68,36.68000030517578,0.9999999916800496
VGT,2022-08-31,GTLB,Gitlab Inc,207,59.87,59.869998931884766,1.0000000178405755
VGT,2022-08-31,WDC,Western Digital Corp,87,42.260000000000005,42.25999956893921,1.0000000102002082
VGT,2022-08-31,ADP,Automatic Data Processing Inc,19,244.41,244.41000366210938,0.9999999850165324
VGT,2022-08-31,GEN,NortonLifeLock Inc,88,22.59,22.59000015258789,0.9999999932453347
VGT,2022-08-31,CTS,CTS Corp,242,42.32,42.31999969482422,1.000000007211148
VGT,2022-08-31,PCTY,Paylocity Holding Corp,102,241.0,241.0,1.0
VGT,2022-08-31,S,SentinelOne Inc,194,27.31,27.309999465942383,1.0000000195553873
VGT,2022-08-31,EXFY,Expensify Inc,354,18.13,18.1299991607666,1.000000046289765
VGT,2022-08-31,PATH,UiPath Inc,201,16.45,16.450000762939453,0.999999953620704
VGT,2022-08-31,PLXS,Plexus Corp,189,93.73,93.7300033569336,0.9999999641850691
VGT,2022-08-31,SPT,Sprout Social Inc,185,60.04,60.040000915527344,0.9999999847513769
VGT,2022-08-31,ORCL,Oracle Corp,15,74.15,74.1500015258789,0.999999979421728
VGT,2022-08-31,DELL,Dell Technologies Inc,98,38.29,38.290000915527344,0.9999999760896494
VGT,2022-08-31,ACMR,ACM Research Inc,301,16.89,16.889999389648438,1.000000036136861
VGT,2022-08-31,INTC,Intel Corp,14,31.92,31.920000076293945,0.9999999976098388
VGT,2022-08-31,MPWR,Monolithic Power Systems Inc,61,453.18,453.17999267578125,1.0000000161618317
VGT,2022-08-31,YOU,Clear Secure Inc,305,22.94,22.940000534057617,0.9999999767193721
VGT,2022-08-31,TYL,Tyler Technologies Inc,74,371.5100000000001,371.510009765625,0.9999999737136964
VGT,2022-08-31,CIFR,Cipher Mining Inc,369,2.01,2.009999990463257,1.0000000047446482
VGT,2022-08-31,SABR,Sabre Corp,206,7.1899999999999995,7.190000057220459,0.9999999920416608
VGT,2022-08-31,ZBRA,Zebra Technologies Corp,71,301.64000000000004,301.6400146484375,0.9999999514373533
VGT,2022-08-31,RPAY,Repay Holdings Corp,296,9.29,9.289999961853027,1.0000000041062402
VGT,2022-08-31,APP,AppLovin Corp,180,24.63,24.6299991607666,1.0000000340736268
VGT,2022-08-31,NTNX,Nutanix Inc,158,17.3,17.299999237060547,1.0000000441005483
VGT,2022-08-31,KLIC,Kulicke & Soffa Industries Inc,191,42.04,42.040000915527344,0.9999999782224709
VGT,2022-08-31,CIEN,Ciena Corp,112,50.74,50.7400016784668,0.9999999669202456
VGT,2022-08-31,DGII,Digi International Inc,255,33.11,33.11000061035156,0.9999999815659453
VGT,2022-08-31,FFIV,F5 Inc,101,157.06,157.05999755859375,1.000000015544418
VGT,2022-08-31,LTCH,Latch Inc,371,1.07,1.0700000524520874,0.99999995097936
VGT,2022-08-31,PAR,PAR Technology Corp,274,35.199999999999996,35.20000076293945,0.9999999783255841
VGT,2022-08-31,IOT,Samsara Inc,273,14.87,14.869999885559082,1.000000007696094
VGT,2022-08-31,SMCI,Super Micro Computer Inc,175,65.08,65.07999897003174,1.0000000158261875
VGT,2022-08-31,ADTN,ADTRAN Holdings Inc,226,23.24,23.239999771118164,1.0000000098486161
VGT,2022-08-31,AMKR,Amkor Technology Inc,204,20.13,20.1299991607666,1.0000000416906822
VGT,2022-08-31,MANH,Manhattan Associates Inc,105,141.26000000000002,141.25999450683594,1.0000000388869057
VGT,2022-08-31,APPN,Appian Corp,229,46.9,46.900001525878906,0.9999999674652695
VGT,2022-08-31,MQ,Marqeta Inc,182,7.79,7.789999961853027,1.0000000048969155
VGT,2022-08-31,SYNA,Synaptics Inc,140,115.61,115.61000061035156,0.9999999947205989
VGT,2022-08-31,IMXI,International Money Express Inc,300,22.4,22.399999618530273,1.0000000170298988
VGT,2022-08-31,VSAT,Viasat Inc,213,37.98,37.97999954223633,1.0000000120527561
VGT,2022-08-31,QRVO,Qorvo Inc,100,89.78,89.77999877929688,1.0000000135966043
VGT,2022-08-31,RXT,Rackspace Technology Inc,355,4.46,4.460000038146973,0.9999999914468671
VGT,2022-08-31,ZETA,Zeta Global Holdings Corp,357,7.0,7.0,1.0
VGT,2022-08-31,FCUV,Focus Universal Inc,360,10.75,10.750000305175783,0.9999999716115558
VGT,2022-08-31,DDOG,Datadog Inc,56,104.95,104.94999694824219,1.0000000290782078
VGT,2022-08-31,SANM,Sanmina Corp,174,48.52,48.52000045776367,0.9999999905654645
VGT,2022-08-31,OUST,Ouster Inc,368,1.5,1.5,1.0
VGT,2022-08-31,TEL,TE Connectivity Ltd,35,126.21,126.20999908447266,1.000000007254
VGT,2022-08-31,VNT,Vontier Corp,160,21.92,21.920000076293945,0.9999999965194369
VGT,2022-08-31,VYX,NCR Corp,151,31.05,31.050000228881835,0.9999999926286044
VGT,2022-08-31,WULF,Terawulf Inc,373,1.49,1.4900000095367432,0.9999999935995013
VGT,2022-08-31,DXC,DXC Technology Co,123,24.78,24.780000686645508,0.9999999722903354
VGT,2022-08-31,HUBS,HubSpot Inc,75,337.03999999999996,337.0400085449219,0.9999999746471585
VGT,2022-08-31,TCX,Tucows Inc,329,46.989999999999995,46.9900016784668,0.9999999642803418
VGT,2022-08-31,MCHP,Microchip Technology Inc,41,65.25,65.25,1.0
VGT,2022-08-31,NTCT,NetScout Systems Inc,197,31.74,31.739999771118164,1.000000007211148
VGT,2022-08-31,QLYS,Qualys Inc,133,151.9,151.89999389648438,1.0000000401811446
VGT,2022-08-31,FROG,JFrog Ltd,263,21.15,21.149999618530273,1.000000018036394
VGT,2022-08-31,MKSI,MKS Instruments Inc,125,99.61,99.61000061035156,0.9999999938725875
VGT,2022-08-31,P,Pure Storage Inc,111,28.97,28.969999313354492,1.000000023701951
VGT,2022-08-31,DOCN,DigitalOcean Holdings Inc,216,42.09,42.09000015258789,0.9999999963747235
VGT,2022-08-31,SMTC,Semtech Corp,176,46.190000000000005,46.189998626708984,1.00000002973135
VGT,2022-08-31,TTD,Trade Desk Inc/The,52,62.7,62.70000076293945,0.9999999878319068
VGT,2022-08-31,RMBS,Rambus Inc,183,25.79,25.790000915527344,0.9999999645006858
VGT,2022-08-31,STX,Seagate Technology Holdings PLC,83,66.96,66.95999908447266,1.00000001367275
VGT,2022-08-31,DT,Dynatrace Inc,113,38.18,38.18000030517578,0.9999999920069204
VGT,2022-08-31,SITM,SiTime Corp,228,106.41,106.41000366210938,0.9999999655849144
VGT,2022-08-31,PYPL,PayPal Holdings Inc,18,93.44,93.44000244140625,0.9999999738719372
VGT,2022-08-31,WU,Western Union Co/The,128,14.82,14.819999694824219,1.0000000205921584
VGT,2022-08-31,ACIW,ACI Worldwide Inc,193,23.7,23.700000762939453,0.9999999678084629
VGT,2022-08-31,NABL,N-able Inc,333,9.96,9.960000038146973,0.9999999961699828
VGT,2022-08-31,WOLF,Wolfspeed Inc,81,113.47,,
VGT,2022-08-31,VRRM,Verra Mobility Corp,202,15.94,15.9399995803833,1.0000000263247621
VGT,2022-08-31,BL,Blackline Inc,153,67.94,67.94000244140625,0.999999964065261
VGT,2022-08-31,AVPT,AvePoint Inc,335,4.68,4.679999828338623,1.0000000366797828
VGT,2022-08-31,ATEN,A10 Networks Inc,277,13.9,13.899999618530273,1.000000027443866
VGT,2022-08-31,CDNS,Cadence Design Systems Inc,30,173.76999999999998,173.77000427246094,0.9999999754131274
VGT,2022-08-31,ROP,Roper Technologies Inc,34,402.58,402.5799865722656,1.0000000333542025
VGT,2022-08-31,LSCC,Lattice Semiconductor Corp,114,53.9,53.900001525878906,0.9999999716905591
VGT,2022-08-31,FORM,FormFactor Inc,199,29.28,29.280000686645508,0.9999999765489928
VGT,2022-08-31,ZM,Zoom Video Communications Inc,66,80.4,80.4000015258789,0.9999999810214071
VGT,2022-08-31,CPAY,FleetCor Technologies Inc,68,212.53,212.52999877929688,1.0000000057436744
VGT,2022-08-31,TASK,TaskUS Inc,340,14.88,14.880000114440918,0.9999999923090782
VGT,2022-08-31,MMS,Maximus Inc,156,60.59,60.59000015258789,0.9999999974816325
VGT,2022-08-31,BMI,Badger Meter Inc,184,94.69,94.69000244140625,0.999999974216853
VGT,2022-08-31,HPE,Hewlett Packard Enterprise Co,65,13.6,13.600000381469727,0.9999999719507562
VGT,2022-08-31,CEVA,CEVA Inc,306,29.27,29.270000457763672,0.9999999843606537
VGT,2022-08-31,FISV,Fiserv Inc,24,101.19,101.19000244140625,0.9999999758730488
VGT,2022-08-31,BSY,Bentley Systems Inc,117,36.77,36.77000045776367,0.999999987550621
VGT,2022-08-31,FIS,Fidelity National Information Services Inc,26,91.37,91.37000274658203,0.9999999699400028
VGT,2022-08-31,FTNT,Fortinet Inc,45,48.690000000000005,48.689998626708984,1.0000000282047865
VGT,2022-08-31,ASAN,Asana Inc,253,19.15,19.149999618530273,1.0000000199200905
VGT,2022-08-31,CRNC,Cerence Inc,294,20.01,20.010000228881836,0.9999999885616276
VGT,2022-08-31,ITRI,Itron Inc,211,47.58,47.58000183105469,0.9999999615162963
VGT,2022-08-31,RELY,Remitly Global Inc,278,11.0,11.0,1.0
VGT,2022-08-31,RPD,Rapid7 Inc,166,57.5,57.5,1.0
VGT,2022-08-31,ENPH,Enphase Energy Inc,40,286.44,286.44000244140625,0.9999999914767274
VGT,2022-08-31,NVTS,Navitas Semiconductor Corp,353,5.91,5.909999847412109,1.0000000258185946
VGT,2022-08-31,PAYO,Payoneer Global Inc,244,6.619999999999999,6.619999885559082,1.000000017287148
VGT,2022-08-31,VRSN,VeriSign Inc,63,182.22,182.22000122070312,0.9999999933009378
VGT,2022-08-31,HUCK,Domo Inc,316,19.26,19.260000228881836,0.9999999881162082
VGT,2022-08-31,AMPL,Amplitude Inc,302,15.15,15.149999618530273,1.0000000251795205
VGT,2022-08-31,MEI,Methode Electronics Inc,236,40.46,40.459999084472656,1.0000000226279626
VGT,2022-08-31,DIOD,Diodes Inc,169,71.17,71.16999816894531,1.0000000257279014
VGT,2022-08-31,UIS,Unisys Corp,310,9.31,9.3100004196167,0.999999954928391
VGT,2022-08-31,EGHT,8x8 Inc,319,5.21,5.210000038146973,0.9999999926781243
VGT,2022-08-31,QCOM,QUALCOMM Inc,12,132.26999999999998,132.27000427246094,0.999999967698943
VGT,2022-08-31,FSLY,Fastly Inc,264,9.35,9.350000381469727,0.9999999592011004
VGT,2022-08-31,NOVT,Novanta Inc,138,133.69,133.69000244140625,0.9999999817383035
VGT,2022-08-31,TXN,Texas Instruments Inc,11,165.20999999999998,165.2100067138672,0.9999999593616189
VGT,2022-08-31,ROG,Rogers Corp,139,250.52,250.52000427246094,0.9999999829456296
VGT,2022-08-31,BILL,Bill.com Holdings Inc,76,161.88,161.8800048828125,0.9999999698368399
VGT,2022-08-31,BR,Broadridge Financial Solutions Inc,62,171.17,171.1699981689453,1.0000000106972875
VGT,2022-08-31,FLYW,Flywire Corp,297,24.86,24.860000610351562,0.9999999754484494
VGT,2022-08-31,LASR,nLight Inc,320,12.49,12.489999771118164,1.0000000183252074
VGT,2022-08-31,POWI,Power Integrations Inc,149,71.53,71.52999877929688,1.000000017065611
VGT,2022-08-31,BOX,Box Inc,154,25.75,25.75,1.0
VGT,2022-08-31,YEXT,Yext Inc,331,4.45,4.449999809265137,1.0000000428617688
VGT,2022-08-31,CRM,Salesforce Inc,10,156.11999999999998,156.1199951171875,1.0000000312760224
VGT,2022-08-31,RAMP,LiveRamp Holdings Inc,243,19.85,19.850000381469727,0.999999980782382
VGT,2022-08-31,XRX,Xerox Holdings Corp,219,16.62,16.6200008392334,0.9999999495046116
VGT,2022-08-31,IONQ,IonQ Inc,313,5.94,5.940000057220459,0.9999999903669262
VGT,2022-08-31,OKTA,Okta Inc,85,91.4,91.4000015258789,0.9999999833054828
VGT,2022-08-31,FOUR,Shift4 Payments Inc,205,45.29,45.290000915527344,0.9999999797852214
VGT,2022-08-31,MSTR,MicroStrategy Inc,209,231.56,231.56000137329102,0.9999999940693945
VGT,2022-08-31,TDY,Teledyne Technologies Inc,67,368.36,368.3599853515625,1.0000000397666362
VGT,2022-08-31,CCSI,Consensus Cloud Solutions Inc,281,50.35,50.349998474121094,1.000000030305441
VGT,2022-08-31,TOST,Toast Inc,179,18.93,18.93000030517578,0.9999999838787228
VGT,2022-08-31,XYZ,Block Inc,43,68.91,68.91000366210938,0.9999999468566364
VGT,2022-08-31,ACN,Accenture PLC,8,288.46,288.4599914550781,1.0000000296225546
VGT,2022-08-31,LIDR,AEye Inc,363,1.54,1.540000025431315,0.9999999834861594
VGT,2022-08-31,CRUS,Cirrus Logic Inc,144,76.69000000000001,76.69000244140625,0.9999999681652606
VGT,2022-08-31,CNXN,PC Connection Inc,312,49.68,49.68000030517578,0.9999999938571703
VGT,2022-08-31,BLKB,Blackbaud Inc,210,52.3,52.29999923706055,1.0000000145877526
VGT,2022-08-31,TTEC,TTEC Holdings Inc,266,52.35,52.349998474121094,1.0000000291476399
VGT,2022-08-31,PEGA,Pegasystems Inc,237,36.61,36.61000061035156,0.9999999833282832
VGT,2022-08-31,PANW,Palo Alto Networks Inc,27,556.81,556.8099975585938,1.0000000043846307
VGT,2022-08-31,AVT,Avnet Inc,148,43.88999999999999,43.88999938964844,1.0000000139063925
VGT,2022-08-31,MITK,Mitek Systems Inc,332,10.22,10.220000267028809,0.9999999738719373
VGT,2022-08-31,PAYC,Paycom Software Inc,64,351.2,351.20001220703125,0.9999999652419396
VGT,2022-08-31,COHU,Cohu Inc,247,26.83,26.829999923706055,1.0000000028436058
VGT,2022-08-31,TENB,Tenable Holdings Inc,147,39.61,39.61000061035156,0.9999999845909732
VGT,2022-08-31,ALRM,Alarm.com Holdings Inc,172,66.60000000000001,66.5999984741211,1.0000000229110952
VGT,2022-08-31,VSH,Vishay Intertechnology Inc,192,19.67,19.670000076293945,0.9999999961213043
VGT,2022-08-31,KLAC,KLA Corp,29,344.13,344.1299819946289,1.0000000523214252
VGT,2022-08-31,PLAB,Photronics Inc,261,16.8,16.799999237060547,1.0000000454130649
VGT,2022-08-31,HLIT,Harmonic Inc,254,11.26,11.260000228881836,0.9999999796730168
VGT,2022-08-31,UPLD,Upland Software Inc,344,10.47,10.469999694824219,1.0000000291476399
VGT,2022-08-31,CDW,CDW Corp/DE,58,170.7,170.6999969482422,1.0000000178779018
VGT,2022-08-31,FN,Fabrinet,155,102.84,102.83999633789062,1.0000000356097773
VGT,2022-08-31,KN,Knowles Corp,240,15.15,15.149999618530273,1.0000000251795205
VGT,2022-08-31,HPQ,HP Inc,48,28.709999999999997,28.709999084472656,1.0000000318887974
VGT,2022-08-31,PI,Impinj Inc,220,89.28,89.27999877929688,1.0000000136727503
VGT,2022-08-31,CRWD,Crowdstrike Holdings Inc,42,182.61,182.61000061035156,0.9999999966576225
VGT,2022-08-31,IBM,International Business Machines Corp,17,128.45000000000002,128.4499969482422,1.0000000237583333
VGT,2022-08-31,MAPS,WM Technology Inc,365,2.62,2.619999885559082,1.0000000436797416
VGT,2022-08-31,EXTR,Extreme Networks Inc,223,14.33,14.329999923706055,1.0000000053240716
VGT,2022-08-31,CNXC,Concentrix Corp,130,125.78,125.77999877929688,1.0000000097050654
VGT,2022-08-31,GLW,Corning Inc,53,34.32,34.31999969482422,1.0000000088920684
VGT,2022-08-31,GPN,Global Payments Inc,44,124.23,124.2300033569336,0.999999972978077
VGT,2022-08-31,NCNO,nCino Inc,235,31.54,31.540000915527344,0.999999970972501
VGT,2022-08-31,APPS,Digital Turbine Inc,225,18.47,18.469999313354492,1.0000000371762605
VGT,2022-08-31,CNDT,Conduent Inc,303,4.09,4.090000152587891,0.9999999626924486
VGT,2022-08-31,MU,Micron Technology Inc,23,56.53000000000001,56.529998779296875,1.0000000215938998
VGT,2022-08-31,PTC,PTC Inc,91,114.89,114.88999938964844,1.0000000053124865
VGT,2022-08-31,MSI,Motorola Solutions Inc,36,243.41,243.41000366210938,0.9999999849549759
VGT,2022-08-31,BDC,Belden Inc,177,65.48,65.4800033569336,0.9999999487334542
VGT,2022-08-31,AMAT,Applied Materials Inc,21,94.07,94.06999969482422,1.000000003244135
VGT,2022-08-31,AI,C3.ai Inc,241,18.0,18.0,1.0
VGT,2022-08-31,FICO,Fair Isaac Corp,96,449.4,449.3999938964844,1.0000000135814768
VGT,2022-08-31,NVDA,NVIDIA Corp,3,150.94,150.93999862670898,1.0000000090982577
VGT,2022-08-31,APPF,Appfolio Inc,224,101.38,101.37999725341797,1.000000027091952
VGT,2022-08-31,MASS,908 Devices Inc,337,20.15,20.149999618530273,1.0000000189315004
VGT,2022-08-31,IDCC,InterDigital Inc,234,50.16,50.15999984741211,1.0000000030420233
VGT,2022-08-31,EEFT,Euronet Worldwide Inc,141,88.66,88.66000366210938,0.9999999586949105
VGT,2022-08-31,LFUS,Littelfuse Inc,127,237.22,237.22000122070312,0.9999999948541307
VGT,2022-08-31,MA,Mastercard Inc,5,324.37,324.3699951171875,1.000000015053219
VGT,2022-08-31,FRSH,Freshworks Inc,252,13.61,13.609999656677246,1.0000000252257724
VGT,2022-08-31,PAYX,Paychex Inc,37,123.34,123.33999633789062,1.0000000296911746
VGT,2022-08-31,XPER,Xperi Holding Corp,227,15.909999999999998,,
VGT,2022-08-31,PLTR,Palantir Technologies Inc,92,7.72,7.71999979019165,1.000000027177248
VGT,2022-08-31,UCTT,Ultra Clean Holdings Inc,246,29.270000000000003,29.270000457763672,0.9999999843606538
VGT,2022-08-31,WDAY,Workday Inc,47,164.56,164.55999755859375,1.0000000148359642
VGT,2022-08-31,SNX,TD SYNNEX Corp,150,96.28,96.27999877929688,1.0000000126786783
VGT,2022-08-31,LWLG,Lightwave Logic Inc,282,7.97,7.96999979019165,1.0000000263247621
VGT,2022-08-31,SLAB,Silicon Laboratories Inc,137,125.33,125.33000183105469,0.9999999853901328
VGT,2022-08-31,DOCU,DocuSign Inc,97,58.220000000000006,58.220001220703125,0.9999999790329253
VGT,2022-08-31,VERX,Vertex Inc,318,13.68,13.680000305175781,0.9999999776918294
VGT,2022-08-31,VRNS,Varonis Systems Inc,178,27.35,27.350000381469727,0.9999999860522955
VGT,2022-08-31,FSLR,First Solar Inc,94,127.55,127.55000305175781,0.9999999760740279
VGT,2022-08-31,PDFS,PDF Solutions Inc,293,26.380000000000003,26.3799991607666,1.000000031813246
VGT,2022-08-31,ICHR,Ichor Holdings Ltd,284,30.72,30.719999313354492,1.0000000223517422
VGT,2022-08-31,AGYS,Agilysys Inc,251,51.77,51.77000045776367,0.9999999911577426
VGT,2022-08-31,CMRC,BigCommerce Holdings Inc,272,16.669999999999998,16.670000076293945,0.9999999954232786
VGT,2022-08-31,NTAP,NetApp Inc,70,72.13,72.12999725341797,1.0000000380782217
VGT,2022-08-31,ZS,Zscaler Inc,86,159.24,159.24000549316406,0.9999999655038693
VGT,2022-08-31,AEIS,Advanced Energy Industries Inc,165,89.79,89.79000091552734,0.9999999898036828
VGT,2022-08-31,OLED,Universal Display Corp,135,111.73,111.7300033569336,0.9999999699549496
VGT,2022-08-31,FIVN,Five9 Inc,119,98.11,98.11000061035156,0.9999999937789057
VGT,2022-08-31,EVTC,EVERTEC Inc,215,33.6,33.599998474121094,1.0000000454130649
VGT,2022-08-31,ALKT,Alkami Technology Inc,348,14.5,14.5,1.0
VGT,2022-08-31,ONTO,Onto Innovation Inc,161,70.99000000000001,70.98999786376953,1.0000000300919925
VGT,2022-08-31,HCKT,Hackett Group Inc/The,328,20.53,20.530000686645508,0.9999999665540437
VGT,2022-08-31,U,Unity Software Inc,109,42.72,42.720001220703125,0.9999999714254895
VGT,2022-08-31,FLEX,Flex Ltd,106,17.810000000000002,17.81000047111511,0.9999999735477206
VGT,2022-08-31,AVGO,Broadcom Inc,6,499.11,499.10999298095703,1.0000000140631184
VGT,2022-08-31,JKHY,Jack Henry & Associates Inc,82,192.2,192.1999969482422,1.0000000158780324
VGT,2022-08-31,MX,Magnachip Semiconductor Corp,323,11.7,11.699999809265137,1.0000000163021252
VGT,2022-08-31,VISN,CommScope Holding Co Inc,198,11.3,11.300000190734863,0.999999983120809
VGT,2022-08-31,CSCO,Cisco Systems Inc,7,44.720000000000006,44.720001220703125,0.9999999727034193
VGT,2022-08-31,SCSC,ScanSource Inc,299,28.97,28.969999313354492,1.000000023701951
VGT,2022-08-31,IIIV,I3 Verticals Inc,326,23.360000000000003,23.360000610351562,0.9999999738719374
VGT,2022-08-31,DBX,Dropbox Inc,121,21.39,21.389999389648438,1.0000000285344357
VGT,2022-08-31,PD,PagerDuty Inc,217,26.040000000000003,26.040000915527344,0.9999999648415012
VGT,2022-08-31,ANET,Arista Networks Inc,51,119.88,119.87999725341797,1.0000000229110952
VGT,2022-08-31,TDC,Teradata Corp,162,32.9,32.900001525878906,0.999999953620704
VGT,2022-08-31,SSNC,SS&C Technologies Holdings Inc,89,55.76,55.7599983215332,1.0000000301016292
VGT,2022-08-31,RNG,RingCentral Inc,163,43.04,43.040000915527344,0.9999999787284544
VGT,2022-08-31,CTSH,Cognizant Technology Solutions Corp,46,63.169999999999995,63.16999816894531,1.0000000289861444
VGT,2022-08-31,GWRE,Guidewire Software Inc,129,71.71000000000001,71.70999908447266,1.0000000127670807
VGT,2022-08-31,NTGR,NETGEAR Inc,304,23.59,23.59000015258789,0.9999999935316707
VGT,2022-08-31,PAY,Paymentus Holdings Inc,362,11.91,11.90999984741211,1.0000000128117459
VGT,2022-08-31,MXL,MaxLinear Inc,190,35.93,35.93000030517578,0.9999999915063796
VGT,2022-08-31,CRSR,Corsair Gaming Inc,314,15.39,15.390000343322754,0.9999999776918294
VGT,2022-08-31,AKAM,Akamai Technologies Inc,78,90.28,90.27999877929688,1.000000013521302
VGT,2022-08-31,ENTG,Entegris Inc,80,94.88,94.87999725341797,1.0000000289479565
VGT,2022-08-31,SPSC,SPS Commerce Inc,145,122.12,122.12000274658203,0.9999999775091553
VGT,2022-08-31,AMBA,Ambarella Inc,196,67.88,67.87999725341797,1.000000040462318
VGT,2022-08-31,VIAV,Viavi Solutions Inc,168,14.08,14.079999923706055,1.000000005418604
VGT,2022-08-31,GDYN,Grid Dynamics Holdings Inc,286,20.21,20.209999084472656,1.0000000453007118
VGT,2022-11-30,EXLS,ExlService Holdings Inc,118,187.2,187.19999313354492,1.0000000366797828
VGT,2022-11-30,OSIS,OSI Systems Inc,228,88.48,88.4800033569336,0.9999999620599744
VGT,2022-11-30,MVIS,MicroVision Inc,324,3.03,3.0300000508626304,0.9999999832136536
VGT,2022-11-30,VERI,Veritone Inc,337,6.74,6.739999771118164,1.0000000339587305
VGT,2022-11-30,MIR,Mirion Technologies Inc,288,6.38,6.380000114440918,0.9999999820625524
VGT,2022-11-30,TER,Teradyne Inc,71,93.45,93.44999694824219,1.0000000326565854
VGT,2022-11-30,SNPS,Synopsys Inc,27,339.54,339.5400085449219,0.9999999748338292
VGT,2022-11-30,IT,Gartner Inc,51,350.36999999999995,350.3699951171875,1.0000000139361604
VGT,2022-11-30,WK,Workiva Inc,155,80.56,80.55999755859375,1.000000030305441
VGT,2022-11-30,ACLS,Axcelis Technologies Inc,174,79.86,79.86000061035156,0.9999999923572307
VGT,2022-11-30,RMNI,Rimini Street Inc,345,4.2,4.199999809265137,1.0000000454130649
VGT,2022-11-30,BHE,Benchmark Electronics Inc,258,28.87,28.8700008392334,0.9999999709306071
VGT,2022-11-30,MTSI,MACOM Technology Solutions Holdings Inc,162,68.69,68.69000244140625,0.9999999644576187
VGT,2022-11-30,CVLT,CommVault Systems Inc,182,66.0,66.0,1.0
VGT,2022-11-30,DMRC,Digimarc Corp,295,22.28,22.280000686645508,0.9999999691810824
VGT,2022-11-30,ARW,Arrow Electronics Inc,113,108.74,108.73999786376953,1.0000000196453054
VGT,2022-11-30,ALGM,Allegro MicroSystems Inc,193,31.14,31.139999389648438,1.0000000196002432
VGT,2022-11-30,MDB,MongoDB Inc,97,152.69,152.69000244140625,0.9999999840107
VGT,2022-11-30,NSSC,Napco Security Technologies Inc,283,26.38,26.3799991607666,1.0000000318132458
VGT,2022-11-30,GDDY,GoDaddy Inc,81,79.13,79.12999725341797,1.000000034709745
VGT,2022-11-30,LAW,CS Disco Inc,355,7.819999999999999,7.820000171661377,0.9999999780484177
VGT,2022-11-30,INDI,indie Semiconductor Inc,298,8.21,8.210000038146973,0.9999999953535966
VGT,2022-11-30,CGNX,Cognex Corp,104,49.78,49.779998779296875,1.0000000245219598
VGT,2022-11-30,AAPL,Apple Inc,1,148.03,148.02999877929688,1.0000000082463225
VGT,2022-11-30,SNOW,Snowflake Inc,49,142.9,142.89999389648438,1.0000000427117977
VGT,2022-11-30,JBL,Jabil Inc,99,72.19,72.19000244140625,0.999999966180826
VGT,2022-11-30,CXM,Sprinklr Inc,325,8.58,8.579999923706055,1.0000000088920684
VGT,2022-11-30,ADI,Analog Devices Inc,20,171.91,171.91000366210938,0.9999999786975202
VGT,2022-11-30,QTWO,Q2 Holdings Inc,232,27.2,27.200000762939453,0.9999999719507562
VGT,2022-11-30,XPER,Xperi Inc,329,10.71,10.710000038146973,0.9999999964381913
VGT,2022-11-30,CALX,Calix Inc,148,71.3,71.30000305175781,0.9999999571983494
VGT,2022-11-30,TTMI,TTM Technologies Inc,222,16.07,16.06999969482422,1.0000000189904037
VGT,2022-11-30,KD,Kyndryl Holdings Inc,195,11.71,11.710000038146973,0.9999999967423594
VGT,2022-11-30,RBBN,Ribbon Communications Inc,347,2.53,2.5299999713897705,1.0000000113083911
VGT,2022-11-30,PCOR,Procore Technologies Inc,244,48.970000000000006,48.970001220703125,0.9999999750724303
VGT,2022-11-30,AMD,Advanced Micro Devices Inc,15,77.63,77.62999725341797,1.0000000353804215
VGT,2022-11-30,NSIT,Insight Enterprises Inc,154,103.91,103.91000366210938,0.9999999647569122
VGT,2022-11-30,SEDG,SolarEdge Technologies Inc,66,298.86,298.8599853515625,1.000000049014382
VGT,2022-11-30,APH,Amphenol Corp,29,80.43,80.43000030517578,0.9999999962056972
VGT,2022-11-30,VECO,Veeco Instruments Inc,255,19.88,19.8799991607666,1.0000000422149613
VGT,2022-11-30,PRGS,Progress Software Corp,192,53.32,53.31999969482422,1.0000000057234768
VGT,2022-11-30,MSFT,Microsoft Corp,2,255.14,255.13999938964844,1.0000000023922222
VGT,2022-11-30,IPGP,IPG Photonics Corp,167,91.03,91.02999877929688,1.0000000134098994
VGT,2022-11-30,NOW,ServiceNow Inc,22,416.3,416.30001068115234,0.9999999743426566
VGT,2022-11-30,LRCX,Lam Research Corp,23,472.38,472.37998962402344,1.0000000219653178
VGT,2022-11-30,LITE,Lumentum Holdings Inc,160,54.940000000000005,54.939998626708984,1.000000024996197
VGT,2022-11-30,V,Visa Inc,4,217.0,217.0,1.0
VGT,2022-11-30,ESTC,Elastic NV,140,61.190000000000005,61.189998626708984,1.0000000224430634
VGT,2022-11-30,EPAM,EPAM Systems Inc,58,368.58,368.5799865722656,1.0000000364309916
VGT,2022-11-30,NET,Cloudflare Inc,85,49.14,49.13999938964844,1.000000012420667
VGT,2022-11-30,TRMB,Trimble Inc,73,59.75,59.75,1.0
VGT,2022-11-30,PLUS,ePlus Inc,237,49.66,49.65999984741211,1.0000000030726517
VGT,2022-11-30,SMRT,SmartRent Inc,338,2.43,2.430000066757202,0.9999999725279012
VGT,2022-11-30,ADBE,Adobe Inc,10,344.93,344.92999267578125,1.0000000212339284
VGT,2022-11-30,AFRM,Affirm Holdings Inc,188,13.92,13.920000076293945,0.9999999945191131
VGT,2022-11-30,ON,ON Semiconductor Corp,46,75.2,75.19999694824219,1.0000000405818874
VGT,2022-11-30,TLS,Telos Corp,356,4.1000000000000005,4.099999904632568,1.0000000232603499
VGT,2022-11-30,INTU,Intuit Inc,18,407.59,407.5899963378906,1.0000000089847871
VGT,2022-11-30,AEVA,Aeva Technologies Inc,348,1.6800000000000002,1.6799999237060548,1.0000000454130649
VGT,2022-11-30,OSPN,OneSpan Inc,300,12.57,12.569999694824219,1.0000000242781057
VGT,2022-11-30,AOSL,Alpha & Omega Semiconductor Ltd,276,35.08,35.08000183105469,0.9999999478034608
VGT,2022-11-30,MARA,Marathon Digital Holdings Inc,331,6.32,6.320000171661377,0.9999999728383905
VGT,2022-11-30,DV,DoubleVerify Holdings Inc,267,26.2,26.200000762939453,0.9999999708801743
VGT,2022-11-30,SWKS,Skyworks Solutions Inc,69,95.62,95.62000274658203,0.9999999712760725
VGT,2022-11-30,DLB,Dolby Laboratories Inc,130,74.87,74.87000274658203,0.9999999633153209
VGT,2022-11-30,NXPI,NXP Semiconductors NV,32,175.84,175.83999633789062,1.000000020826373
VGT,2022-11-30,INTA,Intapp Inc,326,23.11,23.110000610351562,0.9999999735892883
VGT,2022-11-30,RIOT,Riot Blockchain Inc,321,4.65,4.650000095367432,0.9999999794908754
VGT,2022-11-30,MRVL,Marvell Technology Inc,40,46.52,46.52000045776367,0.9999999901598524
VGT,2022-11-30,TWLO,Twilio Inc,107,49.02,49.02000045776367,0.999999990661696
VGT,2022-11-30,BRZE,Braze Inc,307,25.7,25.700000762939453,0.9999999703136409
VGT,2022-11-30,ADSK,Autodesk Inc,36,201.95,201.9499969482422,1.0000000151114525
VGT,2022-11-30,KEYS,Keysight Technologies Inc,45,180.89,180.88999938964844,1.0000000033741585
VGT,2022-11-30,WEX,WEX Inc,112,169.14,169.13999938964844,1.0000000036085583
VGT,2022-11-30,ARLO,Arlo Technologies Inc,334,3.82,3.819999933242798,1.0000000174757075
VGT,2022-11-30,CASS,Cass Information Systems Inc,305,43.48,43.47999954223633,1.0000000105281435
VGT,2022-11-30,GTLB,Gitlab Inc,235,39.55,39.54999923706055,1.0000000192905047
VGT,2022-11-30,WDC,Western Digital Corp,87,36.75,36.750001121520995,0.9999999694824229
VGT,2022-11-30,ADP,Automatic Data Processing Inc,17,264.14,264.1400146484375,0.9999999445429064
VGT,2022-11-30,GEN,Gen Digital Inc,80,22.959999999999997,22.959999084472656,1.0000000398748858
VGT,2022-11-30,CTS,CTS Corp,239,42.5,42.5,1.0
VGT,2022-11-30,PCTY,Paylocity Holding Corp,105,217.83,217.8300018310547,0.9999999915941117
VGT,2022-11-30,S,SentinelOne Inc,200,14.5,14.5,1.0
VGT,2022-11-30,EXFY,Expensify Inc,353,9.57,9.569999694824219,1.0000000318887974
VGT,2022-11-30,PATH,UiPath Inc,214,12.47,12.470000267028809,0.999999978586303
VGT,2022-11-30,PLXS,Plexus Corp,169,110.22,110.22000122070312,0.9999999889248493
VGT,2022-11-30,SPT,Sprout Social Inc,180,59.3,59.29999923706055,1.0000000128657582
VGT,2022-11-30,ORCL,Oracle Corp,14,83.03,83.02999877929688,1.0000000147019528
VGT,2022-11-30,DELL,Dell Technologies Inc,83,44.79,44.790000915527344,0.9999999795595595
VGT,2022-11-30,ACMR,ACM Research Inc,289,9.06,9.0600004196167,0.9999999536846932
VGT,2022-11-30,INTC,Intel Corp,16,30.069999999999997,30.06999969482422,1.0000000101488453
VGT,2022-11-30,MPWR,Monolithic Power Systems Inc,64,381.96,381.9599914550781,1.0000000223712484
VGT,2022-11-30,YOU,Clear Secure Inc,252,31.08,31.079999923706055,1.0000000024547602
VGT,2022-11-30,TYL,Tyler Technologies Inc,76,342.74,342.739990234375,1.0000000284928088
VGT,2022-11-30,CIFR,Cipher Mining Inc,363,0.7815999970270738,0.7820000052452087,0.9994884805429004
VGT,2022-11-30,SABR,Sabre Corp,205,6.11,6.110000133514404,0.9999999781482158
VGT,2022-11-30,ZBRA,Zebra Technologies Corp,77,270.28000000000003,270.2799987792969,1.000000004516439
VGT,2022-11-30,RPAY,Repay Holdings Corp,264,8.86,8.859999656677246,1.0000000387497479
VGT,2022-11-30,APP,AppLovin Corp,230,14.41,14.40999984741211,1.0000000105890279
VGT,2022-11-30,NTNX,Nutanix Inc,117,28.26,28.260000228881836,0.9999999919008552
VGT,2022-11-30,KLIC,Kulicke & Soffa Industries Inc,175,47.95,47.95000076293945,0.9999999840888543
VGT,2022-11-30,CIEN,Ciena Corp,115,44.96,44.959999084472656,1.0000000203631532
VGT,2022-11-30,DGII,Digi International Inc,226,42.47,42.470001220703125,0.9999999712572853
VGT,2022-11-30,FFIV,F5 Inc,103,154.61,154.61000061035156,0.9999999960523152
VGT,2022-11-30,LTCH,Latch Inc,357,0.8978999991197287,0.8980000019073486,0.9998886383213725
VGT,2022-11-30,PAR,PAR Technology Corp,310,24.37,24.3700008392334,0.9999999655628491
VGT,2022-11-30,IOT,Samsara Inc,311,9.53,9.529999732971191,1.0000000280198127
VGT,2022-11-30,SMCI,Super Micro Computer Inc,136,90.23,90.2299976348877,1.00000002621204
VGT,2022-11-30,ADTN,ADTRAN Holdings Inc,233,20.27,20.270000457763672,0.9999999774166916
VGT,2022-11-30,AMKR,Amkor Technology Inc,164,28.020000000000003,28.020000457763672,0.9999999836629672
VGT,2022-11-30,MANH,Manhattan Associates Inc,109,125.94,125.94000244140625,0.9999999806145291
VGT,2022-11-30,APPN,Appian Corp,245,38.03,38.029998779296875,1.0000000320984266
VGT,2022-11-30,MQ,Marqeta Inc,189,6.69,6.690000057220459,0.9999999914468672
VGT,2022-11-30,SYNA,Synaptics Inc,146,105.97,105.97000122070312,0.9999999884806727
VGT,2022-11-30,IMXI,International Money Express Inc,306,21.72,21.719999313354492,1.0000000316135143
VGT,2022-11-30,VSAT,Viasat Inc,212,34.09,34.09000015258789,0.9999999955239693
VGT,2022-11-30,QRVO,Qorvo Inc,94,99.25,99.25,1.0
VGT,2022-11-30,RXT,Rackspace Technology Inc,332,4.88,4.880000114440918,0.9999999765489928
VGT,2022-11-30,ZETA,Zeta Global Holdings Corp,266,8.38,8.380000114440918,0.9999999863435661
VGT,2022-11-30,FCUV,Focus Universal Inc,346,10.99,10.990000305175784,0.9999999722315036
VGT,2022-11-30,DDOG,Datadog Inc,61,75.78,75.77999877929688,1.0000000161085134
VGT,2022-11-30,SANM,Sanmina Corp,150,66.09,66.08999633789062,1.0000000554109485
VGT,2022-11-30,OUST,Ouster Inc,360,1.18,1.1800000190734863,0.9999999838360287
VGT,2022-11-30,TEL,TE Connectivity Ltd,38,126.12,126.12000274658203,0.9999999782224709
VGT,2022-11-30,VNT,Vontier Corp,168,19.63,19.6299991607666,1.0000000427525946
VGT,2022-11-30,VYX,NCR Corp,165,23.87,23.869999895095823,1.0000000043948127
VGT,2022-11-30,WULF,Terawulf Inc,365,0.8300000000000001,0.8299999833106995,1.0000000201075916
VGT,2022-11-30,DXC,DXC Technology Co,116,29.67,29.670000076293945,0.9999999974285829
VGT,2022-11-30,HUBS,HubSpot Inc,78,303.03,303.0299987792969,1.0000000040283243
VGT,2022-11-30,TCX,Tucows Inc,344,30.7,30.700000762939453,0.9999999751485527
VGT,2022-11-30,MCHP,Microchip Technology Inc,35,79.19,79.19000244140625,0.9999999691702718
VGT,2022-11-30,NTCT,NetScout Systems Inc,179,37.28,37.279998779296875,1.0000000327441836
VGT,2022-11-30,QLYS,Qualys Inc,149,123.32,123.31999969482422,1.0000000024746658
VGT,2022-11-30,FROG,JFrog Ltd,261,21.98,21.979999542236328,1.000000020826373
VGT,2022-11-30,MKSI,MKS Instruments Inc,129,83.86,83.86000061035156,0.9999999927217796
VGT,2022-11-30,P,Pure Storage Inc,106,29.19,29.190000534057617,0.9999999817040902
VGT,2022-11-30,DOCN,DigitalOcean Holdings Inc,247,29.83,29.829999923706055,1.0000000025576246
VGT,2022-11-30,SMTC,Semtech Corp,202,30.74,30.739999771118164,1.0000000074457331
VGT,2022-11-30,RMBS,Rambus Inc,142,38.38,38.380001068115234,0.9999999721700051
VGT,2022-11-30,STX,Seagate Technology Holdings PLC,93,52.97,52.970001220703125,0.9999999769548217
VGT,2022-11-30,DT,Dynatrace Inc,110,38.75,38.75,1.0
VGT,2022-11-30,SITM,SiTime Corp,208,105.46,105.45999908447266,1.0000000086812757
VGT,2022-11-30,PYPL,PayPal Holdings Inc,21,78.41,78.41000366210938,0.9999999532953806
VGT,2022-11-30,WU,Western Union Co/The,122,14.66,14.65999984741211,1.000000010408451
VGT,2022-11-30,ACIW,ACI Worldwide Inc,197,20.9,20.899999618530273,1.0000000182521402
VGT,2022-11-30,NABL,N-able Inc,312,11.23,11.229999542236328,1.0000000407625727
VGT,2022-11-30,WOLF,Wolfspeed Inc,91,90.92,,
VGT,2022-11-30,VRRM,Verra Mobility Corp,199,15.85,15.850000381469727,0.9999999759325099
VGT,2022-11-30,BL,Blackline Inc,152,67.69,67.69000244140625,0.999999963932543
VGT,2022-11-30,AVPT,AvePoint Inc,309,4.72,4.71999979019165,1.0000000444509234
VGT,2022-11-30,ATEN,A10 Networks Inc,240,18.71,18.709999084472656,1.0000000489325167
VGT,2022-11-30,CDNS,Cadence Design Systems Inc,30,172.04,172.0399932861328,1.0000000390250374
VGT,2022-11-30,ROP,Roper Technologies Inc,31,438.89,438.8900146484375,0.9999999666238989
VGT,2022-11-30,COHR,Coherent Corp,133,36.67,36.66999816894531,1.0000000499333184
VGT,2022-11-30,LSCC,Lattice Semiconductor Corp,95,72.83,72.83000183105469,0.999999974858511
VGT,2022-11-30,FORM,FormFactor Inc,219,23.07,23.06999969482422,1.0000000132282525
VGT,2022-11-30,ZM,Zoom Video Communications Inc,65,75.42999999999999,75.43000030517578,0.9999999959541855
VGT,2022-11-30,CPAY,FleetCor Technologies Inc,74,196.2,196.1999969482422,1.0000000155543214
VGT,2022-11-30,TASK,TaskUS Inc,303,19.67,19.670000076293945,0.9999999961213043
VGT,2022-11-30,MMS,Maximus Inc,143,70.3,70.30000305175781,0.9999999565895067
VGT,2022-11-30,BMI,Badger Meter Inc,163,115.82,115.81999969482422,1.0000000026349143
VGT,2022-11-30,HPE,Hewlett Packard Enterprise Co,57,16.78,16.780000686645508,0.9999999590795304
VGT,2022-11-30,CEVA,CEVA Inc,296,27.17,27.170000076293945,0.9999999971919785
VGT,2022-11-30,FISV,Fiserv Inc,25,104.36,104.36000061035156,0.9999999941514799
VGT,2022-11-30,BSY,Bentley Systems Inc,111,39.61,39.61000061035156,0.9999999845909732
VGT,2022-11-30,FIS,Fidelity National Information Services Inc,34,72.58,72.58000183105469,0.9999999747719118
VGT,2022-11-30,FTNT,Fortinet Inc,41,53.16,53.15999984741211,1.0000000028703515
VGT,2022-11-30,ADEA,Adeia Inc,250,11.05,11.050000190734863,0.9999999827389268
VGT,2022-11-30,ASAN,Asana Inc,248,18.16,18.15999984741211,1.000000008402417
VGT,2022-11-30,CRNC,Cerence Inc,271,20.51,20.510000228881836,0.9999999888404763
VGT,2022-11-30,ITRI,Itron Inc,186,53.18,53.18000030517578,0.9999999942614558
VGT,2022-11-30,RELY,Remitly Global Inc,280,10.46,10.460000038146973,0.999999996353062
VGT,2022-11-30,RPD,Rapid7 Inc,236,29.4,29.399999618530273,1.000000012975161
VGT,2022-11-30,ENPH,Enphase Energy Inc,37,320.59000000000003,320.5899963378906,1.0000000114230307
VGT,2022-11-30,NVTS,Navitas Semiconductor Corp,343,4.76,4.760000228881836,0.999999951915583
VGT,2022-11-30,PAYO,Payoneer Global Inc,274,5.3999999999999995,5.400000095367432,0.9999999823393647
VGT,2022-11-30,VRSN,VeriSign Inc,60,199.81,199.80999755859375,1.0000000122186392
VGT,2022-11-30,HUCK,Domo Inc,330,14.3,14.300000190734863,0.9999999866618979
VGT,2022-11-30,AMPL,Amplitude Inc,301,14.32,14.319999694824219,1.0000000213111584
VGT,2022-11-30,MEI,Methode Electronics Inc,213,45.68,45.68000030517578,0.9999999933192693
VGT,2022-11-30,DIOD,Diodes Inc,144,92.23,92.2300033569336,0.9999999636025863
VGT,2022-11-30,UIS,Unisys Corp,350,4.3,4.300000190734863,0.999999955643057
VGT,2022-11-30,EGHT,8x8 Inc,290,4.28,4.28000020980835,0.99999995097936
VGT,2022-11-30,QCOM,QUALCOMM Inc,12,126.49,126.48999786376953,1.0000000168885328
VGT,2022-11-30,FSLY,Fastly Inc,249,9.66,9.65999984741211,1.0000000157958482
VGT,2022-11-30,NOVT,Novanta Inc,121,157.75,157.75,1.0
VGT,2022-11-30,TXN,Texas Instruments Inc,9,180.46,180.4600067138672,0.9999999627958166
VGT,2022-11-30,ROG,Rogers Corp,223,109.04,109.04000091552734,0.9999999916037479
VGT,2022-11-30,BILL,Bill.com Holdings Inc,89,120.42,120.41999816894531,1.00000001520557
VGT,2022-11-30,BR,Broadridge Financial Solutions Inc,62,149.11,149.11000061035156,0.9999999959067027
VGT,2022-11-30,FLYW,Flywire Corp,294,21.69,21.690000534057617,0.9999999753777039
VGT,2022-11-30,LASR,nLight Inc,313,10.86,10.859999656677246,1.0000000316135143
VGT,2022-11-30,POWI,Power Integrations Inc,132,80.48,80.4800033569336,0.9999999582886002
VGT,2022-11-30,BOX,Box Inc,153,27.45,27.450000762939453,0.9999999722062137
VGT,2022-11-30,YEXT,Yext Inc,293,5.33,5.329999923706055,1.0000000143140613
VGT,2022-11-30,CRM,Salesforce Inc,11,160.25,160.25,1.0
VGT,2022-11-30,RAMP,LiveRamp Holdings Inc,220,21.959999999999997,21.959999084472656,1.000000041690682
VGT,2022-11-30,XRX,Xerox Holdings Corp,207,16.310000000000002,16.309999465942383,1.0000000327441838
VGT,2022-11-30,IONQ,IonQ Inc,315,5.16,5.159999847412109,1.0000000295712976
VGT,2022-11-30,OKTA,Okta Inc,108,53.31999999999999,53.31999969482422,1.0000000057234766
VGT,2022-11-30,FOUR,Shift4 Payments Inc,194,46.34,46.34000015258789,0.9999999967072101
VGT,2022-11-30,MSTR,MicroStrategy Inc,216,198.08999999999995,198.0900001525879,0.999999999229704
VGT,2022-11-30,TDY,Teledyne Technologies Inc,59,420.1,420.1000061035156,0.9999999854712794
VGT,2022-11-30,CCSI,Consensus Cloud Solutions Inc,254,56.79,56.790000915527344,0.9999999838787228
VGT,2022-11-30,TOST,Toast Inc,161,18.36,18.360000610351562,0.9999999667564519
VGT,2022-11-30,XYZ,Block Inc,42,67.77,67.7699966430664,1.0000000495342152
VGT,2022-11-30,ACN,Accenture PLC,8,300.93,300.92999267578125,1.0000000243386133
VGT,2022-11-30,LIDR,AEye Inc,358,0.89,0.8900000254313151,0.9999999714254896
VGT,2022-11-30,CRUS,Cirrus Logic Inc,147,74.71000000000001,74.70999908447266,1.0000000122544153
VGT,2022-11-30,CNXN,PC Connection Inc,287,55.55,55.54999923706055,1.0000000137342837
VGT,2022-11-30,BLKB,Blackbaud Inc,181,59.27,59.27000045776367,0.999999992276638
VGT,2022-11-30,TTEC,TTEC Holdings Inc,272,47.95,47.95000076293945,0.9999999840888543
VGT,2022-11-30,PEGA,Pegasystems Inc,227,36.25,36.25,1.0
VGT,2022-11-30,PANW,Palo Alto Networks Inc,28,169.9,169.89999389648438,1.0000000359241663
VGT,2022-11-30,AVT,Avnet Inc,141,45.169999999999995,45.16999816894531,1.000000040536966
VGT,2022-11-30,MITK,Mitek Systems Inc,323,10.23,10.229999542236328,1.000000044747184
VGT,2022-11-30,PAYC,Paycom Software Inc,63,339.1,339.1000061035156,0.9999999820008391
VGT,2022-11-30,COHU,Cohu Inc,206,35.82,35.81999969482422,1.0000000085197036
VGT,2022-11-30,TENB,Tenable Holdings Inc,145,38.18,38.18000030517578,0.9999999920069204
VGT,2022-11-30,ALRM,Alarm.com Holdings Inc,198,49.9,49.900001525878906,0.9999999694212653
VGT,2022-11-30,VSH,Vishay Intertechnology Inc,171,23.04,23.040000915527344,0.9999999602635717
VGT,2022-11-30,KLAC,KLA Corp,26,393.15,393.14998626708984,1.0000000349304607
VGT,2022-11-30,PLAB,Photronics Inc,241,18.8,18.799999237060547,1.0000000405818874
VGT,2022-11-30,HLIT,Harmonic Inc,215,15.34,15.34000015258789,0.9999999900529407
VGT,2022-11-30,UPLD,Upland Software Inc,340,7.54,7.540000152587891,0.9999999797628796
VGT,2022-11-30,CDW,CDW Corp/DE,54,188.64,188.63999938964844,1.0000000032355363
VGT,2022-11-30,FN,Fabrinet,128,133.41,133.41000366210938,0.9999999725499642
VGT,2022-11-30,KN,Knowles Corp,224,15.6,15.600000381469727,0.999999975546813
VGT,2022-11-30,HPQ,HP Inc,48,30.04,30.040000915527344,0.9999999695230587
VGT,2022-11-30,PI,Impinj Inc,170,127.55,127.55000305175781,0.9999999760740279
VGT,2022-11-30,CRWD,Crowdstrike Holdings Inc,55,117.65,117.6500015258789,0.9999999870303538
VGT,2022-11-30,IBM,International Business Machines Corp,13,148.89999999999998,148.89999389648438,1.0000000409907042
VGT,2022-11-30,MAPS,WM Technology Inc,361,1.17,1.1699999570846558,1.0000000366797828
VGT,2022-11-30,EXTR,Extreme Networks Inc,173,20.97,20.969999313354492,1.0000000327441836
VGT,2022-11-30,CNXC,Concentrix Corp,123,122.38,122.37999725341797,1.0000000224430634
VGT,2022-11-30,GLW,Corning Inc,52,34.13,34.130001068115234,0.9999999687045064
VGT,2022-11-30,GPN,Global Payments Inc,50,103.78,103.77999877929688,1.0000000117624122
VGT,2022-11-30,NCNO,nCino Inc,242,26.12,26.1200008392334,0.9999999678700854
VGT,2022-11-30,APPS,Digital Turbine Inc,209,18.26,18.260000228881836,0.9999999874653981
VGT,2022-11-30,CNDT,Conduent Inc,282,4.04,4.039999961853027,1.00000000944232
VGT,2022-11-30,MU,Micron Technology Inc,24,57.65,57.650001525878906,0.9999999735320231
VGT,2022-11-30,PTC,PTC Inc,75,127.21,127.20999908447266,1.0000000071969761
VGT,2022-11-30,MSI,Motorola Solutions Inc,33,272.2,272.20001220703125,0.9999999551541855
VGT,2022-11-30,BDC,Belden Inc,156,80.44000000000001,80.44000244140625,0.9999999696493516
VGT,2022-11-30,AMAT,Applied Materials Inc,19,109.6,109.5999984741211,1.000000013922253
VGT,2022-11-30,AI,C3.ai Inc,262,13.01,13.010000228881836,0.9999999824072381
VGT,2022-11-30,FICO,Fair Isaac Corp,68,619.72,619.719970703125,1.0000000472743762
VGT,2022-11-30,NVDA,NVIDIA Corp,3,169.23,169.2300033569336,0.9999999801634843
VGT,2022-11-30,APPF,Appfolio Inc,196,114.09,114.08999633789062,1.0000000320984266
VGT,2022-11-30,MASS,908 Devices Inc,349,10.7,10.699999809265137,1.0000000178256885
VGT,2022-11-30,IDCC,InterDigital Inc,231,50.169999999999995,50.16999816894531,1.0000000364970052
VGT,2022-11-30,EEFT,Euronet Worldwide Inc,134,92.95,92.94999694824219,1.000000032832253
VGT,2022-11-30,LFUS,Littelfuse Inc,119,246.5,246.5,1.0
VGT,2022-11-30,MA,Mastercard Inc,5,356.4,356.3999938964844,1.000000017125465
VGT,2022-11-30,FRSH,Freshworks Inc,234,14.78,14.779999732971191,1.000000018066902
VGT,2022-11-30,PAYX,Paychex Inc,39,124.03,124.02999877929688,1.000000009841999
VGT,2022-11-30,PLTR,Palantir Technologies Inc,86,7.5,7.5,1.0
VGT,2022-11-30,UCTT,Ultra Clean Holdings Inc,210,35.63,35.630001068115234,0.9999999700220263
VGT,2022-11-30,WDAY,Workday Inc,44,167.9,167.89999389648438,1.0000000363520896
VGT,2022-11-30,SNX,TD SYNNEX Corp,139,102.3,102.30000305175781,0.9999999701685462
VGT,2022-11-30,LWLG,Lightwave Logic Inc,263,7.93,7.929999828338623,1.0000000216470846
VGT,2022-11-30,SLAB,Silicon Laboratories Inc,124,145.44,145.44000244140625,0.9999999832136537
VGT,2022-11-30,DOCU,DocuSign Inc,102,47.07,47.06999969482422,1.0000000064834456
VGT,2022-11-30,VERX,Vertex Inc,281,17.18,17.18000030517578,0.9999999822365672
VGT,2022-11-30,VRNS,Varonis Systems Inc,201,21.24,21.239999771118164,1.000000010775981
VGT,2022-11-30,FSLR,First Solar Inc,67,172.53,172.52999877929688,1.0000000070753094
VGT,2022-11-30,PDFS,PDF Solutions Inc,246,31.369999999999997,31.3700008392334,0.9999999732472624
VGT,2022-11-30,ICHR,Ichor Holdings Ltd,256,29.78,29.780000686645508,0.9999999769427304
VGT,2022-11-30,AGYS,Agilysys Inc,218,66.39999999999999,66.4000015258789,0.9999999770198964
VGT,2022-11-30,CMRC,BigCommerce Holdings Inc,333,8.64,8.640000343322754,0.9999999602635717
VGT,2022-11-30,NTAP,NetApp Inc,72,67.61,67.61000061035156,0.9999999909724663
VGT,2022-11-30,ZS,Zscaler Inc,90,133.45000000000002,133.4499969482422,1.0000000228681747
VGT,2022-11-30,AEIS,Advanced Energy Industries Inc,158,92.64,92.63999938964844,1.0000000065884236
VGT,2022-11-30,OLED,Universal Display Corp,127,112.62,112.62000274658203,0.9999999756119521
VGT,2022-11-30,FIVN,Five9 Inc,138,64.11,64.11000061035156,0.9999999904796201
VGT,2022-11-30,EVTC,EVERTEC Inc,203,33.769999999999996,33.77000045776367,0.9999999864446648
VGT,2022-11-30,ALKT,Alkami Technology Inc,342,12.57,12.569999694824219,1.0000000242781057
VGT,2022-11-30,ONTO,Onto Innovation Inc,151,79.94999999999999,79.94999694824219,1.0000000381708307
VGT,2022-11-30,HCKT,Hackett Group Inc/The,297,23.1,23.100000381469727,0.9999999834861594
VGT,2022-11-30,U,Unity Software Inc,96,39.51,39.5099983215332,1.0000000424820772
VGT,2022-11-30,FLEX,Flex Ltd,98,21.98,21.97999915885925,1.0000000382684615
VGT,2022-11-30,AVGO,Broadcom Inc,6,551.03,551.0300064086914,0.9999999883696145
VGT,2022-11-30,JKHY,Jack Henry & Associates Inc,79,189.35,189.35000610351562,0.9999999677659602
VGT,2022-11-30,MX,Magnachip Semiconductor Corp,319,10.12,10.119999885559082,1.0000000113083911
VGT,2022-11-30,VISN,CommScope Holding Co Inc,221,8.879999999999999,8.880000114440918,0.9999999871125093
VGT,2022-11-30,CSCO,Cisco Systems Inc,7,49.72,49.720001220703125,0.9999999754484494
VGT,2022-11-30,SCSC,ScanSource Inc,286,29.86,29.860000610351562,0.9999999795595595
VGT,2022-11-30,IIIV,I3 Verticals Inc,285,26.29,26.290000915527344,0.9999999651758344
VGT,2022-11-30,DBX,Dropbox Inc,114,23.56,23.559999465942383,1.0000000226679808
VGT,2022-11-30,PD,PagerDuty Inc,217,22.24,22.239999771118164,1.0000000102914495
VGT,2022-11-30,ANET,Arista Networks Inc,43,139.29999999999998,139.3000030517578,0.9999999780921912
VGT,2022-11-30,TDC,Teradata Corp,159,34.15,34.150001525878906,0.9999999553183356
VGT,2022-11-30,SSNC,SS&C Technologies Holdings Inc,84,53.76,53.7599983215332,1.0000000312214816
VGT,2022-11-30,RNG,RingCentral Inc,172,37.06,37.060001373291016,0.9999999629441186
VGT,2022-11-30,CTSH,Cognizant Technology Solutions Corp,47,62.21,62.209999084472656,1.0000000147167234
VGT,2022-11-30,GWRE,Guidewire Software Inc,135,59.31,59.310001373291016,0.9999999768455407
VGT,2022-11-30,NTGR,NETGEAR Inc,314,19.73,19.729999542236328,1.000000023201403
VGT,2022-11-30,PAY,Paymentus Holdings Inc,352,10.14,10.140000343322754,0.9999999661417415
VGT,2022-11-30,MXL,MaxLinear Inc,178,36.599999999999994,36.599998474121094,1.000000041690682
VGT,2022-11-30,CRSR,Corsair Gaming Inc,273,16.87,16.8700008392334,0.9999999502529131
VGT,2022-11-30,AKAM,Akamai Technologies Inc,70,94.86,94.86000061035156,0.9999999935657647
VGT,2022-11-30,ENTG,Entegris Inc,88,77.28999999999999,77.29000091552734,0.9999999881546469
VGT,2022-11-30,SPSC,SPS Commerce Inc,126,142.26000000000002,142.25999450683594,1.0000000386135548
VGT,2022-11-30,AMBA,Ambarella Inc,176,74.2,74.19999694824219,1.0000000411288132
VGT,2022-11-30,VIAV,Viavi Solutions Inc,191,11.33,11.329999923706055,1.0000000067337993
VGT,2022-11-30,GDYN,Grid Dynamics Holdings Inc,320,12.74,12.739999771118164,1.0000000179656074
VGT,2023-02-28,EXLS,ExlService Holdings Inc,131,164.51000000000002,164.51000213623047,0.9999999870145863
VGT,2023-02-28,OSIS,OSI Systems Inc,232,92.55,92.55000305175781,0.9999999670258486
VGT,2023-02-28,MVIS,MicroVision Inc,319,2.56,2.5600001017252603,0.9999999602635719
VGT,2023-02-28,VERI,Veritone Inc,339,7.09,7.090000152587891,0.9999999784784361
VGT,2023-02-28,MIR,Mirion Technologies Inc,246,9.08,9.079999923706055,1.000000008402417
VGT,2023-02-28,TER,Teradyne Inc,71,101.14,101.13999938964844,1.0000000060347198
VGT,2023-02-28,SNPS,Synopsys Inc,27,363.76,363.760009765625,0.9999999731536597
VGT,2023-02-28,IT,Gartner Inc,54,327.81,327.80999755859375,1.000000007447626
VGT,2023-02-28,WK,Workiva Inc,157,89.2,89.19999694824219,1.0000000342125328
VGT,2023-02-28,ACLS,Axcelis Technologies Inc,149,128.54,128.5399932861328,1.0000000522317374
VGT,2023-02-28,RMNI,Rimini Street Inc,341,4.28,4.28000020980835,0.99999995097936
VGT,2023-02-28,BHE,Benchmark Electronics Inc,282,23.790000000000003,23.790000915527344,0.9999999615162966
VGT,2023-02-28,MTSI,MACOM Technology Solutions Holdings Inc,169,68.54,68.54000091552734,0.9999999866424376
VGT,2023-02-28,CVLT,CommVault Systems Inc,202,58.879999999999995,58.880001068115234,0.9999999818594562
VGT,2023-02-28,DMRC,Digimarc Corp,333,20.39,20.389999389648438,1.0000000299338687
VGT,2023-02-28,ARW,Arrow Electronics Inc,112,117.99,117.98999786376953,1.0000000181051827
VGT,2023-02-28,ALGM,Allegro MicroSystems Inc,172,43.68,43.68000030517578,0.999999993013375
VGT,2023-02-28,MDB,MongoDB Inc,76,209.52,209.52000427246094,0.9999999796083389
VGT,2023-02-28,NSSC,Napco Security Technologies Inc,267,31.6,31.600000381469727,0.9999999879281734
VGT,2023-02-28,GDDY,GoDaddy Inc,88,75.71,75.70999908447266,1.0000000120925552
VGT,2023-02-28,LAW,CS Disco Inc,347,7.0,7.0,1.0
VGT,2023-02-28,INDI,indie Semiconductor Inc,274,10.46,10.460000038146973,0.999999996353062
VGT,2023-02-28,CGNX,Cognex Corp,107,47.419999999999995,47.41999816894531,1.0000000386135546
VGT,2023-02-28,TEAM,Atlassian Corp,360,164.33,164.3300018310547,0.9999999888574536
VGT,2023-02-28,AAPL,Apple Inc,1,147.41,147.41000366210938,0.999999975156982
VGT,2023-02-28,SNOW,Snowflake Inc,43,154.38,154.3800048828125,0.9999999683714708
VGT,2023-02-28,JBL,Jabil Inc,93,83.03,83.02999877929688,1.0000000147019528
VGT,2023-02-28,CXM,Sprinklr Inc,295,10.85,10.850000381469727,0.9999999648415011
VGT,2023-02-28,ADI,Analog Devices Inc,19,183.47,183.47000122070312,0.9999999933465792
VGT,2023-02-28,QTWO,Q2 Holdings Inc,218,32.28,32.279998779296875,1.0000000378160834
VGT,2023-02-28,CALX,Calix Inc,174,51.150000000000006,51.150001525878906,0.9999999701685464
VGT,2023-02-28,TTMI,TTM Technologies Inc,247,13.29,13.289999961853027,1.0000000028703515
VGT,2023-02-28,KD,Kyndryl Holdings Inc,175,15.69,15.6899995803833,1.0000000267442135
VGT,2023-02-28,RBBN,Ribbon Communications Inc,322,4.46,4.460000038146973,0.9999999914468671
VGT,2023-02-28,PCOR,Procore Technologies Inc,216,66.99,66.98999786376953,1.0000000318887974
VGT,2023-02-28,AMD,Advanced Micro Devices Inc,14,78.58,78.58000183105469,0.9999999766982102
VGT,2023-02-28,NSIT,Insight Enterprises Inc,140,133.92,133.9199981689453,1.00000001367275
VGT,2023-02-28,SEDG,SolarEdge Technologies Inc,63,317.92,317.9200134277344,0.9999999577637966
VGT,2023-02-28,APH,Amphenol Corp,31,77.52000000000001,77.5199966430664,1.000000043304099
VGT,2023-02-28,VECO,Veeco Instruments Inc,257,21.27,21.270000457763672,0.9999999784784361
VGT,2023-02-28,PRGS,Progress Software Corp,191,57.44,57.439998626708984,1.0000000239082703
VGT,2023-02-28,MSFT,Microsoft Corp,2,249.42,249.4199981689453,1.0000000073412505
VGT,2023-02-28,IPGP,IPG Photonics Corp,148,123.24,123.23999786376953,1.0000000173339054
VGT,2023-02-28,NOW,ServiceNow Inc,21,432.17,432.1699905395508,1.0000000218905742
VGT,2023-02-28,LRCX,Lam Research Corp,24,486.01,486.01001739501953,0.9999999642085164
VGT,2023-02-28,LITE,Lumentum Holdings Inc,162,53.81,53.810001373291016,0.9999999744788891
VGT,2023-02-28,V,Visa Inc,4,219.94,219.94000244140625,0.9999999888996716
VGT,2023-02-28,ESTC,Elastic NV,145,59.02,59.02000045776367,0.999999992243923
VGT,2023-02-28,EPAM,EPAM Systems Inc,65,307.65,307.6499938964844,1.0000000198391539
VGT,2023-02-28,NET,Cloudflare Inc,73,60.01,60.0099983215332,1.0000000279697858
VGT,2023-02-28,TRMB,Trimble Inc,82,52.06,52.060001373291016,0.9999999736209955
VGT,2023-02-28,PLUS,ePlus Inc,233,54.17,54.16999816894531,1.0000000338020076
VGT,2023-02-28,SMRT,SmartRent Inc,330,2.5900000000000003,2.5899999141693115,1.0000000331392631
VGT,2023-02-28,ADBE,Adobe Inc,11,323.95,323.95001220703125,0.9999999623181639
VGT,2023-02-28,CLFD,Clearfield Inc,365,62.690000000000005,62.689998626708984,1.0000000219060623
VGT,2023-02-28,AFRM,Affirm Holdings Inc,186,13.62,13.619999885559082,1.000000008402417
VGT,2023-02-28,ON,ON Semiconductor Corp,45,77.41,77.41000366210938,0.9999999526920397
VGT,2023-02-28,TLS,Telos Corp,353,3.87,3.869999885559082,1.0000000295712976
VGT,2023-02-28,INTU,Intuit Inc,16,407.18,407.17999267578125,1.0000000179876685
VGT,2023-02-28,AEVA,Aeva Technologies Inc,340,1.79,1.7899999618530273,1.0000000213111584
VGT,2023-02-28,OSPN,OneSpan Inc,323,13.52,13.520000457763672,0.9999999661417414
VGT,2023-02-28,AOSL,Alpha & Omega Semiconductor Ltd,306,26.71,26.709999084472656,1.0000000342765771
VGT,2023-02-28,MARA,Marathon Digital Holdings Inc,283,7.1000000000000005,7.099999904632568,1.0000000134320328
VGT,2023-02-28,DV,DoubleVerify Holdings Inc,256,26.27,26.270000457763672,0.9999999825746607
VGT,2023-02-28,SWKS,Skyworks Solutions Inc,62,111.57,111.56999969482422,1.0000000027352853
VGT,2023-02-28,DLB,Dolby Laboratories Inc,134,82.28,82.27999877929688,1.0000000148359642
VGT,2023-02-28,NXPI,NXP Semiconductors NV,30,178.48000000000002,178.47999572753906,1.0000000239380382
VGT,2023-02-28,INTA,Intapp Inc,304,39.58,39.58000183105469,0.9999999537378826
VGT,2023-02-28,RIOT,Riot Platforms Inc,268,6.25,6.25,1.0
VGT,2023-02-28,MRVL,Marvell Technology Inc,39,45.15,45.150001525878906,0.9999999662042335
VGT,2023-02-28,TWLO,Twilio Inc,90,67.21,67.20999908447266,1.0000000136218918
VGT,2023-02-28,BRZE,Braze Inc,278,30.7,30.700000762939453,0.9999999751485527
VGT,2023-02-28,ADSK,Autodesk Inc,35,198.69,198.69000244140625,0.9999999877124857
VGT,2023-02-28,KEYS,Keysight Technologies Inc,49,159.96,159.9600067138672,0.9999999580278388
VGT,2023-02-28,WEX,WEX Inc,105,192.81,192.80999755859375,1.0000000126622388
VGT,2023-02-28,ARLO,Arlo Technologies Inc,329,3.8,3.799999952316284,1.0000000125483464
VGT,2023-02-28,PRCH,Porch Group Inc,363,2.5,2.5,1.0
VGT,2023-02-28,CASS,Cass Information Systems Inc,301,48.35,48.349998474121094,1.000000031559027
VGT,2023-02-28,GTLB,Gitlab Inc,210,44.04,44.040000915527344,0.9999999792114594
VGT,2023-02-28,WDC,Western Digital Corp,86,38.48,38.479998847961426,1.0000000299386331
VGT,2023-02-28,ADP,Automatic Data Processing Inc,20,219.82,219.82000732421875,0.9999999666808366
VGT,2023-02-28,GEN,Gen Digital Inc,91,19.51,19.510000228881836,0.9999999882684864
VGT,2023-02-28,CTS,CTS Corp,239,43.31,43.310001373291016,0.9999999682915962
VGT,2023-02-28,PCTY,Paylocity Holding Corp,111,192.61,192.61000061035156,0.9999999968311534
VGT,2023-02-28,S,SentinelOne Inc,185,15.99,15.989999771118164,1.0000000143140613
VGT,2023-02-28,EXFY,Expensify Inc,348,8.42,8.420000076293945,0.9999999909389614
VGT,2023-02-28,PATH,UiPath Inc,207,14.84,14.84000015258789,0.9999999897177972
VGT,2023-02-28,PLXS,Plexus Corp,188,95.89,95.88999938964844,1.0000000063651222
VGT,2023-02-28,SPT,Sprout Social Inc,179,60.98,60.97999954223633,1.0000000075067836
VGT,2023-02-28,ORCL,Oracle Corp,12,87.4,87.4000015258789,0.9999999825414316
VGT,2023-02-28,DELL,Dell Technologies Inc,95,40.64,40.63999938964844,1.0000000150184933
VGT,2023-02-28,ACMR,ACM Research Inc,321,10.38,10.380000114440918,0.9999999889748636
VGT,2023-02-28,INTC,Intel Corp,17,24.93,24.93000030517578,0.9999999877586933
VGT,2023-02-28,MPWR,Monolithic Power Systems Inc,57,484.29,484.2900085449219,0.999999982355775
VGT,2023-02-28,YOU,Clear Secure Inc,262,30.74,30.739999771118164,1.0000000074457331
VGT,2023-02-28,TYL,Tyler Technologies Inc,80,321.25,321.25,1.0
VGT,2023-02-28,CIFR,Cipher Mining Inc,356,1.52,1.5199999809265137,1.0000000125483464
VGT,2023-02-28,SABR,Sabre Corp,230,5.06,5.059999942779541,1.0000000113083911
VGT,2023-02-28,ZBRA,Zebra Technologies Corp,72,300.25,300.25,1.0
VGT,2023-02-28,RPAY,Repay Holdings Corp,294,8.48,8.479999542236328,1.000000053981568
VGT,2023-02-28,APP,AppLovin Corp,223,13.5,13.5,1.0
VGT,2023-02-28,NTNX,Nutanix Inc,118,28.25,28.25,1.0
VGT,2023-02-28,KLIC,Kulicke & Soffa Industries Inc,171,53.3,53.29999923706055,1.0000000143140613
VGT,2023-02-28,CIEN,Ciena Corp,114,48.22,48.220001220703125,0.9999999746847139
VGT,2023-02-28,DGII,Digi International Inc,250,33.370000000000005,33.369998931884766,1.0000000320082492
VGT,2023-02-28,FFIV,F5 Inc,106,142.98000000000002,142.97999572753906,1.0000000298815295
VGT,2023-02-28,LTCH,Latch Inc,354,0.7899999999999999,0.7900000214576721,0.9999999728383904
VGT,2023-02-28,PAR,PAR Technology Corp,271,34.15,34.150001525878906,0.9999999553183356
VGT,2023-02-28,IOT,Samsara Inc,242,16.66,16.65999984741211,1.0000000091589372
VGT,2023-02-28,SMCI,Super Micro Computer Inc,141,97.97,97.96999931335449,1.0000000070087325
VGT,2023-02-28,ADTN,ADTRAN Holdings Inc,244,17.45,17.450000762939453,0.9999999562785432
VGT,2023-02-28,AMKR,Amkor Technology Inc,180,25.76,25.760000228881836,0.9999999911148357
VGT,2023-02-28,MANH,Manhattan Associates Inc,104,143.75,143.75,1.0
VGT,2023-02-28,APPN,Appian Corp,234,41.45,41.45000076293945,0.999999981593741
VGT,2023-02-28,MQ,Marqeta Inc,205,5.8,5.800000190734863,0.9999999671146798
VGT,2023-02-28,SYNA,Synaptics Inc,143,117.61,117.61000061035156,0.999999994810377
VGT,2023-02-28,IMXI,International Money Express Inc,276,25.55,25.549999237060547,1.0000000298606448
VGT,2023-02-28,VSAT,Viasat Inc,222,31.76,31.760000228881836,0.9999999927933931
VGT,2023-02-28,QRVO,Qorvo Inc,97,100.89,100.88999938964844,1.0000000060496737
VGT,2023-02-28,RXT,Rackspace Technology Inc,350,2.35,2.3499999046325684,1.0000000405818874
VGT,2023-02-28,ZETA,Zeta Global Holdings Corp,245,10.61,10.609999656677246,1.0000000323584133
VGT,2023-02-28,FCUV,Focus Universal Inc,352,5.05,5.04999984741211,1.0000000302154246
VGT,2023-02-28,DDOG,Datadog Inc,61,76.52,76.5199966430664,1.0000000438700174
VGT,2023-02-28,SANM,Sanmina Corp,164,60.46,60.459999084472656,1.0000000151426953
VGT,2023-02-28,OUST,Ouster Inc,279,1.2,1.2000000000000002,0.9999999999999998
VGT,2023-02-28,TEL,TE Connectivity Ltd,36,127.32,127.31999969482422,1.0000000023969193
VGT,2023-02-28,VNT,Vontier Corp,152,26.17,26.170000076293945,0.9999999970846792
VGT,2023-02-28,VYX,NCR Corp,165,25.53,25.52999998092651,1.000000000747101
VGT,2023-02-28,WULF,Terawulf Inc,359,0.6448000042688523,0.6399999856948853,1.0075000291894622
VGT,2023-02-28,DXC,DXC Technology Co,117,27.74,27.739999771118164,1.0000000082509675
VGT,2023-02-28,HUBS,HubSpot Inc,64,386.86,386.8599853515625,1.0000000378649592
VGT,2023-02-28,TCX,Tucows Inc,346,23.12,23.1200008392334,0.999999963700979
VGT,2023-02-28,MCHP,Microchip Technology Inc,33,81.03,81.02999877929688,1.0000000150648296
VGT,2023-02-28,NTCT,NetScout Systems Inc,209,28.44,28.440000534057617,0.9999999812216032
VGT,2023-02-28,QLYS,Qualys Inc,158,118.15,118.1500015258789,0.9999999870852401
VGT,2023-02-28,FROG,JFrog Ltd,254,23.0,23.0,1.0
VGT,2023-02-28,MKSI,MKS Instruments Inc,125,96.93,96.93000030517578,0.9999999968515859
VGT,2023-02-28,P,Pure Storage Inc,108,28.54,28.540000915527344,0.9999999679212573
VGT,2023-02-28,DOCN,DigitalOcean Holdings Inc,236,31.98,31.979999542236328,1.0000000143140613
VGT,2023-02-28,SMTC,Semtech Corp,213,30.81,30.809999465942383,1.0000000173339054
VGT,2023-02-28,RMBS,Rambus Inc,138,44.23,44.22999954223633,1.0000000103496196
VGT,2023-02-28,STX,Seagate Technology Holdings PLC,83,64.56,64.55999755859375,1.0000000378160834
VGT,2023-02-28,DT,Dynatrace Inc,102,42.529999999999994,42.529998779296875,1.0000000287021669
VGT,2023-02-28,SITM,SiTime Corp,208,124.15,124.1500015258789,0.9999999877093928
VGT,2023-02-28,PYPL,PayPal Holdings Inc,22,73.60000000000001,73.5999984741211,1.000000020732051
VGT,2023-02-28,WU,Western Union Co/The,137,12.96,12.960000038146973,0.9999999970565608
VGT,2023-02-28,ACIW,ACI Worldwide Inc,182,25.85,25.850000381469727,0.9999999852429509
VGT,2023-02-28,NABL,N-able Inc,305,11.84,11.84000015258789,0.9999999871125094
VGT,2023-02-28,WOLF,Wolfspeed Inc,103,73.98,,
VGT,2023-02-28,VRRM,Verra Mobility Corp,199,17.23,17.229999542236328,1.0000000265678284
VGT,2023-02-28,BL,Blackline Inc,160,68.36,68.36000061035156,0.9999999910715103
VGT,2023-02-28,AVPT,AvePoint Inc,318,5.0,5.0,1.0
VGT,2023-02-28,ATEN,A10 Networks Inc,269,15.22,15.220000267028809,0.9999999824554006
VGT,2023-02-28,CDNS,Cadence Design Systems Inc,29,192.94,192.94000244140625,0.999999987346293
VGT,2023-02-28,ROP,Roper Technologies Inc,32,430.2,430.20001220703125,0.9999999716247538
VGT,2023-02-28,COHR,Coherent Corp,126,43.13,43.130001068115234,0.9999999752349825
VGT,2023-02-28,LSCC,Lattice Semiconductor Corp,89,84.96,84.95999908447266,1.000000010775981
VGT,2023-02-28,FORM,FormFactor Inc,203,30.1,30.100000381469727,0.9999999873265873
VGT,2023-02-28,ZM,Zoom Video Communications Inc,67,74.58999999999999,74.58999633789062,1.0000000490965215
VGT,2023-02-28,CPAY,FleetCor Technologies Inc,74,214.79,214.7899932861328,1.000000031257821
VGT,2023-02-28,TASK,TaskUS Inc,325,17.2050000257643,17.204999923706055,1.0000000059318945
VGT,2023-02-28,MMS,Maximus Inc,135,82.08,82.08000183105469,0.9999999776918294
VGT,2023-02-28,BMI,Badger Meter Inc,163,121.62,121.62000274658203,0.9999999774166917
VGT,2023-02-28,HPE,Hewlett Packard Enterprise Co,58,15.61,15.609999656677246,1.0000000219937708
VGT,2023-02-28,CEVA,CEVA Inc,290,31.56,31.559999465942383,1.000000016921978
VGT,2023-02-28,FISV,Fiserv Inc,23,115.09,115.08999633789062,1.0000000318195281
VGT,2023-02-28,BSY,Bentley Systems Inc,110,40.46,40.459999084472656,1.0000000226279626
VGT,2023-02-28,FIS,Fidelity National Information Services Inc,40,63.370000000000005,63.369998931884766,1.0000000168552194
VGT,2023-02-28,FTNT,Fortinet Inc,38,59.440000000000005,59.439998626708984,1.0000000231038197
VGT,2023-02-28,ADEA,Adeia Inc,266,9.86,9.859999656677246,1.000000034819753
VGT,2023-02-28,ASAN,Asana Inc,263,14.79,14.789999961853027,1.0000000025792408
VGT,2023-02-28,CRNC,Cerence Inc,253,27.38,27.3799991607666,1.0000000306513304
VGT,2023-02-28,ITRI,Itron Inc,192,55.77,55.77000045776367,0.9999999917919371
VGT,2023-02-28,RELY,Remitly Global Inc,243,14.63,14.630000114440918,0.9999999921776543
VGT,2023-02-28,RPD,Rapid7 Inc,178,47.3,47.29999923706055,1.0000000161297984
VGT,2023-02-28,ENPH,Enphase Energy Inc,50,210.53,210.52999877929688,1.0000000057982383
VGT,2023-02-28,NVTS,Navitas Semiconductor Corp,307,6.49,6.489999771118164,1.000000035266848
VGT,2023-02-28,PAYO,Payoneer Global Inc,249,5.8,5.800000190734863,0.9999999671146798
VGT,2023-02-28,VRSN,VeriSign Inc,60,196.83,196.8300018310547,0.9999999906972786
VGT,2023-02-28,HUCK,Domo Inc,309,15.37,15.369999885559082,1.0000000074457331
VGT,2023-02-28,AMPL,Amplitude Inc,291,13.2,13.199999809265137,1.000000014449611
VGT,2023-02-28,MEI,Methode Electronics Inc,220,48.73,48.72999954223633,1.000000009393878
VGT,2023-02-28,DIOD,Diodes Inc,153,91.69,91.69000244140625,0.9999999733732556
VGT,2023-02-28,UIS,Unisys Corp,331,4.9799999999999995,4.980000019073486,0.9999999961699826
VGT,2023-02-28,EGHT,8x8 Inc,302,5.319999999999999,5.320000171661377,0.9999999677328248
VGT,2023-02-28,QCOM,QUALCOMM Inc,13,123.53,123.52999877929688,1.0000000098818356
VGT,2023-02-28,FSLY,Fastly Inc,224,13.89,13.890000343322754,0.9999999752827398
VGT,2023-02-28,NOVT,Novanta Inc,128,156.91,156.91000366210938,0.9999999766610841
VGT,2023-02-28,TXN,Texas Instruments Inc,10,171.45000000000002,171.4499969482422,1.000000017799696
VGT,2023-02-28,ROG,Rogers Corp,181,147.20000000000002,147.1999969482422,1.000000020732051
VGT,2023-02-28,BILL,BILL Holdings Inc,109,84.63,84.62999725341797,1.000000032454001
VGT,2023-02-28,BR,Broadridge Financial Solutions Inc,69,140.78,140.77999877929688,1.0000000086709984
VGT,2023-02-28,FLYW,Flywire Corp,287,24.729999999999997,24.729999542236328,1.00000001851046
VGT,2023-02-28,LASR,nLight Inc,312,11.3,11.300000190734863,0.999999983120809
VGT,2023-02-28,POWI,Power Integrations Inc,142,82.25,82.25,1.0
VGT,2023-02-28,BOX,Box Inc,139,33.35,33.349998474121094,1.0000000457534926
VGT,2023-02-28,YEXT,Yext Inc,285,7.34,7.340000152587891,0.9999999792114594
VGT,2023-02-28,CRM,Salesforce Inc,9,163.61,163.61000061035156,0.9999999962694729
VGT,2023-02-28,RAMP,LiveRamp Holdings Inc,226,23.630000000000003,23.6299991607666,1.0000000355155916
VGT,2023-02-28,XRX,Xerox Holdings Corp,215,16.49,16.489999771118164,1.0000000138800387
VGT,2023-02-28,IONQ,IonQ Inc,297,4.739999999999999,4.739999771118164,1.0000000482873093
VGT,2023-02-28,OKTA,Okta Inc,96,71.28999999999999,71.29000091552734,0.9999999871577032
VGT,2023-02-28,FOUR,Shift4 Payments Inc,170,64.5,64.5,1.0
VGT,2023-02-28,MSTR,MicroStrategy Inc,193,262.27,262.26999282836914,1.0000000273444583
VGT,2023-02-28,TDY,Teledyne Technologies Inc,59,430.07,430.07000732421875,0.9999999829697058
VGT,2023-02-28,CCSI,Consensus Cloud Solutions Inc,299,41.04,41.040000915527344,0.9999999776918294
VGT,2023-02-28,TOST,Toast Inc,154,18.92,18.920000076293945,0.9999999959675505
VGT,2023-02-28,XYZ,Block Inc,37,76.73,76.7300033569336,0.9999999562500529
VGT,2023-02-28,ACN,Accenture PLC,8,265.55,265.54998779296875,1.000000045968864
VGT,2023-02-28,LIDR,AEye Inc,357,0.5906999986990515,0.590999984741211,0.9994924093910244
VGT,2023-02-28,CRUS,Cirrus Logic Inc,124,102.75,102.75,1.0
VGT,2023-02-28,CNXN,PC Connection Inc,314,43.8,43.79999923706055,1.0000000174187091
VGT,2023-02-28,BLKB,Blackbaud Inc,194,55.69,55.689998626708984,1.0000000246595626
VGT,2023-02-28,TTEC,TTEC Holdings Inc,292,40.26,40.2599983215332,1.0000000416906822
VGT,2023-02-28,PEGA,Pegasystems Inc,212,46.38,46.380001068115234,0.9999999769703491
VGT,2023-02-28,PANW,Palo Alto Networks Inc,26,188.37,188.3699951171875,1.0000000259213921
VGT,2023-02-28,AVT,Avnet Inc,151,44.71,44.709999084472656,1.0000000204770154
VGT,2023-02-28,MITK,Mitek Systems Inc,328,9.3,9.300000190734863,0.9999999794908754
VGT,2023-02-28,PAYC,Paycom Software Inc,75,289.06,289.05999755859375,1.000000008446019
VGT,2023-02-28,COHU,Cohu Inc,219,37.2,37.20000076293945,0.9999999794908754
VGT,2023-02-28,TENB,Tenable Holdings Inc,136,44.23,44.22999954223633,1.0000000103496196
VGT,2023-02-28,ALRM,Alarm.com Holdings Inc,200,50.830000000000005,50.83000183105469,0.9999999639768913
VGT,2023-02-28,VSH,Vishay Intertechnology Inc,184,21.23,21.229999542236328,1.000000021562114
VGT,2023-02-28,KLAC,KLA Corp,28,379.38,379.37999725341797,1.0000000072396595
VGT,2023-02-28,PLAB,Photronics Inc,260,17.62,17.6200008392334,0.9999999523704111
VGT,2023-02-28,HLIT,Harmonic Inc,240,13.19,13.1899995803833,1.0000000318132458
VGT,2023-02-28,UPLD,Upland Software Inc,349,5.79,5.790000152587891,0.9999999736463062
VGT,2023-02-28,CDW,CDW Corp/DE,51,202.42,202.4199981689453,1.000000009045819
VGT,2023-02-28,FN,Fabrinet,147,121.87,121.87000274658203,0.9999999774630183
VGT,2023-02-28,KN,Knowles Corp,227,16.98,16.979999542236328,1.000000026958992
VGT,2023-02-28,HPQ,HP Inc,48,29.52,29.520000457763672,0.9999999844931008
VGT,2023-02-28,PI,Impinj Inc,177,132.62,132.6199951171875,1.000000036818072
VGT,2023-02-28,CRWD,Crowdstrike Holdings Inc,55,120.69,120.69000244140625,0.9999999797712635
VGT,2023-02-28,IBM,International Business Machines Corp,15,129.29999999999998,129.3000030517578,0.9999999763978519
VGT,2023-02-28,MAPS,WM Technology Inc,355,1.105,1.1050000190734863,0.9999999827389267
VGT,2023-02-28,EXTR,Extreme Networks Inc,196,18.72,18.719999313354492,1.0000000366797828
VGT,2023-02-28,CNXC,Concentrix Corp,123,136.84,136.83999633789062,1.000000026761981
VGT,2023-02-28,GLW,Corning Inc,52,33.95,33.95000076293945,0.9999999775275572
VGT,2023-02-28,WEAV,Weave Communications Inc,361,5.17,5.170000076293945,0.9999999852429509
VGT,2023-02-28,GPN,Global Payments Inc,47,112.2,112.19999694824219,1.0000000271992682
VGT,2023-02-28,NCNO,nCino Inc,229,27.25,27.25,1.0
VGT,2023-02-28,APPS,Digital Turbine Inc,272,10.74,10.739999771118164,1.0000000213111584
VGT,2023-02-28,CNDT,Conduent Inc,300,3.98,3.9800000190734863,0.9999999952076668
VGT,2023-02-28,MU,Micron Technology Inc,25,57.82,57.81999969482422,1.0000000052780316
VGT,2023-02-28,PTC,PTC Inc,78,125.32999999999998,125.33000183105469,0.9999999853901327
VGT,2023-02-28,MSI,Motorola Solutions Inc,34,262.81,262.80999755859375,1.0000000092896246
VGT,2023-02-28,BDC,Belden Inc,161,84.38,84.37999725341797,1.0000000325501555
VGT,2023-02-28,AMAT,Applied Materials Inc,18,116.15,116.1500015258789,0.9999999868628594
VGT,2023-02-28,AI,C3.ai Inc,211,22.58,22.579999923706055,1.0000000033788283
VGT,2023-02-28,FICO,Fair Isaac Corp,66,677.39,677.3900146484375,0.9999999783751794
VGT,2023-02-28,NVDA,NVIDIA Corp,3,232.16000000000005,232.15999603271484,1.0000000170885823
VGT,2023-02-28,APPF,Appfolio Inc,189,132.06,132.05999755859375,1.000000018487099
VGT,2023-02-28,MASS,908 Devices Inc,342,9.0,9.0,1.0
VGT,2023-02-28,IDCC,InterDigital Inc,204,72.99000000000001,72.98999786376953,1.0000000292674414
VGT,2023-02-28,EEFT,Euronet Worldwide Inc,133,108.85,108.8499984741211,1.0000000140181802
VGT,2023-02-28,LFUS,Littelfuse Inc,116,258.73,258.7300109863281,0.9999999575374806
VGT,2023-02-28,MA,Mastercard Inc,5,355.29,355.2900085449219,0.9999999759494451
VGT,2023-02-28,FRSH,Freshworks Inc,214,14.94,14.9399995803833,1.0000000280867944
VGT,2023-02-28,PAYX,Paychex Inc,42,110.4,110.4000015258789,0.9999999861786334
VGT,2023-02-28,PLTR,Palantir Technologies Inc,81,7.84,7.840000152587891,0.9999999805372592
VGT,2023-02-28,UCTT,Ultra Clean Holdings Inc,237,31.86,31.860000610351562,0.9999999808427008
VGT,2023-02-28,WDAY,Workday Inc,41,185.47,185.47000122070312,0.9999999934183258
VGT,2023-02-28,SNX,TD SYNNEX Corp,155,96.52,96.5199966430664,1.0000000347796696
VGT,2023-02-28,LWLG,Lightwave Logic Inc,296,5.9,5.900000095367432,0.9999999838360288
VGT,2023-02-28,SLAB,Silicon Laboratories Inc,119,178.53,178.52999877929688,1.0000000068375239
VGT,2023-02-28,DOCU,DocuSign Inc,85,61.35,61.349998474121094,1.0000000248717025
VGT,2023-02-28,VERX,Vertex Inc,277,15.58,15.579999923706055,1.0000000048969155
VGT,2023-02-28,VRNS,Varonis Systems Inc,173,27.08,27.079999923706055,1.000000002817354
VGT,2023-02-28,FSLR,First Solar Inc,70,169.14,169.13999938964844,1.0000000036085583
VGT,2023-02-28,PDFS,PDF Solutions Inc,251,37.44,37.439998626708984,1.0000000366797828
VGT,2023-02-28,ICHR,Ichor Holdings Ltd,270,32.95,32.95000076293945,0.9999999768455408
VGT,2023-02-28,AGYS,Agilysys Inc,217,79.91,79.91000366210938,0.9999999541720784
VGT,2023-02-28,CMRC,BigCommerce Holdings Inc,308,9.52,9.520000457763672,0.999999951915583
VGT,2023-02-28,NTAP,NetApp Inc,77,64.55,64.55000305175781,0.9999999527225767
VGT,2023-02-28,ZS,Zscaler Inc,94,131.15,131.14999389648438,1.0000000465384362
VGT,2023-02-28,AEIS,Advanced Energy Industries Inc,166,93.08,93.08000183105469,0.9999999803281623
VGT,2023-02-28,CRDO,Credo Technology Group Holding Ltd,366,10.61,10.609999656677246,1.0000000323584133
VGT,2023-02-28,OLED,Universal Display Corp,121,135.85,135.85000610351562,0.9999999550716573
VGT,2023-02-28,FIVN,Five9 Inc,144,66.0,66.0,1.0
VGT,2023-02-28,EVTC,EVERTEC Inc,206,36.809999999999995,36.810001373291016,0.9999999626924485
VGT,2023-02-28,ALKT,Alkami Technology Inc,338,15.36,15.359999656677246,1.0000000223517422
VGT,2023-02-28,ONTO,Onto Innovation Inc,156,82.47,82.47000122070312,0.9999999851982162
VGT,2023-02-28,HCKT,Hackett Group Inc/The,320,18.64,18.639999389648438,1.0000000327441836
VGT,2023-02-28,U,Unity Software Inc,113,30.44,30.440000534057617,0.9999999824554006
VGT,2023-02-28,FLEX,Flex Ltd,98,22.76,22.759998403549194,1.0000000701428349
VGT,2023-02-28,AVGO,Broadcom Inc,6,594.29,594.2900085449219,0.9999999856216295
VGT,2023-02-28,JKHY,Jack Henry & Associates Inc,87,164.24,164.24000549316406,0.9999999665540437
VGT,2023-02-28,MX,Magnachip Semiconductor Corp,327,9.58,9.579999923706055,1.0000000079638776
VGT,2023-02-28,VISN,CommScope Holding Co Inc,235,7.24,7.239999771118164,1.0000000316135143
VGT,2023-02-28,CSCO,Cisco Systems Inc,7,48.42,48.41999816894531,1.0000000378160834
VGT,2023-02-28,SCSC,ScanSource Inc,284,31.179999999999996,31.18000030517578,0.9999999902124509
VGT,2023-02-28,IIIV,I3 Verticals Inc,310,24.61,24.610000610351562,0.9999999751990432
VGT,2023-02-28,DBX,Dropbox Inc,129,20.4,20.399999618530273,1.0000000186994966
VGT,2023-02-28,PD,PagerDuty Inc,201,29.86,29.860000610351562,0.9999999795595595
VGT,2023-02-28,ANET,Arista Networks Inc,44,138.7,138.6999969482422,1.0000000220025802
VGT,2023-02-28,TDC,Teradata Corp,150,40.76,40.7599983215332,1.0000000411792656
VGT,2023-02-28,SSNC,SS&C Technologies Holdings Inc,79,58.7,58.70000076293945,0.9999999870027353
VGT,2023-02-28,RNG,RingCentral Inc,187,33.04,33.040000915527344,0.9999999722903353
VGT,2023-02-28,CTSH,Cognizant Technology Solutions Corp,46,62.629999999999995,62.630001068115234,0.9999999829456295
VGT,2023-02-28,GWRE,Guidewire Software Inc,127,70.21,70.20999908447266,1.0000000130398425
VGT,2023-02-28,NTGR,NETGEAR Inc,313,18.1,18.100000381469727,0.999999978924325
VGT,2023-02-28,PAY,Paymentus Holdings Inc,344,8.95,8.949999809265137,1.0000000213111584
VGT,2023-02-28,MXL,MaxLinear Inc,190,34.21,34.209999084472656,1.000000026761981
VGT,2023-02-28,CRSR,Corsair Gaming Inc,289,17.5,17.5,1.0
VGT,2023-02-28,AKAM,Akamai Technologies Inc,92,72.6,72.5999984741211,1.000000021017616
VGT,2023-02-28,ENTG,Entegris Inc,84,85.23,85.2300033569336,0.9999999606132411
VGT,2023-02-28,SPSC,SPS Commerce Inc,130,150.64,150.63999938964844,1.000000004051723
VGT,2023-02-28,AMBA,Ambarella Inc,167,94.31,94.30999755859375,1.0000000258870354
VGT,2023-02-28,VIAV,Viavi Solutions Inc,195,10.94,10.9399995803833,1.0000000383561896
VGT,2023-02-28,GDYN,Grid Dynamics Holdings Inc,311,11.65,11.649999618530273,1.0000000327441836
VGT,2023-05-31,EXLS,ExlService Holdings Inc,133,150.94,150.93999862670898,1.0000000090982577
VGT,2023-05-31,OSIS,OSI Systems Inc,211,119.01,119.01000213623047,0.9999999820499922
VGT,2023-05-31,MVIS,MicroVision Inc,259,4.6899999999999995,4.689999898274739,1.0000000216898215
VGT,2023-05-31,VERI,Veritone Inc,347,3.94,3.940000057220459,0.999999985477041
VGT,2023-05-31,MIR,Mirion Technologies Inc,260,7.91,7.909999847412109,1.000000019290505
VGT,2023-05-31,TER,Teradyne Inc,73,100.19,100.19000244140625,0.9999999756322369
VGT,2023-05-31,SNPS,Synopsys Inc,24,454.96,454.9599914550781,1.0000000187816995
VGT,2023-05-31,IT,Gartner Inc,53,342.86,342.8599853515625,1.0000000427242552
VGT,2023-05-31,WK,Workiva Inc,145,96.86,96.86000061035156,0.9999999936986211
VGT,2023-05-31,ACLS,Axcelis Technologies Inc,131,157.55,157.5500030517578,0.9999999806299096
VGT,2023-05-31,RMNI,Rimini Street Inc,331,4.6000000000000005,4.599999904632568,1.000000020732051
VGT,2023-05-31,BHE,Benchmark Electronics Inc,283,23.61,23.610000610351562,0.9999999741486003
VGT,2023-05-31,MTSI,MACOM Technology Solutions Holdings Inc,176,59.83,59.83000183105469,0.9999999693957107
VGT,2023-05-31,CVLT,CommVault Systems Inc,181,69.69,69.69000244140625,0.9999999649676257
VGT,2023-05-31,DMRC,Digimarc Corp,297,30.86,30.860000610351562,0.9999999802219199
VGT,2023-05-31,ARW,Arrow Electronics Inc,109,126.64,126.63999938964844,1.0000000048195796
VGT,2023-05-31,ALGM,Allegro MicroSystems Inc,185,39.33,39.33000183105469,0.9999999534438189
VGT,2023-05-31,MDB,MongoDB Inc,62,293.78999999999996,293.7900085449219,0.9999999709148655
VGT,2023-05-31,NSSC,Napco Security Technologies Inc,253,37.19,37.189998626708984,1.0000000369263529
VGT,2023-05-31,GDDY,GoDaddy Inc,92,73.38000000000001,73.37999725341797,1.000000037429574
VGT,2023-05-31,LAW,CS Disco Inc,334,8.27,8.270000457763672,0.9999999446476848
VGT,2023-05-31,INDI,indie Semiconductor Inc,284,9.5,9.5,1.0
VGT,2023-05-31,CGNX,Cognex Corp,104,54.959999999999994,54.959999084472656,1.000000016658067
VGT,2023-05-31,TEAM,Atlassian Corp,258,180.79,180.7899932861328,1.0000000371362765
VGT,2023-05-31,AAPL,Apple Inc,1,177.25,177.25,1.0
VGT,2023-05-31,SNOW,Snowflake Inc,41,165.36,165.36000061035156,0.9999999963089529
VGT,2023-05-31,JBL,Jabil Inc,85,89.52,89.5199966430664,1.0000000374992595
VGT,2023-05-31,CXM,Sprinklr Inc,272,13.3,13.300000190734863,0.9999999856590331
VGT,2023-05-31,ADI,Analog Devices Inc,20,177.69,177.69000244140625,0.9999999862603061
VGT,2023-05-31,QTWO,Q2 Holdings Inc,226,29.12,29.1200008392334,0.9999999711801726
VGT,2023-05-31,CALX,Calix Inc,187,46.61,46.61000061035156,0.9999999869051373
VGT,2023-05-31,TTMI,TTM Technologies Inc,250,13.7,13.699999809265137,1.000000013922253
VGT,2023-05-31,KD,Kyndryl Holdings Inc,202,12.56,12.5600004196167,0.9999999665910283
VGT,2023-05-31,RBBN,Ribbon Communications Inc,338,2.78,2.7799999713897705,1.0000000102914495
VGT,2023-05-31,PCOR,Procore Technologies Inc,222,60.470000000000006,60.470001220703125,0.9999999798130793
VGT,2023-05-31,AMD,Advanced Micro Devices Inc,11,118.21,118.20999908447266,1.000000007744923
VGT,2023-05-31,NSIT,Insight Enterprises Inc,137,135.22,135.22000122070312,0.9999999909724663
VGT,2023-05-31,SEDG,SolarEdge Technologies Inc,74,284.83,284.8299865722656,1.00000004714298
VGT,2023-05-31,APH,Amphenol Corp,35,75.45,75.44999694824219,1.0000000404474214
VGT,2023-05-31,VECO,Veeco Instruments Inc,244,24.409999999999997,24.40999984741211,1.0000000062510401
VGT,2023-05-31,PRGS,Progress Software Corp,189,60.0,60.0,1.0
VGT,2023-05-31,MSFT,Microsoft Corp,2,328.39,328.3900146484375,0.9999999553931701
VGT,2023-05-31,IPGP,IPG Photonics Corp,156,110.47,110.47000122070312,0.9999999889499129
VGT,2023-05-31,NOW,ServiceNow Inc,19,544.78,544.7800064086914,0.9999999882361846
VGT,2023-05-31,LRCX,Lam Research Corp,22,616.7,616.6999816894531,1.0000000296911749
VGT,2023-05-31,LITE,Lumentum Holdings Inc,164,52.9,52.900001525878906,0.999999971155409
VGT,2023-05-31,V,Visa Inc,4,221.03,221.02999877929688,1.0000000055227938
VGT,2023-05-31,ESTC,Elastic NV,129,72.82,72.81999969482422,1.0000000041908237
VGT,2023-05-31,EPAM,EPAM Systems Inc,79,256.62,256.6199951171875,1.0000000190274048
VGT,2023-05-31,NET,Cloudflare Inc,67,69.16000000000001,69.16000366210938,0.9999999470487396
VGT,2023-05-31,TRMB,Trimble Inc,93,46.67,46.66999816894531,1.0000000392340853
VGT,2023-05-31,PLUS,ePlus Inc,243,49.39,49.38999938964844,1.0000000123577966
VGT,2023-05-31,SMRT,SmartRent Inc,300,3.5999999999999996,3.5999999046325684,1.0000000264909539
VGT,2023-05-31,ADBE,Adobe Inc,9,417.79,417.7900085449219,0.9999999795473283
VGT,2023-05-31,CLFD,Clearfield Inc,360,39.11,39.11000061035156,0.9999999843939772
VGT,2023-05-31,AFRM,Affirm Holdings Inc,175,14.86,14.859999656677246,1.0000000231038197
VGT,2023-05-31,ON,ON Semiconductor Corp,42,83.6,83.5999984741211,1.0000000182521402
VGT,2023-05-31,TLS,Telos Corp,350,3.21,3.2100000381469727,0.999999988116208
VGT,2023-05-31,INTU,Intuit Inc,18,419.11999999999995,419.1199951171875,1.000000011650154
VGT,2023-05-31,AEVA,Aeva Technologies Inc,344,1.2,1.2000000000000002,0.9999999999999998
VGT,2023-05-31,OSPN,OneSpan Inc,303,15.140000000000002,15.140000343322754,0.9999999773234648
VGT,2023-05-31,AOSL,Alpha & Omega Semiconductor Ltd,299,27.69,27.690000534057617,0.9999999807129792
VGT,2023-05-31,MARA,Marathon Digital Holdings Inc,256,9.79,9.789999961853027,1.0000000038965242
VGT,2023-05-31,DV,DoubleVerify Holdings Inc,231,34.87,34.869998931884766,1.0000000306313526
VGT,2023-05-31,SWKS,Skyworks Solutions Inc,69,103.51,103.51000213623047,0.9999999793620865
VGT,2023-05-31,DLB,Dolby Laboratories Inc,132,82.53,82.52999877929688,1.0000000147910233
VGT,2023-05-31,NXPI,NXP Semiconductors NV,32,179.1,179.10000610351562,0.9999999659211869
VGT,2023-05-31,INTA,Intapp Inc,293,42.27,42.27000045776367,0.9999999891704835
VGT,2023-05-31,RIOT,Riot Platforms Inc,207,12.0,12.0,1.0
VGT,2023-05-31,MRVL,Marvell Technology Inc,30,58.49,58.4900016784668,0.9999999713033554
VGT,2023-05-31,TWLO,Twilio Inc,87,69.62,69.62000274658203,0.9999999605489526
VGT,2023-05-31,BRZE,Braze Inc,269,33.11,33.11000061035156,0.9999999815659453
VGT,2023-05-31,ADSK,Autodesk Inc,36,199.39,199.38999938964844,1.000000003061094
VGT,2023-05-31,KEYS,Keysight Technologies Inc,49,161.79999999999998,161.8000030517578,0.9999999811387035
VGT,2023-05-31,WEX,WEX Inc,113,165.85,165.85000610351562,0.9999999631985806
VGT,2023-05-31,ARLO,Arlo Technologies Inc,251,9.67,9.670000076293945,0.9999999921102436
VGT,2023-05-31,PRCH,Porch Group Inc,361,1.41,1.409999966621399,1.0000000236727673
VGT,2023-05-31,CASS,Cass Information Systems Inc,311,38.62,38.619998931884766,1.0000000276570498
VGT,2023-05-31,GTLB,Gitlab Inc,228,36.959999999999994,36.959999084472656,1.0000000247707619
VGT,2023-05-31,WDC,Western Digital Corp,86,38.73,38.72999933624268,1.000000017138067
VGT,2023-05-31,ADP,Automatic Data Processing Inc,21,208.99,208.99000549316406,0.9999999737156615
VGT,2023-05-31,GEN,Gen Digital Inc,100,17.54,17.540000915527344,0.9999999478034608
VGT,2023-05-31,CTS,CTS Corp,239,45.67,45.66999816894531,1.0000000400931632
VGT,2023-05-31,PCTY,Paylocity Holding Corp,116,172.75,172.75,1.0
VGT,2023-05-31,S,SentinelOne Inc,160,21.38,21.3799991607666,1.0000000392532007
VGT,2023-05-31,EXFY,Expensify Inc,346,6.92,6.920000076293945,0.9999999889748635
VGT,2023-05-31,PATH,UiPath Inc,192,17.89,17.889999389648438,1.0000000341169135
VGT,2023-05-31,PLXS,Plexus Corp,196,90.68,90.68000030517578,0.9999999966345856
VGT,2023-05-31,SPT,Sprout Social Inc,213,43.31,43.310001373291016,0.9999999682915962
VGT,2023-05-31,ORCL,Oracle Corp,12,105.94,105.94000244140625,0.9999999769548217
VGT,2023-05-31,DELL,Dell Technologies Inc,88,44.81,44.810001373291016,0.9999999693530245
VGT,2023-05-31,ACMR,ACM Research Inc,319,10.11,10.109999656677246,1.0000000339587305
VGT,2023-05-31,INTC,Intel Corp,14,31.44,31.440000534057617,0.9999999830134348
VGT,2023-05-31,MPWR,Monolithic Power Systems Inc,60,489.91,489.9100036621094,0.9999999925249345
VGT,2023-05-31,YOU,Clear Secure Inc,281,24.71,24.709999084472656,1.0000000370508855
VGT,2023-05-31,TYL,Tyler Technologies Inc,70,396.96,396.9599914550781,1.000000021525902
VGT,2023-05-31,CIFR,Cipher Mining Inc,332,2.54,2.5399999618530273,1.0000000150184933
VGT,2023-05-31,SABR,Sabre Corp,279,3.0999999999999996,3.0999999046325684,1.0000000307636885
VGT,2023-05-31,ZBRA,Zebra Technologies Corp,83,262.57,262.57000732421875,0.9999999721056535
VGT,2023-05-31,RPAY,Repay Holdings Corp,317,6.33,6.329999923706055,1.0000000120527561
VGT,2023-05-31,APP,AppLovin Corp,168,25.01,25.010000228881836,0.9999999908483873
VGT,2023-05-31,NTNX,Nutanix Inc,118,29.62,29.6200008392334,0.9999999716666653
VGT,2023-05-31,KLIC,Kulicke & Soffa Industries Inc,171,52.879999999999995,52.880001068115234,0.9999999798011494
VGT,2023-05-31,CIEN,Ciena Corp,115,46.739999999999995,46.7400016784668,0.9999999640892867
VGT,2023-05-31,DGII,Digi International Inc,248,35.95,35.95000076293945,0.9999999787777626
VGT,2023-05-31,FFIV,F5 Inc,107,147.58,147.5800018310547,0.9999999875927995
VGT,2023-05-31,LTCH,Latch Inc,340,1.0,1.0,1.0
VGT,2023-05-31,PAR,PAR Technology Corp,266,34.57,34.56999969482422,1.0000000088277634
VGT,2023-05-31,IOT,Samsara Inc,234,19.25,19.25,1.0
VGT,2023-05-31,SMCI,Super Micro Computer Inc,98,223.95,223.95000457763672,0.9999999795595595
VGT,2023-05-31,ADTN,ADTRAN Holdings Inc,304,8.91,8.90999984741211,1.000000017125465
VGT,2023-05-31,AMKR,Amkor Technology Inc,186,24.78,24.780000686645508,0.9999999722903354
VGT,2023-05-31,MANH,Manhattan Associates Inc,94,181.42,181.4199981689453,1.0000000100929043
VGT,2023-05-31,APPN,Appian Corp,235,42.83,42.83000183105469,0.9999999572483164
VGT,2023-05-31,MQ,Marqeta Inc,221,4.79,4.789999961853027,1.0000000079638776
VGT,2023-05-31,SYNA,Synaptics Inc,167,86.03999999999999,86.04000091552734,0.9999999893592824
VGT,2023-05-31,IMXI,International Money Express Inc,288,23.3,23.299999237060547,1.0000000327441836
VGT,2023-05-31,VSAT,Viasat Inc,190,44.61,44.61000061035156,0.9999999863180553
VGT,2023-05-31,QRVO,Qorvo Inc,101,97.26,97.26000213623047,0.9999999780358789
VGT,2023-05-31,RXT,Rackspace Technology Inc,351,1.56,1.559999942779541,1.0000000366797828
VGT,2023-05-31,ZETA,Zeta Global Holdings Corp,263,9.02,9.020000457763672,0.9999999492501498
VGT,2023-05-31,FCUV,Focus Universal Inc,353,1.67,1.6700000000000004,0.9999999999999998
VGT,2023-05-31,DDOG,Datadog Inc,58,94.91,94.91000366210938,0.9999999614149274
VGT,2023-05-31,SANM,Sanmina Corp,173,53.04,53.040000915527344,0.9999999827389267
VGT,2023-05-31,TEL,TE Connectivity Ltd,40,122.48,122.4800033569336,0.9999999725919865
VGT,2023-05-31,VNT,Vontier Corp,140,29.64,29.639999389648438,1.0000000205921584
VGT,2023-05-31,VYX,NCR Corp,169,23.7,23.699999408721922,1.0000000249484426
VGT,2023-05-31,WULF,Terawulf Inc,348,1.5,1.5,1.0
VGT,2023-05-31,DXC,DXC Technology Co,126,25.03,25.030000686645508,0.9999999725670999
VGT,2023-05-31,HUBS,HubSpot Inc,56,517.99,517.989990234375,1.0000000188529223
VGT,2023-05-31,TCX,Tucows Inc,328,31.1,31.100000381469727,0.9999999877340926
VGT,2023-05-31,MCHP,Microchip Technology Inc,38,75.26,75.26000213623047,0.9999999716153282
VGT,2023-05-31,NTCT,NetScout Systems Inc,204,30.52,30.520000457763672,0.9999999850011905
VGT,2023-05-31,QLYS,Qualys Inc,146,126.26,126.26000213623047,0.9999999830807031
VGT,2023-05-31,FROG,JFrog Ltd,254,24.36,24.360000610351562,0.9999999749445178
VGT,2023-05-31,MKSI,MKS Instruments Inc,125,97.31,97.30999755859375,1.000000025088956
VGT,2023-05-31,P,Pure Storage Inc,110,28.79,28.790000915527344,0.9999999681998154
VGT,2023-05-31,DOCN,DigitalOcean Holdings Inc,219,39.15,39.150001525878906,0.9999999610248059
VGT,2023-05-31,SMTC,Semtech Corp,247,21.74,21.739999771118164,1.0000000105281435
VGT,2023-05-31,RMBS,Rambus Inc,114,63.959999999999994,63.959999084472656,1.000000014314061
VGT,2023-05-31,STX,Seagate Technology Holdings PLC,89,60.1,60.099998474121094,1.0000000253890007
VGT,2023-05-31,DT,Dynatrace Inc,99,50.99,50.9900016784668,0.999999967082433
VGT,2023-05-31,SITM,SiTime Corp,233,99.17,99.16999816894531,1.0000000184637967
VGT,2023-05-31,PYPL,PayPal Holdings Inc,26,61.99,61.9900016784668,0.9999999729235884
VGT,2023-05-31,WU,Western Union Co/The,148,11.39,11.390000343322754,0.9999999698575291
VGT,2023-05-31,ACIW,ACI Worldwide Inc,197,22.81,22.809999465942383,1.0000000234133113
VGT,2023-05-31,NABL,N-able Inc,285,14.2,14.199999809265137,1.0000000134320328
VGT,2023-05-31,WOLF,Wolfspeed Inc,124,48.04,,
VGT,2023-05-31,VRRM,Verra Mobility Corp,195,17.63,17.6299991607666,1.0000000476025772
VGT,2023-05-31,BL,BlackLine Inc,180,52.07,52.06999969482422,1.0000000058608753
VGT,2023-05-31,AVPT,AvePoint Inc,291,6.61,6.610000133514404,0.9999999798011496
VGT,2023-05-31,ATEN,A10 Networks Inc,268,14.89,14.890000343322754,0.9999999769427304
VGT,2023-05-31,CDNS,Cadence Design Systems Inc,28,230.91000000000005,230.91000366210938,0.9999999841405341
VGT,2023-05-31,ROP,Roper Technologies Inc,31,454.22,454.2200012207031,0.999999997312529
VGT,2023-05-31,COHR,Coherent Corp,139,36.96,36.959999084472656,1.000000024770762
VGT,2023-05-31,LSCC,Lattice Semiconductor Corp,95,81.31,81.30999755859375,1.0000000300259049
VGT,2023-05-31,FORM,FormFactor Inc,194,31.29,31.290000915527344,0.9999999707405779
VGT,2023-05-31,ZM,Zoom Video Communications Inc,76,67.13,67.12999725341797,1.0000000409143772
VGT,2023-05-31,CPAY,FleetCor Technologies Inc,71,226.55,226.5500030517578,0.9999999865294295
VGT,2023-05-31,TASK,TaskUS Inc,337,10.85,10.850000381469727,0.9999999648415011
VGT,2023-05-31,MMS,Maximus Inc,136,80.96,80.95999908447266,1.0000000113083911
VGT,2023-05-31,BMI,Badger Meter Inc,152,137.87,137.8699951171875,1.0000000354160634
VGT,2023-05-31,HPE,Hewlett Packard Enterprise Co,65,14.42,14.420000076293945,0.9999999947091578
VGT,2023-05-31,CEVA,CEVA Inc,302,25.020000000000003,25.020000457763672,0.9999999817040903
VGT,2023-05-31,FISV,Fiserv Inc,25,112.19,112.19000244140625,0.999999978238647
VGT,2023-05-31,BSY,Bentley Systems Inc,105,48.78,48.779998779296875,1.000000025024665
VGT,2023-05-31,FIS,Fidelity National Information Services Inc,44,54.57,54.56999969482422,1.0000000055923728
VGT,2023-05-31,FTNT,Fortinet Inc,34,68.33,68.33000183105469,0.9999999732027712
VGT,2023-05-31,ADEA,Adeia Inc,264,9.81,9.8100004196167,0.9999999572256186
VGT,2023-05-31,ASAN,Asana Inc,217,23.88,23.8799991607666,1.0000000351437783
VGT,2023-05-31,CRNC,Cerence Inc,255,28.52,28.520000457763672,0.9999999839493806
VGT,2023-05-31,ITRI,Itron Inc,170,67.73,67.7300033569336,0.9999999504365359
VGT,2023-05-31,RELY,Remitly Global Inc,223,18.34,18.34000015258789,0.9999999916800496
VGT,2023-05-31,RPD,Rapid7 Inc,177,47.72,47.720001220703125,0.9999999744194658
VGT,2023-05-31,ENPH,Enphase Energy Inc,57,173.88,173.8800048828125,0.9999999719184934
VGT,2023-05-31,NVTS,Navitas Semiconductor Corp,277,8.549999999999999,8.550000190734863,0.9999999776918292
VGT,2023-05-31,PAYO,Payoneer Global Inc,282,4.15,4.150000095367432,0.9999999770198966
VGT,2023-05-31,VRSN,VeriSign Inc,61,223.32,223.32000732421875,0.9999999672030336
VGT,2023-05-31,HUCK,Domo Inc,321,13.45,13.449999809265137,1.0000000141810308
VGT,2023-05-31,AMPL,Amplitude Inc,313,9.74,9.739999771118164,1.0000000234991624
VGT,2023-05-31,MEI,Methode Electronics Inc,230,43.05,43.04999923706055,1.000000017722171
VGT,2023-05-31,DIOD,Diodes Inc,151,89.83999999999999,89.83999633789062,1.0000000407625724
VGT,2023-05-31,OUST,Ouster Inc,326,6.8100000000000005,6.809999942779541,1.000000008402417
VGT,2023-05-31,UIS,Unisys Corp,335,3.93,3.930000066757202,0.9999999830134348
VGT,2023-05-31,EGHT,8x8 Inc,322,4.08,4.079999923706055,1.0000000186994968
VGT,2023-05-31,QCOM,QUALCOMM Inc,15,113.41,113.41000366210938,0.999999967709115
VGT,2023-05-31,FSLY,Fastly Inc,212,16.28,16.280000686645508,0.9999999578227593
VGT,2023-05-31,NOVT,Novanta Inc,123,165.6,165.60000610351562,0.9999999631430229
VGT,2023-05-31,TXN,Texas Instruments Inc,13,173.88,173.8800048828125,0.9999999719184934
VGT,2023-05-31,ROG,Rogers Corp,174,157.47,157.47000122070312,0.9999999922480275
VGT,2023-05-31,BILL,BILL Holdings Inc,103,103.58,103.58000183105469,0.9999999823223146
VGT,2023-05-31,BR,Broadridge Financial Solutions Inc,68,146.72,146.72000122070312,0.9999999916800496
VGT,2023-05-31,FLYW,Flywire Corp,267,30.040000000000003,30.040000915527344,0.9999999695230588
VGT,2023-05-31,LASR,nLight Inc,290,14.46,14.460000038146973,0.9999999973618968
VGT,2023-05-31,POWI,Power Integrations Inc,134,86.39999999999999,86.4000015258789,0.9999999823393647
VGT,2023-05-31,BOX,Box Inc,154,28.17,28.170000076293945,0.9999999972916598
VGT,2023-05-31,YEXT,Yext Inc,261,9.19,9.1899995803833,1.0000000456601434
VGT,2023-05-31,CRM,Salesforce Inc,7,223.38,223.3800048828125,0.9999999781412284
VGT,2023-05-31,RAMP,LiveRamp Holdings Inc,227,24.34,24.34000015258789,0.9999999937309824
VGT,2023-05-31,XRX,Xerox Holdings Corp,229,14.07,14.069999694824219,1.0000000216898215
VGT,2023-05-31,IONQ,IonQ Inc,218,10.79,10.789999961853027,1.0000000035354006
VGT,2023-05-31,OKTA,Okta Inc,82,90.9,90.9000015258789,0.9999999832136537
VGT,2023-05-31,FOUR,Shift4 Payments Inc,172,62.72,62.720001220703125,0.9999999805372592
VGT,2023-05-31,MSTR,MicroStrategy Inc,178,301.63,301.63000106811523,0.9999999964588561
VGT,2023-05-31,TDY,Teledyne Technologies Inc,66,388.65,388.6499938964844,1.0000000157044016
VGT,2023-05-31,CCSI,Consensus Cloud Solutions Inc,301,36.45,36.45000076293945,0.9999999790688769
VGT,2023-05-31,TOST,Toast Inc,141,20.97,20.969999313354492,1.0000000327441836
VGT,2023-05-31,XYZ,Block Inc,47,60.38999999999999,60.38999938964844,1.0000000101068316
VGT,2023-05-31,ACN,Accenture PLC,10,305.91999999999996,305.9200134277344,0.9999999561070416
VGT,2023-05-31,LIDR,AEye Inc,356,0.2036999984116469,0.20399999618530273,0.9985294226506587
VGT,2023-05-31,CRUS,Cirrus Logic Inc,149,77.68,77.68000030517578,0.9999999960713727
VGT,2023-05-31,CNXN,PC Connection Inc,306,44.97,44.970001220703125,0.9999999728551681
VGT,2023-05-31,BLKB,Blackbaud Inc,166,73.36,73.36000061035156,0.9999999916800496
VGT,2023-05-31,TTEC,TTEC Holdings Inc,307,31.72,31.719999313354492,1.0000000216470846
VGT,2023-05-31,PEGA,Pegasystems Inc,210,48.36,48.36000061035156,0.9999999873790001
VGT,2023-05-31,CISO,CISO Global Inc,362,0.171700016031556,0.17199999491373696,0.9982559366799317
VGT,2023-05-31,PANW,Palo Alto Networks Inc,27,213.39,213.38999938964844,1.0000000028602631
VGT,2023-05-31,AVT,Avnet Inc,150,43.84,43.84000015258789,0.9999999965194369
VGT,2023-05-31,MITK,Mitek Systems Inc,309,10.42,10.420000076293945,0.9999999926781243
VGT,2023-05-31,PAYC,Paycom Software Inc,81,280.13,280.1300048828125,0.999999982569477
VGT,2023-05-31,COHU,Cohu Inc,216,38.34,38.34000015258789,0.9999999960201386
VGT,2023-05-31,TENB,Tenable Holdings Inc,144,40.99,40.9900016784668,0.9999999590517998
VGT,2023-05-31,ALRM,Alarm.com Holdings Inc,199,50.22,50.220001220703125,0.9999999756928893
VGT,2023-05-31,VSH,Vishay Intertechnology Inc,165,25.78,25.780000686645508,0.9999999733651866
VGT,2023-05-31,KLAC,KLA Corp,29,442.99,442.98999786376953,1.0000000048222997
VGT,2023-05-31,PLAB,Photronics Inc,242,21.23,21.229999542236328,1.000000021562114
VGT,2023-05-31,HLIT,Harmonic Inc,215,17.61,17.610000610351562,0.999999965340628
VGT,2023-05-31,UPLD,Upland Software Inc,352,2.81,2.8100000381469727,0.9999999864245651
VGT,2023-05-31,CDW,CDW Corp/DE,59,171.69,171.69000244140625,0.999999985780149
VGT,2023-05-31,FN,Fabrinet,153,113.22,113.22000122070312,0.9999999892183085
VGT,2023-05-31,KN,Knowles Corp,224,17.98,17.979999542236328,1.0000000254596042
VGT,2023-05-31,HPQ,HP Inc,48,29.06,29.059999465942383,1.0000000183777573
VGT,2023-05-31,PI,Impinj Inc,205,102.34,102.33999633789062,1.0000000357837553
VGT,2023-05-31,CRWD,Crowdstrike Holdings Inc,45,160.13,160.1300048828125,0.9999999695071982
VGT,2023-05-31,IBM,International Business Machines Corp,16,128.59,128.58999633789062,1.00000002847896
VGT,2023-05-31,MAPS,WM Technology Inc,349,1.02,1.0199999809265137,1.0000000186994968
VGT,2023-05-31,EXTR,Extreme Networks Inc,184,20.6,20.600000381469727,0.9999999814820525
VGT,2023-05-31,CNXC,Concentrix Corp,161,87.7,87.69999694824219,1.0000000347976958
VGT,2023-05-31,GLW,Corning Inc,55,30.81,30.809999465942383,1.0000000173339054
VGT,2023-05-31,WEAV,Weave Communications Inc,357,7.82,7.820000171661377,0.9999999780484178
VGT,2023-05-31,GPN,Global Payments Inc,52,97.69,97.69000244140625,0.9999999750086376
VGT,2023-05-31,NCNO,nCino Inc,236,27.49,27.489999771118164,1.0000000083260034
VGT,2023-05-31,APPS,Digital Turbine Inc,287,9.14,9.140000343322754,0.9999999624373369
VGT,2023-05-31,CNDT,Conduent Inc,320,3.03,3.0299999713897705,1.00000000944232
VGT,2023-05-31,MU,Micron Technology Inc,23,68.2,68.19999694824219,1.000000044747184
VGT,2023-05-31,PTC,PTC Inc,77,134.4,134.39999389648438,1.0000000454130649
VGT,2023-05-31,MSI,Motorola Solutions Inc,33,281.91999999999996,281.9200134277344,0.9999999523704108
VGT,2023-05-31,BDC,Belden Inc,157,87.49,87.48999786376953,1.0000000244168534
VGT,2023-05-31,AMAT,Applied Materials Inc,17,133.29999999999998,133.3000030517578,0.9999999771060933
VGT,2023-05-31,AI,C3.ai Inc,162,40.01,40.0099983215332,1.0000000419511839
VGT,2023-05-31,FICO,Fair Isaac Corp,63,787.6700000000001,787.6699829101562,1.0000000216967058
VGT,2023-05-31,NVDA,NVIDIA Corp,3,378.34,378.3399963378906,1.0000000096794137
VGT,2023-05-31,APPF,Appfolio Inc,183,143.15,143.14999389648438,1.0000000426372049
VGT,2023-05-31,MASS,908 Devices Inc,339,8.71,8.710000038146973,0.9999999956203247
VGT,2023-05-31,IDCC,InterDigital Inc,193,83.04,83.04000091552734,0.9999999889748636
VGT,2023-05-31,EEFT,Euronet Worldwide Inc,128,111.4,111.4000015258789,0.999999986302703
VGT,2023-05-31,LFUS,Littelfuse Inc,120,256.03999999999996,256.0400085449219,0.9999999666266145
VGT,2023-05-31,MA,Mastercard Inc,6,365.02,365.0199890136719,1.0000000300978809
VGT,2023-05-31,FRSH,Freshworks Inc,209,15.760000000000002,15.760000228881836,0.9999999854770412
VGT,2023-05-31,PAYX,Paychex Inc,43,104.93,104.93000030517578,0.9999999970916251
VGT,2023-05-31,PLTR,Palantir Technologies Inc,54,14.71,14.710000038146973,0.9999999974067321
VGT,2023-05-31,UCTT,Ultra Clean Holdings Inc,232,34.28,34.279998779296875,1.0000000356097773
VGT,2023-05-31,WDAY,Workday Inc,37,211.99,211.99000549316406,0.9999999740876272
VGT,2023-05-31,SNX,TD SYNNEX Corp,159,89.38,89.37999725341797,1.0000000307292696
VGT,2023-05-31,LWLG,Lightwave Logic Inc,271,7.41,7.409999847412109,1.0000000205921584
VGT,2023-05-31,SLAB,Silicon Laboratories Inc,138,140.67,140.6699981689453,1.0000000130166682
VGT,2023-05-31,DOCU,DocuSign Inc,96,56.4,56.400001525878906,0.9999999729454102
VGT,2023-05-31,VERX,Vertex Inc,246,21.98,21.979999542236328,1.000000020826373
VGT,2023-05-31,VRNS,Varonis Systems Inc,179,26.28,26.280000686645508,0.9999999738719373
VGT,2023-05-31,FSLR,First Solar Inc,64,202.96,202.9600067138672,0.9999999669202456
VGT,2023-05-31,PDFS,PDF Solutions Inc,241,42.25,42.25,1.0
VGT,2023-05-31,ICHR,Ichor Holdings Ltd,274,30.3,30.299999237060547,1.0000000251795205
VGT,2023-05-31,AGYS,Agilysys Inc,220,74.34,74.33999633789062,1.0000000492616299
VGT,2023-05-31,CMRC,BigCommerce Holdings Inc,323,7.97,7.96999979019165,1.0000000263247621
VGT,2023-05-31,NTAP,NetApp Inc,78,66.35,66.3499984741211,1.0000000229974217
VGT,2023-05-31,ZS,Zscaler Inc,91,135.48,135.47999572753906,1.0000000315357327
VGT,2023-05-31,AEIS,Advanced Energy Industries Inc,158,98.15,98.1500015258789,0.9999999844536028
VGT,2023-05-31,CRDO,Credo Technology Group Holding Ltd,358,13.42,13.420000076293945,0.9999999943149073
VGT,2023-05-31,OLED,Universal Display Corp,119,147.32999999999998,147.3300018310547,0.9999999875717459
VGT,2023-05-31,FIVN,Five9 Inc,143,66.11,66.11000061035156,0.9999999907676363
VGT,2023-05-31,EVTC,EVERTEC Inc,214,34.480000000000004,34.47999954223633,1.0000000132762088
VGT,2023-05-31,ALKT,Alkami Technology Inc,330,15.0,15.0,1.0
VGT,2023-05-31,ONTO,Onto Innovation Inc,130,107.35,107.3499984741211,1.0000000142140562
VGT,2023-05-31,HCKT,Hackett Group Inc/The,308,19.39,19.389999389648438,1.0000000314776474
VGT,2023-05-31,U,Unity Software Inc,112,29.72,29.719999313354492,1.0000000231038197
VGT,2023-05-31,FLEX,Flex Ltd,90,25.39,25.39000150299072,0.9999999408038349
VGT,2023-05-31,AVGO,Broadcom Inc,5,807.96,807.9599761962891,1.0000000294614977
VGT,2023-05-31,JKHY,Jack Henry & Associates Inc,97,152.89,152.88999938964844,1.000000003992096
VGT,2023-05-31,MX,Magnachip Semiconductor Corp,315,10.23,10.229999542236328,1.000000044747184
VGT,2023-05-31,VISN,CommScope Holding Co Inc,289,4.16,4.159999847412109,1.0000000366797828
VGT,2023-05-31,CSCO,Cisco Systems Inc,8,49.669999999999995,49.66999816894531,1.0000000368644
VGT,2023-05-31,SCSC,ScanSource Inc,292,28.76,28.760000228881836,0.9999999920416609
VGT,2023-05-31,IIIV,I3 Verticals Inc,316,22.85,22.850000381469727,0.9999999833054828
VGT,2023-05-31,DBX,Dropbox Inc,121,23.020000000000003,23.020000457763672,0.999999980114524
VGT,2023-05-31,PD,PagerDuty Inc,206,27.21,27.209999084472656,1.0000000336467245
VGT,2023-05-31,ANET,Arista Networks Inc,39,166.34,166.33999633789062,1.0000000220158078
VGT,2023-05-31,TDC,Teradata Corp,135,46.86,46.86000061035156,0.9999999869749988
VGT,2023-05-31,SSNC,SS&C Technologies Holdings Inc,84,54.96,54.959999084472656,1.000000016658067
VGT,2023-05-31,RNG,RingCentral Inc,182,34.7,34.70000076293945,0.9999999780132728
VGT,2023-05-31,CTSH,Cognizant Technology Solutions Corp,46,62.489999999999995,62.4900016784668,0.9999999731402344
VGT,2023-05-31,GWRE,Guidewire Software Inc,117,82.98,82.9800033569336,0.9999999595452705
VGT,2023-05-31,NTGR,NETGEAR Inc,327,14.03,14.029999732971191,1.0000000190327023
VGT,2023-05-31,PAY,Paymentus Holdings Inc,336,9.4,9.399999618530273,1.0000000405818874
VGT,2023-05-31,MXL,MaxLinear Inc,208,29.21,29.209999084472656,1.0000000313429434
VGT,2023-05-31,CRSR,Corsair Gaming Inc,275,19.72,19.719999313354492,1.000000034819753
VGT,2023-05-31,AKAM,Akamai Technologies Inc,80,92.12,92.12000274658203,0.9999999701847379
VGT,2023-05-31,ENTG,Entegris Inc,75,105.25,105.25,1.0
VGT,2023-05-31,SPSC,SPS Commerce Inc,127,155.79999999999998,155.8000030517578,0.9999999804123378
VGT,2023-05-31,AMBA,Ambarella Inc,191,72.32000000000001,72.31999969482422,1.000000004219798
VGT,2023-05-31,VIAV,Viavi Solutions Inc,203,9.84,9.84000015258789,0.9999999844931008
VGT,2023-05-31,GDYN,Grid Dynamics Holdings Inc,325,9.6,9.600000381469727,0.9999999602635717
VGT,2023-08-31,OSIS,OSI Systems Inc,177,136.35,136.35000610351562,0.999999955236411
VGT,2023-08-31,MVIS,MicroVision Inc,284,2.52,2.51999994913737,1.0000000201835837
VGT,2023-08-31,VERI,Veritone Inc,314,3.07,3.069999933242798,1.0000000217450173
VGT,2023-08-31,MIR,Mirion Technologies Inc,206,8.54,8.539999961853027,1.0000000044668584
VGT,2023-08-31,TER,Teradyne Inc,62,107.87,107.87000274658203,0.9999999745380369
VGT,2023-08-31,SNPS,Synopsys Inc,21,458.89,458.8900146484375,0.9999999680785437
VGT,2023-08-31,IT,Gartner Inc,44,349.68,349.67999267578125,1.00000002094549
VGT,2023-08-31,WK,Workiva Inc,115,111.85,111.8499984741211,1.0000000136421898
VGT,2023-08-31,ACLS,Axcelis Technologies Inc,108,192.15,192.14999389648438,1.000000031764329
VGT,2023-08-31,RMNI,Rimini Street Inc,310,2.42,2.4200000762939453,0.9999999684735773
VGT,2023-08-31,BHE,Benchmark Electronics Inc,241,25.74,25.739999771118164,1.0000000088920682
VGT,2023-08-31,MTSI,MACOM Technology Solutions Holdings Inc,116,84.56,84.55999755859375,1.0000000288718818
VGT,2023-08-31,CVLT,CommVault Systems Inc,179,68.31,68.30999755859375,1.0000000357401015
VGT,2023-08-31,DMRC,Digimarc Corp,283,32.74,32.7400016784668,0.9999999487334542
VGT,2023-08-31,ARW,Arrow Electronics Inc,102,133.43,133.42999267578125,1.000000054891847
VGT,2023-08-31,ALGM,Allegro MicroSystems Inc,183,38.25,38.25,1.0
VGT,2023-08-31,MDB,MongoDB Inc,45,381.2999999999999,381.29998779296875,1.0000000320142448
VGT,2023-08-31,NSSC,Napco Security Technologies Inc,257,24.78,24.780000686645508,0.9999999722903354
VGT,2023-08-31,GDDY,GoDaddy Inc,89,72.51,72.51000213623047,0.9999999705388167
VGT,2023-08-31,LAW,CS Disco Inc,300,9.5,9.5,1.0
VGT,2023-08-31,INDI,indie Semiconductor Inc,254,6.7,6.699999809265137,1.000000028467891
VGT,2023-08-31,CGNX,Cognex Corp,101,47.08,47.08000183105469,0.9999999611075909
VGT,2023-08-31,TEAM,Atlassian Corp,41,204.05999999999997,204.05999755859375,1.0000000119641588
VGT,2023-08-31,AAPL,Apple Inc,1,187.87,187.8699951171875,1.0000000259903796
VGT,2023-08-31,SNOW,Snowflake Inc,37,156.85,156.85000610351562,0.9999999610869277
VGT,2023-08-31,JBL,Jabil Inc,68,114.42,114.41999816894531,1.0000000160029254
VGT,2023-08-31,CXM,Sprinklr Inc,218,15.13,15.130000114440918,0.9999999924361589
VGT,2023-08-31,ADI,Analog Devices Inc,19,181.78,181.77999877929688,1.0000000067152774
VGT,2023-08-31,QTWO,Q2 Holdings Inc,188,34.41,34.40999984741211,1.0000000044344053
VGT,2023-08-31,XPER,Xperi Inc,279,11.8,11.800000190734863,0.9999999838360288
VGT,2023-08-31,CALX,Calix Inc,176,46.51,46.5099983215332,1.0000000360883006
VGT,2023-08-31,TTMI,TTM Technologies Inc,205,14.9,14.899999618530273,1.0000000256019959
VGT,2023-08-31,KD,Kyndryl Holdings Inc,133,16.88,16.8799991607666,1.000000049717621
VGT,2023-08-31,RBBN,Ribbon Communications Inc,297,2.96,2.9600000381469727,0.9999999871125094
VGT,2023-08-31,PCOR,Procore Technologies Inc,125,67.55,67.55000305175781,0.9999999548222401
VGT,2023-08-31,AMD,Advanced Micro Devices Inc,10,105.72,105.72000122070312,0.9999999884534325
VGT,2023-08-31,NSIT,Insight Enterprises Inc,132,160.09,160.08999633789062,1.0000000228753168
VGT,2023-08-31,SEDG,SolarEdge Technologies Inc,98,162.57,162.57000732421875,0.9999999549472939
VGT,2023-08-31,APH,Amphenol Corp,27,88.38000000000001,88.37999725341797,1.0000000310769646
VGT,2023-08-31,VECO,Veeco Instruments Inc,202,29.19,29.190000534057617,0.9999999817040902
VGT,2023-08-31,PRGS,Progress Software Corp,170,60.84,60.84000015258789,0.9999999974919809
VGT,2023-08-31,MSFT,Microsoft Corp,2,327.76,327.760009765625,0.9999999702049527
VGT,2023-08-31,IPGP,IPG Photonics Corp,172,108.36,108.36000061035156,0.9999999943673721
VGT,2023-08-31,NOW,ServiceNow Inc,17,588.83,588.8299942016602,1.0000000098472224
VGT,2023-08-31,LRCX,Lam Research Corp,18,702.4,702.3999786376953,1.0000000304133048
VGT,2023-08-31,LITE,Lumentum Holdings Inc,151,54.129999999999995,54.130001068115234,0.9999999802675925
VGT,2023-08-31,ESTC,Elastic NV,137,61.879999999999995,61.880001068115234,0.9999999827389267
VGT,2023-08-31,EPAM,EPAM Systems Inc,69,258.99,258.989990234375,1.0000000377065732
VGT,2023-08-31,NET,Cloudflare Inc,59,65.03,65.02999877929688,1.0000000187713847
VGT,2023-08-31,SOUN,SoundHound AI Inc,290,2.52,2.5199999809265137,1.0000000075688438
VGT,2023-08-31,TRMB,Trimble Inc,77,54.79,54.790000915527344,0.9999999832902476
VGT,2023-08-31,PLUS,ePlus Inc,186,66.38000000000001,66.37999725341797,1.0000000413766519
VGT,2023-08-31,SMRT,SmartRent Inc,275,3.4,3.4000000953674316,0.9999999719507562
VGT,2023-08-31,ADBE,Adobe Inc,5,559.3399999999999,559.3400268554688,0.9999999519872215
VGT,2023-08-31,CLFD,Clearfield Inc,281,35.15,35.150001525878906,0.9999999565895067
VGT,2023-08-31,ON,ON Semiconductor Corp,34,98.46,98.45999908447266,1.00000000929847
VGT,2023-08-31,TLS,Telos Corp,308,2.61,2.609999895095825,1.000000040193172
VGT,2023-08-31,INTU,Intuit Inc,11,541.81,541.8099975585938,1.0000000045060191
VGT,2023-08-31,AEVA,Aeva Technologies Inc,315,0.942599998725696,0.9430000305175782,0.9995757881453486
VGT,2023-08-31,OSPN,OneSpan Inc,286,12.25,12.25,1.0
VGT,2023-08-31,AOSL,Alpha & Omega Semiconductor Ltd,256,31.549999999999997,31.549999237060547,1.0000000241819167
VGT,2023-08-31,MARA,Marathon Digital Holdings Inc,184,12.57,12.569999694824219,1.0000000242781057
VGT,2023-08-31,DV,DoubleVerify Holdings Inc,158,33.809999999999995,33.810001373291016,0.999999959382107
VGT,2023-08-31,SWKS,Skyworks Solutions Inc,60,108.74,108.73999786376953,1.0000000196453054
VGT,2023-08-31,DLB,Dolby Laboratories Inc,129,84.47,84.47000122070312,0.9999999855486787
VGT,2023-08-31,NXPI,NXP Semiconductors NV,25,205.72,205.72000122070312,0.9999999940661913
VGT,2023-08-31,INTA,Intapp Inc,262,36.61,36.61000061035156,0.9999999833282832
VGT,2023-08-31,RIOT,Riot Platforms Inc,207,11.35,11.350000381469727,0.9999999663903335
VGT,2023-08-31,MRVL,Marvell Technology Inc,29,58.25,58.25,1.0
VGT,2023-08-31,TWLO,Twilio Inc,85,63.709999999999994,63.709999084472656,1.00000001437023
VGT,2023-08-31,BRZE,Braze Inc,187,46.26,46.2599983215332,1.0000000362833301
VGT,2023-08-31,ADSK,Autodesk Inc,31,221.94000000000003,221.94000244140625,0.9999999889997018
VGT,2023-08-31,KEYS,Keysight Technologies Inc,52,133.3,133.3000030517578,0.9999999771060936
VGT,2023-08-31,ARLO,Arlo Technologies Inc,245,9.77,9.770000457763672,0.9999999531459928
VGT,2023-08-31,PRCH,Porch Group Inc,317,0.8450000000000001,0.8450000286102295,0.9999999661417415
VGT,2023-08-31,GTLB,Gitlab Inc,152,47.370000000000005,47.369998931884766,1.0000000225483483
VGT,2023-08-31,WDC,Western Digital Corp,71,45.0,44.999997047424316,1.0000000656127972
VGT,2023-08-31,GEN,Gen Digital Inc,83,20.25,20.25,1.0
VGT,2023-08-31,CTS,CTS Corp,212,44.65,44.650001525878906,0.9999999658257815
VGT,2023-08-31,S,SentinelOne Inc,143,16.630000000000003,16.6299991607666,1.0000000504650297
VGT,2023-08-31,EXFY,Expensify Inc,307,4.29,4.289999961853027,1.0000000088920684
VGT,2023-08-31,PATH,UiPath Inc,122,15.81,15.8100004196167,0.99999997345878
VGT,2023-08-31,PLXS,Plexus Corp,169,101.55,101.55000305175781,0.9999999699482253
VGT,2023-08-31,SPT,Sprout Social Inc,173,53.540000000000006,53.540000915527344,0.9999999829001247
VGT,2023-08-31,ORCL,Oracle Corp,9,120.39,120.38999938964844,1.0000000050697861
VGT,2023-08-31,AUR,Aurora Innovation Inc,139,3.17,3.1700000762939453,0.9999999759325099
VGT,2023-08-31,DELL,Dell Technologies Inc,72,56.24,56.2400016784668,0.9999999701552855
VGT,2023-08-31,ACMR,ACM Research Inc,252,17.560000000000002,17.559999465942383,1.000000030413305
VGT,2023-08-31,INTC,Intel Corp,13,35.14,35.13999938964844,1.00000001736914
VGT,2023-08-31,MPWR,Monolithic Power Systems Inc,51,521.2099999999999,521.2100219726562,0.9999999578429896
VGT,2023-08-31,YOU,Clear Secure Inc,219,21.74,21.739999771118164,1.0000000105281435
VGT,2023-08-31,TYL,Tyler Technologies Inc,63,398.43,398.42999267578125,1.0000000183826994
VGT,2023-08-31,CIFR,Cipher Mining Inc,305,3.19,3.190000057220459,0.9999999820625524
VGT,2023-08-31,ZBRA,Zebra Technologies Corp,74,275.01,275.010009765625,0.9999999644899289
VGT,2023-08-31,APP,AppLovin Corp,94,43.22,43.220001220703125,0.9999999717560599
VGT,2023-08-31,NTNX,Nutanix Inc,103,31.1,31.100000381469727,0.9999999877340926
VGT,2023-08-31,KLIC,Kulicke & Soffa Industries Inc,175,51.73,51.72999954223633,1.0000000088490948
VGT,2023-08-31,CIEN,Ciena Corp,96,49.98,49.97999954223633,1.000000009158937
VGT,2023-08-31,DGII,Digi International Inc,234,33.38,33.380001068115234,0.9999999680013422
VGT,2023-08-31,FFIV,F5 Inc,90,163.66,163.66000366210938,0.9999999776236753
VGT,2023-08-31,PAR,PAR Technology Corp,209,43.48,43.47999954223633,1.0000000105281435
VGT,2023-08-31,IOT,Samsara Inc,157,27.36,27.360000610351562,0.9999999776918294
VGT,2023-08-31,SMCI,Super Micro Computer Inc,73,275.08,275.07999420166016,1.0000000210787405
VGT,2023-08-31,ADTN,ADTRAN Holdings Inc,267,8.55,8.550000190734863,0.9999999776918295
VGT,2023-08-31,AMKR,Amkor Technology Inc,163,27.96,27.959999084472656,1.0000000327441836
VGT,2023-08-31,MANH,Manhattan Associates Inc,81,202.62,202.6199951171875,1.0000000240983744
VGT,2023-08-31,APPN,Appian Corp,214,48.7,48.70000076293945,0.9999999843338925
VGT,2023-08-31,SYNA,Synaptics Inc,154,87.53999999999999,87.54000091552734,0.9999999895416114
VGT,2023-08-31,VSAT,Viasat Inc,221,27.74,27.739999771118164,1.0000000082509675
VGT,2023-08-31,QRVO,Qorvo Inc,88,107.39,107.38999938964844,1.0000000056835048
VGT,2023-08-31,RXT,Rackspace Technology Inc,309,2.5,2.5,1.0
VGT,2023-08-31,ZETA,Zeta Global Holdings Corp,232,8.13,8.130000114440918,0.9999999859236266
VGT,2023-08-31,FCUV,Focus Universal Inc,319,1.85,1.8500000000000003,0.9999999999999999
VGT,2023-08-31,DDOG,Datadog Inc,50,96.48,96.4800033569336,0.9999999652059134
VGT,2023-08-31,SANM,Sanmina Corp,165,55.7,55.70000076293945,0.999999986302703
VGT,2023-08-31,TEL,TE Connectivity Ltd,35,132.39,132.38999938964844,1.0000000046102542
VGT,2023-08-31,VNT,Vontier Corp,130,31.41,31.40999984741211,1.0000000048579398
VGT,2023-08-31,EVLV,Evolv Technologies Holdings Inc,273,6.99,6.989999771118164,1.0000000327441836
VGT,2023-08-31,VYX,NCR Corp,135,30.76,30.760000953674314,0.9999999689962846
VGT,2023-08-31,WULF,Terawulf Inc,303,2.0900000000000003,2.0899999141693115,1.0000000410673169
VGT,2023-08-31,DXC,DXC Technology Co,146,20.74,20.739999771118164,1.0000000110357685
VGT,2023-08-31,HUBS,HubSpot Inc,49,546.52,546.52001953125,0.9999999642625168
VGT,2023-08-31,TCX,Tucows Inc,301,23.65,23.649999618530273,1.0000000161297984
VGT,2023-08-31,MCHP,Microchip Technology Inc,33,81.84,81.83999633789062,1.000000044747184
VGT,2023-08-31,NTCT,NetScout Systems Inc,197,28.630000000000003,28.6299991607666,1.0000000293130782
VGT,2023-08-31,QLYS,Qualys Inc,110,155.65,155.64999389648438,1.00000003921308
VGT,2023-08-31,FROG,JFrog Ltd,193,28.69,28.690000534057617,0.999999981385235
VGT,2023-08-31,MKSI,MKS Instruments Inc,113,100.23,100.2300033569336,0.9999999665076975
VGT,2023-08-31,P,Pure Storage Inc,84,36.59,36.59000015258789,0.9999999958297927
VGT,2023-08-31,DOCN,DigitalOcean Holdings Inc,242,27.05,27.049999237060547,1.0000000282047865
VGT,2023-08-31,SMTC,Semtech Corp,196,26.15,26.149999618530273,1.0000000145877526
VGT,2023-08-31,RMBS,Rambus Inc,111,56.47,56.470001220703125,0.9999999783831575
VGT,2023-08-31,STX,Seagate Technology Holdings PLC,75,70.78999999999999,70.79000091552734,0.9999999870669962
VGT,2023-08-31,DT,Dynatrace Inc,91,48.2,48.20000076293945,0.9999999841713809
VGT,2023-08-31,SITM,SiTime Corp,180,132.69,132.69000244140625,0.9999999816006767
VGT,2023-08-31,ACIW,ACI Worldwide Inc,174,24.28,24.280000686645508,0.9999999717197081
VGT,2023-08-31,NABL,N-able Inc,247,13.37,13.369999885559082,1.0000000085595302
VGT,2023-08-31,WOLF,Wolfspeed Inc,117,47.82,,
VGT,2023-08-31,BL,BlackLine Inc,160,60.059999999999995,60.060001373291016,0.9999999771346821
VGT,2023-08-31,AVPT,AvePoint Inc,253,6.94,6.940000057220459,0.9999999917549772
VGT,2023-08-31,ATEN,A10 Networks Inc,226,14.89,14.890000343322754,0.9999999769427304
VGT,2023-08-31,CDNS,Cadence Design Systems Inc,24,240.44,240.44000244140625,0.9999999898460895
VGT,2023-08-31,ROP,Roper Technologies Inc,26,499.06,499.05999755859375,1.0000000048920095
VGT,2023-08-31,COHR,Coherent Corp,121,37.629999999999995,37.630001068115234,0.9999999716153279
VGT,2023-08-31,LSCC,Lattice Semiconductor Corp,78,97.26,97.26000213623047,0.9999999780358789
VGT,2023-08-31,FORM,FormFactor Inc,166,35.32,35.31999969482422,1.000000008640311
VGT,2023-08-31,ZM,Zoom Video Communications Inc,64,71.03,71.02999877929688,1.0000000171857404
VGT,2023-08-31,BMI,Badger Meter Inc,119,166.07999999999998,166.0800018310547,0.9999999889748634
VGT,2023-08-31,HPE,Hewlett Packard Enterprise Co,54,16.990000000000002,16.989999771118164,1.000000013471562
VGT,2023-08-31,CEVA,CEVA Inc,277,23.22,23.219999313354492,1.0000000295712974
VGT,2023-08-31,BSY,Bentley Systems Inc,87,49.91,49.90999984741211,1.0000000030572609
VGT,2023-08-31,FTNT,Fortinet Inc,38,60.21,60.209999084472656,1.00000001520557
VGT,2023-08-31,ADEA,Adeia Inc,233,10.06,10.0600004196167,0.9999999582886002
VGT,2023-08-31,ASAN,Asana Inc,220,21.49,21.489999771118164,1.0000000106506206
VGT,2023-08-31,CRNC,Cerence Inc,227,26.1,26.100000381469727,0.9999999853843019
VGT,2023-08-31,ITRI,Itron Inc,167,68.41,68.41000366210938,0.9999999464682183
VGT,2023-08-31,RPD,Rapid7 Inc,153,50.39000000000001,50.38999938964844,1.0000000121125536
VGT,2023-08-31,ENPH,Enphase Energy Inc,67,126.53,126.52999877929688,1.0000000096475392
VGT,2023-08-31,NVTS,Navitas Semiconductor Corp,240,8.83,8.829999923706055,1.000000008640311
VGT,2023-08-31,VRSN,VeriSign Inc,57,207.79,207.7899932861328,1.0000000323108302
VGT,2023-08-31,HUCK,Domo Inc,294,10.66,10.65999984741211,1.0000000143140613
VGT,2023-08-31,AMPL,Amplitude Inc,269,11.68,11.680000305175781,0.9999999738719372
VGT,2023-08-31,MEI,Methode Electronics Inc,223,32.25,32.25,1.0
VGT,2023-08-31,DIOD,Diodes Inc,155,81.85000000000001,81.8499984741211,1.0000000186423816
VGT,2023-08-31,OUST,Ouster Inc,306,5.63,5.630000114440918,0.9999999796730168
VGT,2023-08-31,UIS,Unisys Corp,298,4.03,4.03000020980835,0.9999999479383775
VGT,2023-08-31,EGHT,8x8 Inc,289,3.25,3.25,1.0
VGT,2023-08-31,QCOM,QUALCOMM Inc,16,114.53,114.52999877929688,1.0000000106583702
VGT,2023-08-31,FSLY,Fastly Inc,141,23.790000000000003,23.790000915527344,0.9999999615162966
VGT,2023-08-31,NOVT,Novanta Inc,114,166.98,166.97999572753906,1.0000000255866632
VGT,2023-08-31,TXN,Texas Instruments Inc,12,168.06,168.05999755859375,1.000000014526992
VGT,2023-08-31,ROG,Rogers Corp,200,144.51000000000002,144.50999450683594,1.0000000380123473
VGT,2023-08-31,BILL,BILL Holdings Inc,86,115.3,115.30000305175781,0.9999999735320231
VGT,2023-08-31,LASR,nLight Inc,280,11.41,11.40999984741211,1.0000000133731721
VGT,2023-08-31,POWI,Power Integrations Inc,138,84.02,84.0199966430664,1.000000039953984
VGT,2023-08-31,BOX,Box Inc,156,26.48,26.479999542236328,1.000000017287148
VGT,2023-08-31,YEXT,Yext Inc,246,8.760000000000002,8.760000228881836,0.9999999738719374
VGT,2023-08-31,CRM,Salesforce Inc,7,221.46,221.4600067138672,0.9999999696836134
VGT,2023-08-31,PMTS,CPI Card Group Inc,316,20.67,20.670000076293945,0.9999999963089529
VGT,2023-08-31,RAMP,LiveRamp Holdings Inc,178,32.339999999999996,32.34000015258789,0.9999999952817596
VGT,2023-08-31,XRX,Xerox Holdings Corp,194,15.89,15.890000343322754,0.9999999783937856
VGT,2023-08-31,IONQ,IonQ Inc,127,17.19,17.190000534057617,0.9999999689320769
VGT,2023-08-31,OKTA,Okta Inc,79,83.51,83.51000213623047,0.9999999744194659
VGT,2023-08-31,MSTR,MicroStrategy Inc,142,357.53000000000003,357.5299835205078,1.000000046092616
VGT,2023-08-31,TDY,Teledyne Technologies Inc,55,418.2999999999999,418.29998779296875,1.0000000291824802
VGT,2023-08-31,CCSI,Consensus Cloud Solutions Inc,271,31.93,31.93000030517578,0.9999999904423496
VGT,2023-08-31,ACN,Accenture PLC,8,323.77000000000004,323.7699890136719,1.0000000339325092
VGT,2023-08-31,CRUS,Cirrus Logic Inc,134,82.03999999999999,82.04000091552734,0.9999999888404761
VGT,2023-08-31,CNXN,PC Connection Inc,270,53.12,53.119998931884766,1.0000000201075914
VGT,2023-08-31,BLKB,Blackbaud Inc,161,76.11,76.11000061035156,0.9999999919806654
VGT,2023-08-31,PEGA,Pegasystems Inc,204,49.66,49.65999984741211,1.0000000030726517
VGT,2023-08-31,PANW,Palo Alto Networks Inc,23,243.3,243.3000030517578,0.9999999874568115
VGT,2023-08-31,AVT,Avnet Inc,131,50.75,50.75,1.0
VGT,2023-08-31,MITK,Mitek Systems Inc,278,11.17,11.170000076293945,0.9999999931697453
VGT,2023-08-31,COHU,Cohu Inc,213,37.39,37.38999938964844,1.0000000163239255
VGT,2023-08-31,TENB,Tenable Holdings Inc,118,45.37,45.369998931884766,1.0000000235423243
VGT,2023-08-31,ALRM,Alarm.com Holdings Inc,164,58.57,58.56999969482422,1.0000000052104454
VGT,2023-08-31,VSH,Vishay Intertechnology Inc,159,27.44,27.440000534057617,0.9999999805372592
VGT,2023-08-31,KLAC,KLA Corp,22,501.87,501.87000274658203,0.9999999945273038
VGT,2023-08-31,PLAB,Photronics Inc,203,23.76,23.760000228881836,0.9999999903669262
VGT,2023-08-31,HLIT,Harmonic Inc,250,10.68,10.680000305175781,0.9999999714254895
VGT,2023-08-31,UPLD,Upland Software Inc,313,3.55,3.5500000000000003,0.9999999999999999
VGT,2023-08-31,CDW,CDW Corp/DE,42,211.15,211.14999389648438,1.0000000289060658
VGT,2023-08-31,FN,Fabrinet,106,160.77,160.77000427246094,0.999999973425012
VGT,2023-08-31,KN,Knowles Corp,222,16.03,16.030000686645508,0.9999999571649734
VGT,2023-08-31,HPQ,HP Inc,48,29.71,29.709999084472656,1.000000030815462
VGT,2023-08-31,PI,Impinj Inc,230,66.57000000000001,66.56999969482422,1.000000004584284
VGT,2023-08-31,CRWD,Crowdstrike Holdings Inc,40,163.03,163.02999877929688,1.000000007487598
VGT,2023-08-31,IBM,International Business Machines Corp,14,146.82999999999998,146.8300018310547,0.999999987529424
VGT,2023-08-31,MAPS,WM Technology Inc,312,1.52,1.5199999809265137,1.0000000125483464
VGT,2023-08-31,EXTR,Extreme Networks Inc,144,27.45,27.450000762939453,0.9999999722062137
VGT,2023-08-31,GLW,Corning Inc,47,32.82,32.81999969482422,1.00000000929847
VGT,2023-08-31,WEAV,Weave Communications Inc,302,10.21,10.210000038146973,0.9999999962637638
VGT,2023-08-31,CXT,Crane NXT Co,171,59.36,59.36000061035156,0.9999999897177972
VGT,2023-08-31,NCNO,nCino Inc,198,32.87,32.869998931884766,1.0000000324951404
VGT,2023-08-31,APPS,Digital Turbine Inc,243,8.91,8.90999984741211,1.000000017125465
VGT,2023-08-31,MU,Micron Technology Inc,20,69.94,69.94000244140625,0.9999999650928486
VGT,2023-08-31,PTC,PTC Inc,65,147.17000000000002,147.1699981689453,1.000000012441766
VGT,2023-08-31,MSI,Motorola Solutions Inc,32,283.57,283.57000732421875,0.9999999741713913
VGT,2023-08-31,BDC,Belden Inc,147,93.9,93.9000015258789,0.9999999837499587
VGT,2023-08-31,AMAT,Applied Materials Inc,15,152.76,152.75999450683594,1.0000000359594412
VGT,2023-08-31,AI,C3.ai Inc,168,31.02,31.020000457763672,0.9999999852429509
VGT,2023-08-31,FICO,Fair Isaac Corp,53,904.59,904.5900268554688,0.999999970312
VGT,2023-08-31,NVDA,NVIDIA Corp,3,493.55,493.5499954223633,1.00000000927492
VGT,2023-08-31,APPF,Appfolio Inc,148,192.77,192.77000427246094,0.9999999778364848
VGT,2023-08-31,MASS,908 Devices Inc,304,7.19,7.190000057220459,0.9999999920416609
VGT,2023-08-31,IDCC,InterDigital Inc,189,86.71,86.70999908447266,1.0000000105584979
VGT,2023-08-31,LFUS,Littelfuse Inc,109,267.08,267.0799865722656,1.0000000502760784
VGT,2023-08-31,FRSH,Freshworks Inc,149,21.87,21.8700008392334,0.999999961626275
VGT,2023-08-31,PLTR,Palantir Technologies Inc,46,14.98,14.979999542236328,1.0000000305583234
VGT,2023-08-31,UCTT,Ultra Clean Holdings Inc,216,35.160000000000004,35.15999984741211,1.000000004339815
VGT,2023-08-31,WDAY,Workday Inc,30,244.5,244.5,1.0
VGT,2023-08-31,SNX,TD SYNNEX Corp,128,101.75,101.75,1.0
VGT,2023-08-31,LWLG,Lightwave Logic Inc,263,6.31,6.309999942779541,1.0000000090682186
VGT,2023-08-31,SLAB,Silicon Laboratories Inc,150,134.86,134.86000061035156,0.999999995474184
VGT,2023-08-31,DOCU,DocuSign Inc,92,50.3,50.29999923706055,1.0000000151677826
VGT,2023-08-31,VERX,Vertex Inc,235,22.39,22.389999389648438,1.000000027260008
VGT,2023-08-31,VRNS,Varonis Systems Inc,145,31.93,31.93000030517578,0.9999999904423496
VGT,2023-08-31,FSLR,First Solar Inc,58,189.12,189.1199951171875,1.0000000258185946
VGT,2023-08-31,PDFS,PDF Solutions Inc,239,36.34,36.34000015258789,0.9999999958011039
VGT,2023-08-31,ICHR,Ichor Holdings Ltd,225,36.629999999999995,36.630001068115234,0.9999999708404257
VGT,2023-08-31,AGYS,Agilysys Inc,199,70.54500001282075,70.55000305175781,0.999929085205944
VGT,2023-08-31,CMRC,BigCommerce Holdings Inc,264,10.6,10.600000381469727,0.9999999640122912
VGT,2023-08-31,NTAP,NetApp Inc,66,76.7,76.69999694824219,1.0000000397882391
VGT,2023-08-31,ZS,Zscaler Inc,76,156.05,156.0500030517578,0.9999999804437184
VGT,2023-08-31,AEIS,Advanced Energy Industries Inc,136,118.07,118.06999969482422,1.000000002584702
VGT,2023-08-31,CRDO,Credo Technology Group Holding Ltd,185,16.46,16.459999084472656,1.0000000556213484
VGT,2023-08-31,OLED,Universal Display Corp,99,162.56,162.55999755859375,1.0000000150184933
VGT,2023-08-31,FIVN,Five9 Inc,126,72.37,72.37000274658203,0.9999999620480596
VGT,2023-08-31,ALKT,Alkami Technology Inc,259,17.419999999999998,17.420000076293945,0.9999999956203245
VGT,2023-08-31,ONTO,Onto Innovation Inc,100,138.98,138.97999572753906,1.000000030741553
VGT,2023-08-31,HCKT,Hackett Group Inc/The,272,23.57,23.56999969482422,1.0000000129476363
VGT,2023-08-31,U,Unity Software Inc,95,37.07,37.06999969482422,1.0000000082324194
VGT,2023-08-31,FLEX,Flex Ltd,82,27.59,27.58999917793274,1.0000000297958422
VGT,2023-08-31,AVGO,Broadcom Inc,4,922.89,922.8900146484375,0.9999999841276455
VGT,2023-08-31,MX,Magnachip Semiconductor Corp,292,8.22,8.220000267028809,0.9999999675147446
VGT,2023-08-31,VISN,CommScope Holding Co Inc,261,3.34,3.3399999141693115,1.0000000256978114
VGT,2023-08-31,CSCO,Cisco Systems Inc,6,57.349999999999994,57.349998474121094,1.000000026606433
VGT,2023-08-31,SCSC,ScanSource Inc,251,32.78,32.779998779296875,1.000000037239267
VGT,2023-08-31,DBX,Dropbox Inc,104,27.79,27.790000915527344,0.9999999670555123
VGT,2023-08-31,PD,PagerDuty Inc,181,25.76,25.760000228881836,0.9999999911148357
VGT,2023-08-31,ANET,Arista Networks Inc,28,195.23,195.22999572753906,1.0000000218842444
VGT,2023-08-31,TDC,Teradata Corp,140,46.27,46.27000045776367,0.9999999901066855
VGT,2023-08-31,RNG,RingCentral Inc,191,30.93,30.93000030517578,0.9999999901333405
VGT,2023-08-31,CTSH,Cognizant Technology Solutions Corp,39,71.61,71.61000061035156,0.9999999914767274
VGT,2023-08-31,GWRE,Guidewire Software Inc,105,86.43,86.43000030517578,0.999999996469099
VGT,2023-08-31,NTGR,NETGEAR Inc,288,13.18,13.180000305175781,0.9999999768455407
VGT,2023-08-31,MXL,MaxLinear Inc,228,23.5,23.5,1.0
VGT,2023-08-31,CRSR,Corsair Gaming Inc,260,15.72,15.720000267028809,0.9999999830134348
VGT,2023-08-31,AKAM,Akamai Technologies Inc,61,105.09,105.08999633789062,1.0000000348473643
VGT,2023-08-31,ENTG,Entegris Inc,70,101.27,101.2699966430664,1.000000033148353
VGT,2023-08-31,SPSC,SPS Commerce Inc,107,186.13,186.1300048828125,0.9999999737666557
VGT,2023-08-31,AMBA,Ambarella Inc,211,62.15,62.150001525878906,0.9999999754484494
VGT,2023-08-31,VIAV,Viavi Solutions Inc,190,10.45,10.449999809265137,1.0000000182521402
VGT,2023-08-31,GDYN,Grid Dynamics Holdings Inc,266,11.63,11.630000114440918,0.9999999901598524
VGT,2023-11-30,OSIS,OSI Systems Inc,178,123.29,123.29000091552734,0.9999999925741964
VGT,2023-11-30,MVIS,MicroVision Inc,271,2.52,2.51999994913737,1.0000000201835837
VGT,2023-11-30,VERI,Veritone Inc,310,2.0700000000000003,2.069999933242798,1.0000000322498572
VGT,2023-11-30,MIR,Mirion Technologies Inc,180,8.93,8.930000305175781,0.9999999658257815
VGT,2023-11-30,TER,Teradyne Inc,75,92.23,92.2300033569336,0.9999999636025863
VGT,2023-11-30,SNPS,Synopsys Inc,21,543.23,543.22998046875,1.0000000359539252
VGT,2023-11-30,IT,Gartner Inc,39,434.84,434.8399963378906,1.00000000842174
VGT,2023-11-30,WK,Workiva Inc,125,96.17,96.16999816894531,1.0000000190397704
VGT,2023-11-30,ACLS,Axcelis Technologies Inc,159,124.28,124.27999877929688,1.000000009822201
VGT,2023-11-30,RMNI,Rimini Street Inc,298,3.14,3.140000104904175,0.9999999665910283
VGT,2023-11-30,BHE,Benchmark Electronics Inc,235,24.95,24.950000762939453,0.9999999694212653
VGT,2023-11-30,MTSI,MACOM Technology Solutions Holdings Inc,113,83.98,83.9800033569336,0.9999999600269891
VGT,2023-11-30,CVLT,CommVault Systems Inc,150,73.58,73.58000183105469,0.9999999751147779
VGT,2023-11-30,DMRC,Digimarc Corp,269,33.39,33.38999938964844,1.0000000182794722
VGT,2023-11-30,ARW,Arrow Electronics Inc,103,118.56,118.55999755859375,1.0000000205921584
VGT,2023-11-30,ALGM,Allegro MicroSystems Inc,210,27.22,27.219999313354492,1.0000000252257724
VGT,2023-11-30,MDB,MongoDB Inc,42,415.74,415.739990234375,1.0000000234897417
VGT,2023-11-30,NSSC,Napco Security Technologies Inc,226,30.6,30.600000381469727,0.9999999875336693
VGT,2023-11-30,GDDY,GoDaddy Inc,64,100.06,100.05999755859375,1.0000000243994234
VGT,2023-11-30,LAW,CS Disco Inc,302,5.95,5.949999809265137,1.0000000320562805
VGT,2023-11-30,INDI,indie Semiconductor Inc,234,7.46,7.460000038146973,0.9999999948864648
VGT,2023-11-30,CGNX,Cognex Corp,110,37.7,37.70000076293945,0.9999999797628797
VGT,2023-11-30,TEAM,Atlassian Corp,44,190.95,190.9499969482422,1.0000000159819735
VGT,2023-11-30,AAPL,Apple Inc,1,189.95,189.9499969482422,1.0000000160661113
VGT,2023-11-30,SNOW,Snowflake Inc,32,187.68,187.67999267578125,1.0000000390250374
VGT,2023-11-30,JBL,Jabil Inc,68,115.32,115.31999969482422,1.0000000026463387
VGT,2023-11-30,CXM,Sprinklr Inc,182,15.68,15.680000305175781,0.9999999805372592
VGT,2023-11-30,ADI,Analog Devices Inc,19,183.38,183.3800048828125,0.9999999733732556
VGT,2023-11-30,QTWO,Q2 Holdings Inc,167,35.52,35.52000045776367,0.9999999871125095
VGT,2023-11-30,XPER,Xperi Inc,272,10.32,10.319999694824219,1.0000000295712976
VGT,2023-11-30,CALX,Calix Inc,179,38.59,38.59000015258789,0.9999999960459216
VGT,2023-11-30,TTMI,TTM Technologies Inc,191,15.01,15.010000228881836,0.9999999847513769
VGT,2023-11-30,KD,Kyndryl Holdings Inc,128,18.03,18.030000686645508,0.9999999619165013
VGT,2023-11-30,RBBN,Ribbon Communications Inc,296,2.13,2.130000114440918,0.9999999462718724
VGT,2023-11-30,PCOR,Procore Technologies Inc,123,59.09,59.09000015258789,0.9999999974177037
VGT,2023-11-30,AMD,Advanced Micro Devices Inc,9,121.16,121.16000366210938,0.9999999697746016
VGT,2023-11-30,NSIT,Insight Enterprises Inc,132,151.42,151.4199981689453,1.0000000120925552
VGT,2023-11-30,SEDG,SolarEdge Technologies Inc,174,79.38,79.37999725341797,1.0000000346004299
VGT,2023-11-30,APH,Amphenol Corp,30,90.99,90.98999786376953,1.0000000234776405
VGT,2023-11-30,VECO,Veeco Instruments Inc,195,28.53,28.530000686645508,0.99999997593251
VGT,2023-11-30,PRGS,Progress Software Corp,183,53.86000000000001,53.86000061035156,0.9999999886678138
VGT,2023-11-30,MSFT,Microsoft Corp,2,378.91,378.9100036621094,0.9999999903351473
VGT,2023-11-30,IPGP,IPG Photonics Corp,162,95.76,95.76000213623047,0.9999999776918294
VGT,2023-11-30,NOW,ServiceNow Inc,15,685.74,685.7399749755859,1.00000003649257
VGT,2023-11-30,LRCX,Lam Research Corp,18,715.92,715.9200286865234,0.9999999599305477
VGT,2023-11-30,LITE,Lumentum Holdings Inc,168,42.8,42.79999923706055,1.0000000178256885
VGT,2023-11-30,ESTC,Elastic NV,97,80.36,80.36000061035156,0.999999992404784
VGT,2023-11-30,EPAM,EPAM Systems Inc,71,258.19,258.19000244140625,0.9999999905441488
VGT,2023-11-30,NET,Cloudflare Inc,53,77.15,77.1500015258789,0.99999998022192
VGT,2023-11-30,SOUN,SoundHound AI Inc,282,2.14,2.140000104904175,0.99999995097936
VGT,2023-11-30,TRMB,Trimble Inc,84,46.400000000000006,46.400001525878906,0.99999996711468
VGT,2023-11-30,PLUS,ePlus Inc,188,63.48,63.47999954223633,1.000000007211148
VGT,2023-11-30,SMRT,SmartRent Inc,265,3.13,3.130000114440918,0.9999999634374077
VGT,2023-11-30,ADBE,Adobe Inc,5,611.01,611.010009765625,0.9999999840172422
VGT,2023-11-30,CLFD,Clearfield Inc,279,25.44,25.440000534057617,0.9999999790071696
VGT,2023-11-30,ON,ON Semiconductor Corp,43,71.33,71.33000183105469,0.9999999743298101
VGT,2023-11-30,TLS,Telos Corp,294,4.11,4.110000133514404,0.9999999675147446
VGT,2023-11-30,INTU,Intuit Inc,12,571.46,571.4600219726562,0.9999999615499678
VGT,2023-11-30,AEVA,Aeva Technologies Inc,313,0.5587000019733998,0.5590000152587891,0.9994633036186047
VGT,2023-11-30,OSPN,OneSpan Inc,287,10.03,10.029999732971191,1.0000000266230125
VGT,2023-11-30,AOSL,Alpha & Omega Semiconductor Ltd,266,21.39,21.389999389648438,1.0000000285344357
VGT,2023-11-30,MARA,Marathon Digital Holdings Inc,171,11.97,11.970000267028809,0.9999999776918294
VGT,2023-11-30,DV,DoubleVerify Holdings Inc,146,33.2,33.20000076293945,0.9999999770198966
VGT,2023-11-30,SWKS,Skyworks Solutions Inc,72,96.93,96.93000030517578,0.9999999968515859
VGT,2023-11-30,DLB,Dolby Laboratories Inc,117,86.13,86.12999725341797,1.0000000318887974
VGT,2023-11-30,NXPI,NXP Semiconductors NV,31,204.08,204.0800018310547,0.9999999910277604
VGT,2023-11-30,INTA,Intapp Inc,228,37.5,37.5,1.0
VGT,2023-11-30,RIOT,Riot Platforms Inc,158,12.55,12.550000190734863,0.9999999848020033
VGT,2023-11-30,MRVL,Marvell Technology Inc,33,55.73,55.72999954223633,1.0000000082139542
VGT,2023-11-30,TWLO,Twilio Inc,82,64.68,64.68000030517578,0.9999999952817599
VGT,2023-11-30,BRZE,Braze Inc,145,54.940000000000005,54.939998626708984,1.000000024996197
VGT,2023-11-30,ADSK,Autodesk Inc,34,218.43,218.42999267578125,1.0000000335311954
VGT,2023-11-30,KEYS,Keysight Technologies Inc,51,135.89,135.88999938964844,1.0000000044915118
VGT,2023-11-30,ARLO,Arlo Technologies Inc,240,9.09,9.09000015258789,0.9999999832136537
VGT,2023-11-30,PRCH,Porch Group Inc,304,1.52,1.5199999809265137,1.0000000125483464
VGT,2023-11-30,GTLB,Gitlab Inc,139,48.34,48.34000015258789,0.9999999968434446
VGT,2023-11-30,WDC,Western Digital Corp,66,48.309999999999995,48.3100002822876,0.999999994156746
VGT,2023-11-30,GEN,Gen Digital Inc,77,22.08,22.079999923706055,1.0000000034553416
VGT,2023-11-30,CTS,CTS Corp,217,38.75,38.75,1.0
VGT,2023-11-30,S,SentinelOne Inc,121,19.09,19.09000015258789,0.9999999920069204
VGT,2023-11-30,EXFY,Expensify Inc,307,2.33,2.3299999237060547,1.0000000327441836
VGT,2023-11-30,PATH,UiPath Inc,92,19.76,19.760000228881836,0.9999999884169114
VGT,2023-11-30,PLXS,Plexus Corp,155,101.89,101.88999938964844,1.000000005990299
VGT,2023-11-30,SPT,Sprout Social Inc,142,56.9,56.900001525878906,0.9999999731831483
VGT,2023-11-30,ORCL,Oracle Corp,10,116.21,116.20999908447266,1.0000000078782147
VGT,2023-11-30,AUR,Aurora Innovation Inc,208,2.19,2.190000057220459,0.9999999738719372
VGT,2023-11-30,DELL,Dell Technologies Inc,56,75.87,75.87000274658203,0.999999963798841
VGT,2023-11-30,ACMR,ACM Research Inc,250,16.64,16.639999389648438,1.0000000366797828
VGT,2023-11-30,INTC,Intel Corp,11,44.7,44.70000076293945,0.9999999829320037
VGT,2023-11-30,MPWR,Monolithic Power Systems Inc,50,548.72,548.719970703125,1.0000000533913045
VGT,2023-11-30,YOU,Clear Secure Inc,196,21.33,21.329999923706055,1.0000000035768375
VGT,2023-11-30,TYL,Tyler Technologies Inc,63,408.84,408.8399963378906,1.0000000089573167
VGT,2023-11-30,CIFR,Cipher Mining Inc,303,2.77,2.7699999809265137,1.000000006885735
VGT,2023-11-30,ZBRA,Zebra Technologies Corp,80,236.98,236.97999572753906,1.0000000180287831
VGT,2023-11-30,APP,AppLovin Corp,106,37.48,37.47999954223633,1.0000000122135453
VGT,2023-11-30,NTNX,Nutanix Inc,79,43.09,43.09000015258789,0.9999999964588562
VGT,2023-11-30,KLIC,Kulicke & Soffa Industries Inc,157,51.52,51.52000045776367,0.9999999911148357
VGT,2023-11-30,CIEN,Ciena Corp,101,45.85,45.849998474121094,1.0000000332798027
VGT,2023-11-30,DGII,Digi International Inc,237,23.540000000000003,23.540000915527344,0.9999999611075912
VGT,2023-11-30,FFIV,F5 Inc,85,171.19,171.19000244140625,0.9999999857386166
VGT,2023-11-30,PAR,PAR Technology Corp,227,36.83,36.83000183105469,0.9999999502836112
VGT,2023-11-30,IOT,Samsara Inc,122,27.54,27.540000915527344,0.9999999667564519
VGT,2023-11-30,SMCI,Super Micro Computer Inc,76,273.47,273.4700012207031,0.999999995536245
VGT,2023-11-30,ADTN,ADTRAN Holdings Inc,274,5.23,5.230000019073486,0.999999996353062
VGT,2023-11-30,AMKR,Amkor Technology Inc,148,28.17,28.170000076293945,0.9999999972916598
VGT,2023-11-30,MANH,Manhattan Associates Inc,73,223.05,223.0500030517578,0.9999999863180553
VGT,2023-11-30,APPN,Appian Corp,223,36.24,36.2400016784668,0.9999999536846932
VGT,2023-11-30,SYNA,Synaptics Inc,124,101.24,101.23999786376953,1.000000021100657
VGT,2023-11-30,VSAT,Viasat Inc,224,20.450000000000003,20.450000762939453,0.9999999626924488
VGT,2023-11-30,QRVO,Qorvo Inc,88,96.5,96.5,1.0
VGT,2023-11-30,RXT,Rackspace Technology Inc,311,1.26,1.2599999904632568,1.0000000075688438
VGT,2023-11-30,ZETA,Zeta Global Holdings Corp,214,8.17,8.170000076293945,0.9999999906616959
VGT,2023-11-30,FCUV,Focus Universal Inc,314,1.52,1.5200000000000002,0.9999999999999999
VGT,2023-11-30,DDOG,Datadog Inc,41,116.57,116.56999969482422,1.0000000026179616
VGT,2023-11-30,SANM,Sanmina Corp,165,50.10999999999999,50.11000061035156,0.9999999878197653
VGT,2023-11-30,TEL,TE Connectivity Ltd,36,131.0,131.0,1.0
VGT,2023-11-30,VNT,Vontier Corp,108,33.730000000000004,33.72999954223633,1.0000000135714107
VGT,2023-11-30,EVLV,Evolv Technologies Holdings Inc,283,4.0,4.0,1.0
VGT,2023-11-30,VYX,NCR Voyix Corp,225,15.68,15.680000305175781,0.9999999805372592
VGT,2023-11-30,WULF,Terawulf Inc,305,1.16,1.159999966621399,1.0000000287746569
VGT,2023-11-30,DXC,DXC Technology Co,112,23.13,23.1299991607666,1.0000000362833301
VGT,2023-11-30,HUBS,HubSpot Inc,52,493.9299999999999,493.92999267578125,1.000000014828455
VGT,2023-11-30,TCX,Tucows Inc,297,21.21,21.209999084472656,1.0000000431648932
VGT,2023-11-30,MCHP,Microchip Technology Inc,35,83.44000000000001,83.44000244140625,0.9999999707405781
VGT,2023-11-30,NTCT,NetScout Systems Inc,222,20.08,20.079999923706055,1.0000000037994992
VGT,2023-11-30,QLYS,Qualys Inc,95,184.84,184.83999633789062,1.0000000198123211
VGT,2023-11-30,FROG,JFrog Ltd,185,26.98,26.979999542236328,1.0000000169667784
VGT,2023-11-30,MKSI,MKS Instruments Inc,131,82.55000000000001,82.55000305175781,0.9999999630314029
VGT,2023-11-30,P,Pure Storage Inc,89,33.309999999999995,33.310001373291016,0.9999999587724118
VGT,2023-11-30,DOCN,DigitalOcean Holdings Inc,202,29.62,29.6200008392334,0.9999999716666653
VGT,2023-11-30,SMTC,Semtech Corp,231,16.37,16.3700008392334,0.9999999487334542
VGT,2023-11-30,RMBS,Rambus Inc,91,67.67,67.66999816894531,1.0000000270585894
VGT,2023-11-30,STX,Seagate Technology Holdings PLC,69,79.1,79.0999984741211,1.0000000192905047
VGT,2023-11-30,DT,Dynatrace Inc,74,53.55,53.54999923706055,1.0000000142472354
VGT,2023-11-30,SITM,SiTime Corp,199,110.6,110.5999984741211,1.0000000137963736
VGT,2023-11-30,ACIW,ACI Worldwide Inc,143,26.74,26.739999771118164,1.0000000085595302
VGT,2023-11-30,NABL,N-able Inc,248,11.91,11.90999984741211,1.0000000128117459
VGT,2023-11-30,WOLF,Wolfspeed Inc,141,36.86,,
VGT,2023-11-30,BL,BlackLine Inc,149,57.85,57.849998474121094,1.0000000263764728
VGT,2023-11-30,AVPT,AvePoint Inc,247,8.19,8.1899995803833,1.0000000512352527
VGT,2023-11-30,ATEN,A10 Networks Inc,236,12.49,12.489999771118164,1.0000000183252074
VGT,2023-11-30,CDNS,Cadence Design Systems Inc,23,273.27,273.2699890136719,1.0000000402032003
VGT,2023-11-30,ROP,Roper Technologies Inc,26,538.25,538.25,1.0
VGT,2023-11-30,COHR,Coherent Corp,116,36.79,36.790000915527344,0.9999999751147779
VGT,2023-11-30,LSCC,Lattice Semiconductor Corp,102,58.55,58.54999923706055,1.0000000130305629
VGT,2023-11-30,FORM,FormFactor Inc,140,37.58,37.58000183105469,0.9999999512758222
VGT,2023-11-30,ZM,Zoom Video Communications Inc,65,67.83,67.83000183105469,0.999999973005239
VGT,2023-11-30,BMI,Badger Meter Inc,138,147.37,147.3699951171875,1.0000000331330168
VGT,2023-11-30,HPE,Hewlett Packard Enterprise Co,55,16.91,16.90999984741211,1.00000000902353
VGT,2023-11-30,CEVA,CEVA Inc,267,21.76,21.760000228881836,0.9999999894815335
VGT,2023-11-30,BSY,Bentley Systems Inc,81,52.06,52.060001373291016,0.9999999736209955
VGT,2023-11-30,FTNT,Fortinet Inc,40,52.559999999999995,52.560001373291016,0.9999999738719372
VGT,2023-11-30,ADEA,Adeia Inc,229,9.19,9.1899995803833,1.0000000456601434
VGT,2023-11-30,ASAN,Asana Inc,189,21.01,21.010000228881836,0.9999999891060527
VGT,2023-11-30,CRNC,Cerence Inc,254,17.29,17.290000915527344,0.9999999470487394
VGT,2023-11-30,ITRI,Itron Inc,154,67.38000000000001,67.37999725341797,1.0000000407625729
VGT,2023-11-30,RPD,Rapid7 Inc,136,54.15,54.150001525878906,0.9999999718212582
VGT,2023-11-30,ENPH,Enphase Energy Inc,78,101.02,101.0199966430664,1.000000033230387
VGT,2023-11-30,NVTS,Navitas Semiconductor Corp,238,6.9399999999999995,6.940000057220459,0.9999999917549771
VGT,2023-11-30,VRSN,VeriSign Inc,58,212.2,212.1999969482422,1.0000000143815166
VGT,2023-11-30,HUCK,Domo Inc,289,9.49,9.489999771118164,1.000000024118213
VGT,2023-11-30,AMPL,Amplitude Inc,258,10.65,10.649999618530273,1.000000035818755
VGT,2023-11-30,MEI,Methode Electronics Inc,239,23.73,23.729999542236328,1.000000019290505
VGT,2023-11-30,DIOD,Diodes Inc,176,66.41999999999999,66.41999816894531,1.0000000275678218
VGT,2023-11-30,OUST,Ouster Inc,300,5.12,5.119999885559082,1.0000000223517422
VGT,2023-11-30,UIS,Unisys Corp,284,4.79,4.789999961853027,1.0000000079638776
VGT,2023-11-30,EGHT,8x8 Inc,288,3.09,3.0899999141693115,1.0000000277769225
VGT,2023-11-30,QCOM,QUALCOMM Inc,14,129.04999999999998,129.0500030517578,0.999999976352129
VGT,2023-11-30,FSLY,Fastly Inc,197,16.61,16.610000610351562,0.9999999632539711
VGT,2023-11-30,NOVT,Novanta Inc,118,144.44,144.44000244140625,0.9999999830974369
VGT,2023-11-30,TXN,Texas Instruments Inc,16,152.71,152.7100067138672,0.9999999560351851
VGT,2023-11-30,ROG,Rogers Corp,187,129.4,129.39999389648438,1.00000004716782
VGT,2023-11-30,BILL,BILL Holdings Inc,127,65.47,65.47000122070312,0.9999999813547716
VGT,2023-11-30,LASR,nLight Inc,260,13.22,13.220000267028809,0.9999999798011496
VGT,2023-11-30,POWI,Power Integrations Inc,135,76.41,76.41000366210938,0.9999999520729066
VGT,2023-11-30,BOX,Box Inc,153,26.17,26.170000076293945,0.9999999970846792
VGT,2023-11-30,YEXT,Yext Inc,253,6.63,6.630000114440918,0.9999999827389267
VGT,2023-11-30,CRM,Salesforce Inc,6,251.9,251.89999389648438,1.0000000242299159
VGT,2023-11-30,PMTS,CPI Card Group Inc,308,17.79,17.790000915527344,0.9999999485369704
VGT,2023-11-30,RAMP,LiveRamp Holdings Inc,166,33.160000000000004,33.15999984741211,1.000000004601565
VGT,2023-11-30,XRX,Xerox Holdings Corp,200,13.99,13.989999771118164,1.0000000163603888
VGT,2023-11-30,IONQ,IonQ Inc,192,12.23,12.229999542236328,1.0000000374295739
VGT,2023-11-30,OKTA,Okta Inc,86,67.05,67.05000305175781,0.9999999544853442
VGT,2023-11-30,MSTR,MicroStrategy Inc,98,498.3,498.3000183105469,0.9999999632539711
VGT,2023-11-30,TDY,Teledyne Technologies Inc,60,402.96,402.9599914550781,1.0000000212053852
VGT,2023-11-30,CCSI,Consensus Cloud Solutions Inc,281,18.42,18.420000076293945,0.9999999958580921
VGT,2023-11-30,ACN,Accenture PLC,7,333.14000000000004,333.1400146484375,0.9999999560291865
VGT,2023-11-30,CRUS,Cirrus Logic Inc,137,75.91,75.91000366210938,0.999999951757223
VGT,2023-11-30,CNXN,PC Connection Inc,252,59.629999999999995,59.630001068115234,0.99999998208762
VGT,2023-11-30,BLKB,Blackbaud Inc,151,75.24,75.23999786376953,1.0000000283922186
VGT,2023-11-30,PEGA,Pegasystems Inc,163,51.98,51.97999954223633,1.0000000088065346
VGT,2023-11-30,PANW,Palo Alto Networks Inc,22,295.09,295.0899963378906,1.000000012410144
VGT,2023-11-30,AVT,Avnet Inc,133,46.760000000000005,46.7599983215332,1.0000000358953562
VGT,2023-11-30,MITK,Mitek Systems Inc,268,11.29,11.289999961853027,1.0000000033788283
VGT,2023-11-30,COHU,Cohu Inc,205,31.73,31.729999542236328,1.0000000144268415
VGT,2023-11-30,TENB,Tenable Holdings Inc,130,41.39,41.38999938964844,1.0000000147463535
VGT,2023-11-30,ALRM,Alarm.com Holdings Inc,172,54.48,54.47999954223633,1.000000008402417
VGT,2023-11-30,VSH,Vishay Intertechnology Inc,173,22.23,22.229999542236328,1.0000000205921584
VGT,2023-11-30,KLAC,KLA Corp,24,544.62,544.6200180053711,0.9999999669395716
VGT,2023-11-30,PLAB,Photronics Inc,206,21.130000000000003,21.1299991607666,1.0000000397176259
VGT,2023-11-30,HLIT,Harmonic Inc,215,11.06,11.0600004196167,0.9999999620599744
VGT,2023-11-30,UPLD,Upland Software Inc,301,4.72,4.720000076293945,0.9999999838360287
VGT,2023-11-30,CDW,CDW Corp/DE,45,210.88,210.8800048828125,0.9999999768455407
VGT,2023-11-30,FN,Fabrinet,100,161.9,161.89999389648438,1.000000037699295
VGT,2023-11-30,KN,Knowles Corp,198,15.87,15.869999885559082,1.000000007211148
VGT,2023-11-30,HPQ,HP Inc,48,29.34,29.34000015258789,0.9999999947993221
VGT,2023-11-30,PI,Impinj Inc,152,83.59,83.58999633789062,1.0000000438103784
VGT,2023-11-30,CRWD,Crowdstrike Holdings Inc,28,236.99,236.99000549316406,0.9999999768211151
VGT,2023-11-30,IBM,International Business Machines Corp,13,158.56,158.55999755859375,1.0000000153973656
VGT,2023-11-30,MAPS,WM Technology Inc,312,0.8317999976508313,0.8320000171661377,0.9997595919336785
VGT,2023-11-30,EXTR,Extreme Networks Inc,220,16.14,16.139999389648438,1.0000000378160834
VGT,2023-11-30,GLW,Corning Inc,54,28.49,28.489999771118164,1.0000000080337605
VGT,2023-11-30,WEAV,Weave Communications Inc,293,9.44,9.4399995803833,1.0000000444509234
VGT,2023-11-30,CXT,Crane NXT Co,184,51.459999999999994,51.459999084472656,1.0000000177910484
VGT,2023-11-30,NCNO,nCino Inc,203,27.630000000000003,27.6299991607666,1.000000030373993
VGT,2023-11-30,APPS,Digital Turbine Inc,270,4.65,4.650000095367432,0.9999999794908754
VGT,2023-11-30,MU,Micron Technology Inc,20,76.12,76.12000274658203,0.9999999639177362
VGT,2023-11-30,PTC,PTC Inc,62,157.36,157.36000061035156,0.9999999961213043
VGT,2023-11-30,MSI,Motorola Solutions Inc,29,322.87,322.8699951171875,1.0000000151231536
VGT,2023-11-30,BDC,Belden Inc,186,66.44,66.44000244140625,0.9999999632539711
VGT,2023-11-30,AMAT,Applied Materials Inc,17,149.78,149.77999877929688,1.0000000081499743
VGT,2023-11-30,AI,C3.ai Inc,169,29.119999999999997,29.1200008392334,0.9999999711801725
VGT,2023-11-30,FICO,Fair Isaac Corp,46,1087.6,1087.5999755859375,1.0000000224476489
VGT,2023-11-30,NVDA,NVIDIA Corp,3,467.7,467.7000045776367,0.999999990212451
VGT,2023-11-30,APPF,Appfolio Inc,147,189.25,189.25,1.0
VGT,2023-11-30,MASS,908 Devices Inc,299,7.96,7.960000038146973,0.9999999952076668
VGT,2023-11-30,IDCC,InterDigital Inc,144,99.92,99.91999816894531,1.0000000183252074
VGT,2023-11-30,LFUS,Littelfuse Inc,114,232.8,232.8000030517578,0.9999999868910749
VGT,2023-11-30,FRSH,Freshworks Inc,164,20.02,20.020000457763672,0.9999999771346822
VGT,2023-11-30,PLTR,Palantir Technologies Inc,37,20.05,20.049999237060547,1.0000000380518446
VGT,2023-11-30,UCTT,Ultra Clean Holdings Inc,216,27.14,27.139999389648438,1.0000000224890042
VGT,2023-11-30,WDAY,Workday Inc,27,270.71999999999997,270.7200012207031,0.9999999954909015
VGT,2023-11-30,SNX,TD SYNNEX Corp,120,98.64,98.63999938964844,1.000000006187668
VGT,2023-11-30,LWLG,Lightwave Logic Inc,273,3.98,3.9800000190734863,0.9999999952076668
VGT,2023-11-30,SLAB,Silicon Laboratories Inc,170,105.37,105.37000274658203,0.9999999739339285
VGT,2023-11-30,DOCU,DocuSign Inc,93,43.1,43.099998474121094,1.0000000354032241
VGT,2023-11-30,VERX,Vertex Inc,201,28.06,28.059999465942383,1.0000000190327023
VGT,2023-11-30,VRNS,Varonis Systems Inc,105,41.89,41.88999938964844,1.0000000145703407
VGT,2023-11-30,FSLR,First Solar Inc,70,157.78,157.77999877929688,1.000000007736742
VGT,2023-11-30,PDFS,PDF Solutions Inc,233,29.99,29.989999771118164,1.0000000076319384
VGT,2023-11-30,ICHR,Ichor Holdings Ltd,249,26.13,26.1299991607666,1.0000000321176206
VGT,2023-11-30,AGYS,Agilysys Inc,156,86.08999999999999,86.08999633789062,1.0000000425381521
VGT,2023-11-30,CMRC,BigCommerce Holdings Inc,262,8.72,8.720000267028809,0.9999999693774312
VGT,2023-11-30,NTAP,NetApp Inc,57,91.39,91.38999938964844,1.0000000066785377
VGT,2023-11-30,ZS,Zscaler Inc,59,197.53,197.52999877929688,1.0000000061798366
VGT,2023-11-30,AEIS,Advanced Energy Industries Inc,160,95.05,95.05000305175781,0.999999967893133
VGT,2023-11-30,CRDO,Credo Technology Group Holding Ltd,161,17.91,17.90999984741211,1.0000000085197036
VGT,2023-11-30,OLED,Universal Display Corp,94,169.2,169.1999969482422,1.000000018036394
VGT,2023-11-30,FIVN,Five9 Inc,109,76.22,76.22000122070312,0.9999999839844778
VGT,2023-11-30,ALKT,Alkami Technology Inc,230,22.77,22.770000457763672,0.9999999798961939
VGT,2023-11-30,ONTO,Onto Innovation Inc,96,141.01,141.00999450683594,1.000000038955849
VGT,2023-11-30,HCKT,Hackett Group Inc/The,264,22.31,22.309999465942383,1.000000023938038
VGT,2023-11-30,U,Unity Software Inc,107,29.51,29.510000228881836,0.999999992243923
VGT,2023-11-30,FLEX,Flex Ltd,83,25.45,25.45000008201599,0.9999999967773677
VGT,2023-11-30,AVGO,Broadcom Inc,4,925.7299999991258,925.72998046875,1.0000000210972704
VGT,2023-11-30,MX,Magnachip Semiconductor Corp,290,6.59,6.590000152587891,0.9999999768455407
VGT,2023-11-30,VISN,CommScope Holding Co Inc,278,1.67,1.6699999570846558,1.0000000256978114
VGT,2023-11-30,CSCO,Cisco Systems Inc,8,48.38,48.380001068115234,0.9999999779223809
VGT,2023-11-30,SCSC,ScanSource Inc,243,33.43,33.43000030517578,0.9999999908712002
VGT,2023-11-30,DBX,Dropbox Inc,99,28.18,28.18000030517578,0.9999999891704834
VGT,2023-11-30,PD,PagerDuty Inc,194,21.8,21.799999237060547,1.0000000349972238
VGT,2023-11-30,ANET,Arista Networks Inc,25,219.71,219.7100067138672,0.999999969442142
VGT,2023-11-30,TDC,Teradata Corp,119,47.25,47.25,1.0
VGT,2023-11-30,RNG,RingCentral Inc,177,28.46,28.459999084472656,1.0000000321689169
VGT,2023-11-30,CTSH,Cognizant Technology Solutions Corp,38,70.38000000000001,70.37999725341797,1.0000000390250376
VGT,2023-11-30,GWRE,Guidewire Software Inc,90,99.94,99.94000244140625,0.9999999755712808
VGT,2023-11-30,NTGR,NETGEAR Inc,276,13.64,13.640000343322754,0.9999999748297108
VGT,2023-11-30,MXL,MaxLinear Inc,212,18.73,18.729999542236328,1.0000000244401326
VGT,2023-11-30,CRSR,Corsair Gaming Inc,257,12.91,12.90999984741211,1.0000000118193566
VGT,2023-11-30,AKAM,Akamai Technologies Inc,61,115.53,115.52999877929688,1.000000010566114
VGT,2023-11-30,ENTG,Entegris Inc,67,104.4,104.4000015258789,0.9999999853843019
VGT,2023-11-30,SPSC,SPS Commerce Inc,104,172.28,172.27999877929688,1.0000000070855766
VGT,2023-11-30,AMBA,Ambarella Inc,193,58.71,58.709999084472656,1.0000000155940616
VGT,2023-11-30,VIAV,Viavi Solutions Inc,209,8.08,8.079999923706055,1.00000000944232
VGT,2023-11-30,GDYN,Grid Dynamics Holdings Inc,251,12.68,12.680000305175781,0.9999999759325099
VGT,2024-02-29,OSIS,OSI Systems Inc,180,131.18,131.17999267578125,1.0000000558333524
VGT,2024-02-29,MVIS,MicroVision Inc,276,2.36,2.3600001017252605,0.9999999568960779
VGT,2024-02-29,VERI,Veritone Inc,306,2.29,2.2899999618530273,1.000000016658067
VGT,2024-02-29,MIR,Mirion Technologies Inc,192,9.78,9.779999732971191,1.0000000273035599
VGT,2024-02-29,TER,Teradyne Inc,78,103.59,103.58999633789062,1.0000000353519598
VGT,2024-02-29,SNPS,Synopsys Inc,23,573.73,573.72998046875,1.000000034042582
VGT,2024-02-29,IT,Gartner Inc,41,465.56,465.55999755859375,1.0000000052440208
VGT,2024-02-29,WK,Workiva Inc,151,86.12,86.12000274658203,0.9999999681075019
VGT,2024-02-29,ACLS,Axcelis Technologies Inc,177,112.67,112.66999816894531,1.0000000162514842
VGT,2024-02-29,RMNI,Rimini Street Inc,300,3.23,3.2300000190734863,0.9999999940948959
VGT,2024-02-29,BHE,Benchmark Electronics Inc,230,30.71,30.709999084472656,1.0000000298120277
VGT,2024-02-29,MTSI,MACOM Technology Solutions Holdings Inc,131,88.33,88.33000183105469,0.9999999792702972
VGT,2024-02-29,CVLT,CommVault Systems Inc,130,95.71,95.70999908447266,1.0000000095656394
VGT,2024-02-29,DMRC,Digimarc Corp,267,35.06,35.060001373291016,0.9999999608302635
VGT,2024-02-29,ARW,Arrow Electronics Inc,115,117.5,117.5,1.0
VGT,2024-02-29,ALGM,Allegro MicroSystems Inc,196,31.49,31.489999771118164,1.0000000072683974
VGT,2024-02-29,MDB,MongoDB Inc,48,447.58,447.5799865722656,1.0000000300007479
VGT,2024-02-29,NSSC,Napco Security Technologies Inc,195,45.03,45.029998779296875,1.0000000271086644
VGT,2024-02-29,GDDY,GoDaddy Inc,75,114.15,114.1500015258789,0.9999999866326861
VGT,2024-02-29,LAW,CS Disco Inc,299,6.659999999999999,6.659999847412109,1.000000022911095
VGT,2024-02-29,INDI,indie Semiconductor Inc,251,6.1899999999999995,6.190000057220459,0.999999990755984
VGT,2024-02-29,CGNX,Cognex Corp,113,39.45,39.45000076293945,0.9999999806605974
VGT,2024-02-29,TEAM,Atlassian Corp,46,207.42,207.4199981689453,1.0000000088277634
VGT,2024-02-29,AAPL,Apple Inc,2,180.75,180.75,1.0
VGT,2024-02-29,SNOW,Snowflake Inc,34,188.28,188.27999877929688,1.0000000064834456
VGT,2024-02-29,JBL,Jabil Inc,64,144.09,144.08999633789062,1.000000025415431
VGT,2024-02-29,CXM,Sprinklr Inc,223,13.03,13.029999732971191,1.0000000204933854
VGT,2024-02-29,ADI,Analog Devices Inc,20,191.82,191.82000732421875,0.9999999618172324
VGT,2024-02-29,QTWO,Q2 Holdings Inc,147,46.23,46.22999954223633,1.0000000099018749
VGT,2024-02-29,XPER,Xperi Inc,269,10.96,10.960000038146973,0.9999999965194369
VGT,2024-02-29,CALX,Calix Inc,201,34.87,34.869998931884766,1.0000000306313526
VGT,2024-02-29,TTMI,TTM Technologies Inc,200,14.85,14.850000381469727,0.9999999743118035
VGT,2024-02-29,KD,Kyndryl Holdings Inc,123,21.97,21.969999313354492,1.0000000312537791
VGT,2024-02-29,RBBN,Ribbon Communications Inc,289,2.99,2.990000009536743,0.9999999968104538
VGT,2024-02-29,PCOR,Procore Technologies Inc,105,78.03,78.02999877929688,1.0000000156440234
VGT,2024-02-29,AMD,Advanced Micro Devices Inc,5,192.53,192.52999877929688,1.000000006340327
VGT,2024-02-29,NSIT,Insight Enterprises Inc,111,188.0,188.0,1.0
VGT,2024-02-29,SEDG,SolarEdge Technologies Inc,204,67.17,67.16999816894531,1.000000027260008
VGT,2024-02-29,APH,Amphenol Corp,27,109.24,109.23999786376953,1.0000000195553873
VGT,2024-02-29,VECO,Veeco Instruments Inc,171,36.21,36.209999084472656,1.0000000252838268
VGT,2024-02-29,PRGS,Progress Software Corp,189,53.36000000000001,53.36000061035156,0.9999999885616276
VGT,2024-02-29,MSFT,Microsoft Corp,1,413.64,413.6400146484375,0.9999999645865076
VGT,2024-02-29,IPGP,IPG Photonics Corp,187,86.35,86.3499984741211,1.0000000176708619
VGT,2024-02-29,NOW,ServiceNow Inc,16,771.3399999999999,771.3400268554688,0.999999965183359
VGT,2024-02-29,LRCX,Lam Research Corp,18,938.25,938.2499694824219,1.0000000325260636
VGT,2024-02-29,LITE,Lumentum Holdings Inc,157,48.470000000000006,48.470001220703125,0.999999974815286
VGT,2024-02-29,ESTC,Elastic NV,83,133.81,133.80999755859375,1.0000000182453201
VGT,2024-02-29,EPAM,EPAM Systems Inc,68,304.4,304.3999938964844,1.0000000200509715
VGT,2024-02-29,NET,Cloudflare Inc,51,98.54,98.54000091552734,0.9999999907090793
VGT,2024-02-29,SOUN,SoundHound AI Inc,224,7.42,7.420000076293945,0.9999999897177972
VGT,2024-02-29,TRMB,Trimble Inc,79,61.19,61.189998626708984,1.0000000224430634
VGT,2024-02-29,PLUS,ePlus Inc,159,82.39,82.38999938964844,1.0000000074080782
VGT,2024-02-29,SMRT,SmartRent Inc,271,2.9,2.9000000953674316,0.9999999671146798
VGT,2024-02-29,ADBE,Adobe Inc,7,560.28,560.280029296875,0.9999999477102993
VGT,2024-02-29,CLFD,Clearfield Inc,274,30.17,30.170000076293945,0.9999999974711984
VGT,2024-02-29,ON,ON Semiconductor Corp,43,78.92,78.91999816894531,1.000000023201403
VGT,2024-02-29,APLD,Applied Digital Corp,312,4.1499999999999995,4.150000095367432,0.9999999770198964
VGT,2024-02-29,TLS,Telos Corp,295,3.67,3.6700000762939453,0.9999999792114594
VGT,2024-02-29,INTU,Intuit Inc,10,662.8900000000001,662.8900146484375,0.9999999779021601
VGT,2024-02-29,AEVA,Aeva Technologies Inc,307,1.01,1.0100000381469727,0.9999999622307215
VGT,2024-02-29,OSPN,OneSpan Inc,283,9.61,9.609999656677246,1.000000035725574
VGT,2024-02-29,AOSL,Alpha & Omega Semiconductor Ltd,264,21.9,21.899999618530273,1.0000000174187091
VGT,2024-02-29,MARA,Marathon Digital Holdings Inc,94,25.9,25.899999618530273,1.000000014728561
VGT,2024-02-29,DV,DoubleVerify Holdings Inc,162,30.889999999999997,30.889999389648438,1.0000000197588725
VGT,2024-02-29,SWKS,Skyworks Solutions Inc,74,104.92,104.91999816894531,1.000000017451913
VGT,2024-02-29,DLB,Dolby Laboratories Inc,137,81.0,81.0,1.0
VGT,2024-02-29,NXPI,NXP Semiconductors NV,28,249.73,249.72999572753906,1.000000017108321
VGT,2024-02-29,INTA,Intapp Inc,233,39.23,39.22999954223633,1.0000000116687147
VGT,2024-02-29,RIOT,Riot Platforms Inc,146,14.12,14.119999885559082,1.000000008104881
VGT,2024-02-29,MRVL,Marvell Technology Inc,29,71.66,71.66000366210938,0.9999999488960482
VGT,2024-02-29,TWLO,Twilio Inc,99,59.59,59.59000015258789,0.999999997439371
VGT,2024-02-29,BRZE,Braze Inc,166,56.9,56.900001525878906,0.9999999731831483
VGT,2024-02-29,ADSK,Autodesk Inc,32,258.17,258.1700134277344,0.9999999479887917
VGT,2024-02-29,KEYS,Keysight Technologies Inc,52,154.3,154.3000030517578,0.99999998022192
VGT,2024-02-29,ARLO,Arlo Technologies Inc,242,10.41,10.40999984741211,1.0000000146578187
VGT,2024-02-29,GTLB,Gitlab Inc,106,72.12,72.12000274658203,0.9999999619165013
VGT,2024-02-29,WDC,Western Digital Corp,61,59.470000000000006,59.47000168991089,0.9999999715838097
VGT,2024-02-29,GEN,Gen Digital Inc,86,21.49,21.489999771118164,1.0000000106506206
VGT,2024-02-29,CTS,CTS Corp,210,44.56,44.560001373291016,0.9999999691810824
VGT,2024-02-29,S,SentinelOne Inc,102,28.17,28.170000076293945,0.9999999972916598
VGT,2024-02-29,EXFY,Expensify Inc,308,2.08,2.0799999237060547,1.0000000366797828
VGT,2024-02-29,PATH,UiPath Inc,96,23.75,23.75,1.0
VGT,2024-02-29,PLXS,Plexus Corp,193,94.4,94.4000015258789,0.9999999838360288
VGT,2024-02-29,SPT,Sprout Social Inc,160,61.82,61.81999969482422,1.0000000049365219
VGT,2024-02-29,ORCL,Oracle Corp,11,111.68,111.68000030517578,0.999999997267409
VGT,2024-02-29,AUR,Aurora Innovation Inc,194,2.54,2.5399999618530273,1.0000000150184933
VGT,2024-02-29,DELL,Dell Technologies Inc,54,94.66,94.66000366210938,0.999999961313023
VGT,2024-02-29,ACMR,ACM Research Inc,207,30.92,30.920000076293945,0.9999999975325374
VGT,2024-02-29,INTC,Intel Corp,12,43.05,43.04999923706055,1.000000017722171
VGT,2024-02-29,MPWR,Monolithic Power Systems Inc,44,720.0400000000001,720.0399780273438,1.0000000305158838
VGT,2024-02-29,YOU,Clear Secure Inc,213,19.25,19.25,1.0
VGT,2024-02-29,TYL,Tyler Technologies Inc,67,437.14,437.1400146484375,0.9999999664902846
VGT,2024-02-29,CIFR,Cipher Mining Inc,301,2.96,2.9600000381469727,0.9999999871125094
VGT,2024-02-29,ZBRA,Zebra Technologies Corp,82,279.48,279.4800109863281,0.9999999606901113
VGT,2024-02-29,APP,AppLovin Corp,93,59.72,59.720001220703125,0.9999999795595595
VGT,2024-02-29,NTNX,Nutanix Inc,71,63.16,63.15999984741211,1.0000000024158944
VGT,2024-02-29,KLIC,Kulicke & Soffa Industries Inc,181,47.620000000000005,47.619998931884766,1.0000000224299719
VGT,2024-02-29,CIEN,Ciena Corp,100,56.98,56.97999954223633,1.0000000080337605
VGT,2024-02-29,DGII,Digi International Inc,231,29.56,29.559999465942383,1.000000018066902
VGT,2024-02-29,FFIV,F5 Inc,89,187.22,187.22000122070312,0.9999999934798466
VGT,2024-02-29,PAR,PAR Technology Corp,219,43.82,43.81999969482422,1.0000000069643036
VGT,2024-02-29,IOT,Samsara Inc,110,34.55,34.54999923706055,1.0000000220821843
VGT,2024-02-29,SMCI,Super Micro Computer Inc,35,866.12,866.1199951171875,1.0000000056375704
VGT,2024-02-29,ADTN,ADTRAN Holdings Inc,275,5.69,5.690000057220459,0.9999999899436804
VGT,2024-02-29,AMKR,Amkor Technology Inc,144,31.02,31.020000457763672,0.9999999852429509
VGT,2024-02-29,MANH,Manhattan Associates Inc,80,253.33,253.3300018310547,0.9999999927720575
VGT,2024-02-29,APPN,Appian Corp,229,34.85,34.849998474121094,1.0000000437841887
VGT,2024-02-29,SYNA,Synaptics Inc,153,100.1,100.0999984741211,1.0000000152435458
VGT,2024-02-29,VSAT,Viasat Inc,235,19.57,19.56999969482422,1.0000000155940616
VGT,2024-02-29,QRVO,Qorvo Inc,88,114.55,114.55000305175781,0.9999999733587278
VGT,2024-02-29,RXT,Rackspace Technology Inc,302,2.1100000000000003,2.109999895095825,1.000000049717621
VGT,2024-02-29,ZETA,Zeta Global Holdings Corp,191,10.5,10.5,1.0
VGT,2024-02-29,FCUV,Focus Universal Inc,311,0.42,0.4200000000000001,0.9999999999999998
VGT,2024-02-29,DDOG,Datadog Inc,42,131.46,131.4600067138672,0.9999999489284433
VGT,2024-02-29,SANM,Sanmina Corp,136,63.2,63.20000076293945,0.9999999879281734
VGT,2024-02-29,TEL,TE Connectivity Ltd,39,143.56,143.55999755859375,1.0000000170061736
VGT,2024-02-29,VNT,Vontier Corp,107,43.0,43.0,1.0
VGT,2024-02-29,EVLV,Evolv Technologies Holdings Inc,277,4.7700000000000005,4.769999980926514,1.0000000039986345
VGT,2024-02-29,VYX,NCR Voyix Corp,238,14.61,14.609999656677246,1.0000000234991624
VGT,2024-02-29,WULF,Terawulf Inc,292,1.8750000019870847,1.8799999952316284,0.9973404291184971
VGT,2024-02-29,DXC,DXC Technology Co,141,21.86,21.860000610351562,0.9999999720790692
VGT,2024-02-29,HUBS,HubSpot Inc,49,618.8100000000001,618.8099975585938,1.0000000039453245
VGT,2024-02-29,TCX,Tucows Inc,296,18.9,18.899999618530273,1.0000000201835837
VGT,2024-02-29,MCHP,Microchip Technology Inc,38,84.14,84.13999938964844,1.000000007254
VGT,2024-02-29,NTCT,NetScout Systems Inc,218,21.65,21.649999618530273,1.0000000176198491
VGT,2024-02-29,QLYS,Qualys Inc,117,171.86,171.86000061035156,0.9999999964485538
VGT,2024-02-29,FROG,JFrog Ltd,119,44.79,44.790000915527344,0.9999999795595595
VGT,2024-02-29,CLSK,Cleanspark Inc,309,16.72,16.719999313354492,1.0000000410673167
VGT,2024-02-29,MKSI,MKS Instruments Inc,101,122.76,122.76000213623047,0.9999999825983185
VGT,2024-02-29,P,Pure Storage Inc,72,52.65,52.650001525878906,0.9999999710184452
VGT,2024-02-29,DOCN,DigitalOcean Holdings Inc,170,37.92,37.91999816894531,1.0000000482873095
VGT,2024-02-29,SMTC,Semtech Corp,217,21.2,21.200000762939453,0.9999999640122912
VGT,2024-02-29,RMBS,Rambus Inc,120,59.24,59.2400016784668,0.9999999716666653
VGT,2024-02-29,STX,Seagate Technology Holdings PLC,63,93.05,93.05000305175781,0.9999999672030336
VGT,2024-02-29,DT,Dynatrace Inc,87,49.55,49.54999923706055,1.0000000153973656
VGT,2024-02-29,SITM,SiTime Corp,228,92.5,92.5,1.0
VGT,2024-02-29,ACIW,ACI Worldwide Inc,140,32.910000000000004,32.90999984741211,1.0000000046365207
VGT,2024-02-29,NABL,N-able Inc,246,13.47,13.470000267028809,0.9999999801760354
VGT,2024-02-29,WOLF,Wolfspeed Inc,199,26.02,,
VGT,2024-02-29,BL,BlackLine Inc,174,56.73,56.72999954223633,1.000000008069164
VGT,2024-02-29,AVPT,AvePoint Inc,250,8.0,8.0,1.0
VGT,2024-02-29,ATEN,A10 Networks Inc,241,13.31,13.3100004196167,0.9999999684735773
VGT,2024-02-29,CDNS,Cadence Design Systems Inc,24,304.38,304.3800048828125,0.9999999839581694
VGT,2024-02-29,ROP,Roper Technologies Inc,31,544.73,544.72998046875,1.0000000358549204
VGT,2024-02-29,COHR,Coherent Corp,91,59.48,59.47999954223633,1.000000007696094
VGT,2024-02-29,LSCC,Lattice Semiconductor Corp,97,76.61,76.61000061035156,0.999999992033004
VGT,2024-02-29,FORM,FormFactor Inc,154,43.03,43.029998779296875,1.0000000283686534
VGT,2024-02-29,ZM,Zoom Video Communications Inc,73,70.73,70.7300033569336,0.9999999525387611
VGT,2024-02-29,BMI,Badger Meter Inc,133,158.69,158.69000244140625,0.9999999846152485
VGT,2024-02-29,HPE,Hewlett Packard Enterprise Co,62,15.23,15.229999542236328,1.0000000300567096
VGT,2024-02-29,CEVA,CEVA Inc,265,22.64,22.639999389648438,1.000000026958992
VGT,2024-02-29,BSY,Bentley Systems Inc,92,51.370000000000005,51.369998931884766,1.0000000207925883
VGT,2024-02-29,FTNT,Fortinet Inc,36,69.11,69.11000061035156,0.9999999911684047
VGT,2024-02-29,ADEA,Adeia Inc,221,11.34,11.34000015258789,0.9999999865442779
VGT,2024-02-29,ASAN,Asana Inc,211,19.7,19.700000762939453,0.9999999612721104
VGT,2024-02-29,CRNC,Cerence Inc,258,14.9,14.899999618530273,1.0000000256019959
VGT,2024-02-29,ITRI,Itron Inc,126,92.68,92.68000030517578,0.9999999967072101
VGT,2024-02-29,RPD,Rapid7 Inc,143,58.58,58.58000183105469,0.999999968742666
VGT,2024-02-29,ENPH,Enphase Energy Inc,70,127.01,127.01000213623047,0.9999999831806123
VGT,2024-02-29,NVTS,Navitas Semiconductor Corp,252,6.14,6.139999866485596,1.0000000217450173
VGT,2024-02-29,VRSN,VeriSign Inc,69,195.29,195.2899932861328,1.0000000343789617
VGT,2024-02-29,HUCK,Domo Inc,281,11.51,11.510000228881836,0.9999999801145237
VGT,2024-02-29,AMPL,Amplitude Inc,254,11.86,11.859999656677246,1.0000000289479565
VGT,2024-02-29,MEI,Methode Electronics Inc,253,21.3,21.299999237060547,1.000000035818755
VGT,2024-02-29,DIOD,Diodes Inc,175,67.98,67.9800033569336,0.9999999506188081
VGT,2024-02-29,OUST,Ouster Inc,297,5.43,5.429999828338623,1.0000000316135143
VGT,2024-02-29,UIS,Unisys Corp,282,5.19,5.190000057220459,0.9999999889748636
VGT,2024-02-29,EGHT,8x8 Inc,288,2.83,2.8299999237060547,1.000000026958992
VGT,2024-02-29,QCOM,QUALCOMM Inc,13,157.79,157.7899932861328,1.0000000425493851
VGT,2024-02-29,FSLY,Fastly Inc,226,14.22,14.220000267028809,0.9999999812216032
VGT,2024-02-29,NOVT,Novanta Inc,109,172.94,172.94000244140625,0.9999999858829293
VGT,2024-02-29,TXN,Texas Instruments Inc,17,167.33,167.3300018310547,0.9999999890572243
VGT,2024-02-29,ROG,Rogers Corp,215,112.07,112.06999969482422,1.0000000027230818
VGT,2024-02-29,BILL,BILL Holdings Inc,138,63.33,63.33000183105469,0.9999999710870893
VGT,2024-02-29,LASR,nLight Inc,262,13.23,13.229999542236328,1.0000000346004299
VGT,2024-02-29,POWI,Power Integrations Inc,150,71.46000000000001,71.45999908447266,1.0000000128117459
VGT,2024-02-29,BOX,Box Inc,161,25.79,25.790000915527344,0.9999999645006858
VGT,2024-02-29,YEXT,Yext Inc,256,5.92,5.920000076293945,0.9999999871125094
VGT,2024-02-29,CRM,Salesforce Inc,6,308.82,308.82000732421875,0.9999999762832117
VGT,2024-02-29,PMTS,CPI Card Group Inc,305,18.9,18.899999618530273,1.0000000201835837
VGT,2024-02-29,RAMP,LiveRamp Holdings Inc,183,34.98,34.97999954223633,1.0000000130864402
VGT,2024-02-29,XRX,Xerox Holdings Corp,163,18.65,18.649999618530273,1.0000000204541413
VGT,2024-02-29,IONQ,IonQ Inc,225,10.36,10.359999656677246,1.0000000331392631
VGT,2024-02-29,OKTA,Okta Inc,66,107.3,107.30000305175781,0.9999999715586418
VGT,2024-02-29,MSTR,MicroStrategy Inc,77,1022.84,1022.8399658203125,1.0000000334164567
VGT,2024-02-29,TDY,Teledyne Technologies Inc,60,427.27,427.2699890136719,1.0000000257128476
VGT,2024-02-29,CCSI,Consensus Cloud Solutions Inc,287,15.920000000000002,15.920000076293945,0.9999999952076669
VGT,2024-02-29,ACN,Accenture PLC,8,374.78,374.7799987792969,1.000000003257119
VGT,2024-02-29,CRUS,Cirrus Logic Inc,124,91.82,91.81999969482422,1.0000000033236307
VGT,2024-02-29,CNXN,PC Connection Inc,248,66.38,66.37999725341797,1.0000000413766517
VGT,2024-02-29,BLKB,Blackbaud Inc,176,69.18,69.18000030517578,0.9999999955886705
VGT,2024-02-29,PEGA,Pegasystems Inc,156,65.03999999999999,65.04000091552734,0.9999999859236264
VGT,2024-02-29,PANW,Palo Alto Networks Inc,22,310.55,310.54998779296875,1.0000000393077821
VGT,2024-02-29,AVT,Avnet Inc,142,46.59,46.59000015258789,0.999999996724879
VGT,2024-02-29,MITK,Mitek Systems Inc,266,11.61,11.609999656677246,1.0000000295712974
VGT,2024-02-29,COHU,Cohu Inc,208,32.13,32.130001068115234,0.999999966756452
VGT,2024-02-29,TENB,Tenable Holdings Inc,116,48.16,48.15999984741211,1.0000000031683531
VGT,2024-02-29,ALRM,Alarm.com Holdings Inc,135,75.69,75.69000244140625,0.9999999677446667
VGT,2024-02-29,VSH,Vishay Intertechnology Inc,186,21.75,21.75,1.0
VGT,2024-02-29,KLAC,KLA Corp,21,682.3,682.3000335693359,0.9999999507997445
VGT,2024-02-29,PLAB,Photronics Inc,169,28.79,28.790000915527344,0.9999999681998154
VGT,2024-02-29,HLIT,Harmonic Inc,202,13.13,13.130000114440918,0.9999999912840125
VGT,2024-02-29,CDW,CDW Corp/DE,45,246.21,246.2100067138672,0.999999972731136
VGT,2024-02-29,FN,Fabrinet,103,215.57,215.57000732421875,0.9999999660239435
VGT,2024-02-29,KN,Knowles Corp,205,16.34,16.34000015258789,0.9999999906616959
VGT,2024-02-29,HPQ,HP Inc,55,28.33,28.329999923706055,1.0000000026930442
VGT,2024-02-29,PI,Impinj Inc,148,109.22,109.22000122070312,0.9999999888234471
VGT,2024-02-29,CRWD,Crowdstrike Holdings Inc,25,324.15000000000003,324.1499938964844,1.0000000188292943
VGT,2024-02-29,IBM,International Business Machines Corp,15,185.03,185.02999877929688,1.0000000065973256
VGT,2024-02-29,EXTR,Extreme Networks Inc,245,12.64,12.640000343322754,0.9999999728383905
VGT,2024-02-29,GLW,Corning Inc,53,32.24,32.2400016784668,0.9999999479383775
VGT,2024-02-29,WEAV,Weave Communications Inc,284,12.53,12.529999732971191,1.0000000213111584
VGT,2024-02-29,CXT,Crane NXT Co,168,58.419999999999995,58.41999816894531,1.0000000313429431
VGT,2024-02-29,NCNO,nCino Inc,206,29.84,29.84000015258789,0.9999999948864648
VGT,2024-02-29,APPS,Digital Turbine Inc,285,3.17,3.1700000762939453,0.9999999759325099
VGT,2024-02-29,MU,Micron Technology Inc,19,90.61,90.61000061035156,0.9999999932639713
VGT,2024-02-29,PTC,PTC Inc,58,183.01,183.00999450683594,1.0000000300156506
VGT,2024-02-29,MSI,Motorola Solutions Inc,33,330.39000000000004,330.3900146484375,0.9999999556631955
VGT,2024-02-29,BDC,Belden Inc,145,85.17999999999999,85.18000030517578,0.9999999964172835
VGT,2024-02-29,AMAT,Applied Materials Inc,14,201.62,201.6199951171875,1.0000000242178981
VGT,2024-02-29,AI,C3.ai Inc,139,36.97,36.970001220703125,0.9999999669812527
VGT,2024-02-29,FICO,Fair Isaac Corp,47,1269.91,1269.9100341796875,0.9999999730849537
VGT,2024-02-29,NVDA,NVIDIA Corp,3,791.12,791.1199951171875,1.0000000061720251
VGT,2024-02-29,APPF,Appfolio Inc,129,242.09,242.08999633789062,1.0000000151270578
VGT,2024-02-29,MASS,908 Devices Inc,298,7.35,7.349999904632568,1.000000012975161
VGT,2024-02-29,IDCC,InterDigital Inc,165,107.02,107.0199966430664,1.000000031367349
VGT,2024-02-29,LFUS,Littelfuse Inc,121,238.24,238.24000549316406,0.9999999769427304
VGT,2024-02-29,FRSH,Freshworks Inc,167,20.44,20.440000534057617,0.9999999738719373
VGT,2024-02-29,PLTR,Palantir Technologies Inc,37,25.08,25.079999923706055,1.0000000030420233
VGT,2024-02-29,UCTT,Ultra Clean Holdings Inc,158,43.2,43.20000076293945,0.9999999823393649
VGT,2024-02-29,WDAY,Workday Inc,30,294.65999999999997,294.6600036621094,0.9999999875717459
VGT,2024-02-29,SNX,TD SYNNEX Corp,125,103.9,103.9000015258789,0.9999999853139665
VGT,2024-02-29,LWLG,Lightwave Logic Inc,270,4.21,4.210000038146973,0.9999999909389614
VGT,2024-02-29,SLAB,Silicon Laboratories Inc,134,137.54,137.5399932861328,1.000000048813927
VGT,2024-02-29,DOCU,DocuSign Inc,90,53.27,53.27000045776367,0.9999999914067268
VGT,2024-02-29,VERX,Vertex Inc,178,33.58,33.58000183105469,0.9999999454718704
VGT,2024-02-29,VRNS,Varonis Systems Inc,112,50.8,50.79999923706055,1.0000000150184933
VGT,2024-02-29,FSLR,First Solar Inc,81,153.89,153.88999938964844,1.0000000039661547
VGT,2024-02-29,PDFS,PDF Solutions Inc,237,33.99,33.9900016784668,0.9999999506188081
VGT,2024-02-29,ICHR,Ichor Holdings Ltd,216,42.8,42.79999923706055,1.0000000178256885
VGT,2024-02-29,AGYS,Agilysys Inc,212,77.8,77.80000305175781,0.9999999607743226
VGT,2024-02-29,CMRC,BigCommerce Holdings Inc,268,7.75,7.75,1.0
VGT,2024-02-29,NTAP,NetApp Inc,65,89.11999999999999,89.12000274658203,0.9999999691810821
VGT,2024-02-29,ZS,Zscaler Inc,57,241.96999999999997,241.97000122070312,0.9999999949551467
VGT,2024-02-29,AEIS,Advanced Energy Industries Inc,152,101.2,101.19999694824219,1.0000000301557106
VGT,2024-02-29,CRDO,Credo Technology Group Holding Ltd,164,21.54,21.540000915527344,0.999999957496411
VGT,2024-02-29,OLED,Universal Display Corp,104,174.42,174.4199981689453,1.000000010497963
VGT,2024-02-29,FIVN,Five9 Inc,155,61.0,61.0,1.0
VGT,2024-02-29,ALKT,Alkami Technology Inc,236,24.95,24.950000762939453,0.9999999694212653
VGT,2024-02-29,ONTO,Onto Innovation Inc,95,184.16,184.16000366210938,0.9999999801145237
VGT,2024-02-29,HCKT,Hackett Group Inc/The,261,24.72,24.719999313354492,1.0000000277769225
VGT,2024-02-29,U,Unity Software Inc,114,29.32,29.31999969482422,1.000000010408451
VGT,2024-02-29,FLEX,Flex Ltd,85,28.15,28.149999618530273,1.0000000135513225
VGT,2024-02-29,AVGO,Broadcom Inc,4,1300.49,1300.4899597167969,1.000000030975405
VGT,2024-02-29,MX,Magnachip Semiconductor Corp,291,5.7,5.699999809265137,1.0000000334622579
VGT,2024-02-29,VISN,CommScope Holding Co Inc,290,1.1650000010071515,1.1649999618530273,1.0000000336086914
VGT,2024-02-29,CSCO,Cisco Systems Inc,9,48.370000000000005,48.369998931884766,1.0000000220821845
VGT,2024-02-29,SCSC,ScanSource Inc,232,43.23,43.22999954223633,1.0000000105890279
VGT,2024-02-29,DBX,Dropbox Inc,127,23.95,23.950000762939453,0.9999999681444914
VGT,2024-02-29,PD,PagerDuty Inc,179,24.16,24.15999984741211,1.000000006315724
VGT,2024-02-29,ANET,Arista Networks Inc,26,277.54,277.5400085449219,0.9999999692119277
VGT,2024-02-29,TDC,Teradata Corp,173,37.62,37.619998931884766,1.0000000283922186
VGT,2024-02-29,RNG,RingCentral Inc,172,33.419999999999995,33.41999816894531,1.0000000547891916
VGT,2024-02-29,CTSH,Cognizant Technology Solutions Corp,40,79.02,79.0199966430664,1.0000000424820772
VGT,2024-02-29,GWRE,Guidewire Software Inc,98,119.34,119.33999633789062,1.0000000306863541
VGT,2024-02-29,NTGR,NETGEAR Inc,273,14.99,14.989999771118164,1.0000000152689685
VGT,2024-02-29,MXL,MaxLinear Inc,214,19.44,19.440000534057617,0.9999999725279012
VGT,2024-02-29,CRSR,Corsair Gaming Inc,259,12.95,12.949999809265137,1.000000014728561
VGT,2024-02-29,AKAM,Akamai Technologies Inc,76,110.92,110.91999816894531,1.000000016507886
VGT,2024-02-29,ENTG,Entegris Inc,59,134.36,134.36000061035156,0.9999999954573419
VGT,2024-02-29,SPSC,SPS Commerce Inc,108,185.16,185.16000366210938,0.9999999802219199
VGT,2024-02-29,AMBA,Ambarella Inc,203,55.849999999999994,55.849998474121094,1.0000000273210194
VGT,2024-02-29,VIAV,Viavi Solutions Inc,190,9.55,9.550000190734863,0.9999999800277635
VGT,2024-02-29,GDYN,Grid Dynamics Holdings Inc,249,13.490000000000002,13.489999771118164,1.0000000169667784
VGT,2024-05-31,OSIS,OSI Systems Inc,176,143.73999999999998,143.74000549316406,0.9999999617840276
VGT,2024-05-31,MVIS,MicroVision Inc,296,1.18,1.1800000508626303,0.9999999568960779
VGT,2024-05-31,VERI,Veritone Inc,308,2.95,2.950000047683716,0.9999999838360288
VGT,2024-05-31,MIR,Mirion Technologies Inc,190,10.86,10.859999656677246,1.0000000316135143
VGT,2024-05-31,TER,Teradyne Inc,57,140.94,140.94000244140625,0.9999999826776912
VGT,2024-05-31,SNPS,Synopsys Inc,22,560.8000000000001,560.7999877929688,1.0000000217671747
VGT,2024-05-31,IT,Gartner Inc,46,419.67,419.6700134277344,0.9999999680040653
VGT,2024-05-31,WK,Workiva Inc,158,76.97,76.97000122070312,0.9999999841405339
VGT,2024-05-31,ACLS,Axcelis Technologies Inc,143,112.49,112.48999786376953,1.0000000189904037
VGT,2024-05-31,RMNI,Rimini Street Inc,305,2.57,2.569999933242798,1.0000000259755657
VGT,2024-05-31,BHE,Benchmark Electronics Inc,211,43.07,43.06999969482422,1.0000000070855766
VGT,2024-05-31,MTSI,MACOM Technology Solutions Holdings Inc,111,101.14,101.13999938964844,1.0000000060347198
VGT,2024-05-31,CVLT,CommVault Systems Inc,125,107.58500000874962,107.58999633789062,0.9999535613968671
VGT,2024-05-31,DMRC,Digimarc Corp,276,26.84,26.84000015258789,0.9999999943149073
VGT,2024-05-31,ARW,Arrow Electronics Inc,106,131.31,131.30999755859375,1.0000000185926914
VGT,2024-05-31,ALGM,Allegro MicroSystems Inc,168,30.14,30.139999389648438,1.00000002025055
VGT,2024-05-31,MDB,MongoDB Inc,74,236.06,236.05999755859375,1.0000000103423126
VGT,2024-05-31,NSSC,Napco Security Technologies Inc,203,49.65,49.650001525878906,0.9999999692672938
VGT,2024-05-31,GDDY,GoDaddy Inc,62,139.63,139.6300048828125,0.9999999650303493
VGT,2024-05-31,LAW,CS Disco Inc,302,5.85,5.849999904632568,1.0000000163021252
VGT,2024-05-31,INDI,indie Semiconductor Inc,246,6.67,6.670000076293945,0.9999999885616275
VGT,2024-05-31,CGNX,Cognex Corp,98,45.52,45.52000045776367,0.9999999899436804
VGT,2024-05-31,TEAM,Atlassian Corp,58,156.86,156.86000061035156,0.9999999961089407
VGT,2024-05-31,AAPL,Apple Inc,2,192.25,192.25,1.0
VGT,2024-05-31,SNOW,Snowflake Inc,40,136.18,136.17999267578125,1.0000000537833686
VGT,2024-05-31,JBL,Jabil Inc,77,118.9,118.9000015258789,0.9999999871667041
VGT,2024-05-31,CXM,Sprinklr Inc,220,11.21,11.210000038146973,0.9999999965970587
VGT,2024-05-31,ADI,Analog Devices Inc,20,234.49,234.49000549316406,0.999999976573995
VGT,2024-05-31,QTWO,Q2 Holdings Inc,134,60.82,60.81999969482422,1.000000005017688
VGT,2024-05-31,XPER,Xperi Inc,275,8.81,8.8100004196167,0.9999999523704111
VGT,2024-05-31,CALX,Calix Inc,173,35.699999999999996,35.70000076293945,0.9999999786291474
VGT,2024-05-31,TTMI,TTM Technologies Inc,187,18.6,18.600000381469727,0.9999999794908754
VGT,2024-05-31,KD,Kyndryl Holdings Inc,103,26.61,26.610000610351562,0.999999977063076
VGT,2024-05-31,RBBN,Ribbon Communications Inc,289,3.14,3.140000104904175,0.9999999665910283
VGT,2024-05-31,PCOR,Procore Technologies Inc,120,67.13,67.12999725341797,1.0000000409143772
VGT,2024-05-31,AMD,Advanced Micro Devices Inc,5,166.9,166.89999389648438,1.0000000365698973
VGT,2024-05-31,NSIT,Insight Enterprises Inc,122,195.5,195.5,1.0
VGT,2024-05-31,SEDG,SolarEdge Technologies Inc,189,48.99,48.9900016784668,0.9999999657385846
VGT,2024-05-31,APH,Amphenol Corp,24,132.37,132.3699951171875,1.000000036887608
VGT,2024-05-31,VECO,Veeco Instruments Inc,160,40.65,40.650001525878906,0.9999999624630049
VGT,2024-05-31,PRGS,Progress Software Corp,185,50.650000000000006,50.650001525878906,0.9999999698740601
VGT,2024-05-31,MSFT,Microsoft Corp,1,415.13,415.1300048828125,0.9999999882378714
VGT,2024-05-31,IPGP,IPG Photonics Corp,174,86.72999999999999,86.7300033569336,0.999999961294437
VGT,2024-05-31,NOW,ServiceNow Inc,17,656.93,656.9300079345703,0.9999999879217416
VGT,2024-05-31,LRCX,Lam Research Corp,19,932.44,932.4400329589844,0.9999999646529716
VGT,2024-05-31,LITE,Lumentum Holdings Inc,169,43.5,43.5,1.0
VGT,2024-05-31,ESTC,Elastic NV,95,104.05,104.05000305175781,0.9999999706702766
VGT,2024-05-31,EPAM,EPAM Systems Inc,101,177.93,177.92999267578125,1.000000041163486
VGT,2024-05-31,NET,Cloudflare Inc,66,67.69,67.69000244140625,0.999999963932543
VGT,2024-05-31,SOUN,SoundHound AI Inc,242,5.05,5.050000190734863,0.9999999622307215
VGT,2024-05-31,TRMB,Trimble Inc,80,55.68,55.68000030517578,0.9999999945191131
VGT,2024-05-31,PLUS,ePlus Inc,188,74.84,74.83999633789062,1.0000000489325167
VGT,2024-05-31,SMRT,SmartRent Inc,271,2.3600000000000003,2.359999895095825,1.0000000444509236
VGT,2024-05-31,ADBE,Adobe Inc,8,444.76,444.760009765625,0.9999999780429337
VGT,2024-05-31,CLFD,Clearfield Inc,265,38.260000000000005,38.2599983215332,1.0000000438700176
VGT,2024-05-31,ON,ON Semiconductor Corp,45,73.03999999999999,73.04000091552734,0.9999999874653979
VGT,2024-05-31,APLD,Applied Digital Corp,274,4.2299999999999995,4.230000019073486,0.9999999954909015
VGT,2024-05-31,TLS,Telos Corp,294,4.53,4.53000020980835,0.9999999536846932
VGT,2024-05-31,INTU,Intuit Inc,14,576.44,576.4400024414062,0.9999999957646829
VGT,2024-05-31,EFOR,ASGN Inc,147,93.91,93.91000366210938,0.9999999610040545
VGT,2024-05-31,OSPN,OneSpan Inc,269,13.17,13.170000076293945,0.9999999942069897
VGT,2024-05-31,AOSL,Alpha & Omega Semiconductor Ltd,253,29.31,29.309999465942383,1.000000018221004
VGT,2024-05-31,MARA,Marathon Digital Holdings Inc,116,19.52,19.520000457763672,0.9999999765489928
VGT,2024-05-31,DV,DoubleVerify Holdings Inc,213,18.2,18.200000762939453,0.9999999580802515
VGT,2024-05-31,SWKS,Skyworks Solutions Inc,78,92.66,92.66000366210938,0.9999999604779923
VGT,2024-05-31,DLB,Dolby Laboratories Inc,130,81.01,81.01000213623047,0.9999999736300407
VGT,2024-05-31,NXPI,NXP Semiconductors NV,28,272.1,272.1000061035156,0.9999999775688516
VGT,2024-05-31,INTA,Intapp Inc,207,35.900000000000006,35.900001525878906,0.9999999574964112
VGT,2024-05-31,RIOT,Riot Platforms Inc,182,9.74,9.739999771118164,1.0000000234991624
VGT,2024-05-31,MRVL,Marvell Technology Inc,30,68.81,68.80999755859375,1.0000000354804002
VGT,2024-05-31,TWLO,Twilio Inc,92,57.4,57.400001525878906,0.9999999734167445
VGT,2024-05-31,BRZE,Braze Inc,195,37.650000000000006,37.650001525878906,0.9999999594720096
VGT,2024-05-31,ADSK,Autodesk Inc,35,201.6,201.60000610351562,0.9999999697246258
VGT,2024-05-31,KEYS,Keysight Technologies Inc,56,138.48,138.47999572753906,1.0000000308525496
VGT,2024-05-31,ARLO,Arlo Technologies Inc,224,14.21,14.210000038146973,0.9999999973154841
VGT,2024-05-31,GTLB,Gitlab Inc,164,47.19,47.189998626708984,1.000000029101315
VGT,2024-05-31,WDC,Western Digital Corp,55,75.28999999999999,75.29000190353393,0.9999999747173078
VGT,2024-05-31,GEN,Gen Digital Inc,72,24.83,24.829999923706055,1.0000000030726517
VGT,2024-05-31,CTS,CTS Corp,208,52.95,52.95000076293945,0.9999999855913232
VGT,2024-05-31,S,SentinelOne Inc,171,16.830000000000002,16.829999923706055,1.0000000045332114
VGT,2024-05-31,EXFY,Expensify Inc,309,1.51,1.5099999904632568,1.000000006315724
VGT,2024-05-31,PATH,UiPath Inc,175,12.260000000000002,12.260000228881836,0.999999981331009
VGT,2024-05-31,PLXS,Plexus Corp,151,110.14,110.13999938964844,1.0000000055415976
VGT,2024-05-31,SPT,Sprout Social Inc,226,32.65,32.650001525878906,0.9999999532655793
VGT,2024-05-31,ORCL,Oracle Corp,9,117.19,117.19000244140625,0.9999999791671115
VGT,2024-05-31,AUR,Aurora Innovation Inc,205,2.39,2.390000104904175,0.9999999561070418
VGT,2024-05-31,DELL,Dell Technologies Inc,39,139.56,139.55999755859375,1.0000000174935963
VGT,2024-05-31,ACMR,ACM Research Inc,244,21.6,21.600000381469727,0.9999999823393649
VGT,2024-05-31,INTC,Intel Corp,18,30.85,30.850000381469727,0.999999987634693
VGT,2024-05-31,MPWR,Monolithic Power Systems Inc,41,735.63,735.6300048828125,0.9999999933624071
VGT,2024-05-31,YOU,Clear Secure Inc,223,16.89,16.889999389648438,1.000000036136861
VGT,2024-05-31,TYL,Tyler Technologies Inc,60,480.36,480.3599853515625,1.000000030494708
VGT,2024-05-31,CIFR,Cipher Mining Inc,295,3.709999999999999,3.7100000381469727,0.999999989717797
VGT,2024-05-31,KE,Kimball Electronics Inc,258,22.92,22.920000076293945,0.9999999966712939
VGT,2024-05-31,ZBRA,Zebra Technologies Corp,70,312.34,312.3399963378906,1.0000000117247532
VGT,2024-05-31,APP,AppLovin Corp,69,81.48,81.4800033569336,0.9999999588005222
VGT,2024-05-31,NTNX,Nutanix Inc,81,55.315000002603746,55.314998626708984,1.00000002487381
VGT,2024-05-31,KLIC,Kulicke & Soffa Industries Inc,181,45.67,45.66999816894531,1.0000000400931632
VGT,2024-05-31,CIEN,Ciena Corp,105,48.17,48.16999816894531,1.000000038012347
VGT,2024-05-31,DGII,Digi International Inc,247,24.36,24.360000610351562,0.9999999749445178
VGT,2024-05-31,FFIV,F5 Inc,93,168.97,168.97000122070312,0.9999999927756222
VGT,2024-05-31,PAR,PAR Technology Corp,227,44.62,44.619998931884766,1.000000023938038
VGT,2024-05-31,IOT,Samsara Inc,109,33.93,33.93000030517578,0.9999999910057241
VGT,2024-05-31,SMCI,Super Micro Computer Inc,36,784.51,784.5099639892578,1.0000000459022114
VGT,2024-05-31,ADTN,ADTRAN Holdings Inc,270,5.55,5.550000190734863,0.9999999656333591
VGT,2024-05-31,AEVA,Aeva Technologies Inc,310,3.23,3.2300000190734863,0.9999999940948959
VGT,2024-05-31,AMKR,Amkor Technology Inc,148,32.59,32.59000015258789,0.9999999953179538
VGT,2024-05-31,MANH,Manhattan Associates Inc,83,219.54,219.5399932861328,1.0000000305815222
VGT,2024-05-31,APPN,Appian Corp,241,28.389999999999997,28.389999389648438,1.0000000214988225
VGT,2024-05-31,SYNA,Synaptics Inc,142,93.71,93.70999908447266,1.0000000097697934
VGT,2024-05-31,VSAT,Viasat Inc,240,16.89,16.889999389648438,1.000000036136861
VGT,2024-05-31,QRVO,Qorvo Inc,97,98.39,98.38999938964844,1.0000000062033902
VGT,2024-05-31,RXT,Rackspace Technology Inc,307,1.96,1.9600000381469727,0.9999999805372592
VGT,2024-05-31,ZETA,Zeta Global Holdings Corp,139,16.33,16.329999923706055,1.0000000046720112
VGT,2024-05-31,FCUV,Focus Universal Inc,313,0.2319999965113399,0.23200000762939457,0.9999999520773521
VGT,2024-05-31,DDOG,Datadog Inc,50,110.18,110.18000030517578,0.9999999972302072
VGT,2024-05-31,SANM,Sanmina Corp,132,68.53999999999999,68.54000091552734,0.9999999866424374
VGT,2024-05-31,TEL,TE Connectivity Ltd,33,149.7,149.6999969482422,1.0000000203858241
VGT,2024-05-31,VNT,Vontier Corp,113,39.98,39.97999954223633,1.0000000114498167
VGT,2024-05-31,EVLV,Evolv Technologies Holdings Inc,292,2.86,2.859999895095825,1.0000000366797828
VGT,2024-05-31,VYX,NCR Voyix Corp,197,13.18,13.180000305175781,0.9999999768455407
VGT,2024-05-31,WULF,Terawulf Inc,282,2.18,2.180000066757202,0.9999999693774312
VGT,2024-05-31,DXC,DXC Technology Co,193,15.55,15.550000190734863,0.9999999877340926
VGT,2024-05-31,HUBS,HubSpot Inc,51,611.05,611.0499877929688,1.0000000199771402
VGT,2024-05-31,TCX,Tucows Inc,298,22.7,22.700000762939453,0.9999999663903335
VGT,2024-05-31,MCHP,Microchip Technology Inc,32,97.23,97.2300033569336,0.9999999654743035
VGT,2024-05-31,NTCT,NetScout Systems Inc,214,20.54,20.540000915527344,0.9999999554271031
VGT,2024-05-31,QLYS,Qualys Inc,146,140.62,140.6199951171875,1.000000034723458
VGT,2024-05-31,AEHR,Aehr Test Systems,285,11.51,11.510000228881836,0.9999999801145237
VGT,2024-05-31,FROG,JFrog Ltd,194,32.17,32.16999816894531,1.000000056918085
VGT,2024-05-31,CLSK,Cleanspark Inc,172,16.07,16.06999969482422,1.0000000189904037
VGT,2024-05-31,MKSI,MKS Instruments Inc,99,126.59,126.58999633789062,1.0000000289289002
VGT,2024-05-31,P,Pure Storage Inc,64,60.290000000000006,60.290000915527344,0.9999999848146074
VGT,2024-05-31,DOCN,DigitalOcean Holdings Inc,178,37.05,37.04999923706055,1.0000000205921584
VGT,2024-05-31,SMTC,Semtech Corp,145,38.89,38.88999938964844,1.0000000156943063
VGT,2024-05-31,RMBS,Rambus Inc,123,55.26,55.2599983215332,1.0000000303739929
VGT,2024-05-31,STX,Seagate Technology Holdings PLC,63,93.24,93.23999786376953,1.0000000229110952
VGT,2024-05-31,DT,Dynatrace Inc,84,45.73,45.72999954223633,1.0000000100101394
VGT,2024-05-31,SITM,SiTime Corp,179,121.82,121.81999969482422,1.000000002505137
VGT,2024-05-31,ACIW,ACI Worldwide Inc,137,36.01,36.0099983215332,1.0000000466111323
VGT,2024-05-31,NABL,N-able Inc/US,248,13.35,13.350000381469727,0.9999999714254895
VGT,2024-05-31,WOLF,Wolfspeed Inc,155,25.700000000000003,,
VGT,2024-05-31,BL,BlackLine Inc,196,47.72,47.720001220703125,0.9999999744194658
VGT,2024-05-31,AVPT,AvePoint Inc,243,9.02,9.020000457763672,0.9999999492501498
VGT,2024-05-31,ATEN,A10 Networks Inc,238,15.15,15.149999618530273,1.0000000251795205
VGT,2024-05-31,CDNS,Cadence Design Systems Inc,26,286.31,286.30999755859375,1.0000000085271428
VGT,2024-05-31,ROP,Roper Technologies Inc,31,532.76,532.760009765625,0.9999999816697485
VGT,2024-05-31,COHR,Coherent Corp,94,57.06,57.060001373291016,0.99999997593251
VGT,2024-05-31,LSCC,Lattice Semiconductor Corp,90,74.24000000000001,74.23999786376953,1.000000028774657
VGT,2024-05-31,FORM,FormFactor Inc,118,54.72,54.720001220703125,0.9999999776918294
VGT,2024-05-31,ZM,Zoom Video Communications Inc,75,61.34,61.34000015258789,0.9999999975124244
VGT,2024-05-31,BMI,Badger Meter Inc,114,192.96,192.9600067138672,0.9999999652059134
VGT,2024-05-31,HPE,Hewlett Packard Enterprise Co,59,17.65,17.649999618530273,1.000000021613016
VGT,2024-05-31,CEVA,CEVA Inc,268,19.92,19.920000076293945,0.9999999961699828
VGT,2024-05-31,BSY,Bentley Systems Inc,91,50.239999999999995,50.2400016784668,0.9999999665910282
VGT,2024-05-31,FTNT,Fortinet Inc,38,59.32,59.31999969482422,1.000000005144568
VGT,2024-05-31,ADEA,Adeia Inc,225,11.83,11.829999923706055,1.0000000064491923
VGT,2024-05-31,ASAN,Asana Inc,236,13.05,13.050000190734863,0.9999999853843019
VGT,2024-05-31,CRNC,Cerence Inc,304,3.4400000000000004,3.440000057220459,0.999999983366146
VGT,2024-05-31,ITRI,Itron Inc,117,107.55,107.55000305175781,0.9999999716247538
VGT,2024-05-31,RPD,Rapid7 Inc,199,36.14,36.13999938964844,1.0000000168885328
VGT,2024-05-31,ENPH,Enphase Energy Inc,68,127.9,127.9000015258789,0.9999999880697508
VGT,2024-05-31,NVTS,Navitas Semiconductor Corp,266,3.91,3.9100000858306885,0.9999999780484178
VGT,2024-05-31,VRSN,VeriSign Inc,71,174.32,174.32000732421875,0.9999999579840612
VGT,2024-05-31,HUCK,Domo Inc,297,6.659999999999999,6.659999847412109,1.000000022911095
VGT,2024-05-31,AMPL,Amplitude Inc,254,8.92,8.920000076293945,0.9999999914468671
VGT,2024-05-31,MEI,Methode Electronics Inc,272,11.78,11.779999732971191,1.0000000226679808
VGT,2024-05-31,DIOD,Diodes Inc,153,74.13,74.12999725341797,1.0000000370508852
VGT,2024-05-31,OUST,Ouster Inc,277,11.7,11.699999809265137,1.0000000163021252
VGT,2024-05-31,UIS,Unisys Corp,290,4.29,4.289999961853027,1.0000000088920684
VGT,2024-05-31,EGHT,8x8 Inc,291,2.73,2.7300000190734863,0.999999993013375
VGT,2024-05-31,QCOM,QUALCOMM Inc,6,204.05,204.0500030517578,0.9999999850440688
VGT,2024-05-31,FSLY,Fastly Inc,245,7.84,7.840000152587891,0.9999999805372592
VGT,2024-05-31,NOVT,Novanta Inc,110,162.16,162.16000366210938,0.9999999774166916
VGT,2024-05-31,TXN,Texas Instruments Inc,12,195.01,195.00999450683594,1.0000000281686283
VGT,2024-05-31,ROG,Rogers Corp,183,118.0,118.0,1.0
VGT,2024-05-31,BILL,BILL Holdings Inc,149,52.05,52.04999923706055,1.0000000146578187
VGT,2024-05-31,NN,NextNav Inc,287,7.895,7.894999980926514,1.0000000024158944
VGT,2024-05-31,LASR,nLight Inc,255,13.15,13.149999618530273,1.0000000290091056
VGT,2024-05-31,POWI,Power Integrations Inc,126,76.01,76.01000213623047,0.9999999718954032
VGT,2024-05-31,BOX,Box Inc,150,27.25,27.25,1.0
VGT,2024-05-31,YEXT,Yext Inc,264,5.05,5.050000190734863,0.9999999622307215
VGT,2024-05-31,CRM,Salesforce Inc,7,234.44,234.44000244140625,0.9999999895862215
VGT,2024-05-31,PMTS,CPI Card Group Inc,306,26.19,26.190000534057617,0.9999999796083389
VGT,2024-05-31,RAMP,LiveRamp Holdings Inc,191,31.29,31.290000915527344,0.9999999707405779
VGT,2024-05-31,XRX,Xerox Holdings Corp,204,14.06,14.0600004196167,0.9999999701552855
VGT,2024-05-31,IONQ,IonQ Inc,218,8.15,8.149999618530273,1.0000000468061037
VGT,2024-05-31,OKTA,Okta Inc,79,88.67999999999999,88.68000030517578,0.9999999965586853
VGT,2024-05-31,MSTR,MicroStrategy Inc,53,1524.49,1524.4900512695312,0.9999999663693894
VGT,2024-05-31,TDY,Teledyne Technologies Inc,67,396.95,396.95001220703125,0.9999999692479383
VGT,2024-05-31,CCSI,Consensus Cloud Solutions Inc,280,18.869999999999997,18.8700008392334,0.9999999555255239
VGT,2024-05-31,ACN,Accenture PLC,13,282.29,282.2900085449219,0.9999999697299883
VGT,2024-05-31,CRUS,Cirrus Logic Inc,102,114.7,114.69999694824219,1.0000000266064333
VGT,2024-05-31,CNXN,PC Connection Inc,250,67.64,67.63999938964844,1.00000000902353
VGT,2024-05-31,BLKB,Blackbaud Inc,161,77.94,77.94000244140625,0.9999999686758253
VGT,2024-05-31,PEGA,Pegasystems Inc,184,57.46000000000001,57.459999084472656,1.0000000159332991
VGT,2024-05-31,PANW,Palo Alto Networks Inc,23,294.90999999999997,294.9100036621094,0.9999999875822815
VGT,2024-05-31,AVT,Avnet Inc,119,54.6,54.599998474121094,1.000000027946501
VGT,2024-05-31,MITK,Mitek Systems Inc,257,12.55,12.550000190734863,0.9999999848020033
VGT,2024-05-31,COHU,Cohu Inc,212,32.24,32.2400016784668,0.9999999479383775
VGT,2024-05-31,TENB,Tenable Holdings Inc,138,42.190000000000005,42.189998626708984,1.0000000325501557
VGT,2024-05-31,ALRM,Alarm.com Holdings Inc,166,65.41000000000001,65.41000366210938,0.9999999440130078
VGT,2024-05-31,VSH,Vishay Intertechnology Inc,157,23.63,23.6299991607666,1.0000000355155916
VGT,2024-05-31,KLAC,KLA Corp,21,759.5300000000001,759.530029296875,0.9999999614276279
VGT,2024-05-31,PLAB,Photronics Inc,198,27.35,27.350000381469727,0.9999999860522955
VGT,2024-05-31,HLIT,Harmonic Inc,221,12.23,12.229999542236328,1.0000000374295739
VGT,2024-05-31,CDW,CDW Corp/DE,49,223.62,223.6199951171875,1.0000000218353127
VGT,2024-05-31,FN,Fabrinet,88,239.52999999999997,239.52999877929688,1.000000005096243
VGT,2024-05-31,KN,Knowles Corp,206,17.52,17.520000457763672,0.9999999738719372
VGT,2024-05-31,HPQ,HP Inc,42,36.5,36.5,1.0
VGT,2024-05-31,PI,Impinj Inc,115,163.67,163.6699981689453,1.000000011187479
VGT,2024-05-31,CRWD,Crowdstrike Holdings Inc,27,313.66999999999996,313.6700134277344,0.9999999571915267
VGT,2024-05-31,IBM,International Business Machines Corp,15,166.85,166.85000610351562,0.9999999634191465
VGT,2024-05-31,EXTR,Extreme Networks Inc,215,11.15,11.149999618530273,1.0000000342125328
VGT,2024-05-31,GLW,Corning Inc,47,37.26,37.2599983215332,1.00000004504742
VGT,2024-05-31,WEAV,Weave Communications Inc,288,8.65,8.649999618530273,1.0000000441005483
VGT,2024-05-31,CXT,Crane NXT Co,165,63.22,63.220001220703125,0.9999999806911879
VGT,2024-05-31,NCNO,nCino Inc,209,30.53,30.530000686645508,0.9999999775091553
VGT,2024-05-31,APPS,Digital Turbine Inc,300,1.89,1.8899999856948853,1.0000000075688438
VGT,2024-05-31,MU,Micron Technology Inc,16,125.0,125.0,1.0
VGT,2024-05-31,PTC,PTC Inc,61,176.24,176.24000549316406,0.9999999688313443
VGT,2024-05-31,MSI,Motorola Solutions Inc,29,364.91,364.9100036621094,0.9999999899643492
VGT,2024-05-31,BDC,Belden Inc,131,95.69,95.69000244140625,0.9999999744862975
VGT,2024-05-31,AMAT,Applied Materials Inc,11,215.08,215.0800018310547,0.9999999914866344
VGT,2024-05-31,AI,C3.ai Inc,127,29.57,29.56999969482422,1.0000000103204527
VGT,2024-05-31,FICO,Fair Isaac Corp,44,1289.9299999999998,1289.9300537109375,0.9999999583613565
VGT,2024-05-31,NVDA,NVIDIA Corp,3,1096.33,1096.3300323486328,0.999999970493709
VGT,2024-05-31,APPF,Appfolio Inc,133,228.32,228.32000732421875,0.9999999679212573
VGT,2024-05-31,MASS,908 Devices Inc,303,6.3,6.300000190734863,0.9999999697246258
VGT,2024-05-31,IDCC,InterDigital Inc,152,113.87,113.87000274658203,0.9999999758796702
VGT,2024-05-31,LFUS,Littelfuse Inc,107,256.6,256.6000061035156,0.9999999762138915
VGT,2024-05-31,FRSH,Freshworks Inc,210,12.88,12.880000114440918,0.9999999911148357
VGT,2024-05-31,PLTR,Palantir Technologies Inc,37,21.68,21.68000030517578,0.9999999859236265
VGT,2024-05-31,UCTT,Ultra Clean Holdings Inc,177,46.38,46.380001068115234,0.9999999769703491
VGT,2024-05-31,WDAY,Workday Inc,34,211.45,211.4499969482422,1.000000014432527
VGT,2024-05-31,SNX,TD SYNNEX Corp,86,130.84,130.83999633789062,1.0000000279892196
VGT,2024-05-31,LWLG,Lightwave Logic Inc,281,3.0799999999999996,3.0799999237060547,1.0000000247707619
VGT,2024-05-31,SLAB,Silicon Laboratories Inc,144,126.17,126.16999816894531,1.0000000145125998
VGT,2024-05-31,DOCU,DocuSign Inc,89,54.74,54.7400016784668,0.9999999693374727
VGT,2024-05-31,VERX,Vertex Inc,200,33.05,33.04999923706055,1.0000000230844015
VGT,2024-05-31,VRNS,Varonis Systems Inc,140,42.959999999999994,42.959999084472656,1.0000000213111582
VGT,2024-05-31,FSLR,First Solar Inc,48,271.76,271.760009765625,0.999999964065261
VGT,2024-05-31,PDFS,PDF Solutions Inc,237,35.02,35.02000045776367,0.9999999869285077
VGT,2024-05-31,ICHR,Ichor Holdings Ltd,228,37.99,37.9900016784668,0.9999999558181963
VGT,2024-05-31,AGYS,Agilysys Inc,167,95.47,95.47000122070312,0.9999999872137518
VGT,2024-05-31,CMRC,BigCommerce Holdings Inc,263,8.24,8.239999771118164,1.0000000277769225
VGT,2024-05-31,NTAP,NetApp Inc,54,120.43,120.43000030517578,0.9999999974659489
VGT,2024-05-31,ZS,Zscaler Inc,76,169.96,169.9600067138672,0.9999999604973705
VGT,2024-05-31,AEIS,Advanced Energy Industries Inc,129,107.43,107.43000030517578,0.9999999971593059
VGT,2024-05-31,CRDO,Credo Technology Group Holding Ltd,121,26.07,26.06999969482422,1.000000011706014
VGT,2024-05-31,OLED,Universal Display Corp,100,175.70000000000002,175.6999969482422,1.00000001736914
VGT,2024-05-31,FIVN,Five9 Inc,186,46.760000000000005,46.7599983215332,1.0000000358953562
VGT,2024-05-31,ALKT,Alkami Technology Inc,231,27.43,27.43000030517578,0.9999999888743792
VGT,2024-05-31,ONTO,Onto Innovation Inc,85,216.7,216.6999969482422,1.0000000140828695
VGT,2024-05-31,HCKT,Hackett Group Inc/The,260,22.31,22.309999465942383,1.000000023938038
VGT,2024-05-31,U,Unity Software Inc,163,18.27,18.270000457763672,0.9999999749445178
VGT,2024-05-31,FLEX,Flex Ltd,73,33.129999999999995,33.130001068115234,0.9999999677598791
VGT,2024-05-31,AVGO,Broadcom Inc,4,1328.55,1328.5499572753906,1.0000000321588278
VGT,2024-05-31,MX,Magnachip Semiconductor Corp,299,5.029999999999999,5.03000020980835,0.9999999582886001
VGT,2024-05-31,VISN,CommScope Holding Co Inc,286,1.4400000000000002,1.440000057220459,0.9999999602635719
VGT,2024-05-31,CSCO,Cisco Systems Inc,10,46.5,46.5,1.0
VGT,2024-05-31,SCSC,ScanSource Inc,230,47.43,47.43000030517578,0.9999999935657647
VGT,2024-05-31,DBX,Dropbox Inc,124,22.53,22.530000686645508,0.9999999695230588
VGT,2024-05-31,PD,PagerDuty Inc,202,18.97,18.969999313354492,1.0000000361963908
VGT,2024-05-31,ANET,Arista Networks Inc,25,297.65,297.6499938964844,1.0000000205056803
VGT,2024-05-31,TDC,Teradata Corp,180,32.61,32.61000061035156,0.999999981283301
VGT,2024-05-31,RNG,RingCentral Inc,159,34.199999999999996,34.20000076293945,0.9999999776918292
VGT,2024-05-31,CTSH,Cognizant Technology Solutions Corp,43,66.14999999999999,66.1500015258789,0.9999999769330479
VGT,2024-05-31,GWRE,Guidewire Software Inc,96,113.92000000000002,113.91999816894531,1.000000016073163
VGT,2024-05-31,NTGR,NETGEAR Inc,273,13.81,13.8100004196167,0.9999999696150119
VGT,2024-05-31,MXL,MaxLinear Inc,219,17.77,17.770000457763672,0.9999999742395239
VGT,2024-05-31,CRSR,Corsair Gaming Inc,262,11.59,11.59000015258789,0.9999999868345221
VGT,2024-05-31,AKAM,Akamai Technologies Inc,82,92.24,92.23999786376953,1.0000000231594808
VGT,2024-05-31,ENTG,Entegris Inc,65,126.35,126.3499984741211,1.000000012076604
VGT,2024-05-31,SPSC,SPS Commerce Inc,104,188.09,188.08999633789062,1.0000000194699847
VGT,2024-05-31,AMBA,Ambarella Inc,162,58.26,58.2599983215332,1.0000000288099355
VGT,2024-05-31,VIAV,Viavi Solutions Inc,201,7.52,7.519999980926514,1.0000000025363678
VGT,2024-05-31,GDYN,Grid Dynamics Holdings Inc,261,9.5,9.5,1.0
VGT,2024-08-31,OSIS,OSI Systems Inc,176,149.87,149.8699951171875,1.0000000325803207
VGT,2024-08-31,MVIS,MicroVision Inc,305,0.9481999993013293,0.95,0.9981052624224519
VGT,2024-08-31,VERI,Veritone Inc,318,3.1,3.0999999046325684,1.0000000307636887
VGT,2024-08-31,MIR,Mirion Technologies Inc,196,10.84,10.84000015258789,0.9999999859236265
VGT,2024-08-31,TER,Teradyne Inc,59,136.73,136.72999572753906,1.0000000312474298
VGT,2024-08-31,SNPS,Synopsys Inc,25,519.58,519.5800170898438,0.9999999671083507
VGT,2024-08-31,IT,Gartner Inc,41,491.96,491.9599914550781,1.0000000173691397
VGT,2024-08-31,WK,Workiva Inc,164,78.17,78.16999816894531,1.0000000234240083
VGT,2024-08-31,ACLS,Axcelis Technologies Inc,155,109.33,109.33000183105469,0.9999999832520382
VGT,2024-08-31,RMNI,Rimini Street Inc,316,1.76,1.7599999904632568,1.000000005418604
VGT,2024-08-31,BHE,Benchmark Electronics Inc,216,42.51,42.5099983215332,1.0000000394840476
VGT,2024-08-31,MTSI,MACOM Technology Solutions Holdings Inc,115,109.23,109.2300033569336,0.999999969267294
VGT,2024-08-31,CVLT,CommVault Systems Inc,98,155.39999999999998,155.39999389648438,1.0000000392761637
VGT,2024-08-31,DMRC,Digimarc Corp,277,28.69,28.690000534057617,0.999999981385235
VGT,2024-08-31,ARW,Arrow Electronics Inc,110,135.07999999999998,135.0800018310547,0.9999999864446648
VGT,2024-08-31,ALGM,Allegro MicroSystems Inc,151,24.53,24.530000686645508,0.9999999720079296
VGT,2024-08-31,MDB,MongoDB Inc,67,290.78999999999996,290.7900085449219,0.9999999706148023
VGT,2024-08-31,NSSC,Napco Security Technologies Inc,204,46.38,46.380001068115234,0.9999999769703491
VGT,2024-08-31,GDDY,GoDaddy Inc,56,167.41,167.41000366210938,0.9999999781249072
VGT,2024-08-31,LAW,CS Disco Inc,309,5.53,5.53000020980835,0.9999999620599744
VGT,2024-08-31,HUT,Hut 8 Corp,250,10.11,10.109999656677246,1.0000000339587305
VGT,2024-08-31,INDI,indie Semiconductor Inc,259,4.1499999999999995,4.150000095367432,0.9999999770198964
VGT,2024-08-31,CGNX,Cognex Corp,114,40.379999999999995,40.380001068115234,0.9999999735484099
VGT,2024-08-31,TEAM,Atlassian Corp,54,165.6,165.60000610351562,0.9999999631430229
VGT,2024-08-31,AAPL,Apple Inc,1,229.0,229.0,1.0
VGT,2024-08-31,SNOW,Snowflake Inc,45,114.23,114.2300033569336,0.9999999706125056
VGT,2024-08-31,JBL,Jabil Inc,87,109.28,109.27999877929688,1.0000000111704168
VGT,2024-08-31,CXM,Sprinklr Inc,235,8.969999999999999,8.970000267028809,0.9999999702309028
VGT,2024-08-31,ADI,Analog Devices Inc,17,234.84,234.83999633789062,1.0000000155940616
VGT,2024-08-31,QTWO,Q2 Holdings Inc,117,74.21,74.20999908447266,1.0000000123369808
VGT,2024-08-31,XPER,Xperi Inc,289,8.82,8.819999694824219,1.0000000346004299
VGT,2024-08-31,CALX,Calix Inc,175,37.24,37.2400016784668,0.999999954928391
VGT,2024-08-31,TTMI,TTM Technologies Inc,191,19.45,19.450000762939453,0.9999999607743226
VGT,2024-08-31,KD,Kyndryl Holdings Inc,121,23.69,23.690000534057617,0.9999999774564118
VGT,2024-08-31,RBBN,Ribbon Communications Inc,294,3.4099999999999997,3.4100000858306885,0.9999999748297107
VGT,2024-08-31,PCOR,Procore Technologies Inc,140,59.27,59.27000045776367,0.999999992276638
VGT,2024-08-31,AMD,Advanced Micro Devices Inc,7,148.56,148.55999755859375,1.0000000164338065
VGT,2024-08-31,NSIT,Insight Enterprises Inc,116,217.07,217.07000732421875,0.9999999662587252
VGT,2024-08-31,SEDG,SolarEdge Technologies Inc,234,24.33,24.329999923706055,1.0000000031357972
VGT,2024-08-31,APH,Amphenol Corp,24,67.45,67.44999694824219,1.0000000452447435
VGT,2024-08-31,VECO,Veeco Instruments Inc,189,35.49,35.4900016784668,0.9999999527059251
VGT,2024-08-31,PRGS,Progress Software Corp,166,58.15,58.150001525878906,0.9999999737596067
VGT,2024-08-31,MSFT,Microsoft Corp,2,417.14,417.1400146484375,0.9999999648836434
VGT,2024-08-31,IPGP,IPG Photonics Corp,205,68.37,68.37000274658203,0.9999999598276742
VGT,2024-08-31,NOW,ServiceNow Inc,15,855.0,855.0,1.0
VGT,2024-08-31,LRCX,Lam Research Corp,20,821.01,821.0099792480469,1.0000000252761276
VGT,2024-08-31,LITE,Lumentum Holdings Inc,130,57.60999999999999,57.61000061035156,0.999999989405458
VGT,2024-08-31,ESTC,Elastic NV,136,76.19,76.19000244140625,0.9999999679563437
VGT,2024-08-31,EPAM,EPAM Systems Inc,90,200.76,200.75999450683594,1.000000027361846
VGT,2024-08-31,NET,Cloudflare Inc,55,82.14,82.13999938964844,1.0000000074306254
VGT,2024-08-31,SOUN,SoundHound AI Inc,227,4.890000000000001,4.889999866485596,1.00000002730356
VGT,2024-08-31,TRMB,Trimble Inc,83,56.690000000000005,56.689998626708984,1.0000000242245732
VGT,2024-08-31,PLUS,ePlus Inc,157,95.96,95.95999908447266,1.0000000095407184
VGT,2024-08-31,SMRT,SmartRent Inc,296,1.7,1.7000000476837158,0.9999999719507562
VGT,2024-08-31,ADBE,Adobe Inc,5,574.41,574.4099731445312,1.000000046753138
VGT,2024-08-31,CLFD,Clearfield Inc,271,37.3,37.29999923706055,1.0000000204541413
VGT,2024-08-31,ON,ON Semiconductor Corp,44,77.87,77.87000274658203,0.9999999647286255
VGT,2024-08-31,APLD,Applied Digital Corp,292,3.65,3.6500000953674316,0.9999999738719372
VGT,2024-08-31,TLS,Telos Corp,302,3.65,3.6500000953674316,0.9999999738719372
VGT,2024-08-31,INTU,Intuit Inc,14,630.26,630.260009765625,0.9999999845054027
VGT,2024-08-31,EFOR,ASGN Inc,147,96.16,96.16000366210938,0.9999999619165013
VGT,2024-08-31,OSPN,OneSpan Inc,270,16.12,16.1200008392334,0.9999999479383775
VGT,2024-08-31,AOSL,Alpha & Omega Semiconductor Ltd,240,41.81,41.810001373291016,0.999999967154007
VGT,2024-08-31,MARA,Marathon Digital Holdings Inc,152,16.7,16.700000762939453,0.9999999543150049
VGT,2024-08-31,DV,DoubleVerify Holdings Inc,169,19.7,19.700000762939453,0.9999999612721104
VGT,2024-08-31,SWKS,Skyworks Solutions Inc,70,109.59,109.58999633789062,1.0000000334164567
VGT,2024-08-31,DLB,Dolby Laboratories Inc,162,71.36,71.36000061035156,0.9999999914468671
VGT,2024-08-31,NXPI,NXP Semiconductors NV,28,256.36,256.3599853515625,1.000000057140109
VGT,2024-08-31,INTA,Intapp Inc,185,46.2,46.20000076293945,0.9999999834861594
VGT,2024-08-31,RIOT,Riot Platforms Inc,212,7.53,7.53000020980835,0.9999999721370062
VGT,2024-08-31,MRVL,Marvell Technology Inc,29,76.24000000000001,76.23999786376953,1.000000028019813
VGT,2024-08-31,TWLO,Twilio Inc,95,62.76,62.7599983215332,1.0000000267442135
VGT,2024-08-31,BRZE,Braze Inc,173,44.78,44.779998779296875,1.000000027260008
VGT,2024-08-31,ADSK,Autodesk Inc,33,258.40000000000003,258.3999938964844,1.0000000236204172
VGT,2024-08-31,KEYS,Keysight Technologies Inc,50,154.12,154.1199951171875,1.0000000316818884
VGT,2024-08-31,ARLO,Arlo Technologies Inc,238,11.74,11.739999771118164,1.0000000194958978
VGT,2024-08-31,GTLB,Gitlab Inc,149,47.4,47.400001525878906,0.9999999678084629
VGT,2024-08-31,WDC,Western Digital Corp,62,65.59,65.59000213623047,0.9999999674305474
VGT,2024-08-31,GEN,Gen Digital Inc,76,26.46,26.459999084472656,1.0000000346004299
VGT,2024-08-31,CTS,CTS Corp,219,49.25,49.25,1.0
VGT,2024-08-31,S,SentinelOne Inc,119,23.56,23.559999465942383,1.0000000226679808
VGT,2024-08-31,DBD,Diebold Nixdorf Inc,264,44.82,44.81999969482422,1.0000000068089197
VGT,2024-08-31,EXFY,Expensify Inc,312,2.3200000000000003,2.319999933242798,1.000000028774657
VGT,2024-08-31,PATH,UiPath Inc,161,12.88,12.880000114440918,0.9999999911148357
VGT,2024-08-31,PLXS,Plexus Corp,132,128.11,128.11000061035156,0.9999999952357228
VGT,2024-08-31,SPT,Sprout Social Inc,213,31.1,31.100000381469727,0.9999999877340926
VGT,2024-08-31,ORCL,Oracle Corp,8,141.29,141.2899932861328,1.0000000475183488
VGT,2024-08-31,AUR,Aurora Innovation Inc,113,4.67,4.670000076293945,0.9999999836629669
VGT,2024-08-31,DELL,Dell Technologies Inc,47,115.54,115.54000091552734,0.9999999920761007
VGT,2024-08-31,ACMR,ACM Research Inc,251,18.04,18.040000915527344,0.9999999492501498
VGT,2024-08-31,INTC,Intel Corp,23,22.040000000000003,22.040000915527344,0.9999999584606487
VGT,2024-08-31,MPWR,Monolithic Power Systems Inc,37,934.68,934.6799926757812,1.000000007836071
VGT,2024-08-31,YOU,Clear Secure Inc,137,30.39,30.389999389648438,1.000000020083961
VGT,2024-08-31,TYL,Tyler Technologies Inc,51,587.87,587.8699951171875,1.0000000083059393
VGT,2024-08-31,CIFR,Cipher Mining Inc,261,3.51,3.509999990463257,1.0000000027170208
VGT,2024-08-31,KE,Kimball Electronics Inc,273,18.450000000000003,18.450000762939453,0.99999995864827
VGT,2024-08-31,ZBRA,Zebra Technologies Corp,68,345.38,345.3800048828125,0.9999999858624923
VGT,2024-08-31,APP,AppLovin Corp,66,92.87,92.87000274658203,0.9999999704255201
VGT,2024-08-31,NTNX,Nutanix Inc,77,63.190000000000005,63.189998626708984,1.0000000217327274
VGT,2024-08-31,KLIC,Kulicke & Soffa Industries Inc,188,43.81,43.810001373291016,0.9999999686534816
VGT,2024-08-31,CIEN,Ciena Corp,101,57.65,57.650001525878906,0.9999999735320231
VGT,2024-08-31,DGII,Digi International Inc,237,29.46,29.459999084472656,1.0000000310769646
VGT,2024-08-31,FFIV,F5 Inc,86,203.15,203.14999389648438,1.00000003004438
VGT,2024-08-31,PAR,PAR Technology Corp,199,53.989999999999995,53.9900016784668,0.9999999689115253
VGT,2024-08-31,IOT,Samsara Inc,103,41.07,41.06999969482422,1.0000000074306254
VGT,2024-08-31,SMCI,Super Micro Computer Inc,63,437.7,437.7000045776367,0.9999999895416114
VGT,2024-08-31,ADTN,ADTRAN Holdings Inc,279,5.58,5.579999923706055,1.0000000136727503
VGT,2024-08-31,AEVA,Aeva Technologies Inc,317,3.3,3.299999952316284,1.000000014449611
VGT,2024-08-31,AMKR,Amkor Technology Inc,150,32.9,32.900001525878906,0.999999953620704
VGT,2024-08-31,MANH,Manhattan Associates Inc,72,264.43,264.42999267578125,1.0000000276981393
VGT,2024-08-31,APPN,Appian Corp,232,32.44,32.439998626708984,1.0000000423332636
VGT,2024-08-31,SYNA,Synaptics Inc,174,81.42,81.41999816894531,1.0000000224890042
VGT,2024-08-31,VSAT,Viasat Inc,242,15.7,15.699999809265137,1.0000000121487176
VGT,2024-08-31,QRVO,Qorvo Inc,88,115.89,115.88999938964844,1.0000000052666456
VGT,2024-08-31,RXT,Rackspace Technology Inc,311,2.3,2.299999952316284,1.0000000207320507
VGT,2024-08-31,ZETA,Zeta Global Holdings Corp,96,26.41,26.40999984741211,1.000000005777656
VGT,2024-08-31,DDOG,Datadog Inc,46,116.26,116.26000213623047,0.9999999816254049
VGT,2024-08-31,SANM,Sanmina Corp,139,69.38,69.37999725341797,1.00000003958752
VGT,2024-08-31,TEL,TE Connectivity Ltd,36,153.6,153.60000610351562,0.9999999602635717
VGT,2024-08-31,VNT,Vontier Corp,141,35.03,35.029998779296875,1.0000000348473643
VGT,2024-08-31,EVLV,Evolv Technologies Holdings Inc,278,3.939999999999999,3.940000057220459,0.9999999854770408
VGT,2024-08-31,VYX,NCR Voyix Corp,198,13.49,13.489999771118164,1.0000000169667784
VGT,2024-08-31,WULF,Terawulf Inc,241,4.36,4.360000133514404,0.9999999693774312
VGT,2024-08-31,DXC,DXC Technology Co,129,20.67,20.670000076293945,0.9999999963089529
VGT,2024-08-31,HUBS,HubSpot Inc,58,499.07,499.07000732421875,0.9999999853242658
VGT,2024-08-31,TCX,Tucows Inc,303,21.41,21.40999984741211,1.000000007126945
VGT,2024-08-31,MCHP,Microchip Technology Inc,39,82.16,82.16000366210938,0.9999999554271031
VGT,2024-08-31,NTCT,NetScout Systems Inc,215,21.48,21.479999542236328,1.0000000213111584
VGT,2024-08-31,QLYS,Qualys Inc,156,125.17,125.16999816894531,1.0000000146285428
VGT,2024-08-31,AEHR,Aehr Test Systems,280,15.21,15.210000038146973,0.9999999974919809
VGT,2024-08-31,FROG,JFrog Ltd,194,27.76,27.760000228881836,0.9999999917549772
VGT,2024-08-31,CLSK,Cleanspark Inc,218,10.69,10.6899995803833,1.0000000392532007
VGT,2024-08-31,MKSI,MKS Instruments Inc,108,119.23,119.2300033569336,0.9999999718448923
VGT,2024-08-31,P,Pure Storage Inc,79,51.29,51.290000915527344,0.9999999821499839
VGT,2024-08-31,DOCN,DigitalOcean Holdings Inc,184,37.43,37.43000030517578,0.9999999918467598
VGT,2024-08-31,SMTC,Semtech Corp,131,43.82,43.81999969482422,1.0000000069643036
VGT,2024-08-31,RMBS,Rambus Inc,165,44.72,44.720001220703125,0.9999999727034192
VGT,2024-08-31,STX,Seagate Technology Holdings PLC,65,99.55,99.55000305175781,0.9999999693444729
VGT,2024-08-31,DT,Dynatrace Inc,82,50.62,50.619998931884766,1.000000021100657
VGT,2024-08-31,SITM,SiTime Corp,158,144.66,144.66000366210938,0.9999999746847139
VGT,2024-08-31,ACIW,ACI Worldwide Inc,104,50.36,50.36000061035156,0.9999999878802313
VGT,2024-08-31,NABL,N-able Inc/US,245,12.86,12.859999656677246,1.0000000266969489
VGT,2024-08-31,WOLF,Wolfspeed Inc,247,9.75,,
VGT,2024-08-31,BL,BlackLine Inc,183,49.55,49.54999923706055,1.0000000153973656
VGT,2024-08-31,AVPT,AvePoint Inc,226,11.55,11.550000190734863,0.9999999834861594
VGT,2024-08-31,ATEN,A10 Networks Inc,243,13.77,13.770000457763672,0.9999999667564519
VGT,2024-08-31,CDNS,Cadence Design Systems Inc,27,268.93,268.92999267578125,1.0000000272346667
VGT,2024-08-31,ROP,Roper Technologies Inc,32,554.41,554.4099731445312,1.0000000484397287
VGT,2024-08-31,COHR,Coherent Corp,81,77.95,77.94999694824219,1.000000039150198
VGT,2024-08-31,LSCC,Lattice Semiconductor Corp,145,47.36,47.36000061035156,0.9999999871125094
VGT,2024-08-31,FORM,FormFactor Inc,148,48.77,48.77000045776367,0.9999999906138268
VGT,2024-08-31,ZM,Zoom Video Communications Inc,71,69.08000000000001,69.08000183105469,0.9999999734937084
VGT,2024-08-31,BMI,Badger Meter Inc,120,206.94000000000003,206.94000244140625,0.9999999882023476
VGT,2024-08-31,HPE,Hewlett Packard Enterprise Co,53,19.37,19.3700008392334,0.9999999566735487
VGT,2024-08-31,CEVA,CEVA Inc,265,23.94,23.940000534057617,0.9999999776918294
VGT,2024-08-31,BSY,Bentley Systems Inc,97,51.47,51.470001220703125,0.9999999762832117
VGT,2024-08-31,FTNT,Fortinet Inc,35,76.71000000000001,76.70999908447266,1.0000000119349155
VGT,2024-08-31,ADEA,Adeia Inc,220,12.6,12.600000381469727,0.9999999697246258
VGT,2024-08-31,ASAN,Asana Inc,231,14.06,14.0600004196167,0.9999999701552855
VGT,2024-08-31,CRNC,Cerence Inc,308,3.3000000000000003,3.299999952316284,1.000000014449611
VGT,2024-08-31,ITRI,Itron Inc,135,102.22,102.22000122070312,0.9999999880580795
VGT,2024-08-31,RPD,Rapid7 Inc,181,37.809999999999995,37.810001373291016,0.9999999636791598
VGT,2024-08-31,ENPH,Enphase Energy Inc,74,121.04,121.04000091552734,0.9999999924361589
VGT,2024-08-31,NVTS,Navitas Semiconductor Corp,284,3.02,3.0199999809265137,1.000000006315724
VGT,2024-08-31,KVYO,Klaviyo Inc,200,31.46,31.459999084472656,1.0000000291013151
VGT,2024-08-31,VRSN,VeriSign Inc,73,183.9,183.89999389648438,1.0000000331893193
VGT,2024-08-31,HUCK,Domo Inc,299,7.47,7.46999979019165,1.0000000280867944
VGT,2024-08-31,AMPL,Amplitude Inc,257,8.81,8.8100004196167,0.9999999523704111
VGT,2024-08-31,MEI,Methode Electronics Inc,287,10.42,10.420000076293945,0.9999999926781243
VGT,2024-08-31,DIOD,Diodes Inc,170,69.69,69.69000244140625,0.9999999649676257
VGT,2024-08-31,OUST,Ouster Inc,301,7.09,7.090000152587891,0.9999999784784361
VGT,2024-08-31,UIS,Unisys Corp,286,5.53,5.53000020980835,0.9999999620599744
VGT,2024-08-31,EGHT,8x8 Inc,304,1.88,1.8799999952316284,1.0000000025363678
VGT,2024-08-31,QCOM,QUALCOMM Inc,11,175.3,175.3000030517578,0.9999999825912279
VGT,2024-08-31,FSLY,Fastly Inc,255,6.0200000000000005,6.019999980926514,1.0000000031683534
VGT,2024-08-31,NOVT,Novanta Inc,111,183.28,183.27999877929688,1.0000000066603183
VGT,2024-08-31,TXN,Texas Instruments Inc,12,214.34,214.33999633789062,1.0000000170855157
VGT,2024-08-31,ROG,Rogers Corp,201,107.26,107.26000213623047,0.9999999800836247
VGT,2024-08-31,BILL,BILL Holdings Inc,134,54.56,54.560001373291016,0.9999999748297108
VGT,2024-08-31,NN,NextNav Inc,298,7.669999999999999,7.670000076293945,0.9999999900529406
VGT,2024-08-31,LASR,nLight Inc,267,11.94,11.9399995803833,1.0000000351437783
VGT,2024-08-31,BLND,Blend Labs Inc,262,3.67,3.6700000762939453,0.9999999792114594
VGT,2024-08-31,POWI,Power Integrations Inc,159,67.10000000000001,67.0999984741211,1.0000000227403718
VGT,2024-08-31,BOX,Box Inc,124,32.599999999999994,32.599998474121094,1.0000000468061034
VGT,2024-08-31,YEXT,Yext Inc,266,5.09,5.090000152587891,0.9999999700220263
VGT,2024-08-31,CRM,Salesforce Inc,6,252.9,252.89999389648438,1.0000000241341074
VGT,2024-08-31,PMTS,CPI Card Group Inc,310,28.64,28.639999389648438,1.0000000213111584
VGT,2024-08-31,RAMP,LiveRamp Holdings Inc,209,25.92,25.920000076293945,0.9999999970565608
VGT,2024-08-31,XRX,Xerox Holdings Corp,221,11.33,11.329999923706055,1.0000000067337993
VGT,2024-08-31,IONQ,IonQ Inc,223,7.42,7.420000076293945,0.9999999897177972
VGT,2024-08-31,OKTA,Okta Inc,92,78.73,78.7300033569336,0.9999999573614449
VGT,2024-08-31,MSTR,MicroStrategy Inc,60,132.42,132.4199981689453,1.0000000138276295
VGT,2024-08-31,TDY,Teledyne Technologies Inc,64,432.8,432.79998779296875,1.0000000282047865
VGT,2024-08-31,CCSI,Consensus Cloud Solutions Inc,275,24.09,24.09000015258789,0.9999999936659241
VGT,2024-08-31,ACN,Accenture PLC,9,341.95,341.95001220703125,0.9999999643017083
VGT,2024-08-31,CRUS,Cirrus Logic Inc,91,145.69,145.69000244140625,0.9999999832424585
VGT,2024-08-31,CNXN,PC Connection Inc,248,73.08,73.08000183105469,0.9999999749445178
VGT,2024-08-31,BLKB,Blackbaud Inc,154,83.6,83.5999984741211,1.0000000182521402
VGT,2024-08-31,PEGA,Pegasystems Inc,153,70.88,70.87999725341797,1.0000000387497479
VGT,2024-08-31,PANW,Palo Alto Networks Inc,18,362.72,362.7200012207031,0.9999999966345856
VGT,2024-08-31,AVT,Avnet Inc,128,55.18000000000001,55.18000030517578,0.9999999944694495
VGT,2024-08-31,MITK,Mitek Systems Inc,276,9.32,9.319999694824219,1.0000000327441836
VGT,2024-08-31,COHU,Cohu Inc,229,26.91,26.90999984741211,1.0000000056703044
VGT,2024-08-31,TENB,Tenable Holdings Inc,142,41.28,41.279998779296875,1.0000000295712976
VGT,2024-08-31,ALRM,Alarm.com Holdings Inc,187,59.54,59.540000915527344,0.9999999846233233
VGT,2024-08-31,BELFB,Bel Fuse Inc,263,67.83,67.83000183105469,0.999999973005239
VGT,2024-08-31,VSH,Vishay Intertechnology Inc,190,20.15,20.149999618530273,1.0000000189315004
VGT,2024-08-31,KLAC,KLA Corp,19,819.43,819.4300079345703,0.9999999903169638
VGT,2024-08-31,PLAB,Photronics Inc,208,25.859999999999996,25.860000610351562,0.9999999763978518
VGT,2024-08-31,HLIT,Harmonic Inc,214,14.45,14.449999809265137,1.0000000131996447
VGT,2024-08-31,CDW,CDW Corp/DE,48,225.64,225.63999938964844,1.0000000027049794
VGT,2024-08-31,FN,Fabrinet,94,243.65,243.64999389648438,1.0000000250503418
VGT,2024-08-31,KN,Knowles Corp,207,18.45,18.450000762939453,0.9999999586482698
VGT,2024-08-31,HPQ,HP Inc,42,36.18,36.18000030517578,0.9999999915650697
VGT,2024-08-31,PI,Impinj Inc,123,168.1,168.10000610351562,0.9999999636911635
VGT,2024-08-31,CRWD,Crowdstrike Holdings Inc,30,277.28,277.2799987792969,1.0000000044024202
VGT,2024-08-31,IBM,International Business Machines Corp,13,202.13,202.1300048828125,0.9999999758432079
VGT,2024-08-31,EXTR,Extreme Networks Inc,186,15.75,15.75,1.0
VGT,2024-08-31,GLW,Corning Inc,43,41.85,41.849998474121094,1.0000000364606683
VGT,2024-08-31,WEAV,Weave Communications Inc,282,11.28,11.279999732971191,1.0000000236727673
VGT,2024-08-31,CXT,Crane NXT Co,178,58.75,58.75,1.0
VGT,2024-08-31,NCNO,nCino Inc,197,29.96,29.959999084472656,1.0000000305583234
VGT,2024-08-31,APPS,Digital Turbine Inc,297,3.22,3.2200000286102295,0.9999999911148357
VGT,2024-08-31,MU,Micron Technology Inc,21,96.24,96.23999786376953,1.000000022196909
VGT,2024-08-31,PTC,PTC Inc,61,179.09,179.08999633789062,1.0000000204484307
VGT,2024-08-31,MSI,Motorola Solutions Inc,26,442.04,442.0400085449219,0.9999999806693474
VGT,2024-08-31,BDC,Belden Inc,126,107.28,107.27999877929688,1.0000000113786647
VGT,2024-08-31,AMAT,Applied Materials Inc,16,197.26,197.25999450683594,1.0000000278473296
VGT,2024-08-31,AI,C3.ai Inc,179,23.34,23.34000015258789,0.9999999934623869
VGT,2024-08-31,FICO,Fair Isaac Corp,38,1730.27,1730.27001953125,0.9999999887120219
VGT,2024-08-31,NVDA,NVIDIA Corp,3,119.37,119.37000274658203,0.9999999769910198
VGT,2024-08-31,APPF,Appfolio Inc,138,231.99,231.99000549316406,0.9999999763215487
VGT,2024-08-31,MASS,908 Devices Inc,313,3.95,3.950000047683716,0.9999999879281734
VGT,2024-08-31,IDCC,InterDigital Inc,127,138.56,138.55999755859375,1.0000000176198491
VGT,2024-08-31,LFUS,Littelfuse Inc,109,272.20000000000005,272.20001220703125,0.9999999551541857
VGT,2024-08-31,FRSH,Freshworks Inc,202,11.68,11.680000305175781,0.9999999738719372
VGT,2024-08-31,PLTR,Palantir Technologies Inc,31,31.48,31.479999542236328,1.000000014541413
VGT,2024-08-31,UCTT,Ultra Clean Holdings Inc,206,37.7,37.70000076293945,0.9999999797628797
VGT,2024-08-31,WDAY,Workday Inc,34,263.19,263.19000244140625,0.999999990723788
VGT,2024-08-31,BELFA,Bel Fuse Inc,300,86.16,86.16000366210938,0.999999957496411
VGT,2024-08-31,SNX,TD SYNNEX Corp,100,121.42,121.41999816894531,1.0000000150803385
VGT,2024-08-31,LWLG,Lightwave Logic Inc,288,2.95,2.950000047683716,0.9999999838360288
VGT,2024-08-31,SLAB,Silicon Laboratories Inc,163,118.37,118.37000274658203,0.999999976796638
VGT,2024-08-31,DOCU,DocuSign Inc,89,59.209999999999994,59.209999084472656,1.0000000154623772
VGT,2024-08-31,VERX,Vertex Inc,177,38.69,38.689998626708984,1.000000035494729
VGT,2024-08-31,VRNS,Varonis Systems Inc,106,56.6,56.599998474121094,1.000000026958992
VGT,2024-08-31,FSLR,First Solar Inc,57,227.37,227.3699951171875,1.000000021475184
VGT,2024-08-31,CCC,CCC Intelligent Solutions Holdings Inc,171,10.78,10.779999732971191,1.000000024770762
VGT,2024-08-31,PDFS,PDF Solutions Inc,244,31.55,31.549999237060547,1.0000000241819167
VGT,2024-08-31,ICHR,Ichor Holdings Ltd,239,31.0,31.0,1.0
VGT,2024-08-31,AGYS,Agilysys Inc,146,113.1,113.0999984741211,1.000000013491414
VGT,2024-08-31,CMRC,BigCommerce Holdings Inc,283,5.859999999999999,5.860000133514404,0.9999999772159723
VGT,2024-08-31,NTAP,NetApp Inc,52,120.72,120.72000122070312,0.9999999898881452
VGT,2024-08-31,ZS,Zscaler Inc,69,199.98,199.97999572753906,1.0000000213644415
VGT,2024-08-31,AEIS,Advanced Energy Industries Inc,143,106.09,106.08999633789062,1.0000000345188944
VGT,2024-08-31,CRDO,Credo Technology Group Holding Ltd,102,34.910000000000004,34.90999984741211,1.0000000043708936
VGT,2024-08-31,OLED,Universal Display Corp,99,193.72,193.72000122070312,0.9999999936986211
VGT,2024-08-31,VPG,Vishay Precision Group Inc,291,27.61,27.610000610351562,0.9999999778938229
VGT,2024-08-31,FIVN,Five9 Inc,217,32.25,32.25,1.0
VGT,2024-08-31,ALKT,Alkami Technology Inc,210,33.339999999999996,33.34000015258789,0.9999999954232786
VGT,2024-08-31,ONTO,Onto Innovation Inc,93,213.22,213.22000122070312,0.9999999942749127
VGT,2024-08-31,HCKT,Hackett Group Inc/The,258,26.5,26.5,1.0
VGT,2024-08-31,U,Unity Software Inc,168,16.37,16.3700008392334,0.9999999487334542
VGT,2024-08-31,FLEX,Flex Ltd,80,32.49,32.4900016784668,0.9999999483389748
VGT,2024-08-31,AVGO,Broadcom Inc,4,162.82,162.82000732421875,0.9999999550164695
VGT,2024-08-31,MX,Magnachip Semiconductor Corp,306,4.720000000000001,4.71999979019165,1.0000000444509236
VGT,2024-08-31,VISN,CommScope Holding Co Inc,249,3.86,3.859999895095825,1.000000027177248
VGT,2024-08-31,CSCO,Cisco Systems Inc,10,50.540000000000006,50.540000915527344,0.9999999818850945
VGT,2024-08-31,SCSC,ScanSource Inc,225,50.94,50.939998626708984,1.000000026958992
VGT,2024-08-31,DBX,Dropbox Inc,118,25.139999999999997,25.139999389648438,1.0000000242781055
VGT,2024-08-31,PD,PagerDuty Inc,203,19.78,19.780000686645508,0.9999999652858704
VGT,2024-08-31,ANET,Arista Networks Inc,22,353.38,353.3800048828125,0.9999999861825445
VGT,2024-08-31,TDC,Teradata Corp,192,28.24,28.239999771118164,1.000000008104881
VGT,2024-08-31,RNG,RingCentral Inc,172,33.33,33.33000183105469,0.9999999450628686
VGT,2024-08-31,CTSH,Cognizant Technology Solutions Corp,40,77.77,77.7699966430664,1.000000043164893
VGT,2024-08-31,GWRE,Guidewire Software Inc,84,148.77,148.77000427246094,0.9999999712814357
VGT,2024-08-31,NTGR,NETGEAR Inc,274,16.23,16.229999542236328,1.0000000282047865
VGT,2024-08-31,MXL,MaxLinear Inc,230,15.18,15.180000305175781,0.9999999798961939
VGT,2024-08-31,CRSR,Corsair Gaming Inc,293,6.97,6.96999979019165,1.0000000301016292
VGT,2024-08-31,AKAM,Akamai Technologies Inc,78,101.84,101.83999633789062,1.0000000359594414
VGT,2024-08-31,ENTG,Entegris Inc,75,115.87,115.87000274658203,0.9999999762960045
VGT,2024-08-31,SPSC,SPS Commerce Inc,105,199.74,199.74000549316406,0.9999999724984284
VGT,2024-08-31,AMBA,Ambarella Inc,167,59.7,59.70000076293945,0.9999999872204449
VGT,2024-08-31,VIAV,Viavi Solutions Inc,195,8.61,8.609999656677246,1.0000000398748858
VGT,2024-08-31,GDYN,Grid Dynamics Holdings Inc,253,13.92,13.920000076293945,0.9999999945191131
VGT,2024-11-30,OSIS,OSI Systems Inc,183,177.4,177.39999389648438,1.000000034405388
VGT,2024-11-30,MVIS,MicroVision Inc,297,0.8999999999999999,0.9,0.9999999999999999
VGT,2024-11-30,MIR,Mirion Technologies Inc,166,16.87,16.8700008392334,0.9999999502529131
VGT,2024-11-30,TER,Teradyne Inc,80,110.0,110.0,1.0
VGT,2024-11-30,SNPS,Synopsys Inc,25,558.4899999999999,558.489990234375,1.0000000174857653
VGT,2024-11-30,IT,Gartner Inc,45,517.9300000000001,517.9299926757812,1.0000000141413297
VGT,2024-11-30,WK,Workiva Inc,132,97.25,97.25,1.0
VGT,2024-11-30,ACLS,Axcelis Technologies Inc,191,74.24,74.23999786376953,1.0000000287746569
VGT,2024-11-30,RMNI,Rimini Street Inc,307,2.16,2.1600000858306885,0.9999999602635717
VGT,2024-11-30,BHE,Benchmark Electronics Inc,209,48.489999999999995,48.4900016784668,0.9999999653853012
VGT,2024-11-30,MTSI,MACOM Technology Solutions Holdings Inc,102,132.82,132.82000732421875,0.9999999448560581
VGT,2024-11-30,CVLT,Commvault Systems Inc,110,171.59,171.58999633789062,1.000000021342208
VGT,2024-11-30,DMRC,Digimarc Corp,268,33.89,33.88999938964844,1.0000000180097839
VGT,2024-11-30,ARW,Arrow Electronics Inc,141,120.16,120.16000366210938,0.9999999695230587
VGT,2024-11-30,ALGM,Allegro MicroSystems Inc,188,21.73,21.729999542236328,1.0000000210659772
VGT,2024-11-30,MDB,MongoDB Inc,57,322.49,322.489990234375,1.0000000302819476
VGT,2024-11-30,NSSC,Napco Security Technologies Inc,220,39.23,39.22999954223633,1.0000000116687147
VGT,2024-11-30,GDDY,GoDaddy Inc,54,197.57,197.57000732421875,0.9999999629284887
VGT,2024-11-30,LAW,CS Disco Inc,304,5.92,5.920000076293945,0.9999999871125094
VGT,2024-11-30,HUT,Hut 8 Corp,194,28.020000000000003,28.020000457763672,0.9999999836629672
VGT,2024-11-30,INDI,indie Semiconductor Inc,252,5.2299999999999995,5.230000019073486,0.9999999963530618
VGT,2024-11-30,CGNX,Cognex Corp,125,39.98,39.97999954223633,1.0000000114498167
VGT,2024-11-30,TEAM,Atlassian Corp,42,263.58000000000004,263.5799865722656,1.0000000509436797
VGT,2024-11-30,AAPL,Apple Inc,1,237.33,237.3300018310547,0.9999999922847737
VGT,2024-11-30,SNOW,Snowflake Inc,38,174.8,174.8000030517578,0.9999999825414316
VGT,2024-11-30,JBL,Jabil Inc,84,135.82999999999998,135.8300018310547,0.999999986519512
VGT,2024-11-30,CXM,Sprinklr Inc,250,8.24,8.239999771118164,1.0000000277769225
VGT,2024-11-30,ADI,Analog Devices Inc,20,218.05,218.0500030517578,0.9999999860043213
VGT,2024-11-30,QTWO,Q2 Holdings Inc,115,104.74,104.73999786376953,1.0000000203955557
VGT,2024-11-30,XPER,Xperi Inc,283,9.47,9.470000267028809,0.999999971802661
VGT,2024-11-30,CALX,Calix Inc,206,32.53,32.529998779296875,1.0000000375254587
VGT,2024-11-30,TTMI,TTM Technologies Inc,190,24.38,24.3799991607666,1.0000000344230282
VGT,2024-11-30,KD,Kyndryl Holdings Inc,92,34.71,34.709999084472656,1.0000000263764728
VGT,2024-11-30,RBBN,Ribbon Communications Inc,284,3.91,3.9100000858306885,0.9999999780484178
VGT,2024-11-30,PCOR,Procore Technologies Inc,94,81.2,81.19999694824219,1.0000000375832256
VGT,2024-11-30,AMD,Advanced Micro Devices Inc,10,137.1750000005181,137.17999267578125,0.9999636049312604
VGT,2024-11-30,NSIT,Insight Enterprises Inc,169,156.45,156.4499969482422,1.0000000195062824
VGT,2024-11-30,SEDG,SolarEdge Technologies Inc,249,15.8,15.800000190734863,0.9999999879281734
VGT,2024-11-30,APH,Amphenol Corp,24,72.65,72.6500015258789,0.9999999789968497
VGT,2024-11-30,VECO,Veeco Instruments Inc,216,27.869999999999997,27.8700008392334,0.9999999698875718
VGT,2024-11-30,PRGS,Progress Software Corp,177,68.41,68.41000366210938,0.9999999464682183
VGT,2024-11-30,MSFT,Microsoft Corp,3,423.46,423.4599914550781,1.0000000201788175
VGT,2024-11-30,IPGP,IPG Photonics Corp,195,78.03999999999999,78.04000091552734,0.9999999882684861
VGT,2024-11-30,NOW,ServiceNow Inc,11,1049.44,1049.4400024414062,0.9999999976736105
VGT,2024-11-30,PENG,Penguin Solutions Inc,245,18.14,18.139999389648438,1.0000000336467245
VGT,2024-11-30,LITE,Lumentum Holdings Inc,122,86.97,86.97000122070312,0.9999999859640898
VGT,2024-11-30,DJCO,Daily Journal Corp,316,564.51,564.510009765625,0.9999999827007053
VGT,2024-11-30,ESTC,Elastic NV,103,109.46,109.45999908447266,1.0000000083640357
VGT,2024-11-30,EPAM,EPAM Systems Inc,82,243.92,243.9199981689453,1.0000000075067836
VGT,2024-11-30,NET,Cloudflare Inc,50,99.83,99.83000183105469,0.9999999816582725
VGT,2024-11-30,SOUN,SoundHound AI Inc,187,9.31,9.3100004196167,0.999999954928391
VGT,2024-11-30,TRMB,Trimble Inc,69,72.97,72.97000122070312,0.9999999832711648
VGT,2024-11-30,PLUS,ePlus Inc,197,80.86,80.86000061035156,0.9999999924517492
VGT,2024-11-30,SMRT,SmartRent Inc,293,1.77,1.7699999809265137,1.000000010775981
VGT,2024-11-30,ADBE,Adobe Inc,8,515.93,515.9299926757812,1.0000000141961483
VGT,2024-11-30,CLFD,Clearfield Inc,285,30.6,30.600000381469727,0.9999999875336693
VGT,2024-11-30,ON,ON Semiconductor Corp,53,71.11999999999999,71.12000274658203,0.9999999613810189
VGT,2024-11-30,APLD,Applied Digital Corp,224,10.1,10.100000381469727,0.9999999622307215
VGT,2024-11-30,INTU,Intuit Inc,14,641.7299999999999,641.72998046875,1.0000000304353085
VGT,2024-11-30,EFOR,ASGN Inc,154,91.55,91.55000305175781,0.9999999666656721
VGT,2024-11-30,OSPN,OneSpan Inc,266,18.12,18.1200008392334,0.9999999536846932
VGT,2024-11-30,AOSL,Alpha & Omega Semiconductor Ltd,242,41.47,41.470001220703125,0.9999999705641888
VGT,2024-11-30,MARA,MARA Holdings Inc,89,27.42,27.420000076293945,0.9999999972175805
VGT,2024-11-30,DV,DoubleVerify Holdings Inc,176,20.33,20.329999923706055,1.0000000037527763
VGT,2024-11-30,SWKS,Skyworks Solutions Inc,91,87.59,87.58999633789062,1.0000000418096762
VGT,2024-11-30,DLB,Dolby Laboratories Inc,144,78.32000000000001,78.31999969482422,1.0000000038965244
VGT,2024-11-30,NXPI,NXP Semiconductors NV,37,229.37,229.3699951171875,1.0000000212879305
VGT,2024-11-30,INTA,Intapp Inc,167,62.55,62.54999923706055,1.0000000121972736
VGT,2024-11-30,NVEC,NVE Corp,315,77.28,77.27999877929688,1.0000000157958482
VGT,2024-11-30,RIOT,Riot Platforms Inc,155,12.65,12.649999618530273,1.0000000301557106
VGT,2024-11-30,MRVL,Marvell Technology Inc,29,92.69,92.69000244140625,0.9999999736605223
VGT,2024-11-30,TWLO,Twilio Inc,72,104.54,104.54000091552734,0.9999999912423252
VGT,2024-11-30,BRZE,Braze Inc,192,39.72,39.720001220703125,0.9999999692672938
VGT,2024-11-30,LIF,Life360 Inc,310,49.31,49.310001373291016,0.9999999721498484
VGT,2024-11-30,ADSK,Autodesk Inc,33,291.90000000000003,291.8999938964844,1.000000020909612
VGT,2024-11-30,KEYS,Keysight Technologies Inc,51,170.84,170.83999633789062,1.0000000214359017
VGT,2024-11-30,ARLO,Arlo Technologies Inc,238,11.22,11.220000267028809,0.9999999762006415
VGT,2024-11-30,GTLB,Gitlab Inc,107,63.75,63.75,1.0
VGT,2024-11-30,WDC,Western Digital Corp,59,72.99,72.98999842071532,1.000000021637001
VGT,2024-11-30,GEN,Gen Digital Inc,71,30.85,30.850000381469727,0.999999987634693
VGT,2024-11-30,RBRK,Rubrik Inc,312,50.82,50.81999969482422,1.0000000060050331
VGT,2024-11-30,CTS,CTS Corp,215,54.91,54.90999984741211,1.0000000027788725
VGT,2024-11-30,S,SentinelOne Inc,105,27.95,27.950000762939453,0.9999999727034192
VGT,2024-11-30,DBD,Diebold Nixdorf Inc,267,46.22,46.220001220703125,0.9999999735892883
VGT,2024-11-30,EXFY,Expensify Inc,302,3.26,3.259999990463257,1.0000000029253813
VGT,2024-11-30,PATH,UiPath Inc,112,14.21,14.210000038146973,0.9999999973154841
VGT,2024-11-30,PLXS,Plexus Corp,133,164.4,164.39999389648438,1.000000037126009
VGT,2024-11-30,SPT,Sprout Social Inc,214,32.02,32.02000045776367,0.9999999857038206
VGT,2024-11-30,ORCL,Oracle Corp,6,184.84,184.83999633789062,1.0000000198123211
VGT,2024-11-30,AUR,Aurora Innovation Inc,100,6.470000000000001,6.46999979019165,1.000000032427876
VGT,2024-11-30,DELL,Dell Technologies Inc,46,127.59,127.58999633789062,1.0000000287021669
VGT,2024-11-30,PGY,Pagaya Technologies Ltd,309,10.93,10.930000305175781,0.9999999720790692
VGT,2024-11-30,ACMR,ACM Research Inc,253,17.189999999999998,17.190000534057617,0.9999999689320767
VGT,2024-11-30,INTC,Intel Corp,22,24.05,24.049999237060547,1.0000000317230553
VGT,2024-11-30,MPWR,Monolithic Power Systems Inc,62,567.64,567.6400146484375,0.9999999741941422
VGT,2024-11-30,YOU,Clear Secure Inc,199,25.88,25.8799991607666,1.0000000324278757
VGT,2024-11-30,TYL,Tyler Technologies Inc,56,629.1700000000001,629.1699829101562,1.0000000271625225
VGT,2024-11-30,CIFR,Cipher Mining Inc,225,6.7,6.699999809265137,1.000000028467891
VGT,2024-11-30,KE,Kimball Electronics Inc,273,19.61,19.610000610351562,0.9999999688754949
VGT,2024-11-30,ZBRA,Zebra Technologies Corp,63,407.0,407.0,1.0
VGT,2024-11-30,APP,AppLovin Corp,31,336.75,336.75,1.0
VGT,2024-11-30,NTNX,Nutanix Inc,78,65.28,65.27999877929688,1.0000000186994968
VGT,2024-11-30,KLIC,Kulicke & Soffa Industries Inc,186,48.42,48.41999816894531,1.0000000378160834
VGT,2024-11-30,CIEN,Ciena Corp,93,69.72,69.72000122070312,0.9999999824913496
VGT,2024-11-30,DGII,Digi International Inc,232,33.22,33.220001220703125,0.9999999632539711
VGT,2024-11-30,FFIV,F5 Inc,79,250.35,250.35000610351562,0.9999999756200699
VGT,2024-11-30,PAR,PAR Technology Corp,185,81.14,81.13999938964844,1.0000000075222033
VGT,2024-11-30,IOT,Samsara Inc,87,53.489999999999995,53.4900016784668,0.9999999686209244
VGT,2024-11-30,ADTN,ADTRAN Holdings Inc,265,8.5,8.5,1.0
VGT,2024-11-30,SMCI,Super Micro Computer Inc,90,32.64,32.63999938964844,1.0000000186994968
VGT,2024-11-30,AMKR,Amkor Technology Inc,180,26.44,26.440000534057617,0.9999999798011496
VGT,2024-11-30,MANH,Manhattan Associates Inc,70,285.44,285.44000244140625,0.9999999914468671
VGT,2024-11-30,APPN,Appian Corp,234,37.85,37.849998474121094,1.0000000403138434
VGT,2024-11-30,SYNA,Synaptics Inc,168,80.24000000000001,80.23999786376953,1.0000000266230127
VGT,2024-11-30,VSAT,Viasat Inc,259,9.33,9.329999923706055,1.0000000081772717
VGT,2024-11-30,QRVO,Qorvo Inc,164,69.05,69.05000305175781,0.9999999558036542
VGT,2024-11-30,RXT,Rackspace Technology Inc,299,2.68,2.680000066757202,0.9999999750905969
VGT,2024-11-30,ZETA,Zeta Global Holdings Corp,160,21.3,21.299999237060547,1.000000035818755
VGT,2024-11-30,DDOG,Datadog Inc,41,152.75,152.75,1.0
VGT,2024-11-30,SANM,Sanmina Corp,138,79.41,79.41000366210938,0.9999999538835259
VGT,2024-11-30,VNT,Vontier Corp,118,39.26,39.2599983215332,1.0000000427525946
VGT,2024-11-30,EVLV,Evolv Technologies Holdings Inc,278,4.05,4.050000190734863,0.9999999529049742
VGT,2024-11-30,VYX,NCR Voyix Corp,204,14.51,14.510000228881836,0.9999999842259247
VGT,2024-11-30,WULF,Terawulf Inc,205,7.89,7.889999866485596,1.000000016921978
VGT,2024-11-30,DXC,DXC Technology Co,145,22.5,22.5,1.0
VGT,2024-11-30,HUBS,HubSpot Inc,47,721.05,721.0499877929688,1.0000000169295213
VGT,2024-11-30,MCHP,Microchip Technology Inc,48,68.17,68.16999816894531,1.0000000268601252
VGT,2024-11-30,NTCT,NetScout Systems Inc,219,21.880000000000003,21.8799991607666,1.0000000383561898
VGT,2024-11-30,QLYS,Qualys Inc,121,153.6,153.60000610351562,0.9999999602635717
VGT,2024-11-30,AEHR,Aehr Test Systems,291,11.89,11.890000343322754,0.9999999711250847
VGT,2024-11-30,FROG,JFrog Ltd,179,31.15,31.149999618530273,1.0000000122462191
VGT,2024-11-30,CLSK,Cleanspark Inc,162,14.35,14.350000381469727,0.9999999734167445
VGT,2024-11-30,MKSI,MKS Instruments Inc,120,113.64,113.63999938964844,1.000000005370922
VGT,2024-11-30,P,Pure Storage Inc,83,52.989999999999995,52.9900016784668,0.9999999683248396
VGT,2024-11-30,DOCN,DigitalOcean Holdings Inc,193,38.08,38.08000183105469,0.999999951915583
VGT,2024-11-30,SMTC,Semtech Corp,136,64.04,64.04000091552734,0.9999999857038206
VGT,2024-11-30,RMBS,Rambus Inc,111,57.81,57.810001373291016,0.9999999762447503
VGT,2024-11-30,STX,Seagate Technology Holdings PLC,66,101.33,101.33000183105469,0.9999999819297872
VGT,2024-11-30,DT,Dynatrace Inc,75,56.19,56.189998626708984,1.0000000244401326
VGT,2024-11-30,SITM,SiTime Corp,149,212.38,212.3800048828125,0.9999999770090762
VGT,2024-11-30,ACIW,ACI Worldwide Inc,119,56.82,56.81999969482422,1.000000005370922
VGT,2024-11-30,NABL,N-able Inc/US,257,10.44,10.4399995803833,1.000000040193172
VGT,2024-11-30,WOLF,Wolfspeed Inc,231,9.58,,
VGT,2024-11-30,BL,BlackLine Inc,165,62.01,62.0099983215332,1.00000002706768
VGT,2024-11-30,AVPT,AvePoint Inc,208,17.65,17.649999618530273,1.000000021613016
VGT,2024-11-30,ATEN,A10 Networks Inc,229,17.05,17.049999237060547,1.000000044747184
VGT,2024-11-30,CDNS,Cadence Design Systems Inc,28,306.81,306.80999755859375,1.0000000079573883
VGT,2024-11-30,ROP,Roper Technologies Inc,35,566.44,566.4400024414062,0.9999999956899122
VGT,2024-11-30,COHR,Coherent Corp,85,100.16,100.16000366210938,0.9999999634374077
VGT,2024-11-30,LSCC,Lattice Semiconductor Corp,99,56.75,56.75,1.0
VGT,2024-11-30,FORM,FormFactor Inc,178,40.059999999999995,40.060001373291016,0.999999965719147
VGT,2024-11-30,ZM,Zoom Video Communications Inc,64,82.69,82.69000244140625,0.9999999704751943
VGT,2024-11-30,BMI,Badger Meter Inc,124,216.82,216.82000732421875,0.9999999662198206
VGT,2024-11-30,HPE,Hewlett Packard Enterprise Co,55,21.22,21.219999313354492,1.0000000323584133
VGT,2024-11-30,CEVA,CEVA Inc,262,29.74,29.739999771118164,1.000000007696094
VGT,2024-11-30,BSY,Bentley Systems Inc,116,49.5,49.5,1.0
VGT,2024-11-30,CORZ,Core Scientific Inc,313,17.88,17.8799991607666,1.0000000469369932
VGT,2024-11-30,FTNT,Fortinet Inc,34,95.05,95.05000305175781,0.999999967893133
VGT,2024-11-30,ADEA,Adeia Inc,227,12.12,12.119999885559082,1.00000000944232
VGT,2024-11-30,ASAN,Asana Inc,228,15.31,15.3100004196167,0.9999999725919865
VGT,2024-11-30,CRNC,Cerence Inc,295,7.365000005556389,7.364999771118164,1.0000000318313962
VGT,2024-11-30,ITRI,Itron Inc,130,118.53,118.52999877929688,1.000000010298685
VGT,2024-11-30,RPD,Rapid7 Inc,189,42.599999999999994,42.599998474121094,1.0000000358187549
VGT,2024-11-30,ENPH,Enphase Energy Inc,143,71.35,71.3499984741211,1.0000000213858296
VGT,2024-11-30,NVTS,Navitas Semiconductor Corp,292,2.75,2.75,1.0
VGT,2024-11-30,KVYO,Klaviyo Inc,202,37.14,37.13999938964844,1.0000000164338065
VGT,2024-11-30,VRSN,VeriSign Inc,74,187.18,187.17999267578125,1.0000000391292823
VGT,2024-11-30,HUCK,Domo Inc,294,9.36,9.359999656677246,1.0000000366797828
VGT,2024-11-30,AMPL,Amplitude Inc,256,10.340000000000002,10.34000015258789,0.999999985242951
VGT,2024-11-30,MEI,Methode Electronics Inc,286,10.920000000000002,10.920000076293945,0.9999999930133752
VGT,2024-11-30,DIOD,Diodes Inc,173,65.0,65.0,1.0
VGT,2024-11-30,OUST,Ouster Inc,282,9.88,9.880000114440918,0.9999999884169114
VGT,2024-11-30,UIS,Unisys Corp,270,7.98,7.980000019073486,0.9999999976098388
VGT,2024-11-30,EGHT,8x8 Inc,287,3.1,3.0999999046325684,1.0000000307636887
VGT,2024-11-30,QCOM,QUALCOMM Inc,15,158.53,158.52999877929688,1.0000000077001396
VGT,2024-11-30,FSLY,Fastly Inc,236,8.48,8.479999542236328,1.000000053981568
VGT,2024-11-30,NOVT,Novanta Inc,146,166.98000000000002,166.97999572753906,1.0000000255866635
VGT,2024-11-30,TXN,Texas Instruments Inc,13,201.03,201.02999877929688,1.0000000060722436
VGT,2024-11-30,ROG,Rogers Corp,210,103.58,103.58000183105469,0.9999999823223146
VGT,2024-11-30,BILL,BILL Holdings Inc,97,90.22,90.22000122070312,0.9999999864697061
VGT,2024-11-30,NN,NextNav Inc,260,17.39,17.389999389648438,1.0000000350978484
VGT,2024-11-30,LASR,nLight Inc,272,10.86,10.859999656677246,1.0000000316135143
VGT,2024-11-30,BLND,Blend Labs Inc,243,5.109999999999999,5.110000133514404,0.9999999738719371
VGT,2024-11-30,POWI,Power Integrations Inc,157,65.51,65.51000213623047,0.999999967390774
VGT,2024-11-30,BOX,Box Inc,131,35.089999999999996,35.09000015258789,0.9999999956515276
VGT,2024-11-30,YEXT,Yext Inc,251,8.26,8.260000228881836,0.9999999722903353
VGT,2024-11-30,CRM,Salesforce Inc,5,329.99,329.989990234375,1.0000000295937008
VGT,2024-11-30,PMTS,CPI Card Group Inc,301,33.01,33.0099983215332,1.0000000508472244
VGT,2024-11-30,RAMP,LiveRamp Holdings Inc,203,30.360000000000003,30.360000610351562,0.999999979896194
VGT,2024-11-30,XRX,Xerox Holdings Corp,239,9.14,9.140000343322754,0.9999999624373369
VGT,2024-11-30,IONQ,IonQ Inc,88,36.5,36.5,1.0
VGT,2024-11-30,OKTA,Okta Inc,98,77.56,77.55999755859375,1.0000000314776474
VGT,2024-11-30,MSTR,MicroStrategy Inc,32,387.47,387.4700012207031,0.9999999968495545
VGT,2024-11-30,TDY,Teledyne Technologies Inc,61,485.26,485.260009765625,0.9999999798754795
VGT,2024-11-30,CCSI,Consensus Cloud Solutions Inc,277,24.95,24.950000762939453,0.9999999694212653
VGT,2024-11-30,ACN,Accenture PLC,9,362.37,362.3699951171875,1.00000001347466
VGT,2024-11-30,CRUS,Cirrus Logic Inc,161,104.45,104.44999694824219,1.0000000292174045
VGT,2024-11-30,CNXN,PC Connection Inc,246,72.58,72.58000183105469,0.9999999747719118
VGT,2024-11-30,BLKB,Blackbaud Inc,159,83.94,83.94000244140625,0.9999999709148656
VGT,2024-11-30,PEGA,Pegasystems Inc,142,94.97,94.97000122070312,0.9999999871464346
VGT,2024-11-30,PANW,Palo Alto Networks Inc,18,387.82,387.82000732421875,0.9999999811143865
VGT,2024-11-30,AVT,Avnet Inc,150,54.71,54.709999084472656,1.0000000167341867
VGT,2024-11-30,MITK,Mitek Systems Inc,279,9.32,9.319999694824219,1.0000000327441836
VGT,2024-11-30,COHU,Cohu Inc,230,26.4,26.399999618530273,1.000000014449611
VGT,2024-11-30,TENB,Tenable Holdings Inc,151,41.98,41.97999954223633,1.0000000109043277
VGT,2024-11-30,ALRM,Alarm.com Holdings Inc,171,65.14,65.13999938964844,1.000000009369843
VGT,2024-11-30,BELFB,Bel Fuse Inc,258,80.18,80.18000030517578,0.9999999961938666
VGT,2024-11-30,VSH,Vishay Intertechnology Inc,201,19.1,19.100000381469727,0.9999999800277635
VGT,2024-11-30,KLAC,KLA Corp,26,647.03,647.030029296875,0.9999999547209963
VGT,2024-11-30,PLAB,Photronics Inc,217,24.91,24.90999984741211,1.0000000061255676
VGT,2024-11-30,HLIT,Harmonic Inc,221,12.82,12.819999694824219,1.0000000238046638
VGT,2024-11-30,CDW,CDW Corp/DE,65,175.93,175.92999267578125,1.000000041631439
VGT,2024-11-30,FN,Fabrinet,123,234.58,234.5800018310547,0.9999999921943274
VGT,2024-11-30,KN,Knowles Corp,212,19.459999999999997,19.459999084472656,1.0000000470466281
VGT,2024-11-30,HPQ,HP Inc,49,35.43,35.43000030517578,0.9999999913865149
VGT,2024-11-30,PI,Impinj Inc,135,192.21,192.2100067138672,0.9999999650701475
VGT,2024-11-30,CRWD,Crowdstrike Holdings Inc,30,345.97,345.9700012207031,0.9999999964716505
VGT,2024-11-30,IBM,International Business Machines Corp,12,227.41,227.41000366210938,0.9999999838964455
VGT,2024-11-30,AAOI,Applied Optoelectronics Inc,311,41.22,41.220001220703125,0.9999999703856601
VGT,2024-11-30,EXTR,Extreme Networks Inc,198,16.6,16.600000381469727,0.9999999770198966
VGT,2024-11-30,GLW,Corning Inc,43,48.669999999999995,48.66999816894531,1.0000000376218359
VGT,2024-11-30,WEAV,Weave Communications Inc,274,13.670000000000002,13.670000076293945,0.9999999944188775
VGT,2024-11-30,CXT,Crane NXT Co,172,62.68,62.68000030517578,0.9999999951312096
VGT,2024-11-30,NCNO,nCino Inc,156,41.989999999999995,41.9900016784668,0.9999999600269889
VGT,2024-11-30,APPS,Digital Turbine Inc,305,1.44,1.440000057220459,0.9999999602635717
VGT,2024-11-30,MU,Micron Technology Inc,21,97.95,97.94999694824219,1.0000000311562829
VGT,2024-11-30,PTC,PTC Inc,58,200.06,200.05999755859375,1.0000000122033703
VGT,2024-11-30,MSI,Motorola Solutions Inc,27,499.7000000000001,499.70001220703125,0.9999999755712811
VGT,2024-11-30,BDC,Belden Inc,134,122.4,122.4000015258789,0.9999999875336693
VGT,2024-11-30,AMAT,Applied Materials Inc,16,174.71,174.7100067138672,0.9999999615713644
VGT,2024-11-30,AI,C3.ai Inc,140,37.18,37.18000030517578,0.9999999917919371
VGT,2024-11-30,FICO,Fair Isaac Corp,36,2375.03,2375.030029296875,0.9999999876646297
VGT,2024-11-30,NVDA,NVIDIA Corp,2,138.25,138.25,1.0
VGT,2024-11-30,APPF,Appfolio Inc,128,253.75,253.75,1.0
VGT,2024-11-30,IDCC,InterDigital Inc,127,195.96,195.9600067138672,0.9999999657385846
VGT,2024-11-30,LFUS,Littelfuse Inc,147,246.67,246.6699981689453,1.0000000074230944
VGT,2024-11-30,FRSH,Freshworks Inc,181,15.989999999999998,15.989999771118164,1.000000014314061
VGT,2024-11-30,LRCX,Lam Research Corp,23,73.88,73.87999725341797,1.0000000371762605
VGT,2024-11-30,PLTR,Palantir Technologies Inc,17,67.08,67.08000183105469,0.9999999727034192
VGT,2024-11-30,UCTT,Ultra Clean Holdings Inc,211,38.43,38.43000030517578,0.9999999920589181
VGT,2024-11-30,WDAY,Workday Inc,39,249.99,249.99000549316406,0.9999999780264653
VGT,2024-11-30,BELFA,Bel Fuse Inc,298,96.66,96.66000366210938,0.9999999621134984
VGT,2024-11-30,SNX,TD SYNNEX Corp,104,118.99,118.98999786376953,1.0000000179530255
VGT,2024-11-30,LWLG,Lightwave Logic Inc,288,2.8699999999999997,2.869999885559082,1.0000000398748858
VGT,2024-11-30,SLAB,Silicon Laboratories Inc,158,110.65,110.6500015258789,0.999999986209861
VGT,2024-11-30,DOCU,DocuSign Inc,76,79.69000000000001,79.69000244140625,0.9999999693637073
VGT,2024-11-30,VERX,Vertex Inc,174,54.25,54.25,1.0
VGT,2024-11-30,VRNS,Varonis Systems Inc,153,49.959999999999994,49.959999084472656,1.0000000183252074
VGT,2024-11-30,FSLR,First Solar Inc,67,199.27,199.27000427246094,0.9999999785594378
VGT,2024-11-30,CCC,CCC Intelligent Solutions Holdings Inc,129,12.6,12.600000381469727,0.9999999697246258
VGT,2024-11-30,PDFS,PDF Solutions Inc,244,31.6,31.600000381469727,0.9999999879281734
VGT,2024-11-30,ICHR,Ichor Holdings Ltd,237,32.76,32.7599983215332,1.0000000512352527
VGT,2024-11-30,AGYS,Agilysys Inc,163,134.3,134.3000030517578,0.999999977276562
VGT,2024-11-30,CMRC,BigCommerce Holdings Inc,275,7.37,7.369999885559082,1.0000000155279403
VGT,2024-11-30,NTAP,NetApp Inc,60,122.64,122.63999938964844,1.000000004976774
VGT,2024-11-30,ZS,Zscaler Inc,68,206.59,206.58999633789062,1.0000000177264603
VGT,2024-11-30,AEIS,Advanced Energy Industries Inc,148,115.04,115.04000091552734,0.9999999920416609
VGT,2024-11-30,CRDO,Credo Technology Group Holding Ltd,106,48.96,48.959999084472656,1.0000000186994968
VGT,2024-11-30,OLED,Universal Display Corp,137,164.52,164.52000427246094,0.9999999740307511
VGT,2024-11-30,VPG,Vishay Precision Group Inc,296,22.97,22.969999313354492,1.0000000298931444
VGT,2024-11-30,FIVN,Five9 Inc,170,41.28,41.279998779296875,1.0000000295712976
VGT,2024-11-30,ALKT,Alkami Technology Inc,200,39.470000000000006,39.470001220703125,0.9999999690726354
VGT,2024-11-30,ALAB,Astera Labs Inc,314,103.25,103.25,1.0
VGT,2024-11-30,ONTO,Onto Innovation Inc,139,164.17999999999998,164.17999267578125,1.0000000446109092
VGT,2024-11-30,HCKT,Hackett Group Inc/The,255,31.340000000000003,31.34000015258789,0.9999999951312097
VGT,2024-11-30,U,Unity Software Inc,95,24.11,24.110000610351562,0.9999999746847139
VGT,2024-11-30,FLEX,Flex Ltd,77,38.97,38.970001220703125,0.9999999686758253
VGT,2024-11-30,AVGO,Broadcom Inc,4,162.08,162.0800018310547,0.9999999887027724
VGT,2024-11-30,MX,Magnachip Semiconductor Corp,303,4.32,4.320000171661377,0.9999999602635717
VGT,2024-11-30,VISN,CommScope Holding Co Inc,241,4.77,4.769999980926514,1.0000000039986343
VGT,2024-11-30,CSCO,Cisco Systems Inc,7,59.21,59.209999084472656,1.0000000154623774
VGT,2024-11-30,SCSC,ScanSource Inc,235,50.41,50.40999984741211,1.000000003026937
VGT,2024-11-30,TEL,TE Connectivity PLC,40,151.12,151.1199951171875,1.0000000323108302
VGT,2024-11-30,DBX,Dropbox Inc,114,27.66,27.65999984741211,1.0000000055165543
VGT,2024-11-30,PD,PagerDuty Inc,207,21.24,21.239999771118164,1.000000010775981
VGT,2024-11-30,ANET,Arista Networks Inc,19,405.82,405.82000732421875,0.9999999819520511
VGT,2024-11-30,TDC,Teradata Corp,175,30.9,30.899999618530273,1.0000000123452988
VGT,2024-11-30,RNG,RingCentral Inc,184,37.63,37.630001068115234,0.9999999716153282
VGT,2024-11-30,CTSH,Cognizant Technology Solutions Corp,44,80.49,80.48999786376953,1.000000026540322
VGT,2024-11-30,GWRE,Guidewire Software Inc,73,202.89,202.88999938964844,1.000000003008288
VGT,2024-11-30,NTGR,NETGEAR Inc,264,24.6,24.600000381469727,0.9999999844931008
VGT,2024-11-30,MXL,MaxLinear Inc,233,15.13,15.130000114440918,0.9999999924361589
VGT,2024-11-30,CRSR,Corsair Gaming Inc,289,7.35,7.349999904632568,1.000000012975161
VGT,2024-11-30,AKAM,Akamai Technologies Inc,86,94.02,94.0199966430664,1.000000035704464
VGT,2024-11-30,ENTG,Entegris Inc,81,105.63,105.62999725341797,1.0000000260019133
VGT,2024-11-30,SPSC,SPS Commerce Inc,126,193.07,193.07000732421875,0.9999999620644404
VGT,2024-11-30,AMBA,Ambarella Inc,182,71.55,71.55000305175781,0.9999999573479009
VGT,2024-11-30,VIAV,Viavi Solutions Inc,196,9.94,9.9399995803833,1.0000000422149613
VGT,2024-11-30,GDYN,Grid Dynamics Holdings Inc,240,18.3,18.299999237060547,1.0000000416906822
VGT,2025-02-28,OSIS,OSI Systems Inc,149,206.21,206.2100067138672,0.9999999674416034
VGT,2025-02-28,MVIS,MicroVision Inc,287,1.45,1.45,1.0
VGT,2025-02-28,MIR,Mirion Technologies Inc,157,15.53,15.529999732971191,1.000000017194386
VGT,2025-02-28,TER,Teradyne Inc,77,109.86,109.86000061035156,0.9999999944442786
VGT,2025-02-28,SNPS,Synopsys Inc,31,457.28,457.2799987792969,1.0000000026694873
VGT,2025-02-28,IT,Gartner Inc,45,498.32,498.32000732421875,0.999999985302178
VGT,2025-02-28,WK,Workiva Inc,125,87.52000000000001,87.5199966430664,1.0000000383561898
VGT,2025-02-28,ACLS,Axcelis Technologies Inc,200,54.79,54.790000915527344,0.9999999832902476
VGT,2025-02-28,RMNI,Rimini Street Inc,297,3.5500000000000003,3.549999952316284,1.0000000134320328
VGT,2025-02-28,BHE,Benchmark Electronics Inc,212,39.96,39.959999084472656,1.0000000229110952
VGT,2025-02-28,MTSI,MACOM Technology Solutions Holdings Inc,110,115.66,115.66000366210938,0.9999999683372881
VGT,2025-02-28,CVLT,Commvault Systems Inc,102,170.56,170.55999755859375,1.0000000143140613
VGT,2025-02-28,DMRC,Digimarc Corp,293,16.349999999999998,16.350000381469727,0.9999999766685187
VGT,2025-02-28,ARW,Arrow Electronics Inc,132,108.07,108.06999969482422,1.0000000028238714
VGT,2025-02-28,ALGM,Allegro MicroSystems Inc,167,22.3,22.299999237060547,1.0000000342125328
VGT,2025-02-28,MDB,MongoDB Inc,65,267.43,267.42999267578125,1.0000000273874246
VGT,2025-02-28,NSSC,Napco Security Technologies Inc,241,24.56,24.559999465942383,1.0000000217450173
VGT,2025-02-28,GDDY,GoDaddy Inc,56,179.5,179.5,1.0
VGT,2025-02-28,LAW,CS Disco Inc,304,4.82,4.820000171661377,0.9999999643856078
VGT,2025-02-28,HUT,Hut 8 Corp,224,14.75,14.75,1.0
VGT,2025-02-28,INDI,indie Semiconductor Inc,266,3.01,3.009999990463257,1.0000000031683531
VGT,2025-02-28,CGNX,Cognex Corp,134,32.800000000000004,32.79999923706055,1.0000000232603499
VGT,2025-02-28,TEAM,Atlassian Corp,39,284.26,284.260009765625,0.999999965645449
VGT,2025-02-28,AAPL,Apple Inc,1,241.84,241.83999633789062,1.0000000151426953
VGT,2025-02-28,SNOW,Snowflake Inc,35,177.10000000000002,177.10000610351562,0.9999999655363332
VGT,2025-02-28,JBL,Jabil Inc,62,154.92000000000002,154.9199981689453,1.0000000118193566
VGT,2025-02-28,CXM,Sprinklr Inc,238,8.47,8.470000267028809,0.9999999684735774
VGT,2025-02-28,ADI,Analog Devices Inc,19,230.06,230.05999755859375,1.0000000106120415
VGT,2025-02-28,QTWO,Q2 Holdings Inc,124,87.37,87.37000274658203,0.9999999685637869
VGT,2025-02-28,XPER,Xperi Inc,283,8.46,8.460000038146973,0.9999999954909017
VGT,2025-02-28,CALX,Calix Inc,184,37.02,37.02000045776367,0.9999999876346931
VGT,2025-02-28,TTMI,TTM Technologies Inc,175,24.11,24.110000610351562,0.9999999746847139
VGT,2025-02-28,KD,Kyndryl Holdings Inc,83,38.080000000000005,38.08000183105469,0.9999999519155831
VGT,2025-02-28,RBBN,Ribbon Communications Inc,270,4.720000000000001,4.71999979019165,1.0000000444509236
VGT,2025-02-28,PCOR,Procore Technologies Inc,99,76.47,76.47000122070312,0.9999999840368365
VGT,2025-02-28,AMD,Advanced Micro Devices Inc,16,99.86,99.86000061035156,0.9999999938879275
VGT,2025-02-28,NSIT,Insight Enterprises Inc,154,153.88,153.8800048828125,0.9999999682687006
VGT,2025-02-28,SEDG,SolarEdge Technologies Inc,237,16.49,16.489999771118164,1.0000000138800387
VGT,2025-02-28,APH,Amphenol Corp,27,66.6,66.5999984741211,1.000000022911095
VGT,2025-02-28,VECO,Veeco Instruments Inc,221,22.24,22.239999771118164,1.0000000102914495
VGT,2025-02-28,PRGS,Progress Software Corp,178,54.64,54.63999938964844,1.0000000111704168
VGT,2025-02-28,MSFT,Microsoft Corp,3,396.9899999999999,396.989990234375,1.0000000245991716
VGT,2025-02-28,IPGP,IPG Photonics Corp,203,58.19,58.189998626708984,1.0000000236001212
VGT,2025-02-28,NOW,ServiceNow Inc,11,929.76,929.7599792480469,1.0000000223196885
VGT,2025-02-28,PENG,Penguin Solutions Inc,231,19.93,19.93000030517578,0.9999999846876179
VGT,2025-02-28,LITE,Lumentum Holdings Inc,137,70.33,70.33000183105469,0.9999999739648139
VGT,2025-02-28,DJCO,Daily Journal Corp,311,393.27,393.2699890136719,1.0000000279358416
VGT,2025-02-28,ESTC,Elastic NV,92,116.36,116.36000061035156,0.9999999947546274
VGT,2025-02-28,EPAM,EPAM Systems Inc,90,206.14,206.13999938964844,1.0000000029608593
VGT,2025-02-28,NET,Cloudflare Inc,38,145.3,145.3000030517578,0.9999999789968497
VGT,2025-02-28,SOUN,SoundHound AI Inc,153,10.82,10.819999694824219,1.0000000282047865
VGT,2025-02-28,TRMB,Trimble Inc,67,71.98,71.9800033569336,0.9999999533629698
VGT,2025-02-28,PLUS,ePlus Inc,199,64.38000000000001,64.37999725341797,1.0000000426620403
VGT,2025-02-28,SMRT,SmartRent Inc,295,1.24,1.2400000095367432,0.9999999923090781
VGT,2025-02-28,ADBE,Adobe Inc,10,438.56000000000006,438.55999755859375,1.0000000055668696
VGT,2025-02-28,CLFD,Clearfield Inc,279,32.41,32.40999984741211,1.0000000047080495
VGT,2025-02-28,ON,ON Semiconductor Corp,76,47.05,47.04999923706055,1.000000016215504
VGT,2025-02-28,APLD,Applied Digital Corp,230,8.0,8.0,1.0
VGT,2025-02-28,INTU,Intuit Inc,15,613.8399999999999,613.8400268554688,0.9999999562500527
VGT,2025-02-28,EFOR,ASGN Inc,163,67.38,67.37999725341797,1.0000000407625727
VGT,2025-02-28,OSPN,OneSpan Inc,265,16.04,16.040000915527344,0.9999999429222386
VGT,2025-02-28,AOSL,Alpha & Omega Semiconductor Ltd,253,30.28,30.280000686645508,0.9999999773234646
VGT,2025-02-28,MARA,MARA Holdings Inc,158,13.920000000000002,13.920000076293945,0.9999999945191133
VGT,2025-02-28,DV,DoubleVerify Holdings Inc,190,13.9,13.899999618530273,1.000000027443866
VGT,2025-02-28,SWKS,Skyworks Solutions Inc,111,66.66000000000001,66.66000366210938,0.9999999450628688
VGT,2025-02-28,DLB,Dolby Laboratories Inc,116,81.61,81.61000061035156,0.999999992521118
VGT,2025-02-28,NXPI,NXP Semiconductors NV,37,215.59,215.58999633789062,1.0000000169864531
VGT,2025-02-28,INTA,Intapp Inc,143,65.96,65.95999908447266,1.0000000138800387
VGT,2025-02-28,NVEC,NVE Corp,310,68.83999999999999,68.83999633789062,1.0000000531974078
VGT,2025-02-28,RIOT,Riot Platforms Inc,169,9.28,9.279999732971191,1.0000000287746569
VGT,2025-02-28,MRVL,Marvell Technology Inc,26,91.82,91.81999969482422,1.0000000033236307
VGT,2025-02-28,TWLO,Twilio Inc,59,119.93,119.93000030517578,0.9999999974553841
VGT,2025-02-28,BRZE,Braze Inc,185,36.98,36.97999954223633,1.0000000123786823
VGT,2025-02-28,LIF,Life360 Inc,308,45.2,45.20000076293945,0.999999983120809
VGT,2025-02-28,ADSK,Autodesk Inc,34,274.21000000000004,274.2099914550781,1.0000000311619641
VGT,2025-02-28,KEYS,Keysight Technologies Inc,49,159.53,159.52999877929688,1.000000007651872
VGT,2025-02-28,ARLO,Arlo Technologies Inc,214,14.38,14.380000114440918,0.9999999920416609
VGT,2025-02-28,GTLB,Gitlab Inc,105,60.21,60.209999084472656,1.00000001520557
VGT,2025-02-28,WDC,Western Digital Corp,85,48.92999999999999,48.93000030517578,0.9999999937630127
VGT,2025-02-28,GEN,Gen Digital Inc,78,27.33,27.329999923706055,1.0000000027915823
VGT,2025-02-28,RBRK,Rubrik Inc,309,65.12,65.12000274658203,0.9999999578227593
VGT,2025-02-28,CTS,CTS Corp,220,44.66,44.65999984741211,1.0000000034166567
VGT,2025-02-28,S,SentinelOne Inc,131,20.63,20.6299991607666,1.0000000406802438
VGT,2025-02-28,DBD,Diebold Nixdorf Inc,263,44.23,44.22999954223633,1.0000000103496196
VGT,2025-02-28,EXFY,Expensify Inc,296,3.875000004188246,3.875,1.0000000010808376
VGT,2025-02-28,PATH,UiPath Inc,118,12.3,12.300000190734863,0.9999999844931008
VGT,2025-02-28,PLXS,Plexus Corp,142,132.92000000000002,132.9199981689453,1.0000000137756149
VGT,2025-02-28,SPT,Sprout Social Inc,218,26.52,26.520000457763672,0.9999999827389267
VGT,2025-02-28,ORCL,Oracle Corp,6,166.06,166.05999755859375,1.0000000147019528
VGT,2025-02-28,AUR,Aurora Innovation Inc,88,7.27,7.269999980926514,1.0000000026235882
VGT,2025-02-28,DELL,Dell Technologies Inc,52,102.76,102.76000213623047,0.9999999792114596
VGT,2025-02-28,PGY,Pagaya Technologies Ltd,306,12.83,12.829999923706055,1.0000000059465273
VGT,2025-02-28,ACMR,ACM Research Inc,222,25.94,25.940000534057617,0.9999999794118117
VGT,2025-02-28,INTC,Intel Corp,21,23.73,23.729999542236328,1.000000019290505
VGT,2025-02-28,MPWR,Monolithic Power Systems Inc,54,611.01,611.010009765625,0.9999999840172422
VGT,2025-02-28,YOU,Clear Secure Inc,193,23.71,23.709999084472656,1.0000000386135546
VGT,2025-02-28,TYL,Tyler Technologies Inc,53,608.43,608.4299926757812,1.000000012037899
VGT,2025-02-28,CIFR,Cipher Mining Inc,247,4.08,4.079999923706055,1.0000000186994968
VGT,2025-02-28,KE,Kimball Electronics Inc,272,18.02,18.020000457763672,0.9999999745969111
VGT,2025-02-28,ZBRA,Zebra Technologies Corp,79,315.05,315.04998779296875,1.0000000387463315
VGT,2025-02-28,APP,AppLovin Corp,30,325.74,325.739990234375,1.0000000299798162
VGT,2025-02-28,NTNX,Nutanix Inc,61,76.89,76.88999938964844,1.0000000079379838
VGT,2025-02-28,KLIC,Kulicke & Soffa Industries Inc,188,38.27,38.27000045776367,0.9999999880385768
VGT,2025-02-28,CIEN,Ciena Corp,82,79.57,79.56999969482422,1.000000003835312
VGT,2025-02-28,DGII,Digi International Inc,227,30.54,30.540000915527344,0.9999999700220263
VGT,2025-02-28,FFIV,F5 Inc,63,292.43,292.42999267578125,1.0000000250460588
VGT,2025-02-28,PAR,PAR Technology Corp,179,68.71000000000001,68.70999908447266,1.0000000133245142
VGT,2025-02-28,IOT,Samsara Inc,93,47.68,47.68000030517578,0.9999999935995013
VGT,2025-02-28,ADTN,ADTRAN Holdings Inc,249,10.57,10.569999694824219,1.0000000288718818
VGT,2025-02-28,SMCI,Super Micro Computer Inc,68,41.46,41.459999084472656,1.0000000220821843
VGT,2025-02-28,AMKR,Amkor Technology Inc,180,21.1,21.100000381469727,0.9999999819208665
VGT,2025-02-28,MANH,Manhattan Associates Inc,107,176.88,176.8800048828125,0.999999972394774
VGT,2025-02-28,APPN,Appian Corp,233,32.47,32.470001220703125,0.9999999624052023
VGT,2025-02-28,SYNA,Synaptics Inc,170,66.14,66.13999938964844,1.0000000092281762
VGT,2025-02-28,VSAT,Viasat Inc,256,8.74,8.739999771118164,1.0000000261878539
VGT,2025-02-28,QRVO,Qorvo Inc,140,72.69,72.69000244140625,0.999999966413452
VGT,2025-02-28,RXT,Rackspace Technology Inc,300,2.37,2.369999885559082,1.0000000482873095
VGT,2025-02-28,ZETA,Zeta Global Holdings Corp,161,17.21,17.209999084472656,1.000000053197408
VGT,2025-02-28,DDOG,Datadog Inc,47,116.55,116.55000305175781,0.9999999738158925
VGT,2025-02-28,SANM,Sanmina Corp,115,81.92,81.91999816894531,1.0000000223517422
VGT,2025-02-28,VNT,Vontier Corp,114,37.35,37.349998474121094,1.00000004085352
VGT,2025-02-28,EVLV,Evolv Technologies Holdings Inc,280,3.54,3.5399999618530273,1.000000010775981
VGT,2025-02-28,VYX,NCR Voyix Corp,208,11.28,11.279999732971191,1.0000000236727673
VGT,2025-02-28,WULF,Terawulf Inc,232,4.1899999999999995,4.190000057220459,0.9999999863435659
VGT,2025-02-28,DXC,DXC Technology Co,148,18.369999999999997,18.3700008392334,0.9999999543150048
VGT,2025-02-28,HUBS,HubSpot Inc,46,723.9899999999999,723.989990234375,1.0000000134886187
VGT,2025-02-28,MCHP,Microchip Technology Inc,51,58.86,58.86000061035156,0.9999999896304527
VGT,2025-02-28,NTCT,NetScout Systems Inc,205,22.49,22.489999771118164,1.0000000101770492
VGT,2025-02-28,QLYS,Qualys Inc,127,131.46,131.4600067138672,0.9999999489284433
VGT,2025-02-28,AEHR,Aehr Test Systems,292,9.64,9.640000343322754,0.9999999643856078
VGT,2025-02-28,FROG,JFrog Ltd,144,36.75,36.75,1.0
VGT,2025-02-28,CLSK,Cleanspark Inc,196,7.989999999999999,7.989999771118164,1.0000000286460378
VGT,2025-02-28,MKSI,MKS Instruments Inc,135,91.82,91.81999969482422,1.0000000033236307
VGT,2025-02-28,P,Pure Storage Inc,80,52.47,52.470001220703125,0.9999999767352182
VGT,2025-02-28,DOCN,DigitalOcean Holdings Inc,173,42.849999999999994,42.849998474121094,1.0000000356097773
VGT,2025-02-28,SMTC,Semtech Corp,160,38.19,38.189998626708984,1.0000000359594412
VGT,2025-02-28,RMBS,Rambus Inc,106,55.89,55.88999938964844,1.0000000109205864
VGT,2025-02-28,STX,Seagate Technology Holdings PLC,64,101.91,101.91000366210938,0.999999964065261
VGT,2025-02-28,DT,Dynatrace Inc,72,57.25,57.25,1.0
VGT,2025-02-28,SITM,SiTime Corp,159,155.15,155.14999389648438,1.0000000393394513
VGT,2025-02-28,ACIW,ACI Worldwide Inc,108,57.349999999999994,57.349998474121094,1.000000026606433
VGT,2025-02-28,NABL,N-able Inc/US,252,10.03,10.029999732971191,1.0000000266230125
VGT,2025-02-28,WOLF,Wolfspeed Inc,255,5.78,,
VGT,2025-02-28,BL,BlackLine Inc,172,48.3,48.29999923706055,1.0000000157958482
VGT,2025-02-28,AVPT,AvePoint Inc,210,14.94,14.9399995803833,1.0000000280867944
VGT,2025-02-28,ATEN,A10 Networks Inc,209,20.79,20.790000915527344,0.9999999559630927
VGT,2025-02-28,CDNS,Cadence Design Systems Inc,32,250.5,250.5,1.0
VGT,2025-02-28,ROP,Roper Technologies Inc,33,584.5,584.5,1.0
VGT,2025-02-28,COHR,Coherent Corp,103,75.19,75.19000244140625,0.9999999675301746
VGT,2025-02-28,LSCC,Lattice Semiconductor Corp,89,62.34,62.34000015258789,0.9999999975523278
VGT,2025-02-28,FORM,FormFactor Inc,176,33.3,33.29999923706055,1.000000022911095
VGT,2025-02-28,ZM,Zoom Video Communications Inc,70,73.69999999999999,73.69999694824219,1.0000000414078416
VGT,2025-02-28,BMI,Badger Meter Inc,113,210.33,210.3300018310547,0.9999999912943723
VGT,2025-02-28,HPE,Hewlett Packard Enterprise Co,57,19.81,19.809999465942383,1.000000026958992
VGT,2025-02-28,CEVA,CEVA Inc,248,34.26,34.2599983215332,1.000000048992028
VGT,2025-02-28,BSY,Bentley Systems Inc,117,43.9,43.900001525878906,0.9999999652419396
VGT,2025-02-28,CORZ,Core Scientific Inc,312,11.16,11.15999984741211,1.0000000136727503
VGT,2025-02-28,FTNT,Fortinet Inc,29,108.01,108.01000213623047,0.99999998022192
VGT,2025-02-28,ADEA,Adeia Inc,201,15.72,15.720000267028809,0.9999999830134348
VGT,2025-02-28,ASAN,Asana Inc,204,19.25,19.25,1.0
VGT,2025-02-28,CRNC,Cerence Inc,271,11.41,11.40999984741211,1.0000000133731721
VGT,2025-02-28,ITRI,Itron Inc,120,108.89,108.88999938964844,1.0000000056052123
VGT,2025-02-28,RPD,Rapid7 Inc,198,29.090000000000003,29.09000015258789,0.9999999947546275
VGT,2025-02-28,ENPH,Enphase Energy Inc,150,57.33,57.33000183105469,0.9999999680611437
VGT,2025-02-28,NVTS,Navitas Semiconductor Corp,289,2.44,2.440000057220459,0.9999999765489928
VGT,2025-02-28,KVYO,Klaviyo Inc,183,39.32,39.31999969482422,1.0000000077613374
VGT,2025-02-28,VRSN,VeriSign Inc,58,237.88,237.8800048828125,0.9999999794736321
VGT,2025-02-28,HUCK,Domo Inc,294,7.6,7.599999904632568,1.0000000125483464
VGT,2025-02-28,AMPL,Amplitude Inc,236,12.590000000000002,12.59000015258789,0.9999999878802314
VGT,2025-02-28,MEI,Methode Electronics Inc,281,10.9,10.899999618530273,1.0000000349972238
VGT,2025-02-28,DIOD,Diodes Inc,182,49.379999999999995,49.380001068115234,0.9999999783694772
VGT,2025-02-28,OUST,Ouster Inc,284,8.25,8.25,1.0
VGT,2025-02-28,UIS,Unisys Corp,291,4.31,4.309999942779541,1.0000000132762086
VGT,2025-02-28,EGHT,8x8 Inc,290,2.5,2.5,1.0
VGT,2025-02-28,QCOM,QUALCOMM Inc,14,157.17,157.1699981689453,1.000000011650154
VGT,2025-02-28,FSLY,Fastly Inc,242,6.81,6.809999942779541,1.000000008402417
VGT,2025-02-28,NOVT,Novanta Inc,141,144.64,144.63999938964844,1.0000000042197978
VGT,2025-02-28,TXN,Texas Instruments Inc,12,195.99,195.99000549316406,0.9999999719722236
VGT,2025-02-28,ROG,Rogers Corp,217,79.94,79.94000244140625,0.9999999694595174
VGT,2025-02-28,BILL,BILL Holdings Inc,151,55.2,55.20000076293945,0.9999999861786334
VGT,2025-02-28,NN,NextNav Inc,274,10.49,10.489999771118164,1.0000000218190506
VGT,2025-02-28,LASR,nLight Inc,278,9.170000000000002,9.170000076293945,0.9999999916800498
VGT,2025-02-28,BLND,Blend Labs Inc,262,3.1300000000000003,3.130000114440918,0.9999999634374078
VGT,2025-02-28,POWI,Power Integrations Inc,147,60.8,60.79999923706055,1.0000000125483464
VGT,2025-02-28,SNDK,Sandisk Corp/DE,195,46.85,46.849998474121094,1.0000000325694547
VGT,2025-02-28,BOX,Box Inc,119,32.699999999999996,32.70000076293945,0.9999999766685187
VGT,2025-02-28,YEXT,Yext Inc,254,6.800000000000001,6.800000190734863,0.9999999719507563
VGT,2025-02-28,CRM,Salesforce Inc,5,297.84999999999997,297.8500061035156,0.9999999795080895
VGT,2025-02-28,PMTS,CPI Card Group Inc,298,33.46,33.459999084472656,1.0000000273618461
VGT,2025-02-28,RAMP,LiveRamp Holdings Inc,192,29.88,29.8799991607666,1.0000000280867944
VGT,2025-02-28,XRX,Xerox Holdings Corp,250,6.630000000000001,6.630000114440918,0.9999999827389268
VGT,2025-02-28,IONQ,IonQ Inc,123,24.569999999999997,24.56999969482422,1.0000000124206667
VGT,2025-02-28,OKTA,Okta Inc,84,90.49,90.48999786376953,1.0000000236073656
VGT,2025-02-28,MSTR,MicroStrategy Inc,44,255.43,255.42999267578125,1.000000028674075
VGT,2025-02-28,TDY,Teledyne Technologies Inc,55,515.02,515.02001953125,0.9999999620767168
VGT,2025-02-28,CCSI,Consensus Cloud Solutions Inc,267,26.17,26.170000076293945,0.9999999970846792
VGT,2025-02-28,ACN,Accenture PLC,9,348.5,348.5,1.0
VGT,2025-02-28,CRUS,Cirrus Logic Inc,145,104.21,104.20999908447266,1.0000000087854077
VGT,2025-02-28,CNXN,PC Connection Inc,245,63.8,63.79999923706055,1.0000000119582988
VGT,2025-02-28,BLKB,Blackbaud Inc,162,66.10000000000001,66.0999984741211,1.0000000230844017
VGT,2025-02-28,PEGA,Pegasystems Inc,146,78.51,78.51000213623047,0.99999997279034
VGT,2025-02-28,PANW,Palo Alto Networks Inc,18,190.43,190.42999267578125,1.000000038461477
VGT,2025-02-28,AVT,Avnet Inc,136,50.54,50.540000915527344,0.9999999818850944
VGT,2025-02-28,MITK,Mitek Systems Inc,276,9.37,9.369999885559082,1.0000000122135453
VGT,2025-02-28,COHU,Cohu Inc,240,19.66,19.65999984741211,1.0000000077613374
VGT,2025-02-28,TENB,Tenable Holdings Inc,139,38.14,38.13999938964844,1.0000000160029254
VGT,2025-02-28,ALRM,Alarm.com Holdings Inc,164,58.09,58.09000015258789,0.9999999973732504
VGT,2025-02-28,BELFB,Bel Fuse Inc,244,83.91,83.91000366210938,0.999999956356701
VGT,2025-02-28,VSH,Vishay Intertechnology Inc,194,17.14,17.139999389648438,1.0000000356097773
VGT,2025-02-28,KLAC,KLA Corp,24,708.84,708.8400268554688,0.9999999621134985
VGT,2025-02-28,PLAB,Photronics Inc,219,20.84,20.84000015258789,0.9999999926781243
VGT,2025-02-28,HLIT,Harmonic Inc,226,10.31,10.3100004196167,0.9999999593000308
VGT,2025-02-28,CDW,CDW Corp/DE,60,178.20000000000002,178.1999969482422,1.000000017125465
VGT,2025-02-28,FN,Fabrinet,128,200.05,200.0500030517578,0.9999999847450249
VGT,2025-02-28,KN,Knowles Corp,211,16.59,16.59000015258789,0.9999999908024177
VGT,2025-02-28,HPQ,HP Inc,50,30.869999999999997,30.8700008392334,0.9999999728139495
VGT,2025-02-28,PI,Impinj Inc,186,96.66,96.66000366210938,0.9999999621134984
VGT,2025-02-28,CRWD,Crowdstrike Holdings Inc,25,389.66,389.6600036621094,0.9999999906017828
VGT,2025-02-28,IBM,International Business Machines Corp,8,252.44000000000003,252.44000244140625,0.9999999903287664
VGT,2025-02-28,AAOI,Applied Optoelectronics Inc,313,21.86,21.860000610351562,0.9999999720790692
VGT,2025-02-28,EXTR,Extreme Networks Inc,189,15.45,15.449999809265137,1.0000000123452988
VGT,2025-02-28,GLW,Corning Inc,42,50.150000000000006,50.150001525878906,0.9999999695737019
VGT,2025-02-28,WEAV,Weave Communications Inc,273,12.6,12.600000381469727,0.9999999697246258
VGT,2025-02-28,CXT,Crane NXT Co,165,55.82,55.81999969482422,1.0000000054671405
VGT,2025-02-28,NCNO,nCino Inc,166,31.31,31.309999465942383,1.0000000170570944
VGT,2025-02-28,APPS,Digital Turbine Inc,286,3.4299999999999997,3.430000066757202,0.9999999805372591
VGT,2025-02-28,MU,Micron Technology Inc,20,93.63,93.62999725341797,1.0000000293344238
VGT,2025-02-28,PTC,PTC Inc,66,163.63,163.6300048828125,0.9999999701594307
VGT,2025-02-28,MSI,Motorola Solutions Inc,28,440.22,440.2200012207031,0.9999999972270612
VGT,2025-02-28,BDC,Belden Inc,126,110.03,110.02999877929688,1.0000000110942755
VGT,2025-02-28,AMAT,Applied Materials Inc,17,158.07000000000002,158.07000732421875,0.9999999536647157
VGT,2025-02-28,AI,C3.ai Inc,171,23.450000000000003,23.450000762939453,0.9999999674652698
VGT,2025-02-28,FICO,Fair Isaac Corp,41,1886.35,1886.3499755859375,1.0000000129424882
VGT,2025-02-28,NVDA,NVIDIA Corp,2,124.92,124.91999816894531,1.0000000146578187
VGT,2025-02-28,APPF,Appfolio Inc,130,214.5,214.5,1.0
VGT,2025-02-28,IDCC,InterDigital Inc,101,213.64,213.63999938964844,1.000000002856916
VGT,2025-02-28,LFUS,Littelfuse Inc,129,232.11,232.11000061035156,0.9999999973704211
VGT,2025-02-28,FRSH,Freshworks Inc,156,17.060000000000002,17.059999465942383,1.000000031304668
VGT,2025-02-28,LRCX,Lam Research Corp,23,76.74,76.73999786376953,1.0000000278372494
VGT,2025-02-28,PLTR,Palantir Technologies Inc,13,84.92,84.91999816894531,1.000000021562114
VGT,2025-02-28,UCTT,Ultra Clean Holdings Inc,228,24.6,24.600000381469727,0.9999999844931008
VGT,2025-02-28,WDAY,Workday Inc,36,263.34,263.3399963378906,1.0000000139063925
VGT,2025-02-28,BELFA,Bel Fuse Inc,303,81.51,81.51000213623047,0.9999999737917997
VGT,2025-02-28,SNX,TD SYNNEX Corp,86,137.49,137.49000549316406,0.9999999600468119
VGT,2025-02-28,LWLG,Lightwave Logic Inc,301,1.21,1.2100000381469727,0.9999999684735773
VGT,2025-02-28,SLAB,Silicon Laboratories Inc,109,140.3,140.3000030517578,0.9999999782483412
VGT,2025-02-28,DOCU,DocuSign Inc,69,83.17,83.16999816894531,1.0000000220158078
VGT,2025-02-28,VERX,Vertex Inc,197,32.29,32.290000915527344,0.9999999716467228
VGT,2025-02-28,VRNS,Varonis Systems Inc,152,42.970000000000006,42.970001220703125,0.9999999715917365
VGT,2025-02-28,FSLR,First Solar Inc,98,136.18,136.17999267578125,1.0000000537833686
VGT,2025-02-28,CCC,CCC Intelligent Solutions Holdings Inc,138,10.19,10.1899995803833,1.0000000411792656
VGT,2025-02-28,PDFS,PDF Solutions Inc,259,22.52,22.520000457763672,0.9999999796730168
VGT,2025-02-28,ICHR,Ichor Holdings Ltd,234,29.29,29.290000915527344,0.999999968742666
VGT,2025-02-28,AGYS,Agilysys Inc,191,80.99,80.98999786376953,1.0000000263764726
VGT,2025-02-28,CMRC,BigCommerce Holdings Inc,269,7.08,7.079999923706055,1.000000010775981
VGT,2025-02-28,NTAP,NetApp Inc,71,99.81,99.80999755859375,1.000000024460538
VGT,2025-02-28,ZS,Zscaler Inc,73,196.23,196.22999572753906,1.000000021772721
VGT,2025-02-28,AEIS,Advanced Energy Industries Inc,121,115.17,115.16999816894531,1.0000000158987126
VGT,2025-02-28,CRDO,Credo Technology Group Holding Ltd,94,55.18,55.18000030517578,0.9999999944694494
VGT,2025-02-28,OLED,Universal Display Corp,122,153.62,153.6199951171875,1.0000000317850062
VGT,2025-02-28,VPG,Vishay Precision Group Inc,288,23.54,23.540000915527344,0.9999999611075909
VGT,2025-02-28,FIVN,Five9 Inc,168,36.2,36.20000076293945,0.999999978924325
VGT,2025-02-28,ALKT,Alkami Technology Inc,202,30.84,30.84000015258789,0.9999999950522733
VGT,2025-02-28,ALAB,Astera Labs Inc,314,74.35000000000001,74.3499984741211,1.0000000205229178
VGT,2025-02-28,ONTO,Onto Innovation Inc,133,145.66,145.66000366210938,0.999999974858511
VGT,2025-02-28,HCKT,Hackett Group Inc/The,251,30.38,30.3799991607666,1.0000000276245367
VGT,2025-02-28,U,Unity Software Inc,87,25.64,25.639999389648438,1.0000000238046638
VGT,2025-02-28,FLEX,Flex Ltd,75,37.88999999999999,37.88999938964844,1.0000000161085132
VGT,2025-02-28,AVGO,Broadcom Inc,4,199.43,199.42999267578125,1.0000000367257635
VGT,2025-02-28,MX,Magnachip Semiconductor Corp,299,4.54,4.539999961853027,1.000000008402417
VGT,2025-02-28,VISN,CommScope Holding Co Inc,216,6.3500000000000005,6.349999904632568,1.0000000150184936
VGT,2025-02-28,ANET,Arista Networks Inc,22,93.05,93.05000305175781,0.9999999672030336
VGT,2025-02-28,CSCO,Cisco Systems Inc,7,64.11,64.11000061035156,0.9999999904796201
VGT,2025-02-28,SCSC,ScanSource Inc,246,36.61,36.61000061035156,0.9999999833282832
VGT,2025-02-28,TEL,TE Connectivity PLC,40,154.03,154.02999877929688,1.0000000079251
VGT,2025-02-28,IIIV,I3 Verticals Inc,307,25.93,25.93000030517578,0.9999999882307837
VGT,2025-02-28,DBX,Dropbox Inc,112,25.98,25.979999542236328,1.0000000176198491
VGT,2025-02-28,PD,PagerDuty Inc,207,17.72,17.719999313354492,1.0000000387497479
VGT,2025-02-28,TDC,Teradata Corp,181,23.84,23.84000015258789,0.9999999935995013
VGT,2025-02-28,RNG,RingCentral Inc,187,28.45,28.450000762939453,0.9999999731831483
VGT,2025-02-28,CTSH,Cognizant Technology Solutions Corp,43,83.33000000000001,83.33000183105469,0.9999999780264655
VGT,2025-02-28,GWRE,Guidewire Software Inc,74,201.32,201.32000732421875,0.999999963619022
VGT,2025-02-28,NTGR,NETGEAR Inc,257,26.3,26.299999237060547,1.0000000290091056
VGT,2025-02-28,MXL,MaxLinear Inc,225,14.61,14.609999656677246,1.0000000234991624
VGT,2025-02-28,CRSR,Corsair Gaming Inc,264,11.74,11.739999771118164,1.0000000194958978
VGT,2025-02-28,AKAM,Akamai Technologies Inc,95,80.67999999999999,80.68000030517578,0.9999999962174543
VGT,2025-02-28,ENTG,Entegris Inc,81,101.22,101.22000122070312,0.9999999879400997
VGT,2025-02-28,SPSC,SPS Commerce Inc,155,133.2,133.1999969482422,1.000000022911095
VGT,2025-02-28,AMBA,Ambarella Inc,177,61.43,61.43000030517578,0.9999999950321378
VGT,2025-02-28,VIAV,Viavi Solutions Inc,174,11.18,11.180000305175781,0.9999999727034192
VGT,2025-02-28,GDYN,Grid Dynamics Holdings Inc,229,18.82,18.81999969482422,1.000000016215504
VGT,2025-05-31,OSIS,OSI Systems Inc,135,219.11,219.11000061035156,0.9999999972144058
VGT,2025-05-31,MVIS,MicroVision Inc,284,1.1,1.1,1.0
VGT,2025-05-31,MIR,Mirion Technologies Inc,124,19.1,19.100000381469727,0.9999999800277635
VGT,2025-05-31,TER,Teradyne Inc,96,78.6,78.5999984741211,1.000000019413218
VGT,2025-05-31,SNPS,Synopsys Inc,29,463.98,463.9800109863281,0.9999999763215487
VGT,2025-05-31,IT,Gartner Inc,45,436.42,436.4200134277344,0.9999999692320839
VGT,2025-05-31,WK,Workiva Inc,151,67.29,67.29000091552734,0.9999999863943034
VGT,2025-05-31,ACLS,Axcelis Technologies Inc,194,56.34,56.34000015258789,0.9999999972916598
VGT,2025-05-31,RMNI,Rimini Street Inc,287,3.05,3.049999952316284,1.0000000156340054
VGT,2025-05-31,BHE,Benchmark Electronics Inc,209,36.52,36.52000045776367,0.9999999874653981
VGT,2025-05-31,MTSI,MACOM Technology Solutions Holdings Inc,100,121.61,121.61000061035156,0.9999999949810743
VGT,2025-05-31,CVLT,Commvault Systems Inc,89,183.15,183.14999389648438,1.0000000333252297
VGT,2025-05-31,DMRC,Digimarc Corp,285,13.08,13.079999923706055,1.0000000058328704
VGT,2025-05-31,ARW,Arrow Electronics Inc,113,118.38,118.37999725341797,1.000000023201403
VGT,2025-05-31,ALGM,Allegro MicroSystems Inc,144,25.35,25.350000381469727,0.9999999849518848
VGT,2025-05-31,MDB,MongoDB Inc,86,188.83,188.8300018310547,0.9999999903031581
VGT,2025-05-31,NSSC,Napco Security Technologies Inc,222,27.9,27.899999618530273,1.0000000136727503
VGT,2025-05-31,GDDY,GoDaddy Inc,55,182.15,182.14999389648438,1.0000000335081847
VGT,2025-05-31,LAW,CS Disco Inc,295,3.94,3.940000057220459,0.999999985477041
VGT,2025-05-31,HUT,Hut 8 Corp,212,15.27,15.270000457763672,0.9999999700220263
VGT,2025-05-31,INDI,indie Semiconductor Inc,268,2.6500000000000004,2.6500000953674316,0.9999999640122914
VGT,2025-05-31,CGNX,Cognex Corp,139,29.97,29.969999313354492,1.0000000229110952
VGT,2025-05-31,TEAM,Atlassian Corp,46,207.63,207.6300048828125,0.9999999764831075
VGT,2025-05-31,AAPL,Apple Inc,3,200.85,200.85000610351562,0.9999999696115736
VGT,2025-05-31,SNOW,Snowflake Inc,32,205.67,205.6699981689453,1.0000000089028769
VGT,2025-05-31,JBL,Jabil Inc,63,168.01000000000002,168.00999450683594,1.0000000326954601
VGT,2025-05-31,CXM,Sprinklr Inc,228,8.44,8.4399995803833,1.000000049717621
VGT,2025-05-31,ADI,Analog Devices Inc,21,213.98,213.97999572753906,1.0000000199666372
VGT,2025-05-31,QTWO,Q2 Holdings Inc,117,87.52000000000001,87.5199966430664,1.0000000383561898
VGT,2025-05-31,XPER,Xperi Inc,279,7.79,7.789999961853027,1.0000000048969155
VGT,2025-05-31,CALX,Calix Inc,155,46.24,46.2400016784668,0.999999963700979
VGT,2025-05-31,TTMI,TTM Technologies Inc,145,29.860000000000003,29.860000610351562,0.9999999795595597
VGT,2025-05-31,KD,Kyndryl Holdings Inc,87,39.04,39.040000915527344,0.9999999765489928
VGT,2025-05-31,RBBN,Ribbon Communications Inc,277,3.38,3.380000114440918,0.9999999661417414
VGT,2025-05-31,PCOR,Procore Technologies Inc,106,67.17,67.16999816894531,1.000000027260008
VGT,2025-05-31,AMD,Advanced Micro Devices Inc,14,110.73,110.7300033569336,0.9999999696836134
VGT,2025-05-31,NSIT,Insight Enterprises Inc,164,130.39,130.38999938964844,1.000000004680969
VGT,2025-05-31,SEDG,SolarEdge Technologies Inc,223,17.86,17.860000610351562,0.9999999658257815
VGT,2025-05-31,APH,Amphenol Corp,20,89.92999999999999,89.93000030517578,0.9999999966065185
VGT,2025-05-31,VECO,Veeco Instruments Inc,217,19.31,19.309999465942383,1.0000000276570498
VGT,2025-05-31,PRGS,Progress Software Corp,161,61.559999999999995,61.560001373291016,0.9999999776918292
VGT,2025-05-31,MSFT,Microsoft Corp,2,460.36,460.3599853515625,1.0000000318195281
VGT,2025-05-31,IPGP,IPG Photonics Corp,196,66.26,66.26000213623047,0.9999999677598793
VGT,2025-05-31,NOW,ServiceNow Inc,11,1011.09,1011.0900115966797,0.9999999885305171
VGT,2025-05-31,PENG,Penguin Solutions Inc,231,17.759999999999998,17.760000228881836,0.9999999871125093
VGT,2025-05-31,LITE,Lumentum Holdings Inc,122,72.28,72.27999877929688,1.0000000168885328
VGT,2025-05-31,DJCO,Daily Journal Corp,304,421.43,421.42999267578125,1.0000000173794434
VGT,2025-05-31,ESTC,Elastic NV,123,80.87,80.87000274658203,0.9999999660370726
VGT,2025-05-31,EPAM,EPAM Systems Inc,99,174.49,174.49000549316406,0.9999999685187467
VGT,2025-05-31,NET,Cloudflare Inc,36,165.89,165.88999938964844,1.0000000036792547
VGT,2025-05-31,SOUN,SoundHound AI Inc,153,10.11,10.109999656677246,1.0000000339587305
VGT,2025-05-31,TRMB,Trimble Inc,70,71.27000000000001,71.2699966430664,1.0000000471016384
VGT,2025-05-31,PLUS,ePlus Inc,191,71.37,71.37000274658203,0.9999999615162964
VGT,2025-05-31,SMRT,SmartRent Inc,289,0.8443000001194867,0.843999981880188,1.000355471855142
VGT,2025-05-31,ADBE,Adobe Inc,13,415.09,415.0899963378906,1.0000000088224466
VGT,2025-05-31,CLFD,Clearfield Inc,264,37.11,37.11000061035156,0.9999999835529089
VGT,2025-05-31,ON,ON Semiconductor Corp,79,42.02,42.02000045776367,0.9999999891060527
VGT,2025-05-31,APLD,Applied Digital Corp,229,6.83,6.829999923706055,1.0000000111704168
VGT,2025-05-31,INTU,Intuit Inc,10,753.4699999999999,753.469970703125,1.0000000388826045
VGT,2025-05-31,EFOR,ASGN Inc,179,52.81,52.810001373291016,0.9999999739956262
VGT,2025-05-31,OSPN,OneSpan Inc,258,15.93,15.930000305175781,0.9999999808427008
VGT,2025-05-31,AOSL,Alpha & Omega Semiconductor Ltd,261,21.22,21.219999313354492,1.0000000323584133
VGT,2025-05-31,MARA,MARA Holdings Inc,147,14.12,14.119999885559082,1.000000008104881
VGT,2025-05-31,DV,DoubleVerify Holdings Inc,188,13.74,13.739999771118164,1.000000016658067
VGT,2025-05-31,SWKS,Skyworks Solutions Inc,101,69.03,69.02999877929688,1.0000000176836614
VGT,2025-05-31,DLB,Dolby Laboratories Inc,119,74.26,74.26000213623047,0.9999999712330945
VGT,2025-05-31,NXPI,NXP Semiconductors NV,40,191.13,191.1300048828125,0.9999999744529253
VGT,2025-05-31,INTA,Intapp Inc,154,55.12,55.119998931884766,1.000000019377998
VGT,2025-05-31,NVEC,NVE Corp,306,71.16,71.16000366210938,0.9999999485369704
VGT,2025-05-31,RIOT,Riot Platforms Inc,171,8.07,8.069999694824219,1.0000000378160834
VGT,2025-05-31,MRVL,Marvell Technology Inc,39,60.19,60.189998626708984,1.0000000228159336
VGT,2025-05-31,TWLO,Twilio Inc,68,117.7,117.69999694824219,1.0000000259282744
VGT,2025-05-31,BRZE,Braze Inc,177,36.8,36.79999923706055,1.0000000207320507
VGT,2025-05-31,LIF,Life360 Inc,301,63.55,63.54999923706055,1.0000000120053416
VGT,2025-05-31,ADSK,Autodesk Inc,33,296.12,296.1199951171875,1.0000000164893037
VGT,2025-05-31,KEYS,Keysight Technologies Inc,54,157.04,157.0399932861328,1.0000000427525946
VGT,2025-05-31,ARLO,Arlo Technologies Inc,206,14.320000000000002,14.319999694824219,1.0000000213111586
VGT,2025-05-31,GTLB,Gitlab Inc,137,45.51,45.5099983215332,1.0000000368812756
VGT,2025-05-31,WDC,Western Digital Corp,78,51.55,51.54999923706055,1.0000000147999895
VGT,2025-05-31,GEN,Gen Digital Inc,75,28.480000000000004,28.479999542236328,1.000000016073163
VGT,2025-05-31,RBRK,Rubrik Inc,300,95.35,95.3499984741211,1.0000000160029252
VGT,2025-05-31,CTS,CTS Corp,215,40.690000000000005,40.689998626708984,1.0000000337500876
VGT,2025-05-31,S,SentinelOne Inc,143,17.61,17.610000610351562,0.999999965340628
VGT,2025-05-31,DBD,Diebold Nixdorf Inc,249,48.17,48.16999816894531,1.000000038012347
VGT,2025-05-31,EXFY,Expensify Inc,294,2.21,2.2100000381469727,0.9999999827389267
VGT,2025-05-31,PATH,UiPath Inc,105,13.31,13.3100004196167,0.9999999684735773
VGT,2025-05-31,PLXS,Plexus Corp,136,131.26,131.25999450683594,1.0000000418494916
VGT,2025-05-31,SPT,Sprout Social Inc,219,21.83,21.829999923706055,1.0000000034949126
VGT,2025-05-31,ORCL,Oracle Corp,6,165.53,165.52999877929688,1.000000007374513
VGT,2025-05-31,AUR,Aurora Innovation Inc,134,6.0600000000000005,6.059999942779541,1.00000000944232
VGT,2025-05-31,DELL,Dell Technologies Inc,47,111.27,111.2699966430664,1.000000030169261
VGT,2025-05-31,PGY,Pagaya Technologies Ltd,299,16.44,16.440000534057617,0.9999999675147446
VGT,2025-05-31,ACMR,ACM Research Inc,218,22.55,22.549999237060547,1.0000000338332364
VGT,2025-05-31,INTC,Intel Corp,26,19.55,19.549999237060547,1.0000000390250374
VGT,2025-05-31,MPWR,Monolithic Power Systems Inc,48,661.9,661.9000244140625,0.9999999631151811
VGT,2025-05-31,YOU,Clear Secure Inc,184,24.75,24.75,1.0
VGT,2025-05-31,TYL,Tyler Technologies Inc,58,576.99,576.989990234375,1.0000000169251204
VGT,2025-05-31,CIFR,Cipher Mining Inc,250,3.12,3.119999885559082,1.0000000366797828
VGT,2025-05-31,KE,Kimball Electronics Inc,265,18.1,18.100000381469727,0.999999978924325
VGT,2025-05-31,ZBRA,Zebra Technologies Corp,81,289.77000000000004,289.7699890136719,1.0000000379139613
VGT,2025-05-31,APP,AppLovin Corp,27,393.0,393.0,1.0
VGT,2025-05-31,NTNX,Nutanix Inc,60,76.69,76.69000244140625,0.9999999681652605
VGT,2025-05-31,KLIC,Kulicke & Soffa Industries Inc,195,32.150000000000006,32.150001525878906,0.9999999525387612
VGT,2025-05-31,CIEN,Ciena Corp,83,80.06,80.05999755859375,1.000000030494708
VGT,2025-05-31,DGII,Digi International Inc,214,32.410000000000004,32.40999984741211,1.0000000047080497
VGT,2025-05-31,FFIV,F5 Inc,71,285.38,285.3800048828125,0.999999982890138
VGT,2025-05-31,PAR,PAR Technology Corp,174,65.56,65.55999755859375,1.000000037239267
VGT,2025-05-31,IOT,Samsara Inc,88,46.54,46.540000915527344,0.9999999803281623
VGT,2025-05-31,ADTN,ADTRAN Holdings Inc,253,8.03,8.029999732971191,1.0000000332539
VGT,2025-05-31,SMCI,Super Micro Computer Inc,73,40.02,40.02000045776367,0.9999999885616276
VGT,2025-05-31,AMKR,Amkor Technology Inc,189,18.02,18.020000457763672,0.9999999745969111
VGT,2025-05-31,MANH,Manhattan Associates Inc,93,188.78,188.77999877929688,1.0000000064662735
VGT,2025-05-31,APPN,Appian Corp,225,31.5,31.5,1.0
VGT,2025-05-31,SYNA,Synaptics Inc,170,58.76,58.7599983215332,1.0000000285647863
VGT,2025-05-31,VSAT,Viasat Inc,244,8.73,8.729999542236328,1.000000052435704
VGT,2025-05-31,QRVO,Qorvo Inc,128,76.02000000000001,76.0199966430664,1.0000000441585604
VGT,2025-05-31,RXT,Rackspace Technology Inc,297,1.14,1.1399999856948853,1.0000000125483464
VGT,2025-05-31,ZETA,Zeta Global Holdings Corp,181,13.14,13.140000343322754,0.9999999738719373
VGT,2025-05-31,DDOG,Datadog Inc,44,117.88,117.87999725341797,1.000000023299814
VGT,2025-05-31,SANM,Sanmina Corp,108,84.69,84.69000244140625,0.9999999711724386
VGT,2025-05-31,VNT,Vontier Corp,111,35.75,35.75,1.0
VGT,2025-05-31,EVLV,Evolv Technologies Holdings Inc,254,5.46,5.460000038146973,0.999999993013375
VGT,2025-05-31,VYX,NCR Voyix Corp,204,11.09,11.09000015258789,0.9999999862409478
VGT,2025-05-31,WULF,Terawulf Inc,233,3.53,3.5299999713897705,1.000000008104881
VGT,2025-05-31,DXC,DXC Technology Co,158,15.2,15.199999809265137,1.0000000125483464
VGT,2025-05-31,HUBS,HubSpot Inc,53,589.9,589.9000244140625,0.99999995861322
VGT,2025-05-31,MCHP,Microchip Technology Inc,52,58.04,58.040000915527344,0.9999999842259247
VGT,2025-05-31,NTCT,NetScout Systems Inc,198,22.84,22.84000015258789,0.9999999933192693
VGT,2025-05-31,QLYS,Qualys Inc,112,138.54999999999998,138.5500030517578,0.9999999779735997
VGT,2025-05-31,AEHR,Aehr Test Systems,283,9.54,9.539999961853027,1.0000000039986343
VGT,2025-05-31,FROG,JFrog Ltd,114,42.940000000000005,42.939998626708984,1.0000000319816271
VGT,2025-05-31,CLSK,Cleanspark Inc,187,8.629999999999999,8.630000114440918,0.9999999867391752
VGT,2025-05-31,MKSI,MKS Instruments Inc,140,82.19,82.19000244140625,0.9999999702955812
VGT,2025-05-31,P,Pure Storage Inc,77,53.59,53.59000015258789,0.9999999971526798
VGT,2025-05-31,DOCN,DigitalOcean Holdings Inc,197,28.3,28.299999237060547,1.000000026958992
VGT,2025-05-31,SMTC,Semtech Corp,157,37.33,37.33000183105469,0.9999999509495151
VGT,2025-05-31,RMBS,Rambus Inc,115,53.47,53.470001220703125,0.999999977170318
VGT,2025-05-31,STX,Seagate Technology Holdings PLC,57,117.94,117.94000244140625,0.9999999792995913
VGT,2025-05-31,DT,Dynatrace Inc,76,54.010000000000005,54.0099983215332,1.0000000310769646
VGT,2025-05-31,SITM,SiTime Corp,129,196.07,196.07000732421875,0.9999999626448794
VGT,2025-05-31,ACIW,ACI Worldwide Inc,125,46.26,46.2599983215332,1.0000000362833301
VGT,2025-05-31,NABL,N-able Inc/US,256,7.79,7.789999961853027,1.0000000048969155
VGT,2025-05-31,WOLF,Wolfspeed Inc,288,1.1900000000000002,,
VGT,2025-05-31,BL,BlackLine Inc,150,55.93,55.93000030517578,0.999999994543612
VGT,2025-05-31,AVPT,AvePoint Inc,192,18.65,18.649999618530273,1.0000000204541413
VGT,2025-05-31,ATEN,A10 Networks Inc,211,17.26,17.260000228881836,0.9999999867391755
VGT,2025-05-31,CDNS,Cadence Design Systems Inc,28,287.07,287.07000732421875,0.9999999744862975
VGT,2025-05-31,ROP,Roper Technologies Inc,35,570.27,570.27001953125,0.9999999657508736
VGT,2025-05-31,COHR,Coherent Corp,95,75.63,75.62999725341797,1.0000000363160402
VGT,2025-05-31,LSCC,Lattice Semiconductor Corp,120,44.94,44.939998626708984,1.0000000305583234
VGT,2025-05-31,FORM,FormFactor Inc,176,29.85,29.850000381469727,0.9999999872204449
VGT,2025-05-31,ZM,Zoom Video Communications Inc,64,81.25,81.25,1.0
VGT,2025-05-31,BMI,Badger Meter Inc,90,248.22,248.22000122070312,0.9999999950821726
VGT,2025-05-31,HPE,Hewlett Packard Enterprise Co,62,17.28,17.280000686645508,0.9999999602635717
VGT,2025-05-31,CEVA,CEVA Inc,266,18.76,18.760000228881836,0.999999987799476
VGT,2025-05-31,BSY,Bentley Systems Inc,103,47.73,47.72999954223633,1.000000009590691
VGT,2025-05-31,CORZ,Core Scientific Inc,305,10.65,10.649999618530273,1.000000035818755
VGT,2025-05-31,FTNT,Fortinet Inc,31,101.78,101.77999877929688,1.0000000119935464
VGT,2025-05-31,ADEA,Adeia Inc,207,12.84,12.84000015258789,0.999999988116208
VGT,2025-05-31,ASAN,Asana Inc,203,17.91,17.90999984741211,1.0000000085197036
VGT,2025-05-31,CRNC,Cerence Inc,275,8.51,8.510000228881836,0.9999999731043678
VGT,2025-05-31,ITRI,Itron Inc,109,115.6,115.5999984741211,1.0000000131996447
VGT,2025-05-31,RPD,Rapid7 Inc,208,22.95,22.950000762939453,0.9999999667564519
VGT,2025-05-31,ENPH,Enphase Energy Inc,169,41.39,41.38999938964844,1.0000000147463535
VGT,2025-05-31,NVTS,Navitas Semiconductor Corp,251,5.1,5.099999904632568,1.0000000186994966
VGT,2025-05-31,KVYO,Klaviyo Inc,167,34.0,34.0,1.0
VGT,2025-05-31,VRSN,VeriSign Inc,51,272.47,272.4700012207031,0.9999999955198624
VGT,2025-05-31,HUCK,Domo Inc,270,12.7,12.699999809265137,1.0000000150184933
VGT,2025-05-31,AMPL,Amplitude Inc,227,12.39,12.390000343322754,0.9999999722903354
VGT,2025-05-31,MEI,Methode Electronics Inc,282,7.949999999999999,7.949999809265137,1.0000000239918072
VGT,2025-05-31,DIOD,Diodes Inc,183,44.4,44.400001525878906,0.9999999656333591
VGT,2025-05-31,OUST,Ouster Inc,262,12.23,12.229999542236328,1.0000000374295739
VGT,2025-05-31,UIS,Unisys Corp,278,4.7700000000000005,4.769999980926514,1.0000000039986345
VGT,2025-05-31,EGHT,8x8 Inc,286,1.64,1.6399999856948853,1.000000008722631
VGT,2025-05-31,QCOM,QUALCOMM Inc,16,145.20000000000002,145.1999969482422,1.0000000210176163
VGT,2025-05-31,FSLY,Fastly Inc,226,7.28,7.28000020980835,0.9999999711801726
VGT,2025-05-31,NOVT,Novanta Inc,149,123.82,123.81999969482422,1.0000000024646727
VGT,2025-05-31,TXN,Texas Instruments Inc,15,182.85,182.85000610351562,0.9999999666200962
VGT,2025-05-31,ROG,Rogers Corp,216,66.57,66.56999969482422,1.0000000045842838
VGT,2025-05-31,BILL,BILL Holdings Inc,165,43.68,43.68000030517578,0.999999993013375
VGT,2025-05-31,NN,NextNav Inc,259,12.55,12.550000190734863,0.9999999848020033
VGT,2025-05-31,LASR,nLight Inc,247,15.13,15.130000114440918,0.9999999924361589
VGT,2025-05-31,BLND,Blend Labs Inc,245,3.66,3.6600000858306885,0.9999999765489928
VGT,2025-05-31,POWI,Power Integrations Inc,156,49.73,49.72999954223633,1.0000000092049803
VGT,2025-05-31,SNDK,Sandisk Corp/DE,201,37.69,37.689998626708984,1.0000000364364836
VGT,2025-05-31,BOX,Box Inc,98,37.82,37.81999969482422,1.000000008069164
VGT,2025-05-31,YEXT,Yext Inc,242,6.71,6.710000038146973,0.9999999943149073
VGT,2025-05-31,CRM,Salesforce Inc,8,265.37,265.3699951171875,1.0000000184000173
VGT,2025-05-31,PMTS,CPI Card Group Inc,293,22.26,22.260000228881836,0.9999999897177974
VGT,2025-05-31,RAMP,LiveRamp Holdings Inc,178,32.58,32.58000183105469,0.9999999437982018
VGT,2025-05-31,XRX,Xerox Holdings Corp,255,4.89,4.889999866485596,1.0000000273035599
VGT,2025-05-31,IONQ,IonQ Inc,82,40.34,40.34000015258789,0.9999999962174545
VGT,2025-05-31,OKTA,Okta Inc,74,103.17,103.16999816894531,1.0000000177479376
VGT,2025-05-31,MSTR,MicroStrategy Inc,34,369.06,369.05999755859375,1.0000000066152015
VGT,2025-05-31,TDY,Teledyne Technologies Inc,56,498.86,498.8599853515625,1.0000000293638254
VGT,2025-05-31,CCSI,Consensus Cloud Solutions Inc,272,21.97,21.969999313354492,1.0000000312537791
VGT,2025-05-31,ACN,Accenture PLC,12,316.82,316.82000732421875,0.9999999768820826
VGT,2025-05-31,CRUS,Cirrus Logic Inc,142,98.36,98.36000061035156,0.9999999937947178
VGT,2025-05-31,CNXN,PC Connection Inc,236,65.39999999999999,65.4000015258789,0.9999999766685187
VGT,2025-05-31,BLKB,Blackbaud Inc,166,62.23,62.22999954223633,1.0000000073559967
VGT,2025-05-31,PEGA,Pegasystems Inc,110,98.15,98.1500015258789,0.9999999844536028
VGT,2025-05-31,PANW,Palo Alto Networks Inc,18,192.42,192.4199981689453,1.0000000095159272
VGT,2025-05-31,AVT,Avnet Inc,131,50.01,50.0099983215332,1.0000000335626245
VGT,2025-05-31,MITK,Mitek Systems Inc,269,9.39,9.390000343322754,0.9999999634374078
VGT,2025-05-31,COHU,Cohu Inc,238,17.07,17.06999969482422,1.000000017877902
VGT,2025-05-31,TENB,Tenable Holdings Inc,148,32.22,32.220001220703125,0.9999999621134984
VGT,2025-05-31,ALRM,Alarm.com Holdings Inc,160,57.4,57.400001525878906,0.9999999734167445
VGT,2025-05-31,BELFB,Bel Fuse Inc,240,73.8,73.80000305175781,0.9999999586482698
VGT,2025-05-31,VSH,Vishay Intertechnology Inc,199,14.07,14.069999694824219,1.0000000216898215
VGT,2025-05-31,KLAC,KLA Corp,24,756.88,756.8800354003906,0.9999999532285316
VGT,2025-05-31,PLAB,Photronics Inc,221,16.71,16.709999084472656,1.0000000547891919
VGT,2025-05-31,HLIT,Harmonic Inc,224,9.02,9.020000457763672,0.9999999492501498
VGT,2025-05-31,CDW,CDW Corp/DE,59,180.36,180.36000061035156,0.9999999966159262
VGT,2025-05-31,FN,Fabrinet,104,232.87,232.8699951171875,1.0000000209679762
VGT,2025-05-31,KN,Knowles Corp,205,16.41,16.40999984741211,1.00000000929847
VGT,2025-05-31,HPQ,HP Inc,61,24.9,24.899999618530273,1.0000000153200694
VGT,2025-05-31,PI,Impinj Inc,168,114.09,114.08999633789062,1.0000000320984266
VGT,2025-05-31,CRWD,Crowdstrike Holdings Inc,19,471.37,471.3699951171875,1.000000010358768
VGT,2025-05-31,IBM,International Business Machines Corp,9,259.06,259.05999755859375,1.000000009424096
VGT,2025-05-31,AAOI,Applied Optoelectronics Inc,307,15.42,15.420000076293945,0.9999999950522733
VGT,2025-05-31,EXTR,Extreme Networks Inc,185,15.67,15.670000076293945,0.9999999951312096
VGT,2025-05-31,GLW,Corning Inc,41,49.59,49.59000015258789,0.999999996923011
VGT,2025-05-31,WEAV,Weave Communications Inc,274,9.65,9.649999618530273,1.0000000395305433
VGT,2025-05-31,CXT,Crane NXT Co,163,53.61,53.61000061035156,0.9999999886149682
VGT,2025-05-31,NCNO,nCino Inc,173,26.3,26.299999237060547,1.0000000290091056
VGT,2025-05-31,APPS,Digital Turbine Inc,267,4.72,4.71999979019165,1.0000000444509234
VGT,2025-05-31,MU,Micron Technology Inc,23,94.46,94.45999908447266,1.0000000096922226
VGT,2025-05-31,PTC,PTC Inc,66,168.32,168.32000732421875,0.9999999564863449
VGT,2025-05-31,MSI,Motorola Solutions Inc,30,415.38,415.3800048828125,0.9999999882449505
VGT,2025-05-31,BDC,Belden Inc,121,106.2,106.19999694824219,1.00000002873595
VGT,2025-05-31,AMAT,Applied Materials Inc,17,156.75,156.75,1.0
VGT,2025-05-31,AI,C3.ai Inc,152,26.589999999999996,26.59000015258789,0.9999999942614557
VGT,2025-05-31,FICO,Fair Isaac Corp,43,1726.28,1726.280029296875,0.9999999830288977
VGT,2025-05-31,NVDA,NVIDIA Corp,1,135.13,135.1300048828125,0.9999999638658157
VGT,2025-05-31,APPF,Appfolio Inc,126,211.17,211.1699981689453,1.0000000086709981
VGT,2025-05-31,IDCC,InterDigital Inc,97,217.26,217.25999450683594,1.0000000252838268
VGT,2025-05-31,LFUS,Littelfuse Inc,138,205.06,205.05999755859375,1.0000000119058143
VGT,2025-05-31,FRSH,Freshworks Inc,159,15.27,15.270000457763672,0.9999999700220263
VGT,2025-05-31,LRCX,Lam Research Corp,22,80.78999999999999,80.79000091552734,0.9999999886678136
VGT,2025-05-31,PLTR,Palantir Technologies Inc,5,131.78,131.77999877929688,1.0000000092631898
VGT,2025-05-31,UCTT,Ultra Clean Holdings Inc,235,19.37,19.3700008392334,0.9999999566735487
VGT,2025-05-31,WDAY,Workday Inc,37,247.71,247.7100067138672,0.9999999728962617
VGT,2025-05-31,BELFA,Bel Fuse Inc,296,63.51,63.5099983215332,1.0000000264283866
VGT,2025-05-31,SNX,TD SYNNEX Corp,91,121.34,121.33999633789062,1.0000000301805627
VGT,2025-05-31,LWLG,Lightwave Logic Inc,292,0.98,0.9800000190734863,0.9999999805372592
VGT,2025-05-31,SLAB,Silicon Laboratories Inc,133,120.53,120.52999877929688,1.000000010127795
VGT,2025-05-31,DOCU,DocuSign Inc,65,88.61,88.61000061035156,0.9999999931119337
VGT,2025-05-31,VERX,Vertex Inc,175,39.57,39.56999969482422,1.000000007712302
VGT,2025-05-31,VRNS,Varonis Systems Inc,132,47.68,47.68000030517578,0.9999999935995013
VGT,2025-05-31,FSLR,First Solar Inc,80,158.08,158.0800018310547,0.9999999884169114
VGT,2025-05-31,CCC,CCC Intelligent Solutions Holdings Inc,146,8.78,8.779999732971191,1.0000000304133048
VGT,2025-05-31,PDFS,PDF Solutions Inc,257,17.7,17.700000762939453,0.9999999568960779
VGT,2025-05-31,ICHR,Ichor Holdings Ltd,260,15.78,15.779999732971191,1.000000016921978
VGT,2025-05-31,AGYS,Agilysys Inc,162,105.91,105.91000366210938,0.9999999654224412
VGT,2025-05-31,CMRC,BigCommerce Holdings Inc,276,5.04,5.039999961853027,1.0000000075688438
VGT,2025-05-31,NTAP,NetApp Inc,72,99.16,99.16000366210938,0.9999999630686845
VGT,2025-05-31,ZS,Zscaler Inc,49,275.7,275.70001220703125,0.9999999557235012
VGT,2025-05-31,AEIS,Advanced Energy Industries Inc,116,114.78,114.77999877929688,1.0000000106351554
VGT,2025-05-31,CRDO,Credo Technology Group Holding Ltd,94,60.959999999999994,60.959999084472656,1.0000000150184933
VGT,2025-05-31,OLED,Universal Display Corp,127,143.35,143.35000610351562,0.9999999574222855
VGT,2025-05-31,VPG,Vishay Precision Group Inc,280,25.72,25.719999313354492,1.0000000266969489
VGT,2025-05-31,FIVN,Five9 Inc,190,26.51,26.510000228881836,0.9999999913662078
VGT,2025-05-31,ALKT,Alkami Technology Inc,200,28.64,28.639999389648438,1.0000000213111584
VGT,2025-05-31,ALAB,Astera Labs Inc,302,90.72,90.72000122070312,0.9999999865442779
VGT,2025-05-31,ONTO,Onto Innovation Inc,172,91.94,91.94000244140625,0.9999999734456582
VGT,2025-05-31,HCKT,Hackett Group Inc/The,252,24.52,24.520000457763672,0.9999999813310089
VGT,2025-05-31,U,Unity Software Inc,84,26.08,26.079999923706055,1.0000000029253813
VGT,2025-05-31,FLEX,Flex Ltd,69,42.3,42.29999923706055,1.000000018036394
VGT,2025-05-31,AVGO,Broadcom Inc,4,242.07,242.07000732421875,0.9999999697433861
VGT,2025-05-31,MX,Magnachip Semiconductor Corp,291,3.61,3.609999895095825,1.000000029059329
VGT,2025-05-31,VISN,CommScope Holding Co Inc,210,6.04,6.039999961853027,1.000000006315724
VGT,2025-05-31,ANET,Arista Networks Inc,25,86.64,86.63999938964844,1.0000000070446857
VGT,2025-05-31,CSCO,Cisco Systems Inc,7,63.04,63.040000915527344,0.999999985477041
VGT,2025-05-31,SCSC,ScanSource Inc,230,40.38,40.380001068115234,0.99999997354841
VGT,2025-05-31,TEL,TE Connectivity PLC,38,160.07000000000002,160.07000732421875,0.9999999542436534
VGT,2025-05-31,IIIV,I3 Verticals Inc,303,24.71,24.709999084472656,1.0000000370508855
VGT,2025-05-31,DBX,Dropbox Inc,102,28.86,28.860000610351562,0.9999999788512977
VGT,2025-05-31,PD,PagerDuty Inc,213,14.260000000000002,14.260000228881836,0.9999999839493807
VGT,2025-05-31,TDC,Teradata Corp,180,21.96,21.959999084472656,1.0000000416906822
VGT,2025-05-31,RNG,RingCentral Inc,193,25.93,25.93000030517578,0.9999999882307837
VGT,2025-05-31,CTSH,Cognizant Technology Solutions Corp,42,80.99000000000001,80.98999786376953,1.0000000263764728
VGT,2025-05-31,GWRE,Guidewire Software Inc,67,215.02,215.02000427246094,0.9999999801299375
VGT,2025-05-31,NTGR,NETGEAR Inc,239,29.33,29.329999923706055,1.0000000026012255
VGT,2025-05-31,MXL,MaxLinear Inc,232,11.39,11.390000343322754,0.9999999698575291
VGT,2025-05-31,CRSR,Corsair Gaming Inc,271,8.790000000000001,8.789999961853027,1.000000004339815
VGT,2025-05-31,AKAM,Akamai Technologies Inc,92,75.92999999999999,75.93000030517578,0.9999999959808272
VGT,2025-05-31,ENTG,Entegris Inc,107,68.74,68.73999786376953,1.0000000310769643
VGT,2025-05-31,SPSC,SPS Commerce Inc,141,140.76000000000002,140.75999450683594,1.0000000390250376
VGT,2025-05-31,AMBA,Ambarella Inc,182,52.64,52.63999938964844,1.0000000115948247
VGT,2025-05-31,VIAV,Viavi Solutions Inc,186,9.11,9.109999656677246,1.000000037686363
VGT,2025-05-31,GDYN,Grid Dynamics Holdings Inc,243,12.53,12.529999732971191,1.0000000213111584
VGT,2025-08-31,AIOT,Powerfleet Inc NJ,278,4.67,4.670000076293945,0.9999999836629669
VGT,2025-08-31,OSIS,OSI Systems Inc,165,230.05,230.0500030517578,0.9999999867343718
VGT,2025-08-31,MVIS,MicroVision Inc,299,1.15,1.15,1.0
VGT,2025-08-31,RAL,Ralliant Corp,145,41.81,41.810001373291016,0.999999967154007
VGT,2025-08-31,MIR,Mirion Technologies Inc,155,20.5,20.5,1.0
VGT,2025-08-31,TER,Teradyne Inc,72,118.24,118.23999786376953,1.000000018066902
VGT,2025-08-31,SNPS,Synopsys Inc,25,603.52,603.52001953125,0.9999999676377761
VGT,2025-08-31,IT,Gartner Inc,73,251.19,251.19000244140625,0.9999999902806392
VGT,2025-08-31,WK,Workiva Inc,160,82.24000000000001,82.23999786376953,1.000000025975566
VGT,2025-08-31,ACLS,Axcelis Technologies Inc,190,80.04,80.04000091552734,0.9999999885616276
VGT,2025-08-31,RMNI,Rimini Street Inc,305,4.33,4.329999923706055,1.0000000176198491
VGT,2025-08-31,GPGI,CompoSecure Inc,257,19.12,19.1200008392334,0.9999999561070418
VGT,2025-08-31,BHE,Benchmark Electronics Inc,224,40.59,40.59000015258789,0.9999999962407518
VGT,2025-08-31,MTSI,MACOM Technology Solutions Holdings Inc,106,128.15,128.14999389648438,1.0000000476279043
VGT,2025-08-31,CVLT,Commvault Systems Inc,105,186.645,186.64999389648438,0.999973244593369
VGT,2025-08-31,DMRC,Digimarc Corp,309,8.66,8.65999984741211,1.0000000176198491
VGT,2025-08-31,ARW,Arrow Electronics Inc,119,126.33,126.33000183105469,0.9999999855057812
VGT,2025-08-31,ALGM,Allegro MicroSystems Inc,161,30.85,30.850000381469727,0.999999987634693
VGT,2025-08-31,MDB,MongoDB Inc,49,315.61,315.6099853515625,1.0000000464130991
VGT,2025-08-31,NSSC,Napco Security Technologies Inc,230,38.05,38.04999923706055,1.0000000200509715
VGT,2025-08-31,GDDY,GoDaddy Inc,68,148.31,148.30999755859375,1.0000000164615084
VGT,2025-08-31,LAW,CS Disco Inc,310,5.47,5.46999979019165,1.0000000383561896
VGT,2025-08-31,HUT,Hut 8 Corp,185,26.73,26.729999542236328,1.000000017125465
VGT,2025-08-31,INDI,indie Semiconductor Inc,256,4.53,4.53000020980835,0.9999999536846932
VGT,2025-08-31,CGNX,Cognex Corp,111,43.94,43.939998626708984,1.0000000312537791
VGT,2025-08-31,TEAM,Atlassian Corp,50,177.78,177.77999877929688,1.0000000068663693
VGT,2025-08-31,AAPL,Apple Inc,3,232.14,232.13999938964844,1.000000002629239
VGT,2025-08-31,SNOW,Snowflake Inc,31,238.66,238.66000366210938,0.999999984655538
VGT,2025-08-31,JBL,Jabil Inc,64,204.83,204.8300018310547,0.9999999910606129
VGT,2025-08-31,CXM,Sprinklr Inc,247,8.64,8.640000343322754,0.9999999602635717
VGT,2025-08-31,ADI,Analog Devices Inc,23,251.31,251.30999755859375,1.00000000971472
VGT,2025-08-31,QTWO,Q2 Holdings Inc,139,78.73,78.7300033569336,0.9999999573614449
VGT,2025-08-31,XPER,Xperi Inc,303,6.0,6.0,1.0
VGT,2025-08-31,CALX,Calix Inc,166,59.45,59.45000076293945,0.9999999871667041
VGT,2025-08-31,EXOD,New Issuer: BB Company ID:69571407,308,25.22,25.219999313354492,1.0000000272262302
VGT,2025-08-31,TTMI,TTM Technologies Inc,152,44.57,44.56999969482422,1.000000006847112
VGT,2025-08-31,KD,Kyndryl Holdings Inc,107,31.79,31.790000915527344,0.9999999712007764
VGT,2025-08-31,RBBN,Ribbon Communications Inc,292,4.08,4.079999923706055,1.0000000186994968
VGT,2025-08-31,PCOR,Procore Technologies Inc,104,69.51,69.51000213623047,0.999999969267294
VGT,2025-08-31,AMD,Advanced Micro Devices Inc,8,162.63,162.6300048828125,0.9999999699759432
VGT,2025-08-31,NSIT,Insight Enterprises Inc,163,130.16,130.16000366210938,0.9999999718645569
VGT,2025-08-31,SEDG,SolarEdge Technologies Inc,203,33.82,33.81999969482422,1.00000000902353
VGT,2025-08-31,APH,Amphenol Corp,18,108.86,108.86000061035156,0.999999994393243
VGT,2025-08-31,VECO,Veeco Instruments Inc,223,24.52,24.520000457763672,0.9999999813310089
VGT,2025-08-31,PRGS,Progress Software Corp,205,46.29,46.290000915527344,0.9999999802219199
VGT,2025-08-31,MSFT,Microsoft Corp,2,506.69,506.69000244140625,0.9999999951816569
VGT,2025-08-31,IPGP,IPG Photonics Corp,200,81.82000000000001,81.81999969482422,1.0000000037298433
VGT,2025-08-31,NOW,ServiceNow Inc,11,917.46,917.4600219726562,0.9999999760505573
VGT,2025-08-31,LITE,Lumentum Holdings Inc,92,132.81,132.80999755859375,1.0000000183826994
VGT,2025-08-31,DJCO,Daily Journal Corp,274,467.2,467.20001220703125,0.9999999738719372
VGT,2025-08-31,ESTC,Elastic NV,101,85.06,85.05999755859375,1.0000000287021669
VGT,2025-08-31,EPAM,EPAM Systems Inc,95,176.36,176.36000061035156,0.9999999965391725
VGT,2025-08-31,NET,Cloudflare Inc,34,208.71,208.7100067138672,0.9999999678315991
VGT,2025-08-31,SOUN,SoundHound AI Inc,154,13.02,13.020000457763672,0.9999999648415011
VGT,2025-08-31,TRMB,Trimble Inc,76,80.82,80.81999969482422,1.0000000037759933
VGT,2025-08-31,PLUS,ePlus Inc,209,72.36999999999999,72.37000274658203,0.9999999620480594
VGT,2025-08-31,SMRT,SmartRent Inc,302,1.48,1.4800000190734863,0.9999999871125094
VGT,2025-08-31,ADBE,Adobe Inc,16,356.7,356.70001220703125,0.9999999657778782
VGT,2025-08-31,CLFD,Clearfield Inc,293,32.62,32.619998931884766,1.0000000327441836
VGT,2025-08-31,ON,ON Semiconductor Corp,71,49.59,49.59000015258789,0.999999996923011
VGT,2025-08-31,APLD,Applied Digital Corp,173,15.98,15.979999542236328,1.000000028646038
VGT,2025-08-31,INTU,Intuit Inc,12,667.0,667.0,1.0
VGT,2025-08-31,EFOR,ASGN Inc,194,54.25,54.25,1.0
VGT,2025-08-31,OSPN,OneSpan Inc,280,15.125000005792636,15.130000114440918,0.9996695235551578
VGT,2025-08-31,AOSL,Alpha & Omega Semiconductor Ltd,265,28.77,28.770000457763672,0.9999999840888542
VGT,2025-08-31,MARA,MARA Holdings Inc,123,15.98,15.979999542236328,1.000000028646038
VGT,2025-08-31,SWKS,Skyworks Solutions Inc,97,74.94,74.94000244140625,0.9999999674218552
VGT,2025-08-31,DLB,Dolby Laboratories Inc,153,71.67999999999999,71.68000030517578,0.9999999957425253
VGT,2025-08-31,NXPI,NXP Semiconductors NV,36,234.85,234.85000610351562,0.999999974011005
VGT,2025-08-31,INTA,Intapp Inc,187,45.99,45.9900016784668,0.9999999635036587
VGT,2025-08-31,NVEC,NVE Corp,298,64.58,64.58000183105469,0.9999999716467228
VGT,2025-08-31,RIOT,Riot Platforms Inc,147,13.76,13.760000228881836,0.9999999833661459
VGT,2025-08-31,MRVL,Marvell Technology Inc,40,62.865,62.869998931884766,0.9999204878007047
VGT,2025-08-31,TWLO,Twilio Inc,80,105.61,105.61000061035156,0.999999994220703
VGT,2025-08-31,BRZE,Braze Inc,202,27.7,27.700000762939453,0.9999999724570602
VGT,2025-08-31,LIF,Life360 Inc,112,90.44500000326768,90.44499969482422,1.0000000034102876
VGT,2025-08-31,ADSK,Autodesk Inc,33,314.7,314.70001220703125,0.999999961210579
VGT,2025-08-31,KEYS,Keysight Technologies Inc,55,163.43,163.42999267578125,1.000000044815634
VGT,2025-08-31,ARLO,Arlo Technologies Inc,215,17.41,17.40999984741211,1.000000008764382
VGT,2025-08-31,PRCH,Porch Group Inc,244,16.970000000000002,16.969999313354492,1.0000000404623182
VGT,2025-08-31,GTLB,Gitlab Inc,103,48.02,48.02000045776367,0.999999990467229
VGT,2025-08-31,WDC,Western Digital Corp,53,80.34,80.33999633789062,1.000000045582643
VGT,2025-08-31,GEN,Gen Digital Inc,85,30.2,30.200000762939453,0.9999999747371048
VGT,2025-08-31,RBRK,Rubrik Inc,96,89.4,89.4000015258789,0.9999999829320037
VGT,2025-08-31,CTS,CTS Corp,240,42.49,42.4900016784668,0.9999999604973705
VGT,2025-08-31,S,SentinelOne Inc,115,18.86,18.860000610351562,0.9999999676377761
VGT,2025-08-31,DBD,Diebold Nixdorf Inc,255,61.11,61.11000061035156,0.9999999900122475
VGT,2025-08-31,EXFY,Expensify Inc,311,1.96,1.9600000381469727,0.9999999805372592
VGT,2025-08-31,PATH,UiPath Inc,149,11.12,11.119999885559082,1.0000000102914495
VGT,2025-08-31,PLXS,Plexus Corp,164,137.01,137.00999450683594,1.000000040093163
VGT,2025-08-31,SPT,Sprout Social Inc,260,15.79,15.789999961853027,1.0000000024158944
VGT,2025-08-31,ORCL,Oracle Corp,5,226.13,226.1300048828125,0.9999999784070561
VGT,2025-08-31,AUR,Aurora Innovation Inc,144,5.63,5.630000114440918,0.9999999796730168
VGT,2025-08-31,DELL,Dell Technologies Inc,45,122.15,122.1500015258789,0.9999999875081549
VGT,2025-08-31,PGY,Pagaya Technologies Ltd,217,36.88,36.880001068115234,0.9999999710380911
VGT,2025-08-31,ACMR,ACM Research Inc,221,28.22,28.219999313354492,1.0000000243318754
VGT,2025-08-31,INTC,Intel Corp,27,24.35,24.350000381469727,0.9999999843338925
VGT,2025-08-31,MPWR,Monolithic Power Systems Inc,43,835.76,835.760009765625,0.999999988315276
VGT,2025-08-31,YOU,Clear Secure Inc,180,36.31,36.310001373291016,0.9999999621787121
VGT,2025-08-31,TYL,Tyler Technologies Inc,63,562.88,562.8800048828125,0.9999999913253047
VGT,2025-08-31,CIFR,Cipher Mining Inc,206,7.640000000000001,7.639999866485596,1.0000000174757078
VGT,2025-08-31,KE,Kimball Electronics Inc,267,28.87,28.8700008392334,0.9999999709306071
VGT,2025-08-31,ZBRA,Zebra Technologies Corp,84,317.09000000000003,317.0899963378906,1.0000000115491168
VGT,2025-08-31,APP,AppLovin Corp,26,478.59,478.5899963378906,1.0000000076518718
VGT,2025-08-31,RGTI,Rigetti Computing Inc,142,16.23,16.229999542236328,1.0000000282047865
VGT,2025-08-31,NTNX,Nutanix Inc,81,67.21000000000001,67.20999908447266,1.000000013621892
VGT,2025-08-31,KLIC,Kulicke & Soffa Industries Inc,207,37.5,37.5,1.0
VGT,2025-08-31,CIEN,Ciena Corp,86,93.97,93.97000122070312,0.9999999870096509
VGT,2025-08-31,DGII,Digi International Inc,236,34.72,34.720001220703125,0.9999999648415011
VGT,2025-08-31,FFIV,F5 Inc,78,313.14,313.1400146484375,0.9999999532208059
VGT,2025-08-31,PAR,PAR Technology Corp,201,51.18,51.18000030517578,0.9999999940372063
VGT,2025-08-31,IOT,Samsara Inc,91,36.14,36.13999938964844,1.0000000168885328
VGT,2025-08-31,ADTN,ADTRAN Holdings Inc,271,9.38,9.380000114440918,0.999999987799476
VGT,2025-08-31,SMCI,Super Micro Computer Inc,75,41.54,41.540000915527344,0.9999999779603437
VGT,2025-08-31,AMKR,Amkor Technology Inc,175,24.19,24.190000534057617,0.9999999779223809
VGT,2025-08-31,MANH,Manhattan Associates Inc,88,215.44,215.44000244140625,0.9999999886678137
VGT,2025-08-31,APPN,Appian Corp,250,30.78,30.780000686645508,0.9999999776918294
VGT,2025-08-31,SYNA,Synaptics Inc,183,69.86,69.86000061035156,0.9999999912632185
VGT,2025-08-31,VSAT,Viasat Inc,168,32.330000000000005,32.33000183105469,0.9999999433636072
VGT,2025-08-31,QRVO,Qorvo Inc,110,90.7,90.69999694824219,1.0000000336467245
VGT,2025-08-31,RXT,Rackspace Technology Inc,312,1.26,1.2599999904632568,1.0000000075688438
VGT,2025-08-31,ZETA,Zeta Global Holdings Corp,167,19.64,19.639999389648438,1.0000000310769646
VGT,2025-08-31,DDOG,Datadog Inc,42,136.68,136.67999267578125,1.0000000535866194
VGT,2025-08-31,SANM,Sanmina Corp,108,117.52,117.5199966430664,1.0000000285647863
VGT,2025-08-31,VNT,Vontier Corp,121,42.91,42.90999984741211,1.0000000035559984
VGT,2025-08-31,EVLV,Evolv Technologies Holdings Inc,258,8.24,8.239999771118164,1.0000000277769225
VGT,2025-08-31,VYX,NCR Voyix Corp,218,13.18,13.180000305175781,0.9999999768455407
VGT,2025-08-31,WULF,Terawulf Inc,178,9.45,9.449999809265137,1.0000000201835837
VGT,2025-08-31,DXC,DXC Technology Co,186,14.45,14.449999809265137,1.0000000131996447
VGT,2025-08-31,HUBS,HubSpot Inc,58,483.17,483.1700134277344,0.99999997220909
VGT,2025-08-31,MCHP,Microchip Technology Inc,48,65.0,65.0,1.0
VGT,2025-08-31,NTCT,NetScout Systems Inc,216,24.89,24.889999389648438,1.0000000245219598
VGT,2025-08-31,QLYS,Qualys Inc,138,135.81,135.80999755859375,1.0000000179766313
VGT,2025-08-31,AEHR,Aehr Test Systems,266,24.95,24.950000762939453,0.9999999694212653
VGT,2025-08-31,PENG,Penguin Solutions Inc,241,24.13,24.1299991607666,1.0000000347796696
VGT,2025-08-31,FROG,JFrog Ltd,143,49.37,49.369998931884766,1.000000021634905
VGT,2025-08-31,CLSK,Cleanspark Inc,184,9.47,9.470000267028809,0.999999971802661
VGT,2025-08-31,MKSI,MKS Instruments Inc,117,103.34,103.33999633789062,1.0000000354374832
VGT,2025-08-31,P,Pure Storage Inc,52,77.61,77.61000061035156,0.9999999921356583
VGT,2025-08-31,QUBT,Quantum Computing Inc,198,15.78,15.779999732971191,1.000000016921978
VGT,2025-08-31,DOCN,DigitalOcean Holdings Inc,196,32.62,32.619998931884766,1.0000000327441836
VGT,2025-08-31,SMTC,Semtech Corp,136,58.09,58.09000015258789,0.9999999973732504
VGT,2025-08-31,RMBS,Rambus Inc,113,73.77,73.7699966430664,1.0000000455054052
VGT,2025-08-31,STX,Seagate Technology Holdings PLC,46,167.39999999999998,167.39999389648438,1.000000036460668
VGT,2025-08-31,DT,Dynatrace Inc,82,50.6,50.599998474121094,1.0000000301557106
VGT,2025-08-31,SITM,SiTime Corp,127,241.67,241.6699981689453,1.0000000075766735
VGT,2025-08-31,ACIW,ACI Worldwide Inc,130,49.35,49.349998474121094,1.000000030919533
VGT,2025-08-31,NABL,N-able Inc/US,275,8.06,8.0600004196167,0.9999999479383775
VGT,2025-08-31,BL,BlackLine Inc,179,54.37,54.369998931884766,1.0000000196453054
VGT,2025-08-31,AVPT,AvePoint Inc,204,16.36,16.360000610351562,0.9999999626924486
VGT,2025-08-31,ATEN,A10 Networks Inc,237,17.71,17.709999084472656,1.000000051695505
VGT,2025-08-31,CDNS,Cadence Design Systems Inc,29,350.43,350.42999267578125,1.0000000209006619
VGT,2025-08-31,ROP,Roper Technologies Inc,38,526.3100000000001,526.3099975585938,1.000000004638723
VGT,2025-08-31,COHR,Coherent Corp,94,90.47,90.47000122070312,0.9999999865070951
VGT,2025-08-31,LSCC,Lattice Semiconductor Corp,100,66.38,66.37999725341797,1.0000000413766517
VGT,2025-08-31,FORM,FormFactor Inc,195,29.19,29.190000534057617,0.9999999817040902
VGT,2025-08-31,ZM,Zoom Video Communications Inc,66,81.42,81.41999816894531,1.0000000224890042
VGT,2025-08-31,BMI,Badger Meter Inc,132,182.92,182.9199981689453,1.0000000100101394
VGT,2025-08-31,HPE,Hewlett Packard Enterprise Co,51,22.57,22.56999969482422,1.000000013521302
VGT,2025-08-31,CEVA,CEVA Inc,281,22.22,22.219999313354492,1.000000030902139
VGT,2025-08-31,BSY,Bentley Systems Inc,99,55.65,55.650001525878906,0.9999999725807931
VGT,2025-08-31,CORZ,Core Scientific Inc,159,14.35,14.350000381469727,0.9999999734167445
VGT,2025-08-31,FIG,Figma Inc,315,70.28,70.27999877929688,1.00000001736914
VGT,2025-08-31,FTNT,Fortinet Inc,39,78.77000000000001,78.7699966430664,1.0000000426169067
VGT,2025-08-31,ADEA,Adeia Inc,220,15.04,15.039999961853027,1.0000000025363678
VGT,2025-08-31,ASAN,Asana Inc,238,14.6,14.600000381469727,0.9999999738719372
VGT,2025-08-31,CRCL,Circle Internet Group Inc,133,131.98,131.97999572753906,1.0000000323720342
VGT,2025-08-31,CRNC,Cerence Inc,288,10.53,10.529999732971191,1.000000025358862
VGT,2025-08-31,ITRI,Itron Inc,128,122.94,122.94000244140625,0.999999980141482
VGT,2025-08-31,RPD,Rapid7 Inc,242,20.71,20.709999084472656,1.00000004420702
VGT,2025-08-31,ENPH,Enphase Energy Inc,137,37.7,37.70000076293945,0.9999999797628797
VGT,2025-08-31,NVTS,Navitas Semiconductor Corp,259,5.859999999999999,5.860000133514404,0.9999999772159723
VGT,2025-08-31,KVYO,Klaviyo Inc,170,32.440000000000005,32.439998626708984,1.0000000423332638
VGT,2025-08-31,VRSN,VeriSign Inc,61,273.37,273.3699951171875,1.0000000178615525
VGT,2025-08-31,HUCK,Domo Inc,284,14.68,14.680000305175781,0.9999999792114594
VGT,2025-08-31,AMPL,Amplitude Inc,249,11.43,11.430000305175781,0.9999999733004573
VGT,2025-08-31,MEI,Methode Electronics Inc,300,7.73,7.730000019073486,0.9999999975325374
VGT,2025-08-31,DIOD,Diodes Inc,192,54.43500000454299,54.439998626708984,0.9999081810747229
VGT,2025-08-31,OUST,Ouster Inc,226,28.53,28.530000686645508,0.99999997593251
VGT,2025-08-31,UIS,Unisys Corp,301,3.91,3.9100000858306885,0.9999999780484178
VGT,2025-08-31,EGHT,8x8 Inc,304,1.98,1.9800000190734863,0.9999999903669262
VGT,2025-08-31,QCOM,QUALCOMM Inc,14,160.73,160.72999572753906,1.000000026581603
VGT,2025-08-31,FSLY,Fastly Inc,248,7.609999999999999,7.610000133514404,0.9999999824554004
VGT,2025-08-31,NOVT,Novanta Inc,158,116.41,116.41000366210938,0.9999999685412828
VGT,2025-08-31,RDVT,Red Violet Inc,277,50.24,50.2400016784668,0.9999999665910283
VGT,2025-08-31,TXN,Texas Instruments Inc,13,202.48,202.47999572753906,1.000000021100657
VGT,2025-08-31,KODK,Eastman Kodak Co,294,5.8999999999999995,5.900000095367432,0.9999999838360287
VGT,2025-08-31,ROG,Rogers Corp,232,78.46000000000001,78.45999908447266,1.0000000116687149
VGT,2025-08-31,BILL,BILL Holdings Inc,151,46.42,46.41999816894531,1.0000000394453847
VGT,2025-08-31,NN,NextNav Inc,233,17.81,17.809999465942383,1.0000000299863914
VGT,2025-08-31,LASR,nLight Inc,231,28.8,28.799999237060547,1.0000000264909539
VGT,2025-08-31,BLND,Blend Labs Inc,262,3.62,3.619999885559082,1.0000000316135143
VGT,2025-08-31,POWI,Power Integrations Inc,191,45.1,45.099998474121094,1.0000000338332364
VGT,2025-08-31,SNDK,Sandisk Corp/DE,102,52.470000000000006,52.470001220703125,0.9999999767352183
VGT,2025-08-31,DAKT,Daktronics Inc,269,17.35,17.350000381469727,0.9999999780132728
VGT,2025-08-31,BOX,Box Inc,146,32.63,32.630001068115234,0.9999999672658536
VGT,2025-08-31,YEXT,Yext Inc,251,9.09,9.09000015258789,0.9999999832136537
VGT,2025-08-31,CRM,Salesforce Inc,9,256.25,256.25,1.0
VGT,2025-08-31,PMTS,CPI Card Group Inc,314,15.579999999999998,15.579999923706055,1.0000000048969155
VGT,2025-08-31,RAMP,LiveRamp Holdings Inc,213,27.92,27.920000076293945,0.999999997267409
VGT,2025-08-31,XRX,Xerox Holdings Corp,285,3.98,3.9800000190734863,0.9999999952076668
VGT,2025-08-31,IONQ,IonQ Inc,93,42.74,42.7400016784668,0.999999960728434
VGT,2025-08-31,OKTA,Okta Inc,83,92.77,92.7699966430664,1.0000000361855526
VGT,2025-08-31,MSTR,Strategy Inc,32,334.40999999999997,334.4100036621094,0.9999999890490435
VGT,2025-08-31,TDY,Teledyne Technologies Inc,60,538.17,538.1699829101562,1.0000000317554756
VGT,2025-08-31,CCSI,Consensus Cloud Solutions Inc,282,26.57,26.56999969482422,1.0000000114857277
VGT,2025-08-31,ACN,Accenture PLC,15,259.97,259.9700012207031,0.9999999953044463
VGT,2025-08-31,CRUS,Cirrus Logic Inc,122,114.19,114.19000244140625,0.9999999786197898
VGT,2025-08-31,CNXN,PC Connection Inc,263,64.21000000000001,64.20999908447266,1.0000000142583299
VGT,2025-08-31,BLKB,Blackbaud Inc,189,66.71000000000001,66.70999908447266,1.00000001372399
VGT,2025-08-31,PEGA,Pegasystems Inc,134,54.21,54.209999084472656,1.0000000168885328
VGT,2025-08-31,PANW,Palo Alto Networks Inc,22,190.52,190.52000427246094,0.9999999775747385
VGT,2025-08-31,AVT,Avnet Inc,150,54.57,54.56999969482422,1.0000000055923728
VGT,2025-08-31,MITK,Mitek Systems Inc,287,10.17,10.170000076293945,0.9999999924981372
VGT,2025-08-31,COHU,Cohu Inc,254,19.9,19.899999618530273,1.0000000191693332
VGT,2025-08-31,TENB,Tenable Holdings Inc,162,30.92,30.920000076293945,0.9999999975325374
VGT,2025-08-31,ALRM,Alarm.com Holdings Inc,182,58.629999999999995,58.630001068115234,0.9999999817821044
VGT,2025-08-31,BELFB,Bel Fuse Inc,227,134.56,134.55999755859375,1.000000018143626
VGT,2025-08-31,VSH,Vishay Intertechnology Inc,219,15.46,15.460000038146973,0.9999999975325374
VGT,2025-08-31,KLAC,KLA Corp,24,872.0,871.9999694824219,1.0000000349972238
VGT,2025-08-31,PLAB,Photronics Inc,229,22.67,22.670000076293945,0.9999999966345856
VGT,2025-08-31,HLIT,Harmonic Inc,245,9.62,9.619999885559082,1.0000000118961454
VGT,2025-08-31,CDW,CDW Corp/DE,69,164.76,164.75999450683594,1.0000000333403996
VGT,2025-08-31,FN,Fabrinet,90,331.29,331.2900085449219,0.9999999742071247
VGT,2025-08-31,KN,Knowles Corp,211,21.35,21.350000381469727,0.9999999821325659
VGT,2025-08-31,HPQ,HP Inc,56,28.54,28.540000915527344,0.9999999679212573
VGT,2025-08-31,PI,Impinj Inc,141,187.47,187.47000122070312,0.9999999934885415
VGT,2025-08-31,CRWD,Crowdstrike Holdings Inc,28,423.7,423.70001220703125,0.999999971189448
VGT,2025-08-31,IBM,International Business Machines Corp,10,243.49,243.49000549316406,0.9999999774398787
VGT,2025-08-31,AAOI,Applied Optoelectronics Inc,234,24.200000000000003,24.200000762939453,0.9999999684735774
VGT,2025-08-31,EXTR,Extreme Networks Inc,181,21.38,21.3799991607666,1.0000000392532007
VGT,2025-08-31,GLW,Corning Inc,37,67.03,67.02999877929688,1.0000000182112956
VGT,2025-08-31,WEAV,Weave Communications Inc,286,7.78,7.78000020980835,0.9999999730323466
VGT,2025-08-31,BBAI,BigBear.ai Holdings Inc,222,5.07,5.070000171661377,0.9999999661417415
VGT,2025-08-31,CXT,Crane NXT Co,174,59.73,59.72999954223633,1.000000007663882
VGT,2025-08-31,NCNO,nCino Inc,169,32.11,32.11000061035156,0.9999999809918545
VGT,2025-08-31,APPS,Digital Turbine Inc,289,4.2,4.199999809265137,1.0000000454130649
VGT,2025-08-31,MU,Micron Technology Inc,19,119.01,119.01000213623047,0.9999999820499922
VGT,2025-08-31,PTC,PTC Inc,59,213.5,213.5,1.0
VGT,2025-08-31,MSI,Motorola Solutions Inc,30,472.46,472.4599914550781,1.000000018086022
VGT,2025-08-31,BDC,Belden Inc,131,130.2,130.1999969482422,1.0000000234390005
VGT,2025-08-31,AMAT,Applied Materials Inc,21,160.76,160.75999450683594,1.000000034169969
VGT,2025-08-31,AI,C3.ai Inc,199,16.91,16.90999984741211,1.00000000902353
VGT,2025-08-31,FICO,Fair Isaac Corp,44,1521.64,1521.6400146484375,0.9999999903732569
VGT,2025-08-31,NVDA,NVIDIA Corp,1,174.18,174.17999267578125,1.0000000420497133
VGT,2025-08-31,APPF,Appfolio Inc,116,277.38,277.3800048828125,0.9999999823966673
VGT,2025-08-31,QBTS,D-Wave Quantum Inc,148,15.62,15.619999885559082,1.0000000073265634
VGT,2025-08-31,IDCC,InterDigital Inc,109,271.71,271.7099914550781,1.0000000314486848
VGT,2025-08-31,LFUS,Littelfuse Inc,118,259.83,259.8299865722656,1.000000051678925
VGT,2025-08-31,FRSH,Freshworks Inc,188,13.47,13.470000267028809,0.9999999801760354
VGT,2025-08-31,LRCX,Lam Research Corp,20,100.15,100.1500015258789,0.9999999847640652
VGT,2025-08-31,PLTR,Palantir Technologies Inc,6,156.70999999999998,156.7100067138672,0.9999999571573804
VGT,2025-08-31,UCTT,Ultra Clean Holdings Inc,246,24.02,24.020000457763672,0.9999999809423954
VGT,2025-08-31,WDAY,Workday Inc,41,230.82,230.82000732421875,0.9999999682687006
VGT,2025-08-31,BELFA,Bel Fuse Inc,306,114.43,114.43000030517578,0.999999997333079
VGT,2025-08-31,SNX,TD SYNNEX Corp,98,148.07,148.07000732421875,0.9999999505354332
VGT,2025-08-31,LWLG,Lightwave Logic Inc,291,3.36,3.359999895095825,1.0000000312214816
VGT,2025-08-31,SLAB,Silicon Laboratories Inc,156,134.35,134.35000610351562,0.9999999545700383
VGT,2025-08-31,DOCU,DocuSign Inc,79,76.66000000000001,76.66000366210938,0.9999999522292045
VGT,2025-08-31,VERX,Vertex Inc,210,25.82,25.81999969482422,1.0000000118193566
VGT,2025-08-31,VRNS,Varonis Systems Inc,114,59.02,59.02000045776367,0.999999992243923
VGT,2025-08-31,FSLR,First Solar Inc,70,195.19,195.19000244140625,0.9999999874921552
VGT,2025-08-31,CCC,CCC Intelligent Solutions Holdings Inc,140,9.9,9.899999618530273,1.0000000385322971
VGT,2025-08-31,PDFS,PDF Solutions Inc,273,20.45,20.450000762939453,0.9999999626924486
VGT,2025-08-31,ICHR,Ichor Holdings Ltd,276,16.85,16.850000381469727,0.9999999773608477
VGT,2025-08-31,AGYS,Agilysys Inc,177,109.12,109.12000274658203,0.9999999748297108
VGT,2025-08-31,CMRC,Commerce.com Inc,297,4.65,4.650000095367432,0.9999999794908754
VGT,2025-08-31,NTAP,NetApp Inc,67,112.79,112.79000091552734,0.9999999918829033
VGT,2025-08-31,ZS,Zscaler Inc,54,277.05,277.04998779296875,1.0000000440607537
VGT,2025-08-31,AEIS,Advanced Energy Industries Inc,129,149.68,149.67999267578125,1.0000000489325167
VGT,2025-08-31,CRDO,Credo Technology Group Holding Ltd,62,123.05500000259688,123.05500030517578,0.9999999975411085
VGT,2025-08-31,OLED,Universal Display Corp,125,138.59,138.58999633789062,1.0000000264240527
VGT,2025-08-31,VPG,Vishay Precision Group Inc,296,28.42,28.420000076293945,0.9999999973154841
VGT,2025-08-31,FIVN,Five9 Inc,208,26.92,26.920000076293945,0.999999997165901
VGT,2025-08-31,ALKT,Alkami Technology Inc,212,25.6,25.600000381469727,0.999999985098839
VGT,2025-08-31,ALAB,Astera Labs Inc,57,182.2,182.1999969482422,1.0000000167494942
VGT,2025-08-31,ONTO,Onto Innovation Inc,135,106.0,106.0,1.0
VGT,2025-08-31,HCKT,Hackett Group Inc/The,283,20.82,20.81999969482422,1.0000000146578187
VGT,2025-08-31,U,Unity Software Inc,74,39.41,39.40999984741211,1.0000000038718064
VGT,2025-08-31,FLEX,Flex Ltd,65,53.62,53.619998931884766,1.0000000199200905
VGT,2025-08-31,AVGO,Broadcom Inc,4,297.39,297.3900146484375,0.9999999507433445
VGT,2025-08-31,MX,Magnachip Semiconductor Corp,313,3.15,3.1500000953674316,0.9999999697246258
VGT,2025-08-31,VISN,CommScope Holding Co Inc,172,16.04,16.040000915527344,0.9999999429222386
VGT,2025-08-31,ANET,Arista Networks Inc,17,136.54999999999998,136.5500030517578,0.9999999776509867
VGT,2025-08-31,CSCO,Cisco Systems Inc,7,69.09,69.08999633789062,1.000000053004915
VGT,2025-08-31,SCSC,ScanSource Inc,252,43.650000000000006,43.650001525878906,0.9999999650428671
VGT,2025-08-31,TEL,TE Connectivity PLC,35,206.5,206.5,1.0
VGT,2025-08-31,IIIV,I3 Verticals Inc,264,31.450000000000003,31.450000762939453,0.9999999757411946
VGT,2025-08-31,DBX,Dropbox Inc,120,29.06,29.059999465942383,1.0000000183777573
VGT,2025-08-31,PD,PagerDuty Inc,225,16.74,16.739999771118164,1.00000001367275
VGT,2025-08-31,TDC,Teradata Corp,214,20.98,20.979999542236328,1.0000000218190506
VGT,2025-08-31,RNG,RingCentral Inc,197,30.51,30.510000228881836,0.9999999924981372
VGT,2025-08-31,CTSH,Cognizant Technology Solutions Corp,47,72.25,72.25,1.0
VGT,2025-08-31,GWRE,Guidewire Software Inc,77,217.02,217.02000427246094,0.9999999803130548
VGT,2025-08-31,NTGR,NETGEAR Inc,261,27.17,27.170000076293945,0.9999999971919785
VGT,2025-08-31,MXL,MaxLinear Inc,235,15.72,15.720000267028809,0.9999999830134348
VGT,2025-08-31,CRSR,Corsair Gaming Inc,290,8.93,8.930000305175781,0.9999999658257815
VGT,2025-08-31,AKAM,Akamai Technologies Inc,89,79.13000000000001,79.12999725341797,1.000000034709745
VGT,2025-08-31,ENTG,Entegris Inc,87,83.74000000000001,83.73999786376953,1.0000000255102763
VGT,2025-08-31,SPSC,SPS Commerce Inc,157,110.3,110.30000305175781,0.9999999723322055
VGT,2025-08-31,AMBA,Ambarella Inc,171,82.48,82.4800033569336,0.9999999593000308
VGT,2025-08-31,VIAV,Viavi Solutions Inc,193,11.28,11.279999732971191,1.0000000236727673
VGT,2025-08-31,GDYN,Grid Dynamics Holdings Inc,279,8.290000000000001,8.289999961853027,1.000000004601565
VGT,2025-11-30,AIOT,Powerfleet Inc NJ,269,4.97,4.96999979019165,1.0000000422149613
VGT,2025-11-30,OSIS,OSI Systems Inc,152,270.85,270.8500061035156,0.9999999774653296
VGT,2025-11-30,MVIS,MicroVision Inc,300,0.9419000001478272,0.9400000254313151,1.002021249643733
VGT,2025-11-30,RAL,Ralliant Corp,119,49.370000000000005,49.369998931884766,1.000000021634905
VGT,2025-11-30,VERI,Veritone Inc,315,4.359999999999999,4.360000133514404,0.999999969377431
VGT,2025-11-30,MIR,Mirion Technologies Inc,126,26.02,26.020000457763672,0.9999999824072381
VGT,2025-11-30,TER,Teradyne Inc,50,181.89,181.88999938964844,1.000000003355608
VGT,2025-11-30,SNPS,Synopsys Inc,31,418.0100000000001,418.010009765625,0.9999999766378205
VGT,2025-11-30,IT,Gartner Inc,79,232.74,232.74000549316406,0.999999976397852
VGT,2025-11-30,WK,Workiva Inc,145,92.56,92.55999755859375,1.0000000263764728
VGT,2025-11-30,ACLS,Axcelis Technologies Inc,187,82.77,82.7699966430664,1.0000000405573726
VGT,2025-11-30,RMNI,Rimini Street Inc,302,3.81,3.809999942779541,1.0000000150184933
VGT,2025-11-30,GPGI,CompoSecure Inc,250,19.87,19.8700008392334,0.9999999577637966
VGT,2025-11-30,BHE,Benchmark Electronics Inc,216,44.93000000000001,44.93000030517578,0.9999999932077505
VGT,2025-11-30,MTSI,MACOM Technology Solutions Holdings Inc,86,174.98999999999998,174.99000549316406,0.9999999686086981
VGT,2025-11-30,CVLT,Commvault Systems Inc,130,123.5,123.5,1.0
VGT,2025-11-30,DMRC,Digimarc Corp,305,8.010000000000002,8.010000228881836,0.9999999714254897
VGT,2025-11-30,ARW,Arrow Electronics Inc,125,108.01,108.01000213623047,0.99999998022192
VGT,2025-11-30,ALGM,Allegro MicroSystems Inc,172,26.69,26.690000534057617,0.9999999799903483
VGT,2025-11-30,MDB,MongoDB Inc,57,332.37,332.3699951171875,1.0000000146908945
VGT,2025-11-30,NSSC,Napco Security Technologies Inc,223,40.4,40.400001525878906,0.9999999622307215
VGT,2025-11-30,GDDY,GoDaddy Inc,76,127.86,127.86000061035156,0.9999999952264074
VGT,2025-11-30,LAW,CS Disco Inc,304,7.16,7.159999847412109,1.0000000213111584
VGT,2025-11-30,HUT,Hut 8 Corp,149,45.0,45.0,1.0
VGT,2025-11-30,INDI,indie Semiconductor Inc,261,3.56,3.559999942779541,1.0000000160731628
VGT,2025-11-30,KOPN,Kopin Corp,313,2.44,2.440000057220459,0.9999999765489928
VGT,2025-11-30,CGNX,Cognex Corp,133,38.1,38.099998474121094,1.0000000400493168
VGT,2025-11-30,TEAM,Atlassian Corp,61,149.51999999999998,149.52000427246094,0.9999999714254894
VGT,2025-11-30,AAPL,Apple Inc,2,278.85,278.8500061035156,0.9999999781118326
VGT,2025-11-30,SNOW,Snowflake Inc,29,251.24,251.24000549316406,0.9999999781357908
VGT,2025-11-30,JBL,Jabil Inc,66,210.71,210.7100067138672,0.9999999681369325
VGT,2025-11-30,CXM,Sprinklr Inc,254,7.23,7.230000019073486,0.9999999973618968
VGT,2025-11-30,ADI,Analog Devices Inc,25,265.34,265.3399963378906,1.000000013801573
VGT,2025-11-30,QTWO,Q2 Holdings Inc,147,72.13000000000001,72.12999725341797,1.000000038078222
VGT,2025-11-30,XPER,Xperi Inc,298,5.79,5.789999961853027,1.0000000065884236
VGT,2025-11-30,CALX,Calix Inc,173,55.27,55.27000045776367,0.999999991717683
VGT,2025-11-30,EXOD,Exodus Movement Inc,309,16.52,16.520000457763672,0.9999999722903353
VGT,2025-11-30,TTMI,TTM Technologies Inc,99,70.18,70.18000030517578,0.9999999956515279
VGT,2025-11-30,KD,Kyndryl Holdings Inc,124,25.83,25.829999923706055,1.000000002953695
VGT,2025-11-30,RBBN,Ribbon Communications Inc,296,2.86,2.859999895095825,1.0000000366797828
VGT,2025-11-30,PCOR,Procore Technologies Inc,102,74.06,74.05999755859375,1.000000032965249
VGT,2025-11-30,AMD,Advanced Micro Devices Inc,6,217.52999999999997,217.52999877929688,1.000000005611654
VGT,2025-11-30,NSIT,Insight Enterprises Inc,188,86.57000000000001,86.56999969482422,1.000000003525191
VGT,2025-11-30,SEDG,SolarEdge Technologies Inc,199,36.53,36.529998779296875,1.0000000334164567
VGT,2025-11-30,APH,Amphenol Corp,17,140.9,140.89999389648438,1.000000043318069
VGT,2025-11-30,VECO,Veeco Instruments Inc,213,29.23,29.229999542236328,1.0000000156607485
VGT,2025-11-30,PRGS,Progress Software Corp,211,41.41,41.40999984741211,1.0000000036848078
VGT,2025-11-30,MSFT,Microsoft Corp,3,492.01,492.010009765625,0.9999999801515725
VGT,2025-11-30,IPGP,IPG Photonics Corp,203,79.64,79.63999938964844,1.000000007663882
VGT,2025-11-30,NOW,ServiceNow Inc,18,812.41,812.4099731445312,1.0000000330565473
VGT,2025-11-30,LITE,Lumentum Holdings Inc,51,325.16,325.1600036621094,0.9999999887375159
VGT,2025-11-30,DJCO,Daily Journal Corp,268,458.39,458.3900146484375,0.9999999680437247
VGT,2025-11-30,ESTC,Elastic NV,132,70.53,70.52999877929688,1.0000000173075734
VGT,2025-11-30,EPAM,EPAM Systems Inc,88,187.0,187.0,1.0
VGT,2025-11-30,NET,Cloudflare Inc,36,200.21,200.2100067138672,0.9999999664658761
VGT,2025-11-30,SOUN,SoundHound AI Inc,164,12.05,12.050000190734863,0.9999999841713809
VGT,2025-11-30,TRMB,Trimble Inc,73,81.42,81.41999816894531,1.0000000224890042
VGT,2025-11-30,PLUS,ePlus Inc,192,89.6,89.5999984741211,1.0000000170298988
VGT,2025-11-30,SMRT,SmartRent Inc,295,1.72,1.7200000286102295,0.9999999833661459
VGT,2025-11-30,ADBE,Adobe Inc,24,320.13,320.1300048828125,0.9999999847474075
VGT,2025-11-30,CLFD,Clearfield Inc,290,29.36,29.360000610351562,0.9999999792114594
VGT,2025-11-30,ON,ON Semiconductor Corp,70,50.24,50.2400016784668,0.9999999665910283
VGT,2025-11-30,APLD,Applied Digital Corp,121,27.1,27.100000381469727,0.9999999859236266
VGT,2025-11-30,INTU,Intuit Inc,16,634.08,634.0800170898438,0.9999999730478122
VGT,2025-11-30,EFOR,ASGN Inc,204,45.01,45.0099983215332,1.0000000372909765
VGT,2025-11-30,OSPN,OneSpan Inc,283,12.2,12.199999809265137,1.0000000156340054
VGT,2025-11-30,AOSL,Alpha & Omega Semiconductor Ltd,278,20.28,20.280000686645508,0.9999999661417415
VGT,2025-11-30,MARA,MARA Holdings Inc,169,11.81,11.8100004196167,0.9999999644693748
VGT,2025-11-30,RCAT,Red Cat Holdings Inc,314,7.42,7.420000076293945,0.9999999897177972
VGT,2025-11-30,SWKS,Skyworks Solutions Inc,111,65.95,65.94999694824219,1.0000000462738128
VGT,2025-11-30,DLB,Dolby Laboratories Inc,160,67.45,67.44999694824219,1.0000000452447435
VGT,2025-11-30,NXPI,NXP Semiconductors NV,40,194.94,194.94000244140625,0.9999999874761146
VGT,2025-11-30,INTA,Intapp Inc,190,43.19,43.189998626708984,1.0000000317965052
VGT,2025-11-30,NVEC,NVE Corp,294,63.94,63.939998626708984,1.000000021477808
VGT,2025-11-30,Q,Qnity Electronics Inc,84,81.09,81.08999633789062,1.00000004516105
VGT,2025-11-30,RIOT,Riot Platforms Inc,142,16.13,16.1299991607666,1.0000000520293515
VGT,2025-11-30,MRVL,Marvell Technology Inc,30,89.39999999999999,89.4000015258789,0.9999999829320034
VGT,2025-11-30,TWLO,Twilio Inc,64,129.69,129.69000244140625,0.9999999811750621
VGT,2025-11-30,BRZE,Braze Inc,201,28.7,28.700000762939453,0.9999999734167445
VGT,2025-11-30,LIF,Life360 Inc,138,79.61,79.61000061035156,0.99999999233323
VGT,2025-11-30,ADSK,Autodesk Inc,34,303.34,303.3399963378906,1.0000000120726227
VGT,2025-11-30,KEYS,Keysight Technologies Inc,48,197.95,197.9499969482422,1.0000000154168116
VGT,2025-11-30,ARLO,Arlo Technologies Inc,222,14.5,14.5,1.0
VGT,2025-11-30,PRCH,Porch Group Inc,264,9.69,9.6899995803833,1.0000000433040988
VGT,2025-11-30,GTLB,Gitlab Inc,134,41.06,41.060001373291016,0.9999999665540437
VGT,2025-11-30,WDC,Western Digital Corp,38,163.32999999999998,163.3300018310547,0.9999999887892324
VGT,2025-11-30,GEN,Gen Digital Inc,85,26.369999999999997,26.3700008392334,0.9999999681746919
VGT,2025-11-30,RBRK,Rubrik Inc,110,69.32,69.31999969482422,1.0000000044024202
VGT,2025-11-30,CTS,CTS Corp,237,42.33,42.33000183105469,0.9999999567433354
VGT,2025-11-30,S,SentinelOne Inc,139,16.21,16.209999084472656,1.0000000564791731
VGT,2025-11-30,DBD,Diebold Nixdorf Inc,248,64.52,64.5199966430664,1.0000000520293515
VGT,2025-11-30,EXFY,Expensify Inc,306,1.55,1.5499999523162842,1.0000000307636887
VGT,2025-11-30,PATH,UiPath Inc,117,13.86,13.859999656677246,1.000000024770762
VGT,2025-11-30,PLXS,Plexus Corp,166,142.95,142.9499969482422,1.0000000213484286
VGT,2025-11-30,SPT,Sprout Social Inc,279,9.97,9.970000267028809,0.9999999732167703
VGT,2025-11-30,ORCL,Oracle Corp,7,201.95,201.9499969482422,1.0000000151114525
VGT,2025-11-30,AUR,Aurora Innovation Inc,158,4.19,4.190000057220459,0.9999999863435661
VGT,2025-11-30,DELL,Dell Technologies Inc,46,133.35000000000002,133.35000610351562,0.9999999542293564
VGT,2025-11-30,PGY,Pagaya Technologies Ltd,238,24.95,24.950000762939453,0.9999999694212653
VGT,2025-11-30,ACMR,ACM Research Inc,212,33.410000000000004,33.40999984741211,1.0000000045671325
VGT,2025-11-30,INTC,Intel Corp,14,40.56,40.560001373291016,0.9999999661417415
VGT,2025-11-30,MPWR,Monolithic Power Systems Inc,45,928.17,928.1699829101562,1.0000000184124072
VGT,2025-11-30,YOU,Clear Secure Inc,184,35.5,35.5,1.0
VGT,2025-11-30,TYL,Tyler Technologies Inc,72,469.62,469.6199951171875,1.0000000103973692
VGT,2025-11-30,CIFR,Cipher Mining Inc,127,20.35,20.350000381469727,0.9999999812545594
VGT,2025-11-30,KE,Kimball Electronics Inc,260,28.9,28.899999618530273,1.0000000131996447
VGT,2025-11-30,ZBRA,Zebra Technologies Corp,93,252.75,252.75,1.0
VGT,2025-11-30,APP,AppLovin Corp,22,599.48,599.47998046875,1.0000000325803207
VGT,2025-11-30,RGTI,Rigetti Computing Inc,123,25.57,25.56999969482422,1.0000000119349153
VGT,2025-11-30,NTNX,Nutanix Inc,112,47.8,47.79999923706055,1.0000000159610767
VGT,2025-11-30,KLIC,Kulicke & Soffa Industries Inc,195,45.11,45.11000061035156,0.9999999864697061
VGT,2025-11-30,IREN,Iris Energy Ltd,316,47.809999999999995,47.810001373291016,0.9999999712760723
VGT,2025-11-30,CIEN,Ciena Corp,52,204.21,204.2100067138672,0.9999999671227318
VGT,2025-11-30,DGII,Digi International Inc,219,41.83,41.83000183105469,0.9999999562262823
VGT,2025-11-30,FFIV,F5 Inc,89,239.16,239.16000366210938,0.9999999846876179
VGT,2025-11-30,PAR,PAR Technology Corp,227,34.51,34.5099983215332,1.0000000486371161
VGT,2025-11-30,IOT,Samsara Inc,97,38.03,38.029998779296875,1.0000000320984266
VGT,2025-11-30,ADTN,ADTRAN Holdings Inc,273,7.930000000000001,7.929999828338623,1.0000000216470846
VGT,2025-11-30,AEVA,Aeva Technologies Inc,311,11.15,11.149999618530273,1.0000000342125328
VGT,2025-11-30,SMCI,Super Micro Computer Inc,94,33.85,33.849998474121094,1.0000000450776654
VGT,2025-11-30,AMKR,Amkor Technology Inc,146,36.39,36.38999938964844,1.0000000167725083
VGT,2025-11-30,MANH,Manhattan Associates Inc,96,176.45,176.4499969482422,1.0000000172953123
VGT,2025-11-30,APPN,Appian Corp,232,40.4,40.400001525878906,0.9999999622307215
VGT,2025-11-30,SYNA,Synaptics Inc,185,68.51,68.51000213623047,0.9999999688187068
VGT,2025-11-30,VSAT,Viasat Inc,171,34.33,34.33000183105469,0.9999999466631345
VGT,2025-11-30,QRVO,Qorvo Inc,115,85.88999999999999,85.88999938964844,1.0000000071062005
VGT,2025-11-30,RXT,Rackspace Technology Inc,307,1.06,1.059999942779541,1.000000053981568
VGT,2025-11-30,ZETA,Zeta Global Holdings Corp,175,18.25,18.25,1.0
VGT,2025-11-30,DDOG,Datadog Inc,42,160.01,160.00999450683594,1.000000034330131
VGT,2025-11-30,SANM,Sanmina Corp,103,156.165,156.1699981689453,0.9999679953319849
VGT,2025-11-30,VNT,Vontier Corp,137,36.28,36.279998779296875,1.0000000336467245
VGT,2025-11-30,EVLV,Evolv Technologies Holdings Inc,262,6.39,6.389999866485596,1.0000000208942734
VGT,2025-11-30,VYX,NCR Voyix Corp,231,10.11,10.109999656677246,1.0000000339587305
VGT,2025-11-30,WULF,Terawulf Inc,143,15.51,15.510000228881836,0.9999999852429509
VGT,2025-11-30,DXC,DXC Technology Co,193,13.2,13.199999809265137,1.000000014449611
VGT,2025-11-30,HUBS,HubSpot Inc,82,367.32,367.32000732421875,0.9999999800603872
VGT,2025-11-30,MCHP,Microchip Technology Inc,58,53.58,53.58000183105469,0.9999999658257815
VGT,2025-11-30,NTCT,NetScout Systems Inc,206,26.88,26.8799991607666,1.0000000312214816
VGT,2025-11-30,QLYS,Qualys Inc,131,140.85,140.85000610351562,0.9999999566665576
VGT,2025-11-30,AEHR,Aehr Test Systems,265,22.97,22.969999313354492,1.0000000298931444
VGT,2025-11-30,PENG,Penguin Solutions Inc,246,20.23,20.229999542236328,1.0000000226279626
VGT,2025-11-30,FROG,JFrog Ltd,113,60.98,60.97999954223633,1.0000000075067836
VGT,2025-11-30,CLSK,Cleanspark Inc,155,15.1,15.100000381469727,0.9999999747371048
VGT,2025-11-30,MKSI,MKS Instruments Inc,90,156.39,156.38999938964844,1.000000003902753
VGT,2025-11-30,P,Pure Storage Inc,59,88.96,88.95999908447266,1.0000000102914495
VGT,2025-11-30,QUBT,Quantum Computing Inc,194,11.7,11.699999809265137,1.0000000163021252
VGT,2025-11-30,DOCN,DigitalOcean Holdings Inc,179,44.52,44.52000045776367,0.9999999897177974
VGT,2025-11-30,SMTC,Semtech Corp,108,74.16000000000001,74.16000366210938,0.9999999506188082
VGT,2025-11-30,RMBS,Rambus Inc,106,95.57,95.56999969482422,1.0000000031932172
VGT,2025-11-30,STX,Seagate Technology Holdings PLC,35,276.69,276.69000244140625,0.9999999911763843
VGT,2025-11-30,DT,Dynatrace Inc,92,44.56,44.560001373291016,0.9999999691810824
VGT,2025-11-30,SITM,SiTime Corp,109,297.70000000000005,297.70001220703125,0.9999999589955301
VGT,2025-11-30,ACIW,ACI Worldwide Inc,141,46.86,46.86000061035156,0.9999999869749988
VGT,2025-11-30,NABL,N-able Inc/US,275,7.2,7.199999809265137,1.0000000264909539
VGT,2025-11-30,BL,BlackLine Inc,180,56.99000000000001,56.9900016784668,0.9999999705480481
VGT,2025-11-30,AVPT,AvePoint Inc,218,13.0,13.0,1.0
VGT,2025-11-30,ATEN,A10 Networks Inc,236,17.22,17.219999313354492,1.0000000398748858
VGT,2025-11-30,CDNS,Cadence Design Systems Inc,28,311.84,311.8399963378906,1.0000000117435524
VGT,2025-11-30,ROP,Roper Technologies Inc,41,446.22,446.2200012207031,0.999999997264347
VGT,2025-11-30,COHR,Coherent Corp,60,164.26000000000002,164.25999450683594,1.0000000334418864
VGT,2025-11-30,LSCC,Lattice Semiconductor Corp,101,70.21,70.20999908447266,1.0000000130398425
VGT,2025-11-30,FORM,FormFactor Inc,154,55.02,55.02000045776367,0.9999999916800497
VGT,2025-11-30,ZM,Zoom Video Communications Inc,67,84.96000000000001,84.95999908447266,1.0000000107759812
VGT,2025-11-30,BMI,Badger Meter Inc,128,178.54,178.5399932861328,1.000000037604276
VGT,2025-11-30,HPE,Hewlett Packard Enterprise Co,56,21.87,21.8700008392334,0.999999961626275
VGT,2025-11-30,CEVA,CEVA Inc,271,21.59,21.59000015258789,0.9999999929324739
VGT,2025-11-30,BSY,Bentley Systems Inc,129,41.96,41.959999084472656,1.0000000218190506
VGT,2025-11-30,CORZ,Core Scientific Inc,157,16.89,16.889999389648438,1.000000036136861
VGT,2025-11-30,FIG,Figma Inc,321,35.97,35.970001220703125,0.9999999660633004
VGT,2025-11-30,FTNT,Fortinet Inc,39,81.13,81.12999725341797,1.0000000338540875
VGT,2025-11-30,ADEA,Adeia Inc,230,12.37,12.369999885559082,1.000000009251489
VGT,2025-11-30,ASAN,Asana Inc,242,12.88,12.880000114440918,0.9999999911148357
VGT,2025-11-30,CRCL,Circle Internet Group Inc,174,79.92999999999999,79.93000030517578,0.9999999961819619
VGT,2025-11-30,CRNC,Cerence Inc,282,11.08,11.079999923706055,1.000000006885735
VGT,2025-11-30,ITRI,Itron Inc,156,99.04,99.04000091552734,0.9999999907559841
VGT,2025-11-30,RPD,Rapid7 Inc,252,15.68,15.680000305175781,0.9999999805372592
VGT,2025-11-30,ENPH,Enphase Energy Inc,167,28.85,28.850000381469727,0.9999999867774794
VGT,2025-11-30,NVTS,Navitas Semiconductor Corp,235,8.74,8.739999771118164,1.0000000261878539
VGT,2025-11-30,KVYO,Klaviyo Inc,182,28.56,28.559999465942383,1.0000000186994966
VGT,2025-11-30,VRSN,VeriSign Inc,63,251.99,251.99000549316406,0.9999999782008654
VGT,2025-11-30,HUCK,Domo Inc,289,11.44,11.4399995803833,1.0000000366797828
VGT,2025-11-30,AMPL,Amplitude Inc,251,10.28,10.279999732971191,1.0000000259755657
VGT,2025-11-30,MEI,Methode Electronics Inc,297,7.58,7.579999923706055,1.0000000100651645
VGT,2025-11-30,DIOD,Diodes Inc,200,46.21,46.209999084472656,1.0000000198123211
VGT,2025-11-30,OUST,Ouster Inc,239,22.96,22.959999084472656,1.0000000398748858
VGT,2025-11-30,UIS,Unisys Corp,303,2.68,2.680000066757202,0.9999999750905969
VGT,2025-11-30,EGHT,8x8 Inc,299,1.94,1.940000057220459,0.9999999705049188
VGT,2025-11-30,QCOM,QUALCOMM Inc,15,168.09,168.08999633789062,1.0000000217865992
VGT,2025-11-30,FSLY,Fastly Inc,217,11.660000000000002,11.65999984741211,1.0000000130864404
VGT,2025-11-30,NOVT,Novanta Inc,161,113.66,113.66000366210938,0.9999999677801402
VGT,2025-11-30,RDVT,Red Violet Inc,267,54.190000000000005,54.189998626708984,1.000000025342149
VGT,2025-11-30,TXN,Texas Instruments Inc,21,168.26999999999998,168.27000427246094,0.9999999746094916
VGT,2025-11-30,KODK,Eastman Kodak Co,287,7.64,7.639999866485596,1.0000000174757075
VGT,2025-11-30,ROG,Rogers Corp,233,83.81,83.80999755859375,1.0000000291302509
VGT,2025-11-30,BILL,BILL Holdings Inc,151,50.15,50.150001525878906,0.9999999695737016
VGT,2025-11-30,NN,NextNav Inc,245,14.21,14.210000038146973,0.9999999973154841
VGT,2025-11-30,LASR,nLight Inc,214,35.23,35.22999954223633,1.0000000129935758
VGT,2025-11-30,BLND,Blend Labs Inc,266,3.1599999999999997,3.1600000858306885,0.9999999728383904
VGT,2025-11-30,POWI,Power Integrations Inc,208,33.6,33.599998474121094,1.0000000454130649
VGT,2025-11-30,SNDK,Sandisk Corp/DE,54,223.28,223.27999877929688,1.0000000054671405
VGT,2025-11-30,BMNR,BitMine Immersion Technologies Inc,319,33.120000000000005,33.119998931884766,1.0000000322498572
VGT,2025-11-30,DAKT,Daktronics Inc,258,18.93,18.93000030517578,0.9999999838787228
VGT,2025-11-30,BOX,Box Inc,153,29.54,29.540000915527344,0.9999999690071999
VGT,2025-11-30,YEXT,Yext Inc,255,8.42,8.420000076293945,0.9999999909389614
VGT,2025-11-30,CRM,Salesforce Inc,11,230.54,230.5399932861328,1.0000000291223534
VGT,2025-11-30,PMTS,CPI Card Group Inc,308,13.51,13.510000228881836,0.9999999830583396
VGT,2025-11-30,RAMP,LiveRamp Holdings Inc,207,28.85,28.850000381469727,0.9999999867774794
VGT,2025-11-30,XRX,Xerox Holdings Corp,291,2.78,2.7799999713897705,1.0000000102914495
VGT,2025-11-30,CRWV,Coreweave Inc,317,73.12,73.12000274658203,0.9999999624373369
VGT,2025-11-30,IONQ,IonQ Inc,98,49.3,49.29999923706055,1.0000000154754454
VGT,2025-11-30,OKTA,Okta Inc,91,80.33,80.33000183105469,0.9999999772058428
VGT,2025-11-30,MSTR,Strategy Inc,49,177.18,177.17999267578125,1.0000000413377303
VGT,2025-11-30,TDY,Teledyne Technologies Inc,62,499.52,499.5199890136719,1.0000000219937708
VGT,2025-11-30,CCSI,Consensus Cloud Solutions Inc,285,21.84,21.84000015258789,0.999999993013375
VGT,2025-11-30,ACN,Accenture PLC,20,250.0,250.0,1.0
VGT,2025-11-30,CRUS,Cirrus Logic Inc,122,120.34,120.33999633789062,1.000000030431357
VGT,2025-11-30,CNXN,PC Connection Inc,263,58.04,58.040000915527344,0.9999999842259247
VGT,2025-11-30,BLKB,Blackbaud Inc,198,56.38,56.380001068115234,0.9999999810550689
VGT,2025-11-30,PEGA,Pegasystems Inc,136,54.77,54.77000045776367,0.999999991642073
VGT,2025-11-30,PANW,Palo Alto Networks Inc,27,190.13,190.1300048828125,0.999999974318559
VGT,2025-11-30,AVT,Avnet Inc,165,47.51,47.5099983215332,1.0000000353287066
VGT,2025-11-30,MITK,Mitek Systems Inc,286,8.860000000000001,8.859999656677246,1.000000038749748
VGT,2025-11-30,COHU,Cohu Inc,241,24.32,24.31999969482422,1.0000000125483464
VGT,2025-11-30,TENB,Tenable Holdings Inc,177,26.52,26.520000457763672,0.9999999827389267
VGT,2025-11-30,ALRM,Alarm.com Holdings Inc,189,51.96,51.959999084472656,1.0000000176198491
VGT,2025-11-30,BELFB,Bel Fuse Inc,215,154.03,154.02999877929688,1.0000000079251
VGT,2025-11-30,BTBT,Bit Digital Inc,318,2.38,2.380000114440918,0.999999951915583
VGT,2025-11-30,VSH,Vishay Intertechnology Inc,221,13.67,13.670000076293945,0.9999999944188774
VGT,2025-11-30,KLAC,KLA Corp,19,1175.47,1175.469970703125,1.000000024923542
VGT,2025-11-30,PLAB,Photronics Inc,229,22.91,22.90999984741211,1.0000000066603183
VGT,2025-11-30,HLIT,Harmonic Inc,243,9.56,9.5600004196167,0.9999999561070418
VGT,2025-11-30,CDW,CDW Corp/DE,77,144.22,144.22000122070312,0.9999999915358264
VGT,2025-11-30,FN,Fabrinet,78,459.41,459.4100036621094,0.9999999920286686
VGT,2025-11-30,KN,Knowles Corp,205,22.48,22.479999542236328,1.0000000203631532
VGT,2025-11-30,HPQ,HP Inc,68,24.42,24.420000076293945,0.9999999968757599
VGT,2025-11-30,PI,Impinj Inc,150,171.87,171.8699951171875,1.0000000284099182
VGT,2025-11-30,CRWD,Crowdstrike Holdings Inc,26,509.16,509.1600036621094,0.9999999928075471
VGT,2025-11-30,IBM,International Business Machines Corp,9,308.58,308.5799865722656,1.000000043514599
VGT,2025-11-30,AAOI,Applied Optoelectronics Inc,225,26.78,26.780000686645508,0.9999999743597652
VGT,2025-11-30,EXTR,Extreme Networks Inc,196,17.5,17.5,1.0
VGT,2025-11-30,GLW,Corning Inc,32,84.2,84.19999694824219,1.000000036244156
VGT,2025-11-30,WEAV,Weave Communications Inc,288,6.38,6.380000114440918,0.9999999820625524
VGT,2025-11-30,ONDS,Ondas Holdings Inc,310,7.9,7.900000095367432,0.9999999879281734
VGT,2025-11-30,BBAI,BigBear.ai Holdings Inc,209,6.34,6.340000152587891,0.9999999759325099
VGT,2025-11-30,CXT,Crane NXT Co,183,56.3,56.29999923706055,1.0000000135513225
VGT,2025-11-30,NCNO,nCino Inc,186,24.7,24.700000762939453,0.9999999691117639
VGT,2025-11-30,APPS,Digital Turbine Inc,280,4.79,4.789999961853027,1.0000000079638776
VGT,2025-11-30,MU,Micron Technology Inc,10,236.48,236.47999572753906,1.000000018066902
VGT,2025-11-30,PTC,PTC Inc,75,175.43,175.42999267578125,1.0000000417500945
VGT,2025-11-30,MSI,Motorola Solutions Inc,37,369.68,369.67999267578125,1.0000000198123211
VGT,2025-11-30,BDC,Belden Inc,148,113.4,113.4000015258789,0.9999999865442779
VGT,2025-11-30,AMAT,Applied Materials Inc,12,252.25,252.25,1.0
VGT,2025-11-30,AI,C3.ai Inc,210,14.45,14.449999809265137,1.0000000131996447
VGT,2025-11-30,FICO,Fair Isaac Corp,43,1805.83,1805.8299560546875,1.0000000243352438
VGT,2025-11-30,NVDA,NVIDIA Corp,1,177.0,177.0,1.0
VGT,2025-11-30,APPF,Appfolio Inc,135,228.28,228.27999877929688,1.000000005347394
VGT,2025-11-30,QBTS,D-Wave Quantum Inc,140,22.67,22.670000076293945,0.9999999966345856
VGT,2025-11-30,IDCC,InterDigital Inc,105,357.75,357.75,1.0
VGT,2025-11-30,LFUS,Littelfuse Inc,114,256.02,256.0199890136719,1.0000000429119935
VGT,2025-11-30,FRSH,Freshworks Inc,197,12.14,12.140000343322754,0.9999999717197081
VGT,2025-11-30,LRCX,Lam Research Corp,13,156.0,156.0,1.0
VGT,2025-11-30,PLTR,Palantir Technologies Inc,5,168.45,168.4499969482422,1.0000000181166984
VGT,2025-11-30,UCTT,Ultra Clean Holdings Inc,240,25.36,25.360000610351562,0.9999999759325099
VGT,2025-11-30,WDAY,Workday Inc,44,215.62,215.6199951171875,1.0000000226454533
VGT,2025-11-30,BELFA,Bel Fuse Inc,301,131.54,131.5399932861328,1.0000000510405012
VGT,2025-11-30,SNX,TD SYNNEX Corp,95,152.48,152.47999572753906,1.0000000280198127
VGT,2025-11-30,NTSK,Netskope Inc,257,18.38,18.3799991607666,1.0000000456601434
VGT,2025-11-30,LWLG,Lightwave Logic Inc,274,4.34,4.340000152587891,0.9999999648415011
VGT,2025-11-30,SLAB,Silicon Laboratories Inc,159,127.58,127.58000183105469,0.9999999856477922
VGT,2025-11-30,DOCU,DocuSign Inc,87,69.35000000000001,69.3499984741211,1.0000000220025804
VGT,2025-11-30,VERX,Vertex Inc,224,19.67,19.670000076293945,0.9999999961213043
VGT,2025-11-30,VRNS,Varonis Systems Inc,168,33.07,33.06999969482422,1.0000000092281762
VGT,2025-11-30,FSLR,First Solar Inc,53,272.92,272.9200134277344,0.9999999507997446
VGT,2025-11-30,CCC,CCC Intelligent Solutions Holdings Inc,170,7.45,7.449999809265137,1.0000000256019959
VGT,2025-11-30,PDFS,PDF Solutions Inc,256,27.1,27.100000381469727,0.9999999859236266
VGT,2025-11-30,ICHR,Ichor Holdings Ltd,272,16.8,16.799999237060547,1.0000000454130649
VGT,2025-11-30,AGYS,Agilysys Inc,176,122.96,122.95999908447266,1.0000000074457331
VGT,2025-11-30,CMRC,Commerce.com Inc,292,4.59,4.590000152587891,0.9999999667564519
VGT,2025-11-30,NTAP,NetApp Inc,69,111.56,111.55999755859375,1.0000000218842444
VGT,2025-11-30,ZS,Zscaler Inc,65,251.5,251.5,1.0
VGT,2025-11-30,AEIS,Advanced Energy Industries Inc,100,211.19,211.19000244140625,0.9999999884397641
VGT,2025-11-30,CRDO,Credo Technology Group Holding Ltd,55,177.60000000000002,177.60000610351562,0.9999999656333592
VGT,2025-11-30,OLED,Universal Display Corp,144,118.93,118.93000030517578,0.9999999974339883
VGT,2025-11-30,VPG,Vishay Precision Group Inc,284,34.14,34.13999938964844,1.000000017877902
VGT,2025-11-30,FIVN,Five9 Inc,228,19.59,19.59000015258789,0.9999999922109296
VGT,2025-11-30,ALKT,Alkami Technology Inc,220,21.319999999999997,21.31999969482422,1.000000014314061
VGT,2025-11-30,ALAB,Astera Labs Inc,74,157.57,157.57000732421875,0.9999999535176848
VGT,2025-11-30,ONTO,Onto Innovation Inc,107,143.16,143.16000366210938,0.9999999744194658
VGT,2025-11-30,HCKT,Hackett Group Inc/The,281,18.47,18.469999313354492,1.0000000371762605
VGT,2025-11-30,TTAN,ServiceTitan Inc,312,89.36,89.36000061035156,0.9999999931697453
VGT,2025-11-30,U,Unity Software Inc,80,42.52,42.52000045776367,0.9999999892341566
VGT,2025-11-30,FLEX,Flex Ltd,71,59.11000000000001,59.11000061035156,0.9999999896743098
VGT,2025-11-30,AVGO,Broadcom Inc,4,402.96,402.9599914550781,1.0000000212053852
VGT,2025-11-30,VISN,CommScope Holding Co Inc,162,19.74,19.739999771118164,1.0000000115948247
VGT,2025-11-30,ANET,Arista Networks Inc,23,130.68,130.67999267578125,1.0000000560469786
VGT,2025-11-30,CSCO,Cisco Systems Inc,8,76.94,76.94000244140625,0.9999999682687006
VGT,2025-11-30,SCSC,ScanSource Inc,253,41.12,41.119998931884766,1.0000000259755657
VGT,2025-11-30,TEL,TE Connectivity PLC,33,226.15,226.14999389648438,1.000000026988794
VGT,2025-11-30,IIIV,I3 Verticals Inc,276,23.67,23.670000076293945,0.9999999967767662
VGT,2025-11-30,DBX,Dropbox Inc,120,29.88,29.8799991607666,1.0000000280867944
VGT,2025-11-30,PD,PagerDuty Inc,244,12.0,12.0,1.0
VGT,2025-11-30,TDC,Teradata Corp,191,28.639999999999997,28.639999389648438,1.0000000213111582
VGT,2025-11-30,RNG,RingCentral Inc,202,28.24,28.239999771118164,1.000000008104881
VGT,2025-11-30,CTSH,Cognizant Technology Solutions Corp,47,77.71000000000001,77.70999908447266,1.0000000117813326
VGT,2025-11-30,GWRE,Guidewire Software Inc,81,215.98,215.97999572753906,1.0000000197817438
VGT,2025-11-30,NTGR,NETGEAR Inc,259,26.450000000000003,26.450000762939453,0.9999999711554092
VGT,2025-11-30,MXL,MaxLinear Inc,234,15.57,15.569999694824219,1.0000000196002432
VGT,2025-11-30,CRSR,Corsair Gaming Inc,293,6.52,6.519999980926514,1.0000000029253813
VGT,2025-11-30,AKAM,Akamai Technologies Inc,83,89.52000000000001,89.5199966430664,1.0000000374992597
VGT,2025-11-30,ENTG,Entegris Inc,104,77.14,77.13999938964844,1.0000000079122577
VGT,2025-11-30,SPSC,SPS Commerce Inc,178,83.32000000000001,83.31999969482422,1.0000000036626955
VGT,2025-11-30,AMBA,Ambarella Inc,181,74.17999999999999,74.18000030517578,0.9999999958860099
VGT,2025-11-30,VIAV,Viavi Solutions Inc,163,17.94,17.940000534057617,0.999999970230903
VGT,2025-11-30,GDYN,Grid Dynamics Holdings Inc,270,8.76,8.760000228881836,0.9999999738719372
