snapshot_date,symbol,symbol_source,name,pct_val,val_usd,balance,price,isin,cusip
2019-09-30,CHTR,identifier,"Charter Communications, Inc.",1.096051235518,822661168.28,1996169.0,412.12,US16119P1084,16119P108
2019-09-30,UAL,identifier,"United Airlines Holdings, Inc.",0.272759361891,204724494.66,2315626.0,88.41,US9100471096,910047109
2019-09-30,ORLY,identifier,"O'Reilly Automotive, Inc.",0.366156279872,274825248.32,689632.0,398.51,US67103H1077,67103H107
2019-09-30,PCAR,identifier,"PACCAR, Inc.",0.291198545623,218564359.02,3121902.0,70.01,US6937181088,693718108
2019-09-30,BIIB,identifier,"Biogen, Inc.",0.515664507544,387041364.92,1662406.0,232.82000000000002,US09062X1037,09062X103
2019-09-30,XLNX,manual table,"Xilinx, Inc.",0.290895715541,218337064.4,2276716.0,95.9,US9839191015,983919101
2019-09-30,CTAS,identifier,Cintas Corp.,0.329953082927,247652281.1,923731.0,268.09999999999997,US1729081059,172908105
2019-09-30,PYPL,identifier,"PayPal Holdings, Inc.",1.463716732657,1098619187.04,10605456.0,103.59,US70450Y1038,70450Y103
2019-09-30,SIRI,SEC company list,"Sirius XM Holdings, Inc.",0.334234965993,250866126.23,40106495.0,6.255000000124668,US82968B1035,82968B103
2019-09-30,BKNG,identifier,"Booking Holdings, Inc.",1.001907044719,751999535.43,383163.0,1962.61,US09857L1089,09857L108
2019-09-30,CDNS,identifier,Cadence Design Systems Inc.,0.222308322884,166857550.72,2525084.0,66.08,US1273871087,127387108
2019-09-30,EBAY,identifier,"eBay, Inc.",0.392612813278,294682680.14,7559843.0,38.98,US2786421030,278642103
2019-09-30,ILMN,identifier,"Illumina, Inc.",0.537027816749,403075984.78,1324949.0,304.21999999999997,US4523271090,452327109
2019-09-30,CSX,identifier,CSX Corp.,0.663936532165,498329626.86,7194018.0,69.27,US1264081035,126408103
2019-09-30,FOXA,identifier,Fox Corp.,0.130697405211,98097312.04,3110744.0,31.535000000000004,US35137L1052,35137L105
2019-09-30,INTU,identifier,"Intuit, Inc.",0.830557055751,623389688.06,2344099.0,265.94,US4612021034,461202103
2019-09-30,AVGO,identifier,"Broadcom, Inc.",1.319998655624,990748973.2,3588760.0,276.07,US11135F1012,11135F101
2019-09-30,NXPI,identifier,NXP Semiconductors NV,0.430722727481,323286768.64,2962672.0,109.11999999999999,NL0009538784,N6596X109
2019-09-30,FISV,identifier,"Fiserv, Inc.",0.845486068414,634594929.75,6126025.0,103.59,US3377381088,337738108
2019-09-30,PAYX,identifier,"Paychex, Inc.",0.357162513863,268074813.84,3238792.0,82.77,US7043261079,704326107
2019-09-30,SNPS,identifier,"Synopsys, Inc.",0.247686229359,185905399.5,1354502.0,137.25,US8716071076,871607107
2019-09-30,ADP,identifier,"Automatic Data Processing, Inc.",0.841149356004,631339931.46,3911163.0,161.42000000000002,US0530151036,053015103
2019-09-30,FOX,identifier,Fox Corp.,0.099427994718,74627487.88,2366122.0,31.54,US35137L2043,35137L204
2019-09-30,ASML,identifier,ASML Holding N.V.,0.216664127381,162621197.24,654622.0,248.42000000000002,USN070592100,N07059210
2019-09-30,NTAP,identifier,"NetApp, Inc.",0.150020142533,112600343.6,2144360.0,52.51,US64110D1046,64110D104
2019-09-30,HAS,identifier,"Hasbro, Inc.",0.179872313641,135006432.99,1137471.0,118.69000000000001,US4180561072,418056107
2019-09-30,FAST,identifier,Fastenal Co.,0.224964601146,168851268.63,5168389.0,32.67,US3119001044,311900104
2019-09-30,TMUS,identifier,"T-Mobile US, Inc.",0.808221296526,606625178.17,7701221.0,78.77,US8725901040,872590104
2019-09-30,CERN,manual table,Cerner Corp.,0.26063896779,195627312.66,2869698.0,68.17,US1567821046,156782104
2019-09-30,VRSN,identifier,"VeriSign, Inc.",0.268130344453,201250101.52,1066904.0,188.63000000000002,US92343E1029,92343E102
2019-09-30,DLTR,identifier,"Dollar Tree, Inc.",0.324377814488,243467662.08,2132688.0,114.16000000000001,US2567461080,256746108
2019-09-30,ATVI,manual table,"Activision Blizzard, Inc.",0.487429029285,365848713.72,6913241.0,52.92,US00507V1098,00507V109
2019-09-30,AAPL,identifier,"Apple, Inc.",10.9522647638,8220421303.25,36703225.0,223.97,US0378331005,037833100
2019-09-30,WDC,identifier,Western Digital Corp.,0.211994944611,159116657.28,2667952.0,59.64,US9581021055,958102105
2019-09-30,CMCSA,identifier,Comcast Corp.,2.455249329115,1842831991.84,40879148.0,45.08,US20030N1019,20030N101
2019-09-30,MELI,identifier,"MercadoLibre, Inc.",0.329045975993,246971435.51,448037.0,551.23,US58733R1023,58733R102
2019-09-30,WBA,identifier,"Walgreens Boots Alliance, Inc.",0.599851703942,450229594.72,8140112.0,55.31,US9314271084,931427108
2019-09-30,ADSK,identifier,"Autodesk, Inc.",0.389529518865,292368457.5,1979475.0,147.7,US0527691069,052769106
2019-09-30,INCY,identifier,Incyte Corp.,0.191708934583,143890623.89,1938443.0,74.22999999999999,US45337C1027,45337C102
2019-09-30,AMGN,identifier,"Amgen, Inc.",1.393552296595,1045955994.78,5405178.0,193.51,US0311621009,031162100
2019-09-30,QCOM,identifier,"QUALCOMM, Inc.",1.113536748804,835785237.96,10956807.0,76.28,US7475251036,747525103
2019-09-30,ADI,identifier,"Analog Devices, Inc.",0.495629011098,372003359.05,3329485.0,111.73,US0326541051,032654105
2019-09-30,SWKS,identifier,"Skyworks Solutions, Inc.",0.163406260642,122647537.75,1547603.0,79.25,US83088M1027,83088M102
2019-09-30,ROST,identifier,"Ross Stores, Inc.",0.481073250128,361078268.2,3287012.0,109.85,US7782961038,778296103
2019-09-30,GOOG,identifier,"Alphabet, Inc.",4.616334073339,3464873410.0,2842390.0,1219.0,US02079K1079,02079K107
2019-09-30,SBUX,identifier,Starbucks Corp.,1.270946505731,953931990.9,10788645.0,88.42,US8552441094,855244109
2019-09-30,AMAT,identifier,"Applied Materials, Inc.",0.553528421147,415460813.2,8325868.0,49.9,US0382221051,038222105
2019-09-30,MDLZ,identifier,"Mondelez International, Inc.",0.95802420239,719062470.84,12998237.0,55.32,US6092071058,609207105
2019-09-30,MXIM,identifier,"Maxim Integrated Products, Inc.",0.188641454003,141588270.61,2444971.0,57.910000000000004,US57772K1016,57772K101
2019-09-30,IDXX,identifier,"IDEXX Laboratories, Inc.",0.281128345036,211005987.01,775957.0,271.93,US45168D1046,45168D104
2019-09-30,LULU,identifier,"Lululemon Athletica, Inc.",0.284116919604,213249115.95,1107615.0,192.53,US5500211090,550021109
2019-09-30,KLAC,identifier,KLA-Tencor Corp.,0.304938645543,228877240.65,1435417.0,159.45000000000002,US4824801009,482480100
2019-09-30,GILD,identifier,"Gilead Sciences, Inc.",0.963878842814,723456777.58,11414591.0,63.38,US3755581036,375558103
2019-09-30,BIDU,identifier,"Baidu, Inc.",0.347564365442,260870749.16,2538641.0,102.76,US0567521085,056752108
2019-09-30,PEP,identifier,"PepsiCo, Inc.",2.301869627854,1727710070.4,12601824.0,137.1,US7134481081,713448108
2019-09-30,ALGN,identifier,"Align Technology, Inc.",0.173528343259,130244850.76,719903.0,180.92000000000002,US0162551016,016255101
2019-09-30,CSCO,identifier,"Cisco Systems, Inc.",2.539891644013,1906361819.1,38582510.0,49.41,US17275R1023,17275R102
2019-09-30,VRSK,identifier,"Verisk Analytics, Inc.",0.310489222833,233043327.28,1473652.0,158.14000000000001,US92345Y1064,92345Y106
2019-09-30,MU,identifier,"Micron Technology, Inc.",0.567968524933,426299095.45,9948637.0,42.85,US5951121038,595112103
2019-09-30,NTES,identifier,"NetEase, Inc.",0.233200733386,175033047.32,657574.0,266.18,US64110W1027,64110W102
2019-09-30,MSFT,identifier,Microsoft Corp.,11.48636758587,8621301880.13,62010371.0,139.02999999999997,US5949181045,594918104
2019-09-30,MYL,identifier,Mylan N.V.,0.122532387937,91968909.98,4649591.0,19.78,NL0011031208,N59465109
2019-09-30,KHC,identifier,Kraft Heinz Co. (The),0.409249474458,307169628.45,10995870.0,27.935,US5007541064,500754106
2019-09-30,XEL,identifier,"Xcel Energy, Inc.",0.401308501524,301209386.94,4641846.0,64.89,US98389B1008,98389B100
2019-09-30,TSLA,identifier,"Tesla, Inc.",0.51812256032,388886301.09,1614507.0,240.86999999999998,US88160R1014,88160R101
2019-09-30,TXN,identifier,"Texas Instruments, Inc.",1.448930003899,1087520739.12,8414738.0,129.23999999999998,US8825081040,882508104
2019-09-30,CHKP,identifier,Check Point Software Technologies Ltd.,0.200185897607,150253162.5,1372175.0,109.5,IL0010824113,M22465104
2019-09-30,HSIC,identifier,"Henry Schein, Inc.",0.113053406174,84854288.0,1336288.0,63.5,US8064071025,806407102
2019-09-30,JBHT,identifier,"J.B. Hunt Transport Services, Inc.",0.141866952446,106480818.65,962321.0,110.65,US4456581077,445658107
2019-09-30,MNST,identifier,Monster Beverage Corp.,0.379893888039,285136259.72,4911062.0,58.06,US61174X1090,61174X109
2019-09-30,VRTX,identifier,"Vertex Pharmaceuticals, Inc.",0.522919648795,392486843.0,2316650.0,169.42,US92532F1003,92532F100
2019-09-30,ULTA,identifier,"Ulta Beauty, Inc.",0.177133511922,132950775.6,530424.0,250.64999999999998,US90384S3031,90384S303
2019-09-30,WYNN,identifier,"Wynn Resorts, Ltd.",0.14049954491,105454486.08,969964.0,108.72,US9831341071,983134107
2019-09-30,NFLX,identifier,"Netflix, Inc.",1.407054885016,1056090607.84,3946232.0,267.62,US64110L1061,64110L106
2019-09-30,REGN,identifier,"Regeneron Pharmaceuticals, Inc.",0.359686934482,269969563.6,973214.0,277.40000000000003,US75886F1075,75886F107
2019-09-30,AAL,identifier,"American Airlines Group, Inc.",0.144207835545,108237810.99,4013267.0,26.97,US02376R1023,02376R102
2019-09-30,INTC,identifier,Intel Corp.,2.741234691959,2057483501.81,39927877.0,51.53,US4581401001,458140100
2019-09-30,LRCX,"same company, other snapshot",Lam Research Corp.,0.401121255294,301068845.88,1302708.0,231.10999999999999,US5128071082,512807108
2019-09-30,ISRG,identifier,"Intuitive Surgical, Inc.",0.747280855847,560885223.23,1038811.0,539.9300000000001,US46120E6023,46120E602
2019-09-30,EA,manual table,"Electronic Arts, Inc.",0.346177453841,259829777.46,2656203.0,97.82000000000001,US2855121099,285512109
2019-09-30,MCHP,identifier,"Microchip Technology, Inc.",0.265588049135,199341935.58,2145538.0,92.91000000000001,US5950171042,595017104
2019-09-30,AMD,identifier,"Advanced Micro Devices, Inc.",0.377900830602,283640334.25,9784075.0,28.99,US0079031078,007903107
2019-09-30,,,Liberty Global PLC,0.060933186587,45734510.25,1847859.0,24.75,GB00B8W67662,G5480U104
2019-09-30,WDAY,identifier,"Workday, Inc.",0.334718555819,251229093.36,1478166.0,169.96,US98138H1014,98138H101
2019-09-30,CELG,identifier,Celgene Corp.,0.845119189745,634319562.3,6387911.0,99.3,US1510201049,151020104
2019-09-30,JD,identifier,"JD.Com, Inc.",0.313427782504,235248916.63,8339203.0,28.21,US47215P1066,47215P106
2019-09-30,EXPE,identifier,"Expedia Group, Inc.",0.220855955203,165767449.77,1233297.0,134.41,US30212P3038,30212P303
2019-09-30,,,Liberty Global PLC,0.146610808874,110041406.28,4625532.0,23.79,GB00B8W67B19,G5480U120
2019-09-30,CTXS,manual table,"Citrix Systems, Inc.",0.151715659575,113872944.72,1179786.0,96.52,US1773761002,177376100
2019-09-30,ALXN,identifier,"Alexion Pharmaceuticals, Inc.",0.26370869648,197931353.3,2020945.0,97.94000000000001,US0153511094,015351109
2019-09-30,META,identifier,"Facebook, Inc.",4.679362188404,3512180306.88,19722486.0,178.08,US30303M1027,30303M102
2019-09-30,BMRN,identifier,"BioMarin Pharmaceutical, Inc.",0.14524669443,109017545.4,1617471.0,67.4,US09061G1013,09061G101
2019-09-30,MAR,identifier,"Marriott International, Inc.",0.491886480774,369194334.92,2968516.0,124.37,US5719032022,571903202
2019-09-30,NVDA,identifier,NVIDIA Corp.,1.27297854481,955457174.75,5488925.0,174.07,US67066G1040,67066G104
2019-09-30,,,Symantec Corp.,0.175371850176,131628528.37,5570399.0,23.630000000000003,US8715031089,871503108
2019-09-30,AMZN,identifier,"Amazon.com, Inc.",9.292947434433,6974990534.6,4018060.0,1735.91,US0231351067,023135106
2019-09-30,GOOGL,identifier,"Alphabet, Inc.",4.06806870779,3053362878.8,2500420.0,1221.14,US02079K3059,02079K305
2019-09-30,COST,identifier,Costco Wholesale Corp.,1.521524457256,1142007825.01,3963791.0,288.11,US22160K1051,22160K105
2019-09-30,,,"Ctrip.com International, Ltd.",0.171281533814,128558467.11,4389159.0,29.29,US22943F1003,22943F100
2019-09-30,TTWO,identifier,"Take-Two Interactive Software, Inc.",0.170339708381,127851562.92,1020038.0,125.34,US8740541094,874054109
2019-09-30,CTSH,identifier,Cognizant Technology Solutions Corp.,0.399684458018,299990431.58,4977855.0,60.265000001004445,US1924461023,192446102
2019-09-30,ADBE,identifier,"Adobe, Inc.",1.610347428706,1208675520.0,4375296.0,276.25,US00724F1012,00724F101
2019-09-30,WTW,identifier,Willis Towers Watson PLC,0.298639010054,224148934.78,1161574.0,192.97,IE00BDB6Q211,G96629103
2019-12-31,AMZN,identifier,"Amazon.com, Inc.",8.14217252616,7101269446.24,3843011.0,1847.84,US0231351067,023135106
2019-12-31,DLTR,identifier,"Dollar Tree, Inc.",0.252336718494,220077752.4,2340008.0,94.05,US2567461080,256746108
2019-12-31,BIIB,identifier,"Biogen, Inc.",0.606998185685,529398960.3,1784110.0,296.73,US09062X1037,09062X103
2019-12-31,UAL,identifier,"United Airlines Holdings, Inc.",0.252704827006,220398801.57,2501973.0,88.09,US9100471096,910047109
2019-12-31,FOX,identifier,Fox Corp.,0.109839173167,95797228.8,2631792.0,36.4,US35137L2043,35137L204
2019-12-31,ATVI,manual table,"Activision Blizzard, Inc.",0.517526308829,451365253.28,7596184.0,59.419999999999995,US00507V1098,00507V109
2019-12-31,SGEN,manual table,"Seattle Genetics, Inc.",0.222002328506,193621339.68,1694568.0,114.26,US8125781026,812578102
2019-12-31,AAPL,identifier,"Apple, Inc.",11.59591364485,10113481015.4,34440596.0,293.65,US0378331005,037833100
2019-12-31,AVGO,identifier,"Broadcom, Inc.",1.421138953279,1239459197.82,3922091.0,316.02,US11135F1012,11135F101
2019-12-31,AAL,identifier,"American Airlines Group, Inc.",0.142430245445,124221827.4,4331305.0,28.68,US02376R1023,02376R102
2019-12-31,CSCO,identifier,"Cisco Systems, Inc.",2.306576125881,2011701240.12,41945397.0,47.959999999999994,US17275R1023,17275R102
2019-12-31,PYPL,identifier,"PayPal Holdings, Inc.",1.439915350922,1255835202.93,11609829.0,108.17,US70450Y1038,70450Y103
2019-12-31,CPRT,identifier,"Copart, Inc.",0.239654000412,209016405.06,2298399.0,90.94,US2172041061,217204106
2019-12-31,INTU,identifier,"Intuit, Inc.",0.772967036534,674150195.4,2573780.0,261.93,US4612021034,461202103
2019-12-31,ORLY,identifier,"O'Reilly Automotive, Inc.",0.375911774349,327854855.58,748083.0,438.26,US67103H1077,67103H107
2019-12-31,CTAS,identifier,Cintas Corp.,0.315725073532,275362479.84,1023348.0,269.08,US1729081059,172908105
2019-12-31,VRTX,identifier,"Vertex Pharmaceuticals, Inc.",0.63829582834,556695482.55,2542569.0,218.95,US92532F1003,92532F100
2019-12-31,GILD,identifier,"Gilead Sciences, Inc.",0.931990837156,812844242.1,12509145.0,64.98,US3755581036,375558103
2019-12-31,EXC,identifier,Exelon Corp.,0.502430146442,438198998.65,9611735.0,45.589999999999996,US30161N1019,30161N101
2019-12-31,MCHP,identifier,"Microchip Technology, Inc.",0.283712551555,247442469.12,2362896.0,104.72,US5950171042,595017104
2019-12-31,META,identifier,"Facebook, Inc.",4.389716208199,3828530713.0,18653012.0,205.25,US30303M1027,30303M102
2019-12-31,GOOGL,identifier,"Alphabet, Inc.",4.092229755982,3569075211.78,2664702.0,1339.39,US02079K3059,02079K305
2019-12-31,TSLA,identifier,"Tesla, Inc.",0.854820414185,745539359.4,1782180.0,418.33,US88160R1014,88160R101
2019-12-31,ADBE,identifier,"Adobe, Inc.",1.809964433488,1578576858.82,4786322.0,329.81,US00724F1012,00724F101
2019-12-31,ISRG,identifier,"Intuitive Surgical, Inc.",0.774551309381,675531933.3,1142742.0,591.15,US46120E6023,46120E602
2019-12-31,NFLX,identifier,"Netflix, Inc.",1.607620358166,1402100642.54,4333222.0,323.57,US64110L1061,64110L106
2019-12-31,CSGP,identifier,"CoStar Group, Inc.",0.248491378009,216724003.9,362233.0,598.3000000000001,US22160N1090,22160N109
2019-12-31,NTES,identifier,"NetEase, Inc.",0.253618164672,221195377.28,721352.0,306.64,US64110W1027,64110W102
2019-12-31,WBA,identifier,"Walgreens Boots Alliance, Inc.",0.59659140184,520322589.6,8825010.0,58.96,US9314271084,931427108
2019-12-31,PAYX,identifier,"Paychex, Inc.",0.34516797743,301041374.9,3539165.0,85.05999999999999,US7043261079,704326107
2019-12-31,GOOG,identifier,"Alphabet, Inc.",4.082256903678,3560377298.4,2662920.0,1337.02,US02079K1079,02079K107
2019-12-31,XLNX,manual table,"Xilinx, Inc.",0.278727086088,243094350.3,2486390.0,97.77000000000001,US9839191015,983919101
2019-12-31,ADSK,identifier,"Autodesk, Inc.",0.456708534746,398322481.28,2171168.0,183.45999999999998,US0527691069,052769106
2019-12-31,SBUX,identifier,Starbucks Corp.,1.177141373236,1026654500.48,11677144.0,87.92,US8552441094,855244109
2019-12-31,CDNS,identifier,Cadence Design Systems Inc.,0.220636948647,192430511.28,2774373.0,69.36,US1273871087,127387108
2019-12-31,AMAT,identifier,"Applied Materials, Inc.",0.63923652613,557515920.64,9133616.0,61.04,US0382221051,038222105
2019-12-31,KHC,identifier,Kraft Heinz Co. (The),0.444810413981,387945427.59,12074243.0,32.129999999999995,US5007541064,500754106
2019-12-31,QCOM,identifier,"QUALCOMM, Inc.",1.14212653694,996115994.16,11289992.0,88.23,US7475251036,747525103
2019-12-31,ADP,identifier,"Automatic Data Processing, Inc.",0.836372459743,729449809.0,4278298.0,170.5,US0530151036,053015103
2019-12-31,EA,manual table,"Electronic Arts, Inc.",0.35587012465,310375349.44,2886944.0,107.51,US2855121099,285512109
2019-12-31,SIRI,SEC company list,"Sirius XM Holdings, Inc.",0.358579064164,312737975.55,43739577.0,7.15,US82968B1035,82968B103
2019-12-31,ANSS,manual table,"ANSYS, Inc.",0.245679896831,214271945.15,832415.0,257.41,US03662Q1058,03662Q105
2019-12-31,TMUS,identifier,"T-Mobile US, Inc.",0.760633378821,663393284.22,8459491.0,78.42,US8725901040,872590104
2019-12-31,KLAC,identifier,KLA Corp.,0.318727225678,277980834.0,1560200.0,178.17,US4824801009,482480100
2019-12-31,LRCX,"same company, other snapshot",Lam Research Corp.,0.480919336144,419438150.8,1434467.0,292.40000000000003,US5128071082,512807108
2019-12-31,TXN,identifier,"Texas Instruments, Inc.",1.359537753488,1185733154.0,9242600.0,128.29,US8825081040,882508104
2019-12-31,ILMN,identifier,"Illumina, Inc.",0.552850774957,482173806.06,1453469.0,331.74,US4523271090,452327109
2019-12-31,EBAY,identifier,"eBay, Inc.",0.33303458444,290459126.41,8043731.0,36.11000000000001,US2786421030,278642103
2019-12-31,NXPI,identifier,NXP Semiconductors N.V.,0.403280224187,351724496.76,2763826.0,127.25999999999999,NL0009538784,N6596X109
2019-12-31,AMGN,identifier,"Amgen, Inc.",1.623886395603,1416287214.28,5875004.0,241.07,US0311621009,031162100
2019-12-31,VRSK,identifier,"Verisk Analytics, Inc.",0.277436475228,241968732.36,1620254.0,149.34,US92345Y1064,92345Y106
2019-12-31,MNST,identifier,Monster Beverage Corp.,0.387375766304,337853279.9,5316338.0,63.55,US61174X1090,61174X109
2019-12-31,CDW,identifier,CDW Corp.,0.232670294965,202925503.16,1420649.0,142.84,US12514G1085,12514G108
2019-12-31,JD,identifier,"JD.com, Inc.",0.370207613662,322879920.22,9164914.0,35.230000000000004,US47215P1066,47215P106
2019-12-31,FOXA,identifier,Fox Corp.,0.148985765883,129939283.87,3505241.0,37.07,US35137L1052,35137L105
2019-12-31,VRSN,identifier,"VeriSign, Inc.",0.256463333433,223676816.96,1160872.0,192.68,US92343E1029,92343E102
2019-12-31,CHKP,identifier,Check Point Software Technologies Ltd.,0.191505698294,167023427.68,1505258.0,110.96000000000001,IL0010824113,M22465104
2019-12-31,LULU,identifier,"lululemon athletica, Inc.",0.323419811537,282073515.22,1217566.0,231.67000000000002,US5500211090,550021109
2019-12-31,BKNG,identifier,"Booking Holdings, Inc.",0.97454323141,849956697.8,413860.0,2053.73,US09857L1089,09857L108
2019-12-31,CERN,manual table,Cerner Corp.,0.26133124017,227922405.87,3105633.0,73.39,US1567821046,156782104
2019-12-31,INCY,identifier,Incyte Corp.,0.213227691025,185968460.2,2129735.0,87.32,US45337C1027,45337C102
2019-12-31,COST,identifier,Costco Wholesale Corp.,1.472074528845,1283883120.96,4368138.0,293.92,US22160K1051,22160K105
2019-12-31,ULTA,identifier,"Ulta Beauty, Inc.",0.168884408995,147294065.52,581868.0,253.14000000000001,US90384S3031,90384S303
2019-12-31,WDAY,identifier,"Workday, Inc.",0.305750511437,266663075.25,1621545.0,164.45,US98138H1014,98138H101
2019-12-31,NTAP,identifier,"NetApp, Inc.",0.161063342953,140472852.0,2256592.0,62.25,US64110D1046,64110D104
2019-12-31,ADI,identifier,"Analog Devices, Inc.",0.496201961689,432767030.96,3641594.0,118.83999999999999,US0326541051,032654105
2019-12-31,AMD,identifier,"Advanced Micro Devices, Inc.",0.578981711681,504964138.98,11010993.0,45.86,US0079031078,007903107
2019-12-31,CSX,identifier,CSX Corp.,0.641776221617,559730939.04,7735364.0,72.36,US1264081035,126408103
2019-12-31,FISV,identifier,"Fiserv, Inc.",0.891257220569,777318049.8,6722460.0,115.63,US3377381088,337738108
2019-12-31,NVDA,identifier,NVIDIA Corp.,1.632541486701,1423835830.3,6051151.0,235.29999999999998,US67066G1040,67066G104
2019-12-31,IDXX,identifier,"IDEXX Laboratories, Inc.",0.253952315766,221486810.18,848186.0,261.13,US45168D1046,45168D104
2019-12-31,SNPS,identifier,"Synopsys, Inc.",0.237165674157,206846188.8,1485964.0,139.20000000000002,US8716071076,871607107
2019-12-31,WTW,identifier,Willis Towers Watson PLC,0.294348894836,256719052.16,1271264.0,201.94,IE00BDB6Q211,G96629103
2019-12-31,XEL,identifier,"Xcel Energy, Inc.",0.385966057408,336623789.53,5301997.0,63.489999999999995,US98389B1008,98389B100
2019-12-31,FAST,identifier,Fastenal Co.,0.240248385852,209534803.7,5670766.0,36.949999999999996,US3119001044,311900104
2019-12-31,WDC,identifier,Western Digital Corp.,0.213996001497,186638549.13,2940579.0,63.47,US9581021055,958102105
2019-12-31,TCOM,identifier,Trip.com Group Ltd.,0.198854314408,173432589.72,5170918.0,33.54,US89677Q1076,89677Q107
2019-12-31,PCAR,identifier,"PACCAR, Inc.",0.310159477387,270508394.8,3419828.0,79.10000000000001,US6937181088,693718108
2019-12-31,ALGN,identifier,"Align Technology, Inc.",0.249319005333,217445826.56,779264.0,279.04,US0162551016,016255101
2019-12-31,REGN,identifier,"Regeneron Pharmaceuticals, Inc.",0.459503708588,400760317.44,1067328.0,375.48,US75886F1075,75886F107
2019-12-31,MU,identifier,"Micron Technology, Inc.",0.674961873084,588674105.26,10945967.0,53.78,US5951121038,595112103
2019-12-31,SPLK,manual table,"Splunk, Inc.",0.256979058725,224126611.44,1496472.0,149.77,US8486371045,848637104
2019-12-31,CTXS,manual table,"Citrix Systems, Inc.",0.163719329843,142789295.0,1287550.0,110.9,US1773761002,177376100
2019-12-31,,,Liberty Global PLC,0.108416673841,94556583.14,4338453.0,21.795000001152484,GB00B8W67B19,G5480U120
2019-12-31,MDLZ,identifier,"Mondelez International, Inc.",0.899072156444,784133916.84,14236273.0,55.080000000000005,US6092071058,609207105
2019-12-31,MAR,identifier,"Marriott International, Inc.",0.561264961669,489512315.14,3232598.0,151.43,US5719032022,571903202
2019-12-31,,,Liberty Global PLC,0.046796121753,40813661.04,1794796.0,22.74,GB00B8W67662,G5480U104
2019-12-31,ASML,identifier,ASML Holding N.V.,0.248477081511,216711535.08,732282.0,295.94,USN070592100,N07059210
2019-12-31,CHTR,identifier,"Charter Communications, Inc.",1.181131821588,1030134806.12,2123639.0,485.08,US16119P1084,16119P108
2019-12-31,PEP,identifier,"PepsiCo, Inc.",2.160542786396,1884336941.65,13787495.0,136.67000000000002,US7134481081,713448108
2019-12-31,MSFT,identifier,Microsoft Corp.,10.69205538664,9325172856.6,59132358.0,157.70000000000002,US5949181045,594918104
2019-12-31,SWKS,identifier,"Skyworks Solutions, Inc.",0.233482741045,203634085.36,1684597.0,120.88000000000001,US83088M1027,83088M102
2019-12-31,MXIM,identifier,"Maxim Integrated Products, Inc.",0.18870379639,164579723.58,2675658.0,61.510000000000005,US57772K1016,57772K101
2019-12-31,INTC,identifier,Intel Corp.,2.951511431089,2574187402.5,43010650.0,59.85,US4581401001,458140100
2019-12-31,EXPE,identifier,"Expedia Group, Inc.",0.170853847668,149011729.28,1377952.0,108.14,US30212P3038,30212P303
2019-12-31,CMCSA,identifier,Comcast Corp.,2.314469300387,2018585343.69,44887377.0,44.97,US20030N1019,20030N101
2019-12-31,MELI,identifier,"MercadoLibre, Inc.",0.322317290637,281111941.64,491506.0,571.9399999999999,US58733R1023,58733R102
2019-12-31,ROST,identifier,"Ross Stores, Inc.",0.477423835519,416389518.3,3576615.0,116.42,US7782961038,778296103
2019-12-31,CTSH,identifier,Cognizant Technology Solutions Corp.,0.384999013369,335780373.32,5414066.0,62.019999999999996,US1924461023,192446102
2019-12-31,TTWO,identifier,"Take-Two Interactive Software, Inc.",0.157320672079,137208647.73,1120711.0,122.42999999999999,US8740541094,874054109
2019-12-31,BIDU,identifier,"Baidu, Inc.",0.3962047799,345553584.0,2733810.0,126.4,US0567521085,056752108
2019-12-31,ALXN,identifier,"Alexion Pharmaceuticals, Inc.",0.271318830726,236633173.35,2188009.0,108.14999999999999,US0153511094,015351109
2019-12-31,BMRN,identifier,"BioMarin Pharmaceutical, Inc.",0.172174838973,150163843.8,1776036.0,84.55000000000001,US09061G1013,09061G101
2020-03-31,CSGP,identifier,"CoStar Group, Inc.",0.27253361216,227506293.56,387436.0,587.21,US22160N1090,22160N109
2020-03-31,VRTX,identifier,"Vertex Pharmaceuticals, Inc.",0.77513665223,647070522.25,2719355.0,237.95,US92532F1003,92532F100
2020-03-31,FISV,identifier,"Fiserv, Inc.",0.818132509023,682962711.62,7189838.0,94.99,US3377381088,337738108
2020-03-31,XEL,identifier,"Xcel Energy, Inc.",0.409611571624,341936577.0,5670590.0,60.3,US98389B1008,98389B100
2020-03-31,BKNG,identifier,"Booking Holdings, Inc.",0.713418092935,595548948.24,442682.0,1345.32,US09857L1089,09857L108
2020-03-31,ADBE,identifier,"Adobe, Inc.",1.951518828794,1629093791.52,5119073.0,318.24,US00724F1012,00724F101
2020-03-31,PEP,identifier,"PepsiCo, Inc.",2.121506925355,1770996881.9,14746019.0,120.10000000000001,US7134481081,713448108
2020-03-31,SIRI,SEC company list,"Sirius XM Holdings, Inc.",0.276833439774,231095714.46,46780509.0,4.94,US82968B1035,82968B103
2020-03-31,NVDA,identifier,NVIDIA Corp.,2.043627386542,1705984404.8,6471868.0,263.59999999999997,US67066G1040,67066G104
2020-03-31,WBA,identifier,"Walgreens Boots Alliance, Inc.",0.517280350175,431816590.5,9438614.0,45.75,US9314271084,931427108
2020-03-31,TMUS,identifier,"T-Mobile US, Inc.",0.909333339084,759095569.7,9047623.0,83.9,US8725901040,872590104
2020-03-31,ADSK,identifier,"Autodesk, Inc.",0.434220842647,362479966.1,2322101.0,156.10000000000002,US0527691069,052769106
2020-03-31,WTW,identifier,Willis Towers Watson PLC,0.281689755316,235149681.75,1384455.0,169.85,IE00BDB6Q211,G96629103
2020-03-31,AAPL,identifier,"Apple, Inc.",11.22061863529,9366776218.64,36835016.0,254.29,US0378331005,037833100
2020-03-31,BIDU,identifier,"Baidu, Inc.",0.353028958153,294702400.75,2923925.0,100.79,US0567521085,056752108
2020-03-31,CTSH,identifier,Cognizant Technology Solutions Corp.,0.322341888288,269085371.46,5790518.0,46.47,US1924461023,192446102
2020-03-31,PCAR,identifier,"PACCAR, Inc.",0.267841565166,223589454.78,3657606.0,61.13,US6937181088,693718108
2020-03-31,VRSK,identifier,"Verisk Analytics, Inc.",0.28932892103,241526723.7,1732865.0,139.38,US92345Y1064,92345Y106
2020-03-31,INTU,identifier,"Intuit, Inc.",0.758430693448,633124680.0,2752716.0,230.0,US4612021034,461202103
2020-03-31,ALGN,identifier,"Align Technology, Inc.",0.173671917404,144978279.6,833448.0,173.95,US0162551016,016255101
2020-03-31,ANSS,manual table,"ANSYS, Inc.",0.247914063982,206954325.27,890241.0,232.47,US03662Q1058,03662Q105
2020-03-31,GOOGL,identifier,"Alphabet, Inc.",3.966927228461,3311521479.55,2849969.0,1161.95,US02079K3059,02079K305
2020-03-31,DLTR,identifier,"Dollar Tree, Inc.",0.220268607054,183876381.27,2502741.0,73.47,US2567461080,256746108
2020-03-31,IDXX,identifier,"IDEXX Laboratories, Inc.",0.263255220816,219760854.72,907203.0,242.24,US45168D1046,45168D104
2020-03-31,WDAY,identifier,"Workday, Inc.",0.27053210145,225835467.42,1734261.0,130.22,US98138H1014,98138H101
2020-03-31,CHTR,identifier,"Charter Communications, Inc.",1.187118383747,990985667.28,2271288.0,436.31,US16119P1084,16119P108
2020-03-31,,,Liberty Global PLC,0.087323365091,72896018.13,4640103.0,15.709999999999999,GB00B8W67B19,G5480U120
2020-03-31,FOXA,identifier,Fox Corp.,0.106117566971,88585089.2,3748840.0,23.630000000000003,US35137L1052,35137L105
2020-03-31,JD,identifier,"JD.com, Inc.",0.475554819909,396984847.5,9802095.0,40.5,US47215P1066,47215P106
2020-03-31,VRSN,identifier,"VeriSign, Inc.",0.267841162558,223589118.69,1241541.0,180.09,US92343E1029,92343E102
2020-03-31,ALXN,identifier,"Alexion Pharmaceuticals, Inc.",0.251705314879,210119195.22,2340118.0,89.79,US0153511094,015351109
2020-03-31,PYPL,identifier,"PayPal Holdings, Inc.",1.424089505933,1188805016.1,12417015.0,95.74,US70450Y1038,70450Y103
2020-03-31,CTXS,manual table,"Citrix Systems, Inc.",0.233503383971,194924541.6,1377072.0,141.54999999999998,US1773761002,177376100
2020-03-31,MELI,identifier,"MercadoLibre, Inc.",0.307664943175,256833314.34,525673.0,488.58,US58733R1023,58733R102
2020-03-31,ISRG,identifier,"Intuitive Surgical, Inc.",0.725052339127,605261013.51,1222231.0,495.21,US46120E6023,46120E602
2020-03-31,CDW,identifier,CDW Corp.,0.16976758146,141719008.23,1519449.0,93.27,US12514G1085,12514G108
2020-03-31,SBUX,identifier,Starbucks Corp.,0.983524392485,821028963.68,12489032.0,65.74,US8552441094,855244109
2020-03-31,ATVI,manual table,"Activision Blizzard, Inc.",0.578877998564,483237230.2,8124365.0,59.48,US00507V1098,00507V109
2020-03-31,NFLX,identifier,"Netflix, Inc.",2.084629579543,1740212318.5,4634387.0,375.5,US64110L1061,64110L106
2020-03-31,EXPE,identifier,"Expedia Group, Inc.",0.099341548818,82928587.74,1473762.0,56.269999999999996,US30212P3038,30212P303
2020-03-31,SNPS,identifier,"Synopsys, Inc.",0.245197044093,204686204.58,1589302.0,128.79000000000002,US8716071076,871607107
2020-03-31,NTES,identifier,"NetEase, Inc.",0.29663007922,247621602.88,771503.0,320.96,US64110W1027,64110W102
2020-03-31,FOX,identifier,Fox Corp.,0.077148135878,64401914.72,2814769.0,22.88,US35137L2043,35137L204
2020-03-31,BMRN,identifier,"BioMarin Pharmaceutical, Inc.",0.192272704032,160505891.0,1899478.0,84.5,US09061G1013,09061G101
2020-03-31,AAL,identifier,"American Airlines Group, Inc.",0.067646162706,56469833.68,4632472.0,12.19,US02376R1023,02376R102
2020-03-31,MXIM,identifier,"Maxim Integrated Products, Inc.",0.166640061429,139108209.2,2861720.0,48.60999999999999,US57772K1016,57772K101
2020-03-31,ILMN,identifier,"Illumina, Inc.",0.5086102819,424578969.12,1554551.0,273.12,US4523271090,452327109
2020-03-31,SGEN,manual table,"Seattle Genetics, Inc.",0.250495393199,209109173.76,1812352.0,115.38,US8125781026,812578102
2020-03-31,GILD,identifier,"Gilead Sciences, Inc.",1.198155205697,1000199013.24,13378799.0,74.76,US3755581036,375558103
2020-03-31,CDNS,identifier,"Cadence Design Systems, Inc.",0.234744603695,195960690.12,2967303.0,66.04,US1273871087,127387108
2020-03-31,NXPI,identifier,NXP Semiconductors N.V.,0.293658023119,245140582.42,2955994.0,82.92999999999999,NL0009538784,N6596X109
2020-03-31,CSCO,identifier,"Cisco Systems, Inc.",2.112540532462,1763511893.91,44861661.0,39.31,US17275R1023,17275R102
2020-03-31,MNST,identifier,Monster Beverage Corp.,0.383207099053,319894585.04,5686004.0,56.260000000000005,US61174X1090,61174X109
2020-03-31,REGN,identifier,"Regeneron Pharmaceuticals, Inc.",0.667730090373,557409402.66,1141554.0,488.28999999999996,US75886F1075,75886F107
2020-03-31,ROST,identifier,"Ross Stores, Inc.",0.398531183572,332686862.82,3825306.0,86.97,US7782961038,778296103
2020-03-31,MCHP,identifier,"Microchip Technology, Inc.",0.205255967379,171344092.2,2527199.0,67.8,US5950171042,595017104
2020-03-31,CTAS,identifier,Cintas Corp.,0.227107838857,189585652.38,1094479.0,173.22,US1729081059,172908105
2020-03-31,QCOM,identifier,"QUALCOMM, Inc.",0.978541929848,816869691.0,12074940.0,67.65,US7475251036,747525103
2020-03-31,ULTA,identifier,"Ulta Beauty, Inc.",0.130982168809,109341624.0,622320.0,175.7,US90384S3031,90384S303
2020-03-31,EXC,identifier,Exelon Corp.,0.453301275666,378407977.92,10280032.0,36.81,US30161N1019,30161N101
2020-03-31,FAST,identifier,Fastenal Co.,0.22704150885,189530281.25,6064969.0,31.25,US3119001044,311900104
2020-03-31,XLNX,manual table,"Xilinx, Inc.",0.248285834623,207264672.9,2659285.0,77.94,US9839191015,983919101
2020-03-31,MAR,identifier,"Marriott International, Inc.",0.309836747439,258646298.56,3457376.0,74.81,US5719032022,571903202
2020-03-31,MDLZ,identifier,"Mondelez International, Inc.",0.913439220852,762523088.0,15226100.0,50.08,US6092071058,609207105
2020-03-31,CHKP,identifier,Check Point Software Technologies Ltd.,0.193890537803,161856430.34,1609871.0,100.54,IL0010824113,M22465104
2020-03-31,INTC,identifier,Intel Corp.,2.98230059953,2489572388.16,46000968.0,54.12,US4581401001,458140100
2020-03-31,MU,identifier,"Micron Technology, Inc.",0.589849996325,492396462.06,11707001.0,42.06,US5951121038,595112103
2020-03-31,NTAP,identifier,"NetApp, Inc.",0.120533318914,100619106.83,2413507.0,41.69,US64110D1046,64110D104
2020-03-31,CSX,identifier,CSX Corp.,0.567879056852,474055506.0,8273220.0,57.3,US1264081035,126408103
2020-03-31,COST,identifier,Costco Wholesale Corp.,1.5957142196,1332074325.82,4671814.0,285.13,US22160K1051,22160K105
2020-03-31,TSLA,identifier,"Tesla, Inc.",1.196490684437,998809500.0,1906125.0,524.0,US88160R1014,88160R101
2020-03-31,SPLK,manual table,"Splunk, Inc.",0.242007394886,202023541.2,1600440.0,126.22999999999999,US8486371045,848637104
2020-03-31,SWKS,identifier,"Skyworks Solutions, Inc.",0.192914946571,161042023.84,1801768.0,89.38,US83088M1027,83088M102
2020-03-31,TTWO,identifier,"Take-Two Interactive Software, Inc.",0.170302549471,142165590.17,1198597.0,118.60999999999999,US8740541094,874054109
2020-03-31,CMCSA,identifier,Comcast Corp.,1.977184191417,1650518787.42,48008109.0,34.38,US20030N1019,20030N101
2020-03-31,UAL,identifier,"United Airlines Holdings, Inc.",0.101135250515,84425938.55,2675941.0,31.549999999999997,US9100471096,910047109
2020-03-31,AVGO,identifier,"Broadcom, Inc.",1.191437120981,994590873.6,4194816.0,237.1,US11135F1012,11135F101
2020-03-31,ADP,identifier,"Automatic Data Processing, Inc.",0.74919040616,625411049.76,4575732.0,136.68,US0530151036,053015103
2020-03-31,EBAY,identifier,"eBay, Inc.",0.309788220619,258605789.22,8602987.0,30.06,US2786421030,278642103
2020-03-31,ORLY,identifier,"O'Reilly Automotive, Inc.",0.288549198479,240875824.95,800119.0,301.05,US67103H1077,67103H107
2020-03-31,TCOM,identifier,Trip.com Group Ltd.,0.155355262686,129687856.55,5530399.0,23.45,US89677Q1076,89677Q107
2020-03-31,PAYX,identifier,"Paychex, Inc.",0.285301220103,238164469.4,3785195.0,62.92,US7043261079,704326107
2020-03-31,,,Liberty Global PLC,0.037964519772,31692117.21,1919571.0,16.51,GB00B8W67662,G5480U104
2020-03-31,INCY,identifier,Incyte Corp.,0.199814889888,166801975.86,2277782.0,73.23,US45337C1027,45337C102
2020-03-31,AMZN,identifier,"Amazon.com, Inc.",9.599725054152,8013682602.12,4110171.0,1949.72,US0231351067,023135106
2020-03-31,META,identifier,"Facebook, Inc.",3.986231859553,3327636648.0,19949860.0,166.8,US30303M1027,30303M102
2020-03-31,KLAC,identifier,KLA Corp.,0.287331913456,239859656.7,1668705.0,143.73999999999998,US4824801009,482480100
2020-03-31,CPRT,identifier,"Copart, Inc.",0.201774696467,168437988.12,2458231.0,68.52,US2172041061,217204106
2020-03-31,WDC,identifier,Western Digital Corp.,0.156800751603,130894525.42,3144991.0,41.62,US9581021055,958102105
2020-03-31,EA,manual table,"Electronic Arts, Inc.",0.37050632913,309292204.41,3087673.0,100.17,US2855121099,285512109
2020-03-31,TXN,identifier,"Texas Instruments, Inc.",1.183339395409,987831033.9,9885230.0,99.92999999999999,US8825081040,882508104
2020-03-31,GOOG,identifier,"Alphabet, Inc.",3.967177683708,3311730555.21,2848041.0,1162.81,US02079K1079,02079K107
2020-03-31,LULU,identifier,"lululemon athletica, Inc.",0.295664003844,246815140.05,1302111.0,189.55,US5500211090,550021109
2020-03-31,LRCX,"same company, other snapshot",Lam Research Corp.,0.441081113211,368206800.0,1534195.0,240.0,US5128071082,512807108
2020-03-31,CERN,manual table,Cerner Corp.,0.250632183211,209223363.67,3321533.0,62.989999999999995,US1567821046,156782104
2020-03-31,ADI,identifier,"Analog Devices, Inc.",0.418274660081,349168371.75,3894795.0,89.65,US0326541051,032654105
2020-03-31,MSFT,identifier,Microsoft Corp.,11.94819212864,9974141847.6,63243560.0,157.71,US5949181045,594918104
2020-03-31,ASML,identifier,ASML Holding N.V.,0.245481318975,204923512.28,783227.0,261.64,USN070592100,N07059210
2020-03-31,AMGN,identifier,"Amgen, Inc.",1.525946287962,1273833276.54,6283398.0,202.73,US0311621009,031162100
2020-03-31,BIIB,identifier,"Biogen, Inc.",0.723168189296,603688158.18,1908111.0,316.38,US09062X1037,09062X103
2020-03-31,AMAT,identifier,"Applied Materials, Inc.",0.536186410424,447599038.98,9768639.0,45.82,US0382221051,038222105
2020-03-31,AMD,identifier,"Advanced Micro Devices, Inc.",0.64160069364,535597039.2,11776540.0,45.48,US0079031078,007903107
2020-03-31,KHC,identifier,Kraft Heinz Co. (The),0.382715042339,319483824.7,12913655.0,24.74,US5007541064,500754106
2020-06-30,META,identifier,"Facebook, Inc.",4.163140969956,4773490744.77,21022111.0,227.07000000000002,US30303M1027,30303M102
2020-06-30,VRTX,identifier,"Vertex Pharmaceuticals, Inc.",0.732098426695,839429913.45,2891495.0,290.31,US92532F1003,92532F100
2020-06-30,CDW,identifier,CDW Corp.,0.160821240393,184398920.94,1587183.0,116.17999999999999,US12514G1085,12514G108
2020-06-30,EA,manual table,"Electronic Arts, Inc.",0.370781282608,425140785.2,3219544.0,132.04999999999998,US2855121099,285512109
2020-06-30,MSFT,identifier,Microsoft Corp.,11.76736874029,13492559146.44,66299244.0,203.51000000000002,US5949181045,594918104
2020-06-30,WDC,identifier,Western Digital Corp.,0.128695273835,147563030.65,3342311.0,44.15,US9581021055,958102105
2020-06-30,MNST,identifier,Monster Beverage Corp.,0.355019727389,407068459.88,5872309.0,69.32,US61174X1090,61174X109
2020-06-30,SWKS,identifier,"Skyworks Solutions, Inc.",0.207474987115,237892480.2,1860570.0,127.86,US83088M1027,83088M102
2020-06-30,PCAR,identifier,"PACCAR, Inc.",0.251693739263,288594055.2,3855632.0,74.85,US6937181088,693718108
2020-06-30,VRSK,identifier,"Verisk Analytics, Inc.",0.268609083814,307989324.6,1809573.0,170.20000000000002,US92345Y1064,92345Y106
2020-06-30,,,Liberty Global PLC,0.038751584174,44432876.46,2032611.0,21.86,GB00B8W67662,G5480U104
2020-06-30,ILMN,identifier,"Illumina, Inc.",0.529514117515,607145123.7,1639382.0,370.35,US4523271090,452327109
2020-06-30,ADP,identifier,"Automatic Data Processing, Inc.",0.622382996462,713629323.33,4792997.0,148.89000000000001,US0530151036,053015103
2020-06-30,ASML,identifier,ASML Holding N.V.,0.275117356454,315451762.08,857136.0,368.03,USN070592100,N07059210
2020-06-30,ORLY,identifier,"O'Reilly Automotive, Inc.",0.304427360889,349058847.67,827801.0,421.67,US67103H1077,67103H107
2020-06-30,BIIB,identifier,"Biogen, Inc.",0.424668842659,486928692.7,1819954.0,267.55,US09062X1037,09062X103
2020-06-30,AMZN,identifier,"Amazon.com, Inc.",10.49172935552,12029900821.68,4360524.0,2758.82,US0231351067,023135106
2020-06-30,ATVI,manual table,"Activision Blizzard, Inc.",0.568791663692,652181072.4,8592636.0,75.89999999999999,US00507V1098,00507V109
2020-06-30,NVDA,identifier,NVIDIA Corp.,2.272492048263,2605657564.38,6858618.0,379.91,US67066G1040,67066G104
2020-06-30,SBUX,identifier,Starbucks Corp.,0.836218335009,958814633.37,13029143.0,73.59,US8552441094,855244109
2020-06-30,COST,identifier,Costco Wholesale Corp.,1.3022781273,1493202520.08,4924648.0,303.21,US22160K1051,22160K105
2020-06-30,EXPE,identifier,"Expedia Group, Inc.",0.10830179478,124179704.4,1510702.0,82.2,US30212P3038,30212P303
2020-06-30,TCOM,identifier,Trip.com Group Ltd.,0.131844824429,151174330.56,5832343.0,25.92,US89677Q1076,89677Q107
2020-06-30,MCHP,identifier,"Microchip Technology, Inc.",0.251290629089,288131845.85,2736035.0,105.31,US5950171042,595017104
2020-06-30,ALXN,identifier,"Alexion Pharmaceuticals, Inc.",0.241070475313,276413335.76,2462699.0,112.24,US0153511094,015351109
2020-06-30,SNPS,identifier,"Synopsys, Inc.",0.285987970396,327916095.0,1681621.0,195.0,US8716071076,871607107
2020-06-30,PAYX,identifier,"Paychex, Inc.",0.264284065721,303030224.25,4000399.0,75.75,US7043261079,704326107
2020-06-30,GILD,identifier,"Gilead Sciences, Inc.",0.938691713256,1076311428.74,13988971.0,76.94,US3755581036,375558103
2020-06-30,NFLX,identifier,"Netflix, Inc.",1.94653371779,2231911134.72,4904868.0,455.03999999999996,US64110L1061,64110L106
2020-06-30,PEP,identifier,"PepsiCo, Inc.",1.784875464259,2046552487.82,15473707.0,132.26,US7134481081,713448108
2020-06-30,CSCO,identifier,"Cisco Systems, Inc.",1.915369038341,2196177463.92,47087853.0,46.64,US17275R1023,17275R102
2020-06-30,ROST,identifier,"Ross Stores, Inc.",0.294634100296,337829816.72,3963278.0,85.24000000000001,US7782961038,778296103
2020-06-30,REGN,identifier,"Regeneron Pharmaceuticals, Inc.",0.611856428471,701559476.25,1124925.0,623.65,US75886F1075,75886F107
2020-06-30,INTU,identifier,"Intuit, Inc.",0.75123809594,861375611.34,2908186.0,296.19,US4612021034,461202103
2020-06-30,JD,identifier,"JD.com, Inc.",0.543369280281,623031564.18,10352801.0,60.17999999999999,US47215P1066,47215P106
2020-06-30,CMCSA,identifier,Comcast Corp.,1.726826835598,1979993465.76,50795112.0,38.98,US20030N1019,20030N101
2020-06-30,NTES,identifier,"NetEase, Inc.",0.309381747031,354739586.46,826167.0,429.38,US64110W1027,64110W102
2020-06-30,INTC,identifier,Intel Corp.,2.463855781814,2825076752.34,47218398.0,59.830000000000005,US4581401001,458140100
2020-06-30,WBA,identifier,"Walgreens Boots Alliance, Inc.",0.361673089553,414697258.17,9782903.0,42.39,US9314271084,931427108
2020-06-30,CHTR,identifier,"Charter Communications, Inc.",1.024199969179,1174355879.12,2302478.0,510.03999999999996,US16119P1084,16119P108
2020-06-30,ANSS,manual table,"ANSYS, Inc.",0.242876887834,278484582.81,954597.0,291.73,US03662Q1058,03662Q105
2020-06-30,XEL,identifier,"Xcel Energy, Inc.",0.319248764383,366053187.5,5856851.0,62.5,US98389B1008,98389B100
2020-06-30,FAST,identifier,Fastenal Co.,0.238678558705,273670745.04,6388206.0,42.84,US3119001044,311900104
2020-06-30,MXIM,identifier,"Maxim Integrated Products, Inc.",0.157175444797,180218622.54,2973414.0,60.61,US57772K1016,57772K101
2020-06-30,XLNX,manual table,"Xilinx, Inc.",0.232693472219,266808196.99,2711741.0,98.39,US9839191015,983919101
2020-06-30,DXCM,identifier,"DexCom, Inc.",0.364135475153,417520649.2,1029898.0,405.4,US2521311074,252131107
2020-06-30,FOX,identifier,Fox Corp.,0.068155872471,78148068.68,2911627.0,26.840000000000003,US35137L2043,35137L204
2020-06-30,SIRI,SEC company list,"Sirius XM Holdings, Inc.",0.250017251746,286671781.2,48836760.0,5.87,US82968B1035,82968B103
2020-06-30,BMRN,identifier,"BioMarin Pharmaceutical, Inc.",0.216933064899,248737187.86,2016679.0,123.34,US09061G1013,09061G101
2020-06-30,CTAS,identifier,Cintas Corp.,0.269578087484,309100391.96,1160461.0,266.35999999999996,US1729081059,172908105
2020-06-30,CTXS,manual table,"Citrix Systems, Inc.",0.177587509899,203623259.7,1376670.0,147.91,US1773761002,177376100
2020-06-30,TSLA,identifier,"Tesla, Inc.",1.946850130478,2232273936.04,2067284.0,1079.81,US88160R1014,88160R101
2020-06-30,AMGN,identifier,"Amgen, Inc.",1.349466474007,1547309055.96,6560286.0,235.86,US0311621009,031162100
2020-06-30,LRCX,"same company, other snapshot",Lam Research Corp.,0.456676576159,523629016.02,1618837.0,323.46,US5128071082,512807108
2020-06-30,EBAY,identifier,"eBay, Inc.",0.358465390612,411019284.9,7836402.0,52.449999999999996,US2786421030,278642103
2020-06-30,SPLK,manual table,"Splunk, Inc.",0.306971335314,351975789.1,1771393.0,198.70000000000002,US8486371045,848637104
2020-06-30,MAR,identifier,"Marriott International, Inc.",0.270378540402,310018197.68,3616216.0,85.73,US5719032022,571903202
2020-06-30,SGEN,manual table,"Seattle Genetics, Inc.",0.286088688793,328031579.52,1930506.0,169.92,US8125781026,812578102
2020-06-30,AMD,identifier,"Advanced Micro Devices, Inc.",0.599294883471,687156308.25,13061325.0,52.61,US0079031078,007903107
2020-06-30,GOOGL,identifier,"Alphabet, Inc.",3.722302096252,4268021365.1,3009782.0,1418.05,US02079K3059,02079K305
2020-06-30,DLTR,identifier,"Dollar Tree, Inc.",0.213842613814,245193651.92,2645594.0,92.67999999999999,US2567461080,256746108
2020-06-30,ADSK,identifier,"Autodesk, Inc.",0.509911930723,584669099.49,2444371.0,239.19,US0527691069,052769106
2020-06-30,ADBE,identifier,"Adobe, Inc.",2.039908942428,2338975914.37,5373127.0,435.31,US00724F1012,00724F101
2020-06-30,AVGO,identifier,"Broadcom, Inc.",1.227252179403,1407177167.95,4458595.0,315.61,US11135F1012,11135F101
2020-06-30,DOCU,identifier,DocuSign Inc,0.306739374967,351709821.51,2042331.0,172.21,US2561631068,256163106
2020-06-30,MU,identifier,"Micron Technology, Inc.",0.557310857915,639017088.64,12403282.0,51.519999999999996,US5951121038,595112103
2020-06-30,NXPI,identifier,NXP Semiconductors N.V.,0.309501564877,354876970.56,3111864.0,114.04,NL0009538784,N6596X109
2020-06-30,AMAT,identifier,"Applied Materials, Inc.",0.538847571618,617846936.85,10220793.0,60.45,US0382221051,038222105
2020-06-30,CSX,identifier,CSX Corp.,0.519226186843,595348900.08,8536692.0,69.74000000000001,US1264081035,126408103
2020-06-30,KHC,identifier,Kraft Heinz Co. (The),0.378975490038,434536329.0,13626100.0,31.89,US5007541064,500754106
2020-06-30,BKNG,identifier,"Booking Holdings, Inc.",0.634012424811,726963718.92,456538.0,1592.34,US09857L1089,09857L108
2020-06-30,MDLZ,identifier,"Mondelez International, Inc.",0.709885063487,813959893.47,15919419.0,51.13,US6092071058,609207105
2020-06-30,QCOM,identifier,"QUALCOMM, Inc.",0.997956997608,1144265477.95,12545395.0,91.21000000000001,US7475251036,747525103
2020-06-30,NTAP,identifier,"NetApp, Inc.",0.095450441571,109444239.99,2466627.0,44.37,US64110D1046,64110D104
2020-06-30,ALGN,identifier,"Align Technology, Inc.",0.210231875674,241053550.68,878347.0,274.44,US0162551016,016255101
2020-06-30,KLAC,identifier,KLA Corp.,0.293273827493,336270117.04,1729073.0,194.48000000000002,US4824801009,482480100
2020-06-30,GOOG,identifier,"Alphabet, Inc.",3.623336022234,4154546072.82,2938962.0,1413.6100000000001,US02079K1079,02079K107
2020-06-30,ISRG,identifier,"Intuitive Surgical, Inc.",0.64634949421,741109501.4,1300580.0,569.8299999999999,US46120E6023,46120E602
2020-06-30,CERN,manual table,Cerner Corp.,0.202923084811,232673232.6,3394212.0,68.55,US1567821046,156782104
2020-06-30,EXC,identifier,Exelon Corp.,0.343931881446,394355047.01,10866769.0,36.29,US30161N1019,30161N101
2020-06-30,CPRT,identifier,"Copart, Inc.",0.190143241744,218019762.29,2618227.0,83.27,US2172041061,217204106
2020-06-30,CHKP,identifier,Check Point Software Technologies Ltd.,0.149409108513,171313679.22,1594654.0,107.42999999999999,IL0010824113,M22465104
2020-06-30,FOXA,identifier,Fox Corp.,0.089382955888,102487212.36,3821298.0,26.82,US35137L1052,35137L105
2020-06-30,FISV,identifier,"Fiserv, Inc.",0.635659356124,728852103.54,7466217.0,97.61999999999999,US3377381088,337738108
2020-06-30,CDNS,identifier,"Cadence Design Systems, Inc.",0.260572682574,298774722.64,3113534.0,95.96,US1273871087,127387108
2020-06-30,BIDU,identifier,"Baidu, Inc.",0.320692742429,367708864.28,3067052.0,119.88999999999999,US0567521085,056752108
2020-06-30,TTWO,identifier,"Take-Two Interactive Software, Inc.",0.154682917719,177360671.05,1270765.0,139.57000000000002,US8740541094,874054109
2020-06-30,LULU,identifier,"lululemon athletica, Inc.",0.377240478806,432546951.24,1386324.0,312.01,US5500211090,550021109
2020-06-30,CTSH,identifier,Cognizant Technology Solutions Corp.,0.298746186708,342544767.9,6028595.0,56.81999999999999,US1924461023,192446102
2020-06-30,AAPL,identifier,"Apple, Inc.",12.05607354657,13823590387.2,37893614.0,364.8,US0378331005,037833100
2020-06-30,TXN,identifier,"Texas Instruments, Inc.",1.133388589325,1299552424.58,10235114.0,126.97,US8825081040,882508104
2020-06-30,TMUS,identifier,"T-Mobile US, Inc.",1.249653303572,1432862476.15,13757681.0,104.15,US8725901040,872590104
2020-06-30,PYPL,identifier,"PayPal Holdings, Inc.",1.98974529174,2281457871.14,13094518.0,174.23,US70450Y1038,70450Y103
2020-06-30,MELI,identifier,"MercadoLibre, Inc.",0.47658457335,546455684.88,554344.0,985.77,US58733R1023,58733R102
2020-06-30,VRSN,identifier,"VeriSign, Inc.",0.232434639209,266511416.99,1288553.0,206.83,US92343E1029,92343E102
2020-06-30,ADI,identifier,"Analog Devices, Inc.",0.439472228653,503902373.52,4108793.0,122.64,US0326541051,032654105
2020-06-30,CSGP,identifier,"CoStar Group, Inc.",0.269686412587,309224598.39,435117.0,710.67,US22160N1090,22160N109
2020-06-30,IDXX,identifier,"IDEXX Laboratories, Inc.",0.272757595212,312746040.96,947256.0,330.15999999999997,US45168D1046,45168D104
2020-06-30,WDAY,identifier,"Workday, Inc.",0.31709176009,363579949.12,1940542.0,187.36,US98138H1014,98138H101
2020-06-30,,,Liberty Global PLC,0.086103220061,98726641.02,4589802.0,21.509999999999998,GB00B8W67B19,G5480U120
2020-06-30,ULTA,identifier,"Ulta Beauty, Inc.",0.111406001743,127739012.94,627957.0,203.42,US90384S3031,90384S303
2020-06-30,ZM,identifier,"Zoom Video Communications, Inc.",0.41318284775,473758759.04,1868576.0,253.54000000000002,US98980L1017,98980L101
2020-06-30,INCY,identifier,Incyte Corp.,0.219811956244,252038147.71,2424143.0,103.97,US45337C1027,45337C102
2020-09-30,AMD,identifier,"Advanced Micro Devices, Inc.",0.831732269741,1128778795.26,13767274.0,81.99,US0079031078,007903107
2020-09-30,CDNS,identifier,"Cadence Design Systems, Inc.",0.256847464631,348578481.61,3269047.0,106.63000000000001,US1273871087,127387108
2020-09-30,TCOM,identifier,Trip.com Group Ltd.,0.140701452234,190951850.16,6132044.0,31.14,US89677Q1076,89677Q107
2020-09-30,INTU,identifier,"Intuit, Inc.",0.737985521283,1001551145.65,3070265.0,326.21,US4612021034,461202103
2020-09-30,,,Liberty Global PLC,0.070758309156,96029073.14,4676361.0,20.535000001069207,GB00B8W67B19,G5480U120
2020-09-30,FOXA,identifier,Fox Corp.,0.082639274501,112153230.2,4029940.0,27.830000000000002,US35137L1052,35137L105
2020-09-30,CHTR,identifier,"Charter Communications, Inc.",1.105215976096,1499935019.22,2402433.0,624.34,US16119P1084,16119P108
2020-09-30,PAYX,identifier,"Paychex, Inc.",0.247270119144,335580663.81,4206853.0,79.77,US7043261079,704326107
2020-09-30,KHC,identifier,Kraft Heinz Co. (The),0.316372532527,429362451.25,14335975.0,29.95,US5007541064,500754106
2020-09-30,DXCM,identifier,"DexCom, Inc.",0.341023124155,462816804.45,1122715.0,412.22999999999996,US2521311074,252131107
2020-09-30,GOOG,identifier,"Alphabet, Inc.",3.320801220093,4506798806.4,3066684.0,1469.6,US02079K1079,02079K107
2020-09-30,ZM,identifier,"Zoom Video Communications, Inc.",0.73974893666,1003944350.72,2135552.0,470.11,US98980L1017,98980L101
2020-09-30,NTES,identifier,"NetEase, Inc.",0.281767409068,382398384.82,841046.0,454.67,US64110W1027,64110W102
2020-09-30,TMUS,identifier,"T-Mobile US, Inc.",1.223086546846,1659902121.24,14514709.0,114.36,US8725901040,872590104
2020-09-30,AMZN,identifier,"Amazon.com, Inc.",10.68286410767,14498163551.04,4604448.0,3148.73,US0231351067,023135106
2020-09-30,INCY,identifier,Incyte Corp.,0.169587415226,230154203.72,2564678.0,89.74,US45337C1027,45337C102
2020-09-30,CERN,manual table,Cerner Corp.,0.190738700957,258859501.92,3580848.0,72.28999999999999,US1567821046,156782104
2020-09-30,ALXN,identifier,"Alexion Pharmaceuticals, Inc.",0.216674100844,294057522.37,2569759.0,114.43,US0153511094,015351109
2020-09-30,NXPI,identifier,NXP Semiconductors N.V.,0.301143663393,408694713.35,3274535.0,124.81,NL0009538784,N6596X109
2020-09-30,PYPL,identifier,"PayPal Holdings, Inc.",1.997440403228,2710810261.89,13758363.0,197.03,US70450Y1038,70450Y103
2020-09-30,ATVI,manual table,"Activision Blizzard, Inc.",0.539872430699,732683549.85,9051063.0,80.95,US00507V1098,00507V109
2020-09-30,CTSH,identifier,Cognizant Technology Solutions Corp.,0.325250077956,441410541.0,6358550.0,69.42,US1924461023,192446102
2020-09-30,GILD,identifier,"Gilead Sciences, Inc.",0.684508249591,928974894.24,14701296.0,63.19,US3755581036,375558103
2020-09-30,FOX,identifier,Fox Corp.,0.063099488408,85634965.84,3061672.0,27.970000000000002,US35137L2043,35137L204
2020-09-30,JD,identifier,"JD.com, Inc.",0.615493617929,835312239.06,10762946.0,77.61,US47215P1066,47215P106
2020-09-30,CSCO,identifier,"Cisco Systems, Inc.",1.437012994252,1950230687.73,49510807.0,39.39,US17275R1023,17275R102
2020-09-30,XLNX,manual table,"Xilinx, Inc.",0.220066788207,298661880.88,2865137.0,104.24,US9839191015,983919101
2020-09-30,AMAT,identifier,"Applied Materials, Inc.",0.469126673464,636671511.45,10709361.0,59.45,US0382221051,038222105
2020-09-30,BIIB,identifier,"Biogen, Inc.",0.387982632705,526547525.76,1856132.0,283.68,US09062X1037,09062X103
2020-09-30,SPLK,manual table,"Splunk, Inc.",0.258209340773,350426740.92,1862684.0,188.13,US8486371045,848637104
2020-09-30,CSX,identifier,CSX Corp.,0.513410740512,696771278.73,8970919.0,77.67,US1264081035,126408103
2020-09-30,MNST,identifier,Monster Beverage Corp.,0.365466608014,495990083.0,6184415.0,80.2,US61174X1090,61174X109
2020-09-30,ADI,identifier,"Analog Devices, Inc.",0.372395354812,505393376.28,4329222.0,116.74,US0326541051,032654105
2020-09-30,PCAR,identifier,"PACCAR, Inc.",0.255053897612,346144356.48,4058916.0,85.28,US6937181088,693718108
2020-09-30,MRNA,identifier,"Moderna, Inc.",0.241205252818,327349779.0,4626852.0,70.75,US60770K1079,60770K107
2020-09-30,FISV,identifier,"Fiserv, Inc.",0.596260010445,809209502.55,7852591.0,103.05,US3377381088,337738108
2020-09-30,EA,manual table,"Electronic Arts, Inc.",0.325398867095,441612468.99,3386339.0,130.41,US2855121099,285512109
2020-09-30,ROST,identifier,"Ross Stores, Inc.",0.287004613564,389506015.0,4173875.0,93.32,US7782961038,778296103
2020-09-30,XEL,identifier,"Xcel Energy, Inc.",0.313239362975,425110295.26,6160126.0,69.01,US98389B1008,98389B100
2020-09-30,FAST,identifier,Fastenal Co.,0.223471032025,303281923.14,6726146.0,45.089999999999996,US3119001044,311900104
2020-09-30,SNPS,identifier,"Synopsys, Inc.",0.280534219099,380724770.92,1779254.0,213.98000000000002,US8716071076,871607107
2020-09-30,CHKP,identifier,Check Point Software Technologies Ltd.,0.14575089654,197804663.1,1643715.0,120.34,IL0010824113,M22465104
2020-09-30,TSLA,identifier,"Tesla, Inc.",3.454025187299,4687602647.58,10926558.0,429.01,US88160R1014,88160R101
2020-09-30,GOOGL,identifier,"Alphabet, Inc.",3.422613832843,4644972979.2,3169332.0,1465.6,US02079K3059,02079K305
2020-09-30,BIDU,identifier,"Baidu, Inc.",0.307577316619,417426094.35,3297465.0,126.59,US0567521085,056752108
2020-09-30,TXN,identifier,"Texas Instruments, Inc.",1.130052603503,1533641849.39,10740541.0,142.79000000000002,US8825081040,882508104
2020-09-30,CMCSA,identifier,Comcast Corp.,1.822097979008,2472845693.76,53455376.0,46.260000000000005,US20030N1019,20030N101
2020-09-30,MCHP,identifier,"Microchip Technology, Inc.",0.224125715868,304170422.08,2960008.0,102.75999999999999,US5950171042,595017104
2020-09-30,MELI,identifier,"MercadoLibre, Inc.",0.465034841472,631118314.4,583030.0,1082.48,US58733R1023,58733R102
2020-09-30,ASML,identifier,ASML Holding N.V.,0.243596378303,330594875.82,895266.0,369.27,USN070592100,N07059210
2020-09-30,VRTX,identifier,"Vertex Pharmaceuticals, Inc.",0.612385393688,831093937.4,3054145.0,272.12,US92532F1003,92532F100
2020-09-30,ANSS,manual table,"ANSYS, Inc.",0.242560079764,329188471.55,1005985.0,327.23,US03662Q1058,03662Q105
2020-09-30,MU,identifier,"Micron Technology, Inc.",0.450787100607,611782106.88,13027728.0,46.96,US5951121038,595112103
2020-09-30,AMGN,identifier,"Amgen, Inc.",1.28621580449,1745577488.16,6868026.0,254.16000000000003,US0311621009,031162100
2020-09-30,CDW,identifier,CDW Corp.,0.147314514505,199926714.71,1672607.0,119.53,US12514G1085,12514G108
2020-09-30,EBAY,identifier,"eBay, Inc.",0.315051745497,427569955.7,8206717.0,52.1,US2786421030,278642103
2020-09-30,VRSK,identifier,"Verisk Analytics, Inc.",0.260006148087,352865263.59,1904189.0,185.30999999999997,US92345Y1064,92345Y106
2020-09-30,ILMN,identifier,"Illumina, Inc.",0.389819100106,529039872.8,1711660.0,309.08,US4523271090,452327109
2020-09-30,COST,identifier,Costco Wholesale Corp.,1.354391251055,1838101250.0,5177750.0,355.0,US22160K1051,22160K105
2020-09-30,KLAC,identifier,KLA Corp.,0.260259671897,353209331.4,1823110.0,193.73999999999998,US4824801009,482480100
2020-09-30,CPRT,identifier,"Copart, Inc.",0.213307719395,289488864.72,2752842.0,105.16000000000001,US2172041061,217204106
2020-09-30,MSFT,identifier,Microsoft Corp.,10.78125886266,14631699205.53,69565441.0,210.33,US5949181045,594918104
2020-09-30,,,Liberty Global PLC,0.033089578879,44907257.23,2137423.0,21.009999999999998,GB00B8W67662,G5480U104
2020-09-30,META,identifier,"Facebook, Inc.",4.265130568507,5788387826.1,22101519.0,261.90000000000003,US30303M1027,30303M102
2020-09-30,SGEN,manual table,"Seattle Genetics, Inc.",0.294205352166,399278439.78,2040362.0,195.69,US8125781026,812578102
2020-09-30,NVDA,identifier,NVIDIA Corp.,2.885221887482,3915655800.18,7234869.0,541.22,US67066G1040,67066G104
2020-09-30,PEP,identifier,"PepsiCo, Inc.",1.658159145113,2250357417.0,16236345.0,138.6,US7134481081,713448108
2020-09-30,INTC,identifier,Intel Corp.,1.902759734767,2582315150.22,49870899.0,51.779999999999994,US4581401001,458140100
2020-09-30,MAR,identifier,"Marriott International, Inc.",0.259444436217,352102940.82,3803229.0,92.58,US5719032022,571903202
2020-09-30,MXIM,identifier,"Maxim Integrated Products, Inc.",0.155790718556,211430127.22,3127202.0,67.61,US57772K1016,57772K101
2020-09-30,QCOM,identifier,"QUALCOMM, Inc.",1.147221882109,1556942998.48,13230311.0,117.68,US7475251036,747525103
2020-09-30,WDC,identifier,Western Digital Corp.,0.095547458362,129671468.65,3547783.0,36.550000000000004,US9581021055,958102105
2020-09-30,VRSN,identifier,"VeriSign, Inc.",0.203295144528,275900378.85,1346841.0,204.85000000000002,US92343E1029,92343E102
2020-09-30,EXC,identifier,Exelon Corp.,0.301098656349,408633632.4,11427115.0,35.76,US30161N1019,30161N101
2020-09-30,DOCU,identifier,DocuSign Inc,0.344042348431,466914320.52,2169273.0,215.23999999999998,US2561631068,256163106
2020-09-30,TTWO,identifier,"Take-Two Interactive Software, Inc.",0.163181688378,221460722.78,1340399.0,165.22,US8740541094,874054109
2020-09-30,SBUX,identifier,Starbucks Corp.,0.8678470672,1177791703.68,13708004.0,85.92,US8552441094,855244109
2020-09-30,BMRN,identifier,"BioMarin Pharmaceutical, Inc.",0.119217779737,161795455.92,2126649.0,76.08,US09061G1013,09061G101
2020-09-30,MDLZ,identifier,"Mondelez International, Inc.",0.709006772614,962222868.75,16748875.0,57.45,US6092071058,609207105
2020-09-30,LULU,identifier,"lululemon athletica, Inc.",0.353700785528,480022191.15,1457395.0,329.37,US5500211090,550021109
2020-09-30,PDD,identifier,"Pinduoduo, Inc.",0.184866057619,250889491.0,3383540.0,74.15,US7223041028,722304102
2020-09-30,SIRI,SEC company list,"Sirius XM Holdings, Inc.",0.20100682483,272794804.08,50894553.0,5.359999999999999,US82968B1035,82968B103
2020-09-30,ALGN,identifier,"Align Technology, Inc.",0.222886642815,302488824.0,924025.0,327.36,US0162551016,016255101
2020-09-30,CTXS,manual table,"Citrix Systems, Inc.",0.146948288531,199429694.06,1448186.0,137.71,US1773761002,177376100
2020-09-30,DLTR,identifier,"Dollar Tree, Inc.",0.187270953335,254153275.98,2782497.0,91.33999999999999,US2567461080,256746108
2020-09-30,BKNG,identifier,"Booking Holdings, Inc.",0.605182064009,821317996.16,480112.0,1710.6799999999998,US09857L1089,09857L108
2020-09-30,ADBE,identifier,"Adobe, Inc.",2.032533285419,2758436286.18,5624526.0,490.42999999999995,US00724F1012,00724F101
2020-09-30,ORLY,identifier,"O'Reilly Automotive, Inc.",0.295077311489,400461812.4,868530.0,461.08,US67103H1077,67103H107
2020-09-30,IDXX,identifier,"IDEXX Laboratories, Inc.",0.288885921469,392059216.97,997327.0,393.11,US45168D1046,45168D104
2020-09-30,ADSK,identifier,"Autodesk, Inc.",0.437439499463,593667516.78,2569878.0,231.01,US0527691069,052769106
2020-09-30,LRCX,"same company, other snapshot",Lam Research Corp.,0.417442057192,566528148.0,1707696.0,331.75,US5128071082,512807108
2020-09-30,ISRG,identifier,"Intuitive Surgical, Inc.",0.717548546177,973815268.4,1372460.0,709.54,US46120E6023,46120E602
2020-09-30,EXPE,identifier,"Expedia Group, Inc.",0.107511052003,145907764.04,1591316.0,91.69,US30212P3038,30212P303
2020-09-30,WBA,identifier,"Walgreens Boots Alliance, Inc.",0.268934465344,364982257.92,10160976.0,35.92,US9314271084,931427108
2020-09-30,AVGO,identifier,"Broadcom, Inc.",1.258441689161,1707884069.76,4687868.0,364.32,US11135F1012,11135F101
2020-09-30,WDAY,identifier,"Workday, Inc.",0.329038214181,446551579.77,2075729.0,215.13,US98138H1014,98138H101
2020-09-30,ADP,identifier,"Automatic Data Processing, Inc.",0.518218143646,703295607.43,5041907.0,139.48999999999998,US0530151036,053015103
2020-09-30,AAPL,identifier,"Apple, Inc.",13.41580090424,18207146858.51,157215671.0,115.80999999999999,US0378331005,037833100
2020-09-30,NFLX,identifier,"Netflix, Inc.",1.905361519431,2585846141.46,5171382.0,500.03000000000003,US64110L1061,64110L106
2020-09-30,ULTA,identifier,"Ulta Beauty, Inc.",0.109024102194,147961188.0,660600.0,223.98,US90384S3031,90384S303
2020-09-30,REGN,identifier,"Regeneron Pharmaceuticals, Inc.",0.505722129447,686336741.74,1226083.0,559.78,US75886F1075,75886F107
2020-09-30,CTAS,identifier,Cintas Corp.,0.297552240143,403820642.02,1213294.0,332.83,US1729081059,172908105
2020-09-30,SWKS,identifier,"Skyworks Solutions, Inc.",0.210012152517,285016312.5,1958875.0,145.5,US83088M1027,83088M102
2020-12-31,KHC,identifier,Kraft Heinz Co. (The),0.350442898367,532467785.32,15362602.0,34.66,US5007541064,500754106
2020-12-31,WBA,identifier,"Walgreens Boots Alliance, Inc.",0.285579356773,433913223.36,10880472.0,39.88,US9314271084,931427108
2020-12-31,MTCH,identifier,"Match Group, Inc.",0.332563429286,505301472.78,3342162.0,151.19,US57667L1070,57667L107
2020-12-31,MNST,identifier,Monster Beverage Corp.,0.403747547598,613459606.4,6633430.0,92.47999999999999,US61174X1090,61174X109
2020-12-31,CDNS,identifier,"Cadence Design Systems, Inc.",0.314704528926,478166412.64,3504848.0,136.43,US1273871087,127387108
2020-12-31,GOOGL,identifier,"Alphabet, Inc.",2.863577070209,4350958594.88,2482517.0,1752.64,US02079K3059,02079K305
2020-12-31,PYPL,identifier,"PayPal Holdings, Inc.",2.269317850704,3448032920.0,14722600.0,234.2,US70450Y1038,70450Y103
2020-12-31,MCHP,identifier,"Microchip Technology, Inc.",0.297387191546,451854210.78,3271698.0,138.10999999999999,US5950171042,595017104
2020-12-31,MRVL,manual table,Marvell Technology Group Ltd.,0.263471516285,400322264.84,8420746.0,47.54,BMG5876H1051,G5876H105
2020-12-31,NVDA,identifier,NVIDIA Corp.,2.673156791574,4061631390.6,7777923.0,522.1999999999999,US67066G1040,67066G104
2020-12-31,AMZN,identifier,"Amazon.com, Inc.",8.880924651198,13493799710.72,4143104.0,3256.93,US0231351067,023135106
2020-12-31,KLAC,identifier,KLA Corp.,0.330722735223,502504696.77,1940847.0,258.90999999999997,US4824801009,482480100
2020-12-31,GOOG,identifier,"Alphabet, Inc.",3.140558186971,4771807533.48,2723821.0,1751.8799999999999,US02079K1079,02079K107
2020-12-31,INTC,identifier,Intel Corp.,1.688384828765,2565355253.96,51492478.0,49.82,US4581401001,458140100
2020-12-31,INTU,identifier,"Intuit, Inc.",0.825361489012,1254065658.6,3301476.0,379.84999999999997,US4612021034,461202103
2020-12-31,MAR,identifier,"Marriott International, Inc.",0.353831155831,537615950.56,4075318.0,131.92,US5719032022,571903202
2020-12-31,BIIB,identifier,"Biogen, Inc.",0.311600933621,473450767.02,1933557.0,244.85999999999999,US09062X1037,09062X103
2020-12-31,AAPL,identifier,"Apple, Inc.",12.26011100211,18628182175.98,140388742.0,132.69,US0378331005,037833100
2020-12-31,CERN,manual table,Cerner Corp.,0.198981558813,302335331.76,3852387.0,78.48,US1567821046,156782104
2020-12-31,CHKP,identifier,Check Point Software Technologies Ltd.,0.154099756158,234141300.23,1761653.0,132.91,IL0010824113,M22465104
2020-12-31,ADP,identifier,"Automatic Data Processing, Inc.",0.62483947598,949389739.4,5388137.0,176.2,US0530151036,053015103
2020-12-31,FISV,identifier,"Fiserv, Inc.",0.631286131727,959184877.28,8424248.0,113.86,US3377381088,337738108
2020-12-31,FOXA,identifier,Fox Corp.,0.081286320114,123507558.72,4241331.0,29.12,US35137L1052,35137L105
2020-12-31,TEAM,"same company, other snapshot",Atlassian Corp. PLC,0.255604931496,388369667.14,1660622.0,233.87,GB00BZ09BD16,G06242104
2020-12-31,ROST,identifier,"Ross Stores, Inc.",0.361565547589,549367692.34,4473314.0,122.81,US7782961038,778296103
2020-12-31,TSLA,identifier,"Tesla, Inc.",4.49865965059,6835325675.64,9686292.0,705.6700000000001,US88160R1014,88160R101
2020-12-31,LULU,identifier,"lululemon athletica, Inc.",0.359541220697,546291902.07,1569669.0,348.03000000000003,US5500211090,550021109
2020-12-31,ASML,identifier,ASML Holding N.V.,0.305495667698,464174341.56,951723.0,487.72,USN070592100,N07059210
2020-12-31,ILMN,identifier,"Illumina, Inc.",0.446739642604,678782390.0,1834547.0,370.0,US4523271090,452327109
2020-12-31,BIDU,identifier,"Baidu, Inc.",0.493864951544,750385236.0,3470150.0,216.24,US0567521085,056752108
2020-12-31,SWKS,identifier,"Skyworks Solutions, Inc.",0.209971232873,319033194.48,2086821.0,152.88,US83088M1027,83088M102
2020-12-31,VRSN,identifier,"VeriSign, Inc.",0.204210295382,310279946.4,1433826.0,216.39999999999998,US92343E1029,92343E102
2020-12-31,ADBE,identifier,"Adobe, Inc.",1.984058113926,3014605331.68,6027764.0,500.11999999999995,US00724F1012,00724F101
2020-12-31,ALXN,identifier,"Alexion Pharmaceuticals, Inc.",0.282765296611,429637501.44,2749856.0,156.24,US0153511094,015351109
2020-12-31,ADSK,identifier,"Autodesk, Inc.",0.553700936758,841300859.28,2755292.0,305.34,US0527691069,052769106
2020-12-31,SPLK,manual table,"Splunk, Inc.",0.225347742548,342396475.89,2015401.0,169.89,US8486371045,848637104
2020-12-31,XLNX,manual table,"Xilinx, Inc.",0.287384227936,436655569.56,3080028.0,141.77,US9839191015,983919101
2020-12-31,FOX,identifier,Fox Corp.,0.061577894911,93562304.96,3239692.0,28.88,US35137L2043,35137L204
2020-12-31,AVGO,identifier,"Broadcom, Inc.",1.464675897701,2225448810.9,5082674.0,437.85,US11135F1012,11135F101
2020-12-31,ANSS,manual table,"ANSYS, Inc.",0.258391183789,392603137.4,1079173.0,363.79999999999995,US03662Q1058,03662Q105
2020-12-31,META,identifier,"Facebook, Inc.",3.568681212076,5422303577.44,19850284.0,273.15999999999997,US30303M1027,30303M102
2020-12-31,COST,identifier,Costco Wholesale Corp.,1.374821602984,2088922953.1,5544145.0,376.78,US22160K1051,22160K105
2020-12-31,OKTA,identifier,"Okta, Inc.",0.252237380122,383252963.02,1507327.0,254.26,US6792951054,679295105
2020-12-31,PTON,identifier,"Peloton Interactive, Inc.",0.320590109985,487109045.88,3210579.0,151.72,US70614W1009,70614W100
2020-12-31,KDP,identifier,"Keurig Dr Pepper, Inc.",0.372407868074,565841664.0,17682552.0,32.0,US49271V1008,49271V100
2020-12-31,CMCSA,identifier,Comcast Corp.,1.978570541592,3006267438.4,57371516.0,52.4,US20030N1019,20030N101
2020-12-31,XEL,identifier,"Xcel Energy, Inc.",0.289710676989,440190408.42,6602526.0,66.67,US98389B1008,98389B100
2020-12-31,NFLX,identifier,"Netflix, Inc.",1.975597833019,3001750663.89,5551293.0,540.73,US64110L1061,64110L106
2020-12-31,PDD,identifier,"Pinduoduo, Inc.",0.438424273265,666147902.85,3749355.0,177.67000000000002,US7223041028,722304102
2020-12-31,DXCM,identifier,"DexCom, Inc.",0.293603285386,446104891.44,1206602.0,369.71999999999997,US2521311074,252131107
2020-12-31,ATVI,manual table,"Activision Blizzard, Inc.",0.593440968539,901682413.05,9711173.0,92.85,US00507V1098,00507V109
2020-12-31,CSCO,identifier,"Cisco Systems, Inc.",1.563755228121,2375991315.5,53094778.0,44.75,US17275R1023,17275R102
2020-12-31,SBUX,identifier,Starbucks Corp.,1.038379803042,1577728630.32,14747884.0,106.97999999999999,US8552441094,855244109
2020-12-31,PEP,identifier,"PepsiCo, Inc.",1.694848997819,2575177001.8,17364646.0,148.3,US7134481081,713448108
2020-12-31,CTSH,identifier,Cognizant Technology Solutions Corp.,0.362332473617,550532970.35,6717913.0,81.95,US1924461023,192446102
2020-12-31,TMUS,identifier,"T-Mobile US, Inc.",1.384150942166,2103098080.05,15595833.0,134.85,US8725901040,872590104
2020-12-31,AMD,identifier,"Advanced Micro Devices, Inc.",0.912167160578,1385959396.23,15112413.0,91.71000000000001,US0079031078,007903107
2020-12-31,VRTX,identifier,"Vertex Pharmaceuticals, Inc.",0.508243969329,772232914.44,3267466.0,236.34,US92532F1003,92532F100
2020-12-31,ADI,identifier,"Analog Devices, Inc.",0.451396895536,685858684.5,4642650.0,147.73,US0326541051,032654105
2020-12-31,MXIM,identifier,"Maxim Integrated Products, Inc.",0.195963668473,297749907.45,3358713.0,88.64999999999999,US57772K1016,57772K101
2020-12-31,AMAT,identifier,"Applied Materials, Inc.",0.651797509581,990350148.4,11475668.0,86.3,US0382221051,038222105
2020-12-31,TCOM,identifier,Trip.com Group Ltd.,0.145879368494,221651129.55,6571335.0,33.730000000000004,US89677Q1076,89677Q107
2020-12-31,EXC,identifier,Exelon Corp.,0.340623186426,517547579.22,12258351.0,42.22,US30161N1019,30161N101
2020-12-31,AEP,identifier,"American Electric Power Co., Inc.",0.341828295546,519378638.68,6237284.0,83.27,US0255371017,025537101
2020-12-31,MU,identifier,"Micron Technology, Inc.",0.69211649644,1051611374.52,13987914.0,75.17999999999999,US5951121038,595112103
2020-12-31,VRSK,identifier,"Verisk Analytics, Inc.",0.279123350999,424103878.92,2042988.0,207.59,US92345Y1064,92345Y106
2020-12-31,IDXX,identifier,"IDEXX Laboratories, Inc.",0.352612734907,535764664.96,1071808.0,499.87,US45168D1046,45168D104
2020-12-31,AMGN,identifier,"Amgen, Inc.",1.106929431323,1681883883.36,7315083.0,229.92,US0311621009,031162100
2020-12-31,PAYX,identifier,"Paychex, Inc.",0.277021913403,420910925.58,4517181.0,93.17999999999999,US7043261079,704326107
2020-12-31,MSFT,identifier,Microsoft Corp.,9.138723672889,13885503108.84,62429202.0,222.42000000000002,US5949181045,594918104
2020-12-31,CDW,identifier,CDW Corp.,0.155838825649,236783666.46,1796674.0,131.79,US12514G1085,12514G108
2020-12-31,MELI,identifier,"MercadoLibre, Inc.",0.689580385769,1047757972.9,625445.0,1675.22,US58733R1023,58733R102
2020-12-31,ISRG,identifier,"Intuitive Surgical, Inc.",0.79531906384,1208418782.4,1477104.0,818.1,US46120E6023,46120E602
2020-12-31,MDLZ,identifier,"Mondelez International, Inc.",0.691536221854,1050729697.29,17970407.0,58.47,US6092071058,609207105
2020-12-31,DLTR,identifier,"Dollar Tree, Inc.",0.21013809201,319286722.56,2955264.0,108.04,US2567461080,256746108
2020-12-31,PCAR,identifier,"PACCAR, Inc.",0.247191199783,375585726.84,4353103.0,86.27999999999999,US6937181088,693718108
2020-12-31,NXPI,identifier,NXP Semiconductors N.V.,0.367866716402,558941775.36,3515136.0,159.01,NL0009538784,N6596X109
2020-12-31,REGN,identifier,"Regeneron Pharmaceuticals, Inc.",0.418930521678,636528827.15,1317565.0,483.10999999999996,US75886F1075,75886F107
2020-12-31,BKNG,identifier,"Booking Holdings, Inc.",0.754361011302,1146186551.05,514615.0,2227.27,US09857L1089,09857L108
2020-12-31,NTES,identifier,"NetEase, Inc.",0.259266078723,393932464.86,4113318.0,95.77000000000001,US64110W1027,64110W102
2020-12-31,CPRT,identifier,"Copart, Inc.",0.248492181862,377562457.0,2967092.0,127.25,US2172041061,217204106
2020-12-31,GILD,identifier,"Gilead Sciences, Inc.",0.603949665885,917649473.1,15750935.0,58.26,US3755581036,375558103
2020-12-31,ZM,identifier,"Zoom Video Communications, Inc.",0.543288500093,825480059.04,2447172.0,337.32,US98980L1017,98980L101
2020-12-31,DOCU,identifier,DocuSign Inc,0.340405298965,517216518.0,2326660.0,222.3,US2561631068,256163106
2020-12-31,JD,identifier,"JD.com, Inc.",0.633469645831,962502538.8,10949972.0,87.89999999999999,US47215P1066,47215P106
2020-12-31,SNPS,identifier,"Synopsys, Inc.",0.325357059391,494352014.72,1906928.0,259.24,US8716071076,871607107
2020-12-31,SGEN,manual table,"Seagen, Inc.",0.261151719994,396797534.28,2265602.0,175.14,US81181C1045,81181C104
2020-12-31,ORLY,identifier,"O'Reilly Automotive, Inc.",0.271151121718,411990763.52,910336.0,452.57,US67103H1077,67103H107
2020-12-31,INCY,identifier,Incyte Corp.,0.15752630762,239347649.9,2751755.0,86.98,US45337C1027,45337C102
2020-12-31,CHTR,identifier,"Charter Communications, Inc.",1.093502939838,1661483486.55,2511501.0,661.55,US16119P1084,16119P108
2020-12-31,FAST,identifier,Fastenal Co.,0.231811646888,352217821.52,7213144.0,48.83,US3119001044,311900104
2020-12-31,EA,manual table,"Electronic Arts, Inc.",0.344215915598,523006421.6,3642106.0,143.6,US2855121099,285512109
2020-12-31,QCOM,identifier,"QUALCOMM, Inc.",1.424861634721,2164954469.22,14211333.0,152.33999999999997,US7475251036,747525103
2020-12-31,LRCX,"same company, other snapshot",Lam Research Corp.,0.562440042105,854579176.78,1809514.0,472.27,US5128071082,512807108
2020-12-31,TXN,identifier,"Texas Instruments, Inc.",1.245948166693,1893110872.08,11534216.0,164.13,US8825081040,882508104
2020-12-31,MRNA,identifier,"Moderna, Inc.",0.341870254016,519442390.96,4972168.0,104.47,US60770K1079,60770K107
2020-12-31,SIRI,SEC company list,"Sirius XM Holdings, Inc.",0.223858356326,340133481.87,53396151.0,6.37,US82968B1035,82968B103
2020-12-31,WDAY,identifier,"Workday, Inc.",0.356673917397,541935281.79,2261739.0,239.60999999999999,US98138H1014,98138H101
2020-12-31,ALGN,identifier,"Align Technology, Inc.",0.348461546199,529457291.44,990788.0,534.38,US0162551016,016255101
2020-12-31,CSX,identifier,CSX Corp.,0.573951376385,872069657.25,9609583.0,90.75,US1264081035,126408103
2020-12-31,EBAY,identifier,"eBay, Inc.",0.286459268727,435250173.75,8661695.0,50.25,US2786421030,278642103
2020-12-31,CTAS,identifier,Cintas Corp.,0.305823864198,464673007.86,1314641.0,353.46000000000004,US1729081059,172908105
2021-03-31,KHC,identifier,Kraft Heinz Co. (The),0.398500666723,612736400.0,15318410.0,40.0,US5007541064,500754106
2021-03-31,WBA,identifier,"Walgreens Boots Alliance, Inc.",0.386357666582,594065268.9,10820861.0,54.9,US9314271084,931427108
2021-03-31,MTCH,identifier,"Match Group, Inc.",0.300956036107,462751341.52,3368404.0,137.38,US57667L1070,57667L107
2021-03-31,MNST,identifier,Monster Beverage Corp.,0.391662761257,602222406.1,6611290.0,91.09,US61174X1090,61174X109
2021-03-31,CDNS,identifier,"Cadence Design Systems, Inc.",0.311261921181,478597716.31,3493669.0,136.99,US1273871087,127387108
2021-03-31,GOOGL,identifier,"Alphabet, Inc.",3.320049323579,5104922626.8,2475090.0,2062.52,US02079K3059,02079K305
2021-03-31,PYPL,identifier,"PayPal Holdings, Inc.",2.316466887448,3561809803.24,14667311.0,242.83999999999997,US70450Y1038,70450Y103
2021-03-31,MCHP,identifier,"Microchip Technology, Inc.",0.340419106827,523429934.82,3372181.0,155.22,US5950171042,595017104
2021-03-31,MRVL,manual table,Marvell Technology Group Ltd.,0.26800194548,412080985.0,8413250.0,48.98,BMG5876H1051,G5876H105
2021-03-31,NVDA,identifier,NVIDIA Corp.,2.696229653934,4145734724.38,7764566.0,533.9300000000001,US67066G1040,67066G104
2021-03-31,AMZN,identifier,"Amazon.com, Inc.",8.339521546363,12822885472.32,4144329.0,3094.08,US0231351067,023135106
2021-03-31,KLAC,identifier,KLA Corp.,0.41462307944,637526293.6,1929559.0,330.40000000000003,US4824801009,482480100
2021-03-31,GOOG,identifier,"Alphabet, Inc.",3.626588752691,5576259018.27,2695629.0,2068.63,US02079K1079,02079K107
2021-03-31,INTC,identifier,Intel Corp.,2.117909952676,3256507776.0,50882934.0,64.0,US4581401001,458140100
2021-03-31,INTU,identifier,"Intuit, Inc.",0.854388988667,1313712314.26,3429521.0,383.06,US4612021034,461202103
2021-03-31,MAR,identifier,"Marriott International, Inc.",0.391344286321,601732717.62,4062742.0,148.11,US5719032022,571903202
2021-03-31,BIIB,identifier,"Biogen, Inc.",0.347106412138,533712365.25,1907819.0,279.75,US09062X1037,09062X103
2021-03-31,AAPL,identifier,"Apple, Inc.",10.97589484519,16876584798.5,138162790.0,122.15,US0378331005,037833100
2021-03-31,CERN,manual table,Cerner Corp.,0.17932297074,275727798.48,3835946.0,71.88000000000001,US1567821046,156782104
2021-03-31,CHKP,identifier,Check Point Software Technologies Ltd.,0.127859378563,196597149.94,1755802.0,111.97,IL0010824113,M22465104
2021-03-31,ADP,identifier,"Automatic Data Processing, Inc.",0.656921460924,1010085364.12,5359396.0,188.47,US0530151036,053015103
2021-03-31,FISV,identifier,"Fiserv, Inc.",0.649078042462,998025288.96,8383949.0,119.04,US3377381088,337738108
2021-03-31,FOXA,identifier,Fox Corp.,0.098334788433,151200008.66,4187206.0,36.11,US35137L1052,35137L105
2021-03-31,TEAM,"same company, other snapshot",Atlassian Corp. PLC,0.228354289538,351118572.64,1665964.0,210.76,GB00BZ09BD16,G06242104
2021-03-31,ROST,identifier,"Ross Stores, Inc.",0.348141876777,535304500.29,4464219.0,119.91000000000001,US7782961038,778296103
2021-03-31,TSLA,identifier,"Tesla, Inc.",4.246522089661,6529471278.26,9775682.0,667.9300000000001,US88160R1014,88160R101
2021-03-31,LULU,identifier,"lululemon athletica, Inc.",0.312546279076,480572550.73,1566863.0,306.71000000000004,US5500211090,550021109
2021-03-31,ASML,identifier,ASML Holding N.V.,0.39087375099,601009220.4,973515.0,617.36,USN070592100,N07059210
2021-03-31,ILMN,identifier,"Illumina, Inc.",0.456363418278,701706424.5,1827075.0,384.06,US4523271090,452327109
2021-03-31,BIDU,identifier,"Baidu, Inc.",0.480824430963,739317786.55,3398381.0,217.54999999999998,US0567521085,056752108
2021-03-31,SWKS,identifier,"Skyworks Solutions, Inc.",0.246427985494,378908768.04,2065123.0,183.48000000000002,US83088M1027,83088M102
2021-03-31,VRSN,identifier,"VeriSign, Inc.",0.183088763838,281518098.72,1416372.0,198.76000000000002,US92343E1029,92343E102
2021-03-31,ADBE,identifier,"Adobe, Inc.",1.853328270135,2849685802.53,5994669.0,475.37000000000006,US00724F1012,00724F101
2021-03-31,ALXN,identifier,"Alexion Pharmaceuticals, Inc.",0.273793830407,420986613.06,2753166.0,152.91,US0153511094,015351109
2021-03-31,ADSK,identifier,"Autodesk, Inc.",0.496344543396,763181580.55,2753677.0,277.15,US0527691069,052769106
2021-03-31,SPLK,manual table,"Splunk, Inc.",0.178453763762,274391301.96,2025327.0,135.48,US8486371045,848637104
2021-03-31,XLNX,manual table,"Xilinx, Inc.",0.247511289693,380574461.4,3071626.0,123.89999999999999,US9839191015,983919101
2021-03-31,FOX,identifier,Fox Corp.,0.07288781278,112072625.56,3208492.0,34.93,US35137L2043,35137L204
2021-03-31,AVGO,identifier,"Broadcom, Inc.",1.541627944136,2370413993.02,5112397.0,463.65999999999997,US11135F1012,11135F101
2021-03-31,ANSS,manual table,"ANSYS, Inc.",0.239938328278,368930242.2,1086495.0,339.56,US03662Q1058,03662Q105
2021-03-31,META,identifier,"Facebook, Inc.",3.79201392036,5830617492.85,19796345.0,294.53000000000003,US30303M1027,30303M102
2021-03-31,COST,identifier,Costco Wholesale Corp.,1.271664655937,1955317238.72,5547314.0,352.48,US22160K1051,22160K105
2021-03-31,OKTA,identifier,"Okta, Inc.",0.217613066755,334602820.65,1517955.0,220.42999999999998,US6792951054,679295105
2021-03-31,PTON,identifier,"Peloton Interactive, Inc.",0.241434291739,371230442.28,3301587.0,112.44,US70614W1009,70614W100
2021-03-31,KDP,identifier,"Keurig Dr Pepper, Inc.",0.393946006184,605733133.67,17623891.0,34.37,US49271V1008,49271V100
2021-03-31,CMCSA,identifier,Comcast Corp.,2.014603952893,3097664010.63,57247533.0,54.11,US20030N1019,20030N101
2021-03-31,XEL,identifier,"Xcel Energy, Inc.",0.291249629988,447826728.24,6733224.0,66.51,US98389B1008,98389B100
2021-03-31,NFLX,identifier,"Netflix, Inc.",1.881775111715,2893425792.84,5546574.0,521.6600000000001,US64110L1061,64110L106
2021-03-31,PDD,identifier,"Pinduoduo, Inc.",0.376717167698,579241994.88,4326576.0,133.88,US7223041028,722304102
2021-03-31,DXCM,identifier,"DexCom, Inc.",0.281532959987,432886333.17,1204503.0,359.39,US2521311074,252131107
2021-03-31,ATVI,manual table,"Activision Blizzard, Inc.",0.58685213077,902346450.0,9702650.0,93.0,US00507V1098,00507V109
2021-03-31,CSCO,identifier,"Cisco Systems, Inc.",1.77807834332,2733981179.91,52871421.0,51.709999999999994,US17275R1023,17275R102
2021-03-31,SBUX,identifier,Starbucks Corp.,1.047753921289,1611031095.87,14743581.0,109.27,US8552441094,855244109
2021-03-31,PEP,identifier,"PepsiCo, Inc.",1.589421374786,2443901384.85,17277493.0,141.45,US7134481081,713448108
2021-03-31,CTSH,identifier,Cognizant Technology Solutions Corp.,0.337615259967,519118727.4,6645145.0,78.11999999999999,US1924461023,192446102
2021-03-31,TMUS,identifier,"T-Mobile US, Inc.",1.268219009915,1950019198.05,15564045.0,125.28999999999999,US8725901040,872590104
2021-03-31,AMD,identifier,"Advanced Micro Devices, Inc.",0.774485924549,1190853007.0,15170102.0,78.5,US0079031078,007903107
2021-03-31,VRTX,identifier,"Vertex Pharmaceuticals, Inc.",0.454961453426,699550757.1,3255390.0,214.89000000000001,US92532F1003,92532F100
2021-03-31,ADI,identifier,"Analog Devices, Inc.",0.465952123217,716450059.92,4619874.0,155.07999999999998,US0326541051,032654105
2021-03-31,MXIM,identifier,"Maxim Integrated Products, Inc.",0.199474940606,306713557.1,3356830.0,91.37,US57772K1016,57772K101
2021-03-31,AMAT,identifier,"Applied Materials, Inc.",0.998540937493,1535360992.8,11492223.0,133.6,US0382221051,038222105
2021-03-31,TCOM,identifier,Trip.com Group Ltd.,0.170052105476,261472874.76,6597852.0,39.629999999999995,US89677Q1076,89677Q107
2021-03-31,EXC,identifier,Exelon Corp.,0.347826407848,534819433.86,12227239.0,43.74,US30161N1019,30161N101
2021-03-31,AEP,identifier,"American Electric Power Co., Inc.",0.342594036974,526774117.1,6219293.0,84.7,US0255371017,025537101
2021-03-31,MU,identifier,"Micron Technology, Inc.",0.803709008717,1235786551.37,14009597.0,88.21,US5951121038,595112103
2021-03-31,VRSK,identifier,"Verisk Analytics, Inc.",0.234263877441,360205181.32,2038628.0,176.69,US92345Y1064,92345Y106
2021-03-31,IDXX,identifier,"IDEXX Laboratories, Inc.",0.340457704075,523489282.12,1069852.0,489.31,US45168D1046,45168D104
2021-03-31,AMGN,identifier,"Amgen, Inc.",1.17044555011,1799682290.79,7233159.0,248.81,US0311621009,031162100
2021-03-31,PAYX,identifier,"Paychex, Inc.",0.287907799059,442688314.12,4516306.0,98.02,US7043261079,704326107
2021-03-31,MSFT,identifier,Microsoft Corp.,9.517738225615,14634516685.89,62071157.0,235.76999999999998,US5949181045,594918104
2021-03-31,CDW,identifier,CDW Corp.,0.190338573275,292665438.0,1765704.0,165.75,US12514G1085,12514G108
2021-03-31,MELI,identifier,"MercadoLibre, Inc.",0.597991952665,919475089.76,624584.0,1472.1399999999999,US58733R1023,58733R102
2021-03-31,ISRG,identifier,"Intuitive Surgical, Inc.",0.708506172495,1089402246.38,1474277.0,738.94,US46120E6023,46120E602
2021-03-31,MDLZ,identifier,"Mondelez International, Inc.",0.673175043852,1035076945.62,17684554.0,58.53,US6092071058,609207105
2021-03-31,DLTR,identifier,"Dollar Tree, Inc.",0.219252571768,337123730.86,2945341.0,114.46000000000001,US2567461080,256746108
2021-03-31,PCAR,identifier,"PACCAR, Inc.",0.26256175333,403716121.32,4344771.0,92.92,US6937181088,693718108
2021-03-31,NXPI,identifier,NXP Semiconductors N.V.,0.454268523669,698485305.22,3469183.0,201.34,NL0009538784,N6596X109
2021-03-31,REGN,identifier,"Regeneron Pharmaceuticals, Inc.",0.405738222385,623864897.82,1318563.0,473.14000000000004,US75886F1075,75886F107
2021-03-31,BKNG,identifier,"Booking Holdings, Inc.",0.777259101506,1195117056.24,512961.0,2329.84,US09857L1089,09857L108
2021-03-31,NTES,identifier,"NetEase, Inc.",0.251985032236,387453307.86,3752211.0,103.26,US64110W1027,64110W102
2021-03-31,CPRT,identifier,"Copart, Inc.",0.209050970289,321437702.99,2959559.0,108.61,US2172041061,217204106
2021-03-31,GILD,identifier,"Gilead Sciences, Inc.",0.661462511441,1017067703.62,15736774.0,64.63,US3755581036,375558103
2021-03-31,ZM,identifier,"Zoom Video Communications, Inc.",0.533490093709,820296744.15,2553135.0,321.28999999999996,US98980L1017,98980L101
2021-03-31,DOCU,identifier,DocuSign Inc,0.307614615988,472989603.6,2336328.0,202.45000000000002,US2561631068,256163106
2021-03-31,JD,identifier,"JD.com, Inc.",0.570537909419,877261630.59,10402723.0,84.33,US47215P1066,47215P106
2021-03-31,SNPS,identifier,"Synopsys, Inc.",0.307513330238,472833866.18,1908281.0,247.78,US8716071076,871607107
2021-03-31,SGEN,manual table,"Seagen, Inc.",0.204893315,315044873.7,2268795.0,138.85999999999999,US81181C1045,81181C104
2021-03-31,ORLY,identifier,"O'Reilly Automotive, Inc.",0.290050093764,445982316.0,879216.0,507.25,US67103H1077,67103H107
2021-03-31,INCY,identifier,Incyte Corp.,0.145515532564,223745330.97,2753111.0,81.27,US45337C1027,45337C102
2021-03-31,CHTR,identifier,"Charter Communications, Inc.",0.973630742777,1497058966.46,2426273.0,617.02,US16119P1084,16119P108
2021-03-31,FAST,identifier,Fastenal Co.,0.235205993312,361653782.88,7192796.0,50.28,US3119001044,311900104
2021-03-31,EA,manual table,"Electronic Arts, Inc.",0.317117480846,487601250.93,3601989.0,135.37,US2855121099,285512109
2021-03-31,QCOM,identifier,"QUALCOMM, Inc.",1.226788956989,1886316164.15,14226685.0,132.59,US7475251036,747525103
2021-03-31,LRCX,"same company, other snapshot",Lam Research Corp.,0.69286610202,1065354004.36,1789789.0,595.24,US5128071082,512807108
2021-03-31,TXN,identifier,"Texas Instruments, Inc.",1.416518720406,2178045493.4,11524660.0,188.99,US8825081040,882508104
2021-03-31,MRNA,identifier,"Moderna, Inc.",0.426377023769,655599210.75,5006485.0,130.95,US60770K1079,60770K107
2021-03-31,SIRI,SEC company list,"Sirius XM Holdings, Inc.",0.205350727671,315748193.46,51846994.0,6.09,US82968B1035,82968B103
2021-03-31,WDAY,identifier,"Workday, Inc.",0.364223887094,560032270.98,2254286.0,248.43,US98138H1014,98138H101
2021-03-31,ALGN,identifier,"Align Technology, Inc.",0.349042826671,536689804.86,991062.0,541.53,US0162551016,016255101
2021-03-31,CSX,identifier,CSX Corp.,0.598812869486,920737335.12,9549236.0,96.42,US1264081035,126408103
2021-03-31,EBAY,identifier,"eBay, Inc.",0.339395629368,521856231.32,8521493.0,61.24,US2786421030,278642103
2021-03-31,CTAS,identifier,Cintas Corp.,0.291951723889,448906270.95,1315245.0,341.31,US1729081059,172908105
2021-06-30,KHC,identifier,Kraft Heinz Co. (The),0.365192626871,646426779.92,15851564.0,40.779999999999994,US5007541064,500754106
2021-06-30,WBA,identifier,"Walgreens Boots Alliance, Inc.",0.332947648329,589350004.23,11202243.0,52.61,US9314271084,931427108
2021-06-30,MTCH,identifier,"Match Group, Inc.",0.319084492783,564810858.75,3502703.0,161.25,US57667L1070,57667L107
2021-06-30,MNST,identifier,Monster Beverage Corp.,0.353507536699,625743023.85,6849951.0,91.35000000000001,US61174X1090,61174X109
2021-06-30,CDNS,identifier,"Cadence Design Systems, Inc.",0.278738679745,493394811.2,3606160.0,136.82,US1273871087,127387108
2021-06-30,GOOGL,identifier,"Alphabet, Inc.",3.533253617299,6254205562.8,2561320.0,2441.79,US02079K3059,02079K305
2021-06-30,PYPL,identifier,"PayPal Holdings, Inc.",2.506924980679,4437503179.2,15224040.0,291.47999999999996,US70450Y1038,70450Y103
2021-06-30,MCHP,identifier,"Microchip Technology, Inc.",0.299875543172,530809133.28,3544872.0,149.73999999999998,US5950171042,595017104
2021-06-30,NVDA,identifier,NVIDIA Corp.,3.64946470386,6459910587.9,8073879.0,800.0999999999999,US67066G1040,67066G104
2021-06-30,AMZN,identifier,"Amazon.com, Inc.",8.347258519536,14775466559.04,4294994.0,3440.1600000000003,US0231351067,023135106
2021-06-30,KLAC,identifier,KLA Corp.,0.363844011666,644039598.69,1986489.0,324.21000000000004,US4824801009,482480100
2021-06-30,GOOG,identifier,"Alphabet, Inc.",3.901937038151,6906811390.56,2755758.0,2506.32,US02079K1079,02079K107
2021-06-30,INTC,identifier,Intel Corp.,1.659713520438,2937855771.62,52330883.0,56.14,US4581401001,458140100
2021-06-30,INTU,identifier,"Intuit, Inc.",0.980674452651,1735889998.68,3541404.0,490.17,US4612021034,461202103
2021-06-30,MAR,identifier,"Marriott International, Inc.",0.325487596454,576144980.48,4220224.0,136.52,US5719032022,571903202
2021-06-30,BIIB,identifier,"Biogen, Inc.",0.381665808846,675585928.26,1951038.0,346.27,US09062X1037,09062X103
2021-06-30,AAPL,identifier,"Apple, Inc.",10.99633320167,19464588656.64,142118784.0,136.96,US0378331005,037833100
2021-06-30,CERN,manual table,Cerner Corp.,0.172424649717,305208547.2,3904920.0,78.16,US1567821046,156782104
2021-06-30,CHKP,identifier,Check Point Software Technologies Ltd.,0.115033772991,203621064.57,1753389.0,116.13,IL0010824113,M22465104
2021-06-30,ADP,identifier,"Automatic Data Processing, Inc.",0.618772931214,1095288798.28,5514494.0,198.62,US0530151036,053015103
2021-06-30,FISV,identifier,"Fiserv, Inc.",0.521799963658,923637131.34,8641006.0,106.89,US3377381088,337738108
2021-06-30,FOXA,identifier,Fox Corp.,0.088874643949,157316839.6,4236920.0,37.129999999999995,US35137L1052,35137L105
2021-06-30,TEAM,"same company, other snapshot",Atlassian Corp. PLC,0.25442198032,450351867.42,1753297.0,256.86,GB00BZ09BD16,G06242104
2021-06-30,ROST,identifier,"Ross Stores, Inc.",0.323754460615,573077160.0,4621590.0,124.0,US7782961038,778296103
2021-06-30,TSLA,identifier,"Tesla, Inc.",3.898621432244,6900942442.8,10152924.0,679.7,US88160R1014,88160R101
2021-06-30,LULU,identifier,"lululemon athletica, Inc.",0.334333165013,591802504.7,1621510.0,364.97,US5500211090,550021109
2021-06-30,MRVL,identifier,"Marvell Technology, Inc.",0.349877427881,619317375.08,10617476.0,58.330000000000005,US5738741041,573874104
2021-06-30,ASML,identifier,ASML Holding N.V.,0.401853403684,711319951.8,1029645.0,690.8399999999999,USN070592100,N07059210
2021-06-30,ILMN,identifier,"Illumina, Inc.",0.505797360653,895310953.95,1891995.0,473.21000000000004,US4523271090,452327109
2021-06-30,BIDU,identifier,"Baidu, Inc.",0.386790337804,684656847.3,3357807.0,203.89999999999998,US0567521085,056752108
2021-06-30,SWKS,identifier,"Skyworks Solutions, Inc.",0.23176241975,410242222.0,2139464.0,191.75,US83088M1027,83088M102
2021-06-30,VRSN,identifier,"VeriSign, Inc.",0.187734020227,332307635.06,1459474.0,227.69,US92343E1029,92343E102
2021-06-30,ADBE,identifier,"Adobe, Inc.",2.049500331827,3627816671.16,6194619.0,585.64,US00724F1012,00724F101
2021-06-30,ALXN,identifier,"Alexion Pharmaceuticals, Inc.",0.297277989361,526211208.18,2864358.0,183.71,US0153511094,015351109
2021-06-30,ADSK,identifier,"Autodesk, Inc.",0.470313059547,832500259.5,2852005.0,291.9,US0527691069,052769106
2021-06-30,SPLK,manual table,"Splunk, Inc.",0.173500105492,307112209.44,2124168.0,144.58,US8486371045,848637104
2021-06-30,XLNX,manual table,"Xilinx, Inc.",0.260336833706,460821738.24,3185991.0,144.64000000000001,US9839191015,983919101
2021-06-30,FOX,identifier,Fox Corp.,0.065272156787,115538121.6,3282333.0,35.199999999999996,US35137L2043,35137L204
2021-06-30,AVGO,identifier,"Broadcom, Inc.",1.425440092679,2523168819.08,5291437.0,476.84,US11135F1012,11135F101
2021-06-30,ANSS,manual table,"ANSYS, Inc.",0.221446514829,391982058.16,1129436.0,347.06,US03662Q1058,03662Q105
2021-06-30,META,identifier,"Facebook, Inc.",4.008416387907,7095290286.7,20405770.0,347.71,US30303M1027,30303M102
2021-06-30,COST,identifier,Costco Wholesale Corp.,1.281943107313,2269165075.98,5734994.0,395.67,US22160K1051,22160K105
2021-06-30,OKTA,identifier,"Okta, Inc.",0.224020046186,396537461.16,1620637.0,244.68,US6792951054,679295105
2021-06-30,PTON,identifier,"Peloton Interactive, Inc.",0.24402343015,431945413.38,3482869.0,124.02,US70614W1009,70614W100
2021-06-30,KDP,identifier,"Keurig Dr Pepper, Inc.",0.365695829938,647317498.72,18368828.0,35.24,US49271V1008,49271V100
2021-06-30,CMCSA,identifier,Comcast Corp.,1.9140192872,3388001929.64,59417782.0,57.019999999999996,US20030N1019,20030N101
2021-06-30,XEL,identifier,"Xcel Energy, Inc.",0.259597325681,459512736.48,6974996.0,65.88000000000001,US98389B1008,98389B100
2021-06-30,NFLX,identifier,"Netflix, Inc.",1.714717527715,3035218261.14,5746234.0,528.2099999999999,US64110L1061,64110L106
2021-06-30,PDD,identifier,"Pinduoduo, Inc.",0.351846564311,622802939.76,4903188.0,127.02,US7223041028,722304102
2021-06-30,DXCM,identifier,"DexCom, Inc.",0.302332291579,535157819.0,1253297.0,427.0,US2521311074,252131107
2021-06-30,ATVI,manual table,"Activision Blizzard, Inc.",0.542938632646,961054649.44,10069726.0,95.44000000000001,US00507V1098,00507V109
2021-06-30,CSCO,identifier,"Cisco Systems, Inc.",1.635256365048,2894564207.0,54614419.0,53.0,US17275R1023,17275R102
2021-06-30,SBUX,identifier,Starbucks Corp.,0.964560524191,1707366764.31,15270251.0,111.81,US8552441094,855244109
2021-06-30,PEP,identifier,"PepsiCo, Inc.",1.498808908222,2653038821.07,17905371.0,148.17000000000002,US7134481081,713448108
2021-06-30,CTSH,identifier,Cognizant Technology Solutions Corp.,0.267442252136,473399026.0,6835100.0,69.26,US1924461023,192446102
2021-06-30,TMUS,identifier,"T-Mobile US, Inc.",1.322113249773,2340270169.37,16158739.0,144.82999999999998,US8725901040,872590104
2021-06-30,AMD,identifier,"Advanced Micro Devices, Inc.",0.835570405887,1479041599.23,15746211.0,93.93,US0079031078,007903107
2021-06-30,VRTX,identifier,"Vertex Pharmaceuticals, Inc.",0.382143420897,676431348.45,3354815.0,201.63000000000002,US92532F1003,92532F100
2021-06-30,ADI,identifier,"Analog Devices, Inc.",0.464895908991,822911371.52,4779922.0,172.16,US0326541051,032654105
2021-06-30,MXIM,identifier,"Maxim Integrated Products, Inc.",0.207007055884,366422799.12,3477817.0,105.36,US57772K1016,57772K101
2021-06-30,AMAT,identifier,"Applied Materials, Inc.",0.95288250965,1686695532.8,11844772.0,142.4,US0382221051,038222105
2021-06-30,TCOM,identifier,Trip.com Group Ltd.,0.136777044324,242108788.14,6827659.0,35.46,US89677Q1076,89677Q107
2021-06-30,EXC,identifier,Exelon Corp.,0.317005407538,561130673.88,12663748.0,44.31,US30161N1019,30161N101
2021-06-30,AEP,identifier,"American Electric Power Co., Inc.",0.309506017064,547856016.95,6476605.0,84.59,US0255371017,025537101
2021-06-30,MU,identifier,"Micron Technology, Inc.",0.697710451833,1235015954.62,14533019.0,84.97999999999999,US5951121038,595112103
2021-06-30,VRSK,identifier,"Verisk Analytics, Inc.",0.207337812465,367008270.72,2100551.0,174.72000000000003,US92345Y1064,92345Y106
2021-06-30,IDXX,identifier,"IDEXX Laboratories, Inc.",0.394344007935,698027584.55,1105261.0,631.55,US45168D1046,45168D104
2021-06-30,AMGN,identifier,"Amgen, Inc.",1.025353004344,1814975418.75,7446053.0,243.75,US0311621009,031162100
2021-06-30,PAYX,identifier,"Paychex, Inc.",0.283098267296,501111708.9,4670193.0,107.3,US7043261079,704326107
2021-06-30,MSFT,identifier,Microsoft Corp.,9.816446685322,17376073759.8,64142022.0,270.9,US5949181045,594918104
2021-06-30,CDW,identifier,CDW Corp.,0.17927726659,317338351.4,1816996.0,174.64999999999998,US12514G1085,12514G108
2021-06-30,MELI,identifier,"MercadoLibre, Inc.",0.568622557859,1006517717.01,646119.0,1557.79,US58733R1023,58733R102
2021-06-30,ISRG,identifier,"Intuitive Surgical, Inc.",0.797311221162,1411319088.52,1534643.0,919.64,US46120E6023,46120E602
2021-06-30,MDLZ,identifier,"Mondelez International, Inc.",0.64216110935,1136688168.28,18204487.0,62.44,US6092071058,609207105
2021-06-30,DLTR,identifier,"Dollar Tree, Inc.",0.168973956982,299100482.5,3006035.0,99.5,US2567461080,256746108
2021-06-30,PCAR,identifier,"PACCAR, Inc.",0.226846806918,401541105.0,4499060.0,89.25,US6937181088,693718108
2021-06-30,NXPI,identifier,NXP Semiconductors N.V.,0.415327749867,735170866.56,3573648.0,205.71999999999997,NL0009538784,N6596X109
2021-06-30,REGN,identifier,"Regeneron Pharmaceuticals, Inc.",0.428136307159,757843269.66,1356829.0,558.54,US75886F1075,75886F107
2021-06-30,BKNG,identifier,"Booking Holdings, Inc.",0.657606977616,1164028870.56,531984.0,2188.0899999999997,US09857L1089,09857L108
2021-06-30,NTES,identifier,"NetEase, Inc.",0.25424296896,450034999.75,3904859.0,115.25,US64110W1027,64110W102
2021-06-30,CPRT,identifier,"Copart, Inc.",0.228341332233,404186561.44,3065968.0,131.83,US2172041061,217204106
2021-06-30,GILD,identifier,"Gilead Sciences, Inc.",0.632295749083,1119225512.68,16253638.0,68.86,US3755581036,375558103
2021-06-30,ZM,identifier,"Zoom Video Communications, Inc.",0.669526099194,1185126885.18,3062106.0,387.03000000000003,US98980L1017,98980L101
2021-06-30,DOCU,identifier,DocuSign Inc,0.398231392542,704908636.71,2521403.0,279.57,US2561631068,256163106
2021-06-30,JD,identifier,"JD.com, Inc.",0.470875939877,833496612.91,10443511.0,79.81,US47215P1066,47215P106
2021-06-30,SNPS,identifier,"Synopsys, Inc.",0.308075410998,545323703.85,1977315.0,275.79,US8716071076,871607107
2021-06-30,SGEN,manual table,"Seagen, Inc.",0.209774053263,371320655.96,2351917.0,157.88,US81181C1045,81181C104
2021-06-30,ORLY,identifier,"O'Reilly Automotive, Inc.",0.289219071135,511946132.23,904163.0,566.21,US67103H1077,67103H107
2021-06-30,INCY,identifier,Incyte Corp.,0.13545733407,239772771.51,2850027.0,84.13,US45337C1027,45337C102
2021-06-30,CHTR,identifier,"Charter Communications, Inc.",0.996552936479,1763996472.95,2445071.0,721.45,US16119P1084,16119P108
2021-06-30,FAST,identifier,Fastenal Co.,0.218706604469,387132148.0,7444849.0,52.0,US3119001044,311900104
2021-06-30,EA,manual table,"Electronic Arts, Inc.",0.301362645548,533441450.39,3708833.0,143.82999999999998,US2855121099,285512109
2021-06-30,QCOM,identifier,"QUALCOMM, Inc.",1.180393196893,2089411771.11,14618427.0,142.93,US7475251036,747525103
2021-06-30,LRCX,"same company, other snapshot",Lam Research Corp.,0.67944055613,1202676446.7,1848281.0,650.7,US5128071082,512807108
2021-06-30,TXN,identifier,"Texas Instruments, Inc.",1.300236624363,2301546396.0,11968520.0,192.3,US8825081040,882508104
2021-06-30,MRNA,identifier,"Moderna, Inc.",0.690777287132,1222743572.86,5203607.0,234.98,US60770K1079,60770K107
2021-06-30,SIRI,SEC company list,"Sirius XM Holdings, Inc.",0.195873733393,346715725.98,53014637.0,6.54,US82968B1035,82968B103
2021-06-30,WDAY,identifier,"Workday, Inc.",0.330345514518,584743972.08,2449292.0,238.74,US98138H1014,98138H101
2021-06-30,ALGN,identifier,"Align Technology, Inc.",0.354025879238,626660541.0,1025631.0,611.0,US0162551016,016255101
2021-06-30,CSX,identifier,CSX Corp.,0.533673578808,944654595.12,29446839.0,32.08,US1264081035,126408103
2021-06-30,EBAY,identifier,"eBay, Inc.",0.350191717714,619873698.92,8828852.0,70.21,US2786421030,278642103
2021-06-30,CTAS,identifier,Cintas Corp.,0.293799122211,520053272.0,1361396.0,382.0,US1729081059,172908105
2021-09-30,KHC,identifier,Kraft Heinz Co. (The),0.322766640584,588935053.14,15994977.0,36.82,US5007541064,500754106
2021-09-30,WBA,identifier,"Walgreens Boots Alliance, Inc.",0.291615084574,532094472.4,11309128.0,47.05,US9314271084,931427108
2021-09-30,MTCH,identifier,"Match Group, Inc.",0.311384629171,568166904.72,3619128.0,156.99,US57667L1070,57667L107
2021-09-30,MNST,identifier,Monster Beverage Corp.,0.336636216763,614242128.15,6914805.0,88.83,US61174X1090,61174X109
2021-09-30,CDNS,identifier,"Cadence Design Systems, Inc.",0.300342685461,548019259.68,3618722.0,151.44,US1273871087,127387108
2021-09-30,GOOGL,identifier,"Alphabet, Inc.",3.790308669166,6915973823.84,2586842.0,2673.52,US02079K3059,02079K305
2021-09-30,PYPL,identifier,"PayPal Holdings, Inc.",2.190859765267,3997544820.44,15362764.0,260.21,US70450Y1038,70450Y103
2021-09-30,CRWD,identifier,"Crowdstrike Holdings, Inc.",0.350890144937,640250509.72,2604974.0,245.78,US22788C1053,22788C105
2021-09-30,MCHP,identifier,"Microchip Technology, Inc.",0.301393042857,549935790.73,3582877.0,153.49,US5950171042,595017104
2021-09-30,NVDA,identifier,NVIDIA Corp.,3.710967715226,6771204622.04,32685869.0,207.16,US67066G1040,67066G104
2021-09-30,AMZN,identifier,"Amazon.com, Inc.",7.83383714644,14293984309.44,4351236.0,3285.04,US0231351067,023135106
2021-09-30,KLAC,identifier,KLA Corp.,0.36609430013,667992719.79,1996929.0,334.51,US4824801009,482480100
2021-09-30,GOOG,identifier,"Alphabet, Inc.",4.018193290703,7331782723.58,2750818.0,2665.31,US02079K1079,02079K107
2021-09-30,INTC,identifier,Intel Corp.,1.548854778817,2826112605.12,53042654.0,53.28,US4581401001,458140100
2021-09-30,INTU,identifier,"Intuit, Inc.",1.056363228809,1927489573.17,3572667.0,539.51,US4612021034,461202103
2021-09-30,MAR,identifier,"Marriott International, Inc.",0.345562833712,630530049.41,4257749.0,148.09,US5719032022,571903202
2021-09-30,BIIB,identifier,"Biogen, Inc.",0.302204229484,551415919.65,1948535.0,282.99,US09062X1037,09062X103
2021-09-30,AAPL,identifier,"Apple, Inc.",11.0138639719,20096409442.5,142024095.0,141.5,US0378331005,037833100
2021-09-30,CERN,manual table,Cerner Corp.,0.149361688609,272532297.2,3864610.0,70.52,US1567821046,156782104
2021-09-30,CHKP,identifier,Check Point Software Technologies Ltd.,0.107566218414,196270334.64,1736291.0,113.03999999999999,IL0010824113,M22465104
2021-09-30,ADP,identifier,"Automatic Data Processing, Inc.",0.606067103651,1105858279.68,5531504.0,199.92000000000002,US0530151036,053015103
2021-09-30,FISV,identifier,"Fiserv, Inc.",0.514827498274,939378244.0,8657864.0,108.5,US3377381088,337738108
2021-09-30,FOXA,identifier,Fox Corp.,0.09294552768,169592741.01,4228191.0,40.11,US35137L1052,35137L105
2021-09-30,TEAM,"same company, other snapshot",Atlassian Corp. PLC,0.385108529911,702686969.5,1795225.0,391.42,GB00BZ09BD16,G06242104
2021-09-30,ROST,identifier,"Ross Stores, Inc.",0.278538759598,508234800.5,4669130.0,108.85,US7782961038,778296103
2021-09-30,TSLA,identifier,"Tesla, Inc.",4.526911027633,8260012812.32,10651484.0,775.48,US88160R1014,88160R101
2021-09-30,LULU,identifier,"lululemon athletica, Inc.",0.362349180175,661159199.4,1633702.0,404.7,US5500211090,550021109
2021-09-30,MRVL,identifier,"Marvell Technology, Inc.",0.355914609309,649418381.55,10768005.0,60.309999999999995,US5738741041,573874104
2021-09-30,ASML,identifier,ASML Holding N.V.,0.434784225386,793327558.32,1064712.0,745.11,USN070592100,N07059210
2021-09-30,ILMN,identifier,"Illumina, Inc.",0.454839339813,829921054.66,2046106.0,405.60999999999996,US4523271090,452327109
2021-09-30,BIDU,identifier,"Baidu, Inc.",0.278374598768,507935265.0,3303644.0,153.75,US0567521085,056752108
2021-09-30,SWKS,identifier,"Skyworks Solutions, Inc.",0.194987667013,355783583.54,2159143.0,164.78,US83088M1027,83088M102
2021-09-30,VRSN,identifier,"VeriSign, Inc.",0.164339081737,299860746.64,1462664.0,205.01,US92343E1029,92343E102
2021-09-30,ADBE,identifier,"Adobe, Inc.",1.965282956598,3585946863.6,6228630.0,575.72,US00724F1012,00724F101
2021-09-30,ADSK,identifier,"Autodesk, Inc.",0.449570604408,820307474.52,2876556.0,285.17,US0527691069,052769106
2021-09-30,SPLK,manual table,"Splunk, Inc.",0.169969553744,310134368.24,2143144.0,144.71,US8486371045,848637104
2021-09-30,XLNX,manual table,"Xilinx, Inc.",0.267734777031,488521350.45,3235455.0,150.99,US9839191015,983919101
2021-09-30,FOX,identifier,Fox Corp.,0.066861877429,121999297.28,3286619.0,37.12,US35137L2043,35137L204
2021-09-30,AVGO,identifier,"Broadcom, Inc.",1.425550153951,2601125240.67,5363919.0,484.93,US11135F1012,11135F101
2021-09-30,ANSS,manual table,"ANSYS, Inc.",0.212847837263,388372082.45,1140761.0,340.45,US03662Q1058,03662Q105
2021-09-30,META,identifier,"Facebook, Inc.",3.809586146335,6951148407.0,20481300.0,339.39,US30303M1027,30303M102
2021-09-30,COST,identifier,Costco Wholesale Corp.,1.423366091667,2597140098.85,5779771.0,449.34999999999997,US22160K1051,22160K105
2021-09-30,OKTA,identifier,"Okta, Inc.",0.243962014994,445144461.04,1875556.0,237.34,US6792951054,679295105
2021-09-30,PTON,identifier,"Peloton Interactive, Inc.",0.169353582388,309010438.2,3549804.0,87.05,US70614W1009,70614W100
2021-09-30,KDP,identifier,"Keurig Dr Pepper, Inc.",0.346956277128,633072591.2,18532570.0,34.160000000000004,US49271V1008,49271V100
2021-09-30,CMCSA,identifier,Comcast Corp.,1.835601958843,3349324872.04,59884228.0,55.93,US20030N1019,20030N101
2021-09-30,XEL,identifier,"Xcel Energy, Inc.",0.241132515823,439981625.0,7039706.0,62.5,US98389B1008,98389B100
2021-09-30,NFLX,identifier,"Netflix, Inc.",1.935623503695,3531828843.72,5786658.0,610.3399999999999,US64110L1061,64110L106
2021-09-30,PDD,identifier,"Pinduoduo, Inc.",0.248182089381,452844605.42,4994426.0,90.67,US7223041028,722304102
2021-09-30,DXCM,identifier,"DexCom, Inc.",0.379112117102,691745635.26,1264941.0,546.86,US2521311074,252131107
2021-09-30,ATVI,manual table,"Activision Blizzard, Inc.",0.431263232382,786902990.41,10168019.0,77.39,US00507V1098,00507V109
2021-09-30,CSCO,identifier,"Cisco Systems, Inc.",1.643594002328,2998978207.13,55097891.0,54.43,US17275R1023,17275R102
2021-09-30,SBUX,identifier,Starbucks Corp.,0.931983307878,1700540173.41,15416011.0,110.31,US8552441094,855244109
2021-09-30,PEP,identifier,"PepsiCo, Inc.",1.489563623627,2717927200.43,18070123.0,150.41,US7134481081,713448108
2021-09-30,CTSH,identifier,Cognizant Technology Solutions Corp.,0.279484820572,509961027.44,6871864.0,74.21,US1924461023,192446102
2021-09-30,TMUS,identifier,"T-Mobile US, Inc.",1.142444001405,2084556562.16,16316191.0,127.76,US8725901040,872590104
2021-09-30,AMD,identifier,"Advanced Micro Devices, Inc.",0.894341707125,1631857554.6,15858674.0,102.89999999999999,US0079031078,007903107
2021-09-30,VRTX,identifier,"Vertex Pharmaceuticals, Inc.",0.337176768567,615228444.16,3391744.0,181.39,US92532F1003,92532F100
2021-09-30,ADI,identifier,"Analog Devices, Inc.",0.644923803432,1176758024.8,7026260.0,167.48,US0326541051,032654105
2021-09-30,AMAT,identifier,"Applied Materials, Inc.",0.832865850503,1519685841.87,11805219.0,128.73,US0382221051,038222105
2021-09-30,TCOM,identifier,Trip.com Group Ltd.,0.116352240933,212301720.75,6904121.0,30.75,US89677Q1076,89677Q107
2021-09-30,EXC,identifier,Exelon Corp.,0.338698597244,618005243.68,12784552.0,48.339999999999996,US30161N1019,30161N101
2021-09-30,AEP,identifier,"American Electric Power Co., Inc.",0.290990344638,530954542.8,6540460.0,81.18,US0255371017,025537101
2021-09-30,MU,identifier,"Micron Technology, Inc.",0.572557921774,1044715864.92,14718454.0,70.98,US5951121038,595112103
2021-09-30,VRSK,identifier,"Verisk Analytics, Inc.",0.231540276402,422479177.96,2109548.0,200.26999999999998,US92345Y1064,92345Y106
2021-09-30,IDXX,identifier,"IDEXX Laboratories, Inc.",0.379118226746,691756783.2,1112328.0,621.9000000000001,US45168D1046,45168D104
2021-09-30,AMGN,identifier,"Amgen, Inc.",0.865246975922,1578769952.25,7424265.0,212.65,US0311621009,031162100
2021-09-30,PAYX,identifier,"Paychex, Inc.",0.289932526482,529024398.5,4704530.0,112.45,US7043261079,704326107
2021-09-30,MSFT,identifier,Microsoft Corp.,9.975960156925,18202601776.0,64566550.0,281.92,US5949181045,594918104
2021-09-30,CDW,identifier,CDW Corp.,0.179332605146,327218628.14,1797707.0,182.01999999999998,US12514G1085,12514G108
2021-09-30,HON,SEC company list,"Honeywell International, Inc.",1.050147097612,1916147330.52,9026509.0,212.28,US4385161066,438516106
2021-09-30,MELI,identifier,"MercadoLibre, Inc.",0.598184683195,1091475648.0,649920.0,1679.4,US58733R1023,58733R102
2021-09-30,ISRG,identifier,"Intuitive Surgical, Inc.",0.847559063719,1546495763.4,1555596.0,994.1500000000001,US46120E6023,46120E602
2021-09-30,MDLZ,identifier,"Mondelez International, Inc.",0.582723280395,1063264051.96,18275422.0,58.18,US6092071058,609207105
2021-09-30,DLTR,identifier,"Dollar Tree, Inc.",0.154259914754,281469828.88,2940554.0,95.72,US2567461080,256746108
2021-09-30,PCAR,identifier,"PACCAR, Inc.",0.196322781233,358219695.16,4539023.0,78.92,US6937181088,693718108
2021-09-30,NXPI,identifier,NXP Semiconductors N.V.,0.372115263424,678978849.99,3466477.0,195.87,NL0009538784,N6596X109
2021-09-30,REGN,identifier,"Regeneron Pharmaceuticals, Inc.",0.455772880697,831624436.86,1374177.0,605.1800000000001,US75886F1075,75886F107
2021-09-30,BKNG,identifier,"Booking Holdings, Inc.",0.698367796517,1274274425.04,536792.0,2373.87,US09857L1089,09857L108
2021-09-30,NTES,identifier,"NetEase, Inc.",0.184082192525,335884946.6,3933079.0,85.4,US64110W1027,64110W102
2021-09-30,CPRT,identifier,"Copart, Inc.",0.23515374095,429072473.76,3093083.0,138.72,US2172041061,217204106
2021-09-30,GILD,identifier,"Gilead Sciences, Inc.",0.627536455953,1145032260.35,16392731.0,69.85,US3755581036,375558103
2021-09-30,ZM,identifier,"Zoom Video Communications, Inc.",0.45109317759,823085632.5,3147555.0,261.5,US98980L1017,98980L101
2021-09-30,DOCU,identifier,DocuSign Inc,0.359390105683,655759934.19,2547333.0,257.43,US2561631068,256163106
2021-09-30,JD,identifier,"JD.com, Inc.",0.408611525326,745571630.16,10320759.0,72.24,US47215P1066,47215P106
2021-09-30,SNPS,identifier,"Synopsys, Inc.",0.327183629656,596994497.23,1993903.0,299.41,US8716071076,871607107
2021-09-30,SGEN,manual table,"Seagen, Inc.",0.221361487936,403906486.2,2378719.0,169.79999999999998,US81181C1045,81181C104
2021-09-30,ORLY,identifier,"O'Reilly Automotive, Inc.",0.301922775239,550902365.12,901552.0,611.0600000000001,US67103H1077,67103H107
2021-09-30,INCY,identifier,Incyte Corp.,0.108837027995,198589113.02,2887309.0,68.78,US45337C1027,45337C102
2021-09-30,CHTR,identifier,"Charter Communications, Inc.",0.958304749502,1748567502.36,2403331.0,727.56,US16119P1084,16119P108
2021-09-30,FAST,identifier,Fastenal Co.,0.212541132852,387812455.29,7514289.0,51.61,US3119001044,311900104
2021-09-30,EA,manual table,"Electronic Arts, Inc.",0.290068922758,529273273.5,3720726.0,142.25,US2855121099,285512109
2021-09-30,QCOM,identifier,"QUALCOMM, Inc.",1.042488191649,1902172533.8,14747810.0,128.98,US7475251036,747525103
2021-09-30,LRCX,"same company, other snapshot",Lam Research Corp.,0.578918006726,1056320772.3,1855962.0,569.15,US5128071082,512807108
2021-09-30,TXN,identifier,"Texas Instruments, Inc.",1.271506097812,2320049277.48,12070388.0,192.21,US8825081040,882508104
2021-09-30,MRNA,identifier,"Moderna, Inc.",1.11312986942,2031068630.92,5277422.0,384.86,US60770K1079,60770K107
2021-09-30,SIRI,SEC company list,"Sirius XM Holdings, Inc.",0.177040225601,323035845.6,52956696.0,6.1000000000000005,US82968B1035,82968B103
2021-09-30,WDAY,identifier,"Workday, Inc.",0.341998038468,624025557.89,2497201.0,249.89,US98138H1014,98138H101
2021-09-30,ALGN,identifier,"Align Technology, Inc.",0.376748631,687433108.38,1033066.0,665.43,US0162551016,016255101
2021-09-30,CSX,identifier,CSX Corp.,0.480430013796,876614990.92,29475958.0,29.74,US1264081035,126408103
2021-09-30,EBAY,identifier,"eBay, Inc.",0.324517901591,592130485.58,8499074.0,69.67,US2786421030,278642103
2021-09-30,CTAS,identifier,Cintas Corp.,0.280854022861,512459337.74,1346239.0,380.66,US1729081059,172908105
2021-12-31,KHC,identifier,Kraft Heinz Co. (The),0.291447735344,629398225.6,17531984.0,35.9,US5007541064,500754106
2021-12-31,WBA,identifier,"Walgreens Boots Alliance, Inc.",0.299454780993,646689903.36,12398196.0,52.160000000000004,US9314271084,931427108
2021-12-31,MTCH,identifier,"Match Group, Inc.",0.248303371473,536225478.75,4054635.0,132.25,US57667L1070,57667L107
2021-12-31,MNST,identifier,Monster Beverage Corp.,0.337047486105,727873522.32,7578858.0,96.04,US61174X1090,61174X109
2021-12-31,CDNS,identifier,"Cadence Design Systems, Inc.",0.34253035235,739714088.8,3969488.0,186.35,US1273871087,127387108
2021-12-31,GOOGL,identifier,"Alphabet, Inc.",3.483788213079,7523441954.64,2596941.0,2897.04,US02079K3059,02079K305
2021-12-31,PYPL,identifier,"PayPal Holdings, Inc.",1.469528770803,3173532296.34,16828573.0,188.58,US70450Y1038,70450Y103
2021-12-31,CRWD,identifier,"Crowdstrike Holdings, Inc.",0.279518320426,603635964.75,2948161.0,204.75,US22788C1053,22788C105
2021-12-31,MCHP,identifier,"Microchip Technology, Inc.",0.320390610507,691902036.96,7947416.0,87.06,US5950171042,595017104
2021-12-31,NVDA,identifier,NVIDIA Corp.,4.136657526276,8933350962.13,30374183.0,294.10999999999996,US67066G1040,67066G104
2021-12-31,AMZN,identifier,"Amazon.com, Inc.",6.760051026021,14598720815.96,4378294.0,3334.3399999999997,US0231351067,023135106
2021-12-31,KLAC,identifier,KLA Corp.,0.432527317959,934067736.45,2171695.0,430.11,US4824801009,482480100
2021-12-31,GOOG,identifier,"Alphabet, Inc.",3.675430919612,7937305453.35,2743065.0,2893.59,US02079K1079,02079K107
2021-12-31,INTC,identifier,Intel Corp.,1.389159219177,2999969605.5,58251837.0,51.5,US4581401001,458140100
2021-12-31,INTU,identifier,"Intuit, Inc.",1.208011682607,2608771032.78,4055799.0,643.22,US4612021034,461202103
2021-12-31,MAR,identifier,"Marriott International, Inc.",0.356927060484,770804611.92,4664758.0,165.23999999999998,US5719032022,571903202
2021-12-31,BIIB,identifier,"Biogen, Inc.",0.233743818504,504783282.8,2103965.0,239.92000000000002,US09062X1037,09062X103
2021-12-31,AAPL,identifier,"Apple, Inc.",11.64631365125,25150887304.74,141639282.0,177.57000000000002,US0378331005,037833100
2021-12-31,ADP,identifier,"Automatic Data Processing, Inc.",0.689135835666,1488228658.4,6035480.0,246.58,US0530151036,053015103
2021-12-31,FISV,identifier,"Fiserv, Inc.",0.454487300671,981491588.06,9456514.0,103.78999999999999,US3377381088,337738108
2021-12-31,TEAM,"same company, other snapshot",Atlassian Corp. PLC,0.355101350957,766861886.7,2011230.0,381.29,GB00BZ09BD16,G06242104
2021-12-31,ROST,identifier,"Ross Stores, Inc.",0.269348662383,581674000.56,5089902.0,114.27999999999999,US7782961038,778296103
2021-12-31,ZS,identifier,"Zscaler, Inc.",0.298481171472,644587337.34,2005998.0,321.33000000000004,US98980G1022,98980G102
2021-12-31,TSLA,identifier,"Tesla, Inc.",4.242662183937,9162274145.76,8669992.0,1056.78,US88160R1014,88160R101
2021-12-31,LULU,identifier,"lululemon athletica, Inc.",0.323518287867,698656436.95,1784791.0,391.45000000000005,US5500211090,550021109
2021-12-31,MRVL,identifier,"Marvell Technology, Inc.",0.477927923819,1032112968.25,11796925.0,87.49,US5738741041,573874104
2021-12-31,ASML,identifier,ASML Holding N.V.,0.42805158602,924402134.7,1161105.0,796.14,USN070592100,N07059210
2021-12-31,ILMN,identifier,"Illumina, Inc.",0.394380205672,851686843.16,2238689.0,380.44,US4523271090,452327109
2021-12-31,BIDU,identifier,"Baidu, Inc.",0.239530952635,517280933.36,3476584.0,148.79,US0567521085,056752108
2021-12-31,SWKS,identifier,"Skyworks Solutions, Inc.",0.17017508225,367502923.58,2368847.0,155.14,US83088M1027,83088M102
2021-12-31,VRSN,identifier,"VeriSign, Inc.",0.186991166239,403818228.66,1590963.0,253.82000000000002,US92343E1029,92343E102
2021-12-31,ADBE,identifier,"Adobe, Inc.",1.7894650713,3864453224.58,6814893.0,567.06,US00724F1012,00724F101
2021-12-31,ADSK,identifier,"Autodesk, Inc.",0.410013919456,885448751.46,3148934.0,281.19,US0527691069,052769106
2021-12-31,ABNB,identifier,"Airbnb, Inc.",0.382971953483,827050063.34,4967566.0,166.49,US0090661010,009066101
2021-12-31,SPLK,manual table,"Splunk, Inc.",0.123986629956,267756291.88,2313829.0,115.72,US8486371045,848637104
2021-12-31,XLNX,manual table,"Xilinx, Inc.",0.348586942095,752793644.33,3550411.0,212.03,US9839191015,983919101
2021-12-31,AVGO,identifier,"Broadcom, Inc.",1.816573690349,3922995853.87,5895607.0,665.41,US11135F1012,11135F101
2021-12-31,DDOG,identifier,"Datadog, Inc.",0.303825508698,656128742.4,3683840.0,178.10999999999999,US23804L1035,23804L103
2021-12-31,ANSS,manual table,"ANSYS, Inc.",0.232126455642,501290494.24,1249727.0,401.12,US03662Q1058,03662Q105
2021-12-31,META,identifier,"Meta Platforms, Inc.",4.764299158157,10288779334.05,30589503.0,336.34999999999997,US30303M1027,30303M102
2021-12-31,COST,identifier,Costco Wholesale Corp.,1.663554922867,3592542983.4,6328242.0,567.7,US22160K1051,22160K105
2021-12-31,OKTA,identifier,"Okta, Inc.",0.219473944847,473966666.06,2114318.0,224.17,US6792951054,679295105
2021-12-31,PTON,identifier,"Peloton Interactive, Inc.",0.07142563771,154247791.92,4313417.0,35.76,US70614W1009,70614W100
2021-12-31,KDP,identifier,"Keurig Dr Pepper, Inc.",0.346649013459,748608575.46,20309511.0,36.86,US49271V1008,49271V100
2021-12-31,CMCSA,identifier,Comcast Corp.,1.521993010973,3286831854.6,65305620.0,50.33,US20030N1019,20030N101
2021-12-31,FTNT,identifier,"Fortinet, Inc.",0.389733948909,841652983.2,2341828.0,359.40000000000003,US34959E1091,34959E109
2021-12-31,XEL,identifier,"Xcel Energy, Inc.",0.241872257219,522337115.9,7715467.0,67.7,US98389B1008,98389B100
2021-12-31,NFLX,identifier,"Netflix, Inc.",1.769869472661,3822135397.0,6344425.0,602.44,US64110L1061,64110L106
2021-12-31,PDD,identifier,"Pinduoduo, Inc.",0.160756753819,347163499.1,5954777.0,58.300000000000004,US7223041028,722304102
2021-12-31,DXCM,identifier,"DexCom, Inc.",0.345167436591,745409024.6,1388228.0,536.95,US2521311074,252131107
2021-12-31,ATVI,manual table,"Activision Blizzard, Inc.",0.343689035006,742216330.95,11156115.0,66.53,US00507V1098,00507V109
2021-12-31,CSCO,identifier,"Cisco Systems, Inc.",1.772637363316,3828112816.81,60408913.0,63.37,US17275R1023,17275R102
2021-12-31,SBUX,identifier,Starbucks Corp.,0.91015699613,1965536625.99,16803767.0,116.97,US8552441094,855244109
2021-12-31,PEP,identifier,"PepsiCo, Inc.",1.592970580853,3440112018.15,19803765.0,173.71,US7134481081,713448108
2021-12-31,CTSH,identifier,Cognizant Technology Solutions Corp.,0.309071092846,667456884.48,7523184.0,88.72,US1924461023,192446102
2021-12-31,TMUS,identifier,"T-Mobile US, Inc.",0.960802128389,2074907715.6,17890220.0,115.97999999999999,US8725901040,872590104
2021-12-31,AMD,identifier,"Advanced Micro Devices, Inc.",1.152549053893,2488996281.2,17296708.0,143.89999999999998,US0079031078,007903107
2021-12-31,VRTX,identifier,"Vertex Pharmaceuticals, Inc.",0.37031063683,799707218.4,3641654.0,219.6,US92532F1003,92532F100
2021-12-31,ADI,identifier,"Analog Devices, Inc.",0.626499468147,1352961803.34,7697342.0,175.76999999999998,US0326541051,032654105
2021-12-31,AMAT,identifier,"Applied Materials, Inc.",0.942361815262,2035084793.84,12932669.0,157.35999999999999,US0382221051,038222105
2021-12-31,EXC,identifier,Exelon Corp.,0.374781171191,809361595.68,14012493.0,57.76,US30161N1019,30161N101
2021-12-31,AEP,identifier,"American Electric Power Co., Inc.",0.297196960829,641814010.25,7213825.0,88.97,US0255371017,025537101
2021-12-31,MU,identifier,"Micron Technology, Inc.",0.691093126497,1492455541.05,16022067.0,93.14999999999999,US5951121038,595112103
2021-12-31,VRSK,identifier,"Verisk Analytics, Inc.",0.244484273716,527977916.46,2308302.0,228.73,US92345Y1064,92345Y106
2021-12-31,IDXX,identifier,"IDEXX Laboratories, Inc.",0.370310495439,799706913.06,1214511.0,658.4599999999999,US45168D1046,45168D104
2021-12-31,AMGN,identifier,"Amgen, Inc.",0.840441053904,1814981020.26,8067658.0,224.97,US0311621009,031162100
2021-12-31,PAYX,identifier,"Paychex, Inc.",0.326449772079,704987146.5,5164741.0,136.5,US7043261079,704326107
2021-12-31,MSFT,identifier,Microsoft Corp.,10.09442273697,21799489200.32,64817701.0,336.32,US5949181045,594918104
2021-12-31,HON,SEC company list,"Honeywell International, Inc.",0.95203234397,2055968859.39,9860289.0,208.51000000000002,US4385161066,438516106
2021-12-31,MELI,identifier,"MercadoLibre, Inc.",0.451305739654,974620823.2,722798.0,1348.4,US58733R1023,58733R102
2021-12-31,ISRG,identifier,"Intuitive Surgical, Inc.",0.8513029235,1838437855.3,5116721.0,359.3,US46120E6023,46120E602
2021-12-31,MDLZ,identifier,"Mondelez International, Inc.",0.613500438692,1324889648.09,19980239.0,66.31,US6092071058,609207105
2021-12-31,DLTR,identifier,"Dollar Tree, Inc.",0.209656346608,452764995.36,3222068.0,140.52,US2567461080,256746108
2021-12-31,LCID,SEC company list,"Lucid Group, Inc.",0.415482178548,897257772.95,23581019.0,38.050000000000004,US5494981039,549498103
2021-12-31,PCAR,identifier,"PACCAR, Inc.",0.203231695598,438890590.26,4972701.0,88.26,US6937181088,693718108
2021-12-31,NXPI,identifier,NXP Semiconductors N.V.,0.401753826445,867610603.3,3808985.0,227.78,NL0009538784,N6596X109
2021-12-31,REGN,identifier,"Regeneron Pharmaceuticals, Inc.",0.442801670176,956255793.76,1514213.0,631.52,US75886F1075,75886F107
2021-12-31,BKNG,identifier,"Booking Holdings, Inc.",0.653422999599,1411104725.27,588149.0,2399.23,US09857L1089,09857L108
2021-12-31,NTES,identifier,"NetEase, Inc.",0.191262855696,413043188.88,4058196.0,101.78,US64110W1027,64110W102
2021-12-31,CPRT,identifier,"Copart, Inc.",0.238518522629,515094532.26,3397273.0,151.62,US2172041061,217204106
2021-12-31,GILD,identifier,"Gilead Sciences, Inc.",0.60408293015,1304551994.21,17966561.0,72.61,US3755581036,375558103
2021-12-31,ZM,identifier,"Zoom Video Communications, Inc.",0.295474188692,638093584.27,3469597.0,183.91,US98980L1017,98980L101
2021-12-31,DOCU,identifier,DocuSign Inc,0.198719982543,429147285.21,2817591.0,152.31,US2561631068,256163106
2021-12-31,JD,identifier,"JD.com, Inc.",0.344632320231,744253409.9,10621570.0,70.07,US47215P1066,47215P106
2021-12-31,SNPS,identifier,"Synopsys, Inc.",0.372722102796,804914918.5,2184301.0,368.5,US8716071076,871607107
2021-12-31,SGEN,manual table,"Seagen, Inc.",0.187494392755,404904975.4,2619049.0,154.6,US81181C1045,81181C104
2021-12-31,ORLY,identifier,"O'Reilly Automotive, Inc.",0.315602618862,681562092.33,965071.0,706.23,US67103H1077,67103H107
2021-12-31,CHTR,identifier,"Charter Communications, Inc.",0.775272271365,1674245268.63,2567979.0,651.97,US16119P1084,16119P108
2021-12-31,FAST,identifier,Fastenal Co.,0.244370094914,527731340.74,8238079.0,64.06,US3119001044,311900104
2021-12-31,EA,manual table,"Electronic Arts, Inc.",0.247404675099,534284692.0,4050680.0,131.9,US2855121099,285512109
2021-12-31,QCOM,identifier,"QUALCOMM, Inc.",1.358408386687,2933561405.82,16041786.0,182.87,US7475251036,747525103
2021-12-31,LRCX,"same company, other snapshot",Lam Research Corp.,0.671570889025,1450296141.15,2016681.0,719.1500000000001,US5128071082,512807108
2021-12-31,TXN,identifier,"Texas Instruments, Inc.",1.154412836084,2493021226.54,13227682.0,188.47,US8825081040,882508104
2021-12-31,MRNA,identifier,"Moderna, Inc.",0.682975637733,1474925355.0,5807250.0,253.98,US60770K1079,60770K107
2021-12-31,SIRI,SEC company list,"Sirius XM Holdings, Inc.",0.168441609056,363759388.05,57284943.0,6.3500000000000005,US82968B1035,82968B103
2021-12-31,WDAY,identifier,"Workday, Inc.",0.349682421876,755159396.22,2764329.0,273.18,US98138H1014,98138H101
2021-12-31,ALGN,identifier,"Align Technology, Inc.",0.343695791153,742230921.24,1129418.0,657.1800000000001,US0162551016,016255101
2021-12-31,CSX,identifier,CSX Corp.,0.553116370697,1194486764.0,31768265.0,37.6,US1264081035,126408103
2021-12-31,PANW,identifier,"Palo Alto Networks, Inc.",0.364339976311,786813232.0,1413200.0,556.76,US6974351057,697435105
2021-12-31,EBAY,identifier,"eBay, Inc.",0.27610135108,596256822.0,8966268.0,66.5,US2786421030,278642103
2021-12-31,CTAS,identifier,Cintas Corp.,0.303941227496,656378643.83,1481099.0,443.17,US1729081059,172908105
2022-03-31,KHC,identifier,Kraft Heinz Co. (The),0.351014476787,697960706.04,17719236.0,39.39,US5007541064,500754106
2022-03-31,WBA,identifier,"Walgreens Boots Alliance, Inc.",0.281438845072,559615822.15,12499795.0,44.769999999999996,US9314271084,931427108
2022-03-31,MTCH,identifier,"Match Group, Inc.",0.225787704027,448958535.16,4128734.0,108.74000000000001,US57667L1070,57667L107
2022-03-31,MNST,identifier,Monster Beverage Corp.,0.308003985648,612438214.1,7665059.0,79.9,US61174X1090,61174X109
2022-03-31,CDNS,identifier,"Cadence Design Systems, Inc.",0.332140199023,660430902.84,4015754.0,164.46,US1273871087,127387108
2022-03-31,GOOGL,identifier,"Alphabet, Inc.",3.671792907906,7301029843.25,2624995.0,2781.35,US02079K3059,02079K305
2022-03-31,PYPL,identifier,"PayPal Holdings, Inc.",0.981122737611,1950874291.35,16868779.0,115.64999999999999,US70450Y1038,70450Y103
2022-03-31,CRWD,identifier,"Crowdstrike Holdings, Inc.",0.344293524225,684596696.56,3014782.0,227.07999999999998,US22788C1053,22788C105
2022-03-31,MCHP,identifier,"Microchip Technology, Inc.",0.30422469593,604923436.52,8050618.0,75.14,US5950171042,595017104
2022-03-31,NVDA,identifier,NVIDIA Corp.,4.213646056021,8378456077.32,30706062.0,272.86,US67066G1040,67066G104
2022-03-31,AMZN,identifier,"Amazon.com, Inc.",7.281078978804,14477770464.9,4441102.0,3259.95,US0231351067,023135106
2022-03-31,KLAC,identifier,KLA Corp.,0.401728388887,798800757.48,2182158.0,366.06,US4824801009,482480100
2022-03-31,GOOG,identifier,"Alphabet, Inc.",3.869223981409,7693603769.88,2754612.0,2792.9900000000002,US02079K1079,02079K107
2022-03-31,INTC,identifier,Intel Corp.,1.469566998274,2922101757.96,58960891.0,49.56,US4581401001,458140100
2022-03-31,INTU,identifier,"Intuit, Inc.",0.991534524429,1971577192.68,4100277.0,480.84000000000003,US4612021034,461202103
2022-03-31,MAR,identifier,"Marriott International, Inc.",0.417603988137,830367958.25,4724711.0,175.75,US5719032022,571903202
2022-03-31,BIIB,identifier,"Biogen, Inc.",0.2253638467,448115733.0,2127805.0,210.6,US09062X1037,09062X103
2022-03-31,AAPL,identifier,"Apple, Inc.",12.50719378492,24869429559.18,142428438.0,174.61,US0378331005,037833100
2022-03-31,ADP,identifier,"Automatic Data Processing, Inc.",0.695998253746,1383929908.06,6082139.0,227.54,US0530151036,053015103
2022-03-31,FISV,identifier,"Fiserv, Inc.",0.481575309988,957569176.2,9443483.0,101.4,US3377381088,337738108
2022-03-31,TEAM,"same company, other snapshot",Atlassian Corp. PLC,0.302036624417,600572653.18,2043946.0,293.83,GB00BZ09BD16,G06242104
2022-03-31,ROST,identifier,"Ross Stores, Inc.",0.232748120529,462798697.14,5116059.0,90.46,US7782961038,778296103
2022-03-31,ZS,identifier,"Zscaler, Inc.",0.246106300175,489360235.52,2028184.0,241.28,US98980G1022,98980G102
2022-03-31,TSLA,identifier,"Tesla, Inc.",4.888329119461,9720002647.2,9020047.0,1077.6000000000001,US88160R1014,88160R101
2022-03-31,LULU,identifier,"lululemon athletica, inc.",0.328298124783,652791283.89,1787343.0,365.23,US5500211090,550021109
2022-03-31,MRVL,identifier,"Marvell Technology, Inc.",0.440625145131,876143457.7,12217870.0,71.71000000000001,US5738741041,573874104
2022-03-31,ASML,identifier,ASML Holding N.V.,0.403284049366,801894048.38,1200566.0,667.93,USN070592100,N07059210
2022-03-31,ILMN,identifier,"Illumina, Inc.",0.399482517555,794335044.4,2273426.0,349.4,US4523271090,452327109
2022-03-31,BIDU,identifier,"Baidu, Inc.",0.232902582363,463105830.6,3500422.0,132.3,US0567521085,056752108
2022-03-31,SWKS,identifier,"Skyworks Solutions, Inc.",0.159179447775,316514010.4,2374805.0,133.28,US83088M1027,83088M102
2022-03-31,VRSN,identifier,"VeriSign, Inc.",0.178468205414,354867969.54,1595199.0,222.46,US92343E1029,92343E102
2022-03-31,ADBE,identifier,"Adobe, Inc.",1.567216054157,3116268120.02,6839621.0,455.62,US00724F1012,00724F101
2022-03-31,ADSK,identifier,"Autodesk, Inc.",0.343351200065,682722969.75,3185085.0,214.35,US0527691069,052769106
2022-03-31,ABNB,identifier,"Airbnb, Inc.",0.464238747723,923096981.92,5374342.0,171.76,US0090661010,009066101
2022-03-31,SPLK,manual table,"Splunk, Inc.",0.171838152806,341684706.44,2299204.0,148.60999999999999,US8486371045,848637104
2022-03-31,AZN,SEC company list,AstraZeneca PLC,0.275584992386,547975962.76,8260114.0,66.34,US0463531089,046353108
2022-03-31,AVGO,identifier,"Broadcom, Inc.",1.87820081598,3734633339.36,5931002.0,629.6800000000001,US11135F1012,11135F101
2022-03-31,DDOG,identifier,"Datadog, Inc.",0.291518328461,579657968.01,3826883.0,151.47,US23804L1035,23804L103
2022-03-31,ANSS,manual table,"ANSYS, Inc.",0.201785010489,401231338.6,1263124.0,317.65000000000003,US03662Q1058,03662Q105
2022-03-31,META,identifier,"Meta Platforms, Inc.",3.374555645244,6710000289.12,30176292.0,222.35999999999999,US30303M1027,30303M102
2022-03-31,COST,identifier,Costco Wholesale Corp.,1.859465122254,3697379098.05,6420733.0,575.85,US22160K1051,22160K105
2022-03-31,OKTA,identifier,"Okta, Inc.",0.163263965294,324635706.0,2150475.0,150.96,US6792951054,679295105
2022-03-31,KDP,identifier,"Keurig Dr Pepper, Inc.",0.391392454256,778248681.4,20534266.0,37.9,US49271V1008,49271V100
2022-03-31,CMCSA,identifier,Comcast Corp.,1.542355926379,3066835992.62,65502691.0,46.82,US20030N1019,20030N101
2022-03-31,FTNT,identifier,"Fortinet, Inc.",0.400218591181,795798660.58,2328667.0,341.74,US34959E1091,34959E109
2022-03-31,XEL,identifier,"Xcel Energy, Inc.",0.286005320234,568695847.16,7879948.0,72.17,US98389B1008,98389B100
2022-03-31,NFLX,identifier,"Netflix, Inc.",1.211011298253,2407987010.93,6428327.0,374.59,US64110L1061,64110L106
2022-03-31,PDD,identifier,"Pinduoduo, Inc.",0.129247771493,256997565.09,6407319.0,40.11,US7223041028,722304102
2022-03-31,DXCM,identifier,"DexCom, Inc.",0.361637162676,719082961.2,1405557.0,511.6,US2521311074,252131107
2022-03-31,ATVI,manual table,"Activision Blizzard, Inc.",0.454573852517,903879207.36,11282976.0,80.11,US00507V1098,00507V109
2022-03-31,CSCO,identifier,"Cisco Systems, Inc.",1.686769574089,3353989538.08,60150458.0,55.76,US17275R1023,17275R102
2022-03-31,SBUX,identifier,Starbucks Corp.,0.762014248869,1515196774.85,16656005.0,90.97,US8552441094,855244109
2022-03-31,PEP,identifier,"PepsiCo, Inc.",1.686224872582,3352906448.14,20031703.0,167.38,US7134481081,713448108
2022-03-31,CTSH,identifier,Cognizant Technology Solutions Corp.,0.342505473507,681041318.58,7594974.0,89.67,US1924461023,192446102
2022-03-31,TMUS,identifier,"T-Mobile US, Inc.",1.167642550076,2321752157.1,18089226.0,128.35,US8725901040,872590104
2022-03-31,AMD,identifier,"Advanced Micro Devices, Inc.",1.295725253924,2576433090.0,23563500.0,109.34,US0079031078,007903107
2022-03-31,CEG,identifier,Constellation Energy Corp.,0.133722017136,265894200.0,4727008.0,56.25,US21037T1097,21037T109
2022-03-31,VRTX,identifier,"Vertex Pharmaceuticals, Inc.",0.483796355937,961985526.24,3686192.0,260.97,US92532F1003,92532F100
2022-03-31,ADI,identifier,"Analog Devices, Inc.",0.629472268755,1251648972.3,7577485.0,165.18,US0326541051,032654105
2022-03-31,AMAT,identifier,"Applied Materials, Inc.",0.847850660295,1685874756.2,12791159.0,131.8,US0382221051,038222105
2022-03-31,EXC,identifier,Exelon Corp.,0.339953098617,675966150.75,14192025.0,47.63,US30161N1019,30161N101
2022-03-31,AEP,identifier,"American Electric Power Co., Inc.",0.366318629689,728391637.16,7300708.0,99.77,US0255371017,025537101
2022-03-31,MU,identifier,"Micron Technology, Inc.",0.635129773859,1262898412.19,16213871.0,77.89,US5951121038,595112103
2022-03-31,VRSK,identifier,"Verisk Analytics, Inc.",0.252062687593,501203976.0,2335200.0,214.63,US92345Y1064,92345Y106
2022-03-31,IDXX,identifier,"IDEXX Laboratories, Inc.",0.335634914095,667379829.34,1219939.0,547.0600000000001,US45168D1046,45168D104
2022-03-31,AMGN,identifier,"Amgen, Inc.",0.98089025795,1950412026.46,8065553.0,241.82,US0311621009,031162100
2022-03-31,PAYX,identifier,"Paychex, Inc.",0.358518690656,712882160.16,5223728.0,136.47,US7043261079,704326107
2022-03-31,MSFT,identifier,Microsoft Corp.,10.14502350192,20172466477.77,65429167.0,308.31,US5949181045,594918104
2022-03-31,HON,SEC company list,"Honeywell International, Inc.",0.9717520243,1932241471.02,9930319.0,194.57999999999998,US4385161066,438516106
2022-03-31,MELI,identifier,"MercadoLibre, Inc.",0.43666210299,868263304.96,729952.0,1189.48,US58733R1023,58733R102
2022-03-31,ODFL,identifier,"Old Dominion Freight Line, Inc.",0.249822388754,496749343.32,1663149.0,298.68,US6795801009,679580100
2022-03-31,ISRG,identifier,"Intuitive Surgical, Inc.",0.785919469126,1562730154.56,5180092.0,301.68,US46120E6023,46120E602
2022-03-31,MDLZ,identifier,"Mondelez International, Inc.",0.634692526874,1262028985.9,20102405.0,62.78000000000001,US6092071058,609207105
2022-03-31,DLTR,identifier,"Dollar Tree, Inc.",0.262347637327,521654673.2,3257288.0,160.15,US2567461080,256746108
2022-03-31,LCID,SEC company list,"Lucid Group, Inc.",0.305790135771,608036172.8,23938432.0,25.4,US5494981039,549498103
2022-03-31,PCAR,identifier,"PACCAR, Inc.",0.222900883278,443218351.83,5032569.0,88.07,US6937181088,693718108
2022-03-31,NXPI,identifier,NXP Semiconductors N.V.,0.353832565791,703564222.48,3801406.0,185.08,NL0009538784,N6596X109
2022-03-31,REGN,identifier,"Regeneron Pharmaceuticals, Inc.",0.542685479146,1079081249.44,1545032.0,698.4200000000001,US75886F1075,75886F107
2022-03-31,BKNG,identifier,"Booking Holdings, Inc.",0.699307577021,1390510199.65,592097.0,2348.4500000000003,US09857L1089,09857L108
2022-03-31,NTES,identifier,"NetEase, Inc.",0.1368208997,272056049.17,3033293.0,89.69000000000001,US64110W1027,64110W102
2022-03-31,CPRT,identifier,"Copart, Inc.",0.216708010425,430904381.34,3434322.0,125.47,US2172041061,217204106
2022-03-31,GILD,identifier,"Gilead Sciences, Inc.",0.542825961494,1079360585.95,18155771.0,59.45,US3755581036,375558103
2022-03-31,ZM,identifier,"Zoom Video Communications, Inc.",0.206797770821,411198761.52,3507624.0,117.22999999999999,US98980L1017,98980L101
2022-03-31,DOCU,identifier,"DocuSign, Inc.",0.154344897627,306900942.4,2865020.0,107.11999999999999,US2561631068,256163106
2022-03-31,JD,identifier,"JD.com, Inc.",0.251344871117,499776662.52,8636196.0,57.87,US47215P1066,47215P106
2022-03-31,SNPS,identifier,"Synopsys, Inc.",0.371521099395,738736280.1,2216630.0,333.27000000000004,US8716071076,871607107
2022-03-31,SGEN,manual table,"Seagen, Inc.",0.192627362578,383022179.65,2658953.0,144.04999999999998,US81181C1045,81181C104
2022-03-31,ORLY,identifier,"O'Reilly Automotive, Inc.",0.332234582795,660618576.48,964463.0,684.96,US67103H1077,67103H107
2022-03-31,CHTR,identifier,"Charter Communications, Inc.",0.686173949175,1364395162.32,2501091.0,545.52,US16119P1084,16119P108
2022-03-31,FAST,identifier,Fastenal Co.,0.248956619373,495027838.8,8333802.0,59.4,US3119001044,311900104
2022-03-31,EA,manual table,"Electronic Arts, Inc.",0.259071437109,515140243.83,4071933.0,126.50999999999999,US2855121099,285512109
2022-03-31,QCOM,identifier,"QUALCOMM, Inc.",1.254163143129,2493790572.06,16318483.0,152.82,US7475251036,747525103
2022-03-31,LRCX,"same company, other snapshot",Lam Research Corp.,0.546162392901,1085994779.62,2020042.0,537.6099999999999,US5128071082,512807108
2022-03-31,TXN,identifier,"Texas Instruments, Inc.",1.233953063986,2453604648.0,13372600.0,183.48,US8825081040,882508104
2022-03-31,MRNA,identifier,"Moderna, Inc.",0.505357125914,1004857177.5,5833375.0,172.26,US60770K1079,60770K107
2022-03-31,SIRI,SEC company list,"Sirius XM Holdings, Inc.",0.190317161712,378428553.08,57164434.0,6.62,US82968B1035,82968B103
2022-03-31,WDAY,identifier,"Workday, Inc.",0.341779495575,679597776.78,2838043.0,239.45999999999998,US98138H1014,98138H101
2022-03-31,ALGN,identifier,"Align Technology, Inc.",0.250192878074,497486028.0,1141023.0,436.0,US0162551016,016255101
2022-03-31,CSX,identifier,CSX Corp.,0.59816006396,1189387470.25,31759345.0,37.45,US1264081035,126408103
2022-03-31,PANW,identifier,"Palo Alto Networks, Inc.",0.446480240921,887785788.89,1426139.0,622.51,US6974351057,697435105
2022-03-31,EBAY,identifier,"eBay, Inc.",0.244979010729,487118721.88,8507138.0,57.26,US2786421030,278642103
2022-03-31,CTAS,identifier,Cintas Corp.,0.321327211463,638930249.93,1501987.0,425.39,US1729081059,172908105
2022-06-30,KHC,identifier,Kraft Heinz Co. (The),0.440285214669,674345178.04,17680786.0,38.14,US5007541064,500754106
2022-06-30,WBA,identifier,"Walgreens Boots Alliance, Inc.",0.308741987642,472872273.9,12476841.0,37.9,US9314271084,931427108
2022-06-30,MTCH,identifier,"Match Group, Inc.",0.187703227576,287488114.98,4125242.0,69.69,US57667L1070,57667L107
2022-06-30,MNST,identifier,Monster Beverage Corp.,0.463065474685,709235649.0,7650870.0,92.7,US61174X1090,61174X109
2022-06-30,CDNS,identifier,"Cadence Design Systems, Inc.",0.390177067743,597599045.91,3983197.0,150.03,US1273871087,127387108
2022-06-30,GOOGL,identifier,"Alphabet, Inc.",3.725914421935,5706647283.42,2618617.0,2179.26,US02079K3059,02079K305
2022-06-30,PYPL,identifier,"PayPal Holdings, Inc.",0.762751489093,1168237704.96,16727344.0,69.84,US70450Y1038,70450Y103
2022-06-30,CRWD,identifier,"Crowdstrike Holdings, Inc.",0.339169898128,519475961.76,3081846.0,168.56,US22788C1053,22788C105
2022-06-30,MCHP,identifier,"Microchip Technology, Inc.",0.303729519756,465195128.64,8009558.0,58.08,US5950171042,595017104
2022-06-30,NVDA,identifier,NVIDIA Corp.,3.031767705413,4643485324.89,30631871.0,151.59,US67066G1040,67066G104
2022-06-30,AMZN,identifier,"Amazon.com, Inc.",6.14278707,9408353272.76,88582556.0,106.21000000000001,US0231351067,023135106
2022-06-30,KLAC,identifier,KLA Corp.,0.449077207872,687811081.56,2155607.0,319.08,US4824801009,482480100
2022-06-30,GOOG,identifier,"Alphabet, Inc.",3.896710843446,5968240767.45,2728401.0,2187.45,US02079K1079,02079K107
2022-06-30,INTC,identifier,Intel Corp.,1.442648273147,2209574326.35,59063735.0,37.41,US4581401001,458140100
2022-06-30,INTU,identifier,"Intuit, Inc.",1.025375280496,1570474894.56,4074499.0,385.44,US4612021034,461202103
2022-06-30,MAR,identifier,"Marriott International, Inc.",0.419828623324,643013660.94,4727694.0,136.01000000000002,US5719032022,571903202
2022-06-30,BIIB,identifier,"Biogen, Inc.",0.281679192346,431422629.66,2115439.0,203.94000000000003,US09062X1037,09062X103
2022-06-30,AAPL,identifier,"Apple, Inc.",12.57883820895,19265872686.48,140914809.0,136.72,US0378331005,037833100
2022-06-30,ADP,identifier,"Automatic Data Processing, Inc.",0.827505780594,1267416016.6,6034165.0,210.04,US0530151036,053015103
2022-06-30,FISV,identifier,"Fiserv, Inc.",0.542370023053,830699277.59,9336847.0,88.97,US3377381088,337738108
2022-06-30,TEAM,"same company, other snapshot",Atlassian Corp. PLC,0.252716008519,387062331.6,2065434.0,187.4,GB00BZ09BD16,G06242104
2022-06-30,ROST,identifier,"Ross Stores, Inc.",0.232739372878,356465919.39,5075693.0,70.23,US7782961038,778296103
2022-06-30,ZS,identifier,"Zscaler, Inc.",0.198930774014,304684335.86,2037886.0,149.51000000000002,US98980G1022,98980G102
2022-06-30,TSLA,identifier,"Tesla, Inc.",3.965880962963,6074182404.84,9019902.0,673.4200000000001,US88160R1014,88160R101
2022-06-30,LULU,identifier,"lululemon athletica, inc.",0.315751934038,483608776.95,1773995.0,272.61,US5500211090,550021109
2022-06-30,MRVL,identifier,"Marvell Technology, Inc.",0.348908920795,534392344.95,12276415.0,43.53,US5738741041,573874104
2022-06-30,ASML,identifier,ASML Holding N.V.,0.384449591528,588826786.84,1237343.0,475.88000000000005,USN070592100,N07059210
2022-06-30,ILMN,identifier,"Illumina, Inc.",0.273150282653,418359667.44,2269254.0,184.35999999999999,US4523271090,452327109
2022-06-30,BIDU,identifier,"Baidu, Inc.",0.303149135495,464306206.38,3121806.0,148.73,US0567521085,056752108
2022-06-30,SWKS,identifier,"Skyworks Solutions, Inc.",0.140599468423,215343532.8,2324520.0,92.64,US83088M1027,83088M102
2022-06-30,VRSN,identifier,"VeriSign, Inc.",0.172871774767,264772115.55,1582335.0,167.33,US92343E1029,92343E102
2022-06-30,ADBE,identifier,"Adobe, Inc.",1.631200989461,2498363526.66,6825011.0,366.06,US00724F1012,00724F101
2022-06-30,ADSK,identifier,"Autodesk, Inc.",0.352771602035,540308465.64,3142059.0,171.96,US0527691069,052769106
2022-06-30,ABNB,identifier,"Airbnb, Inc.",0.321135286626,491853972.88,5521486.0,89.08,US0090661010,009066101
2022-06-30,SPLK,manual table,"Splunk, Inc.",0.13423372004,205593689.78,2324143.0,88.46,US8486371045,848637104
2022-06-30,AZN,SEC company list,AstraZeneca PLC,0.360081984769,551505119.95,8347285.0,66.07000000000001,US0463531089,046353108
2022-06-30,AVGO,identifier,"Broadcom, Inc.",1.870610204828,2865045042.6,5897460.0,485.81,US11135F1012,11135F101
2022-06-30,DDOG,identifier,"Datadog, Inc.",0.25428704797,389468551.12,4089338.0,95.24,US23804L1035,23804L103
2022-06-30,ANSS,manual table,"ANSYS, Inc.",0.196314651363,300677456.6,1256540.0,239.29000000000002,US03662Q1058,03662Q105
2022-06-30,META,identifier,"Meta Platforms, Inc.",3.147960845859,4821447885.0,29900452.0,161.25,US30303M1027,30303M102
2022-06-30,COST,identifier,Costco Wholesale Corp.,2.003413483219,3068447853.84,6402203.0,479.28000000000003,US22160K1051,22160K105
2022-06-30,OKTA,identifier,"Okta, Inc.",0.128520160482,196842745.6,2177464.0,90.39999999999999,US6792951054,679295105
2022-06-30,KDP,identifier,"Keurig Dr Pepper, Inc.",0.473456321302,725150372.18,20490262.0,35.39,US49271V1008,49271V100
2022-06-30,CMCSA,identifier,Comcast Corp.,1.654427679496,2533937754.24,64575376.0,39.239999999999995,US20030N1019,20030N101
2022-06-30,FTNT,identifier,"Fortinet, Inc.",0.428286008941,655967076.18,11593621.0,56.58,US34959E1091,34959E109
2022-06-30,XEL,identifier,"Xcel Energy, Inc.",0.363467653332,556690643.32,7867307.0,70.76,US98389B1008,98389B100
2022-06-30,NFLX,identifier,"Netflix, Inc.",0.732692474514,1122199021.71,6417333.0,174.87,US64110L1061,64110L106
2022-06-30,PDD,identifier,"Pinduoduo, Inc.",0.258322134465,395648729.4,6402083.0,61.8,US7223041028,722304102
2022-06-30,DXCM,identifier,"DexCom, Inc.",0.275887884164,422552604.92,5669564.0,74.53,US2521311074,252131107
2022-06-30,ATVI,manual table,"Activision Blizzard, Inc.",0.574130533254,879343988.32,11293912.0,77.86,US00507V1098,00507V109
2022-06-30,CSCO,identifier,"Cisco Systems, Inc.",1.665232474621,2550486485.04,59814411.0,42.64,US17275R1023,17275R102
2022-06-30,SBUX,identifier,Starbucks Corp.,0.826262604473,1265511955.79,16566461.0,76.39,US8552441094,855244109
2022-06-30,PEP,identifier,"PepsiCo, Inc.",2.173251336347,3328573185.08,19972238.0,166.66,US7134481081,713448108
2022-06-30,CTSH,identifier,Cognizant Technology Solutions Corp.,0.331726239613,508075180.95,7528155.0,67.49,US1924461023,192446102
2022-06-30,TMUS,identifier,"T-Mobile US, Inc.",1.590598216708,2436175919.38,18107447.0,134.54000000000002,US8725901040,872590104
2022-06-30,AMD,identifier,"Advanced Micro Devices, Inc.",1.168687087607,1789972672.05,23407515.0,76.47,US0079031078,007903107
2022-06-30,CEG,identifier,Constellation Energy Corp.,0.176304670043,270029971.82,4715857.0,57.26,US21037T1097,21037T109
2022-06-30,VRTX,identifier,"Vertex Pharmaceuticals, Inc.",0.679681160853,1041006370.77,3694263.0,281.79,US92532F1003,92532F100
2022-06-30,ADI,identifier,"Analog Devices, Inc.",0.71617290176,1096897481.12,7508368.0,146.08999999999997,US0326541051,032654105
2022-06-30,AMAT,identifier,"Applied Materials, Inc.",0.746438808444,1143253042.36,12565982.0,90.97999999999999,US0382221051,038222105
2022-06-30,EXC,identifier,Exelon Corp.,0.418951377982,641670063.32,14158651.0,45.32,US30161N1019,30161N101
2022-06-30,AEP,identifier,"American Electric Power Co., Inc.",0.464662252087,711681289.02,7417983.0,95.94,US0255371017,025537101
2022-06-30,MU,identifier,"Micron Technology, Inc.",0.582167052921,891652801.12,16129754.0,55.28,US5951121038,595112103
2022-06-30,VRSK,identifier,"Verisk Analytics, Inc.",0.257761626205,394790249.42,2280838.0,173.09,US92345Y1064,92345Y106
2022-06-30,IDXX,identifier,"IDEXX Laboratories, Inc.",0.277873876707,425594370.69,1213453.0,350.73,US45168D1046,45168D104
2022-06-30,AMGN,identifier,"Amgen, Inc.",1.225750563018,1877371653.9,7716283.0,243.3,US0311621009,031162100
2022-06-30,PAYX,identifier,"Paychex, Inc.",0.38769712148,593800735.75,5214725.0,113.87,US7043261079,704326107
2022-06-30,MSFT,identifier,Microsoft Corp.,10.9189825028,16723621313.07,65115529.0,256.83,US5949181045,594918104
2022-06-30,HON,SEC company list,"Honeywell International, Inc.",1.115854828793,1709054263.28,9832888.0,173.81,US4385161066,438516106
2022-06-30,MELI,identifier,"MercadoLibre, Inc.",0.302587812001,463446477.78,727694.0,636.87,US58733R1023,58733R102
2022-06-30,ODFL,identifier,"Old Dominion Freight Line, Inc.",0.273973870767,419621083.12,1637354.0,256.28000000000003,US6795801009,679580100
2022-06-30,ISRG,identifier,"Intuitive Surgical, Inc.",0.679462924188,1040672117.34,5184954.0,200.71,US46120E6023,46120E602
2022-06-30,MDLZ,identifier,"Mondelez International, Inc.",0.810381331186,1241188040.96,19990144.0,62.09,US6092071058,609207105
2022-06-30,DLTR,identifier,"Dollar Tree, Inc.",0.330057769392,505519735.5,3243630.0,155.85,US2567461080,256746108
2022-06-30,LCID,SEC company list,"Lucid Group, Inc.",0.26991553817,413405300.88,24091218.0,17.16,US5494981039,549498103
2022-06-30,PCAR,identifier,"PACCAR, Inc.",0.269991045793,413520949.1,5022115.0,82.34,US6937181088,693718108
2022-06-30,NXPI,identifier,NXP Semiconductors N.V.,0.366555911778,561420650.42,3792614.0,148.03,NL0009538784,N6596X109
2022-06-30,REGN,identifier,"Regeneron Pharmaceuticals, Inc.",0.602251684765,922414621.38,1560426.0,591.13,US75886F1075,75886F107
2022-06-30,BKNG,identifier,"Booking Holdings, Inc.",0.670072624757,1026289842.1,586790.0,1748.99,US09857L1089,09857L108
2022-06-30,NTES,identifier,"NetEase, Inc.",0.159944228864,244972158.72,2623952.0,93.36,US64110W1027,64110W102
2022-06-30,CPRT,identifier,"Copart, Inc.",0.243557948348,373035756.3,3433055.0,108.66,US2172041061,217204106
2022-06-30,GILD,identifier,"Gilead Sciences, Inc.",0.73117304555,1119871849.32,18117972.0,61.809999999999995,US3755581036,375558103
2022-06-30,ZM,identifier,"Zoom Video Communications, Inc.",0.256302746204,392555814.42,3635786.0,107.97,US98980L1017,98980L101
2022-06-30,DOCU,identifier,"DocuSign, Inc.",0.108176562965,165684290.96,2887492.0,57.38,US2561631068,256163106
2022-06-30,JD,identifier,"JD.com, Inc.",0.306928531746,470094766.96,7320068.0,64.22,US47215P1066,47215P106
2022-06-30,SNPS,identifier,"Synopsys, Inc.",0.438129638098,671043675.7,2209561.0,303.70000000000005,US8716071076,871607107
2022-06-30,SGEN,manual table,"Seagen, Inc.",0.307166832039,470459750.04,2658866.0,176.94,US81181C1045,81181C104
2022-06-30,ORLY,identifier,"O'Reilly Automotive, Inc.",0.391601231259,599780308.8,949380.0,631.76,US67103H1077,67103H107
2022-06-30,CHTR,identifier,"Charter Communications, Inc.",0.741717430307,1136021733.03,2424651.0,468.53,US16119P1084,16119P108
2022-06-30,FAST,identifier,Fastenal Co.,0.27099159512,415053400.32,8314371.0,49.92,US3119001044,311900104
2022-06-30,EA,manual table,"Electronic Arts, Inc.",0.321114138989,491821582.95,4042923.0,121.64999999999999,US2855121099,285512109
2022-06-30,QCOM,identifier,"QUALCOMM, Inc.",1.349274083915,2066561497.02,16177873.0,127.74,US7475251036,747525103
2022-06-30,LRCX,"same company, other snapshot",Lam Research Corp.,0.557488588357,853855021.35,2003649.0,426.15000000000003,US5128071082,512807108
2022-06-30,TXN,identifier,"Texas Instruments, Inc.",1.33623255501,2046586962.7,13319798.0,153.65,US8825081040,882508104
2022-06-30,MRNA,identifier,"Moderna, Inc.",0.535868906731,820742103.7,5745482.0,142.85,US60770K1079,60770K107
2022-06-30,SIRI,SEC company list,"Sirius XM Holdings, Inc.",0.227553736024,348523546.83,56855391.0,6.13,US82968B1035,82968B103
2022-06-30,WDAY,identifier,"Workday, Inc.",0.261959698252,401220057.98,2874481.0,139.58,US98138H1014,98138H101
2022-06-30,ALGN,identifier,"Align Technology, Inc.",0.175896782817,269405247.72,1138316.0,236.67000000000002,US0162551016,016255101
2022-06-30,CSX,identifier,CSX Corp.,0.59588648916,912665625.0,31406250.0,29.06,US1264081035,126408103
2022-06-30,PANW,identifier,"Palo Alto Networks, Inc.",0.464137425942,710877460.12,1439198.0,493.94,US6974351057,697435105
2022-06-30,EBAY,identifier,"eBay, Inc.",0.220011503386,336971788.92,8086676.0,41.67,US2786421030,278642103
2022-06-30,CTAS,identifier,Cintas Corp.,0.360466322441,552093775.32,1478044.0,373.53000000000003,US1729081059,172908105
2022-09-30,KHC,identifier,Kraft Heinz Co. (The),0.406035017406,600104602.35,17994141.0,33.35,US5007541064,500754106
2022-09-30,WBA,identifier,"Walgreens Boots Alliance, Inc.",0.269615472224,398481605.8,12690497.0,31.400000000000002,US9314271084,931427108
2022-09-30,MTCH,identifier,"Match Group, Inc.",0.134251254943,198418344.5,4155358.0,47.75,US57667L1070,57667L107
2022-09-30,MNST,identifier,Monster Beverage Corp.,0.455203790671,672774214.24,7736594.0,86.96000000000001,US61174X1090,61174X109
2022-09-30,CDNS,identifier,"Cadence Design Systems, Inc.",0.444699946505,657249924.57,4021599.0,163.43,US1273871087,127387108
2022-09-30,GOOGL,identifier,Alphabet Inc.,3.434410390127,5075930383.15,53067751.0,95.64999999999999,US02079K3059,02079K305
2022-09-30,PYPL,identifier,"PayPal Holdings, Inc.",0.988919655348,1461586343.76,16981368.0,86.07,US70450Y1038,70450Y103
2022-09-30,CRWD,identifier,"CrowdStrike Holdings, Inc.",0.351765385381,519896111.58,3154518.0,164.81,US22788C1053,22788C105
2022-09-30,MCHP,identifier,Microchip Technology Inc.,0.334991392734,495104776.46,8112482.0,61.029999999999994,US5950171042,595017104
2022-09-30,NVDA,identifier,NVIDIA Corp.,2.547334010725,3764864600.41,31014619.0,121.39,US67066G1040,67066G104
2022-09-30,AMZN,identifier,"Amazon.com, Inc.",6.893757802824,10188716755.0,90165635.0,113.0,US0231351067,023135106
2022-09-30,KLAC,identifier,KLA Corp.,0.426345999275,630123475.54,2082158.0,302.63,US4824801009,482480100
2022-09-30,GOOG,identifier,Alphabet Inc.,3.548544190137,5244615880.05,54546187.0,96.15,US02079K1079,02079K107
2022-09-30,INTC,identifier,Intel Corp.,1.051245503449,1553701621.23,60291099.0,25.77,US4581401001,458140100
2022-09-30,INTU,identifier,Intuit Inc.,1.085440868993,1604241095.32,4141901.0,387.32,US4612021034,461202103
2022-09-30,MAR,identifier,"Marriott International, Inc.",0.451876626388,667856789.6,4765640.0,140.14000000000001,US5719032022,571903202
2022-09-30,BIIB,identifier,Biogen Inc.,0.38494838932,568939353.0,2130859.0,267.0,US09062X1037,09062X103
2022-09-30,AAPL,identifier,Apple Inc.,13.30001012142,19656918598.2,142235301.0,138.20000000000002,US0378331005,037833100
2022-09-30,ADP,identifier,"Automatic Data Processing, Inc.",0.933781962947,1380094892.15,6101485.0,226.19000000000003,US0530151036,053015103
2022-09-30,FISV,identifier,"Fiserv, Inc.",0.594574683799,878759192.91,9391463.0,93.57,US3377381088,337738108
2022-09-30,TEAM,"same company, other snapshot",Atlassian Corp.,0.303138566016,448027487.33,2127487.0,210.59,GB00BZ09BD16,G06242104
2022-09-30,ROST,identifier,"Ross Stores, Inc.",0.292979636067,433012968.0,5138400.0,84.27,US7782961038,778296103
2022-09-30,ZS,identifier,"Zscaler, Inc.",0.231659897207,342384682.44,2083012.0,164.37,US98980G1022,98980G102
2022-09-30,TSLA,identifier,"Tesla, Inc.",4.936860208855,7296495143.25,27507993.0,265.25,US88160R1014,88160R101
2022-09-30,LULU,identifier,Lululemon Athletica Inc.,0.33975417753,502143994.64,1796194.0,279.56,US5500211090,550021109
2022-09-30,MRVL,identifier,"Marvell Technology, Inc.",0.363477462044,537206123.79,12519369.0,42.91,US5738741041,573874104
2022-09-30,ASML,identifier,ASML Holding N.V.,0.355265581862,525069271.35,1264161.0,415.35,USN070592100,N07059210
2022-09-30,ILMN,identifier,"Illumina, Inc.",0.29816970038,440683689.36,2309784.0,190.79,US4523271090,452327109
2022-09-30,BIDU,identifier,"Baidu, Inc.",0.212474503685,314029386.82,2672818.0,117.49,US0567521085,056752108
2022-09-30,SWKS,identifier,"Skyworks Solutions, Inc.",0.135924735264,200891685.96,2355948.0,85.27000000000001,US83088M1027,83088M102
2022-09-30,VRSN,identifier,"VeriSign, Inc.",0.185132794941,273619361.7,1575241.0,173.7,US92343E1029,92343E102
2022-09-30,ADBE,identifier,Adobe Inc.,1.27957210318,1891159814.4,6871947.0,275.2,US00724F1012,00724F101
2022-09-30,ADSK,identifier,"Autodesk, Inc.",0.400629257395,592115090.8,3169781.0,186.79999999999998,US0527691069,052769106
2022-09-30,ABNB,identifier,"Airbnb, Inc.",0.416565329669,615668010.88,5861272.0,105.04,US0090661010,009066101
2022-09-30,SPLK,manual table,Splunk Inc.,0.121557051524,179656785.6,2389053.0,75.2,US8486371045,848637104
2022-09-30,AZN,SEC company list,AstraZeneca PLC,0.322465487233,476591955.6,8690590.0,54.84,US0463531089,046353108
2022-09-30,AVGO,identifier,Broadcom Inc.,1.786493509515,2640370734.47,5946647.0,444.01,US11135F1012,11135F101
2022-09-30,DDOG,identifier,"Datadog, Inc.",0.256510097531,379112351.1,4270245.0,88.78,US23804L1035,23804L103
2022-09-30,ANSS,manual table,"ANSYS, Inc.",0.191788242765,283455865.2,1278556.0,221.7,US03662Q1058,03662Q105
2022-09-30,META,identifier,"Meta Platforms, Inc.",2.774721289755,4100934512.64,30225048.0,135.68,US30303M1027,30303M102
2022-09-30,COST,identifier,Costco Wholesale Corp.,2.078405387816,3071805596.34,6504342.0,472.27000000000004,US22160K1051,22160K105
2022-09-30,OKTA,identifier,"Okta, Inc.",0.085203608024,125927752.83,2214309.0,56.87,US6792951054,679295105
2022-09-30,KDP,identifier,Keurig Dr Pepper Inc.,0.503961081997,744835671.18,20793849.0,35.82,US49271V1008,49271V100
2022-09-30,CMCSA,identifier,Comcast Corp.,1.283254332931,1896602012.55,64664235.0,29.33,US20030N1019,20030N101
2022-09-30,FTNT,identifier,"Fortinet, Inc.",0.384887523703,568849395.89,11578453.0,49.129999999999995,US34959E1091,34959E109
2022-09-30,XEL,identifier,Xcel Energy Inc.,0.347802362728,514038912.0,8031858.0,64.0,US98389B1008,98389B100
2022-09-30,NFLX,identifier,"Netflix, Inc.",1.040218345907,1537403893.92,6529918.0,235.44,US64110L1061,64110L106
2022-09-30,PDD,identifier,Pinduoduo Inc.,0.291021581253,430119036.06,6873107.0,62.58,US7223041028,722304102
2022-09-30,DXCM,identifier,"Dexcom, Inc.",0.314132405004,464275971.06,5764539.0,80.54,US2521311074,252131107
2022-09-30,ATVI,manual table,"Activision Blizzard, Inc.",0.577782755659,853941349.8,11486970.0,74.33999999999999,US00507V1098,00507V109
2022-09-30,CSCO,identifier,"Cisco Systems, Inc.",1.645641228643,2432196320.0,60804908.0,40.0,US17275R1023,17275R102
2022-09-30,SBUX,identifier,Starbucks Corp.,0.96052594249,1419621495.82,16848107.0,84.25999999999999,US8552441094,855244109
2022-09-30,PEP,identifier,"PepsiCo, Inc.",2.238230494225,3308021138.88,20262288.0,163.26000000000002,US7134481081,713448108
2022-09-30,CTSH,identifier,Cognizant Technology Solutions Corp.,0.29548437861,436714884.0,7602975.0,57.44,US1924461023,192446102
2022-09-30,TMUS,identifier,"T-Mobile US, Inc.",1.67164100361,2470623017.08,18414124.0,134.17,US8725901040,872590104
2022-09-30,AMD,identifier,"Advanced Micro Devices, Inc.",1.016197883679,1501902547.2,23704270.0,63.36,US0079031078,007903107
2022-09-30,CEG,identifier,Constellation Energy Corp.,0.269962250406,398994131.01,4796179.0,83.19,US21037T1097,21037T109
2022-09-30,VRTX,identifier,Vertex Pharmaceuticals Inc.,0.737726388552,1090332070.06,3765739.0,289.53999999999996,US92532F1003,92532F100
2022-09-30,ADI,identifier,"Analog Devices, Inc.",0.712036328834,1052363120.56,7552484.0,139.34,US0326541051,032654105
2022-09-30,AMAT,identifier,"Applied Materials, Inc.",0.700277383592,1034983838.34,12632538.0,81.93,US0382221051,038222105
2022-09-30,EXC,identifier,Exelon Corp.,0.36973322506,546451908.06,14587611.0,37.459999999999994,US30161N1019,30161N101
2022-09-30,AEP,identifier,"American Electric Power Co., Inc.",0.441241647158,652138687.2,7543536.0,86.45,US0255371017,025537101
2022-09-30,MU,identifier,"Micron Technology, Inc.",0.549088238413,811531924.2,16198242.0,50.1,US5951121038,595112103
2022-09-30,VRSK,identifier,"Verisk Analytics, Inc.",0.265919404898,393018956.23,2304691.0,170.53,US92345Y1064,92345Y106
2022-09-30,IDXX,identifier,"IDEXX Laboratories, Inc.",0.269516809652,398335786.2,1222639.0,325.8,US45168D1046,45168D104
2022-09-30,AMGN,identifier,Amgen Inc.,1.197908635176,1770464256.4,7854766.0,225.4,US0311621009,031162100
2022-09-30,PAYX,identifier,"Paychex, Inc.",0.401233157367,593007632.42,5284802.0,112.21,US7043261079,704326107
2022-09-30,MSFT,identifier,Microsoft Corp.,10.40145058048,15372955772.0,66006680.0,232.9,US5949181045,594918104
2022-09-30,HON,SEC company list,Honeywell International Inc.,1.117562383064,1651715494.33,9892289.0,166.97,US4385161066,438516106
2022-09-30,MELI,identifier,"MercadoLibre, Inc.",0.414001826035,611879248.18,739181.0,827.78,US58733R1023,58733R102
2022-09-30,ODFL,identifier,"Old Dominion Freight Line, Inc.",0.276243674381,408277841.22,1641186.0,248.77,US6795801009,679580100
2022-09-30,ISRG,identifier,"Intuitive Surgical, Inc.",0.665024236366,982881002.4,5243710.0,187.44,US46120E6023,46120E602
2022-09-30,MDLZ,identifier,"Mondelez International, Inc.",0.746603497034,1103452105.1,20124970.0,54.83,US6092071058,609207105
2022-09-30,DLTR,identifier,"Dollar Tree, Inc.",0.30279598265,447521161.9,3288179.0,136.1,US2567461080,256746108
2022-09-30,LCID,SEC company list,Lucid Group Inc.,0.232871602201,344175537.2,24636760.0,13.969999999999999,US5494981039,549498103
2022-09-30,PCAR,identifier,PACCAR Inc.,0.289121823215,427311264.58,5105882.0,83.69,US6937181088,693718108
2022-09-30,NXPI,identifier,NXP Semiconductors N.V.,0.384852628749,568797822.45,3855995.0,147.51000000000002,NL0009538784,N6596X109
2022-09-30,REGN,identifier,"Regeneron Pharmaceuticals, Inc.",0.733582110686,1084206982.04,1573892.0,688.87,US75886F1075,75886F107
2022-09-30,BKNG,identifier,Booking Holdings Inc.,0.648271608474,958121243.59,583079.0,1643.21,US09857L1089,09857L108
2022-09-30,NTES,identifier,"NetEase, Inc.",0.121979588039,180281278.8,2384673.0,75.60000000000001,US64110W1027,64110W102
2022-09-30,CPRT,identifier,"Copart, Inc.",0.251221782739,371296419.2,3489628.0,106.39999999999999,US2172041061,217204106
2022-09-30,GILD,identifier,"Gilead Sciences, Inc.",0.768186073651,1135350347.87,18404123.0,61.68999999999999,US3755581036,375558103
2022-09-30,ZM,identifier,"Zoom Video Communications, Inc.",0.183492535208,271195119.03,3685217.0,73.58999999999999,US98980L1017,98980L101
2022-09-30,DOCU,identifier,"DocuSign, Inc.",0.106214867738,156981610.54,2935882.0,53.47,US2561631068,256163106
2022-09-30,JD,identifier,"JD.com, Inc.",0.252183511963,372717819.1,7409897.0,50.300000000000004,US47215P1066,47215P106
2022-09-30,SNPS,identifier,"Synopsys, Inc.",0.464129985231,685966796.67,2245317.0,305.51,US8716071076,871607107
2022-09-30,SGEN,manual table,Seagen Inc.,0.250728512747,370567384.56,2708232.0,136.83,US81181C1045,81181C104
2022-09-30,ORLY,identifier,"O'Reilly Automotive, Inc.",0.442457344432,653935442.4,929744.0,703.35,US67103H1077,67103H107
2022-09-30,CHTR,identifier,"Charter Communications, Inc.",0.484173192707,715589909.3,2358958.0,303.34999999999997,US16119P1084,16119P108
2022-09-30,FAST,identifier,Fastenal Co.,0.262866036682,388506191.96,8438449.0,46.04,US3119001044,311900104
2022-09-30,EA,manual table,Electronic Arts Inc.,0.319636825943,472411299.78,4082718.0,115.71,US2855121099,285512109
2022-09-30,QCOM,identifier,Qualcomm Inc.,1.260543039072,1863035567.82,16489959.0,112.97999999999999,US7475251036,747525103
2022-09-30,LRCX,"same company, other snapshot",Lam Research Corp.,0.498128920402,736215954.0,2011519.0,366.0,US5128071082,512807108
2022-09-30,TXN,identifier,Texas Instruments Inc.,1.405060772533,2076627384.42,13416639.0,154.78,US8825081040,882508104
2022-09-30,MRNA,identifier,"Moderna, Inc.",0.459587989677,679253896.75,5744219.0,118.25,US60770K1079,60770K107
2022-09-30,SIRI,SEC company list,Sirius XM Holdings Inc.,0.220916380128,326506165.15,57181465.0,5.71,US82968B1035,82968B103
2022-09-30,WDAY,identifier,"Workday, Inc.",0.303980510652,449271850.08,2951464.0,152.22,US98138H1014,98138H101
2022-09-30,ALGN,identifier,"Align Technology, Inc.",0.160727023593,237548542.48,1146968.0,207.10999999999999,US0162551016,016255101
2022-09-30,CSX,identifier,CSX Corp.,0.566721298299,837592928.64,31441176.0,26.64,US1264081035,126408103
2022-09-30,PANW,identifier,"Palo Alto Networks, Inc.",0.48640408552,718887085.62,4389078.0,163.79,US6974351057,697435105
2022-09-30,EBAY,identifier,eBay Inc.,0.200909520322,296936773.02,8066742.0,36.809999999999995,US2786421030,278642103
2022-09-30,CTAS,identifier,Cintas Corp.,0.393541620661,581639828.22,1498338.0,388.19,US1729081059,172908105
2022-12-31,KHC,identifier,Kraft Heinz Co. (The),0.457516057431,665230507.65,16340715.0,40.71,US5007541064,500754106
2022-12-31,WBA,identifier,"Walgreens Boots Alliance, Inc.",0.296430081717,431010738.4,11536690.0,37.36,US9314271084,931427108
2022-12-31,MNST,identifier,Monster Beverage Corp.,0.486009892938,706660679.01,6960117.0,101.53,US61174X1090,61174X109
2022-12-31,CDNS,identifier,"Cadence Design Systems, Inc.",0.404297196098,587850032.0,3659425.0,160.64,US1273871087,127387108
2022-12-31,GOOGL,identifier,Alphabet Inc.,3.798705010833,5523335021.19,62601553.0,88.22999999999999,US02079K3059,02079K305
2022-12-31,PYPL,identifier,"PayPal Holdings, Inc.",0.744925816094,1083125653.74,15208167.0,71.22,US70450Y1038,70450Y103
2022-12-31,CRWD,identifier,"CrowdStrike Holdings, Inc.",0.210862671382,306595319.77,2911913.0,105.28999999999999,US22788C1053,22788C105
2022-12-31,MCHP,identifier,Microchip Technology Inc.,0.354496196189,515439143.0,7337212.0,70.25,US5950171042,595017104
2022-12-31,CSGP,identifier,"CoStar Group, Inc.",0.288354182769,419268343.2,5425315.0,77.28,US22160N1090,22160N109
2022-12-31,NVDA,identifier,NVIDIA Corp.,3.298363159454,4795835606.94,32816721.0,146.14,US67066G1040,67066G104
2022-12-31,AMZN,identifier,"Amazon.com, Inc.",6.060433753712,8811899292.0,104903563.0,84.0,US0231351067,023135106
2022-12-31,KLAC,identifier,KLA Corp.,0.490227905693,712793689.47,1890549.0,377.03000000000003,US4824801009,482480100
2022-12-31,GOOG,identifier,Alphabet Inc.,3.819060564934,5552932092.96,62582352.0,88.73,US02079K1079,02079K107
2022-12-31,INTC,identifier,Intel Corp.,1.000751122752,1455096857.49,55054743.0,26.43,US4581401001,458140100
2022-12-31,INTU,identifier,Intuit Inc.,1.003187468094,1458639315.12,3747596.0,389.21999999999997,US4612021034,461202103
2022-12-31,MAR,identifier,"Marriott International, Inc.",0.432403213566,628716314.1,4222690.0,148.89000000000001,US5719032022,571903202
2022-12-31,BIIB,identifier,Biogen Inc.,0.365861364071,531964150.76,1921003.0,276.92,US09062X1037,09062X103
2022-12-31,AAPL,identifier,Apple Inc.,11.75710635511,17094888151.05,131569985.0,129.93,US0378331005,037833100
2022-12-31,ADP,identifier,"Automatic Data Processing, Inc.",0.909089665535,1321820665.92,5533872.0,238.86,US0530151036,053015103
2022-12-31,FISV,identifier,"Fiserv, Inc.",0.588858252777,856202679.81,8471383.0,101.07,US3377381088,337738108
2022-12-31,ROST,identifier,"Ross Stores, Inc.",0.369593060873,537390055.53,4629879.0,116.07,US7782961038,778296103
2022-12-31,ZS,identifier,"Zscaler, Inc.",0.148055917647,215274003.3,1923807.0,111.9,US98980G1022,98980G102
2022-12-31,TSLA,identifier,"Tesla, Inc.",2.750885882269,3999801061.02,32471189.0,123.17999999999999,US88160R1014,88160R101
2022-12-31,LULU,identifier,Lululemon Athletica Inc.,0.359501769701,522717270.52,1631554.0,320.38,US5500211090,550021109
2022-12-31,MRVL,identifier,"Marvell Technology, Inc.",0.289742242856,421286589.12,11373828.0,37.04,US5738741041,573874104
2022-12-31,ASML,identifier,ASML Holding N.V.,0.44287906091,643948245.6,1178529.0,546.4,USN070592100,N07059210
2022-12-31,WBD,identifier,"Warner Bros. Discovery, Inc.",0.211214144457,307106363.28,32395186.0,9.479999999999999,US9344231041,934423104
2022-12-31,ILMN,identifier,"Illumina, Inc.",0.291813981163,424298906.4,2098412.0,202.2,US4523271090,452327109
2022-12-31,GFS,identifier,GLOBALFOUNDRIES Inc.,0.269500049811,391854344.86,7271374.0,53.89,KYG393871085,G39387108
2022-12-31,ENPH,identifier,"Enphase Energy, Inc.",0.330423545473,480437395.2,1813245.0,264.96,US29355A1079,29355A107
2022-12-31,ADBE,identifier,Adobe Inc.,1.435420078149,2087107570.91,6201847.0,336.53000000000003,US00724F1012,00724F101
2022-12-31,ADSK,identifier,"Autodesk, Inc.",0.370087893091,538109543.91,2879593.0,186.86999999999998,US0527691069,052769106
2022-12-31,FANG,identifier,"Diamondback Energy, Inc.",0.220865305194,321139196.56,2347852.0,136.78,US25278X1090,25278X109
2022-12-31,ABNB,identifier,"Airbnb, Inc.",0.312401872769,454233798.0,5312676.0,85.5,US0090661010,009066101
2022-12-31,AZN,SEC company list,AstraZeneca PLC,0.380019677821,552550405.8,8149711.0,67.8,US0463531089,046353108
2022-12-31,AVGO,identifier,Broadcom Inc.,2.077614198807,3020860854.44,5402788.0,559.13,US11135F1012,11135F101
2022-12-31,DDOG,identifier,"Datadog, Inc.",0.196942661033,286355559.0,3895994.0,73.5,US23804L1035,23804L103
2022-12-31,ANSS,manual table,"ANSYS, Inc.",0.193088435866,280751497.41,1162099.0,241.59000000000003,US03662Q1058,03662Q105
2022-12-31,META,identifier,"Meta Platforms, Inc.",2.482734009606,3609906972.1,29997565.0,120.34,US30303M1027,30303M102
2022-12-31,COST,identifier,Costco Wholesale Corp.,1.853752571237,2695364991.0,5904414.0,456.5,US22160K1051,22160K105
2022-12-31,KDP,identifier,Keurig Dr Pepper Inc.,0.463357864452,673724522.64,18893004.0,35.66,US49271V1008,49271V100
2022-12-31,CMCSA,identifier,Comcast Corp.,1.384098749726,2012486117.07,57548931.0,34.97,US20030N1019,20030N101
2022-12-31,FTNT,identifier,"Fortinet, Inc.",0.350422812649,509516424.1,10421690.0,48.89,US34959E1091,34959E109
2022-12-31,XEL,identifier,Xcel Energy Inc.,0.352013982345,511829992.35,7300385.0,70.11,US98389B1008,98389B100
2022-12-31,NFLX,identifier,"Netflix, Inc.",1.203984032184,1750598467.36,5936647.0,294.88,US64110L1061,64110L106
2022-12-31,PDD,identifier,Pinduoduo Inc.,0.350218478615,509219321.45,6244259.0,81.55,US7223041028,722304102
2022-12-31,DXCM,identifier,"Dexcom, Inc.",0.401303655612,583497410.0,5152750.0,113.24,US2521311074,252131107
2022-12-31,ATVI,manual table,"Activision Blizzard, Inc.",0.549660962412,799209634.55,10440361.0,76.55,US00507V1098,00507V109
2022-12-31,CSCO,identifier,"Cisco Systems, Inc.",1.795591443428,2610798436.56,54802654.0,47.64,US17275R1023,17275R102
2022-12-31,SBUX,identifier,Starbucks Corp.,1.0446542738,1518932246.4,15311817.0,99.2,US8552441094,855244109
2022-12-31,PEP,identifier,"PepsiCo, Inc.",2.283570396087,3320322137.7,18378845.0,180.66,US7134481081,713448108
2022-12-31,CTSH,identifier,Cognizant Technology Solutions Corp.,0.269657447608,392083202.0,6855800.0,57.19,US1924461023,192446102
2022-12-31,TMUS,identifier,"T-Mobile US, Inc.",1.598074012899,2323607160.0,16597194.0,140.0,US8725901040,872590104
2022-12-31,AMD,identifier,"Advanced Micro Devices, Inc.",0.958141681459,1393142528.67,21509071.0,64.77000000000001,US0079031078,007903107
2022-12-31,CEG,identifier,Constellation Energy Corp.,0.258653351071,376083193.68,4362408.0,86.21000000000001,US21037T1097,21037T109
2022-12-31,VRTX,identifier,Vertex Pharmaceuticals Inc.,0.680101305397,988870509.12,3424304.0,288.78000000000003,US92532F1003,92532F100
2022-12-31,ADI,identifier,"Analog Devices, Inc.",0.766459837819,1114436223.0,6794100.0,164.03,US0326541051,032654105
2022-12-31,AMAT,identifier,"Applied Materials, Inc.",0.76863498938,1117598903.64,11476678.0,97.38000000000001,US0382221051,038222105
2022-12-31,EXC,identifier,Exelon Corp.,0.394142566362,573085152.42,13256654.0,43.23,US30161N1019,30161N101
2022-12-31,TEAM,identifier,Atlassian Corp.,0.175052021938,254526466.4,1977980.0,128.68,US0494681010,049468101
2022-12-31,AEP,identifier,"American Electric Power Co., Inc.",0.447649855563,650885003.55,6855029.0,94.94999999999999,US0255371017,025537101
2022-12-31,MU,identifier,"Micron Technology, Inc.",0.498525919249,724859040.36,14502982.0,49.980000000000004,US5951121038,595112103
2022-12-31,VRSK,identifier,"Verisk Analytics, Inc.",0.253131908464,368054990.06,2086243.0,176.42,US92345Y1064,92345Y106
2022-12-31,IDXX,identifier,"IDEXX Laboratories, Inc.",0.309979851885,450712168.2,1104795.0,407.96,US45168D1046,45168D104
2022-12-31,AMGN,identifier,Amgen Inc.,1.285746693505,1869481762.96,7118039.0,262.64,US0311621009,031162100
2022-12-31,PAYX,identifier,"Paychex, Inc.",0.38211061557,555590639.16,4807811.0,115.55999999999999,US7043261079,704326107
2022-12-31,MSFT,identifier,Microsoft Corp.,12.59061187192,18306809107.86,76335623.0,239.82000000000002,US5949181045,594918104
2022-12-31,RIVN,identifier,"Rivian Automotive, Inc.",0.154401538864,224500566.51,12181257.0,18.43,US76954A1034,76954A103
2022-12-31,HON,SEC company list,Honeywell International Inc.,1.321884918206,1922026912.3,8968861.0,214.29999999999998,US4385161066,438516106
2022-12-31,MELI,identifier,"MercadoLibre, Inc.",0.390496587376,567783881.76,670949.0,846.24,US58733R1023,58733R102
2022-12-31,ODFL,identifier,"Old Dominion Freight Line, Inc.",0.287651862725,418247166.54,1473843.0,283.78000000000003,US6795801009,679580100
2022-12-31,ISRG,identifier,"Intuitive Surgical, Inc.",0.860324137663,1250915358.15,4714209.0,265.35,US46120E6023,46120E602
2022-12-31,MDLZ,identifier,"Mondelez International, Inc.",0.835068339998,1214193309.1,18217454.0,66.64999999999999,US6092071058,609207105
2022-12-31,DLTR,identifier,"Dollar Tree, Inc.",0.287027228839,417338945.92,2950643.0,141.44,US2567461080,256746108
2022-12-31,LCID,SEC company list,Lucid Group Inc.,0.105301934643,153109510.15,22417205.0,6.83,US5494981039,549498103
2022-12-31,PCAR,identifier,PACCAR Inc.,0.315782635264,459149442.63,4639279.0,98.97,US6937181088,693718108
2022-12-31,NXPI,identifier,NXP Semiconductors N.V.,0.375716517887,546293590.94,3456898.0,158.03000000000003,NL0009538784,N6596X109
2022-12-31,BKR,identifier,Baker Hughes Co.,0.27132750169,394511468.52,13359684.0,29.529999999999998,US05722G1004,05722G100
2022-12-31,REGN,identifier,"Regeneron Pharmaceuticals, Inc.",0.708841278606,1030658565.86,1428514.0,721.49,US75886F1075,75886F107
2022-12-31,BKNG,identifier,Booking Holdings Inc.,0.717212815039,1042830819.36,517462.0,2015.28,US09857L1089,09857L108
2022-12-31,CPRT,identifier,"Copart, Inc.",0.266086090814,386890432.36,6353924.0,60.89,US2172041061,217204106
2022-12-31,GILD,identifier,"Gilead Sciences, Inc.",0.987904625823,1436417990.3,16731718.0,85.85,US3755581036,375558103
2022-12-31,ZM,identifier,"Zoom Video Communications, Inc.",0.152672792105,221986960.56,3277044.0,67.74,US98980L1017,98980L101
2022-12-31,JD,identifier,"JD.com, Inc.",0.250171408318,363750408.87,6480499.0,56.13,US47215P1066,47215P106
2022-12-31,SNPS,identifier,"Synopsys, Inc.",0.447940456015,651307537.98,2039862.0,319.29,US8716071076,871607107
2022-12-31,SGEN,manual table,Seagen Inc.,0.218908208,318293568.0,2476800.0,128.51,US81181C1045,81181C104
2022-12-31,ORLY,identifier,"O'Reilly Automotive, Inc.",0.484578456314,704579363.4,834780.0,844.03,US67103H1077,67103H107
2022-12-31,CHTR,identifier,"Charter Communications, Inc.",0.484323482933,704208630.9,2076699.0,339.09999999999997,US16119P1084,16119P108
2022-12-31,FAST,identifier,Fastenal Co.,0.248663970029,361558586.48,7640714.0,47.32,US3119001044,311900104
2022-12-31,EA,manual table,Electronic Arts Inc.,0.309479254446,449984297.16,3682962.0,122.18,US2855121099,285512109
2022-12-31,QCOM,identifier,Qualcomm Inc.,1.130720003624,1644072223.92,14954268.0,109.94000000000001,US7475251036,747525103
2022-12-31,LRCX,"same company, other snapshot",Lam Research Corp.,0.525899100885,764659775.7,1819319.0,420.3,US5128071082,512807108
2022-12-31,TXN,identifier,Texas Instruments Inc.,1.375748837754,2000345305.64,12107162.0,165.22,US8825081040,882508104
2022-12-31,MRNA,identifier,"Moderna, Inc.",0.633115206857,920552500.0,5125000.0,179.62,US60770K1079,60770K107
2022-12-31,SIRI,SEC company list,Sirius XM Holdings Inc.,0.208403635344,303019869.76,51886964.0,5.84,US82968B1035,82968B103
2022-12-31,WDAY,identifier,"Workday, Inc.",0.310113270132,450906158.96,2694712.0,167.32999999999998,US98138H1014,98138H101
2022-12-31,ALGN,identifier,"Align Technology, Inc.",0.151145186089,219765814.2,1042038.0,210.89999999999998,US0162551016,016255101
2022-12-31,CSX,identifier,CSX Corp.,0.597576116167,868878494.34,28046433.0,30.98,US1264081035,126408103
2022-12-31,PANW,identifier,"Palo Alto Networks, Inc.",0.387088845099,562829008.4,4033460.0,139.54,US6974351057,697435105
2022-12-31,EBAY,identifier,eBay Inc.,0.206469931671,300208255.49,7239167.0,41.47,US2786421030,278642103
2022-12-31,CTAS,identifier,Cintas Corp.,0.420754724128,611779355.46,1354633.0,451.62,US1729081059,172908105
2023-03-31,KHC,identifier,Kraft Heinz Co. (The),0.361290506936,622839553.77,16106531.0,38.67,US5007541064,500754106
2023-03-31,WBA,identifier,"Walgreens Boots Alliance, Inc.",0.227478257812,392156599.38,11340561.0,34.58,US9314271084,931427108
2023-03-31,MNST,identifier,Monster Beverage Corp.,0.429849107711,741029784.33,13720233.0,54.010000000000005,US61174X1090,61174X109
2023-03-31,CDNS,identifier,"Cadence Design Systems, Inc.",0.437344092269,753950613.27,3588703.0,210.09,US1273871087,127387108
2023-03-31,GOOGL,identifier,Alphabet Inc.,3.702057048819,6382087312.15,61525955.0,103.72999999999999,US02079K3059,02079K305
2023-03-31,PYPL,identifier,"PayPal Holdings, Inc.",0.655283871917,1129663543.72,14875738.0,75.94,US70450Y1038,70450Y103
2023-03-31,CRWD,identifier,"CrowdStrike Holdings, Inc.",0.228512222678,393939082.46,2870021.0,137.26,US22788C1053,22788C105
2023-03-31,MCHP,identifier,Microchip Technology Inc.,0.350034266001,603434582.02,7202609.0,83.78,US5950171042,595017104
2023-03-31,CSGP,identifier,"CoStar Group, Inc.",0.213603853608,368238097.35,5348411.0,68.85000000000001,US22160N1090,22160N109
2023-03-31,NVDA,identifier,NVIDIA Corp.,5.232758087277,9020908796.37,32476181.0,277.77000000000004,US67066G1040,67066G104
2023-03-31,AMZN,identifier,"Amazon.com, Inc.",6.222670607505,10727448715.17,103857573.0,103.29,US0231351067,023135106
2023-03-31,KLAC,identifier,KLA Corp.,0.421593421658,726797559.24,1820772.0,399.17,US4824801009,482480100
2023-03-31,GOOG,identifier,Alphabet Inc.,3.648986955104,6290598184.0,60486521.0,104.0,US02079K1079,02079K107
2023-03-31,INTC,identifier,Intel Corp.,1.030827902958,1777075175.7,54394710.0,32.67,US4581401001,458140100
2023-03-31,INTU,identifier,Intuit Inc.,0.953931309686,1644510829.5,3688650.0,445.83,US4612021034,461202103
2023-03-31,MAR,identifier,"Marriott International, Inc.",0.390196931244,672672206.64,4051266.0,166.04,US5719032022,571903202
2023-03-31,BIIB,identifier,Biogen Inc.,0.306389561417,528194165.22,1899774.0,278.03000000000003,US09062X1037,09062X103
2023-03-31,AAPL,identifier,Apple Inc.,12.336984408,21268097877.0,128975730.0,164.9,US0378331005,037833100
2023-03-31,ADP,identifier,"Automatic Data Processing, Inc.",0.703562212473,1212892024.71,5448017.0,222.63,US0530151036,053015103
2023-03-31,FISV,identifier,"Fiserv, Inc.",0.541494749567,933499058.83,8258861.0,113.03,US3377381088,337738108
2023-03-31,ROST,identifier,"Ross Stores, Inc.",0.278750369969,480546133.13,4527901.0,106.13,US7782961038,778296103
2023-03-31,ZS,identifier,"Zscaler, Inc.",0.128500731613,221526269.86,1896142.0,116.83000000000001,US98980G1022,98980G102
2023-03-31,TSLA,identifier,"Tesla, Inc.",3.859158839842,6652919807.16,32068446.0,207.46,US88160R1014,88160R101
2023-03-31,LULU,identifier,Lululemon Athletica Inc.,0.339989389076,586117917.06,1609374.0,364.18999999999994,US5500211090,550021109
2023-03-31,MRVL,identifier,"Marvell Technology, Inc.",0.281765816933,485744552.7,11218119.0,43.3,US5738741041,573874104
2023-03-31,ASML,identifier,ASML Holding N.V.,0.456184634281,786430389.39,1155309.0,680.71,USN070592100,N07059210
2023-03-31,WBD,identifier,"Warner Bros. Discovery, Inc.",0.279859903905,482458892.0,31950920.0,15.1,US9344231041,934423104
2023-03-31,ILMN,identifier,"Illumina, Inc.",0.280228458249,483094253.9,2077378.0,232.54999999999998,US4523271090,452327109
2023-03-31,GFS,identifier,GLOBALFOUNDRIES Inc.,0.300069672383,517299118.74,7166793.0,72.18,KYG393871085,G39387108
2023-03-31,ENPH,identifier,"Enphase Energy, Inc.",0.218912804447,377390357.12,1794704.0,210.28,US29355A1079,29355A107
2023-03-31,ADBE,identifier,Adobe Inc.,1.345552507763,2319638372.5,6019250.0,385.37,US00724F1012,00724F101
2023-03-31,ADSK,identifier,"Autodesk, Inc.",0.342557242103,590544716.0,2836975.0,208.16,US0527691069,052769106
2023-03-31,FANG,identifier,"Diamondback Energy, Inc.",0.189273829397,326294838.03,2413959.0,135.17,US25278X1090,25278X109
2023-03-31,ABNB,identifier,"Airbnb, Inc.",0.38798803078,668864216.8,5376722.0,124.39999999999999,US0090661010,009066101
2023-03-31,AZN,SEC company list,AstraZeneca PLC,0.319152081207,550195856.32,7926752.0,69.41000000000001,US0463531089,046353108
2023-03-31,AVGO,identifier,Broadcom Inc.,2.039986120761,3516793330.46,5481799.0,641.54,US11135F1012,11135F101
2023-03-31,DDOG,identifier,"Datadog, Inc.",0.162958844247,280929644.94,3866359.0,72.66,US23804L1035,23804L103
2023-03-31,ANSS,manual table,"ANSYS, Inc.",0.22105959673,381091276.8,1145106.0,332.8,US03662Q1058,03662Q105
2023-03-31,META,identifier,"Meta Platforms, Inc.",3.59782666429,6202401422.42,29264893.0,211.94,US30303M1027,30303M102
2023-03-31,COST,identifier,Costco Wholesale Corp.,1.68155500989,2898883175.43,5834289.0,496.86999999999995,US22160K1051,22160K105
2023-03-31,KDP,identifier,Keurig Dr Pepper Inc.,0.37844585022,652414165.2,18492465.0,35.28,US49271V1008,49271V100
2023-03-31,CMCSA,identifier,Comcast Corp.,1.21628959598,2096798157.36,55309896.0,37.91,US20030N1019,20030N101
2023-03-31,FTNT,identifier,"Fortinet, Inc.",0.397435982549,685151824.56,10309236.0,66.46,US34959E1091,34959E109
2023-03-31,XEL,identifier,Xcel Energy Inc.,0.282821314448,487564156.56,7229599.0,67.44,US98389B1008,98389B100
2023-03-31,NFLX,identifier,"Netflix, Inc.",1.173469846386,2022979905.24,5855563.0,345.48,US64110L1061,64110L106
2023-03-31,PDD,identifier,PDD Holdings Inc.,0.344529410488,593944596.3,7825357.0,75.89999999999999,US7223041028,722304102
2023-03-31,DXCM,identifier,"DexCom, Inc.",0.34240208519,590277236.34,5080713.0,116.18,US2521311074,252131107
2023-03-31,ATVI,manual table,"Activision Blizzard, Inc.",0.51196867617,882598174.29,10311931.0,85.58999999999999,US00507V1098,00507V109
2023-03-31,CSCO,identifier,"Cisco Systems, Inc.",1.633004589939,2815185648.6,53853384.0,52.275,US17275R1023,17275R102
2023-03-31,SBUX,identifier,Starbucks Corp.,0.912772434793,1573555809.15,15111455.0,104.13000000000001,US8552441094,855244109
2023-03-31,PEP,identifier,"PepsiCo, Inc.",1.914930062599,3301205436.6,18108642.0,182.29999999999998,US7134481081,713448108
2023-03-31,CTSH,identifier,Cognizant Technology Solutions Corp.,0.236672293134,408006472.95,6696315.0,60.93,US1924461023,192446102
2023-03-31,TMUS,identifier,"T-Mobile US, Inc.",1.347039451721,2322201759.84,16032876.0,144.84,US8725901040,872590104
2023-03-31,AMD,identifier,"Advanced Micro Devices, Inc.",1.204534596943,2076533361.54,21186954.0,98.01,US0079031078,007903107
2023-03-31,CEG,identifier,Constellation Energy Corp.,0.195855386239,337640981.5,4301159.0,78.5,US21037T1097,21037T109
2023-03-31,VRTX,identifier,Vertex Pharmaceuticals Inc.,0.617807897958,1065057586.88,3380384.0,315.07,US92532F1003,92532F100
2023-03-31,ADI,identifier,"Analog Devices, Inc.",0.760895575521,1311730730.88,6651104.0,197.22000000000003,US0326541051,032654105
2023-03-31,AMAT,identifier,"Applied Materials, Inc.",0.791703686532,1364841758.56,11111632.0,122.83,US0382221051,038222105
2023-03-31,EXC,identifier,Exelon Corp.,0.317618133015,547551436.97,13071173.0,41.89,US30161N1019,30161N101
2023-03-31,TEAM,identifier,Atlassian Corp.,0.195971392235,337840967.72,1973716.0,171.17000000000002,US0494681010,049468101
2023-03-31,AEP,identifier,"American Electric Power Co., Inc.",0.356990373311,615426424.29,6763671.0,90.99,US0255371017,025537101
2023-03-31,MU,identifier,"Micron Technology, Inc.",0.502170911589,865707513.72,14347158.0,60.34,US5951121038,595112103
2023-03-31,VRSK,identifier,"Verisk Analytics, Inc.",0.226361809297,390231920.26,2033941.0,191.85999999999999,US92345Y1064,92345Y106
2023-03-31,IDXX,identifier,"IDEXX Laboratories, Inc.",0.316175939626,545065196.48,1089956.0,500.08000000000004,US45168D1046,45168D104
2023-03-31,AMGN,identifier,Amgen Inc.,0.984565853948,1697322640.25,7020983.0,241.75,US0311621009,031162100
2023-03-31,PAYX,identifier,"Paychex, Inc.",0.315036249761,543100450.9,4739510.0,114.58999999999999,US7043261079,704326107
2023-03-31,MSFT,identifier,Microsoft Corp.,12.56435972986,21660077022.0,75130340.0,288.3,US5949181045,594918104
2023-03-31,RIVN,identifier,"Rivian Automotive, Inc.",0.108533104703,187103478.24,12086788.0,15.48,US76954A1034,76954A103
2023-03-31,HON,SEC company list,Honeywell International Inc.,0.9739291807,1678985759.84,8784982.0,191.11999999999998,US4385161066,438516106
2023-03-31,MELI,identifier,"MercadoLibre, Inc.",0.505293916312,871091355.34,660889.0,1318.06,US58733R1023,58733R102
2023-03-31,ODFL,identifier,"Old Dominion Freight Line, Inc.",0.286032912268,493100726.48,1446722.0,340.84000000000003,US6795801009,679580100
2023-03-31,ISRG,identifier,"Intuitive Surgical, Inc.",0.682724310229,1176968939.31,4607073.0,255.47,US46120E6023,46120E602
2023-03-31,MDLZ,identifier,"Mondelez International, Inc.",0.724943810757,1249752404.04,17925307.0,69.72,US6092071058,609207105
2023-03-31,DLTR,identifier,"Dollar Tree, Inc.",0.24216785432,417480435.9,2908258.0,143.54999999999998,US2567461080,256746108
2023-03-31,LCID,SEC company list,Lucid Group Inc.,0.112244718502,193502040.72,24067418.0,8.04,US5494981039,549498103
2023-03-31,PCAR,identifier,PACCAR Inc.,0.291715708066,502897468.8,6870184.0,73.2,US6937181088,693718108
2023-03-31,NXPI,identifier,NXP Semiconductors N.V.,0.368548615894,635352025.75,3407170.0,186.475,NL0009538784,N6596X109
2023-03-31,BKR,identifier,Baker Hughes Co.,0.222584284436,383719731.72,13295902.0,28.860000000000003,US05722G1004,05722G100
2023-03-31,REGN,identifier,"Regeneron Pharmaceuticals, Inc.",0.673765766664,1161525037.05,1413615.0,821.67,US75886F1075,75886F107
2023-03-31,BKNG,identifier,Booking Holdings Inc.,0.761598747402,1312942950.0,495000.0,2652.41,US09857L1089,09857L108
2023-03-31,CPRT,identifier,"Copart, Inc.",0.273381995627,471291431.4,6266340.0,75.21,US2172041061,217204106
2023-03-31,GILD,identifier,"Gilead Sciences, Inc.",0.789180009776,1360491116.42,16397386.0,82.97,US3755581036,375558103
2023-03-31,ZM,identifier,"Zoom Video Communications, Inc.",0.138347510603,238501427.84,3229976.0,73.84,US98980L1017,98980L101
2023-03-31,JD,identifier,"JD.com, Inc.",0.154291526678,265987795.92,6060328.0,43.89,US47215P1066,47215P106
2023-03-31,SNPS,identifier,"Synopsys, Inc.",0.448652961488,773446312.5,2002450.0,386.25,US8716071076,871607107
2023-03-31,SGEN,manual table,Seagen Inc.,0.288453475963,497273608.92,2456036.0,202.47,US81181C1045,81181C104
2023-03-31,ORLY,identifier,"O'Reilly Automotive, Inc.",0.400405363659,690270829.82,813059.0,848.98,US67103H1077,67103H107
2023-03-31,CHTR,identifier,"Charter Communications, Inc.",0.416358948052,717773693.01,2007141.0,357.61,US16119P1084,16119P108
2023-03-31,FAST,identifier,Fastenal Co.,0.234893266015,404939554.68,7507222.0,53.94,US3119001044,311900104
2023-03-31,EA,manual table,Electronic Arts Inc.,0.251928186135,434306565.0,3605700.0,120.45,US2855121099,285512109
2023-03-31,QCOM,identifier,Qualcomm Inc.,1.084952385913,1870381997.12,14660464.0,127.58,US7475251036,747525103
2023-03-31,LRCX,"same company, other snapshot",Lam Research Corp.,0.545566359421,940518229.32,1774161.0,530.12,US5128071082,512807108
2023-03-31,TXN,identifier,Texas Instruments Inc.,1.285622747252,2216323658.78,11915078.0,186.01000000000002,US8825081040,882508104
2023-03-31,MRNA,identifier,"Moderna, Inc.",0.452540857337,780148772.9,5079755.0,153.57999999999998,US60770K1079,60770K107
2023-03-31,SIRI,SEC company list,Sirius XM Holdings Inc.,0.117800544054,203079895.22,51153626.0,3.97,US82968B1035,82968B103
2023-03-31,WDAY,identifier,"Workday, Inc.",0.321361968069,554005546.64,2682316.0,206.54,US98138H1014,98138H101
2023-03-31,ALGN,identifier,"Align Technology, Inc.",0.19524705062,336592253.46,1007339.0,334.14,US0162551016,016255101
2023-03-31,CSX,identifier,CSX Corp.,0.47099825765,811968039.54,27119841.0,29.939999999999998,US1264081035,126408103
2023-03-31,PANW,identifier,"Palo Alto Networks, Inc.",0.46098746415,794710132.02,3978723.0,199.74,US6974351057,697435105
2023-03-31,EBAY,identifier,eBay Inc.,0.181684302458,313211024.64,7059072.0,44.37,US2786421030,278642103
2023-03-31,CTAS,identifier,Cintas Corp.,0.358586454791,618177957.08,1336081.0,462.68,US1729081059,172908105
2023-06-30,KHC,identifier,Kraft Heinz Co. (The),0.289504921074,583526564.0,16437368.0,35.5,US5007541064,500754106
2023-06-30,WBA,identifier,"Walgreens Boots Alliance, Inc.",0.16334058206,329229528.32,11555968.0,28.49,US9314271084,931427108
2023-06-30,MNST,identifier,Monster Beverage Corp.,0.399521227158,805275599.68,14019422.0,57.44,US61174X1090,61174X109
2023-06-30,CDNS,identifier,"Cadence Design Systems, Inc.",0.424956641038,856543259.0,3652325.0,234.52,US1273871087,127387108
2023-06-30,GOOGL,identifier,Alphabet Inc.,3.712653784535,7483230675.9,62516547.0,119.69999999999999,US02079K3059,02079K305
2023-06-30,PYPL,identifier,"PayPal Holdings, Inc.",0.49473470377,997188029.52,14943624.0,66.73,US70450Y1038,70450Y103
2023-06-30,CRWD,identifier,"CrowdStrike Holdings, Inc.",0.218727343273,440867169.37,3001751.0,146.87,US22788C1053,22788C105
2023-06-30,MCHP,identifier,Microchip Technology Inc.,0.324681095197,654427714.64,7304696.0,89.59,US5950171042,595017104
2023-06-30,CSGP,identifier,"CoStar Group, Inc.",0.241617506717,487004618.0,5471962.0,89.0,US22160N1090,22160N109
2023-06-30,NVDA,identifier,NVIDIA Corp.,6.943139954751,13994603567.1,33082605.0,423.02000000000004,US67066G1040,67066G104
2023-06-30,AMZN,identifier,"Amazon.com, Inc.",6.851156090192,13809200748.28,105931273.0,130.36,US0231351067,023135106
2023-06-30,KLAC,identifier,KLA Corp.,0.442180480579,891259656.46,1837573.0,485.02000000000004,US4824801009,482480100
2023-06-30,GOOG,identifier,Alphabet Inc.,3.639724230661,7336233754.99,60645067.0,120.97,US02079K1079,02079K107
2023-06-30,INTC,identifier,Intel Corp.,0.926838565295,1868137237.12,55865348.0,33.44,US4581401001,458140100
2023-06-30,INTU,identifier,Intuit Inc.,0.85271058021,1718724756.42,3751118.0,458.19,US4612021034,461202103
2023-06-30,MAR,identifier,"Marriott International, Inc.",0.371982082163,749767656.69,4081701.0,183.69000000000003,US5719032022,571903202
2023-06-30,BIIB,identifier,Biogen Inc.,0.27397755437,552229579.8,1938668.0,284.84999999999997,US09062X1037,09062X103
2023-06-30,AAPL,identifier,Apple Inc.,12.56906837942,25334233549.1,130609030.0,193.97,US0378331005,037833100
2023-06-30,ADP,identifier,"Automatic Data Processing, Inc.",0.603374231628,1216162028.89,5533291.0,219.79000000000002,US0530151036,053015103
2023-06-30,GEHC,identifier,GE HealthCare Technologies Inc.,0.245455936891,494741363.76,6089874.0,81.24,US36266G1076,36266G107
2023-06-30,ROST,identifier,"Ross Stores, Inc.",0.254861126245,513698477.88,4581276.0,112.13,US7782961038,778296103
2023-06-30,ZS,identifier,"Zscaler, Inc.",0.141084670469,284370478.7,1943749.0,146.29999999999998,US98980G1022,98980G102
2023-06-30,TSLA,identifier,"Tesla, Inc.",4.249798811896,8565901018.85,32723005.0,261.77000000000004,US88160R1014,88160R101
2023-06-30,LULU,identifier,Lululemon Athletica Inc.,0.307367642367,619530692.5,1636805.0,378.5,US5500211090,550021109
2023-06-30,MRVL,identifier,"Marvell Technology, Inc.",0.341625652623,688581190.64,11518588.0,59.78,US5738741041,573874104
2023-06-30,ASML,identifier,ASML Holding N.V.,0.422687929606,851970440.75,1175537.0,724.75,USN070592100,N07059210
2023-06-30,WBD,identifier,"Warner Bros. Discovery, Inc.",0.202997241979,409161553.02,32628513.0,12.54,US9344231041,934423104
2023-06-30,ILMN,identifier,"Illumina, Inc.",0.196977740463,397028636.51,2117599.0,187.49,US4523271090,452327109
2023-06-30,GFS,identifier,GLOBALFOUNDRIES Inc.,0.235060255239,473787811.84,7336448.0,64.58,KYG393871085,G39387108
2023-06-30,ENPH,identifier,"Enphase Energy, Inc.",0.15250747413,307394299.32,1835409.0,167.48,US29355A1079,29355A107
2023-06-30,ADBE,identifier,Adobe Inc.,1.490489680005,3004233290.48,6143752.0,488.99,US00724F1012,00724F101
2023-06-30,ADSK,identifier,"Autodesk, Inc.",0.291176070321,586894934.99,2868359.0,204.61,US0527691069,052769106
2023-06-30,FANG,identifier,"Diamondback Energy, Inc.",0.158068268876,318602645.76,2425416.0,131.35999999999999,US25278X1090,25278X109
2023-06-30,ABNB,identifier,"Airbnb, Inc.",0.351219363544,707918289.12,5523707.0,128.16,US0090661010,009066101
2023-06-30,AZN,SEC company list,AstraZeneca PLC,0.281499125176,567390069.48,7927764.0,71.57000000000001,US0463531089,046353108
2023-06-30,AVGO,identifier,Broadcom Inc.,2.403164867951,4843822802.44,5584108.0,867.43,US11135F1012,11135F101
2023-06-30,DDOG,identifier,"Datadog, Inc.",0.193685648099,390393090.08,3968216.0,98.38,US23804L1035,23804L103
2023-06-30,ANSS,manual table,"ANSYS, Inc.",0.190171044722,383309050.11,1160593.0,330.27000000000004,US03662Q1058,03662Q105
2023-06-30,META,identifier,"Meta Platforms, Inc.",4.218558787069,8502933576.78,29629011.0,286.98,US30303M1027,30303M102
2023-06-30,COST,identifier,Costco Wholesale Corp.,1.586611274063,3197976123.24,5939998.0,538.38,US22160K1051,22160K105
2023-06-30,KDP,identifier,Keurig Dr Pepper Inc.,0.291692623782,587936100.94,18801922.0,31.270000000000003,US49271V1008,49271V100
2023-06-30,CMCSA,identifier,Comcast Corp.,1.148411315908,2314739613.9,55709738.0,41.550000000000004,US20030N1019,20030N101
2023-06-30,FTNT,identifier,"Fortinet, Inc.",0.394400987364,794955236.48,10516672.0,75.59,US34959E1091,34959E109
2023-06-30,XEL,identifier,Xcel Energy Inc.,0.227363252358,458273721.0,7371300.0,62.17,US98389B1008,98389B100
2023-06-30,NFLX,identifier,"Netflix, Inc.",1.30119130082,2622683186.37,5954013.0,440.49,US64110L1061,64110L106
2023-06-30,PDD,identifier,PDD Holdings Inc.,0.28053828603,565453400.62,8178383.0,69.14,US7223041028,722304102
2023-06-30,DXCM,identifier,"DexCom, Inc.",0.331018580251,667201559.26,5191826.0,128.51,US2521311074,252131107
2023-06-30,ATVI,manual table,"Activision Blizzard, Inc.",0.440386151446,887643003.9,10529573.0,84.3,US00507V1098,00507V109
2023-06-30,CSCO,identifier,"Cisco Systems, Inc.",1.401063891109,2823986532.9,54580335.0,51.74,US17275R1023,17275R102
2023-06-30,SBUX,identifier,Starbucks Corp.,0.754623770247,1521020831.46,15354541.0,99.06,US8552441094,855244109
2023-06-30,PEP,identifier,"PepsiCo, Inc.",1.69566419008,3417783348.42,18452561.0,185.22,US7134481081,713448108
2023-06-30,CTSH,identifier,Cognizant Technology Solutions Corp.,0.220136713854,443707898.88,6796996.0,65.28,US1924461023,192446102
2023-06-30,TMUS,identifier,"T-Mobile US, Inc.",1.107500277754,2232279262.5,16071125.0,138.9,US8725901040,872590104
2023-06-30,AMD,identifier,"Advanced Micro Devices, Inc.",1.218937004604,2456891300.46,21568706.0,113.91,US0079031078,007903107
2023-06-30,CEG,identifier,Constellation Energy Corp.,0.197357185867,397793447.25,4345095.0,91.55,US21037T1097,21037T109
2023-06-30,VRTX,identifier,Vertex Pharmaceuticals Inc.,0.602257120414,1213910377.81,3449491.0,351.90999999999997,US92532F1003,92532F100
2023-06-30,ADI,identifier,"Analog Devices, Inc.",0.649090941399,1308308699.39,6715819.0,194.81,US0326541051,032654105
2023-06-30,AMAT,identifier,"Applied Materials, Inc.",0.806552878921,1625689222.74,11247331.0,144.54,US0382221051,038222105
2023-06-30,EXC,identifier,Exelon Corp.,0.269248789134,542698273.32,13321018.0,40.74,US30161N1019,30161N101
2023-06-30,TEAM,identifier,Atlassian Corp.,0.169364835776,341372023.37,2034277.0,167.81,US0494681010,049468101
2023-06-30,AEP,identifier,"American Electric Power Co., Inc.",0.28803057719,580554874.2,6894951.0,84.2,US0255371017,025537101
2023-06-30,MU,identifier,"Micron Technology, Inc.",0.458952471493,925065307.13,14657983.0,63.11,US5951121038,595112103
2023-06-30,VRSK,identifier,"Verisk Analytics, Inc.",0.21747633231,438345629.75,1939325.0,226.03,US92345Y1064,92345Y106
2023-06-30,IDXX,identifier,"IDEXX Laboratories, Inc.",0.277019899812,558361735.95,1111765.0,502.23,US45168D1046,45168D104
2023-06-30,AMGN,identifier,Amgen Inc.,0.788306104538,1588910996.24,7156612.0,222.02,US0311621009,031162100
2023-06-30,PAYX,identifier,"Paychex, Inc.",0.267999654758,540180516.15,4828645.0,111.86999999999999,US7043261079,704326107
2023-06-30,MSFT,identifier,Microsoft Corp.,12.91596038396,26033429606.76,76447494.0,340.53999999999996,US5949181045,594918104
2023-06-30,HON,SEC company list,Honeywell International Inc.,0.917858193042,1850036385.0,8915838.0,207.5,US4385161066,438516106
2023-06-30,MELI,identifier,"MercadoLibre, Inc.",0.395218015179,796602039.0,672465.0,1184.6,US58733R1023,58733R102
2023-06-30,ODFL,identifier,"Old Dominion Freight Line, Inc.",0.269416308569,543035925.75,1468657.0,369.75,US6795801009,679580100
2023-06-30,ISRG,identifier,"Intuitive Surgical, Inc.",0.796164847839,1604751091.32,4693078.0,341.94,US46120E6023,46120E602
2023-06-30,MDLZ,identifier,"Mondelez International, Inc.",0.660073240003,1330444637.34,18240261.0,72.94,US6092071058,609207105
2023-06-30,ON,identifier,ON Semiconductor Corp.,0.271428391887,547091483.98,5784431.0,94.58,US6821891057,682189105
2023-06-30,DLTR,identifier,"Dollar Tree, Inc.",0.210154151573,423587031.0,2951826.0,143.5,US2567461080,256746108
2023-06-30,LCID,SEC company list,Lucid Group Inc.,0.083979987606,169270192.13,24567517.0,6.89,US5494981039,549498103
2023-06-30,PCAR,identifier,PACCAR Inc.,0.290477474535,585486844.25,6999245.0,83.65,US6937181088,693718108
2023-06-30,NXPI,identifier,NXP Semiconductors N.V.,0.353284153316,712080082.56,3478992.0,204.67999999999998,NL0009538784,N6596X109
2023-06-30,BKR,identifier,Baker Hughes Co.,0.212646452277,428610516.13,13559333.0,31.61,US05722G1004,05722G100
2023-06-30,REGN,identifier,"Regeneron Pharmaceuticals, Inc.",0.515140311842,1038317604.52,1445038.0,718.54,US75886F1075,75886F107
2023-06-30,BKNG,identifier,Booking Holdings Inc.,0.662764652735,1335869452.98,494706.0,2700.33,US09857L1089,09857L108
2023-06-30,CPRT,identifier,"Copart, Inc.",0.289375405565,583265512.34,6394754.0,91.21000000000001,US2172041061,217204106
2023-06-30,GILD,identifier,"Gilead Sciences, Inc.",0.638809517747,1287585446.07,16706701.0,77.07,US3755581036,375558103
2023-06-30,ZM,identifier,"Zoom Video Communications, Inc.",0.113163275959,228092073.0,3360225.0,67.88,US98980L1017,98980L101
2023-06-30,JD,identifier,"JD.com, Inc.",0.10296796066,207542379.81,6080937.0,34.13,US47215P1066,47215P106
2023-06-30,SNPS,identifier,"Synopsys, Inc.",0.440252617558,887373852.79,2038019.0,435.40999999999997,US8716071076,871607107
2023-06-30,SGEN,manual table,Seagen Inc.,0.23978916475,483319409.12,2511272.0,192.46,US81181C1045,81181C104
2023-06-30,ORLY,identifier,"O'Reilly Automotive, Inc.",0.386462064128,778953530.6,815402.0,955.3000000000001,US67103H1077,67103H107
2023-06-30,CHTR,identifier,"Charter Communications, Inc.",0.367588617902,740912183.37,2016801.0,367.37,US16119P1084,16119P108
2023-06-30,FAST,identifier,Fastenal Co.,0.22384530969,451182950.35,7648465.0,58.99,US3119001044,311900104
2023-06-30,EA,manual table,Electronic Arts Inc.,0.235044263616,473755579.1,3652703.0,129.70000000000002,US2855121099,285512109
2023-06-30,QCOM,identifier,Qualcomm Inc.,0.881203735725,1776155604.48,14920662.0,119.04,US7475251036,747525103
2023-06-30,LRCX,"same company, other snapshot",Lam Research Corp.,0.573890214262,1156733998.16,1799356.0,642.86,US5128071082,512807108
2023-06-30,TXN,identifier,Texas Instruments Inc.,1.085773600389,2188486938.2,12156910.0,180.01999999999998,US8825081040,882508104
2023-06-30,MRNA,identifier,"Moderna, Inc.",0.307773865018,620349475.5,5105757.0,121.5,US60770K1079,60770K107
2023-06-30,SIRI,SEC company list,Sirius XM Holdings Inc.,0.116446595265,234709936.44,51812348.0,4.53,US82968B1035,82968B103
2023-06-30,WDAY,identifier,"Workday, Inc.",0.309221611711,623267555.96,2759164.0,225.89000000000001,US98138H1014,98138H101
2023-06-30,ALGN,identifier,"Align Technology, Inc.",0.17981429323,362433965.88,1024867.0,353.64,US0162551016,016255101
2023-06-30,CSX,identifier,CSX Corp.,0.460682561794,928552479.8,27230278.0,34.1,US1264081035,126408103
2023-06-30,PANW,identifier,"Palo Alto Networks, Inc.",0.519310495211,1046723032.53,4096603.0,255.51,US6974351057,697435105
2023-06-30,EBAY,identifier,eBay Inc.,0.158798042526,320073578.65,7162085.0,44.69,US2786421030,278642103
2023-06-30,CTAS,identifier,Cintas Corp.,0.335938126975,677117405.2,1362190.0,497.08000000000004,US1729081059,172908105
2023-09-30,AZN,SEC company list,AstraZeneca PLC,0.341896716649,674486053.28,9959924.0,67.72,US0463531089,046353108
2023-09-30,ADBE,identifier,Adobe Inc.,2.014174008821,3973516596.3,7792737.0,509.90000000000003,US00724F1012,00724F101
2023-09-30,CSCO,identifier,"Cisco Systems, Inc.",1.898592296512,3745499627.52,69670752.0,53.76,US17275R1023,17275R102
2023-09-30,KLAC,identifier,KLA Corp.,0.543434911217,1072076011.94,2337409.0,458.66,US4824801009,482480100
2023-09-30,HON,SEC company list,Honeywell International Inc.,1.063027755561,2097116937.54,11351721.0,184.74,US4385161066,438516106
2023-09-30,NFLX,identifier,"Netflix, Inc.",1.450167650608,2860857702.4,7576424.0,377.6,US64110L1061,64110L106
2023-09-30,ROST,identifier,"Ross Stores, Inc.",0.333455461507,657833337.45,5824111.0,112.95,US7782961038,778296103
2023-09-30,TEAM,identifier,Atlassian Corp.,0.267713845727,528139775.61,2620911.0,201.51000000000002,US0494681010,049468101
2023-09-30,VRTX,identifier,Vertex Pharmaceuticals Inc.,0.777818824799,1534463256.76,4412674.0,347.74,US92532F1003,92532F100
2023-09-30,DLTR,identifier,"Dollar Tree, Inc.",0.202965661624,400406033.15,3761447.0,106.44999999999999,US2567461080,256746108
2023-09-30,TSLA,identifier,"Tesla, Inc.",3.209354369062,6331341181.56,25303098.0,250.22000000000003,US88160R1014,88160R101
2023-09-30,SNPS,identifier,"Synopsys, Inc.",0.604943544663,1193418842.67,2600211.0,458.97,US8716071076,871607107
2023-09-30,GEHC,identifier,GE HealthCare Technologies Inc.,0.26820116755,529101153.0,7776325.0,68.04,US36266G1076,36266G107
2023-09-30,EBAY,identifier,eBay Inc.,0.203339023033,401142592.03,9098267.0,44.089999999999996,US2786421030,278642103
2023-09-30,REGN,identifier,"Regeneron Pharmaceuticals, Inc.",0.761290592785,1501856737.2,1824945.0,822.96,US75886F1075,75886F107
2023-09-30,LRCX,"same company, other snapshot",Lam Research Corp.,0.719789544389,1419984414.43,2265559.0,626.77,US5128071082,512807108
2023-09-30,COST,identifier,Costco Wholesale Corp.,2.171360116861,4283609769.12,7582147.0,564.96,US22160K1051,22160K105
2023-09-30,ABNB,identifier,"Airbnb, Inc.",0.506989780282,1000177887.95,7289395.0,137.21,US0090661010,009066101
2023-09-30,WBA,identifier,"Walgreens Boots Alliance, Inc.",0.16638524841,328241027.36,14759039.0,22.240000000000002,US9314271084,931427108
2023-09-30,GILD,identifier,"Gilead Sciences, Inc.",0.809240510003,1596451241.46,21303059.0,74.94,US3755581036,375558103
2023-09-30,FANG,identifier,"Diamondback Energy, Inc.",0.240021786953,473509512.96,3057267.0,154.88,US25278X1090,25278X109
2023-09-30,LCID,SEC company list,Lucid Group Inc.,0.110097664548,217198164.3,38854770.0,5.590000000000001,US5494981039,549498103
2023-09-30,GOOGL,identifier,Alphabet Inc.,3.137402941027,6189397043.58,47297853.0,130.85999999999999,US02079K3059,02079K305
2023-09-30,AMZN,identifier,"Amazon.com, Inc.",5.300142098446,10455999580.32,82252986.0,127.11999999999999,US0231351067,023135106
2023-09-30,PANW,identifier,"Palo Alto Networks, Inc.",0.62141459139,1225912548.4,5229110.0,234.44000000000003,US6974351057,697435105
2023-09-30,PCAR,identifier,PACCAR Inc.,0.385211976837,759937411.74,8938337.0,85.02,US6937181088,693718108
2023-09-30,LULU,identifier,Lululemon Athletica Inc.,0.405786303372,800525974.39,2075999.0,385.61,US5500211090,550021109
2023-09-30,AMD,identifier,"Advanced Micro Devices, Inc.",1.439695250988,2840197991.02,27623011.0,102.82,US0079031078,007903107
2023-09-30,CMCSA,identifier,Comcast Corp.,1.581530137992,3120006624.72,70365508.0,44.339999999999996,US20030N1019,20030N101
2023-09-30,ADSK,identifier,"Autodesk, Inc.",0.383319360713,756203701.77,3654747.0,206.91,US0527691069,052769106
2023-09-30,KDP,identifier,Keurig Dr Pepper Inc.,0.382287797984,754168658.32,23888776.0,31.570000000000004,US49271V1008,49271V100
2023-09-30,WDAY,identifier,"Workday, Inc.",0.385423765835,760355224.25,3539005.0,214.85,US98138H1014,98138H101
2023-09-30,BIIB,identifier,Biogen Inc.,0.322576939771,636372437.61,2476061.0,257.01,US09062X1037,09062X103
2023-09-30,CSGP,identifier,"CoStar Group, Inc.",0.272098409303,536789542.74,6981266.0,76.89,US22160N1090,22160N109
2023-09-30,JD,identifier,"JD.com, Inc.",0.114497977393,225879001.23,7754171.0,29.13,US47215P1066,47215P106
2023-09-30,CDNS,identifier,"Cadence Design Systems, Inc.",0.551873253577,1088722981.5,4646705.0,234.3,US1273871087,127387108
2023-09-30,ON,identifier,ON Semiconductor Corp.,0.347614304586,685765580.5,7377790.0,92.95,US6821891057,682189105
2023-09-30,AVGO,identifier,Broadcom Inc.,2.970554753126,5860242739.74,7055603.0,830.5799999999999,US11135F1012,11135F101
2023-09-30,ISRG,identifier,"Intuitive Surgical, Inc.",0.89003303214,1755836888.46,6007174.0,292.29,US46120E6023,46120E602
2023-09-30,TTD,identifier,"Trade Desk, Inc. (The)",0.302175764966,596125464.75,7627965.0,78.15,US88339J1051,88339J105
2023-09-30,SGEN,manual table,Seagen Inc.,0.345091425137,680788501.4,3208996.0,212.15,US81181C1045,81181C104
2023-09-30,ZS,identifier,"Zscaler, Inc.",0.196723933201,388092493.52,2494328.0,155.59,US98980G1022,98980G102
2023-09-30,ADP,identifier,"Automatic Data Processing, Inc.",0.858972956728,1694562279.32,7043654.0,240.57999999999998,US0530151036,053015103
2023-09-30,CHTR,identifier,"Charter Communications, Inc.",0.570479301517,1125428568.98,2558839.0,439.82,US16119P1084,16119P108
2023-09-30,BKR,identifier,Baker Hughes Co.,0.309052960349,609692639.12,17261966.0,35.32,US05722G1004,05722G100
2023-09-30,XEL,identifier,Xcel Energy Inc.,0.273497848862,539550325.22,9429401.0,57.220000000000006,US98389B1008,98389B100
2023-09-30,TMUS,identifier,"T-Mobile US, Inc.",1.427906672245,2816941751.45,20113829.0,140.04999999999998,US8725901040,872590104
2023-09-30,WBD,identifier,"Warner Bros. Discovery, Inc.",0.229399770186,452554640.28,41671698.0,10.86,US9344231041,934423104
2023-09-30,AMAT,identifier,"Applied Materials, Inc.",1.003723772748,1980123391.35,14302083.0,138.45,US0382221051,038222105
2023-09-30,CSX,identifier,CSX Corp.,0.534669336833,1054783486.5,34301902.0,30.75,US1264081035,126408103
2023-09-30,GOOG,identifier,Alphabet Inc.,3.090808616805,6097476822.3,46245558.0,131.85,US02079K1079,02079K107
2023-09-30,PAYX,identifier,"Paychex, Inc.",0.360361597453,710913149.45,6164165.0,115.33000000000001,US7043261079,704326107
2023-09-30,NVDA,identifier,NVIDIA Corp.,4.341743364149,8565292392.2,19690780.0,434.99,US67066G1040,67066G104
2023-09-30,MAR,identifier,"Marriott International, Inc.",0.508037146579,1002244108.32,5098922.0,196.56,US5719032022,571903202
2023-09-30,EA,manual table,Electronic Arts Inc.,0.282682056091,557668720.0,4631800.0,120.4,US2855121099,285512109
2023-09-30,PYPL,identifier,"PayPal Holdings, Inc.",0.556308590037,1097472912.22,18773057.0,58.46,US70450Y1038,70450Y103
2023-09-30,MELI,identifier,"MercadoLibre, Inc.",0.550416535122,1085849200.52,856429.0,1267.8799999999999,US58733R1023,58733R102
2023-09-30,PDD,identifier,PDD Holdings Inc.,0.553735424747,1092396630.36,11138948.0,98.07,US7223041028,722304102
2023-09-30,MRNA,identifier,"Moderna, Inc.",0.340686951893,672099456.93,6506917.0,103.28999999999999,US60770K1079,60770K107
2023-09-30,CTAS,identifier,Cintas Corp.,0.424129272463,836712565.91,1739491.0,481.01,US1729081059,172908105
2023-09-30,ZM,identifier,"Zoom Video Communications, Inc.",0.154135990213,304075969.86,4347669.0,69.94,US98980L1017,98980L101
2023-09-30,META,identifier,"Meta Platforms, Inc.",3.779471002436,7456054287.09,24836129.0,300.21,US30303M1027,30303M102
2023-09-30,FTNT,identifier,"Fortinet, Inc.",0.399378169844,787884154.56,13426792.0,58.67999999999999,US34959E1091,34959E109
2023-09-30,PEP,identifier,"PepsiCo, Inc.",2.021417378936,3987806151.84,23535211.0,169.44,US7134481081,713448108
2023-09-30,MDLZ,identifier,"Mondelez International, Inc.",0.818219829911,1614165439.2,23258868.0,69.4,US6092071058,609207105
2023-09-30,VRSK,identifier,"Verisk Analytics, Inc.",0.296911532544,585740306.96,2479429.0,236.24,US92345Y1064,92345Y106
2023-09-30,AMGN,identifier,Amgen Inc.,1.245885371685,2457854276.64,9145164.0,268.76,US0311621009,031162100
2023-09-30,EXC,identifier,Exelon Corp.,0.325938242386,643003538.83,17015177.0,37.79,US30161N1019,30161N101
2023-09-30,MCHP,identifier,Microchip Technology Inc.,0.368195948445,726368578.6,9306452.0,78.05,US5950171042,595017104
2023-09-30,GFS,identifier,GLOBALFOUNDRIES Inc.,0.276232400175,544944985.75,9364925.0,58.19,KYG393871085,G39387108
2023-09-30,BKNG,identifier,Booking Holdings Inc.,0.953992368948,1882014410.95,610261.0,3083.9500000000003,US09857L1089,09857L108
2023-09-30,KHC,identifier,Kraft Heinz Co. (The),0.35809354587,706438788.96,20999964.0,33.64,US5007541064,500754106
2023-09-30,ODFL,identifier,"Old Dominion Freight Line, Inc.",0.387441679533,764336118.42,1868153.0,409.14,US6795801009,679580100
2023-09-30,FAST,identifier,Fastenal Co.,0.270545573031,533726142.72,9768048.0,54.64,US3119001044,311900104
2023-09-30,ILMN,identifier,"Illumina, Inc.",0.188335540911,371544064.32,2706469.0,137.28,US4523271090,452327109
2023-09-30,AAPL,identifier,Apple Inc.,10.81669617759,21338931785.73,124636013.0,171.21,US0378331005,037833100
2023-09-30,ALGN,identifier,"Align Technology, Inc.",0.202511926422,399510914.68,1308499.0,305.32,US0162551016,016255101
2023-09-30,ANSS,manual table,"ANSYS, Inc.",0.223808509357,441524328.3,1483866.0,297.55,US03662Q1058,03662Q105
2023-09-30,CPRT,identifier,"Copart, Inc.",0.356586055864,703464847.02,16325478.0,43.089999999999996,US2172041061,217204106
2023-09-30,ADI,identifier,"Analog Devices, Inc.",0.756141038862,1491697814.54,8519606.0,175.09,US0326541051,032654105
2023-09-30,DDOG,identifier,"Datadog, Inc.",0.236088816969,465750639.38,5113082.0,91.09,US23804L1035,23804L103
2023-09-30,MNST,identifier,Monster Beverage Corp.,0.480691545289,948297329.1,17909298.0,52.95,US61174X1090,61174X109
2023-09-30,ENPH,identifier,"Enphase Energy, Inc.",0.141983822852,280102450.95,2331273.0,120.14999999999999,US29355A1079,29355A107
2023-09-30,DXCM,identifier,"DexCom, Inc.",0.313623191494,618708687.0,6631390.0,93.3,US2521311074,252131107
2023-09-30,SBUX,identifier,Starbucks Corp.,0.90598670247,1787309925.82,19582666.0,91.27,US8552441094,855244109
2023-09-30,CEG,identifier,Constellation Energy Corp.,0.304009437648,599742892.44,5498193.0,109.08000000000001,US21037T1097,21037T109
2023-09-30,CRWD,identifier,"CrowdStrike Holdings, Inc.",0.327918922341,646910979.12,3864924.0,167.38,US22788C1053,22788C105
2023-09-30,IDXX,identifier,"IDEXX Laboratories, Inc.",0.314584022693,620604192.9,1419270.0,437.27,US45168D1046,45168D104
2023-09-30,INTC,identifier,Intel Corp.,1.290283463898,2545441821.45,71601739.0,35.55,US4581401001,458140100
2023-09-30,MSFT,identifier,Microsoft Corp.,9.47996897592,18701866816.5,59229982.0,315.75,US5949181045,594918104
2023-09-30,ORLY,identifier,"O'Reilly Automotive, Inc.",0.474622695418,936324840.34,1030219.0,908.86,US67103H1077,67103H107
2023-09-30,ASML,identifier,ASML Holding N.V.,0.442385426272,872727890.22,1482567.0,588.66,USN070592100,N07059210
2023-09-30,MRVL,identifier,"Marvell Technology, Inc.",0.404749841053,798481265.14,14751178.0,54.13,US5738741041,573874104
2023-09-30,NXPI,identifier,NXP Semiconductors N.V.,0.446660366243,881161394.4,4407570.0,199.92,NL0009538784,N6596X109
2023-09-30,SIRI,SEC company list,Sirius XM Holdings Inc.,0.150514883421,296932332.88,65692994.0,4.52,US82968B1035,82968B103
2023-09-30,AEP,identifier,"American Electric Power Co., Inc.",0.335836737978,662531065.42,8807911.0,75.22,US0255371017,025537101
2023-09-30,QCOM,identifier,Qualcomm Inc.,1.074141737286,2119042347.48,19080158.0,111.06,US7475251036,747525103
2023-09-30,MU,identifier,"Micron Technology, Inc.",0.645764749172,1273949984.91,18726297.0,68.03,US5951121038,595112103
2023-09-30,TXN,identifier,Texas Instruments Inc.,1.251216326933,2468371063.7,15523370.0,159.01,US8825081040,882508104
2023-09-30,CTSH,identifier,Cognizant Technology Solutions Corp.,0.296491391337,584911461.96,8634654.0,67.74000000000001,US1924461023,192446102
2023-09-30,INTU,identifier,Intuit Inc.,1.240126150278,2446492615.86,4788219.0,510.94000000000005,US4612021034,461202103
2023-12-31,AZN,SEC company list,AstraZeneca PLC,0.31177365105,717282349.2,10650072.0,67.35000000000001,US0463531089,046353108
2023-12-31,TTWO,identifier,"Take-Two Interactive Software, Inc.",0.217609010526,500642378.7,3110546.0,160.95,US8740541094,874054109
2023-12-31,ADBE,identifier,Adobe Inc.,2.159389253949,4968000957.4,8327189.0,596.5999999999999,US00724F1012,00724F101
2023-12-31,DASH,identifier,"DoorDash, Inc.",0.291458171584,670543521.89,6780701.0,98.89,US25809K1051,25809K105
2023-12-31,CSCO,identifier,"Cisco Systems, Inc.",1.631982630277,3754622403.0,74319525.0,50.52,US17275R1023,17275R102
2023-12-31,KLAC,identifier,KLA Corp.,0.62815039835,1445154816.2,2486074.0,581.3000000000001,US4824801009,482480100
2023-12-31,HON,SEC company list,Honeywell International Inc.,1.099069356883,2528574969.64,12057484.0,209.70999999999998,US4385161066,438516106
2023-12-31,NFLX,identifier,"Netflix, Inc.",1.69406171132,3897444700.32,8004939.0,486.88,US64110L1061,64110L106
2023-12-31,ROST,identifier,"Ross Stores, Inc.",0.372552714475,857113759.74,6193466.0,138.39000000000001,US7782961038,778296103
2023-12-31,TEAM,identifier,Atlassian Corp.,0.293108759856,674340949.38,2835033.0,237.85999999999999,US0494681010,049468101
2023-12-31,VRTX,identifier,Vertex Pharmaceuticals Inc.,0.833522567733,1917644494.59,4712931.0,406.89,US92532F1003,92532F100
2023-12-31,DLTR,identifier,"Dollar Tree, Inc.",0.246040573994,566053482.45,3984889.0,142.05,US2567461080,256746108
2023-12-31,TSLA,identifier,"Tesla, Inc.",3.680044994701,8466499045.28,34073161.0,248.48,US88160R1014,88160R101
2023-12-31,SNPS,identifier,"Synopsys, Inc.",0.622555730953,1432283439.29,2781619.0,514.91,US8716071076,871607107
2023-12-31,GEHC,identifier,GE HealthCare Technologies Inc.,0.27983264717,643797248.0,8326400.0,77.32,US36266G1076,36266G107
2023-12-31,REGN,identifier,"Regeneron Pharmaceuticals, Inc.",0.747960408331,1720795830.53,1959257.0,878.29,US75886F1075,75886F107
2023-12-31,LRCX,"same company, other snapshot",Lam Research Corp.,0.820651458503,1888032564.8,2410480.0,783.26,US5128071082,512807108
2023-12-31,COST,identifier,Costco Wholesale Corp.,2.323286393603,5345071068.88,8097611.0,660.08,US22160K1051,22160K105
2023-12-31,ABNB,identifier,"Airbnb, Inc.",0.47051885199,1082499647.94,7951371.0,136.14000000000001,US0090661010,009066101
2023-12-31,WBA,identifier,"Walgreens Boots Alliance, Inc.",0.17932111051,412555284.82,15800662.0,26.11,US9314271084,931427108
2023-12-31,GILD,identifier,"Gilead Sciences, Inc.",0.80246420064,1846190032.56,22789656.0,81.00999999999999,US3755581036,375558103
2023-12-31,FANG,identifier,"Diamondback Energy, Inc.",0.220657450792,507655775.72,3273509.0,155.08,US25278X1090,25278X109
2023-12-31,GOOGL,identifier,Alphabet Inc.,2.54444841891,5853887694.44,41906276.0,139.69,US02079K3059,02079K305
2023-12-31,AMZN,identifier,"Amazon.com, Inc.",4.832752274935,11118476154.7,73176755.0,151.94,US0231351067,023135106
2023-12-31,PANW,identifier,"Palo Alto Networks, Inc.",0.739134455462,1700490393.6,5766720.0,294.88,US6974351057,697435105
2023-12-31,PCAR,identifier,PACCAR Inc.,0.406059867577,934202023.65,9566841.0,97.64999999999999,US6937181088,693718108
2023-12-31,LULU,identifier,Lululemon Athletica Inc.,0.493560377707,1135510156.17,2220873.0,511.29,US5500211090,550021109
2023-12-31,AMD,identifier,"Advanced Micro Devices, Inc.",1.893163803091,4355509118.64,29546904.0,147.41000000000003,US0079031078,007903107
2023-12-31,CMCSA,identifier,Comcast Corp.,1.399843723755,3220551805.15,73444739.0,43.85,US20030N1019,20030N101
2023-12-31,ADSK,identifier,"Autodesk, Inc.",0.41375771612,951912086.28,3909611.0,243.48,US0527691069,052769106
2023-12-31,KDP,identifier,Keurig Dr Pepper Inc.,0.370398892366,852158566.84,25574987.0,33.32,US49271V1008,49271V100
2023-12-31,WDAY,identifier,"Workday, Inc.",0.458668222204,1055235485.16,3822486.0,276.06,US98138H1014,98138H101
2023-12-31,BIIB,identifier,Biogen Inc.,0.298085504354,685790701.38,2650194.0,258.77,US09062X1037,09062X103
2023-12-31,CSGP,identifier,"CoStar Group, Inc.",0.283703569378,652702888.89,7468851.0,87.39,US22160N1090,22160N109
2023-12-31,CDNS,identifier,"Cadence Design Systems, Inc.",0.589086939293,1355283431.67,4975891.0,272.37,US1273871087,127387108
2023-12-31,ON,identifier,ON Semiconductor Corp.,0.286003783381,657994878.44,7877348.0,83.53,US6821891057,682189105
2023-12-31,AVGO,identifier,Broadcom Inc.,4.14505981503,9536335837.5,8543190.0,1116.25,US11135F1012,11135F101
2023-12-31,ISRG,identifier,"Intuitive Surgical, Inc.",0.944234122531,2172353139.28,6439273.0,337.36,US46120E6023,46120E602
2023-12-31,MDB,identifier,"MongoDB, Inc.",0.231894348911,533507956.15,1304899.0,408.84999999999997,US60937P1066,60937P106
2023-12-31,TTD,identifier,"Trade Desk, Inc. (The)",0.255288569527,587329892.24,8161894.0,71.96000000000001,US88339J1051,88339J105
2023-12-31,ZS,identifier,"Zscaler, Inc.",0.261245002991,601033566.6,2712735.0,221.56,US98980G1022,98980G102
2023-12-31,ADP,identifier,"Automatic Data Processing, Inc.",0.761762723306,1752550139.71,7522643.0,232.97,US0530151036,053015103
2023-12-31,CHTR,identifier,"Charter Communications, Inc.",0.457071541253,1051562079.6,2705470.0,388.68,US16119P1084,16119P108
2023-12-31,BKR,identifier,Baker Hughes Co.,0.273417437629,629038090.02,18403689.0,34.18,US05722G1004,05722G100
2023-12-31,XEL,identifier,Xcel Energy Inc.,0.271587013347,624826922.64,10092504.0,61.91,US98389B1008,98389B100
2023-12-31,TMUS,identifier,"T-Mobile US, Inc.",1.474034442609,3391238753.61,21151617.0,160.33,US8725901040,872590104
2023-12-31,WBD,identifier,"Warner Bros. Discovery, Inc.",0.220613587737,507554862.14,44600603.0,11.379999999999999,US9344231041,934423104
2023-12-31,AMAT,identifier,"Applied Materials, Inc.",1.077811086856,2479667110.32,15299976.0,162.07000000000002,US0382221051,038222105
2023-12-31,CSX,identifier,CSX Corp.,0.54465851838,1253069142.5,36142750.0,34.67,US1264081035,126408103
2023-12-31,GOOG,identifier,Alphabet Inc.,2.483316164208,5713243714.05,40539585.0,140.93,US02079K1079,02079K107
2023-12-31,PAYX,identifier,"Paychex, Inc.",0.342050498207,786938806.64,6606824.0,119.11,US7043261079,704326107
2023-12-31,NVDA,identifier,NVIDIA Corp.,3.764850013202,8661605792.4,17490420.0,495.21999999999997,US67066G1040,67066G104
2023-12-31,MAR,identifier,"Marriott International, Inc.",0.526514390566,1211325837.45,5371495.0,225.51000000000002,US5719032022,571903202
2023-12-31,EA,manual table,Electronic Arts Inc.,0.292705962732,673414253.79,4922259.0,136.81,US2855121099,285512109
2023-12-31,PYPL,identifier,"PayPal Holdings, Inc.",0.526344593036,1210935192.6,19718860.0,61.41,US70450Y1038,70450Y103
2023-12-31,MELI,identifier,"MercadoLibre, Inc.",0.631675958526,1453265899.6,924740.0,1571.54,US58733R1023,58733R102
2023-12-31,PDD,identifier,PDD Holdings Inc.,0.776888700972,1787349734.73,12216183.0,146.31,US7223041028,722304102
2023-12-31,MRNA,identifier,"Moderna, Inc.",0.301445613061,693521138.7,6973566.0,99.45,US60770K1079,60770K107
2023-12-31,CTAS,identifier,Cintas Corp.,0.48799473686,1122705559.22,1862917.0,602.66,US1729081059,172908105
2023-12-31,META,identifier,"Meta Platforms, Inc.",3.847010729847,8850628923.92,25004602.0,353.96,US30303M1027,30303M102
2023-12-31,FTNT,identifier,"Fortinet, Inc.",0.357310077713,822045772.86,14044862.0,58.53,US34959E1091,34959E109
2023-12-31,PEP,identifier,"PepsiCo, Inc.",1.856329202415,4270765559.28,25145817.0,169.84,US7134481081,713448108
2023-12-31,MDLZ,identifier,"Mondelez International, Inc.",0.783603020826,1802797041.14,24890198.0,72.43,US6092071058,609207105
2023-12-31,SPLK,manual table,Splunk Inc.,0.204073953445,469502936.65,3081739.0,152.35,US8486371045,848637104
2023-12-31,VRSK,identifier,"Verisk Analytics, Inc.",0.275318622658,633412053.18,2651813.0,238.85999999999999,US92345Y1064,92345Y106
2023-12-31,AMGN,identifier,Amgen Inc.,1.225389665062,2819193907.76,9788188.0,288.02000000000004,US0311621009,031162100
2023-12-31,EXC,identifier,Exelon Corp.,0.284092834254,653598451.5,18206085.0,35.9,US30161N1019,30161N101
2023-12-31,MCHP,identifier,Microchip Technology Inc.,0.38788421885,892386199.98,9895611.0,90.18,US5950171042,595017104
2023-12-31,GFS,identifier,GLOBALFOUNDRIES Inc.,0.263886556234,607110858.6,10018331.0,60.6,KYG393871085,G39387108
2023-12-31,BKNG,identifier,Booking Holdings Inc.,0.983899262648,2263608781.92,638136.0,3547.2200000000003,US09857L1089,09857L108
2023-12-31,KHC,identifier,Kraft Heinz Co. (The),0.360584562002,829579218.28,22433186.0,36.98,US5007541064,500754106
2023-12-31,ODFL,identifier,"Old Dominion Freight Line, Inc.",0.351602332642,808914243.69,1995693.0,405.33000000000004,US6795801009,679580100
2023-12-31,FAST,identifier,Fastenal Co.,0.29422403181,676906800.87,10450931.0,64.77,US3119001044,311900104
2023-12-31,ILMN,identifier,"Illumina, Inc.",0.17577719512,404401972.48,2904352.0,139.24,US4523271090,452327109
2023-12-31,ROP,identifier,"Roper Technologies, Inc.",0.462974763247,1065143332.94,1953782.0,545.1700000000001,US7766961061,776696106
2023-12-31,AAPL,identifier,Apple Inc.,9.216343951561,21203590548.27,110131359.0,192.53,US0378331005,037833100
2023-12-31,ANSS,manual table,"ANSYS, Inc.",0.250596008077,576533946.24,1588773.0,362.88,US03662Q1058,03662Q105
2023-12-31,CPRT,identifier,"Copart, Inc.",0.374047525431,860552798.0,17562302.0,49.0,US2172041061,217204106
2023-12-31,ADI,identifier,"Analog Devices, Inc.",0.783357948614,1802233215.52,9076517.0,198.56,US0326541051,032654105
2023-12-31,DDOG,identifier,"Datadog, Inc.",0.291569975536,670800743.76,5526452.0,121.38,US23804L1035,23804L103
2023-12-31,CDW,identifier,CDW Corp.,0.242090931683,556966734.08,2450144.0,227.32000000000002,US12514G1085,12514G108
2023-12-31,MNST,identifier,Monster Beverage Corp.,0.476508183831,1096279009.98,19029318.0,57.61,US61174X1090,61174X109
2023-12-31,CCEP,identifier,Coca-Cola Europacific Partners PLC,0.242358971933,557583401.14,8354561.0,66.74,GB00BDCPN049,G25839104
2023-12-31,DXCM,identifier,"DexCom, Inc.",0.381154008793,876902335.76,7066664.0,124.09,US2521311074,252131107
2023-12-31,SBUX,identifier,Starbucks Corp.,0.867592429122,1996027353.86,20789786.0,96.00999999999999,US8552441094,855244109
2023-12-31,CEG,identifier,Constellation Energy Corp.,0.296784635494,682797856.19,5841371.0,116.89000000000001,US21037T1097,21037T109
2023-12-31,CRWD,identifier,"CrowdStrike Holdings, Inc.",0.462037173713,1062986266.68,4163349.0,255.32,US22788C1053,22788C105
2023-12-31,IDXX,identifier,"IDEXX Laboratories, Inc.",0.366475913217,843133161.1,1519022.0,555.0500000000001,US45168D1046,45168D104
2023-12-31,INTC,identifier,Intel Corp.,1.684193534888,3874741470.75,77109283.0,50.25,US4581401001,458140100
2023-12-31,MSFT,identifier,Microsoft Corp.,8.602171994541,19790595246.52,52628963.0,376.04,US5949181045,594918104
2023-12-31,ORLY,identifier,"O'Reilly Automotive, Inc.",0.446858078428,1028064466.56,1082082.0,950.0799999999999,US67103H1077,67103H107
2023-12-31,ASML,identifier,ASML Holding N.V.,0.52823396979,1215281989.04,1605562.0,756.92,USN070592100,N07059210
2023-12-31,MRVL,identifier,"Marvell Technology, Inc.",0.413669254157,951708566.18,15780278.0,60.309999999999995,US5738741041,573874104
2023-12-31,NXPI,identifier,NXP Semiconductors N.V.,0.470661259851,1082827278.72,4714504.0,229.68,NL0009538784,N6596X109
2023-12-31,SIRI,SEC company list,Sirius XM Holdings Inc.,0.167309672971,384921159.53,70369499.0,5.47,US82968B1035,82968B103
2023-12-31,AEP,identifier,"American Electric Power Co., Inc.",0.3395454937,781175665.62,9618021.0,81.22,US0255371017,025537101
2023-12-31,QCOM,identifier,Qualcomm Inc.,1.279704239267,2944152784.98,20356446.0,144.63,US7475251036,747525103
2023-12-31,MU,identifier,"Micron Technology, Inc.",0.748812237924,1722755593.1,20186965.0,85.33999999999999,US5951121038,595112103
2023-12-31,TXN,identifier,Texas Instruments Inc.,1.230722761703,2831463501.66,16610721.0,170.45999999999998,US8825081040,882508104
2023-12-31,CTSH,identifier,Cognizant Technology Solutions Corp.,0.301069844535,692656626.48,9170616.0,75.53,US1924461023,192446102
2023-12-31,INTU,identifier,Intuit Inc.,1.390951639138,3200094222.15,5119905.0,625.03,US4612021034,461202103
2024-03-31,CHTR,identifier,"Charter Communications, Inc.",0.305152335986,791152986.0,2722200.0,290.63,US16119P1084,16119P108
2024-03-31,CCEP,identifier,Coca-Cola Europacific Partners PLC,0.231013564078,598937151.95,8562361.0,69.95,GB00BDCPN049,G25839104
2024-03-31,AZN,SEC company list,AstraZeneca PLC,0.285226049859,739491114.5,10914998.0,67.75,US0463531089,046353108
2024-03-31,TTD,identifier,"Trade Desk, Inc. (The)",0.28127101504,729237096.3,8341765.0,87.41999999999999,US88339J1051,88339J105
2024-03-31,BKR,identifier,Baker Hughes Co.,0.242414486181,628495744.5,18761067.0,33.5,US05722G1004,05722G100
2024-03-31,MDB,identifier,"MongoDB, Inc.",0.187518288291,486169156.24,1355591.0,358.64,US60937P1066,60937P106
2024-03-31,BKNG,identifier,Booking Holdings Inc.,0.896308325017,2323813138.84,640543.0,3627.88,US09857L1089,09857L108
2024-03-31,ZS,identifier,"Zscaler, Inc.",0.206584057745,535600009.8,2780460.0,192.63,US98980G1022,98980G102
2024-03-31,FAST,identifier,Fastenal Co.,0.319142756286,827425239.2,10726280.0,77.14,US3119001044,311900104
2024-03-31,AVGO,identifier,Broadcom Inc.,4.440753265897,11513315783.87,8686607.0,1325.41,US11135F1012,11135F101
2024-03-31,KDP,identifier,Keurig Dr Pepper Inc.,0.307685490021,797720566.0,26009800.0,30.67,US49271V1008,49271V100
2024-03-31,PDD,identifier,PDD Holdings Inc.,0.561379661584,1455460578.75,12520091.0,116.25,US7223041028,722304102
2024-03-31,MRNA,identifier,"Moderna, Inc.",0.294357711202,763166309.76,7161846.0,106.56,US60770K1079,60770K107
2024-03-31,CPRT,identifier,"Copart, Inc.",0.402618090051,1043847503.68,18022229.0,57.919999999999995,US2172041061,217204106
2024-03-31,TTWO,identifier,"Take-Two Interactive Software, Inc.",0.183135502531,474806129.87,3197563.0,148.49,US8740541094,874054109
2024-03-31,ROP,identifier,"Roper Technologies, Inc.",0.433958952127,1125103367.36,2006104.0,560.8399999999999,US7766961061,776696106
2024-03-31,ILMN,identifier,"Illumina, Inc.",0.157754513662,409002127.2,2978460.0,137.32,US4523271090,452327109
2024-03-31,CRWD,identifier,"CrowdStrike Holdings, Inc.",0.527614385261,1367919059.2,4266880.0,320.59000000000003,US22788C1053,22788C105
2024-03-31,DDOG,identifier,"Datadog, Inc.",0.27371382834,709643961.6,5741456.0,123.60000000000001,US23804L1035,23804L103
2024-03-31,ADBE,identifier,Adobe Inc.,1.648997598473,4275272446.2,8472597.0,504.59999999999997,US00724F1012,00724F101
2024-03-31,AMGN,identifier,Amgen Inc.,1.101646129573,2856182051.2,10045660.0,284.32,US0311621009,031162100
2024-03-31,ADI,identifier,"Analog Devices, Inc.",0.709144384039,1838562680.91,9295529.0,197.79000000000002,US0326541051,032654105
2024-03-31,AMAT,identifier,"Applied Materials, Inc.",1.238883883708,3211991416.46,15574802.0,206.23,US0382221051,038222105
2024-03-31,CSX,identifier,CSX Corp.,0.525072269863,1361328245.53,36723179.0,37.07,US1264081035,126408103
2024-03-31,COST,identifier,Costco Wholesale Corp.,2.350367208547,6093677864.94,8317538.0,732.63,US22160K1051,22160K105
2024-03-31,CDNS,identifier,"Cadence Design Systems, Inc.",0.612679866719,1588464018.96,5103007.0,311.28000000000003,US1273871087,127387108
2024-03-31,AMD,identifier,"Advanced Micro Devices, Inc.",2.108483486737,5466558206.31,30287319.0,180.49,US0079031078,007903107
2024-03-31,CSCO,identifier,"Cisco Systems, Inc.",1.461126148793,3788187666.34,75900374.0,49.910000000000004,US17275R1023,17275R102
2024-03-31,MAR,identifier,"Marriott International, Inc.",0.528070917938,1369102688.32,5426272.0,252.30999999999997,US5719032022,571903202
2024-03-31,EA,manual table,Electronic Arts Inc.,0.256438467048,664855008.48,5011344.0,132.67000000000002,US2855121099,285512109
2024-03-31,GILD,identifier,"Gilead Sciences, Inc.",0.659751869265,1710505212.75,23351607.0,73.25,US3755581036,375558103
2024-03-31,PCAR,identifier,PACCAR Inc.,0.469246316614,1216591127.7,9819930.0,123.89,US6937181088,693718108
2024-03-31,HON,SEC company list,Honeywell International Inc.,0.967795915207,2509155388.5,12224874.0,205.25,US4385161066,438516106
2024-03-31,INTC,identifier,Intel Corp.,1.350188434394,3500565080.32,79252096.0,44.17,US4581401001,458140100
2024-03-31,LRCX,"same company, other snapshot",Lam Research Corp.,0.920942487237,2387680881.93,2457549.0,971.5699999999999,US5128071082,512807108
2024-03-31,ABNB,identifier,"Airbnb, Inc.",0.522476466549,1354598237.92,8211677.0,164.96,US0090661010,009066101
2024-03-31,VRTX,identifier,Vertex Pharmaceuticals Inc.,0.780651000416,2023954258.8,4841880.0,418.01,US92532F1003,92532F100
2024-03-31,MCHP,identifier,Microchip Technology Inc.,0.350493967952,908707935.74,10129394.0,89.71000000000001,US5950171042,595017104
2024-03-31,MU,identifier,"Micron Technology, Inc.",0.940900053932,2439423852.97,20692373.0,117.88999999999999,US5951121038,595112103
2024-03-31,MSFT,identifier,Microsoft Corp.,8.750621731547,22687293183.84,53924922.0,420.72,US5949181045,594918104
2024-03-31,AEP,identifier,"American Electric Power Co., Inc.",0.327547085795,849214718.1,9863121.0,86.10000000000001,US0255371017,025537101
2024-03-31,ANSS,manual table,"ANSYS, Inc.",0.218414335047,566271769.8,1631155.0,347.15999999999997,US03662Q1058,03662Q105
2024-03-31,DASH,identifier,"DoorDash, Inc.",0.374725671037,971532243.44,7054402.0,137.72,US25809K1051,25809K105
2024-03-31,PAYX,identifier,"Paychex, Inc.",0.320713769389,831498325.2,6771159.0,122.80000000000001,US7043261079,704326107
2024-03-31,PEP,identifier,"PepsiCo, Inc.",1.739071807987,4508803281.18,25763118.0,175.01000000000002,US7134481081,713448108
2024-03-31,MRVL,identifier,"Marvell Technology, Inc.",0.443016812365,1148587222.24,16204673.0,70.88,US5738741041,573874104
2024-03-31,VRSK,identifier,"Verisk Analytics, Inc.",0.244379789439,633591086.59,2687783.0,235.73000000000002,US92345Y1064,92345Y106
2024-03-31,CSGP,identifier,"CoStar Group, Inc.",0.285238176952,739522555.8,7655513.0,96.6,US22160N1090,22160N109
2024-03-31,SBUX,identifier,Starbucks Corp.,0.748088963608,1939532317.32,21222588.0,91.39,US8552441094,855244109
2024-03-31,CTSH,identifier,Cognizant Technology Solutions Corp.,0.263793670142,683924470.53,9331757.0,73.28999999999999,US1924461023,192446102
2024-03-31,FTNT,identifier,"Fortinet, Inc.",0.37684078899,977016002.49,14302679.0,68.31,US34959E1091,34959E109
2024-03-31,TXN,identifier,Texas Instruments Inc.,1.145265449511,2969271649.89,17044209.0,174.20999999999998,US8825081040,882508104
2024-03-31,ISRG,identifier,"Intuitive Surgical, Inc.",1.016604492852,2635698912.48,6604272.0,399.09,US46120E6023,46120E602
2024-03-31,EXC,identifier,Exelon Corp.,0.271501734232,703908777.39,18735927.0,37.57,US30161N1019,30161N101
2024-03-31,GFS,identifier,GLOBALFOUNDRIES Inc.,0.206368218791,535040415.09,10267519.0,52.11,KYG393871085,G39387108
2024-03-31,CEG,identifier,Constellation Energy Corp.,0.423211897555,1097240024.0,5935840.0,184.85,US21037T1097,21037T109
2024-03-31,WBD,identifier,"Warner Bros. Discovery, Inc.",0.153986022862,399231752.22,45731014.0,8.73,US9344231041,934423104
2024-03-31,TSLA,identifier,"Tesla, Inc.",2.372106838344,6150041100.61,34985159.0,175.79,US88160R1014,88160R101
2024-03-31,NXPI,identifier,NXP Semiconductors N.V.,0.459408701812,1191085642.71,4807223.0,247.77,NL0009538784,N6596X109
2024-03-31,TEAM,identifier,Atlassian Corp.,0.221643260076,574643239.97,2945227.0,195.11,US0494681010,049468101
2024-03-31,GEHC,identifier,GE HealthCare Technologies Inc.,0.29929134302,775957486.77,8535447.0,90.91,US36266G1076,36266G107
2024-03-31,LIN,identifier,Linde PLC,1.616634581533,4191366493.44,9026892.0,464.32,IE000S9YS762,G54950103
2024-03-31,AAPL,identifier,Apple Inc.,7.41216014075,19217131696.2,112066315.0,171.48000000000002,US0378331005,037833100
2024-03-31,IDXX,identifier,"IDEXX Laboratories, Inc.",0.324345233707,840913438.57,1557449.0,539.9300000000001,US45168D1046,45168D104
2024-03-31,ADP,identifier,"Automatic Data Processing, Inc.",0.741729304687,1923043952.16,7700184.0,249.74,US0530151036,053015103
2024-03-31,QCOM,identifier,QUALCOMM Inc.,1.366006207435,3541575018.3,20918931.0,169.3,US7475251036,747525103
2024-03-31,CMCSA,identifier,Comcast Corp.,1.241884500714,3219770964.0,74273840.0,43.35,US20030N1019,20030N101
2024-03-31,MELI,identifier,"MercadoLibre, Inc.",0.554178265633,1436789884.68,950283.0,1511.96,US58733R1023,58733R102
2024-03-31,META,identifier,"Meta Platforms, Inc.",4.757352734819,12334147170.9,25400855.0,485.58,US30303M1027,30303M102
2024-03-31,BIIB,identifier,Biogen Inc.,0.226612043046,587525551.59,2724693.0,215.63000000000002,US09062X1037,09062X103
2024-03-31,PANW,identifier,"Palo Alto Networks, Inc.",0.663728366918,1720814876.55,6056435.0,284.13,US6974351057,697435105
2024-03-31,MDLZ,identifier,"Mondelez International, Inc.",0.681442202607,1766740640.0,25239152.0,70.0,US6092071058,609207105
2024-03-31,FANG,identifier,"Diamondback Energy, Inc.",0.255674186699,662873497.58,3344974.0,198.17000000000002,US25278X1090,25278X109
2024-03-31,WDAY,identifier,"Workday, Inc.",0.412143652747,1068543947.0,3917668.0,272.75,US98138H1014,98138H101
2024-03-31,ROST,identifier,"Ross Stores, Inc.",0.357224744504,926158478.76,6310701.0,146.76,US7782961038,778296103
2024-03-31,ASML,identifier,ASML Holding N.V.,0.60600331123,1571154052.14,1618962.0,970.47,USN070592100,N07059210
2024-03-31,DXCM,identifier,"DexCom, Inc.",0.386589984937,1002292248.4,7226332.0,138.7,US2521311074,252131107
2024-03-31,KLAC,identifier,KLA Corp.,0.682995874899,1770768767.36,2534848.0,698.5699999999999,US4824801009,482480100
2024-03-31,ON,identifier,ON Semiconductor Corp.,0.227234967006,589140574.95,8010069.0,73.55000000000001,US6821891057,682189105
2024-03-31,TMUS,identifier,"T-Mobile US, Inc.",1.400579581122,3631211650.9,22247345.0,163.22,US8725901040,872590104
2024-03-31,AMZN,identifier,"Amazon.com, Inc.",5.24475402126,13597807768.16,75384232.0,180.38,US0231351067,023135106
2024-03-31,ADSK,identifier,"Autodesk, Inc.",0.402768948412,1044238626.5,4009825.0,260.42,US0527691069,052769106
2024-03-31,CDW,identifier,CDW Corp.,0.248206754685,643513065.3,2515885.0,255.77999999999997,US12514G1085,12514G108
2024-03-31,INTU,identifier,Intuit Inc.,1.3157536457,3411287750.0,5248135.0,650.0,US4612021034,461202103
2024-03-31,SNPS,identifier,"Synopsys, Inc.",0.630290619854,1634122525.5,2859357.0,571.5,US8716071076,871607107
2024-03-31,XEL,identifier,Xcel Energy Inc.,0.215736739069,559329702.5,10406134.0,53.75,US98389B1008,98389B100
2024-03-31,CTAS,identifier,Cintas Corp.,0.503535771289,1305491657.88,1900196.0,687.0300000000001,US1729081059,172908105
2024-03-31,NVDA,identifier,NVIDIA Corp.,6.323046766908,16393442685.2,18143170.0,903.5600000000001,US67066G1040,67066G104
2024-03-31,SIRI,SEC company list,Sirius XM Holdings Inc.,0.107788720886,279458350.24,72025348.0,3.8800000000000003,US82968B1035,82968B103
2024-03-31,ODFL,identifier,"Old Dominion Freight Line, Inc.",0.345147248813,894845768.18,4080278.0,219.30999999999997,US6795801009,679580100
2024-03-31,NFLX,identifier,"Netflix, Inc.",1.900224390921,4926615410.25,8111925.0,607.33,US64110L1061,64110L106
2024-03-31,DLTR,identifier,"Dollar Tree, Inc.",0.209736690823,543773681.7,4083918.0,133.15,US2567461080,256746108
2024-03-31,REGN,identifier,"Regeneron Pharmaceuticals, Inc.",0.751143715071,1947452216.52,2023348.0,962.49,US75886F1075,75886F107
2024-03-31,WBA,identifier,"Walgreens Boots Alliance, Inc.",0.135235189873,350617418.46,16164934.0,21.689999999999998,US9314271084,931427108
2024-03-31,LULU,identifier,Lululemon Athletica Inc.,0.341953887499,886566502.25,2269465.0,390.65,US5500211090,550021109
2024-03-31,MNST,identifier,Monster Beverage Corp.,0.446004171574,1156332396.96,19506282.0,59.28,US61174X1090,61174X109
2024-03-31,ORLY,identifier,"O'Reilly Automotive, Inc.",0.481851826629,1249272794.24,1106648.0,1128.88,US67103H1077,67103H107
2024-03-31,KHC,identifier,Kraft Heinz Co. (The),0.323635256318,839072716.2,22739098.0,36.9,US5007541064,500754106
2024-03-31,PYPL,identifier,"PayPal Holdings, Inc.",0.519077363759,1345785556.5,20089350.0,66.99,US70450Y1038,70450Y103
2024-03-31,GOOGL,identifier,Alphabet Inc.,2.489679711039,6454866325.05,42767285.0,150.93,US02079K3059,02079K305
2024-03-31,GOOG,identifier,Alphabet Inc.,2.416998627373,6266429765.38,41156113.0,152.26,US02079K1079,02079K107
2024-06-30,CHTR,identifier,"Charter Communications, Inc.",0.287946083565,829339255.76,2774081.0,298.96,US16119P1084,16119P108
2024-06-30,CCEP,identifier,Coca-Cola Europacific Partners PLC,0.223763488496,644481226.2,8844260.0,72.87,GB00BDCPN049,G25839104
2024-06-30,AZN,SEC company list,AstraZeneca PLC,0.303687847525,874678517.35,11215265.0,77.99000000000001,US0463531089,046353108
2024-06-30,TTD,identifier,"Trade Desk, Inc. (The)",0.290778821984,837498078.91,8574773.0,97.67,US88339J1051,88339J105
2024-06-30,BKR,identifier,Baker Hughes Co.,0.234917342743,676606438.9,19238170.0,35.17,US05722G1004,05722G100
2024-06-30,MDB,identifier,"MongoDB, Inc.",0.122608860336,353136739.08,1412773.0,249.95999999999998,US60937P1066,60937P106
2024-06-30,BKNG,identifier,Booking Holdings Inc.,0.898769481937,2588626329.0,653446.0,3961.5,US09857L1089,09857L108
2024-06-30,ZS,identifier,"Zscaler, Inc.",0.192600819587,554726837.74,2886346.0,192.19,US98980G1022,98980G102
2024-06-30,FAST,identifier,Fastenal Co.,0.240591839725,692950064.92,11027213.0,62.839999999999996,US3119001044,311900104
2024-06-30,AVGO,identifier,Broadcom Inc.,4.975443859158,14330220630.67,8925539.0,1605.53,US11135F1012,11135F101
2024-06-30,KDP,identifier,Keurig Dr Pepper Inc.,0.302766490701,872024835.2,26108528.0,33.4,US49271V1008,49271V100
2024-06-30,PDD,identifier,PDD Holdings Inc.,0.593824363481,1710326633.25,12864435.0,132.95,US7223041028,722304102
2024-06-30,MRNA,identifier,"Moderna, Inc.",0.304326423638,876517737.5,7381202.0,118.75,US60770K1079,60770K107
2024-06-30,CPRT,identifier,"Copart, Inc.",0.348516013139,1003792124.48,18533828.0,54.160000000000004,US2172041061,217204106
2024-06-30,TTWO,identifier,"Take-Two Interactive Software, Inc.",0.178205735905,513266270.4,3300960.0,155.48999999999998,US8740541094,874054109
2024-06-30,ROP,identifier,"Roper Technologies, Inc.",0.403487678524,1162120932.06,2061741.0,563.66,US7766961061,776696106
2024-06-30,ILMN,identifier,"Illumina, Inc.",0.111187651073,320241493.3,3068035.0,104.38000000000001,US4523271090,452327109
2024-06-30,CRWD,identifier,"CrowdStrike Holdings, Inc.",0.591063904295,1702375987.98,4442642.0,383.19,US22788C1053,22788C105
2024-06-30,DDOG,identifier,"Datadog, Inc.",0.267506490032,770469355.26,5940854.0,129.69,US23804L1035,23804L103
2024-06-30,ADBE,identifier,Adobe Inc.,1.664297266354,4793491334.04,8628526.0,555.54,US00724F1012,00724F101
2024-06-30,AMGN,identifier,Amgen Inc.,1.120822658635,3228181533.3,10331834.0,312.45000000000005,US0311621009,031162100
2024-06-30,ADI,identifier,"Analog Devices, Inc.",0.757413089232,2181493146.04,9557054.0,228.26,US0326541051,032654105
2024-06-30,AMAT,identifier,"Applied Materials, Inc.",1.30661635234,3763302559.27,15946873.0,235.99,US0382221051,038222105
2024-06-30,CSX,identifier,CSX Corp.,0.437339711246,1259621197.65,37656837.0,33.45,US1264081035,126408103
2024-06-30,COST,identifier,Costco Wholesale Corp.,2.520857932948,7260548280.78,8541922.0,849.99,US22160K1051,22160K105
2024-06-30,CDNS,identifier,"Cadence Design Systems, Inc.",0.56003162611,1612997149.5,5241258.0,307.75,US1273871087,127387108
2024-06-30,AMD,identifier,"Advanced Micro Devices, Inc.",1.753234616743,5049647747.31,31130311.0,162.21,US0079031078,007903107
2024-06-30,CSCO,identifier,"Cisco Systems, Inc.",1.279968519164,3686551752.8,77595280.0,47.510000000000005,US17275R1023,17275R102
2024-06-30,MAR,identifier,"Marriott International, Inc.",0.461785170652,1330028750.55,5501215.0,241.76999999999998,US5719032022,571903202
2024-06-30,EA,manual table,Electronic Arts Inc.,0.248588865179,715983012.81,5138757.0,139.32999999999998,US2855121099,285512109
2024-06-30,GILD,identifier,"Gilead Sciences, Inc.",0.571598608686,1646312250.03,23995223.0,68.61,US3755581036,375558103
2024-06-30,PCAR,identifier,PACCAR Inc.,0.360801346667,1039176211.8,10094970.0,102.94,US6937181088,693718108
2024-06-30,HON,SEC company list,Honeywell International Inc.,0.929392566635,2676826612.74,12535481.0,213.54,US4385161066,438516106
2024-06-30,INTC,identifier,Intel Corp.,0.881620006513,2539232591.78,81990074.0,30.970000000000002,US4581401001,458140100
2024-06-30,LRCX,"same company, other snapshot",Lam Research Corp.,0.93093417736,2681266743.6,2517976.0,1064.85,US5128071082,512807108
2024-06-30,ABNB,identifier,"Airbnb, Inc.",0.44766666491,1289364780.06,8503362.0,151.63,US0090661010,009066101
2024-06-30,VRTX,identifier,Vertex Pharmaceuticals Inc.,0.808826028304,2329572147.84,4970072.0,468.72,US92532F1003,92532F100
2024-06-30,MCHP,identifier,Microchip Technology Inc.,0.328505207388,946157214.0,10340516.0,91.5,US5950171042,595017104
2024-06-30,MU,identifier,"Micron Technology, Inc.",0.973993831553,2805286702.89,21328113.0,131.53,US5951121038,595112103
2024-06-30,MSFT,identifier,Microsoft Corp.,8.600388603089,24770748033.85,55421743.0,446.95,US5949181045,594918104
2024-06-30,AEP,identifier,"American Electric Power Co., Inc.",0.309277266855,890777103.62,10152463.0,87.74,US0255371017,025537101
2024-06-30,ANSS,manual table,"ANSYS, Inc.",0.187672660428,540532806.0,1681284.0,321.5,US03662Q1058,03662Q105
2024-06-30,DASH,identifier,"DoorDash, Inc.",0.277647261742,799676698.38,7351321.0,108.78,US25809K1051,25809K105
2024-06-30,PAYX,identifier,"Paychex, Inc.",0.285818619609,823211756.64,6943419.0,118.56,US7043261079,704326107
2024-06-30,PEP,identifier,"PepsiCo, Inc.",1.516257087588,4367107581.36,26478552.0,164.92999999999998,US7134481081,713448108
2024-06-30,MRVL,identifier,"Marvell Technology, Inc.",0.404605464163,1165340366.4,16671536.0,69.9,US5738741041,573874104
2024-06-30,VRSK,identifier,"Verisk Analytics, Inc.",0.257176934351,740718278.55,2747981.0,269.54999999999995,US92345Y1064,92345Y106
2024-06-30,CSGP,identifier,"CoStar Group, Inc.",0.202069517494,581998481.02,7849993.0,74.14,US22160N1090,22160N109
2024-06-30,SBUX,identifier,Starbucks Corp.,0.589675188265,1698376222.8,21816008.0,77.85,US8552441094,855244109
2024-06-30,CTSH,identifier,Cognizant Technology Solutions Corp.,0.225912971378,650672144.0,9568708.0,68.0,US1924461023,192446102
2024-06-30,FTNT,identifier,"Fortinet, Inc.",0.307890184002,886782042.3,14713490.0,60.269999999999996,US34959E1091,34959E109
2024-06-30,TXN,identifier,Texas Instruments Inc.,1.184393465308,3411277496.41,17535997.0,194.53,US8825081040,882508104
2024-06-30,ISRG,identifier,"Intuitive Surgical, Inc.",1.055156207001,3039049715.8,6831628.0,444.85,US46120E6023,46120E602
2024-06-30,EXC,identifier,Exelon Corp.,0.231446881845,666610854.23,19260643.0,34.61,US30161N1019,30161N101
2024-06-30,GFS,identifier,GLOBALFOUNDRIES Inc.,0.186481755105,537102773.12,10623077.0,50.56,KYG393871085,G39387108
2024-06-30,CEG,identifier,Constellation Energy Corp.,0.422167543947,1215922482.32,6071416.0,200.26999999999998,US21037T1097,21037T109
2024-06-30,WBD,identifier,"Warner Bros. Discovery, Inc.",0.121908235452,351118806.72,47193388.0,7.44,US9344231041,934423104
2024-06-30,TSLA,identifier,"Tesla, Inc.",2.473126909587,7123073893.56,35996937.0,197.88000000000002,US88160R1014,88160R101
2024-06-30,NXPI,identifier,NXP Semiconductors N.V.,0.460560881469,1326502565.83,4929587.0,269.09,NL0009538784,N6596X109
2024-06-30,TEAM,identifier,Atlassian Corp.,0.188399203899,542625388.8,3067760.0,176.88,US0494681010,049468101
2024-06-30,GEHC,identifier,GE HealthCare Technologies Inc.,0.237841138463,685027524.32,8791421.0,77.92,US36266G1076,36266G107
2024-06-30,LIN,identifier,Linde PLC,1.410212281629,4061678456.01,9256121.0,438.81,IE000S9YS762,G54950103
2024-06-30,AAPL,identifier,Apple Inc.,8.361662781758,24083172455.32,114344186.0,210.62,US0378331005,037833100
2024-06-30,ARM,identifier,Arm Holdings PLC,0.129330718879,372496964.76,2276598.0,163.62,US0420682058,042068205
2024-06-30,IDXX,identifier,"IDEXX Laboratories, Inc.",0.269070477994,774973936.8,1590669.0,487.2,US45168D1046,45168D104
2024-06-30,ADP,identifier,"Automatic Data Processing, Inc.",0.653285217577,1881585154.54,7882966.0,238.69,US0530151036,053015103
2024-06-30,QCOM,identifier,QUALCOMM Inc.,1.486446423325,4281247222.34,21494363.0,199.18,US7475251036,747525103
2024-06-30,CMCSA,identifier,Comcast Corp.,1.024993824111,2952176340.52,75387547.0,39.16,US20030N1019,20030N101
2024-06-30,MELI,identifier,"MercadoLibre, Inc.",0.557145577464,1604684782.8,976442.0,1643.3999999999999,US58733R1023,58733R102
2024-06-30,GRAL,identifier,GRAIL Inc.,0.002725935731,7851211.18,510814.0,15.37,US3847471014,384747101
2024-06-30,META,identifier,"Meta Platforms, Inc.",4.551226889467,13108395414.06,25997373.0,504.21999999999997,US30303M1027,30303M102
2024-06-30,BIIB,identifier,Biogen Inc.,0.225696137409,650047621.1,2804105.0,231.82000000000002,US09062X1037,09062X103
2024-06-30,PANW,identifier,"Palo Alto Networks, Inc.",0.734046924693,2114194166.77,6236377.0,339.01,US6974351057,697435105
2024-06-30,MDLZ,identifier,"Mondelez International, Inc.",0.58698010347,1690613868.16,25834564.0,65.44,US6092071058,609207105
2024-06-30,FANG,identifier,"Diamondback Energy, Inc.",0.238419856013,686694340.47,3430213.0,200.19,US25278X1090,25278X109
2024-06-30,WDAY,identifier,"Workday, Inc.",0.316926380413,912807999.36,4083056.0,223.56,US98138H1014,98138H101
2024-06-30,ROST,identifier,"Ross Stores, Inc.",0.326138847711,939341649.96,6463953.0,145.32,US7782961038,778296103
2024-06-30,ASML,identifier,ASML Holding N.V.,0.622361655531,1792519439.13,1752681.0,1022.73,USN070592100,N07059210
2024-06-30,DXCM,identifier,"DexCom, Inc.",0.301516328942,868424132.56,7659412.0,113.38,US2521311074,252131107
2024-06-30,KLAC,identifier,KLA Corp.,0.74235945285,2138135822.2,2593220.0,824.51,US4824801009,482480100
2024-06-30,ON,identifier,ON Semiconductor Corp.,0.197218685947,568027167.45,8286319.0,68.55000000000001,US6821891057,682189105
2024-06-30,TMUS,identifier,"T-Mobile US, Inc.",1.38060611504,3976407089.02,22570139.0,176.18,US8725901040,872590104
2024-06-30,AMZN,identifier,"Amazon.com, Inc.",5.206727515227,14996361363.75,77600835.0,193.25,US0231351067,023135106
2024-06-30,ADSK,identifier,"Autodesk, Inc.",0.356559734873,1026959566.5,4150170.0,247.45,US0527691069,052769106
2024-06-30,CDW,identifier,CDW Corp.,0.201163048917,579387679.84,2588401.0,223.84,US12514G1085,12514G108
2024-06-30,INTU,identifier,Intuit Inc.,1.228584711197,3538556654.1,5384210.0,657.21,US4612021034,461202103
2024-06-30,SNPS,identifier,"Synopsys, Inc.",0.609690200976,1756023250.12,2951002.0,595.06,US8716071076,871607107
2024-06-30,XEL,identifier,Xcel Energy Inc.,0.198451907415,571579078.84,10701724.0,53.410000000000004,US98389B1008,98389B100
2024-06-30,CTAS,identifier,Cintas Corp.,0.475092249422,1368355657.68,1954068.0,700.26,US1729081059,172908105
2024-06-30,NVDA,identifier,NVIDIA Corp.,7.867722556962,22660531058.88,183426672.0,123.54,US67066G1040,67066G104
2024-06-30,ODFL,identifier,"Old Dominion Freight Line, Inc.",0.256557664745,738934664.8,4184228.0,176.6,US6795801009,679580100
2024-06-30,NFLX,identifier,"Netflix, Inc.",1.944654128429,5600972194.56,8299212.0,674.88,US64110L1061,64110L106
2024-06-30,DLTR,identifier,"Dollar Tree, Inc.",0.155686261644,448405919.49,4199737.0,106.77,US2567461080,256746108
2024-06-30,REGN,identifier,"Regeneron Pharmaceuticals, Inc.",0.761599607125,2193551110.47,2087049.0,1051.03,US75886F1075,75886F107
2024-06-30,WBA,identifier,"Walgreens Boots Alliance, Inc.",0.06960634303,200479450.91,16575399.0,12.095000000301651,US9314271084,931427108
2024-06-30,LULU,identifier,Lululemon Athletica Inc.,0.241319936282,695047120.9,2326907.0,298.7,US5500211090,550021109
2024-06-30,MNST,identifier,Monster Beverage Corp.,0.347956810615,1002181515.3,20063694.0,49.949999999999996,US61174X1090,61174X109
2024-06-30,ORLY,identifier,"O'Reilly Automotive, Inc.",0.416112712074,1198483419.78,1134863.0,1056.06,US67103H1077,67103H107
2024-06-30,KHC,identifier,Kraft Heinz Co. (The),0.261630070662,753544154.52,23387466.0,32.22,US5007541064,500754106
2024-06-30,PYPL,identifier,"PayPal Holdings, Inc.",0.405918443531,1169121995.65,20146855.0,58.03000000000001,US70450Y1038,70450Y103
2024-06-30,GOOGL,identifier,Alphabet Inc.,2.77011605839,7978458889.9,43801586.0,182.14999999999998,US02079K3059,02079K305
2024-06-30,GOOG,identifier,Alphabet Inc.,2.667394567923,7682601542.58,41885299.0,183.42,US02079K1079,02079K107
2024-09-30,AZN,SEC company list,AstraZeneca PLC,0.299233963171,881062920.57,11308727.0,77.91000000000001,US0463531089,046353108
2024-09-30,TTWO,identifier,"Take-Two Interactive Software, Inc.",0.17770930911,523246362.94,3404114.0,153.71,US8740541094,874054109
2024-09-30,ADBE,identifier,Adobe Inc.,1.514293411229,4458677622.54,8611143.0,517.78,US00724F1012,00724F101
2024-09-30,DASH,identifier,"DoorDash, Inc.",0.362094348389,1066148710.97,7469689.0,142.73,US25809K1051,25809K105
2024-09-30,CSCO,identifier,"Cisco Systems, Inc.",1.414233919224,4164062976.12,78242446.0,53.22,US17275R1023,17275R102
2024-09-30,KLAC,identifier,KLA Corp.,0.686620990843,2021683264.51,2610611.0,774.41,US4824801009,482480100
2024-09-30,HON,SEC company list,Honeywell International Inc.,0.885777016205,2608077226.93,12617083.0,206.70999999999998,US4385161066,438516106
2024-09-30,NFLX,identifier,"Netflix, Inc.",2.00772521308,5911535646.52,8334676.0,709.2700000000001,US64110L1061,64110L106
2024-09-30,SMCIP,SEC company list,"Super Micro Computer, Inc.",0.160823683311,473528414.4,1137196.0,416.4,US86800U1043,86800U104
2024-09-30,ROST,identifier,"Ross Stores, Inc.",0.331151416754,975040504.44,6478244.0,150.51000000000002,US7782961038,778296103
2024-09-30,TEAM,identifier,Atlassian Corp.,0.167631630402,493573698.31,3107951.0,158.81,US0494681010,049468101
2024-09-30,VRTX,identifier,Vertex Pharmaceuticals Inc.,0.79175224231,2331231173.04,5012538.0,465.08,US92532F1003,92532F100
2024-09-30,DLTR,identifier,"Dollar Tree, Inc.",0.099695183949,293541979.68,4174374.0,70.32000000000001,US2567461080,256746108
2024-09-30,TSLA,identifier,"Tesla, Inc.",3.230766222751,9512651216.88,36359176.0,261.63,US88160R1014,88160R101
2024-09-30,SNPS,identifier,"Synopsys, Inc.",0.513077134858,1510701640.03,2983277.0,506.39,US8716071076,871607107
2024-09-30,GEHC,identifier,GE HealthCare Technologies Inc.,0.282681551934,832326087.25,8868685.0,93.85,US36266G1076,36266G107
2024-09-30,REGN,identifier,"Regeneron Pharmaceuticals, Inc.",0.75174396953,2213431023.32,2105543.0,1051.24,US75886F1075,75886F107
2024-09-30,LRCX,"same company, other snapshot",Lam Research Corp.,0.699086674643,2058387158.88,2522286.0,816.08,US5128071082,512807108
2024-09-30,COST,identifier,Costco Wholesale Corp.,2.592328294222,7632837909.76,8609888.0,886.52,US22160K1051,22160K105
2024-09-30,ABNB,identifier,"Airbnb, Inc.",0.3680262789,1083614656.23,8545183.0,126.81,US0090661010,009066101
2024-09-30,GILD,identifier,"Gilead Sciences, Inc.",0.688473237504,2027137009.92,24178638.0,83.84,US3755581036,375558103
2024-09-30,FANG,identifier,"Diamondback Energy, Inc.",0.202855740915,597287385.6,3464544.0,172.4,US25278X1090,25278X109
2024-09-30,LIN,identifier,Linde PLC,1.501883465772,4422137843.86,9273451.0,476.85999999999996,IE000S9YS762,G54950103
2024-09-30,GOOGL,identifier,Alphabet Inc.,2.481456838056,7306388572.45,44054197.0,165.85,US02079K3059,02079K305
2024-09-30,AMZN,identifier,"Amazon.com, Inc.",4.994089307582,14704570511.61,78916817.0,186.33,US0231351067,023135106
2024-09-30,PANW,identifier,"Palo Alto Networks, Inc.",0.729991785735,2149384006.8,6288426.0,341.8,US6974351057,697435105
2024-09-30,PCAR,identifier,PACCAR Inc.,0.34120329402,1004637199.44,10180758.0,98.68,US6937181088,693718108
2024-09-30,LULU,identifier,Lululemon Athletica Inc.,0.210584340259,620043433.2,2285032.0,271.35,US5500211090,550021109
2024-09-30,AMD,identifier,"Advanced Micro Devices, Inc.",1.751589033585,5157369615.44,31432043.0,164.07999999999998,US0079031078,007903107
2024-09-30,CMCSA,identifier,Comcast Corp.,1.064301783064,3133724619.41,75023333.0,41.769999999999996,US20030N1019,20030N101
2024-09-30,ADSK,identifier,"Autodesk, Inc.",0.39158413662,1152978289.64,4185343.0,275.48,US0527691069,052769106
2024-09-30,KDP,identifier,Keurig Dr Pepper Inc.,0.335240418155,987080138.84,26336183.0,37.480000000000004,US49271V1008,49271V100
2024-09-30,WDAY,identifier,"Workday, Inc.",0.343372751776,1011024939.54,4136594.0,244.41,US98138H1014,98138H101
2024-09-30,BIIB,identifier,Biogen Inc.,0.186233735954,548345640.88,2828857.0,193.84,US09062X1037,09062X103
2024-09-30,CSGP,identifier,"CoStar Group, Inc.",0.203920415291,600422207.28,7958937.0,75.44,US22160N1090,22160N109
2024-09-30,CDNS,identifier,"Cadence Design Systems, Inc.",0.48949803933,1441275474.13,5317771.0,271.03000000000003,US1273871087,127387108
2024-09-30,ON,identifier,ON Semiconductor Corp.,0.205149827348,604042081.73,8318993.0,72.61,US6821891057,682189105
2024-09-30,AVGO,identifier,Broadcom Inc.,5.272713974407,15524951527.5,89999719.0,172.5,US11135F1012,11135F101
2024-09-30,ISRG,identifier,"Intuitive Surgical, Inc.",1.15146156837,3390357436.7,6901210.0,491.27,US46120E6023,46120E602
2024-09-30,MDB,identifier,"MongoDB, Inc.",0.131723413624,387845732.1,1434606.0,270.35,US60937P1066,60937P106
2024-09-30,TTD,identifier,"Trade Desk, Inc. (The)",0.323761712322,953282297.25,8693865.0,109.65,US88339J1051,88339J105
2024-09-30,ZS,identifier,"Zscaler, Inc.",0.170418378678,501778985.4,2935410.0,170.94,US98980G1022,98980G102
2024-09-30,ADP,identifier,"Automatic Data Processing, Inc.",0.744334999441,2191616090.43,7919691.0,276.72999999999996,US0530151036,053015103
2024-09-30,CHTR,identifier,"Charter Communications, Inc.",0.305122124609,898399992.4,2772155.0,324.08,US16119P1084,16119P108
2024-09-30,BKR,identifier,Baker Hughes Co.,0.236870912716,697441480.05,19292987.0,36.15,US05722G1004,05722G100
2024-09-30,XEL,identifier,Xcel Energy Inc.,0.240119441174,707006430.3,10827051.0,65.3,US98389B1008,98389B100
2024-09-30,TMUS,identifier,"T-Mobile US, Inc.",1.588126216703,4676070549.92,22659772.0,206.36,US8725901040,872590104
2024-09-30,WBD,identifier,"Warner Bros. Discovery, Inc.",0.133422027606,392847122.25,47617833.0,8.25,US9344231041,934423104
2024-09-30,AMAT,identifier,"Applied Materials, Inc.",1.098673730744,3234929202.9,16010538.0,202.05,US0382221051,038222105
2024-09-30,CSX,identifier,CSX Corp.,0.441555174211,1300112752.11,37651687.0,34.529999999999994,US1264081035,126408103
2024-09-30,GOOG,identifier,Alphabet Inc.,2.384520425081,7020969503.64,41993956.0,167.19,US02079K1079,02079K107
2024-09-30,PAYX,identifier,"Paychex, Inc.",0.318404029211,937507163.04,6986416.0,134.19,US7043261079,704326107
2024-09-30,NVDA,identifier,NVIDIA Corp.,7.607235896875,22398705700.8,184442570.0,121.44,US67066G1040,67066G104
2024-09-30,MAR,identifier,"Marriott International, Inc.",0.461619119439,1359188927.8,5467373.0,248.6,US5719032022,571903202
2024-09-30,EA,manual table,Electronic Arts Inc.,0.249960572944,735982607.36,5130944.0,143.44,US2855121099,285512109
2024-09-30,PYPL,identifier,"PayPal Holdings, Inc.",0.526166439078,1549241719.11,19854437.0,78.03,US70450Y1038,70450Y103
2024-09-30,MELI,identifier,"MercadoLibre, Inc.",0.68617638851,2020374179.72,984607.0,2051.96,US58733R1023,58733R102
2024-09-30,PDD,identifier,PDD Holdings Inc.,0.593910252199,1748706249.16,12971636.0,134.81,US7223041028,722304102
2024-09-30,MRNA,identifier,"Moderna, Inc.",0.169441291847,498902056.03,7465241.0,66.83,US60770K1079,60770K107
2024-09-30,CTAS,identifier,Cintas Corp.,0.547355506527,1611630698.8,7828010.0,205.88,US1729081059,172908105
2024-09-30,META,identifier,"Meta Platforms, Inc.",5.080851631085,14960033044.44,26133801.0,572.44,US30303M1027,30303M102
2024-09-30,FTNT,identifier,"Fortinet, Inc.",0.391255376735,1152010290.75,14855065.0,77.55,US34959E1091,34959E109
2024-09-30,PEP,identifier,"PepsiCo, Inc.",1.540626967504,4536214008.3,26675766.0,170.05,US7134481081,713448108
2024-09-30,MDLZ,identifier,"Mondelez International, Inc.",0.64908331498,1911157527.47,25942141.0,73.67,US6092071058,609207105
2024-09-30,VRSK,identifier,"Verisk Analytics, Inc.",0.251721309047,741166909.56,2765961.0,267.96,US92345Y1064,92345Y106
2024-09-30,AMGN,identifier,Amgen Inc.,1.141952935772,3362360268.47,10435307.0,322.21,US0311621009,031162100
2024-09-30,EXC,identifier,Exelon Corp.,0.267593978427,787902314.5,19430390.0,40.55,US30161N1019,30161N101
2024-09-30,MCHP,identifier,Microchip Technology Inc.,0.284122009631,836567363.38,10419322.0,80.29,US5950171042,595017104
2024-09-30,GFS,identifier,GLOBALFOUNDRIES Inc.,0.146430330772,431148702.25,10711769.0,40.25,KYG393871085,G39387108
2024-09-30,BKNG,identifier,Booking Holdings Inc.,0.931393166012,2742389180.52,651071.0,4212.12,US09857L1089,09857L108
2024-09-30,KHC,identifier,Kraft Heinz Co. (The),0.279997678107,824423703.15,23481165.0,35.11,US5007541064,500754106
2024-09-30,ODFL,identifier,"Old Dominion Freight Line, Inc.",0.280770959184,826700547.92,4161803.0,198.64,US6795801009,679580100
2024-09-30,FAST,identifier,Fastenal Co.,0.269758625394,794275889.74,11121197.0,71.42,US3119001044,311900104
2024-09-30,ILMN,identifier,"Illumina, Inc.",0.137024063541,403452938.07,3093727.0,130.41,US4523271090,452327109
2024-09-30,ROP,identifier,"Roper Technologies, Inc.",0.393438020504,1158436855.68,2081872.0,556.44,US7766961061,776696106
2024-09-30,AAPL,identifier,Apple Inc.,9.04659799404,26636755953.0,114320841.0,233.0,US0378331005,037833100
2024-09-30,ANSS,manual table,"ANSYS, Inc.",0.183656800323,540758125.05,1697135.0,318.63,US03662Q1058,03662Q105
2024-09-30,CPRT,identifier,"Copart, Inc.",0.332590422278,979277504.8,18688502.0,52.4,US2172041061,217204106
2024-09-30,ADI,identifier,"Analog Devices, Inc.",0.753757038701,2219358293.69,9642257.0,230.17000000000002,US0326541051,032654105
2024-09-30,DDOG,identifier,"Datadog, Inc.",0.236106164217,695189758.56,6041976.0,115.05999999999999,US23804L1035,23804L103
2024-09-30,CDW,identifier,CDW Corp.,0.199379922199,587053203.1,2594137.0,226.3,US12514G1085,12514G108
2024-09-30,MNST,identifier,Monster Beverage Corp.,0.337064900255,992452134.42,19023426.0,52.169999999999995,US61174X1090,61174X109
2024-09-30,CCEP,identifier,Coca-Cola Europacific Partners PLC,0.238517921797,702290925.0,8917980.0,78.75,GB00BDCPN049,G25839104
2024-09-30,DXCM,identifier,"DexCom, Inc.",0.177194542956,521730688.16,7782379.0,67.04,US2521311074,252131107
2024-09-30,SBUX,identifier,Starbucks Corp.,0.728678084594,2145515952.01,22007549.0,97.49,US8552441094,855244109
2024-09-30,CEG,identifier,Constellation Energy Corp.,0.536277981974,1579014093.28,6072664.0,260.02,US21037T1097,21037T109
2024-09-30,CRWD,identifier,"CrowdStrike Holdings, Inc.",0.430510400875,1267592579.1,4519530.0,280.46999999999997,US22788C1053,22788C105
2024-09-30,IDXX,identifier,"IDEXX Laboratories, Inc.",0.274271595981,807563856.8,1598440.0,505.21999999999997,US45168D1046,45168D104
2024-09-30,ARM,identifier,Arm Holdings PLC,0.118035866282,347544189.09,2430209.0,143.01,US0420682058,042068205
2024-09-30,INTC,identifier,Intel Corp.,0.661659979707,1948188193.5,83042975.0,23.46,US4581401001,458140100
2024-09-30,MSFT,identifier,Microsoft Corp.,8.167800448841,24049229044.1,55889447.0,430.29999999999995,US5949181045,594918104
2024-09-30,ORLY,identifier,"O'Reilly Automotive, Inc.",0.440588688153,1297267035.6,1126491.0,1151.6,US67103H1077,67103H107
2024-09-30,ASML,identifier,ASML Holding N.V.,0.518010799085,1525228295.25,1830457.0,833.25,USN070592100,N07059210
2024-09-30,MRVL,identifier,"Marvell Technology, Inc.",0.412043643665,1213219155.48,16822229.0,72.12,US5738741041,573874104
2024-09-30,NXPI,identifier,NXP Semiconductors N.V.,0.403259086446,1187353951.02,4947102.0,240.01,NL0009538784,N6596X109
2024-09-30,AEP,identifier,"American Electric Power Co., Inc.",0.360102942685,1060285226.4,10334164.0,102.6,US0255371017,025537101
2024-09-30,QCOM,identifier,QUALCOMM Inc.,1.249484207198,3678974783.25,21634665.0,170.05,US7475251036,747525103
2024-09-30,MU,identifier,"Micron Technology, Inc.",0.75850656956,2233342787.58,21534498.0,103.71,US5951121038,595112103
2024-09-30,TXN,identifier,Texas Instruments Inc.,1.24402365477,3662896761.16,17731988.0,206.57,US8825081040,882508104
2024-09-30,CTSH,identifier,Cognizant Technology Solutions Corp.,0.252322349352,742936609.5,9626025.0,77.18,US1924461023,192446102
2024-09-30,INTU,identifier,Intuit Inc.,1.145029094437,3371417694.0,5429014.0,621.0,US4612021034,461202103
2024-12-31,CHTR,identifier,"Charter Communications, Inc.",0.310120637016,988674819.36,2884368.0,342.77,US16119P1084,16119P108
2024-12-31,CCEP,identifier,Coca-Cola Europacific Partners PLC,0.224989991706,717275514.29,9338309.0,76.81,GB00BDCPN049,G25839104
2024-12-31,AZN,SEC company list,AstraZeneca PLC,0.242751575335,773900028.72,11811661.0,65.52,US0463531089,046353108
2024-12-31,TTD,identifier,"Trade Desk, Inc. (The)",0.336253353487,1071986781.39,9120963.0,117.53,US88339J1051,88339J105
2024-12-31,AXON,identifier,"Axon Enterprise, Inc.",0.288354444037,919283478.24,1546782.0,594.32,US05464C1018,05464C101
2024-12-31,BKR,identifier,Baker Hughes Co.,0.258264639312,823356188.34,20072067.0,41.02,US05722G1004,05722G100
2024-12-31,MDB,identifier,"MongoDB, Inc.",0.109507491533,349113494.84,1499564.0,232.80999999999997,US60937P1066,60937P106
2024-12-31,BKNG,identifier,Booking Holdings Inc.,1.046288867756,3335603419.62,671361.0,4968.42,US09857L1089,09857L108
2024-12-31,ZS,identifier,"Zscaler, Inc.",0.176114272817,561458110.43,3112123.0,180.41,US98980G1022,98980G102
2024-12-31,FAST,identifier,Fastenal Co.,0.262117087831,835637921.28,11620608.0,71.91,US3119001044,311900104
2024-12-31,AVGO,identifier,Broadcom Inc.,4.631559026688,14765562937.44,63688591.0,231.84,US11135F1012,11135F101
2024-12-31,KDP,identifier,Keurig Dr Pepper Inc.,0.277216277903,883774637.24,27514777.0,32.12,US49271V1008,49271V100
2024-12-31,PDD,identifier,PDD Holdings Inc.,0.412187719611,1314068045.1,13548490.0,96.99,US7223041028,722304102
2024-12-31,CPRT,identifier,"Copart, Inc.",0.351834557901,1121660174.97,19544523.0,57.39,US2172041061,217204106
2024-12-31,TTWO,identifier,"Take-Two Interactive Software, Inc.",0.205699130316,655775611.92,3562449.0,184.07999999999998,US8740541094,874054109
2024-12-31,ROP,identifier,"Roper Technologies, Inc.",0.354670026536,1130699742.5,2175050.0,519.85,US7766961061,776696106
2024-12-31,CRWD,identifier,"CrowdStrike Holdings, Inc.",0.509103590945,1623039039.44,4743509.0,342.16,US22788C1053,22788C105
2024-12-31,DDOG,identifier,"Datadog, Inc.",0.284760643461,907826323.47,6353323.0,142.89000000000001,US23804L1035,23804L103
2024-12-31,ADBE,identifier,Adobe Inc.,1.245482092514,3970637990.04,8929203.0,444.68,US00724F1012,00724F101
2024-12-31,AMGN,identifier,Amgen Inc.,0.891425034134,2841892410.24,10903516.0,260.64,US0311621009,031162100
2024-12-31,ADI,identifier,"Analog Devices, Inc.",0.670899886766,2138850966.96,10067076.0,212.46,US0326541051,032654105
2024-12-31,AMAT,identifier,"Applied Materials, Inc.",0.853058422232,2719578386.07,16722489.0,162.63000000000002,US0382221051,038222105
2024-12-31,CSX,identifier,CSX Corp.,0.39594861126,1262297232.07,39116741.0,32.269999999999996,US1264081035,126408103
2024-12-31,COST,identifier,Costco Wholesale Corp.,2.583072627465,8234920732.53,8987439.0,916.27,US22160K1051,22160K105
2024-12-31,CDNS,identifier,"Cadence Design Systems, Inc.",0.524316030706,1671536799.14,5563259.0,300.46000000000004,US1273871087,127387108
2024-12-31,AMD,identifier,"Advanced Micro Devices, Inc.",1.247200263343,3976115575.31,32917589.0,120.78999999999999,US0079031078,007903107
2024-12-31,CSCO,identifier,"Cisco Systems, Inc.",1.500181447013,4782627932.8,80787634.0,59.2,US17275R1023,17275R102
2024-12-31,MAR,identifier,"Marriott International, Inc.",0.49320657823,1572358838.58,5636907.0,278.94,US5719032022,571903202
2024-12-31,MSTR,identifier,MicroStrategy Inc.,0.33722747722,1075092319.98,3712079.0,289.62,US5949724083,594972408
2024-12-31,EA,manual table,Electronic Arts Inc.,0.244137067707,778317024.1,5320007.0,146.3,US2855121099,285512109
2024-12-31,GILD,identifier,"Gilead Sciences, Inc.",0.732453433538,2335085704.26,25279698.0,92.37,US3755581036,375558103
2024-12-31,PCAR,identifier,PACCAR Inc.,0.347004030239,1106260293.46,10635073.0,104.02000000000001,US6937181088,693718108
2024-12-31,HON,SEC company list,Honeywell International Inc.,0.934574211039,2979453409.38,13189842.0,225.89000000000001,US4385161066,438516106
2024-12-31,INTC,identifier,Intel Corp.,0.550214514367,1754102019.25,87486385.0,20.05,US4581401001,458140100
2024-12-31,PLTR,identifier,Palantir Technologies Inc.,1.049347517485,3345354495.84,44233168.0,75.63000000000001,US69608A1088,69608A108
2024-12-31,ABNB,identifier,"Airbnb, Inc.",0.36193620511,1153864559.45,8780645.0,131.41,US0090661010,009066101
2024-12-31,VRTX,identifier,Vertex Pharmaceuticals Inc.,0.659855523751,2103641173.4,5223842.0,402.70000000000005,US92532F1003,92532F100
2024-12-31,MCHP,identifier,Microchip Technology Inc.,0.195954107918,624708159.1,10892906.0,57.35,US5950171042,595017104
2024-12-31,MU,identifier,"Micron Technology, Inc.",0.59654881511,1901817298.24,22597639.0,84.16,US5951121038,595112103
2024-12-31,MSFT,identifier,Microsoft Corp.,8.104551073153,25837576129.5,61299113.0,421.5,US5949181045,594918104
2024-12-31,AEP,identifier,"American Electric Power Co., Inc.",0.312524602076,996338739.26,10802762.0,92.23,US0255371017,025537101
2024-12-31,ANSS,manual table,"ANSYS, Inc.",0.187693739611,598373832.49,1773853.0,337.33,US03662Q1058,03662Q105
2024-12-31,DASH,identifier,"DoorDash, Inc.",0.415171955879,1323581888.75,7890205.0,167.75,US25809K1051,25809K105
2024-12-31,PAYX,identifier,"Paychex, Inc.",0.321090537739,1023647224.68,7300294.0,140.22,US7043261079,704326107
2024-12-31,PEP,identifier,"PepsiCo, Inc.",1.327405293533,4231811856.92,27829882.0,152.06,US7134481081,713448108
2024-12-31,APP,identifier,AppLovin Corp.,0.615376477481,1961840506.86,6058242.0,323.83,US03831W1080,03831W108
2024-12-31,MRVL,identifier,"Marvell Technology, Inc.",0.6087262316,1940639303.65,17570297.0,110.45,US5738741041,573874104
2024-12-31,VRSK,identifier,"Verisk Analytics, Inc.",0.247469739595,788941692.0,2864400.0,275.43,US92345Y1064,92345Y106
2024-12-31,CSGP,identifier,"CoStar Group, Inc.",0.186736787975,595323039.11,8315729.0,71.59,US22160N1090,22160N109
2024-12-31,SBUX,identifier,Starbucks Corp.,0.658275154782,2098602905.0,22998388.0,91.25,US8552441094,855244109
2024-12-31,CTSH,identifier,Cognizant Technology Solutions Corp.,0.242600876793,773419596.8,10057472.0,76.89999999999999,US1924461023,192446102
2024-12-31,FTNT,identifier,"Fortinet, Inc.",0.460748202288,1468880465.52,15546999.0,94.48,US34959E1091,34959E109
2024-12-31,TXN,identifier,Texas Instruments Inc.,1.088330717983,3469634224.79,18503729.0,187.51,US8825081040,882508104
2024-12-31,ISRG,identifier,"Intuitive Surgical, Inc.",1.182889926795,3771092101.28,7224868.0,521.96,US46120E6023,46120E602
2024-12-31,EXC,identifier,Exelon Corp.,0.240647480717,767192105.68,20382362.0,37.64,US30161N1019,30161N101
2024-12-31,GFS,identifier,GLOBALFOUNDRIES Inc.,0.150886164237,481030068.19,11210209.0,42.91,KYG393871085,G39387108
2024-12-31,CEG,identifier,Constellation Energy Corp.,0.445186293847,1419268588.14,6344234.0,223.71,US21037T1097,21037T109
2024-12-31,WBD,identifier,"Warner Bros. Discovery, Inc.",0.164983360833,525972395.9,49760870.0,10.57,US9344231041,934423104
2024-12-31,TSLA,identifier,"Tesla, Inc.",3.788413994387,12077588765.44,29906866.0,403.84000000000003,US88160R1014,88160R101
2024-12-31,NXPI,identifier,NXP Semiconductors N.V.,0.336114291331,1071543446.65,5155369.0,207.85,NL0009538784,N6596X109
2024-12-31,TEAM,identifier,Atlassian Corp.,0.250018297745,797066579.44,3274988.0,243.38000000000002,US0494681010,049468101
2024-12-31,GEHC,identifier,GE HealthCare Technologies Inc.,0.227263941458,724524941.1,9267395.0,78.18,US36266G1076,36266G107
2024-12-31,LIN,identifier,Linde PLC,1.268413830944,4043745128.5,9658550.0,418.67,IE000S9YS762,G54950103
2024-12-31,AAPL,identifier,Apple Inc.,9.789450268036,31209090334.96,124626988.0,250.42,US0378331005,037833100
2024-12-31,ARM,identifier,Arm Holdings PLC,0.100594086297,320697264.96,2599686.0,123.35999999999999,US0420682058,042068205
2024-12-31,IDXX,identifier,"IDEXX Laboratories, Inc.",0.215402734893,686711023.36,1660969.0,413.44,US45168D1046,45168D104
2024-12-31,ADP,identifier,"Automatic Data Processing, Inc.",0.75890211115,2419404960.83,8264971.0,292.73,US0530151036,053015103
2024-12-31,QCOM,identifier,QUALCOMM Inc.,1.085925557612,3461966494.2,22535910.0,153.62,US7475251036,747525103
2024-12-31,CMCSA,identifier,Comcast Corp.,0.911485706044,2905846493.94,77427298.0,37.53,US20030N1019,20030N101
2024-12-31,MELI,identifier,"MercadoLibre, Inc.",0.548493436311,1748615165.64,1028331.0,1700.44,US58733R1023,58733R102
2024-12-31,LRCX,identifier,Lam Research Corp.,0.591328227048,1885173891.31,26099597.0,72.23,US5128073062,512807306
2024-12-31,META,identifier,"Meta Platforms, Inc.",3.301017966669,10523754153.54,17973654.0,585.5100000000001,US30303M1027,30303M102
2024-12-31,BIIB,identifier,Biogen Inc.,0.141926423322,452466118.64,2958842.0,152.92,US09062X1037,09062X103
2024-12-31,PANW,identifier,"Palo Alto Networks, Inc.",0.759715778607,2421998959.52,13310612.0,181.96,US6974351057,697435105
2024-12-31,MDLZ,identifier,"Mondelez International, Inc.",0.508189423439,1620124643.28,27124136.0,59.73,US6092071058,609207105
2024-12-31,FANG,identifier,"Diamondback Energy, Inc.",0.304368992114,970338385.71,5922837.0,163.83,US25278X1090,25278X109
2024-12-31,WDAY,identifier,"Workday, Inc.",0.349692349022,1114830742.41,4320547.0,258.03000000000003,US98138H1014,98138H101
2024-12-31,ROST,identifier,"Ross Stores, Inc.",0.319313194248,1017980995.01,6729563.0,151.27,US7782961038,778296103
2024-12-31,ASML,identifier,ASML Holding N.V.,0.391151347695,1247003397.6,1799220.0,693.0799999999999,USN070592100,N07059210
2024-12-31,DXCM,identifier,"DexCom, Inc.",0.193275892901,616169921.29,7922977.0,77.77,US2521311074,252131107
2024-12-31,KLAC,identifier,KLA Corp.,0.536267683838,1709639063.52,2713196.0,630.12,US4824801009,482480100
2024-12-31,ON,identifier,ON Semiconductor Corp.,0.17081490265,544563543.55,8637011.0,63.05,US6821891057,682189105
2024-12-31,TMUS,identifier,"T-Mobile US, Inc.",1.62981800845,5195913566.4,23539680.0,220.73,US8725901040,872590104
2024-12-31,AMZN,identifier,"Amazon.com, Inc.",5.966009773194,19019835930.81,86694179.0,219.39000000000001,US0231351067,023135106
2024-12-31,ADSK,identifier,"Autodesk, Inc.",0.404327418128,1289009144.72,4361096.0,295.57,US0527691069,052769106
2024-12-31,CDW,identifier,CDW Corp.,0.147734083438,470981130.64,2706166.0,174.04,US12514G1085,12514G108
2024-12-31,INTU,identifier,Intuit Inc.,1.119366633782,3568577748.0,5677928.0,628.5,US4612021034,461202103
2024-12-31,SNPS,identifier,"Synopsys, Inc.",0.474389883989,1512370596.72,3115977.0,485.36,US8716071076,871607107
2024-12-31,XEL,identifier,Xcel Energy Inc.,0.246697122796,786478564.16,11648083.0,67.52,US98389B1008,98389B100
2024-12-31,CTAS,identifier,Cintas Corp.,0.468818994944,1494610418.7,8180681.0,182.70000000000002,US1729081059,172908105
2024-12-31,NVDA,identifier,NVIDIA Corp.,8.505307826423,27115201876.88,201915272.0,134.29,US67066G1040,67066G104
2024-12-31,ODFL,identifier,"Old Dominion Freight Line, Inc.",0.239623419768,763927365.6,4330654.0,176.4,US6795801009,679580100
2024-12-31,NFLX,identifier,"Netflix, Inc.",2.424186384784,7728386150.4,8670720.0,891.3199999999999,US64110L1061,64110L106
2024-12-31,REGN,identifier,"Regeneron Pharmaceuticals, Inc.",0.489823026162,1561571962.99,2192203.0,712.33,US75886F1075,75886F107
2024-12-31,LULU,identifier,Lululemon Athletica Inc.,0.286282382987,912677679.27,2386647.0,382.40999999999997,US5500211090,550021109
2024-12-31,MNST,identifier,Monster Beverage Corp.,0.325231172103,1036847703.6,19726935.0,52.56,US61174X1090,61174X109
2024-12-31,ORLY,identifier,"O'Reilly Automotive, Inc.",0.43557278906,1388620417.8,1171041.0,1185.8,US67103H1077,67103H107
2024-12-31,KHC,identifier,Kraft Heinz Co. (The),0.236269535537,753235072.05,24527355.0,30.709999999999997,US5007541064,500754106
2024-12-31,PYPL,identifier,"PayPal Holdings, Inc.",0.544431763624,1735666419.15,20335869.0,85.35000000000001,US70450Y1038,70450Y103
2024-12-31,GOOGL,identifier,Alphabet Inc.,2.860515898418,9119419031.1,48174427.0,189.3,US02079K3059,02079K305
2024-12-31,GOOG,identifier,Alphabet Inc.,2.72555278557,8689152175.92,45626718.0,190.44,US02079K1079,02079K107
2025-03-31,AZN,SEC company list,AstraZeneca PLC,0.296389383931,880926679.5,11985397.0,73.5,US0463531089,046353108
2025-03-31,TTWO,identifier,"Take-Two Interactive Software, Inc.",0.253464450529,753345460.0,3634960.0,207.25,US8740541094,874054109
2025-03-31,ADBE,identifier,Adobe Inc.,1.155772440218,3435179642.79,8956743.0,383.53,US00724F1012,00724F101
2025-03-31,DASH,identifier,"DoorDash, Inc.",0.499597511262,1484900608.94,8124422.0,182.77,US25809K1051,25809K105
2025-03-31,CSCO,identifier,"Cisco Systems, Inc.",1.701129120372,5056085368.29,81932999.0,61.71,US17275R1023,17275R102
2025-03-31,KLAC,identifier,KLA Corp.,0.625948856736,1860441290.4,2736748.0,679.8000000000001,US4824801009,482480100
2025-03-31,HON,SEC company list,Honeywell International Inc.,0.9535554518,2834151570.25,13384423.0,211.75,US4385161066,438516106
2025-03-31,NFLX,identifier,"Netflix, Inc.",2.764009405444,8215171526.56,8809552.0,932.5300000000001,US64110L1061,64110L106
2025-03-31,ROST,identifier,"Ross Stores, Inc.",0.292147117948,868317842.99,6794881.0,127.79,US7782961038,778296103
2025-03-31,TEAM,identifier,Atlassian Corp.,0.241138736998,716711051.07,3377367.0,212.21,US0494681010,049468101
2025-03-31,VRTX,identifier,Vertex Pharmaceuticals Inc.,0.86266202362,2563998689.56,5288558.0,484.82,US92532F1003,92532F100
2025-03-31,TSLA,identifier,"Tesla, Inc.",2.652982415456,7885177798.96,30425906.0,259.16,US88160R1014,88160R101
2025-03-31,SNPS,identifier,"Synopsys, Inc.",0.45946348337,1365614501.4,3184364.0,428.85,US8716071076,871607107
2025-03-31,GEHC,identifier,GE HealthCare Technologies Inc.,0.255835323707,760392154.48,9421288.0,80.71000000000001,US36266G1076,36266G107
2025-03-31,REGN,identifier,"Regeneron Pharmaceuticals, Inc.",0.472472893376,1404280988.73,2214151.0,634.23,US75886F1075,75886F107
2025-03-31,APP,identifier,AppLovin Corp.,0.567826498347,1687690379.08,6369364.0,264.96999999999997,US03831W1080,03831W108
2025-03-31,COST,identifier,Costco Wholesale Corp.,2.909060803115,8646292386.6,9141970.0,945.7800000000001,US22160K1051,22160K105
2025-03-31,ABNB,identifier,"Airbnb, Inc.",0.358111863515,1064377848.6,8909910.0,119.46000000000001,US0090661010,009066101
2025-03-31,GILD,identifier,"Gilead Sciences, Inc.",0.967014790385,2874155332.5,25650650.0,112.05,US3755581036,375558103
2025-03-31,FANG,identifier,"Diamondback Energy, Inc.",0.320653885358,953045479.4,5961005.0,159.88,US25278X1090,25278X109
2025-03-31,LIN,identifier,Linde PLC,1.525822384677,4535039781.16,9739369.0,465.64,IE000S9YS762,G54950103
2025-03-31,GOOGL,identifier,Alphabet Inc.,2.540460716783,7550741507.52,48827868.0,154.64000000000001,US02079K3059,02079K305
2025-03-31,AMZN,identifier,"Amazon.com, Inc.",5.678872826891,16878710419.2,88713920.0,190.26000000000002,US0231351067,023135106
2025-03-31,PANW,identifier,"Palo Alto Networks, Inc.",0.782871173333,2326844821.68,13635987.0,170.64,US6974351057,697435105
2025-03-31,PCAR,identifier,PACCAR Inc.,0.354084706597,1052408357.91,10808343.0,97.36999999999999,US6937181088,693718108
2025-03-31,LULU,identifier,Lululemon Athletica Inc.,0.22807434477,677881145.92,2394832.0,283.06,US5500211090,550021109
2025-03-31,AMD,identifier,"Advanced Micro Devices, Inc.",1.153600406516,3428723937.76,33372824.0,102.74000000000001,US0079031078,007903107
2025-03-31,CMCSA,identifier,Comcast Corp.,0.964332459243,2866182924.6,77674334.0,36.9,US20030N1019,20030N101
2025-03-31,ADSK,identifier,"Autodesk, Inc.",0.389795579109,1158547990.6,4425317.0,261.79999999999995,US0527691069,052769106
2025-03-31,KDP,identifier,Keurig Dr Pepper Inc.,0.321447917008,955405495.32,27919506.0,34.22,US49271V1008,49271V100
2025-03-31,WDAY,identifier,"Workday, Inc.",0.346294004794,1029252882.57,4407369.0,233.53,US98138H1014,98138H101
2025-03-31,BIIB,identifier,Biogen Inc.,0.138793122451,412520053.44,3014616.0,136.84,US09062X1037,09062X103
2025-03-31,CSGP,identifier,"CoStar Group, Inc.",0.224948948497,668591862.6,8438620.0,79.23,US22160N1090,22160N109
2025-03-31,CDNS,identifier,"Cadence Design Systems, Inc.",0.483053451016,1435728456.2,5645140.0,254.33,US1273871087,127387108
2025-03-31,ON,identifier,ON Semiconductor Corp.,0.118820073482,353156281.79,8679191.0,40.690000000000005,US6821891057,682189105
2025-03-31,AVGO,identifier,Broadcom Inc.,3.655718405739,10865503459.14,64895798.0,167.42999999999998,US11135F1012,11135F101
2025-03-31,ISRG,identifier,"Intuitive Surgical, Inc.",1.223981837565,3637911188.43,7345309.0,495.27,US46120E6023,46120E602
2025-03-31,MDB,identifier,"MongoDB, Inc.",0.090510885997,269015891.2,1533728.0,175.4,US60937P1066,60937P106
2025-03-31,TTD,identifier,"Trade Desk, Inc. (The)",0.171544982267,509864927.04,9317707.0,54.72,US88339J1051,88339J105
2025-03-31,ZS,identifier,"Zscaler, Inc.",0.210828134341,626622066.78,3158059.0,198.42,US98980G1022,98980G102
2025-03-31,ADP,identifier,"Automatic Data Processing, Inc.",0.861380123832,2560188635.0,8379500.0,305.53,US0530151036,053015103
2025-03-31,LRCX,identifier,Lam Research Corp.,0.646652226174,1921975716.0,26437080.0,72.7,US5128073062,512807306
2025-03-31,CHTR,identifier,"Charter Communications, Inc.",0.362840380971,1078431918.71,2926307.0,368.53000000000003,US16119P1084,16119P108
2025-03-31,BKR,identifier,Baker Hughes Co.,0.301170527781,895137165.45,20367171.0,43.95,US05722G1004,05722G100
2025-03-31,XEL,identifier,Xcel Energy Inc.,0.281503329807,836682442.22,11819218.0,70.79,US98389B1008,98389B100
2025-03-31,TMUS,identifier,"T-Mobile US, Inc.",2.110014787385,6271372799.17,23513827.0,266.71,US8725901040,872590104
2025-03-31,WBD,identifier,"Warner Bros. Discovery, Inc.",0.18216202739,541420842.38,50458606.0,10.73,US9344231041,934423104
2025-03-31,AMAT,identifier,"Applied Materials, Inc.",0.816965304532,2428179185.92,16732216.0,145.12,US0382221051,038222105
2025-03-31,CSX,identifier,CSX Corp.,0.386363607134,1148347504.89,39019623.0,29.430000000000003,US1264081035,126408103
2025-03-31,GOOG,identifier,Alphabet Inc.,2.418735676903,7188951102.71,46015177.0,156.23,US02079K1079,02079K107
2025-03-31,PAYX,identifier,"Paychex, Inc.",0.385029589274,1144382545.32,7417569.0,154.28,US7043261079,704326107
2025-03-31,NVDA,identifier,NVIDIA Corp.,7.448028623525,22136984250.66,204253407.0,108.38,US67066G1040,67066G104
2025-03-31,MAR,identifier,"Marriott International, Inc.",0.455046062223,1352485069.8,5677939.0,238.2,US5719032022,571903202
2025-03-31,EA,manual table,Electronic Arts Inc.,0.26098328417,775692890.48,5367374.0,144.52,US2855121099,285512109
2025-03-31,PYPL,identifier,"PayPal Holdings, Inc.",0.447267888216,1329366829.5,20373438.0,65.25,US70450Y1038,70450Y103
2025-03-31,MELI,identifier,"MercadoLibre, Inc.",0.685348723879,2036989205.28,1044144.0,1950.87,US58733R1023,58733R102
2025-03-31,PDD,identifier,PDD Holdings Inc.,0.547888501508,1628430789.15,13759449.0,118.35000000000001,US7223041028,722304102
2025-03-31,CTAS,identifier,Cintas Corp.,0.57471431216,1708162296.36,8311012.0,205.53,US1729081059,172908105
2025-03-31,META,identifier,"Meta Platforms, Inc.",3.554819160206,10565611350.48,18331618.0,576.36,US30303M1027,30303M102
2025-03-31,FTNT,identifier,"Fortinet, Inc.",0.512910123602,1524468272.36,15836986.0,96.25999999999999,US34959E1091,34959E109
2025-03-31,PEP,identifier,"PepsiCo, Inc.",1.425158322606,4235846683.32,28250278.0,149.94,US7134481081,713448108
2025-03-31,MDLZ,identifier,"Mondelez International, Inc.",0.608149554874,1807538316.35,26640211.0,67.85,US6092071058,609207105
2025-03-31,VRSK,identifier,"Verisk Analytics, Inc.",0.289289910257,859825668.1,2889005.0,297.62,US92345Y1064,92345Y106
2025-03-31,AMGN,identifier,Amgen Inc.,1.159716961295,3446903523.75,11063725.0,311.55,US0311621009,031162100
2025-03-31,EXC,identifier,Exelon Corp.,0.320649876454,953033564.16,20682152.0,46.08,US30161N1019,30161N101
2025-03-31,MCHP,identifier,Microchip Technology Inc.,0.180494641554,536465048.59,11081699.0,48.41,US5950171042,595017104
2025-03-31,PLTR,identifier,Palantir Technologies Inc.,1.315246645596,3909167882.0,46317155.0,84.4,US69608A1088,69608A108
2025-03-31,GFS,identifier,GLOBALFOUNDRIES Inc.,0.141162517767,419562355.43,11367173.0,36.910000000000004,KYG393871085,G39387108
2025-03-31,BKNG,identifier,Booking Holdings Inc.,1.047468946676,3113280674.35,675785.0,4606.91,US09857L1089,09857L108
2025-03-31,KHC,identifier,Kraft Heinz Co. (The),0.251971801393,748909017.54,24610878.0,30.43,US5007541064,500754106
2025-03-31,ODFL,identifier,"Old Dominion Freight Line, Inc.",0.243667969871,724228421.25,4377325.0,165.45,US6795801009,679580100
2025-03-31,FAST,identifier,Fastenal Co.,0.308158129222,915905670.9,11810518.0,77.55,US3119001044,311900104
2025-03-31,ROP,identifier,"Roper Technologies, Inc.",0.438692516663,1303879163.62,2211539.0,589.5799999999999,US7766961061,776696106
2025-03-31,AAPL,identifier,Apple Inc.,9.398091960595,27932950346.19,125750463.0,222.13,US0378331005,037833100
2025-03-31,ANSS,manual table,"ANSYS, Inc.",0.192259533103,571432585.92,1805132.0,316.56,US03662Q1058,03662Q105
2025-03-31,CPRT,identifier,"Copart, Inc.",0.378829737594,1125955384.8,19896720.0,56.589999999999996,US2172041061,217204106
2025-03-31,ADI,identifier,"Analog Devices, Inc.",0.693078656701,2059964063.43,10214529.0,201.67000000000002,US0326541051,032654105
2025-03-31,DDOG,identifier,"Datadog, Inc.",0.218096662319,648225540.33,6533873.0,99.21000000000001,US23804L1035,23804L103
2025-03-31,CDW,identifier,CDW Corp.,0.147127475498,437291365.62,2728637.0,160.26,US12514G1085,12514G108
2025-03-31,MNST,identifier,Monster Beverage Corp.,0.39461442652,1172870538.84,20042217.0,58.519999999999996,US61174X1090,61174X109
2025-03-31,CCEP,identifier,Coca-Cola Europacific Partners PLC,0.277945595904,826108167.69,9492223.0,87.03,GB00BDCPN049,G25839104
2025-03-31,DXCM,identifier,"DexCom, Inc.",0.184715899612,549011445.48,8039412.0,68.29,US2521311074,252131107
2025-03-31,SBUX,identifier,Starbucks Corp.,0.772042128518,2294658802.18,23393402.0,98.08999999999999,US8552441094,855244109
2025-03-31,CEG,identifier,Constellation Energy Corp.,0.437178946908,1299380541.03,6444381.0,201.63,US21037T1097,21037T109
2025-03-31,CRWD,identifier,"CrowdStrike Holdings, Inc.",0.571471669238,1698524533.28,4817416.0,352.58,US22788C1053,22788C105
2025-03-31,IDXX,identifier,"IDEXX Laboratories, Inc.",0.236658612345,703395252.5,1674950.0,419.95,US45168D1046,45168D104
2025-03-31,ARM,identifier,ARM Holdings PLC,0.096875713496,287933391.82,2696258.0,106.78999999999999,US0420682058,042068205
2025-03-31,INTC,identifier,Intel Corp.,0.681380488349,2025194840.37,89176347.0,22.709999999999997,US4581401001,458140100
2025-03-31,MSFT,identifier,Microsoft Corp.,7.859706023041,23360569251.48,62230132.0,375.39,US5949181045,594918104
2025-03-31,MSTR,identifier,MicroStrategy Inc.,0.47482306117,1411266142.8,4895640.0,288.27,US5949724083,594972408
2025-03-31,ORLY,identifier,"O'Reilly Automotive, Inc.",0.568487996915,1689656481.0,1179450.0,1432.58,US67103H1077,67103H107
2025-03-31,ASML,identifier,ASML Holding N.V.,0.414688822545,1232535533.58,1860066.0,662.63,USN070592100,N07059210
2025-03-31,AXON,identifier,"Axon Enterprise, Inc.",0.27923664587,829945418.35,1577993.0,525.95,US05464C1018,05464C101
2025-03-31,MRVL,identifier,"Marvell Technology, Inc.",0.369283183444,1097581176.06,17826558.0,61.57,US5738741041,573874104
2025-03-31,NXPI,identifier,NXP Semiconductors N.V.,0.334008609529,992738307.34,5223289.0,190.06,NL0009538784,N6596X109
2025-03-31,AEP,identifier,"American Electric Power Co., Inc.",0.403722026661,1199940091.21,10981423.0,109.27000000000001,US0255371017,025537101
2025-03-31,QCOM,identifier,QUALCOMM Inc.,1.177192099039,3498843019.23,22777443.0,153.61,US7475251036,747525103
2025-03-31,MU,identifier,"Micron Technology, Inc.",0.67080059698,1993749353.19,22945671.0,86.89,US5951121038,595112103
2025-03-31,TXN,identifier,Texas Instruments Inc.,1.133513181004,3369020811.3,18748029.0,179.70000000000002,US8825081040,882508104
2025-03-31,CTSH,identifier,Cognizant Technology Solutions Corp.,0.262603337705,780508003.5,10202719.0,76.5,US1924461023,192446102
2025-03-31,INTU,identifier,Intuit Inc.,1.189383879284,3535079352.48,5757552.0,613.99,US4612021034,461202103
2025-06-30,AZN,SEC company list,AstraZeneca PLC,0.243659204305,859329663.72,12297219.0,69.88,US0463531089,046353108
2025-06-30,TTWO,identifier,"Take-Two Interactive Software, Inc.",0.258828626728,912828708.45,3758817.0,242.85000000000002,US8740541094,874054109
2025-06-30,ADBE,identifier,Adobe Inc.,0.964656556577,3402120583.68,8793736.0,386.88,US00724F1012,00724F101
2025-06-30,DASH,identifier,"DoorDash, Inc.",0.574971009825,2027789780.94,8225994.0,246.51000000000002,US25809K1051,25809K105
2025-06-30,CSCO,identifier,"Cisco Systems, Inc.",1.607359208995,5668784204.08,81706316.0,69.38,US17275R1023,17275R102
2025-06-30,KLAC,identifier,KLA Corp.,0.692990106472,2444015841.12,2728488.0,895.74,US4824801009,482480100
2025-06-30,HON,SEC company list,Honeywell International Inc.,0.875610942055,3088077294.4,13260380.0,232.88,US4385161066,438516106
2025-06-30,NFLX,identifier,"Netflix, Inc.",3.334095326337,11758583156.19,8780763.0,1339.13,US64110L1061,64110L106
2025-06-30,ROST,identifier,"Ross Stores, Inc.",0.245439898297,865609759.62,6784839.0,127.58,US7782961038,778296103
2025-06-30,TEAM,identifier,Atlassian Corp.,0.196336988318,692435151.91,3409499.0,203.09,US0494681010,049468101
2025-06-30,VRTX,identifier,Vertex Pharmaceuticals Inc.,0.66884722875,2358869494.8,5298449.0,445.20000000000005,US92532F1003,92532F100
2025-06-30,TSLA,identifier,"Tesla, Inc.",2.749331771668,9696257334.26,30524011.0,317.66,US88160R1014,88160R101
2025-06-30,SNPS,identifier,"Synopsys, Inc.",0.465379844985,1641287087.16,3201387.0,512.6800000000001,US8716071076,871607107
2025-06-30,GEHC,identifier,GE HealthCare Technologies Inc.,0.198418420139,699775880.58,9447494.0,74.07000000000001,US36266G1076,36266G107
2025-06-30,REGN,identifier,"Regeneron Pharmaceuticals, Inc.",0.326022858718,1149807225.0,2190109.0,525.0,US75886F1075,75886F107
2025-06-30,APP,identifier,AppLovin Corp.,0.630199317372,2222567249.28,6348741.0,350.08000000000004,US03831W1080,03831W108
2025-06-30,COST,identifier,Costco Wholesale Corp.,2.569598035145,9062378011.68,9154472.0,989.94,US22160K1051,22160K105
2025-06-30,ABNB,identifier,"Airbnb, Inc.",0.334164539344,1178521049.68,8905252.0,132.34,US0090661010,009066101
2025-06-30,GILD,identifier,"Gilead Sciences, Inc.",0.806851317527,2845578000.39,25665897.0,110.86999999999999,US3755581036,375558103
2025-06-30,FANG,identifier,"Diamondback Energy, Inc.",0.234857710968,828288832.2,6028303.0,137.4,US25278X1090,25278X109
2025-06-30,LIN,identifier,Linde PLC,1.292080200636,4556868054.62,9712409.0,469.18,IE000S9YS762,G54950103
2025-06-30,GOOGL,identifier,Alphabet Inc.,2.438964671444,8601664348.84,48809308.0,176.23,US02079K3059,02079K305
2025-06-30,AMZN,identifier,"Amazon.com, Inc.",5.538537705469,19533141616.86,89033874.0,219.39000000000001,US0231351067,023135106
2025-06-30,PANW,identifier,"Palo Alto Networks, Inc.",0.798304305138,2815434664.32,13757988.0,204.64000000000001,US6974351057,697435105
2025-06-30,PCAR,identifier,PACCAR Inc.,0.29194910383,1029636971.58,10831443.0,95.06,US6937181088,693718108
2025-06-30,LULU,identifier,Lululemon Athletica Inc.,0.159890844289,563898030.64,2373508.0,237.57999999999998,US5500211090,550021109
2025-06-30,AMD,identifier,"Advanced Micro Devices, Inc.",1.34603784186,4747164176.7,33454293.0,141.9,US0079031078,007903107
2025-06-30,CMCSA,identifier,Comcast Corp.,0.777624687814,2742502436.49,76842321.0,35.69,US20030N1019,20030N101
2025-06-30,ADSK,identifier,"Autodesk, Inc.",0.387572822239,1366879711.98,4415414.0,309.57,US0527691069,052769106
2025-06-30,KDP,identifier,Keurig Dr Pepper Inc.,0.262689525849,926445206.76,28023146.0,33.06,US49271V1008,49271V100
2025-06-30,WDAY,identifier,"Workday, Inc.",0.303284689298,1069614960.0,4456729.0,240.0,US98138H1014,98138H101
2025-06-30,BIIB,identifier,Biogen Inc.,0.107661511218,379697251.72,3023308.0,125.59,US09062X1037,09062X103
2025-06-30,CSGP,identifier,"CoStar Group, Inc.",0.198442559805,699861015.6,8704739.0,80.4,US22160N1090,22160N109
2025-06-30,CDNS,identifier,"Cadence Design Systems, Inc.",0.492240262413,1736017567.55,5633677.0,308.15,US1273871087,127387108
2025-06-30,ON,identifier,ON Semiconductor Corp.,0.128131771792,451891126.71,8622231.0,52.41,US6821891057,682189105
2025-06-30,AVGO,identifier,Broadcom Inc.,5.09740949207,17977384425.75,65218155.0,275.65,US11135F1012,11135F101
2025-06-30,ISRG,identifier,"Intuitive Surgical, Inc.",1.139470980635,4018650628.86,7395246.0,543.41,US46120E6023,46120E602
2025-06-30,TTD,identifier,"Trade Desk, Inc. (The)",0.188740559585,665644304.56,9246344.0,71.99,US88339J1051,88339J105
2025-06-30,ZS,identifier,"Zscaler, Inc.",0.28595774111,1008506820.86,3212419.0,313.94,US98980G1022,98980G102
2025-06-30,ADP,identifier,"Automatic Data Processing, Inc.",0.732387148956,2582960098.8,8375357.0,308.40000000000003,US0530151036,053015103
2025-06-30,LRCX,identifier,Lam Research Corp.,0.728426644542,2568992315.66,26391949.0,97.33999999999999,US5128073062,512807306
2025-06-30,CHTR,identifier,"Charter Communications, Inc.",0.335709151783,1183968540.54,2896134.0,408.81,US16119P1084,16119P108
2025-06-30,BKR,identifier,Baker Hughes Co.,0.222228417638,783748235.34,20442051.0,38.34,US05722G1004,05722G100
2025-06-30,XEL,identifier,Xcel Energy Inc.,0.229787498532,810407365.5,11900255.0,68.1,US98389B1008,98389B100
2025-06-30,TMUS,identifier,"T-Mobile US, Inc.",1.582708504933,5581846871.7,23427545.0,238.26,US8725901040,872590104
2025-06-30,WBD,identifier,"Warner Bros. Discovery, Inc.",0.165874978562,585002688.3,51047355.0,11.459999999999999,US9344231041,934423104
2025-06-30,AMAT,identifier,"Applied Materials, Inc.",0.859496613018,3031245782.57,16557851.0,183.07000000000002,US0382221051,038222105
2025-06-30,CSX,identifier,CSX Corp.,0.358609802711,1264733840.24,38759848.0,32.63,US1264081035,126408103
2025-06-30,GOOG,identifier,Alphabet Inc.,2.302739277864,8121228889.86,45781774.0,177.39,US02079K1079,02079K107
2025-06-30,PAYX,identifier,"Paychex, Inc.",0.306519907901,1081024827.82,7431767.0,145.45999999999998,US7043261079,704326107
2025-06-30,NVDA,identifier,NVIDIA Corp.,9.166896293473,32329523244.13,204630187.0,157.99,US67066G1040,67066G104
2025-06-30,MAR,identifier,"Marriott International, Inc.",0.437788200853,1543977739.29,5651249.0,273.21,US5719032022,571903202
2025-06-30,EA,manual table,Electronic Arts Inc.,0.23429286276,826296743.2,5174056.0,159.70000000000002,US2855121099,285512109
2025-06-30,PYPL,identifier,"PayPal Holdings, Inc.",0.422856774506,1491318051.68,20066174.0,74.32000000000001,US70450Y1038,70450Y103
2025-06-30,MELI,identifier,"MercadoLibre, Inc.",0.775202208326,2733958911.57,1046039.0,2613.63,US58733R1023,58733R102
2025-06-30,SHOP,identifier,Shopify Inc.,0.822045883343,2899165720.05,25133643.0,115.35000000000001,CA82509L1076,82509L107
2025-06-30,PDD,identifier,PDD Holdings Inc.,0.408972398171,1442351067.32,13781302.0,104.66,US7223041028,722304102
2025-06-30,CTAS,identifier,Cintas Corp.,0.526485877937,1856793933.69,8331287.0,222.87,US1729081059,172908105
2025-06-30,META,identifier,"Meta Platforms, Inc.",3.810669729571,13439350861.38,18208282.0,738.0899999999999,US30303M1027,30303M102
2025-06-30,FTNT,identifier,"Fortinet, Inc.",0.47341034115,1669608789.96,15792743.0,105.72,US34959E1091,34959E109
2025-06-30,PEP,identifier,"PepsiCo, Inc.",1.059135108193,3735324585.64,28289341.0,132.04,US7134481081,713448108
2025-06-30,MDLZ,identifier,"Mondelez International, Inc.",0.510868724426,1801715844.96,26715834.0,67.44,US6092071058,609207105
2025-06-30,VRSK,identifier,"Verisk Analytics, Inc.",0.254924663643,899060333.5,2886229.0,311.5,US92345Y1064,92345Y106
2025-06-30,AMGN,identifier,Amgen Inc.,0.878333586025,3097679430.03,11094443.0,279.21000000000004,US0311621009,031162100
2025-06-30,EXC,identifier,Exelon Corp.,0.256445437264,904423750.36,20829658.0,43.42,US30161N1019,30161N101
2025-06-30,MCHP,identifier,Microchip Technology Inc.,0.222065729131,783174470.6,11129380.0,70.37,US5950171042,595017104
2025-06-30,PLTR,identifier,Palantir Technologies Inc.,1.804719828439,6364829466.24,46690357.0,136.32,US69608A1088,69608A108
2025-06-30,GFS,identifier,GLOBALFOUNDRIES Inc.,0.123566776659,435791444.6,11408153.0,38.2,KYG393871085,G39387108
2025-06-30,BKNG,identifier,Booking Holdings Inc.,1.10211737595,3886913103.72,671403.0,5789.24,US09857L1089,09857L108
2025-06-30,KHC,identifier,Kraft Heinz Co. (The),0.178781591538,630521327.42,24419881.0,25.819999999999997,US5007541064,500754106
2025-06-30,ODFL,identifier,"Old Dominion Freight Line, Inc.",0.20065530101,707664842.1,4360227.0,162.3,US6795801009,679580100
2025-06-30,FAST,identifier,Fastenal Co.,0.281895226118,994179270.0,23670935.0,42.0,US3119001044,311900104
2025-06-30,ROP,identifier,"Roper Technologies, Inc.",0.356546613705,1257457449.76,2218364.0,566.84,US7766961061,776696106
2025-06-30,AAPL,identifier,Apple Inc.,7.286952314433,25699395595.44,125259032.0,205.17,US0378331005,037833100
2025-06-30,ANSS,manual table,"ANSYS, Inc.",0.180648065173,637103948.28,1813974.0,351.21999999999997,US03662Q1058,03662Q105
2025-06-30,CPRT,identifier,"Copart, Inc.",0.277343725014,978127178.21,19933303.0,49.07,US2172041061,217204106
2025-06-30,ADI,identifier,"Analog Devices, Inc.",0.691028235762,2437096776.84,10239042.0,238.02,US0326541051,032654105
2025-06-30,DDOG,identifier,"Datadog, Inc.",0.251088488794,885531031.98,6592206.0,134.33,US23804L1035,23804L103
2025-06-30,CDW,identifier,CDW Corp.,0.137587577547,485239566.81,2717059.0,178.59,US12514G1085,12514G108
2025-06-30,MNST,identifier,Monster Beverage Corp.,0.357395734491,1260452102.4,20122160.0,62.64000000000001,US61174X1090,61174X109
2025-06-30,CCEP,identifier,Coca-Cola Europacific Partners PLC,0.249117907669,878581248.08,9475639.0,92.72,GB00BDCPN049,G25839104
2025-06-30,DXCM,identifier,"DexCom, Inc.",0.200240723599,706202723.45,8090305.0,87.29,US2521311074,252131107
2025-06-30,SBUX,identifier,Starbucks Corp.,0.609189793542,2148471517.5,23447250.0,91.63,US8552441094,855244109
2025-06-30,CEG,identifier,Constellation Energy Corp.,0.591818304605,2087206293.44,6466744.0,322.76,US21037T1097,21037T109
2025-06-30,CRWD,identifier,"CrowdStrike Holdings, Inc.",0.742125894204,2617306401.06,5138926.0,509.31,US22788C1053,22788C105
2025-06-30,IDXX,identifier,"IDEXX Laboratories, Inc.",0.252348017176,889973097.3,1659345.0,536.3399999999999,US45168D1046,45168D104
2025-06-30,ARM,identifier,ARM Holdings PLC,0.126589592194,446452215.92,2760308.0,161.74,US0420682058,042068205
2025-06-30,INTC,identifier,Intel Corp.,0.571632965449,2016017270.4,90000771.0,22.400000000000002,US4581401001,458140100
2025-06-30,MSFT,identifier,Microsoft Corp.,8.79133468551,31005004307.13,62332893.0,497.41,US5949181045,594918104
2025-06-30,MSTR,identifier,MicroStrategy Inc.,0.600125948339,2116505431.62,5235894.0,404.22999999999996,US5949724083,594972408
2025-06-30,ORLY,identifier,"O'Reilly Automotive, Inc.",0.450753842225,1589704557.91,17637907.0,90.13000000000001,US67103H1077,67103H107
2025-06-30,ASML,identifier,ASML Holding N.V.,0.409798004115,1445262788.55,1803445.0,801.39,USN070592100,N07059210
2025-06-30,AXON,identifier,"Axon Enterprise, Inc.",0.377091888427,1329915882.3,1606295.0,827.9399999999999,US05464C1018,05464C101
2025-06-30,MRVL,identifier,"Marvell Technology, Inc.",0.390421105178,1376924947.2,17789728.0,77.4,US5738741041,573874104
2025-06-30,NXPI,identifier,NXP Semiconductors N.V.,0.322923623775,1138876940.1,5212490.0,218.48999999999998,NL0009538784,N6596X109
2025-06-30,AEP,identifier,"American Electric Power Co., Inc.",0.324274940024,1143642720.0,11022000.0,103.76,US0255371017,025537101
2025-06-30,QCOM,identifier,QUALCOMM Inc.,1.023040163419,3608026062.92,22654942.0,159.26,US7475251036,747525103
2025-06-30,MU,identifier,"Micron Technology, Inc.",0.805834570851,2841992170.0,23058760.0,123.25,US5951121038,595112103
2025-06-30,TXN,identifier,Texas Instruments Inc.,1.103478822776,3891714611.82,18744411.0,207.62,US8825081040,882508104
2025-06-30,CTSH,identifier,Cognizant Technology Solutions Corp.,0.225030156026,793629318.69,10170823.0,78.03,US1924461023,192446102
2025-06-30,INTU,identifier,Intuit Inc.,1.285362675771,4533176897.95,5755465.0,787.63,US4612021034,461202103
2025-09-30,AZN,SEC company list,AstraZeneca PLC,0.241676981111,932281492.8,12151740.0,76.72,US0463531089,046353108
2025-09-30,TTWO,identifier,"Take-Two Interactive Software, Inc.",0.255560849883,985839236.88,3815758.0,258.36,US8740541094,874054109
2025-09-30,ADBE,identifier,Adobe Inc.,0.802391256727,3095265900.75,8774673.0,352.75,US00724F1012,00724F101
2025-09-30,DASH,identifier,"DoorDash, Inc.",0.586839212249,2263762706.37,8322963.0,271.99,US25809K1051,25809K105
2025-09-30,CSCO,identifier,"Cisco Systems, Inc.",1.452864358885,5604499638.76,81913178.0,68.42,US17275R1023,17275R102
2025-09-30,KLAC,identifier,KLA Corp.,0.76323337866,2944212354.6,2729661.0,1078.6,US4824801009,482480100
2025-09-30,HON,SEC company list,Honeywell International Inc.,0.716639317141,2764473345.0,13132890.0,210.5,US4385161066,438516106
2025-09-30,NFLX,identifier,"Netflix, Inc.",2.731814446146,10538115952.08,8789674.0,1198.92,US64110L1061,64110L106
2025-09-30,ROST,identifier,"Ross Stores, Inc.",0.267266421799,1030994087.83,6765497.0,152.39000000000001,US7782961038,778296103
2025-09-30,TEAM,identifier,Atlassian Corp.,0.142398362436,549309070.7,3439631.0,159.70000000000002,US0494681010,049468101
2025-09-30,VRTX,identifier,Vertex Pharmaceuticals Inc.,0.538436385516,2077046291.12,5303458.0,391.64,US92532F1003,92532F100
2025-09-30,TSLA,identifier,"Tesla, Inc.",3.532811510256,13628003682.48,30644009.0,444.71999999999997,US88160R1014,88160R101
2025-09-30,SNPS,identifier,"Synopsys, Inc.",0.48956292087,1888514365.7,3827630.0,493.39,US8716071076,871607107
2025-09-30,GEHC,identifier,GE HealthCare Technologies Inc.,0.183859965774,709249356.6,9444066.0,75.10000000000001,US36266G1076,36266G107
2025-09-30,REGN,identifier,"Regeneron Pharmaceuticals, Inc.",0.314079579277,1211578271.46,2154798.0,562.27,US75886F1075,75886F107
2025-09-30,APP,identifier,AppLovin Corp.,1.185321357549,4572438631.02,6363513.0,718.5400000000001,US03831W1080,03831W108
2025-09-30,COST,identifier,Costco Wholesale Corp.,2.201185483782,8491187200.82,9173414.0,925.63,US22160K1051,22160K105
2025-09-30,ABNB,identifier,"Airbnb, Inc.",0.279368538366,1077678630.34,8875627.0,121.41999999999999,US0090661010,009066101
2025-09-30,GILD,identifier,"Gilead Sciences, Inc.",0.738540674435,2848958967.0,25666297.0,111.0,US3755581036,375558103
2025-09-30,FANG,identifier,"Diamondback Energy, Inc.",0.222135213833,856898111.7,5988107.0,143.1,US25278X1090,25278X109
2025-09-30,LIN,identifier,Linde PLC,1.194347579377,4607257750.0,9699490.0,475.0,IE000S9YS762,G54950103
2025-09-30,GOOGL,identifier,Alphabet Inc.,3.082125105397,11889457494.2,48907682.0,243.10000000000002,US02079K3059,02079K305
2025-09-30,AMZN,identifier,"Amazon.com, Inc.",5.103835012003,19688308344.9,89667570.0,219.57000000000002,US0231351067,023135106
2025-09-30,PANW,identifier,"Palo Alto Networks, Inc.",0.730345214551,2817344555.32,13836286.0,203.62,US6974351057,697435105
2025-09-30,PCAR,identifier,PACCAR Inc.,0.276841718371,1067931291.12,10861791.0,98.32000000000001,US6937181088,693718108
2025-09-30,LULU,identifier,Lululemon Athletica Inc.,0.109464707732,422265789.09,2373213.0,177.92999999999998,US5500211090,550021109
2025-09-30,AMD,identifier,"Advanced Micro Devices, Inc.",1.407913043634,5431097608.11,33568809.0,161.79,US0079031078,007903107
2025-09-30,CMCSA,identifier,Comcast Corp.,0.620478637074,2393528532.84,76178502.0,31.42,US20030N1019,20030N101
2025-09-30,ADSK,identifier,"Autodesk, Inc.",0.364534907359,1406212317.15,4426645.0,317.67,US0527691069,052769106
2025-09-30,KDP,identifier,Keurig Dr Pepper Inc.,0.185822359693,716819392.95,28099545.0,25.51,US49271V1008,49271V100
2025-09-30,WDAY,identifier,"Workday, Inc.",0.280116275697,1080563065.89,4488693.0,240.73000000000002,US98138H1014,98138H101
2025-09-30,BIIB,identifier,Biogen Inc.,0.110127326852,424821876.72,3032709.0,140.08,US09062X1037,09062X103
2025-09-30,CSGP,identifier,"CoStar Group, Inc.",0.19166524044,739358608.56,8763288.0,84.36999999999999,US22160N1090,22160N109
2025-09-30,CDNS,identifier,"Cadence Design Systems, Inc.",0.513245558716,1979871369.84,5636484.0,351.26,US1273871087,127387108
2025-09-30,ON,identifier,ON Semiconductor Corp.,0.108137388956,417145588.05,8459655.0,49.31,US6821891057,682189105
2025-09-30,AVGO,identifier,Broadcom Inc.,5.593599323329,21577599584.73,65404503.0,329.90999999999997,US11135F1012,11135F101
2025-09-30,ISRG,identifier,"Intuitive Surgical, Inc.",0.859685653001,3316282006.8,7415160.0,447.23,US46120E6023,46120E602
2025-09-30,TTD,identifier,"Trade Desk, Inc. (The)",0.117122300473,451805350.36,9218636.0,49.01,US88339J1051,88339J105
2025-09-30,ZS,identifier,"Zscaler, Inc.",0.250181002019,965086194.64,3220604.0,299.65999999999997,US98980G1022,98980G102
2025-09-30,ADP,identifier,"Automatic Data Processing, Inc.",0.637465970284,2459058052.0,8378392.0,293.5,US0530151036,053015103
2025-09-30,LRCX,identifier,Lam Research Corp.,0.908722977422,3505446029.8,26179582.0,133.9,US5128073062,512807306
2025-09-30,CHTR,identifier,"Charter Communications, Inc.",0.201495460145,777279191.06,2825391.0,275.10500000176967,US16119P1084,16119P108
2025-09-30,BKR,identifier,Baker Hughes Co.,0.257559530186,993549249.84,20393047.0,48.72,US05722G1004,05722G100
2025-09-30,XEL,identifier,Xcel Energy Inc.,0.255770607793,986648388.9,12233706.0,80.64999999999999,US98389B1008,98389B100
2025-09-30,TMUS,identifier,"T-Mobile US, Inc.",1.44460533026,5572640007.36,23279472.0,239.38,US8725901040,872590104
2025-09-30,WBD,identifier,"Warner Bros. Discovery, Inc.",0.259274858977,1000166219.64,51211788.0,19.53,US9344231041,934423104
2025-09-30,AMAT,identifier,"Applied Materials, Inc.",0.874607794865,3373844943.2,16478680.0,204.73999999999998,US0382221051,038222105
2025-09-30,CSX,identifier,CSX Corp.,0.354983444093,1369367052.07,38562857.0,35.51,US1264081035,126408103
2025-09-30,GOOG,identifier,Alphabet Inc.,2.882403927419,11119022688.65,45653963.0,243.54999999999998,US02079K1079,02079K107
2025-09-30,PAYX,identifier,"Paychex, Inc.",0.244434485915,942918710.64,7438614.0,126.76,US7043261079,704326107
2025-09-30,NVDA,identifier,NVIDIA Corp.,9.88183711018,38119699320.56,204307532.0,186.57999999999998,US67066G1040,67066G104
2025-09-30,MAR,identifier,"Marriott International, Inc.",0.37910621872,1462421906.68,5615197.0,260.44,US5719032022,571903202
2025-09-30,EA,manual table,Electronic Arts Inc.,0.270614230869,1043908435.0,5175550.0,201.7,US2855121099,285512109
2025-09-30,PYPL,identifier,"PayPal Holdings, Inc.",0.343546967015,1325250248.42,19762157.0,67.06,US70450Y1038,70450Y103
2025-09-30,MELI,identifier,"MercadoLibre, Inc.",0.635327745364,2450809738.44,1048726.0,2336.94,US58733R1023,58733R102
2025-09-30,SHOP,identifier,Shopify Inc.,0.972531750889,3751591683.84,25244544.0,148.61,CA82509L1076,82509L107
2025-09-30,PDD,identifier,PDD Holdings Inc.,0.473380386777,1826089400.89,13816217.0,132.17000000000002,US7223041028,722304102
2025-09-30,CTAS,identifier,Cintas Corp.,0.443542936167,1710989887.2,8335720.0,205.26000000000002,US1729081059,172908105
2025-09-30,TRI,manual table,Thomson Reuters Corp.,0.375384576386,1448065478.3,9322510.0,155.32999999999998,CA8849038085,884903808
2025-09-30,META,identifier,"Meta Platforms, Inc.",3.47167493313,13392166164.46,18236017.0,734.38,US30303M1027,30303M102
2025-09-30,FTNT,identifier,"Fortinet, Inc.",0.345477120224,1332695914.56,15850332.0,84.08,US34959E1091,34959E109
2025-09-30,PEP,identifier,"PepsiCo, Inc.",1.031017792604,3977204624.0,28319600.0,140.44,US7134481081,713448108
2025-09-30,MDLZ,identifier,"Mondelez International, Inc.",0.433446042898,1672040597.59,26765497.0,62.47,US6092071058,609207105
2025-09-30,VRSK,identifier,"Verisk Analytics, Inc.",0.188426606226,726865409.06,2890006.0,251.51,US92345Y1064,92345Y106
2025-09-30,AMGN,identifier,Amgen Inc.,0.814666169813,3142617014.8,11136134.0,282.20000000000005,US0311621009,031162100
2025-09-30,EXC,identifier,Exelon Corp.,0.243765397535,940337667.5,20891750.0,45.01,US30161N1019,30161N101
2025-09-30,MCHP,identifier,Microchip Technology Inc.,0.185846368124,716912006.72,11163376.0,64.22,US5950171042,595017104
2025-09-30,PLTR,identifier,Palantir Technologies Inc.,2.224641400119,8581669614.98,47043469.0,182.42,US69608A1088,69608A108
2025-09-30,GFS,identifier,GLOBALFOUNDRIES Inc.,0.106656482333,411432913.92,11479713.0,35.84,KYG393871085,G39387108
2025-09-30,BKNG,identifier,Booking Holdings Inc.,0.938293026749,3619514029.17,670371.0,5399.27,US09857L1089,09857L108
2025-09-30,KHC,identifier,Kraft Heinz Co. (The),0.165269745367,637536616.92,24482973.0,26.04,US5007541064,500754106
2025-09-30,ODFL,identifier,"Old Dominion Freight Line, Inc.",0.158655959101,612023593.28,4347376.0,140.78,US6795801009,679580100
2025-09-30,FAST,identifier,Fastenal Co.,0.301788342769,1164164188.96,23739074.0,49.04,US3119001044,311900104
2025-09-30,ROP,identifier,"Roper Technologies, Inc.",0.287762560318,1110059005.5,2225950.0,498.69,US7766961061,776696106
2025-09-30,AAPL,identifier,Apple Inc.,8.236095500424,31771165680.13,124773851.0,254.63,US0378331005,037833100
2025-09-30,CPRT,identifier,"Copart, Inc.",0.233168033631,899457786.45,20001285.0,44.97,US2172041061,217204106
2025-09-30,ADI,identifier,"Analog Devices, Inc.",0.648153870171,2500287180.3,10176179.0,245.70000000000002,US0326541051,032654105
2025-09-30,DDOG,identifier,"Datadog, Inc.",0.246843674761,952212281.6,6686884.0,142.4,US23804L1035,23804L103
2025-09-30,CDW,identifier,CDW Corp.,0.111937712044,431805531.52,2710984.0,159.28,US12514G1085,12514G108
2025-09-30,MNST,identifier,Monster Beverage Corp.,0.352425464649,1359499513.66,20197586.0,67.31,US61174X1090,61174X109
2025-09-30,CCEP,identifier,Coca-Cola Europacific Partners PLC,0.222137089486,856905347.13,9477993.0,90.41,GB00BDCPN049,G25839104
2025-09-30,DXCM,identifier,"DexCom, Inc.",0.141499364074,545841137.88,8111772.0,67.29,US2521311074,252131107
2025-09-30,SBUX,identifier,Starbucks Corp.,0.515659288317,1989182457.0,23512795.0,84.6,US8552441094,855244109
2025-09-30,CEG,identifier,Constellation Energy Corp.,0.55126131336,2126519115.63,6462209.0,329.07,US21037T1097,21037T109
2025-09-30,CRWD,identifier,"CrowdStrike Holdings, Inc.",0.659903531483,2545612108.38,5191101.0,490.38,US22788C1053,22788C105
2025-09-30,IDXX,identifier,"IDEXX Laboratories, Inc.",0.274088984575,1057312477.69,1654921.0,638.89,US45168D1046,45168D104
2025-09-30,ARM,identifier,ARM Holdings PLC,0.103624708608,399737689.49,2825201.0,141.49,US0420682058,042068205
2025-09-30,INTC,identifier,Intel Corp.,0.787437524141,3037581101.5,90538930.0,33.55,US4581401001,458140100
2025-09-30,MSFT,identifier,Microsoft Corp.,8.391279484261,32369795948.7,62495986.0,517.95,US5949181045,594918104
2025-09-30,MSTR,identifier,Strategy Inc.,0.455977273761,1758955989.56,5459036.0,322.21,US5949724083,594972408
2025-09-30,ORLY,identifier,"O'Reilly Automotive, Inc.",0.490520490556,1892208240.44,17551324.0,107.81,US67103H1077,67103H107
2025-09-30,ASML,identifier,ASML Holding N.V.,0.439836961019,1696693895.8,1752620.0,968.0899999999999,USN070592100,N07059210
2025-09-30,AXON,identifier,"Axon Enterprise, Inc.",0.302105354521,1165387078.24,1623916.0,717.64,US05464C1018,05464C101
2025-09-30,MRVL,identifier,"Marvell Technology, Inc.",0.388639475305,1499196938.54,17832722.0,84.07,US5738741041,573874104
2025-09-30,NXPI,identifier,NXP Semiconductors N.V.,0.307866275077,1187610128.16,5214992.0,227.73000000000002,NL0009538784,N6596X109
2025-09-30,AEP,identifier,"American Electric Power Co., Inc.",0.322616584628,1244510212.5,11062313.0,112.5,US0255371017,025537101
2025-09-30,QCOM,identifier,QUALCOMM Inc.,0.962535836952,3713031927.24,22319259.0,166.35999999999999,US7475251036,747525103
2025-09-30,MU,identifier,"Micron Technology, Inc.",1.004093052791,3873341043.32,23149301.0,167.32000000000002,US5951121038,595112103
2025-09-30,TXN,identifier,Texas Instruments Inc.,0.895685921191,3455154909.03,18805611.0,183.73000000000002,US8825081040,882508104
2025-09-30,CTSH,identifier,Cognizant Technology Solutions Corp.,0.175649108039,677575546.91,10102513.0,67.07,US1924461023,192446102
2025-09-30,INTU,identifier,Intuit Inc.,1.021492511201,3940460356.82,5770102.0,682.9100000000001,US4612021034,461202103
2025-12-31,AZN,SEC company list,AstraZeneca PLC,0.295326990687,1204029457.06,13097242.0,91.92999999999999,US0463531089,046353108
2025-12-31,INSM,identifier,Insmed Inc.,0.204281136542,832841269.76,4785344.0,174.04,US4576693075,457669307
2025-12-31,TTWO,identifier,"Take-Two Interactive Software, Inc.",0.260367459503,1061501660.15,4146005.0,256.03,US8740541094,874054109
2025-12-31,ADBE,identifier,Adobe Inc.,0.80629444138,3287211426.99,9392301.0,349.98999999999995,US00724F1012,00724F101
2025-12-31,DASH,identifier,"DoorDash, Inc.",0.506473300971,2064859605.84,9117183.0,226.48,US25809K1051,25809K105
2025-12-31,CSCO,identifier,"Cisco Systems, Inc.",1.675009503389,6828907775.22,88652574.0,77.03,US17275R1023,17275R102
2025-12-31,KLAC,identifier,KLA Corp.,0.878631813001,3582126314.64,2948058.0,1215.08,US4824801009,482480100
2025-12-31,HON,SEC company list,Honeywell International Inc.,0.681663268231,2779098018.9,14245210.0,195.09,US4385161066,438516106
2025-12-31,NFLX,identifier,"Netflix, Inc.",2.186499766328,8914221217.6,95074885.0,93.76,US64110L1061,64110L106
2025-12-31,ROST,identifier,"Ross Stores, Inc.",0.322428694999,1314521390.94,7297221.0,180.14000000000001,US7782961038,778296103
2025-12-31,WDC,identifier,Western Digital Corp.,0.324153704425,1321554145.24,7671412.0,172.27,US9581021055,958102105
2025-12-31,FER,identifier,Ferrovial SE,0.260910813193,1063716878.77,16463657.0,64.61,NL0015001FS8,N3168P101
2025-12-31,TEAM,identifier,Atlassian Corp.,0.149948778446,611331683.16,3770394.0,162.14,US0494681010,049468101
2025-12-31,VRTX,identifier,Vertex Pharmaceuticals Inc.,0.633042273763,2580873300.48,5692768.0,453.36,US92532F1003,92532F100
2025-12-31,TSLA,identifier,"Tesla, Inc.",3.965942898006,16168898288.32,35953256.0,449.71999999999997,US88160R1014,88160R101
2025-12-31,SNPS,identifier,"Synopsys, Inc.",0.480175236012,1957644058.76,4167683.0,469.71999999999997,US8716071076,871607107
2025-12-31,GEHC,identifier,GE HealthCare Technologies Inc.,0.205621657559,838306489.14,10220757.0,82.02,US36266G1076,36266G107
2025-12-31,REGN,identifier,"Regeneron Pharmaceuticals, Inc.",0.438747031006,1788743887.92,2317416.0,771.87,US75886F1075,75886F107
2025-12-31,APP,identifier,AppLovin Corp.,1.140694805146,4650540554.1,6901755.0,673.82,US03831W1080,03831W108
2025-12-31,COST,identifier,Costco Wholesale Corp.,2.103283070665,8574952014.12,9943818.0,862.34,US22160K1051,22160K105
2025-12-31,ABNB,identifier,"Airbnb, Inc.",0.317668092192,1295112714.48,9542534.0,135.72,US0090661010,009066101
2025-12-31,GILD,identifier,"Gilead Sciences, Inc.",0.838082056206,3416807521.58,27837767.0,122.74,US3755581036,375558103
2025-12-31,FANG,identifier,"Diamondback Energy, Inc.",0.23705631591,966463602.51,6428947.0,150.33,US25278X1090,25278X109
2025-12-31,LIN,identifier,Linde PLC,1.095761179177,4467349003.77,10477143.0,426.39000000000004,IE000S9YS762,G54950103
2025-12-31,GOOGL,identifier,Alphabet Inc.,3.630279544268,14800420031.0,47285687.0,313.0,US02079K3059,02079K305
2025-12-31,AMZN,identifier,"Amazon.com, Inc.",4.919063291961,20054709834.96,86884628.0,230.82,US0231351067,023135106
2025-12-31,PANW,identifier,"Palo Alto Networks, Inc.",0.706579303213,2880679117.2,15638866.0,184.2,US6974351057,697435105
2025-12-31,PCAR,identifier,PACCAR Inc.,0.316535656484,1290495845.74,11784274.0,109.51,US6937181088,693718108
2025-12-31,AMD,identifier,"Advanced Micro Devices, Inc.",1.918863139129,7823083620.64,36529154.0,214.16,US0079031078,007903107
2025-12-31,CMCSA,identifier,Comcast Corp.,0.597866696771,2437464698.48,81547832.0,29.89,US20030N1019,20030N101
2025-12-31,ADSK,identifier,"Autodesk, Inc.",0.345370543481,1408053855.78,4756778.0,296.01,US0527691069,052769106
2025-12-31,KDP,identifier,Keurig Dr Pepper Inc.,0.209430103817,853833283.59,30483159.0,28.01,US49271V1008,49271V100
2025-12-31,WDAY,identifier,"Workday, Inc.",0.251772794868,1026461756.18,4779131.0,214.78,US98138H1014,98138H101
2025-12-31,MPWR,identifier,"Monolithic Power Systems, Inc.",0.238968401144,974259053.04,1074914.0,906.36,US6098391054,609839105
2025-12-31,CSGP,identifier,"CoStar Group, Inc.",0.1568379773,639418511.04,9509496.0,67.24,US22160N1090,22160N109
2025-12-31,CDNS,identifier,"Cadence Design Systems, Inc.",0.468267670235,1909097666.42,6107549.0,312.58,US1273871087,127387108
2025-12-31,AVGO,identifier,Broadcom Inc.,3.258247590322,13283669291.5,38381015.0,346.1,US11135F1012,11135F101
2025-12-31,ISRG,identifier,"Intuitive Surgical, Inc.",1.104952166428,4504820077.32,7953987.0,566.36,US46120E6023,46120E602
2025-12-31,ZS,identifier,"Zscaler, Inc.",0.197402719263,804798397.68,3578154.0,224.92,US98980G1022,98980G102
2025-12-31,ADP,identifier,"Automatic Data Processing, Inc.",0.57256349482,2334305144.94,9074778.0,257.23,US0530151036,053015103
2025-12-31,LRCX,identifier,Lam Research Corp.,1.183297193886,4824227797.74,28182193.0,171.17999999999998,US5128073062,512807306
2025-12-31,CHTR,identifier,"Charter Communications, Inc.",0.148673729371,606133388.75,2903633.0,208.75,US16119P1084,16119P108
2025-12-31,BKR,identifier,Baker Hughes Co.,0.247315202557,1008288434.34,22140721.0,45.54,US05722G1004,05722G100
2025-12-31,STX,identifier,Seagate Technology Holdings PLC,0.32366811337,1319574421.23,4791657.0,275.39,IE00BKVD2N49,G7997R103
2025-12-31,XEL,identifier,Xcel Energy Inc.,0.240454843533,980319184.62,13272667.0,73.86,US98389B1008,98389B100
2025-12-31,TMUS,identifier,"T-Mobile US, Inc.",1.249857737609,5095590923.52,25096488.0,203.04000000000002,US8725901040,872590104
2025-12-31,WBD,identifier,"Warner Bros. Discovery, Inc.",0.393034519248,1602376869.5,55599475.0,28.82,US9344231041,934423104
2025-12-31,AMAT,identifier,"Applied Materials, Inc.",1.126727892977,4593598336.81,17874619.0,256.99,US0382221051,038222105
2025-12-31,CSX,identifier,CSX Corp.,0.371500512783,1514584087.5,41781630.0,36.25,US1264081035,126408103
2025-12-31,GOOG,identifier,Alphabet Inc.,3.382451734575,13790041729.8,43945321.0,313.79999999999995,US02079K1079,02079K107
2025-12-31,PAYX,identifier,"Paychex, Inc.",0.222192488371,905864718.0,8075100.0,112.18,US7043261079,704326107
2025-12-31,NVDA,identifier,NVIDIA Corp.,9.0345713196,36833375694.5,197497993.0,186.5,US67066G1040,67066G104
2025-12-31,MAR,identifier,"Marriott International, Inc.",0.458184334834,1867988545.92,6021108.0,310.24,US5719032022,571903202
2025-12-31,EA,manual table,Electronic Arts Inc.,0.281250701672,1146641317.29,5611713.0,204.32999999999998,US2855121099,285512109
2025-12-31,PYPL,identifier,"PayPal Holdings, Inc.",0.300620052872,1225608936.72,20993644.0,58.38,US70450Y1038,70450Y103
2025-12-31,MELI,identifier,"MercadoLibre, Inc.",0.562011469753,2291285206.32,1137532.0,2014.2600000000002,US58733R1023,58733R102
2025-12-31,SHOP,identifier,Shopify Inc.,1.083103827286,4415745780.88,27432104.0,160.97,CA82509L1076,82509L107
2025-12-31,PDD,identifier,PDD Holdings Inc.,0.416814340972,1699325698.23,14986557.0,113.39,US7223041028,722304102
2025-12-31,CTAS,identifier,Cintas Corp.,0.415949807085,1695801048.27,9016861.0,188.07,US1729081059,172908105
2025-12-31,TRI,manual table,Thomson Reuters Corp.,0.322892822578,1316413609.72,9981148.0,131.89000000000001,CA8849038085,884903808
2025-12-31,META,identifier,"Meta Platforms, Inc.",3.864609413009,15755768080.89,23869121.0,660.0899999999999,US30303M1027,30303M102
2025-12-31,FTNT,identifier,"Fortinet, Inc.",0.324998580609,1324998651.99,16685539.0,79.41,US34959E1091,34959E109
2025-12-31,PEP,identifier,"PepsiCo, Inc.",1.080012820576,4403143942.08,30679654.0,143.52,US7134481081,713448108
2025-12-31,MDLZ,identifier,"Mondelez International, Inc.",0.382274679533,1558509683.71,28952437.0,53.83,US6092071058,609207105
2025-12-31,VRSK,identifier,"Verisk Analytics, Inc.",0.171580080004,699521131.1,3127190.0,223.69,US92345Y1064,92345Y106
2025-12-31,AMGN,identifier,Amgen Inc.,0.969994182764,3954604916.09,12082139.0,327.31,US0311621009,031162100
2025-12-31,EXC,identifier,Exelon Corp.,0.242366962181,988114771.38,22668382.0,43.589999999999996,US30161N1019,30161N101
2025-12-31,MCHP,identifier,Microchip Technology Inc.,0.189526382589,772687071.36,12126288.0,63.72,US5950171042,595017104
2025-12-31,PLTR,identifier,Palantir Technologies Inc.,2.234650649988,9110529324.0,51254736.0,177.75,US69608A1088,69608A108
2025-12-31,BKNG,identifier,Booking Holdings Inc.,0.950064996479,3873354884.43,723271.0,5355.33,US09857L1089,09857L108
2025-12-31,KHC,identifier,Kraft Heinz Co. (The),0.15797101382,644037829.25,26558261.0,24.25,US5007541064,500754106
2025-12-31,ODFL,identifier,"Old Dominion Freight Line, Inc.",0.180442794157,735653856.0,4691670.0,156.8,US6795801009,679580100
2025-12-31,FAST,identifier,Fastenal Co.,0.253550835815,1033710716.63,25759051.0,40.13,US3119001044,311900104
2025-12-31,ROP,identifier,"Roper Technologies, Inc.",0.263688316757,1075040585.08,2415116.0,445.13,US7766961061,776696106
2025-12-31,AAPL,identifier,Apple Inc.,8.008207133608,32648953841.52,120094732.0,271.86,US0378331005,037833100
2025-12-31,CPRT,identifier,"Copart, Inc.",0.208571466998,850332675.6,21719864.0,39.15,US2172041061,217204106
2025-12-31,ADI,identifier,"Analog Devices, Inc.",0.730835805886,2979571344.0,10986620.0,271.2,US0326541051,032654105
2025-12-31,DDOG,identifier,"Datadog, Inc.",0.243570775534,993022642.26,7302174.0,135.99,US23804L1035,23804L103
2025-12-31,MNST,identifier,Monster Beverage Corp.,0.412257997192,1680749772.9,21921870.0,76.67,US61174X1090,61174X109
2025-12-31,CCEP,identifier,Coca-Cola Europacific Partners PLC,0.228718426626,932470555.4,10280822.0,90.7,GB00BDCPN049,G25839104
2025-12-31,DXCM,identifier,"DexCom, Inc.",0.142460344698,580801812.53,8750969.0,66.36999999999999,US2521311074,252131107
2025-12-31,SBUX,identifier,Starbucks Corp.,0.526988966691,2148500677.05,25513605.0,84.21000000000001,US8552441094,855244109
2025-12-31,CEG,identifier,Constellation Energy Corp.,0.607158895772,2475348405.93,7006959.0,353.27,US21037T1097,21037T109
2025-12-31,CRWD,identifier,"CrowdStrike Holdings, Inc.",0.647425554765,2639513027.16,5630841.0,468.76,US22788C1053,22788C105
2025-12-31,IDXX,identifier,"IDEXX Laboratories, Inc.",0.297310094518,1212114445.92,1791664.0,676.5300000000001,US45168D1046,45168D104
2025-12-31,ARM,identifier,ARM Holdings PLC,0.083230922929,339327207.15,3104265.0,109.30999999999999,US0420682058,042068205
2025-12-31,INTC,identifier,Intel Corp.,0.968689693356,3949286595.3,107026737.0,36.9,US4581401001,458140100
2025-12-31,MSFT,identifier,Microsoft Corp.,7.165635785521,29213843760.96,60406608.0,483.62,US5949181045,594918104
2025-12-31,MSTR,identifier,Strategy Inc.,0.223876809467,912731588.55,6006789.0,151.95,US5949724083,594972408
2025-12-31,ORLY,identifier,"O'Reilly Automotive, Inc.",0.423718703851,1727474348.88,18939528.0,91.21000000000001,US67103H1077,67103H107
2025-12-31,ASML,identifier,ASML Holding N.V.,0.516558046631,2105974475.88,1968458.0,1069.8600000000001,USN070592100,N07059210
2025-12-31,AXON,identifier,"Axon Enterprise, Inc.",0.246647593699,1005566635.26,1770582.0,567.93,US05464C1018,05464C101
2025-12-31,MRVL,identifier,"Marvell Technology, Inc.",0.403194148007,1643797033.2,19343340.0,84.98,US5738741041,573874104
2025-12-31,NXPI,identifier,NXP Semiconductors N.V.,0.300650121658,1225731525.26,5646971.0,217.06,NL0009538784,N6596X109
2025-12-31,AEP,identifier,"American Electric Power Co., Inc.",0.338942162021,1381845751.26,11983746.0,115.31,US0255371017,025537101
2025-12-31,QCOM,identifier,QUALCOMM Inc.,1.00821102834,4110412577.7,24030474.0,171.04999999999998,US7475251036,747525103
2025-12-31,ALNY,identifier,"Alnylam Pharmaceuticals, Inc.",0.289130759066,1178767812.75,2964335.0,397.65,US02043Q1076,02043Q107
2025-12-31,MU,identifier,"Micron Technology, Inc.",1.767647935056,7206588800.32,25249952.0,285.40999999999997,US5951121038,595112103
2025-12-31,TXN,identifier,Texas Instruments Inc.,0.867559973466,3536987125.32,20387268.0,173.49,US8825081040,882508104
2025-12-31,CTSH,identifier,Cognizant Technology Solutions Corp.,0.220469071635,898838457.0,10829379.0,83.0,US1924461023,192446102
2025-12-31,INTU,identifier,Intuit Inc.,1.01449174408,4136018658.42,6243801.0,662.42,US4612021034,461202103
