snapshot_date,symbol,symbol_source,name,pct_val,val_usd,balance,price,isin,cusip
2019-11-30,,,SMART Global Holdings Inc.,0.006187093953,1665140.4,54063.0,30.799999999999997,KYG8232Y1017,N/A
2019-11-30,MOBL,identifier,MobileIron Inc.,0.004594302176,1236470.34,255998.0,4.83,US60739U2042,60739U204
2019-11-30,APPS,identifier,Digital Turbine Inc.,0.009511945609,2559961.92,288284.0,8.879999999999999,US25400W1027,25400W102
2019-11-30,,,New Relic Inc.,0.048965931168,13178262.82,193741.0,68.02,US64829B1008,64829B100
2019-11-30,AAOI,identifier,Applied Optoelectronics Inc.,0.002907946836,782619.4,73142.0,10.700000000000001,US03823U1025,03823U102
2019-11-30,SMTC,identifier,Semtech Corp.,0.046756397363,12583608.2,259670.0,48.459999999999994,US8168501018,816850101
2019-11-30,LSCC,identifier,Lattice Semiconductor Corp.,0.034523062658,9291235.4,491860.0,18.89,US5184151042,518415104
2019-11-30,GEN,identifier,NortonLifeLock Inc.,0.223174120659,60063132.6,2412174.0,24.900000000000002,US6687711084,668771108
2019-11-30,DXC,identifier,DXC Technology Co.,0.141854722207,38177540.32,1022704.0,37.33,US23355L1061,23355L106
2019-11-30,APPF,identifier,Appfolio Inc.,0.024093934561,6484431.0,57425.0,112.92,US03783C1009,03783C100
2019-11-30,,,Zuora Inc.,0.017982448472,4839639.04,303616.0,15.94,US98983V1061,98983V106
2019-11-30,TENB,identifier,Tenable Holdings Inc.,0.011441422242,3079244.4,113416.0,27.15,US88025T1025,88025T102
2019-11-30,,,Pivotal Software Inc.,0.016215027781,4363970.88,290544.0,15.02,US72582H1077,72582H107
2019-11-30,CLDR,identifier,Cloudera Inc.,0.031429434829,8458643.44,856138.0,9.879999999999999,US18914U1007,18914U100
2019-11-30,VYX,identifier,NCR Corp.,0.0573232315,15427473.6,469920.0,32.83,US62886E1082,62886E108
2019-11-30,EXLS,identifier,ExlService Holdings Inc.,0.034593308827,9310140.84,133364.0,69.81,US3020811044,302081104
2019-11-30,,,Instructure Inc.,0.02438112721,6561723.52,123248.0,53.239999999999995,US45781U1034,45781U103
2019-11-30,COHU,identifier,Cohu Inc.,0.010572695143,2845442.78,160397.0,17.74,US1925761066,192576106
2019-11-30,,,Perficient Inc.,0.020144841785,5421606.68,128231.0,42.28,US71375U1016,71375U101
2019-11-30,,,Avaya Holdings Corp.,0.020558925119,5533049.45,433285.0,12.77,US05351X1019,05351X101
2019-11-30,RAMP,identifier,LiveRamp Holdings Inc.,0.046685492594,12564525.51,250839.0,50.089999999999996,US53815P1084,53815P108
2019-11-30,CGNX,identifier,Cognex Corp.,0.124191421943,33423794.04,666078.0,50.18,US1924221039,192422103
2019-11-30,SPSC,identifier,SPS Commerce Inc.,0.029572849765,7958978.36,141292.0,56.330000000000005,US78463M1071,78463M107
2019-11-30,PRSP,identifier,Perspecta Inc.,0.058449998634,15730721.86,570367.0,27.58,US7153471005,715347100
2019-11-30,IPHI,identifier,Inphi Corp.,0.041273815026,11108073.9,159530.0,69.63,US45772F1075,45772F107
2019-11-30,AMBA,identifier,Ambarella Inc.,0.023331867312,6279334.88,114712.0,54.74,KYG037AX1015,N/A
2019-11-30,PI,identifier,Impinj Inc.,0.007582784212,2040764.28,64663.0,31.56,US4532041096,453204109
2019-11-30,ESTC,identifier,Elastic NV,0.030829099516,8297074.44,104484.0,79.41000000000001,NL0013056914,N/A
2019-11-30,CATM,identifier,Cardtronics plc,0.023565310501,6342161.74,150217.0,42.22,GB00BYT18414,N/A
2019-11-30,ADTN,"same company, other snapshot",ADTRAN Inc.,0.006366280941,1713365.22,186438.0,9.19,US00738A1060,00738A106
2019-11-30,VRSN,identifier,VeriSign Inc.,0.294726043915,79319991.96,415854.0,190.73999999999998,US92343E1029,92343E102
2019-11-30,QRVO,identifier,Qorvo Inc.,0.178035133728,47914820.11,459791.0,104.21,US74736K1016,74736K101
2019-11-30,WEX,identifier,WEX Inc.,0.126223374037,33970655.87,168899.0,201.13,US96208T1043,96208T104
2019-11-30,UCTT,identifier,Ultra Clean Holdings Inc.,0.01275358404,3432388.16,154334.0,22.240000000000002,US90385V1070,90385V107
2019-11-30,MSTR,identifier,MicroStrategy Inc.,0.017885572175,4813566.6,32020.0,150.32999999999998,US5949724083,594972408
2019-11-30,SNX,identifier,SYNNEX Corp.,0.077321156759,20809540.45,169445.0,122.81,US87162W1009,87162W100
2019-11-30,CRM,identifier,salesforce.com Inc.,1.968061250291,529666806.76,3251684.0,162.89,US79466L3024,79466L302
2019-11-30,FSLR,identifier,First Solar Inc.,0.063319320367,17041208.56,308494.0,55.239999999999995,US3364331070,336433107
2019-11-30,COUP,manual table,Coupa Software Inc.,0.130616166921,35152893.76,229024.0,153.48999999999998,US22266L1061,22266L106
2019-11-30,MRVL,manual table,Marvell Technology Group Ltd.,0.240132738534,64627226.82,2450786.0,26.37,BMG5876H1051,N/A
2019-11-30,,,Evo Payments Inc.,0.014725077717,3962978.74,141182.0,28.07,US26927E1047,26927E104
2019-11-30,,,National Instruments Corp.,0.0765299269,20596595.76,488998.0,42.120000000000005,US6365181022,636518102
2019-11-30,ADI,identifier,Analog Devices Inc.,0.605180938535,162873109.35,1441993.0,112.95,US0326541051,032654105
2019-11-30,CVLT,identifier,CommVault Systems Inc.,0.031509405769,8480166.12,167526.0,50.62,US2041661024,204166102
2019-11-30,STX,"same company, other snapshot",Seagate Technology plc,0.209630090057,56418010.56,945342.0,59.68,IE00B58JVZ52,N/A
2019-11-30,CMTL,identifier,Comtech Telecommunications Corp.,0.01323282688,3561367.39,94241.0,37.79,US2058262096,205826209
2019-11-30,,,Model N Inc.,0.010820169106,2912045.76,95728.0,30.419999999999998,US6075251024,607525102
2019-11-30,NSIT,identifier,Insight Enterprises Inc.,0.034048247212,9163447.72,139708.0,65.59,US45765U1034,45765U103
2019-11-30,JNPR,manual table,Juniper Networks Inc.,0.125681740526,33824885.36,1349756.0,25.06,US48203R1041,48203R104
2019-11-30,,,Limelight Networks Inc.,0.007193598618,1936022.27,453401.0,4.2700000000000005,US53261M1045,53261M104
2019-11-30,PAYC,identifier,Paycom Software Inc.,0.199308848497,53640241.8,193780.0,276.81,US70432V1026,70432V102
2019-11-30,VMW,manual table,VMware Inc.,0.184882377859,49757627.56,319738.0,155.62,US9285634021,928563402
2019-11-30,DAKT,identifier,Daktronics Inc.,0.003436702207,924924.0,150150.0,6.16,US2342641097,234264109
2019-11-30,AMAT,identifier,Applied Materials Inc.,0.775760627847,208781436.3,3605897.0,57.900000000000006,US0382221051,038222105
2019-11-30,RMBS,identifier,Rambus Inc.,0.021027843146,5659249.95,433659.0,13.05,US7509171069,750917106
2019-11-30,BHE,identifier,Benchmark Electronics Inc.,0.017872751479,4810116.15,139545.0,34.470000000000006,US08160H1014,08160H101
2019-11-30,ENPH,identifier,Enphase Energy Inc.,0.027050803324,7280216.82,332886.0,21.87,US29355A1079,29355A107
2019-11-30,,,Anixter International Inc.,0.039872848754,10731030.08,125012.0,85.84,US0352901054,035290105
2019-11-30,SABR,identifier,Sabre Corp.,0.089027422259,23960062.45,1068215.0,22.43,US78573M1045,78573M104
2019-11-30,,,Ebix Inc.,0.012303918181,3311369.02,95209.0,34.78,US2787152063,278715206
2019-11-30,VRNS,identifier,Varonis Systems Inc.,0.034354249828,9245802.59,118369.0,78.11,US9222801022,922280102
2019-11-30,XLNX,manual table,Xilinx Inc.,0.33997041656,91496667.04,986168.0,92.78,US9839191015,983919101
2019-11-30,SNPS,identifier,Synopsys Inc.,0.307381700276,82726024.72,586543.0,141.04,US8716071076,871607107
2019-11-30,,,KEMET Corp.,0.021359816063,5748594.24,215142.0,26.720000000000002,US4883602074,488360207
2019-11-30,GLW,identifier,Corning Inc.,0.328876863233,88511045.04,3047901.0,29.040000000000003,US2193501051,219350105
2019-11-30,,,Everbridge Inc.,0.040657804686,10942286.26,124429.0,87.94,US29978A1043,29978A104
2019-11-30,PTC,identifier,PTC Inc.,0.121544472509,32711417.2,427042.0,76.6,US69370C1009,69370C100
2019-11-30,TTEC,identifier,TTEC Holdings Inc.,0.010836070603,2916325.35,63495.0,45.93,US89854H1023,89854H102
2019-11-30,PAYS,identifier,Paysign Inc.,0.004236723872,1140234.84,111134.0,10.260000000000002,US70451A1043,70451A104
2019-11-30,XYZ,identifier,Square Inc.,0.343374007192,92412679.68,1336989.0,69.12,US8522341036,852234103
2019-11-30,EEFT,identifier,Euronet Worldwide Inc.,0.124130631792,33407433.51,212529.0,157.19,US2987361092,298736109
2019-11-30,ZD,identifier,j2 Global Inc.,0.065392031493,17599039.92,181396.0,97.02000000000001,US48123V1026,48123V102
2019-11-30,BFH,identifier,Alliance Data Systems Corp.,0.067796345123,18246115.88,170668.0,106.91,US0185811082,018581108
2019-11-30,,,Cree Inc.,0.06857470602,18455597.13,417453.0,44.21,US2254471012,225447101
2019-11-30,WK,identifier,Workiva Inc.,0.020017337497,5387291.29,124217.0,43.37,US98139A1051,98139A105
2019-11-30,TWLO,identifier,Twilio Inc.,0.17286626281,46523715.36,450462.0,103.28,US90138F1021,90138F102
2019-11-30,PCTY,identifier,Paylocity Holding Corp.,0.06119198281,16468675.52,134636.0,122.32,US70438V1061,70438V106
2019-11-30,TTD,identifier,Trade Desk Inc.,0.141656745057,38124258.48,144772.0,263.34,US88339J1051,88339J105
2019-11-30,SAIC,identifier,Science Applications International Corp.,0.064283505979,17300701.05,202703.0,85.35000000000001,US8086251076,808625107
2019-11-30,,,Cypress Semiconductor Corp.,0.125580421898,33797617.35,1441263.0,23.45,US2328061096,232806109
2019-11-30,KBR,identifier,KBR Inc.,0.061111230653,16446942.59,552467.0,29.77,US48242W1062,48242W106
2019-11-30,MXIM,identifier,Maxim Integrated Products Inc.,0.22295422859,60003952.77,1058831.0,56.67,US57772K1016,57772K101
2019-11-30,AOSL,identifier,Alpha & Omega Semiconductor Ltd.,0.003324174476,894639.27,75243.0,11.89,BMG6331P1041,N/A
2019-11-30,NVEC,identifier,NVE Corp.,0.004467558743,1202359.72,18908.0,63.589999999999996,US6294452064,629445206
2019-11-30,RP,identifier,RealPage Inc.,0.064233876924,17287344.32,314144.0,55.03,US75606N1090,75606N109
2019-11-30,,,FARO Technologies Inc.,0.01225009084,3296882.4,67670.0,48.72,US3116421021,311642102
2019-11-30,ANSS,manual table,ANSYS Inc.,0.310633658839,83601228.43,328247.0,254.69000000000003,US03662Q1058,03662Q105
2019-11-30,,,SailPoint Technologies Holding Inc.,0.029112060969,7834965.69,313023.0,25.03,US78781P1057,78781P105
2019-11-30,DIOD,identifier,Diodes Inc.,0.02900533368,7806242.04,169186.0,46.14,US2545431015,254543101
2019-11-30,CTS,identifier,CTS Corp.,0.012325978123,3317306.04,121158.0,27.38,US1265011056,126501105
2019-11-30,MU,identifier,Micron Technology Inc.,0.760539509427,204684957.5,4308250.0,47.51,US5951121038,595112103
2019-11-30,ZBRA,identifier,Zebra Technologies Corp.,0.196928188455,52999531.76,211204.0,250.94,US9892071054,989207105
2019-11-30,VIAV,identifier,Viavi Solutions Inc.,0.049849836512,13416149.38,893219.0,15.020000000000001,US9255501051,925550105
2019-11-30,OLED,identifier,Universal Display Corp.,0.119381270594,32129231.94,165427.0,194.22,US91347P1057,91347P105
2019-11-30,NUAN,manual table,Nuance Communications Inc.,0.07428946525,19993617.49,1115093.0,17.93,US67020Y1001,67020Y100
2019-11-30,VISN,identifier,CommScope Holding Co. Inc.,0.038281751243,10302816.0,757560.0,13.6,US20337X1090,20337X109
2019-11-30,NOW,identifier,ServiceNow Inc.,0.769355547549,207057628.96,731549.0,283.04,US81762P1021,81762P102
2019-11-30,AMD,identifier,Advanced Micro Devices Inc.,0.585489266253,157573464.75,4024865.0,39.15,US0079031078,007903107
2019-11-30,PRO,identifier,PROS Holdings Inc.,0.032675885198,8794102.2,141180.0,62.28999999999999,US74346Y1038,74346Y103
2019-11-30,,,SVMK Inc.,0.006584918418,1772207.4,103820.0,17.07,US78489X1037,78489X103
2019-11-30,,,Bottomline Technologies DE Inc.,0.03147665465,8471351.77,171173.0,49.489999999999995,US1013881065,101388106
2019-11-30,BAH,identifier,Booz Allen Hamilton Holding Corp.,0.147958157503,39820165.56,547281.0,72.76,US0995021062,099502106
2019-11-30,ZS,identifier,Zscaler Inc.,0.047492061102,12781598.31,245187.0,52.13,US98980G1022,98980G102
2019-11-30,BR,identifier,Broadridge Financial Solutions Inc.,0.205059407396,55187896.97,446107.0,123.71,US11133T1034,11133T103
2019-11-30,HPQ,identifier,HP Inc.,0.431610388348,116159848.24,5784853.0,20.08,US40434L1052,40434L105
2019-11-30,MCHP,identifier,Microchip Technology Inc.,0.326359065425,87833426.94,929061.0,94.53999999999999,US5950171042,595017104
2019-11-30,POWI,identifier,Power Integrations Inc.,0.03891289799,10472677.32,114468.0,91.49000000000001,US7392761034,739276103
2019-11-30,HUCK,identifier,Domo Inc.,0.003038805658,817837.6,43502.0,18.8,US2575541055,257554105
2019-11-30,,,DISH Network Corp.,5.053e-09,1.36,2.0,0.68,US25470M1172,25470M117
2019-11-30,,,Casa Systems Inc.,0.001551491557,417554.88,113466.0,3.68,US14713L1026,14713L102
2019-11-30,ADBE,identifier,Adobe Inc.,2.179200368129,586490943.87,1894779.0,309.53000000000003,US00724F1012,00724F101
2019-11-30,DBD,"same company, other snapshot",Diebold Nixdorf Inc.,0.007747336854,2085050.54,286802.0,7.2700000000000005,US2536511031,253651103
2019-11-30,DOCU,identifier,DocuSign Inc.,0.107686594866,28981829.11,406991.0,71.21,US2561631068,256163106
2019-11-30,CEVA,identifier,CEVA Inc.,0.008257224034,2222277.12,85736.0,25.92,US1572101053,157210105
2019-11-30,,,Mimecast Ltd.,0.031774377514,8551478.3,192818.0,44.35,GB00BYT5JK65,N/A
2019-11-30,MKSI,identifier,MKS Instruments Inc.,0.083964479058,22597466.16,212622.0,106.28,US55306N1046,55306N104
2019-11-30,CACI,identifier,CACI International Inc.,0.086345269594,23238211.32,97101.0,239.32,US1271903049,127190304
2019-11-30,COHR,"same company, other snapshot",Coherent Inc.,0.052445087158,14114612.46,93561.0,150.86,US1924791031,192479103
2019-11-30,AKAM,identifier,Akamai Technologies Inc.,0.208426007862,56093954.4,643870.0,87.12,US00971T1016,00971T101
2019-11-30,,,NIC Inc.,0.022029675332,5928874.31,261299.0,22.689999999999998,US62914B1008,62914B100
2019-11-30,FLEX,identifier,Flex Ltd.,0.088672581764,23864563.78,2010494.0,11.870000000000001,SG9999000020,N/A
2019-11-30,PFPT,identifier,Proofpoint Inc.,0.096510971884,25974119.6,218840.0,118.69000000000001,US7434241037,743424103
2019-11-30,ALTR,manual table,Altair Engineering Inc.,0.017198329604,4628608.14,139542.0,33.169999999999995,US0213691035,021369103
2019-11-30,EGHT,identifier,8x8 Inc.,0.02953217727,7948032.12,387331.0,20.52,US2829141009,282914100
2019-11-30,ENTG,identifier,Entegris Inc.,0.092765789571,24966173.96,527603.0,47.32,US29362U1043,29362U104
2019-11-30,,,Alteryx Inc.,0.081498828332,21933882.47,193199.0,113.52999999999999,US02156B1035,02156B103
2019-11-30,CIEN,identifier,Ciena Corp.,0.085384140817,22979541.52,605362.0,37.96,US1717793095,171779309
2019-11-30,VRRM,identifier,Verra Mobility Corp.,0.022379302534,6022969.92,402336.0,14.97,US92511U1025,92511U102
2019-11-30,ATEN,identifier,A10 Networks Inc.,0.005226382594,1406582.94,210882.0,6.67,US0021211018,002121101
2019-11-30,ZEN,manual table,Zendesk Inc.,0.127135598535,34216164.0,433116.0,79.0,US98936J1016,98936J101
2019-11-30,,,Plantronics Inc.,0.012363466744,3327395.4,131310.0,25.34,US7274931085,727493108
2019-11-30,BDC,identifier,Belden Inc.,0.035371628815,9519611.08,177142.0,53.74,US0774541066,077454106
2019-11-30,CDK,identifier,CDK Global Inc.,0.094128213944,25332844.95,473069.0,53.55,US12508E1010,12508E101
2019-11-30,,,Ceridian HCM Holding Inc.,0.037330263561,10046740.92,166447.0,60.36,US15677J1088,15677J108
2019-11-30,OKTA,identifier,Okta Inc.,0.200567580977,53979006.06,415927.0,129.78,US6792951054,679295105
2019-11-30,BL,identifier,Blackline Inc.,0.030223288957,8134031.88,151134.0,53.82,US09239B1098,09239B109
2019-11-30,,,Presidio Inc.,0.010933245825,2942478.24,178224.0,16.51,US74102M1036,74102M103
2019-11-30,CNXN,identifier,PC Connection Inc.,0.008383792609,2256340.68,45749.0,49.32,US69318J1007,69318J100
2019-11-30,KLAC,identifier,KLA Corp.,0.378503075185,101867010.06,621671.0,163.86,US4824801009,482480100
2019-11-30,CASS,identifier,Cass Information Systems Inc.,0.010089351701,2715359.95,48085.0,56.470000000000006,US14808P1093,14808P109
2019-11-30,,,Anaplan Inc.,0.076447314721,20574362.24,381572.0,53.919999999999995,US03272L1089,03272L108
2019-11-30,TTMI,identifier,TTM Technologies Inc.,0.019492865611,5246139.51,391211.0,13.41,US87305R1095,87305R109
2019-11-30,SCSC,identifier,ScanSource Inc.,0.012994247721,3497158.28,98734.0,35.419999999999995,US8060371072,806037107
2019-11-30,V,identifier,Visa Inc.,4.278564806647,1151495543.3,6240830.0,184.51,US92826C8394,92826C839
2019-11-30,NTNX,identifier,Nutanix Inc.,0.08516254144,22919902.2,613652.0,37.35,US67059N1081,67059N108
2019-11-30,MSFT,identifier,Microsoft Corp.,15.92478187445,4285856633.04,28311908.0,151.38,US5949181045,594918104
2019-11-30,AVGO,identifier,Broadcom Inc.,1.825334906821,491254685.91,1553571.0,316.21000000000004,US11135F1012,11135F101
2019-11-30,FTNT,identifier,Fortinet Inc.,0.221545830516,59624908.82,567262.0,105.11,US34959E1091,34959E109
2019-11-30,FLIR,identifier,FLIR Systems Inc.,0.105235264662,28322099.52,528792.0,53.56,US3024451011,302445101
2019-11-30,APPN,identifier,Appian Corp.,0.014761549809,3972794.52,92219.0,43.08,US03782L1017,03782L101
2019-11-30,CNDT,identifier,Conduent Inc.,0.017633713436,4745783.54,701002.0,6.7700000000000005,US2067871036,206787103
2019-11-30,WU,identifier,Western Union Co.,0.165270625241,44479491.84,1654743.0,26.880000000000003,US9598021098,959802109
2019-11-30,RNG,identifier,RingCentral Inc.,0.179440886884,48293152.23,280009.0,172.47,US76680R2067,76680R206
2019-11-30,TER,identifier,Teradyne Inc.,0.154267242822,41518137.65,663335.0,62.589999999999996,US8807701029,880770102
2019-11-30,JKHY,identifier,Jack Henry & Associates Inc.,0.169755585011,45686534.72,300688.0,151.94,US4262811015,426281101
2019-11-30,FICO,identifier,Fair Isaac Corp.,0.15405855692,41461973.75,112745.0,367.75,US3032501047,303250104
2019-11-30,,,Cision Ltd.,0.011765288297,3166406.88,318552.0,9.94,KYG1992S1093,N/A
2019-11-30,,,Cabot Microelectronics Corp.,0.056180847489,15120022.35,113335.0,133.41,US12709P1030,12709P103
2019-11-30,VPG,identifier,Vishay Precision Group Inc.,0.005242728186,1410982.05,41005.0,34.410000000000004,US92835K1034,92835K103
2019-11-30,UPLD,SEC company list,Upland Software Inc.,0.01204473272,3241614.11,83741.0,38.71,US91544A1097,91544A109
2019-11-30,LDOS,identifier,Leidos Holdings Inc.,0.179981032719,48438522.36,533229.0,90.84,US5253271028,525327102
2019-11-30,HPE,identifier,Hewlett Packard Enterprise Co.,0.299807783892,80687647.05,5097135.0,15.83,US42824C1099,42824C109
2019-11-30,KEYS,identifier,Keysight Technologies Inc.,0.291505355633,78453204.06,733002.0,107.03,US49338L1035,49338L103
2019-11-30,CSOD,identifier,Cornerstone OnDemand Inc.,0.046115827557,12411210.84,201252.0,61.67,US21925Y1038,21925Y103
2019-11-30,DDD,identifier,3D Systems Corp.,0.014542617605,3913873.02,460998.0,8.49,US88554D2053,88554D205
2019-11-30,AEIS,identifier,Advanced Energy Industries Inc.,0.035674758966,9601192.88,149528.0,64.21000000000001,US0079731008,007973100
2019-11-30,TEL,"same company, other snapshot",TE Connectivity Ltd.,0.451680190059,121561259.29,1311199.0,92.71000000000001,CH0102993182,N/A
2019-11-30,NVDA,identifier,NVIDIA Corp.,1.818487028055,489411707.66,2258059.0,216.74,US67066G1040,67066G104
2019-11-30,SANM,identifier,Sanmina Corp.,0.032108529963,8641409.17,271657.0,31.81,US8010561020,801056102
2019-11-30,AVT,identifier,Avnet Inc.,0.061116240141,16448290.8,404632.0,40.65,US0538071038,053807103
2019-11-30,ITRI,identifier,Itron Inc.,0.041234773036,11097566.48,138581.0,80.08,US4657411066,465741106
2019-11-30,ANET,"same company, other snapshot",Arista Networks Inc.,0.151830628002,40862368.43,209411.0,195.13,US0404131064,040413106
2019-11-30,VECO,identifier,Veeco Instruments Inc.,0.009720042653,2615967.34,191086.0,13.69,US9224171002,922417100
2019-11-30,,,Exela Technologies Inc.,0.000280289586,75434.69,232895.0,0.3238999978531098,US30162V1026,30162V102
2019-11-30,IT,identifier,Gartner Inc.,0.209821647217,56469564.58,351923.0,160.46,US3666511072,366651107
2019-11-30,,,AVX Corp.,0.015024585695,4043585.7,198702.0,20.35,US0024441075,002444107
2019-11-30,FIVN,identifier,Five9 Inc.,0.0599474236,16133725.73,236669.0,68.17,US3383071012,338307101
2019-11-30,ZM,identifier,Zoom Video Communications Inc.,0.045581174543,12267319.0,164662.0,74.5,US98980L1017,98980L101
2019-11-30,MANH,identifier,Manhattan Associates Inc.,0.077903514525,20966271.13,251063.0,83.50999999999999,US5627501092,562750109
2019-11-30,NTCT,identifier,NetScout Systems Inc.,0.027739439713,7465550.4,296252.0,25.200000000000003,US64115T1043,64115T104
2019-11-30,WDC,identifier,Western Digital Corp.,0.216020778308,58137944.55,1155135.0,50.33,US9581021055,958102105
2019-11-30,MSI,identifier,Motorola Solutions Inc.,0.401665444387,108100727.7,646149.0,167.3,US6200763075,620076307
2019-11-30,LASR,identifier,nLight Inc.,0.008168351416,2198358.72,110304.0,19.930000000000003,US65487K1007,65487K100
2019-11-30,QLYS,identifier,Qualys Inc.,0.042318249881,11389163.97,130147.0,87.51,US74758T3032,74758T303
2019-11-30,FISV,identifier,Fiserv Inc.,0.973846320855,262092488.72,2254753.0,116.24,US3377381088,337738108
2019-11-30,PRGS,identifier,Progress Software Corp.,0.027245416985,7332593.44,174544.0,42.010000000000005,US7433121008,743312100
2019-11-30,PANW,identifier,Palo Alto Networks Inc.,0.316254176212,85113885.36,374588.0,227.22,US6974351057,697435105
2019-11-30,APH,identifier,Amphenol Corp.,0.44868913177,120756272.0,1161118.0,104.0,US0320951017,032095101
2019-11-30,PDFS,identifier,PDF Solutions Inc.,0.006334381191,1704780.0,107625.0,15.84,US6932821050,693282105
2019-11-30,FIS,identifier,Fidelity National Information Services Inc.,1.229013865786,330766051.95,2394253.0,138.15,US31620M1062,31620M106
2019-11-30,ON,identifier,ON Semiconductor Corp.,0.127813510752,34398611.37,1602171.0,21.47,US6821891057,682189105
2019-11-30,IMXI,identifier,International Money Express Inc.,0.004468323389,1202565.51,88489.0,13.59,US46005L1017,46005L101
2019-11-30,,,Envestnet Inc.,0.053881530988,14501204.4,203640.0,71.21000000000001,US29404K1060,29404K106
2019-11-30,,,CSG Systems International Inc.,0.027370236895,7366186.38,128802.0,57.19,US1263491094,126349109
2019-11-30,MXL,identifier,MaxLinear Inc.,0.019492782492,5246117.14,264022.0,19.869999999999997,US57776J1007,57776J100
2019-11-30,DLB,identifier,Dolby Laboratories Inc.,0.064422832157,17338198.08,251716.0,68.88,US25659T1079,25659T107
2019-11-30,MMS,identifier,MAXIMUS Inc.,0.069074156435,18590014.85,249029.0,74.65,US5779331041,577933104
2019-11-30,,,Verint Systems Inc.,0.046369022967,12479353.64,256724.0,48.61,US92343X1000,92343X100
2019-11-30,BLKB,identifier,Blackbaud Inc.,0.059102497118,15906329.6,191920.0,82.88,US09227Q1004,09227Q100
2019-11-30,AZPN,manual table,Aspen Technology Inc.,0.125417584071,33753792.6,269169.0,125.4,US0453271035,045327103
2019-11-30,ROG,identifier,Rogers Corp.,0.034997453628,9418908.84,72442.0,130.02,US7751331015,775133101
2019-11-30,ACIW,identifier,ACI Worldwide Inc.,0.063432987727,17071800.0,455248.0,37.5,US0044981019,004498101
2019-11-30,,,GreenSky Inc.,0.00567091044,1526219.28,205137.0,7.44,US39572G1004,39572G100
2019-11-30,,,GTT Communications Inc.,0.003912234032,1052904.48,118704.0,8.87,US3623931009,362393100
2019-11-30,MTSC,identifier,MTS Systems Corp.,0.012722198314,3423941.28,75384.0,45.419999999999995,US5537771033,553777103
2019-11-30,WDAY,identifier,Workday Inc.,0.425937283885,114633038.48,639979.0,179.12,US98138H1014,98138H101
2019-11-30,INTU,identifier,Intuit Inc.,0.976382902843,262775162.23,1015007.0,258.89,US4612021034,461202103
2019-11-30,NTAP,identifier,NetApp Inc.,0.209136617544,56285201.68,928952.0,60.589999999999996,US64110D1046,64110D104
2019-11-30,KN,identifier,Knowles Corp.,0.028948258036,7790881.2,355748.0,21.900000000000002,US49926D1090,49926D109
2019-11-30,TDC,identifier,Teradata Corp.,0.043961513573,11831417.6,445460.0,26.56,US88076W1036,88076W103
2019-11-30,,,Endurance International Group Holdings Inc.,0.003814533453,1026610.2,253484.0,4.05,US29272B1052,29272B105
2019-11-30,QTWO,identifier,Q2 Holdings Inc.,0.052443731202,14114247.53,167171.0,84.42999999999999,US74736L1098,74736L109
2019-11-30,MPWR,identifier,Monolithic Power Systems Inc.,0.095725140469,25762627.8,160335.0,160.68,US6098391054,609839105
2019-11-30,OSIS,identifier,OSI Systems Inc.,0.024977185131,6722141.34,67566.0,99.49,US6710441055,671044105
2019-11-30,RPD,identifier,Rapid7 Inc.,0.033748510869,9082779.3,161990.0,56.07000000000001,US7534221046,753422104
2019-11-30,FN,identifier,Fabrinet,0.032327711152,8700397.68,143832.0,60.489999999999995,KYG3323L1005,N/A
2019-11-30,SSTI,identifier,ShotSpotter Inc.,0.002902881798,781256.24,31862.0,24.52,US82536T1079,82536T107
2019-11-30,MA,identifier,Mastercard Inc.,3.826295946252,1029775854.42,3523854.0,292.22999999999996,US57636Q1040,57636Q104
2019-11-30,,,American Software Inc.,0.00676907796,1821770.49,115229.0,15.81,US0296831094,029683109
2019-11-30,NOVT,identifier,Novanta Inc.,0.047450151032,12770319.0,137050.0,93.18,CA67000B1040,67000B104
2019-11-30,PAYX,identifier,Paychex Inc.,0.403902602928,108702817.0,1262225.0,86.12,US7043261079,704326107
2019-11-30,AAPL,identifier,Apple Inc.,17.51846670324,4714767041.25,17641785.0,267.25,US0378331005,037833100
2019-11-30,,,Benefitfocus Inc.,0.009138784797,2459532.68,102566.0,23.98,US08180D1063,08180D106
2019-11-30,,,Switch Inc.,0.012515242349,3368242.96,213721.0,15.76,US87105L1044,87105L104
2019-11-30,CTSH,identifier,Cognizant Technology Solutions Corp.,0.513658689749,138241611.09,2156319.0,64.11,US1924461023,192446102
2019-11-30,ACN,identifier,Accenture plc,1.85872971991,500242274.08,2486788.0,201.16,IE00B4BNMY34,N/A
2019-11-30,HLIT,identifier,Harmonic Inc.,0.01080507164,2907982.56,352056.0,8.26,US4131601027,413160102
2019-11-30,GDDY,identifier,GoDaddy Inc.,0.170344937356,45845147.86,690647.0,66.38,US3802371076,380237107
2019-11-30,CRNC,identifier,Cerence Inc.,9.1406549e-05,24600.36,1581.0,15.56,US1567271093,156727109
2019-11-30,,,Mellanox Technologies Ltd.,0.077570904967,20876755.5,181695.0,114.9,IL0011017329,N/A
2019-11-30,,,2U Inc.,0.022886441019,6159456.74,246971.0,24.94,US90214J1016,90214J101
2019-11-30,TCX,identifier,Tucows Inc.,0.007838434447,2109567.75,37173.0,56.75,US8986972060,898697206
2019-11-30,XRX,identifier,Xerox Holdings Corp.,0.112457166978,30265739.2,777440.0,38.93,US98421M1062,98421M106
2019-11-30,PEGA,identifier,Pegasystems Inc.,0.044536187801,11986080.4,154420.0,77.62,US7055731035,705573103
2019-11-30,,,Smartsheet Inc.,0.061216364407,16475237.37,347359.0,47.43,US83200N1037,83200N103
2019-11-30,AZTA,identifier,Brooks Automation Inc.,0.046893248615,12620439.15,281895.0,44.77,US1143401024,114340102
2019-11-30,ACIA,identifier,Acacia Communications Inc.,0.031760386497,8547712.88,128267.0,66.64,US00401C1080,00401C108
2019-11-30,PLAB,identifier,Photronics Inc.,0.011481032356,3089904.72,262747.0,11.760000000000002,US7194051022,719405102
2019-11-30,CPAY,manual table,FleetCor Technologies Inc.,0.385312630383,103699674.24,337872.0,306.91999999999996,US3390411052,339041105
2019-11-30,,,Fitbit Inc.,0.022999908254,6189994.32,889367.0,6.96,US33812L1026,33812L102
2019-11-30,CLGX,identifier,CoreLogic Inc.,0.048150507576,12958806.84,312788.0,41.43,US21871D1037,21871D103
2019-11-30,CRUS,identifier,Cirrus Logic Inc.,0.060459443532,16271526.3,226939.0,71.7,US1727551004,172755100
2019-11-30,MDB,identifier,MongoDB Inc.,0.090478218975,24350517.2,163756.0,148.7,US60937P1066,60937P106
2019-11-30,ARLO,identifier,Arlo Technologies Inc.,0.003700072949,995805.3,287805.0,3.46,US04206A1016,04206A101
2019-11-30,GWRE,identifier,Guidewire Software Inc.,0.145124276905,39057479.7,320590.0,121.83000000000001,US40171V1008,40171V100
2019-11-30,,,Carbonite Inc.,0.010992056384,2958306.0,128622.0,23.0,US1413371055,141337105
2019-11-30,,,LogMeIn Inc.,0.055918870527,15049516.16,192992.0,77.98,US54142L1098,54142L109
2019-11-30,MTSI,identifier,MACOM Technology Solutions Holdings Inc.,0.016536971577,4450616.02,180406.0,24.669999999999998,US55405Y1001,55405Y100
2019-11-30,SSNC,identifier,SS&C Technologies Holdings Inc.,0.198876510391,53523886.1,891322.0,60.050000000000004,US78467J1007,78467J100
2019-11-30,UI,identifier,Ubiquiti Inc.,0.039274951359,10570117.2,53601.0,197.2,US90353W1036,90353W103
2019-11-30,MEI,identifier,Methode Electronics Inc.,0.020034103033,5391803.42,144902.0,37.21,US5915202007,591520200
2019-11-30,HCKT,identifier,Hackett Group Inc.,0.005710402508,1536847.83,100251.0,15.33,US4046091090,404609109
2019-11-30,,,Black Knight Inc.,0.136604608962,36764570.72,583472.0,63.01,US09215C1053,09215C105
2019-11-30,DELL,identifier,Dell Technologies Inc.,0.111325945512,29961292.14,617886.0,48.49,US24703L2025,24703L202
2019-11-30,,,Intelligent Systems Corp.,0.003315191536,892221.68,20492.0,43.54,US45816D1000,45816D100
2019-11-30,KE,identifier,Kimball Electronics Inc.,0.006387507163,1719077.86,98009.0,17.540000000000003,US49428J1097,49428J109
2019-11-30,XPER,"same company, other snapshot",Xperi Corp.,0.014152213943,3808803.19,192461.0,19.79,US98421B1008,98421B100
2019-11-30,,,Infinera Corp.,0.014936023706,4019750.9,630055.0,6.38,US45667G1031,45667G103
2019-11-30,JBL,identifier,Jabil Inc.,0.077528536867,20865352.92,537213.0,38.84,US4663131039,466313103
2019-11-30,FORM,identifier,FormFactor Inc.,0.025309777634,6811652.38,294367.0,23.14,US3463751087,346375108
2019-11-30,,,NeoPhotonics Corp.,0.004294460606,1155773.6,140948.0,8.200000000000001,US64051T1007,64051T100
2019-11-30,,,Pluralsight Inc.,0.018693015795,5030874.92,296108.0,16.99,US72941B1061,72941B106
2019-11-30,PD,identifier,PagerDuty Inc.,0.005698779815,1533719.8,58876.0,26.05,US69553P1003,69553P100
2019-11-30,LITE,identifier,Lumentum Holdings Inc.,0.08213709744,22105660.64,300104.0,73.66,US55024U1097,55024U109
2019-11-30,CSCO,identifier,Cisco Systems Inc.,2.812841145596,757023485.57,16707647.0,45.31,US17275R1023,17275R102
2019-11-30,IBM,identifier,International Business Machines Corp.,1.727299475058,464870286.5,3457570.0,134.45,US4592001014,459200101
2019-11-30,ICHR,identifier,Ichor Holdings Ltd.,0.010242535875,2756586.6,87372.0,31.55,KYG4740B1059,N/A
2019-11-30,,,Tech Data Corp.,0.076690181899,20639725.39,142451.0,144.89000000000001,US8782371061,878237106
2019-11-30,P,identifier,Pure Storage Inc.,0.053078579674,14285105.1,888930.0,16.07,US74624M1027,74624M102
2019-11-30,IPGP,identifier,IPG Photonics Corp.,0.076740805784,20653349.86,145354.0,142.09,US44980X1090,44980X109
2019-11-30,TYL,identifier,Tyler Technologies Inc.,0.162362038792,43696700.3,150590.0,290.16999999999996,US9022521051,902252105
2019-11-30,ADP,identifier,Automatic Data Processing Inc.,1.074772459947,289254867.84,1693728.0,170.77999999999997,US0530151036,053015103
2019-11-30,UIS,identifier,Unisys Corp.,0.0102721852,2764566.16,242932.0,11.38,US9092143067,909214306
2019-11-30,AMKR,identifier,Amkor Technology Inc.,0.018911756642,5089744.92,420988.0,12.09,US0316521006,031652100
2019-11-30,ONTO,identifier,Onto Innovation Inc.,0.024224238412,6519499.84,194264.0,33.56,US6833441057,683344105
2019-11-30,,,CalAmp Corp.,0.005067940688,1363941.27,130023.0,10.49,US1281261099,128126109
2019-11-30,,,ManTech International Corp.,0.030156406425,8116031.7,104615.0,77.58,US5645631046,564563104
2019-11-30,,,FireEye Inc.,0.052167800976,14039986.08,837708.0,16.76,US31816Q1013,31816Q101
2019-11-30,VSAT,identifier,ViaSat Inc.,0.042473477222,11430940.5,155523.0,73.5,US92552V1008,92552V100
2019-11-30,RBBN,identifier,Ribbon Communications Inc.,0.00232365232,625367.48,213436.0,2.9299999999999997,US7625441040,762544104
2019-11-30,ECHO,identifier,EchoStar Corp.,0.030328149462,8162253.12,194016.0,42.07,US2787681061,278768106
2019-11-30,,,ForeScout Technologies Inc.,0.018002250668,4844968.43,135221.0,35.83,US34553D1019,34553D101
2019-11-30,ADSK,identifier,Autodesk Inc.,0.576169143287,155065128.3,857187.0,180.9,US0527691069,052769106
2019-11-30,ALRM,identifier,Alarm.com Holdings Inc.,0.022916559854,6167562.66,141393.0,43.620000000000005,US0116421050,011642105
2019-11-30,DBX,identifier,Dropbox Inc.,0.06398198415,17219552.1,931290.0,18.490000000000002,US26210C1045,26210C104
2019-11-30,SYNA,identifier,Synaptics Inc.,0.027290676536,7344774.2,128495.0,57.160000000000004,US87157D1090,87157D109
2019-11-30,CDW,identifier,CDW Corp.,0.283461159656,76288259.45,564889.0,135.05,US12514G1085,12514G108
2019-11-30,HUBS,identifier,HubSpot Inc.,0.088398519288,23790805.0,157555.0,151.0,US4435731009,443573100
2019-11-30,,,Sykes Enterprises Inc.,0.020225676021,5443361.7,154905.0,35.14,US8712371033,871237103
2019-11-30,,,Virtusa Corp.,0.018539297161,4989504.43,111647.0,44.69,US92827P1021,92827P102
2019-11-30,YEXT,identifier,Yext Inc.,0.0155073123,4173502.52,241802.0,17.26,US98585N1063,98585N106
2019-11-30,SLAB,identifier,Silicon Laboratories Inc.,0.06658527147,17920178.1,169170.0,105.93,US8269191024,826919102
2019-11-30,EXTR,identifier,Extreme Networks Inc.,0.012310082756,3313028.1,471270.0,7.03,US30226D1063,30226D106
2019-11-30,SEDG,identifier,SolarEdge Technologies Inc.,0.051098421787,13752182.71,168511.0,81.61,US83417M1045,83417M104
2019-11-30,ARW,identifier,Arrow Electronics Inc.,0.096043087628,25848197.32,324563.0,79.64,US0427351004,042735100
2019-11-30,OSPN,identifier,OneSpan Inc.,0.008804050439,2369445.2,127048.0,18.650000000000002,US68287N1000,68287N100
2019-11-30,EPAM,identifier,EPAM Systems Inc.,0.168518080425,45353483.55,214083.0,211.85,US29414B1044,29414B104
2019-11-30,CDNS,identifier,Cadence Design Systems Inc.,0.285410006279,76812755.0,1093420.0,70.25,US1273871087,127387108
2019-11-30,QCOM,identifier,QUALCOMM Inc.,1.472952618809,396417596.25,4744675.0,83.55,US7475251036,747525103
2019-11-30,ACLS,identifier,Axcelis Technologies Inc.,0.009970951372,2683494.72,125163.0,21.44,US0545402085,054540208
2019-11-30,PLXS,identifier,Plexus Corp.,0.032243177383,8677647.0,114330.0,75.9,US7291321005,729132100
2019-11-30,SPWRW,SEC company list,SunPower Corp.,0.009796427685,2636524.94,352006.0,7.49,US8676524064,867652406
2019-11-30,PYPL,identifier,PayPal Holdings Inc.,1.750920059258,471227324.12,4362812.0,108.01,US70450Y1038,70450Y103
2019-11-30,SPLK,manual table,Splunk Inc.,0.324961856501,87457394.34,586097.0,149.22,US8486371045,848637104
2019-11-30,QADA,identifier,QAD Inc.,0.007912678925,2129549.26,41666.0,51.10999999999999,US74727D3061,74727D306
2019-11-30,INTC,identifier,Intel Corp.,3.729829288915,1003813661.25,17292225.0,58.05,US4581401001,458140100
2019-11-30,,,LivePerson Inc.,0.035826866751,9642129.84,242936.0,39.69,US5381461012,538146101
2019-11-30,LRCX,"same company, other snapshot",Lam Research Corp.,0.559514496491,150582842.2,564340.0,266.83,US5128071082,512807108
2019-11-30,CTXS,manual table,Citrix Systems Inc.,0.214126737023,57628198.83,510843.0,112.81,US1773761002,177376100
2019-11-30,BMI,identifier,Badger Meter Inc.,0.02617865336,7045494.0,113637.0,62.0,US0565251081,056525108
2019-11-30,,,II-VI Inc.,0.036095842304,9714519.57,332803.0,29.19,US9021041085,902104108
2019-11-30,CALX,identifier,Calix Inc.,0.005607428294,1509134.25,194727.0,7.75,US13100M5094,13100M509
2019-11-30,TRMB,identifier,Trimble Inc.,0.14799427081,39829884.78,982726.0,40.53,US8962391004,896239100
2019-11-30,VSH,identifier,Vishay Intertechnology Inc.,0.038176086818,10274378.4,516560.0,19.89,US9282981086,928298108
2019-11-30,FFIV,identifier,F5 Networks Inc.,0.127059953811,34195805.64,234684.0,145.71,US3156161024,315616102
2019-11-30,BOX,identifier,Box Inc.,0.037116291094,9989154.24,547651.0,18.240000000000002,US10316T1043,10316T104
2019-11-30,GPN,identifier,Global Payments Inc.,0.787990245035,212072808.6,1171026.0,181.1,US37940X1028,37940X102
2019-11-30,ORCL,identifier,Oracle Corp.,1.90162057934,511785545.18,9116237.0,56.14,US68389X1054,68389X105
2019-11-30,KLIC,identifier,Kulicke & Soffa Industries Inc.,0.023079466198,6211405.85,247565.0,25.09,US5012421013,501242101
2019-11-30,LFUS,identifier,Littelfuse Inc.,0.064684599406,17408647.83,95963.0,181.40999999999997,US5370081045,537008104
2019-11-30,EVTC,identifier,EVERTEC Inc.,0.028744683097,7736092.82,238621.0,32.42,PR30040P1032,30040P103
2019-11-30,SWKS,identifier,Skyworks Solutions Inc.,0.244779476611,65877809.3,670171.0,98.3,US83088M1027,83088M102
2019-11-30,TXN,identifier,Texas Instruments Inc.,1.627668288281,438056419.53,3644093.0,120.21,US8825081040,882508104
2019-11-30,NTGR,identifier,NETGEAR Inc.,0.011331215758,3049584.39,121449.0,25.11,US64111Q1040,64111Q104
2019-11-30,IDCC,identifier,InterDigital Inc.,0.025605572406,6891260.0,121325.0,56.8,US45867G1013,45867G101
2019-11-30,PLUS,identifier,ePlus Inc.,0.016392535922,4411743.87,52791.0,83.57000000000001,US2942681071,294268107
2019-11-30,,,TiVo Corp.,0.014243454477,3833358.87,490827.0,7.8100000000000005,US88870P1066,88870P106
2020-02-29,TXN,identifier,Texas Instruments Inc.,1.552009666933,435925770.8,3819220.0,114.14,US8825081040,882508104
2020-02-29,ZD,identifier,j2 Global Inc.,0.058913603851,16547550.39,189483.0,87.33,US48123V1026,48123V102
2020-02-29,IDCC,identifier,InterDigital Inc.,0.023972379282,6733320.12,127308.0,52.89,US45867G1013,45867G101
2020-02-29,V,identifier,Visa Inc.,4.251374526545,1194118668.8,6569755.0,181.76,US92826C8394,92826C839
2020-02-29,,,Exela Technologies Inc.,0.000218872263,61476.46,239208.0,0.25700001672184875,US30162V1026,30162V102
2020-02-29,RP,identifier,RealPage Inc.,0.075845595145,21303378.6,332346.0,64.10000000000001,US75606N1090,75606N109
2020-02-29,COHR,"same company, other snapshot",Coherent Inc.,0.044825615995,12590540.91,97821.0,128.71,US1924791031,192479103
2020-02-29,NOW,identifier,ServiceNow Inc.,0.892601450296,250712339.96,768844.0,326.09000000000003,US81762P1021,81762P102
2020-02-29,LITE,identifier,Lumentum Holdings Inc.,0.087045457137,24449176.32,314176.0,77.82000000000001,US55024U1097,55024U109
2020-02-29,MOBL,identifier,MobileIron Inc.,0.003822650993,1073699.55,265111.0,4.05,US60739U2042,60739U204
2020-02-29,BMI,identifier,Badger Meter Inc.,0.025401840835,7134824.79,118499.0,60.21,US0565251081,056525108
2020-02-29,,,KEMET Corp.,0.020786784042,5838555.68,223871.0,26.08,US4883602074,488360207
2020-02-29,NVEC,identifier,NVE Corp.,0.00440604129,1237561.2,19560.0,63.269999999999996,US6294452064,629445206
2020-02-29,SAIC,identifier,Science Applications International Corp.,0.060619942085,17026823.7,212490.0,80.13,US8086251076,808625107
2020-02-29,FORM,identifier,FormFactor Inc.,0.024427637233,6861192.18,306714.0,22.369999999999997,US3463751087,346375108
2020-02-29,CPAY,manual table,FleetCor Technologies Inc.,0.335702952783,94291660.4,354760.0,265.79,US3390411052,339041105
2020-02-29,CATM,identifier,Cardtronics plc,0.020377854134,5723696.16,157808.0,36.27,GB00BYT18414,G1991C105
2020-02-29,XLNX,manual table,Xilinx Inc.,0.308144751518,86551160.85,1036665.0,83.49,US9839191015,983919101
2020-02-29,IT,identifier,Gartner Inc.,0.169905123139,47722654.92,368828.0,129.39000000000001,US3666511072,366651107
2020-02-29,EXLS,identifier,ExlService Holdings Inc.,0.037079391065,10414794.75,139515.0,74.65,US3020811044,302081104
2020-02-29,HUCK,identifier,Domo Inc.,0.003376538357,948396.21,44969.0,21.09,US2575541055,257554105
2020-02-29,INTC,identifier,Intel Corp.,3.584990427125,1006945864.16,18136633.0,55.519999999999996,US4581401001,458140100
2020-02-29,APPN,identifier,Appian Corp.,0.015166989743,4260077.65,96491.0,44.150000000000006,US03782L1017,03782L101
2020-02-29,LFUS,identifier,Littelfuse Inc.,0.057675150176,16199695.68,101451.0,159.68,US5370081045,537008104
2020-02-29,DIOD,identifier,Diodes Inc.,0.027730796575,7788977.82,176982.0,44.010000000000005,US2545431015,254543101
2020-02-29,IPGP,identifier,IPG Photonics Corp.,0.06905226875,19395280.92,151953.0,127.64000000000001,US44980X1090,44980X109
2020-02-29,SSTI,identifier,ShotSpotter Inc.,0.004182975252,1174906.8,33003.0,35.6,US82536T1079,82536T107
2020-02-29,ICHR,identifier,Ichor Holdings Ltd.,0.009464233736,2658297.48,91919.0,28.919999999999998,KYG4740B1059,G4740B105
2020-02-29,HLIT,identifier,Harmonic Inc.,0.007970310697,2238686.98,364607.0,6.14,US4131601027,413160102
2020-02-29,CSCO,identifier,Cisco Systems Inc.,2.491020811159,699673584.72,17522504.0,39.93,US17275R1023,17275R102
2020-02-29,CLDR,identifier,Cloudera Inc.,0.0284386676,7987803.4,897506.0,8.9,US18914U1007,18914U100
2020-02-29,GLW,identifier,Corning Inc.,0.272441809678,76522980.76,3207166.0,23.860000000000003,US2193501051,219350105
2020-02-29,DLB,identifier,Dolby Laboratories Inc.,0.061400689239,17246118.6,262498.0,65.7,US25659T1079,25659T107
2020-02-29,CASS,identifier,Cass Information Systems Inc.,0.008485085038,2383275.9,50762.0,46.949999999999996,US14808P1093,14808P109
2020-02-29,SPLK,manual table,Splunk Inc.,0.323098351978,90751302.09,615973.0,147.33,US8486371045,848637104
2020-02-29,ACIA,identifier,Acacia Communications Inc.,0.032826855035,9220349.84,134584.0,68.51,US00401C1080,00401C108
2020-02-29,WDC,identifier,Western Digital Corp.,0.240305611875,67496621.52,1214842.0,55.559999999999995,US9581021055,958102105
2020-02-29,BAH,identifier,Booz Allen Hamilton Holding Corp.,0.146627146128,41184377.3,577621.0,71.3,US0995021062,099502106
2020-02-29,APPS,identifier,Digital Turbine Inc.,0.006665194191,1872108.13,305401.0,6.13,US25400W1027,25400W102
2020-02-29,EXTR,identifier,Extreme Networks Inc.,0.008797200083,2470942.23,491241.0,5.03,US30226D1063,30226D106
2020-02-29,,,ManTech International Corp.,0.029226594377,8209114.9,109601.0,74.9,US5645631046,564563104
2020-02-29,,,Everbridge Inc.,0.049020028765,13768660.26,130311.0,105.66,US29978A1043,29978A104
2020-02-29,,,GreenSky Inc.,0.006097544236,1712667.6,214620.0,7.98,US39572G1004,39572G100
2020-02-29,GPN,identifier,Global Payments Inc.,0.805740938552,226315110.78,1230174.0,183.97,US37940X1028,37940X102
2020-02-29,UIS,identifier,Unisys Corp.,0.014022369925,3938578.83,253611.0,15.530000000000001,US9092143067,909214306
2020-02-29,,,Anaplan Inc.,0.064633010417,18154007.34,403961.0,44.94,US03272L1089,03272L108
2020-02-29,HUBS,identifier,HubSpot Inc.,0.105332973503,29585742.05,164869.0,179.45000000000002,US4435731009,443573100
2020-02-29,ZBRA,identifier,Zebra Technologies Corp.,0.16644710902,46751373.94,221602.0,210.97,US9892071054,989207105
2020-02-29,ECHO,identifier,EchoStar Corp.,0.02513912463,7061033.52,202206.0,34.919999999999995,US2787681061,278768106
2020-02-29,ADI,identifier,Analog Devices Inc.,0.587670477402,165063859.65,1513653.0,109.05,US0326541051,032654105
2020-02-29,,,NIC Inc.,0.01774378033,4983842.1,272490.0,18.29,US62914B1008,62914B100
2020-02-29,SPWRW,SEC company list,SunPower Corp.,0.01122695882,3153408.63,367959.0,8.57,US8676524064,867652406
2020-02-29,TEL,"same company, other snapshot",TE Connectivity Ltd.,0.406895758525,114288171.62,1379126.0,82.87,CH0102993182,H84989104
2020-02-29,WU,identifier,Western Union Co.,0.138443327377,38885720.55,1736745.0,22.389999999999997,US9598021098,959802109
2020-02-29,LDOS,identifier,Leidos Holdings Inc.,0.204360212037,57400340.25,559185.0,102.65,US5253271028,525327102
2020-02-29,,,ForeScout Technologies Inc.,0.016309953648,4581111.36,140784.0,32.54,US34553D1019,34553D101
2020-02-29,NVDA,identifier,NVIDIA Corp.,2.277880740003,639807172.94,2369042.0,270.07000000000005,US67066G1040,67066G104
2020-02-29,,,Anixter International Inc.,0.045353471021,12738803.91,130641.0,97.51,US0352901054,035290105
2020-02-29,CRUS,identifier,Cirrus Logic Inc.,0.057982196228,16285938.24,237266.0,68.64,US1727551004,172755100
2020-02-29,BHE,identifier,Benchmark Electronics Inc.,0.013992445252,3930173.64,144598.0,27.18,US08160H1014,08160H101
2020-02-29,,,Infinera Corp.,0.015949304302,4479812.8,658796.0,6.8,US45667G1031,45667G103
2020-02-29,TYL,identifier,Tyler Technologies Inc.,0.176187953986,49487365.5,157930.0,313.35,US9022521051,902252105
2020-02-29,KEYS,identifier,Keysight Technologies Inc.,0.260313960869,73116531.72,771597.0,94.76,US49338L1035,49338L103
2020-02-29,AMAT,identifier,Applied Materials Inc.,0.782501430165,219787638.16,3781618.0,58.12,US0382221051,038222105
2020-02-29,KLIC,identifier,Kulicke & Soffa Industries Inc.,0.021048548519,5912079.63,258961.0,22.83,US5012421013,501242101
2020-02-29,MU,identifier,Micron Technology Inc.,0.846766538912,237838309.92,4525082.0,52.559999999999995,US5951121038,595112103
2020-02-29,VRRM,identifier,Verra Mobility Corp.,0.022649647636,6361793.56,420059.0,15.14500001190309,US92511U1025,92511U102
2020-02-29,PAYC,identifier,Paycom Software Inc.,0.204413329534,57415259.8,203132.0,282.65,US70432V1026,70432V102
2020-02-29,CRNC,identifier,Cerence Inc.,0.000122200665,34323.51,1581.0,21.71,US1567271093,156727109
2020-02-29,ONTO,identifier,Onto Innovation Inc.,0.022123988436,6214147.32,203276.0,30.57,US6833441057,683344105
2020-02-29,,,SMART Global Holdings Inc.,0.005353030788,1503549.96,56019.0,26.84,KYG8232Y1017,G8232Y101
2020-02-29,VIAV,identifier,Viavi Solutions Inc.,0.04384265237,12314447.8,933620.0,13.190000000000001,US9255501051,925550105
2020-02-29,MSFT,identifier,Microsoft Corp.,17.13100780212,4811727619.89,29700189.0,162.01000000000002,US5949181045,594918104
2020-02-29,,,Fitbit Inc.,0.021022452373,5904749.79,924061.0,6.39,US33812L1026,33812L102
2020-02-29,MCHP,identifier,Microchip Technology Inc.,0.315818926157,88706669.65,977915.0,90.71000000000001,US5950171042,595017104
2020-02-29,MA,identifier,Mastercard Inc.,3.818833476016,1072627292.25,3695529.0,290.25,US57636Q1040,57636Q104
2020-02-29,AKAM,identifier,Akamai Technologies Inc.,0.208834181049,58656980.87,678037.0,86.50999999999999,US00971T1016,00971T101
2020-02-29,WK,identifier,Workiva Inc.,0.019834325484,5571030.78,130347.0,42.74,US98139A1051,98139A105
2020-02-29,RAMP,identifier,LiveRamp Holdings Inc.,0.033149374552,9310938.56,262724.0,35.440000000000005,US53815P1084,53815P108
2020-02-29,RMBS,identifier,Rambus Inc.,0.022611277204,6351016.14,454293.0,13.979999999999999,US7509171069,750917106
2020-02-29,,,II-VI Inc.,0.036788429882,10333070.08,348032.0,29.69,US9021041085,902104108
2020-02-29,EGHT,identifier,8x8 Inc.,0.026760223693,7516365.0,406290.0,18.5,US2829141009,282914100
2020-02-29,,,SailPoint Technologies Holding Inc.,0.029543668902,8298174.24,327732.0,25.32,US78781P1057,78781P105
2020-02-29,PRGS,identifier,Progress Software Corp.,0.024250864491,6811540.56,182664.0,37.29,US7433121008,743312100
2020-02-29,,,Endurance International Group Holdings Inc.,0.003544810121,995660.09,266933.0,3.73,US29272B1052,29272B105
2020-02-29,P,identifier,Pure Storage Inc.,0.050535318214,14194272.12,930162.0,15.26,US74624M1027,74624M102
2020-02-29,BLKB,identifier,Blackbaud Inc.,0.048425113155,13601561.4,200613.0,67.8,US09227Q1004,09227Q100
2020-02-29,SNPS,identifier,Synopsys Inc.,0.302630747322,85002396.96,616272.0,137.92999999999998,US8716071076,871607107
2020-02-29,TWLO,identifier,Twilio Inc.,0.189490866265,53223864.32,472513.0,112.64,US90138F1021,90138F102
2020-02-29,,,Ceridian HCM Holding Inc.,0.043815200192,12306737.08,173996.0,70.73,US15677J1088,15677J108
2020-02-29,EEFT,identifier,Euronet Worldwide Inc.,0.099197286442,27862360.96,224624.0,124.04,US2987361092,298736109
2020-02-29,VYX,identifier,NCR Corp.,0.044047877938,12372091.2,490956.0,25.2,US62886E1082,62886E108
2020-02-29,CEVA,identifier,CEVA Inc.,0.008985193631,2523745.53,88833.0,28.409999999999997,US1572101053,157210105
2020-02-29,,,Sykes Enterprises Inc.,0.018096669375,5082960.96,160447.0,31.68,US8712371033,871237103
2020-02-29,ESTC,identifier,Elastic NV,0.028799478013,8089147.2,109520.0,73.86,NL0013056914,N14506104
2020-02-29,PAYX,identifier,Paychex Inc.,0.365555710473,102676650.96,1325202.0,77.47999999999999,US7043261079,704326107
2020-02-29,ALRM,identifier,Alarm.com Holdings Inc.,0.02555506811,7177863.0,148764.0,48.25,US0116421050,011642105
2020-02-29,DXC,identifier,DXC Technology Co.,0.091782518781,25779713.94,1069254.0,24.110000000000003,US23355L1061,23355L106
2020-02-29,BFH,identifier,Alliance Data Systems Corp.,0.053549973345,15041023.2,175140.0,85.88,US0185811082,018581108
2020-02-29,VMW,manual table,VMware Inc.,0.144015599807,40450850.72,335636.0,120.52,US9285634021,928563402
2020-02-29,PFPT,identifier,Proofpoint Inc.,0.086956664682,24424236.45,229013.0,106.64999999999999,US7434241037,743424103
2020-02-29,OKTA,identifier,Okta Inc.,0.199042255768,55906641.96,436566.0,128.06,US6792951054,679295105
2020-02-29,TDC,identifier,Teradata Corp.,0.033069099275,9288390.98,465817.0,19.94,US88076W1036,88076W103
2020-02-29,ENTG,identifier,Entegris Inc.,0.105172112458,29540559.68,554024.0,53.32,US29362U1043,29362U104
2020-02-29,BDC,identifier,Belden Inc.,0.026273244347,7379583.09,184813.0,39.93,US0774541066,077454106
2020-02-29,ATEN,identifier,A10 Networks Inc.,0.00521695703,1465329.8,218380.0,6.71,US0021211018,002121101
2020-02-29,,,Zuora Inc.,0.014890095794,4182304.16,315884.0,13.24,US98983V1061,98983V106
2020-02-29,CACI,identifier,CACI International Inc.,0.089033150827,25007476.26,102063.0,245.02,US1271903049,127190304
2020-02-29,,,Perficient Inc.,0.019520237343,5482810.25,133825.0,40.97,US71375U1016,71375U101
2020-02-29,MPWR,identifier,Monolithic Power Systems Inc.,0.094855876996,26642953.44,167946.0,158.64000000000001,US6098391054,609839105
2020-02-29,CLGX,identifier,CoreLogic Inc.,0.05280304102,14831226.15,326895.0,45.370000000000005,US21871D1037,21871D103
2020-02-29,CNDT,identifier,Conduent Inc.,0.008553370922,2402455.92,734696.0,3.27,US2067871036,206787103
2020-02-29,APPF,identifier,Appfolio Inc.,0.026409293504,7417796.34,60322.0,122.97,US03783C1009,03783C100
2020-02-29,LASR,identifier,nLight Inc.,0.006713606731,1885706.16,114216.0,16.509999999999998,US65487K1007,65487K100
2020-02-29,ADSK,identifier,Autodesk Inc.,0.611342388537,171712784.8,899585.0,190.88000000000002,US0527691069,052769106
2020-02-29,CTSH,identifier,Cognizant Technology Solutions Corp.,0.490673279873,137819455.83,2261931.0,60.93000000000001,US1924461023,192446102
2020-02-29,QCOM,identifier,QUALCOMM Inc.,1.387735889681,389784838.5,4978095.0,78.3,US7475251036,747525103
2020-02-29,EVTC,identifier,EVERTEC Inc.,0.026421154514,7421127.84,250038.0,29.68,PR30040P1032,30040P103
2020-02-29,,,CalAmp Corp.,0.004615148967,1296295.0,134750.0,9.62,US1281261099,128126109
2020-02-29,PLXS,identifier,Plexus Corp.,0.028051285355,7878996.15,118749.0,66.35000000000001,US7291321005,729132100
2020-02-29,NTCT,identifier,NetScout Systems Inc.,0.028323610635,7955486.4,309552.0,25.700000000000003,US64115T1043,64115T104
2020-02-29,CDW,identifier,CDW Corp.,0.240841082016,67647023.44,592252.0,114.22,US12514G1085,12514G108
2020-02-29,,,Mimecast Ltd.,0.028477265924,7998644.83,202037.0,39.59,GB00BYT5JK65,G14838109
2020-02-29,AOSL,identifier,Alpha & Omega Semiconductor Ltd.,0.003010812469,845671.76,78014.0,10.84,BMG6331P1041,G6331P104
2020-02-29,,,LivePerson Inc.,0.023979570868,6735340.08,254548.0,26.46,US5381461012,538146101
2020-02-29,AAOI,identifier,Applied Optoelectronics Inc.,0.002461615171,691414.18,77426.0,8.930000000000001,US03823U1025,03823U102
2020-02-29,LSCC,identifier,Lattice Semiconductor Corp.,0.032958597735,9257353.5,515730.0,17.95,US5184151042,518415104
2020-02-29,WEX,identifier,WEX Inc.,0.117961665172,33132866.96,176954.0,187.24,US96208T1043,96208T104
2020-02-29,PRSP,identifier,Perspecta Inc.,0.052987347916,14882993.95,596035.0,24.97,US7153471005,715347100
2020-02-29,VSAT,identifier,ViaSat Inc.,0.033271514444,9345245.0,162526.0,57.5,US92552V1008,92552V100
2020-02-29,AVT,identifier,Avnet Inc.,0.046804329958,13146318.64,428498.0,30.68,US0538071038,053807103
2020-02-29,,,2U Inc.,0.021532357345,6047971.01,257251.0,23.509999999999998,US90214J1016,90214J101
2020-02-29,TER,identifier,Teradyne Inc.,0.145576250901,40889203.68,695868.0,58.76,US8807701029,880770102
2020-02-29,TRMB,identifier,Trimble Inc.,0.145008235273,40729660.44,1031653.0,39.48,US8962391004,896239100
2020-02-29,AMBA,identifier,Ambarella Inc.,0.025475524395,7155520.9,120362.0,59.45,KYG037AX1015,G037AX101
2020-02-29,SMTC,identifier,Semtech Corp.,0.03910684319,10984261.97,278153.0,39.49,US8168501018,816850101
2020-02-29,HPE,identifier,Hewlett Packard Enterprise Co.,0.244465281728,68664982.34,5368646.0,12.790000000000001,US42824C1099,42824C109
2020-02-29,MRVL,manual table,Marvell Technology Group Ltd.,0.194810213848,54717953.4,2568918.0,21.3,BMG5876H1051,G5876H105
2020-02-29,PYPL,identifier,PayPal Holdings Inc.,1.759901126063,494317961.58,4577442.0,107.99,US70450Y1038,70450Y103
2020-02-29,,,Casa Systems Inc.,0.001372603502,385534.48,117541.0,3.28,US14713L1026,14713L102
2020-02-29,RBBN,identifier,Ribbon Communications Inc.,0.002542536814,714143.31,221097.0,3.2300000000000004,US7625441040,762544104
2020-02-29,,,Black Knight Inc.,0.145887466945,40976617.5,614250.0,66.71,US09215C1053,09215C105
2020-02-29,PEGA,identifier,Pegasystems Inc.,0.051989492288,14602718.0,161356.0,90.5,US7055731035,705573103
2020-02-29,MXIM,identifier,Maxim Integrated Products Inc.,0.220886711212,62042274.54,1115467.0,55.62,US57772K1016,57772K101
2020-02-29,POWI,identifier,Power Integrations Inc.,0.037067141452,10411354.1,119602.0,87.05,US7392761034,739276103
2020-02-29,SABR,identifier,Sabre Corp.,0.054151468176,15209970.02,1117148.0,13.615,US78573M1045,78573M104
2020-02-29,,,Mellanox Technologies Ltd.,0.08108943813,22776260.08,190724.0,119.41999999999999,IL0011017329,M51363113
2020-02-29,XYZ,identifier,Square Inc.,0.416751674839,117056484.22,1404734.0,83.33,US8522341036,852234103
2020-02-29,,,Cypress Semiconductor Corp.,0.123950532716,34815009.64,1507796.0,23.09,US2328061096,232806109
2020-02-29,PLAB,identifier,Photronics Inc.,0.012058241996,3386898.0,272040.0,12.45,US7194051022,719405102
2020-02-29,,,Tech Data Corp.,0.075386361058,21174389.73,148707.0,142.39000000000001,US8782371061,878237106
2020-02-29,ANSS,manual table,ANSYS Inc.,0.297941765228,83685363.84,345536.0,242.19,US03662Q1058,03662Q105
2020-02-29,,,Cree Inc.,0.069562206334,19538511.3,436810.0,44.730000000000004,US2254471012,225447101
2020-02-29,JNPR,manual table,Juniper Networks Inc.,0.10768846622,30247348.74,1425417.0,21.22,US48203R1041,48203R104
2020-02-29,NTNX,identifier,Nutanix Inc.,0.054588744244,15332791.36,643154.0,23.84,US67059N1081,67059N108
2020-02-29,JBL,identifier,Jabil Inc.,0.064020294995,17981908.9,561058.0,32.05,US4663131039,466313103
2020-02-29,WDAY,identifier,Workday Inc.,0.41446532407,116414298.0,671944.0,173.25,US98138H1014,98138H101
2020-02-29,XRX,identifier,Xerox Holdings Corp.,0.093378515794,26227994.8,814534.0,32.2,US98421M1062,98421M106
2020-02-29,NUAN,manual table,Nuance Communications Inc.,0.089779515896,25217113.98,1166379.0,21.62,US67020Y1001,67020Y100
2020-02-29,MXL,identifier,MaxLinear Inc.,0.015203711952,4270392.12,276222.0,15.46,US57776J1007,57776J100
2020-02-29,HPQ,identifier,HP Inc.,0.44974027422,126322264.53,6076107.0,20.79,US40434L1052,40434L105
2020-02-29,STX,"same company, other snapshot",Seagate Technology plc,0.169071745105,47488577.15,990377.0,47.949999999999996,IE00B58JVZ52,G7945M107
2020-02-29,ADP,identifier,Automatic Data Processing Inc.,0.979829036091,275212672.26,1778549.0,154.73999999999998,US0530151036,053015103
2020-02-29,PTC,identifier,PTC Inc.,0.120294916403,33788226.5,447230.0,75.55,US69370C1009,69370C100
2020-02-29,,,Verint Systems Inc.,0.052447965939,14731493.28,268431.0,54.879999999999995,US92343X1000,92343X100
2020-02-29,QLYS,identifier,Qualys Inc.,0.038856197553,10913861.06,136117.0,80.18,US74758T3032,74758T303
2020-02-29,EPAM,identifier,EPAM Systems Inc.,0.178470517634,50128488.0,224590.0,223.2,US29414B1044,29414B104
2020-02-29,AZPN,manual table,Aspen Technology Inc.,0.107157202635,30098128.35,282585.0,106.51,US0453271035,045327103
2020-02-29,,,Ebix Inc.,0.009410695238,2643259.68,99972.0,26.44,US2787152063,278715206
2020-02-29,SLAB,identifier,Silicon Laboratories Inc.,0.055561420885,15605995.08,175981.0,88.68,US8269191024,826919102
2020-02-29,YEXT,identifier,Yext Inc.,0.013588329956,3816666.44,251759.0,15.16,US98585N1063,98585N106
2020-02-29,,,New Relic Inc.,0.040591056649,11401145.26,202651.0,56.26,US64829B1008,64829B100
2020-02-29,,,Evo Payments Inc.,0.015090781174,4238672.32,167669.0,25.28,US26927E1047,26927E104
2020-02-29,ARLO,identifier,Arlo Technologies Inc.,0.003554702201,998438.56,304402.0,3.2800000000000002,US04206A1016,04206A101
2020-02-29,SNX,identifier,SYNNEX Corp.,0.079537966493,22340485.43,178681.0,125.03,US87162W1009,87162W100
2020-02-29,CMTL,identifier,Comtech Telecommunications Corp.,0.009742816353,2736545.28,97664.0,28.02,US2058262096,205826209
2020-02-29,PAYS,identifier,Paysign Inc.,0.003348531917,940529.81,117127.0,8.030000000000001,US70451A1043,70451A104
2020-02-29,UI,identifier,Ubiquiti Inc.,0.02709642743,7610797.32,56102.0,135.66,US90353W1036,90353W103
2020-02-29,PRO,identifier,PROS Holdings Inc.,0.024162493464,6786719.06,148214.0,45.79,US74346Y1038,74346Y103
2020-02-29,,,Smartsheet Inc.,0.059943937464,16836948.7,363649.0,46.3,US83200N1037,83200N103
2020-02-29,RPD,identifier,Rapid7 Inc.,0.027940726602,7847942.6,169502.0,46.3,US7534221046,753422104
2020-02-29,,,NeoPhotonics Corp.,0.003431418005,963810.71,145811.0,6.609999999999999,US64051T1007,64051T100
2020-02-29,TTMI,identifier,TTM Technologies Inc.,0.018803752123,5281565.13,406587.0,12.99,US87305R1095,87305R109
2020-02-29,SSNC,identifier,SS&C Technologies Holdings Inc.,0.185768473049,52178325.0,940150.0,55.5,US78467J1007,78467J100
2020-02-29,KBR,identifier,KBR Inc.,0.05337434252,14991692.32,577492.0,25.96,US48242W1062,48242W106
2020-02-29,,,Virtusa Corp.,0.018359440907,5156767.77,116907.0,44.11,US92827P1021,92827P102
2020-02-29,,,FireEye Inc.,0.041311239307,11603428.91,876723.0,13.235000005703055,US31816Q1013,31816Q101
2020-02-29,,,Plantronics Inc.,0.006682124693,1876863.54,136698.0,13.73,US7274931085,727493108
2020-02-29,CDNS,identifier,Cadence Design Systems Inc.,0.271170972827,76166030.32,1151588.0,66.14,US1273871087,127387108
2020-02-29,GEN,identifier,NortonLifeLock Inc.,0.171705825674,48228433.11,2534337.0,19.03,US6687711084,668771108
2020-02-29,AEIS,identifier,Advanced Energy Industries Inc.,0.0330792567,9291243.98,156221.0,59.475000032005944,US0079731008,007973100
2020-02-29,PCTY,identifier,Paylocity Holding Corp.,0.064940240534,18240301.6,140830.0,129.52,US70438V1061,70438V106
2020-02-29,SEDG,identifier,SolarEdge Technologies Inc.,0.078328802091,22000857.44,176402.0,124.72000000000001,US83417M1045,83417M104
2020-02-29,AAPL,identifier,Apple Inc.,18.00915670103,5058380552.4,18504465.0,273.35999999999996,US0378331005,037833100
2020-02-29,IPHI,identifier,Inphi Corp.,0.044388792543,12467846.7,166995.0,74.66,US45772F1075,45772F107
2020-02-29,SANM,identifier,Sanmina Corp.,0.026410438163,7418117.85,282165.0,26.29,US8010561020,801056102
2020-02-29,SYNA,identifier,Synaptics Inc.,0.031459070844,8836169.0,133780.0,66.05,US87157D1090,87157D109
2020-02-29,ITRI,identifier,Itron Inc.,0.039164712355,11000516.16,145049.0,75.84,US4657411066,465741106
2020-02-29,ACIW,identifier,ACI Worldwide Inc.,0.04724970676,13271415.3,476190.0,27.87,US0044981019,004498101
2020-02-29,NSIT,identifier,Insight Enterprises Inc.,0.028529571432,8013336.31,145459.0,55.089999999999996,US45765U1034,45765U103
2020-02-29,FIS,identifier,Fidelity National Information Services Inc.,1.249287010183,350897558.48,2511434.0,139.72,US31620M1062,31620M106
2020-02-29,TTEC,identifier,TTEC Holdings Inc.,0.008820784429,2477566.56,66192.0,37.43,US89854H1023,89854H102
2020-02-29,,,Avaya Holdings Corp.,0.020895038203,5868961.92,452852.0,12.959999999999999,US05351X1019,05351X101
2020-02-29,KE,identifier,Kimball Electronics Inc.,0.005036175682,1414552.25,104395.0,13.55,US49428J1097,49428J109
2020-02-29,MSTR,identifier,MicroStrategy Inc.,0.016178109481,4544079.2,33620.0,135.16,US5949724083,594972408
2020-02-29,ON,identifier,ON Semiconductor Corp.,0.111908676395,31432714.02,1684497.0,18.66,US6821891057,682189105
2020-02-29,CVLT,identifier,CommVault Systems Inc.,0.025992587201,7300752.6,175078.0,41.699999999999996,US2041661024,204166102
2020-02-29,FICO,identifier,Fair Isaac Corp.,0.15846828257,44510295.07,118369.0,376.03000000000003,US3032501047,303250104
2020-02-29,ANET,"same company, other snapshot",Arista Networks Inc.,0.151108674287,42443141.12,219776.0,193.11999999999998,US0404131064,040413106
2020-02-29,ZS,identifier,Zscaler Inc.,0.047511506554,13344949.17,256683.0,51.99,US98980G1022,98980G102
2020-02-29,,,SVMK Inc.,0.00705443329,1981436.93,108691.0,18.23,US78489X1037,78489X103
2020-02-29,DOCU,identifier,DocuSign Inc.,0.130913735556,36770821.92,426032.0,86.31,US2561631068,256163106
2020-02-29,ARW,identifier,Arrow Electronics Inc.,0.082373196949,23136840.02,345017.0,67.06,US0427351004,042735100
2020-02-29,GDDY,identifier,GoDaddy Inc.,0.180589034835,50723533.42,724829.0,69.98,US3802371076,380237107
2020-02-29,,,Intelligent Systems Corp.,0.00284439706,798929.29,21787.0,36.67,US45816D1000,45816D100
2020-02-29,PDFS,identifier,PDF Solutions Inc.,0.005813556716,1632901.68,111537.0,14.639999999999999,US6932821050,693282105
2020-02-29,PANW,identifier,Palo Alto Networks Inc.,0.258659561899,72651847.02,393521.0,184.61999999999998,US6974351057,697435105
2020-02-29,FLIR,identifier,FLIR Systems Inc.,0.084534997031,23744042.66,559078.0,42.47,US3024451011,302445101
2020-02-29,MTSC,identifier,MTS Systems Corp.,0.011169044298,3137141.7,78155.0,40.14,US5537771033,553777103
2020-02-29,ZEN,manual table,Zendesk Inc.,0.128110389127,35983422.86,453706.0,79.31,US98936J1016,98936J101
2020-02-29,,,Limelight Networks Inc.,0.008500037139,2387475.62,473236.0,5.045,US53261M1045,53261M104
2020-02-29,SCSC,identifier,ScanSource Inc.,0.010356649269,2908957.6,102320.0,28.43,US8060371072,806037107
2020-02-29,ZM,identifier,Zoom Video Communications Inc.,0.065202982124,18314100.0,174420.0,105.0,US98980L1017,98980L101
2020-02-29,NOVT,identifier,Novanta Inc.,0.045533335815,12789324.02,143362.0,89.21,CA67000B1040,67000B104
2020-02-29,GWRE,identifier,Guidewire Software Inc.,0.132453782992,37203387.76,339416.0,109.61,US40171V1008,40171V100
2020-02-29,,,Cabot Microelectronics Corp.,0.058709403246,16490194.88,118396.0,139.28,US12709P1030,12709P103
2020-02-29,,,National Instruments Corp.,0.073926620266,20764380.28,515501.0,40.28,US6365181022,636518102
2020-02-29,KN,identifier,Knowles Corp.,0.021863766941,6141056.76,369498.0,16.62,US49926D1090,49926D109
2020-02-29,PLUS,identifier,ePlus Inc.,0.014766656406,4147632.72,54747.0,75.76,US2942681071,294268107
2020-02-29,MMS,identifier,MAXIMUS Inc.,0.059226558049,16635452.42,263971.0,63.02,US5779331041,577933104
2020-02-29,FLEX,identifier,Flex Ltd.,0.083109509798,23343654.29,2101139.0,11.11,SG9999000020,Y2573F102
2020-02-29,UPLD,SEC company list,Upland Software Inc.,0.012076748163,3392095.98,87178.0,38.91,US91544A1097,91544A109
2020-02-29,LRCX,"same company, other snapshot",Lam Research Corp.,0.619161199077,173908918.68,592676.0,293.43,US5128071082,512807108
2020-02-29,VRNS,identifier,Varonis Systems Inc.,0.035418058023,9948162.42,124011.0,80.22,US9222801022,922280102
2020-02-29,,,AVX Corp.,0.01592088715,4471831.04,205696.0,21.74,US0024441075,002444107
2020-02-29,FISV,identifier,Fiserv Inc.,0.920772293107,258624917.2,2364895.0,109.36,US3377381088,337738108
2020-02-29,MANH,identifier,Manhattan Associates Inc.,0.0629508622,17681528.48,262493.0,67.36,US5627501092,562750109
2020-02-29,QTWO,identifier,Q2 Holdings Inc.,0.046959493623,13189900.74,175002.0,75.37,US74736L1098,74736L109
2020-02-29,UCTT,identifier,Ultra Clean Holdings Inc.,0.011965406331,3360822.48,160728.0,20.91,US90385V1070,90385V107
2020-02-29,,,Switch Inc.,0.011385074903,3197820.0,223000.0,14.34,US87105L1044,87105L104
2020-02-29,MDB,identifier,MongoDB Inc.,0.093081065572,26144447.5,171439.0,152.5,US60937P1066,60937P106
2020-02-29,MKSI,identifier,MKS Instruments Inc.,0.080253444087,22541447.53,224987.0,100.19000000000001,US55306N1046,55306N104
2020-02-29,ACN,identifier,Accenture plc,1.676575865532,470913707.6,2607640.0,180.59,IE00B4BNMY34,G1151C101
2020-02-29,INTU,identifier,Intuit Inc.,1.007925871928,283104462.55,1064903.0,265.85,US4612021034,461202103
2020-02-29,CIEN,identifier,Ciena Corp.,0.086688669214,24348962.35,633263.0,38.45,US1717793095,171779309
2020-02-29,CGNX,identifier,Cognex Corp.,0.110463627627,31026831.24,696606.0,44.54,US1924221039,192422103
2020-02-29,CTXS,manual table,Citrix Systems Inc.,0.197988955656,55610792.86,537874.0,103.39,US1773761002,177376100
2020-02-29,NTGR,identifier,NETGEAR Inc.,0.008506131203,2389187.31,126613.0,18.87,US64111Q1040,64111Q104
2020-02-29,PD,identifier,PagerDuty Inc.,0.004533744304,1273430.2,61817.0,20.599999999999998,US69553P1003,69553P100
2020-02-29,ACLS,identifier,Axcelis Technologies Inc.,0.011303931278,3175028.52,132348.0,23.99,US0545402085,054540208
2020-02-29,AZTA,identifier,Brooks Automation Inc.,0.0362378135,10178413.91,294941.0,34.51,US1143401024,114340102
2020-02-29,SPSC,identifier,SPS Commerce Inc.,0.027728094978,7788219.0,148065.0,52.6,US78463M1071,78463M107
2020-02-29,BR,identifier,Broadridge Financial Solutions Inc.,0.173857006386,48832653.0,467925.0,104.36,US11133T1034,11133T103
2020-02-29,ADBE,identifier,Adobe Inc.,2.441564670389,685782430.08,1987084.0,345.12,US00724F1012,00724F101
2020-02-29,IBM,identifier,International Business Machines Corp.,1.680652927104,472058865.55,3627037.0,130.15,US4592001014,459200101
2020-02-29,COUP,manual table,Coupa Software Inc.,0.127805444342,35897770.5,239718.0,149.75,US22266L1061,22266L106
2020-02-29,,,Instructure Inc.,0.022412934831,6295306.08,129108.0,48.76,US45781U1034,45781U103
2020-02-29,CTS,identifier,CTS Corp.,0.011653885778,3273323.13,125559.0,26.07,US1265011056,126501105
2020-02-29,IMXI,identifier,International Money Express Inc.,0.00307503467,863710.38,91689.0,9.42,US46005L1017,46005L101
2020-02-29,XPER,"same company, other snapshot",Xperi Corp.,0.012197766253,3426087.33,199307.0,17.19,US98421B1008,98421B100
2020-02-29,,,Bottomline Technologies DE Inc.,0.028263673065,7938651.24,179283.0,44.28,US1013881065,101388106
2020-02-29,FIVN,identifier,Five9 Inc.,0.064416718097,18093255.53,247751.0,73.03,US3383071012,338307101
2020-02-29,DBX,identifier,Dropbox Inc.,0.067970446744,19091420.64,976044.0,19.560000000000002,US26210C1045,26210C104
2020-02-29,AMKR,identifier,Amkor Technology Inc.,0.016261173012,4567409.94,437701.0,10.435000011423325,US0316521006,031652100
2020-02-29,,,TiVo Corp.,0.013772645042,3868436.54,511022.0,7.57,US88870P1066,88870P106
2020-02-29,DAKT,identifier,Daktronics Inc.,0.002724321515,765202.68,155529.0,4.92,US2342641097,234264109
2020-02-29,QRVO,identifier,Qorvo Inc.,0.172711627449,48510940.96,482312.0,100.58,US74736K1016,74736K101
2020-02-29,OSIS,identifier,OSI Systems Inc.,0.020318783417,5707104.48,70224.0,81.27000000000001,US6710441055,671044105
2020-02-29,AMD,identifier,Advanced Micro Devices Inc.,0.684462702035,192250691.04,4227148.0,45.48,US0079031078,007903107
2020-02-29,,,LogMeIn Inc.,0.061241339026,17201360.59,201811.0,85.23500002477566,US54142L1098,54142L109
2020-02-29,VISN,identifier,CommScope Holding Co. Inc.,0.031114222543,8739308.61,793761.0,11.01,US20337X1090,20337X109
2020-02-29,,,Benefitfocus Inc.,0.004716552188,1324776.96,106152.0,12.48,US08180D1063,08180D106
2020-02-29,CRM,identifier,salesforce.com Inc.,2.069323307787,581227924.8,3410962.0,170.39999999999998,US79466L3024,79466L302
2020-02-29,QADA,identifier,QAD Inc.,0.007532351094,2115673.65,43133.0,49.05,US74727D3061,74727D306
2020-02-29,DELL,identifier,Dell Technologies Inc.,0.093184475428,26173493.08,646898.0,40.459999999999994,US24703L2025,24703L202
2020-02-29,CDK,identifier,CDK Global Inc.,0.081631283132,22928452.56,498228.0,46.019999999999996,US12508E1010,12508E101
2020-02-29,HCKT,identifier,Hackett Group Inc.,0.005693177586,1599089.8,103837.0,15.4,US4046091090,404609109
2020-02-29,FN,identifier,Fabrinet,0.029540445014,8297268.72,150531.0,55.12,KYG3323L1005,G3323L100
2020-02-29,TTD,identifier,Trade Desk Inc.,0.155037011033,43546525.5,151598.0,287.25,US88339J1051,88339J105
2020-02-29,OLED,identifier,Universal Display Corp.,0.097886999012,27494329.71,173149.0,158.79,US91347P1057,91347P105
2020-02-29,,,Alteryx Inc.,0.10104070994,28380138.54,203267.0,139.62,US02156B1035,02156B103
2020-02-29,TCX,identifier,Tucows Inc.,0.00714023922,2005537.95,39255.0,51.089999999999996,US8986972060,898697206
2020-02-29,,,Envestnet Inc.,0.057243744338,16078523.16,213017.0,75.48,US29404K1060,29404K106
2020-02-29,COHU,identifier,Cohu Inc.,0.012255038254,3442173.79,168157.0,20.47,US1925761066,192576106
2020-02-29,OSPN,identifier,OneSpan Inc.,0.007736142126,2172914.12,131612.0,16.51,US68287N1000,68287N100
2020-02-29,AVGO,identifier,Broadcom Inc.,1.581945405628,444334068.92,1629866.0,272.62,US11135F1012,11135F101
2020-02-29,TENB,identifier,Tenable Holdings Inc.,0.010412771378,2924721.08,119279.0,24.52,US88025T1025,88025T102
2020-02-29,VRSN,identifier,VeriSign Inc.,0.295630280366,83036118.0,437608.0,189.75,US92343E1029,92343E102
2020-02-29,FSLR,identifier,First Solar Inc.,0.05256901575,14765493.54,322602.0,45.769999999999996,US3364331070,336433107
2020-02-29,ADTN,"same company, other snapshot",ADTRAN Inc.,0.005531430108,1553658.45,193121.0,8.045000025890504,US00738A1060,00738A106
2020-02-29,APH,identifier,Amphenol Corp.,0.398089119654,111814578.24,1219618.0,91.67999999999999,US0320951017,032095101
2020-02-29,KLAC,identifier,KLA Corp.,0.357112004714,100304997.6,652560.0,153.70999999999998,US4824801009,482480100
2020-02-29,ENPH,identifier,Enphase Energy Inc.,0.06085686523,17093370.26,349058.0,48.970000000000006,US29355A1079,29355A107
2020-02-29,VPG,identifier,Vishay Precision Group Inc.,0.004210404111,1182610.97,43051.0,27.47,US92835K1034,92835K103
2020-02-29,ALTR,manual table,Altair Engineering Inc.,0.018172854126,5104359.6,146677.0,34.8,US0213691035,021369103
2020-02-29,FTNT,identifier,Fortinet Inc.,0.216987853572,60947170.2,597170.0,102.06,US34959E1091,34959E109
2020-02-29,FFIV,identifier,F5 Networks Inc.,0.10546851105,29623811.6,246968.0,119.95,US3156161024,315616102
2020-02-29,PI,identifier,Impinj Inc.,0.007391956995,2076240.0,67520.0,30.75,US4532041096,453204109
2020-02-29,VSH,identifier,Vishay Intertechnology Inc.,0.035919162598,10088911.8,539514.0,18.700000000000003,US9282981086,928298108
2020-02-29,,,Model N Inc.,0.010388048638,2917777.0,100613.0,29.0,US6075251024,607525102
2020-02-29,MTSI,identifier,MACOM Technology Solutions Holdings Inc.,0.016923393761,4753413.35,188105.0,25.27,US55405Y1001,55405Y100
2020-02-29,,,Pluralsight Inc.,0.019728844732,5541403.53,310791.0,17.830000000000002,US72941B1061,72941B106
2020-02-29,JKHY,identifier,Jack Henry & Associates Inc.,0.170950043678,48016150.38,316437.0,151.74,US4262811015,426281101
2020-02-29,BL,identifier,Blackline Inc.,0.035259999829,9903767.31,158283.0,62.57,US09239B1098,09239B109
2020-02-29,RNG,identifier,RingCentral Inc.,0.24654190975,69248262.0,293736.0,235.75,US76680R2067,76680R206
2020-02-29,,,FARO Technologies Inc.,0.014288690895,4013382.6,70115.0,57.24,US3116421021,311642102
2020-02-29,MSI,identifier,Motorola Solutions Inc.,0.400255233064,112422992.4,678555.0,165.68,US6200763075,620076307
2020-02-29,DDD,identifier,3D Systems Corp.,0.01576923611,4429235.56,483541.0,9.159999999999998,US88554D2053,88554D205
2020-02-29,DBD,"same company, other snapshot",Diebold Nixdorf Inc.,0.00742088184,2084364.36,296918.0,7.0200000000000005,US2536511031,253651103
2020-02-29,BOX,identifier,Box Inc.,0.034182782914,9601200.5,573206.0,16.75,US10316T1043,10316T104
2020-02-29,CSOD,identifier,Cornerstone OnDemand Inc.,0.030701551156,8623398.19,210173.0,41.029999999999994,US21925Y1038,21925Y103
2020-02-29,NTAP,identifier,NetApp Inc.,0.161720433656,45423753.6,972255.0,46.72,US64110D1046,64110D104
2020-02-29,SWKS,identifier,Skyworks Solutions Inc.,0.251510854703,70643930.6,705170.0,100.17999999999999,US83088M1027,83088M102
2020-02-29,VECO,identifier,Veeco Instruments Inc.,0.009505967404,2670019.56,199404.0,13.39,US9224171002,922417100
2020-02-29,CALX,identifier,Calix Inc.,0.006464095927,1815624.0,201736.0,9.0,US13100M5094,13100M509
2020-02-29,,,CSG Systems International Inc.,0.021160352723,5943483.0,134316.0,44.25,US1263491094,126349109
2020-02-29,ORCL,identifier,Oracle Corp.,1.68364412969,472899029.32,9561242.0,49.46,US68389X1054,68389X105
2020-02-29,MEI,identifier,Methode Electronics Inc.,0.01638652248,4602617.88,150118.0,30.66,US5915202007,591520200
2020-02-29,,,American Software Inc.,0.00706397415,1984116.75,120615.0,16.45,US0296831094,029683109
2020-02-29,CNXN,identifier,PC Connection Inc.,0.006996534433,1965174.4,48320.0,40.669999999999995,US69318J1007,69318J100
2020-02-29,ROG,identifier,Rogers Corp.,0.031319533522,8796976.0,75836.0,116.0,US7751331015,775133101
2020-02-29,,,GTT Communications Inc.,0.006843443196,1922174.4,126960.0,15.139999999999999,US3623931009,362393100
2020-05-31,PAYX,identifier,Paychex Inc,0.309572930404,104700326.64,1448538.0,72.28,US7043261079,704326107
2020-05-31,PRGS,identifier,Progress Software Corp,0.025045308636,8470546.8,209667.0,40.400000000000006,US7433121008,743312100
2020-05-31,CATM,identifier,Cardtronics PLC,0.010660556509,3605495.31,149049.0,24.19,GB00BYT18414,G1991C105
2020-05-31,,,Verint Systems Inc,0.041763570413,14124812.07,304611.0,46.37,US92343X1000,92343X100
2020-05-31,SYNA,identifier,Synaptics Inc,0.027909076032,9439098.48,148134.0,63.720000000000006,US87157D1090,87157D109
2020-05-31,,,Bottomline Technologies DE Inc,0.030688943335,10379274.4,205124.0,50.6,US1013881065,101388106
2020-05-31,ANET,"same company, other snapshot",Arista Networks Inc,0.165704598447,56042773.38,240053.0,233.46,US0404131064,040413106
2020-05-31,,,KEMET Corp,0.019304201729,6528853.23,241541.0,27.03,US4883602074,488360207
2020-05-31,BLKB,identifier,Blackbaud Inc,0.038473105519,13011947.49,222009.0,58.61,US09227Q1004,09227Q100
2020-05-31,CTS,identifier,CTS Corp,0.009425443877,3187769.2,149380.0,21.34,US1265011056,126501105
2020-05-31,ACLS,identifier,Axcelis Technologies Inc,0.012124733708,4100693.1,152726.0,26.85,US0545402085,054540208
2020-05-31,,,NeoPhotonics Corp,0.004521072972,1529067.21,176363.0,8.67,US64051T1007,64051T100
2020-05-31,CSCO,identifier,Cisco Systems Inc,2.681085686217,906767095.98,18962089.0,47.82,US17275R1023,17275R102
2020-05-31,BHE,identifier,Benchmark Electronics Inc,0.011234476261,3799600.09,179311.0,21.189999999999998,US08160H1014,08160H101
2020-05-31,CRM,identifier,salesforce.com Inc,1.923365406181,650499337.95,3721605.0,174.79000000000002,US79466L3024,79466L302
2020-05-31,MSFT,identifier,Microsoft Corp,17.55576742524,5937517151.25,32401185.0,183.25,US5949181045,594918104
2020-05-31,MXIM,identifier,Maxim Integrated Products Inc,0.204608689672,69200484.08,1199731.0,57.68,US57772K1016,57772K101
2020-05-31,,,Ceridian HCM Holding Inc,0.091931694215,31092119.07,451461.0,68.87,US15677J1088,15677J108
2020-05-31,AMKR,identifier,Amkor Technology Inc,0.016244313751,5493971.82,519279.0,10.58,US0316521006,031652100
2020-05-31,KE,identifier,Kimball Electronics Inc,0.005497535951,1859315.7,131030.0,14.19,US49428J1097,49428J109
2020-05-31,CIEN,identifier,Ciena Corp,0.112221570774,37954336.32,686832.0,55.26,US1717793095,171779309
2020-05-31,BL,identifier,Blackline Inc,0.037963398709,12839560.1,172807.0,74.3,US09239B1098,09239B109
2020-05-31,PYPL,identifier,PayPal Holdings Inc,2.285650621342,773027429.52,4986952.0,155.01,US70450Y1038,70450Y103
2020-05-31,,,FARO Technologies Inc,0.013883087742,4695384.12,83429.0,56.28,US3116421021,311642102
2020-05-31,BR,identifier,Broadridge Financial Solutions Inc,0.183652866368,62113037.7,512907.0,121.10000000000001,US11133T1034,11133T103
2020-05-31,,,Exela Technologies Inc,0.000666352559,225366.38,693862.0,0.32480000345890103,US30162V1026,30162V102
2020-05-31,YEXT,identifier,Yext Inc,0.009337003543,3157857.89,199991.0,15.790000000000001,US98585N1063,98585N106
2020-05-31,DOCU,identifier,DocuSign Inc,0.194083906843,65640908.64,469736.0,139.74,US2561631068,256163106
2020-05-31,CACI,identifier,CACI International Inc,0.082217633793,27806737.18,110881.0,250.78,US1271903049,127190304
2020-05-31,ADTN,"same company, other snapshot",ADTRAN Inc,0.004852051794,1641007.2,143948.0,11.4,US00738A1060,00738A106
2020-05-31,NSIT,identifier,Insight Enterprises Inc,0.024119149032,8157311.36,159136.0,51.260000000000005,US45765U1034,45765U103
2020-05-31,AMD,identifier,Advanced Micro Devices Inc,0.7510832297,254023048.4,4721618.0,53.800000000000004,US0079031078,007903107
2020-05-31,FLIR,identifier,FLIR Systems Inc,0.082389693773,27864929.4,603137.0,46.199999999999996,US3024451011,302445101
2020-05-31,DDD,identifier,3D Systems Corp,0.01229489285,4158242.44,564212.0,7.37,US88554D2053,88554D205
2020-05-31,,,Smartsheet Inc,0.069538990036,23518706.76,407886.0,57.660000000000004,US83200N1037,83200N103
2020-05-31,P,identifier,Pure Storage Inc,0.054666152734,18488580.51,1049891.0,17.610000000000003,US74624M1027,74624M102
2020-05-31,CASS,identifier,Cass Information Systems Inc,0.008100707205,2739731.44,67916.0,40.339999999999996,US14808P1093,14808P109
2020-05-31,JKHY,identifier,Jack Henry & Associates Inc,0.182567525451,61745965.72,341402.0,180.85999999999999,US4262811015,426281101
2020-05-31,STX,"same company, other snapshot",Seagate Technology PLC,0.16382748764,55407917.76,1044644.0,53.04,IE00B58JVZ52,G7945M107
2020-05-31,DBX,identifier,Dropbox Inc,0.071928799532,24326961.65,1077845.0,22.57,US26210C1045,26210C104
2020-05-31,,,American Software Inc/GA,0.008117544165,2745425.85,141153.0,19.45,US0296831094,029683109
2020-05-31,LITE,identifier,Lumentum Holdings Inc,0.074566987987,25219220.52,343961.0,73.32,US55024U1097,55024U109
2020-05-31,HLIT,identifier,Harmonic Inc,0.007347227256,2484897.8,461020.0,5.39,US4131601027,413160102
2020-05-31,PCTY,identifier,Paylocity Holding Corp,0.060479559952,20454726.69,157338.0,130.005,US70438V1061,70438V106
2020-05-31,PANW,identifier,Palo Alto Networks Inc,0.303783852941,102742409.0,436700.0,235.27,US6974351057,697435105
2020-05-31,MSTR,identifier,MicroStrategy Inc,0.013586070502,4594930.24,36913.0,124.48,US5949724083,594972408
2020-05-31,,,Virtusa Corp,0.009759422531,3300723.76,109768.0,30.069999999999997,US92827P1021,92827P102
2020-05-31,SPLK,manual table,Splunk Inc,0.378723358365,128087618.24,689236.0,185.84,US8486371045,848637104
2020-05-31,CNDT,identifier,Conduent Inc,0.004281202481,1447940.87,605833.0,2.39,US2067871036,206787103
2020-05-31,RNG,identifier,RingCentral Inc,0.271797124203,91924212.0,335184.0,274.25,US76680R2067,76680R206
2020-05-31,FIVN,identifier,Five9 Inc,0.083268762248,28162238.2,270271.0,104.2,US3383071012,338307101
2020-05-31,NVDA,identifier,NVIDIA Corp,2.728823578911,922912477.14,2599607.0,355.02,US67066G1040,67066G104
2020-05-31,KLAC,identifier,KLA Corp,0.364992910239,123443858.2,701545.0,175.96,US4824801009,482480100
2020-05-31,PAYS,identifier,Paysign Inc,0.001331373871,450282.52,62366.0,7.220000000000001,US70451A1043,70451A104
2020-05-31,JBL,identifier,Jabil Inc,0.058567961024,19808206.88,662039.0,29.919999999999998,US4663131039,466313103
2020-05-31,CSOD,identifier,Cornerstone OnDemand Inc,0.028719895183,9713324.75,251315.0,38.65,US21925Y1038,21925Y103
2020-05-31,SANM,identifier,Sanmina Corp,0.025816684091,8731432.86,328126.0,26.61,US8010561020,801056102
2020-05-31,PRO,identifier,PROS Holdings Inc,0.021101774865,7136808.5,183230.0,38.95,US74346Y1038,74346Y103
2020-05-31,IPGP,identifier,IPG Photonics Corp,0.076953594108,26026392.0,167480.0,155.4,US44980X1090,44980X109
2020-05-31,,,Sykes Enterprises Inc,0.015249641348,5157564.74,189199.0,27.26,US8712371033,871237103
2020-05-31,TENB,identifier,Tenable Holdings Inc,0.013905352294,4702914.19,150397.0,31.270000000000003,US88025T1025,88025T102
2020-05-31,QTWO,identifier,Q2 Holdings Inc,0.047646689068,16114535.28,195044.0,82.61999999999999,US74736L1098,74736L109
2020-05-31,EPAM,identifier,EPAM Systems Inc,0.166310103647,56247560.64,243876.0,230.64000000000001,US29414B1044,29414B104
2020-05-31,SLAB,identifier,Silicon Laboratories Inc,0.053547072524,18110097.6,193360.0,93.66000000000001,US8269191024,826919102
2020-05-31,,,Ebix Inc,0.003942651239,1333439.82,59502.0,22.41,US2787152063,278715206
2020-05-31,PD,identifier,PagerDuty Inc,0.003699317563,1251142.2,47124.0,26.55,US69553P1003,69553P100
2020-05-31,MOBL,identifier,MobileIron Inc,0.004976787001,1683193.76,372388.0,4.5200000000000005,US60739U2042,60739U204
2020-05-31,QADA,identifier,QAD Inc,0.006869494263,2323324.24,50872.0,45.67,US74727D3061,74727D306
2020-05-31,SWKS,identifier,Skyworks Solutions Inc,0.266392170553,90096208.46,760049.0,118.53999999999999,US83088M1027,83088M102
2020-05-31,SABR,identifier,Sabre Corp,0.022236124749,7520455.75,1078975.0,6.97,US78573M1045,78573M104
2020-05-31,UI,identifier,Ubiquiti Inc,0.021019023026,7108821.09,38549.0,184.41,US90353W1036,90353W103
2020-05-31,GPN,identifier,Global Payments Inc,0.711318895288,240574395.78,1340322.0,179.49,US37940X1028,37940X102
2020-05-31,SAIC,identifier,Science Applications International Corp,0.061239289853,20711674.12,235253.0,88.04,US8086251076,808625107
2020-05-31,DXC,identifier,DXC Technology Co,0.050265225647,17000147.71,1196351.0,14.21,US23355L1061,23355L106
2020-05-31,ACIA,identifier,Acacia Communications Inc,0.029930331175,10122705.0,149966.0,67.5,US00401C1080,00401C108
2020-05-31,DBD,"same company, other snapshot",Diebold Nixdorf Inc,0.005151975077,1742443.93,363767.0,4.79,US2536511031,253651103
2020-05-31,TTMI,identifier,TTM Technologies Inc,0.0163313666,5523413.87,477391.0,11.57,US87305R1095,87305R109
2020-05-31,FORM,identifier,FormFactor Inc,0.024611100781,8323693.83,330699.0,25.17,US3463751087,346375108
2020-05-31,,,Avaya Holdings Corp,0.020231949493,6842625.8,468673.0,14.6,US05351X1019,05351X101
2020-05-31,,,Perficient Inc,0.01546454183,5230246.0,153650.0,34.04,US71375U1016,71375U101
2020-05-31,VYX,identifier,NCR Corp,0.03101940372,10491039.05,581221.0,18.05,US62886E1082,62886E108
2020-05-31,FLEX,identifier,Flex Ltd,0.066240894888,22403261.56,2307236.0,9.709999999999999,SG9999000020,Y2573F102
2020-05-31,PEGA,identifier,Pegasystems Inc,0.05041677023,17051401.44,179262.0,95.12,US7055731035,705573103
2020-05-31,RBBN,identifier,Ribbon Communications Inc,0.001848211451,625081.6,142064.0,4.3999999999999995,US7625441040,762544104
2020-05-31,XLNX,manual table,Xilinx Inc,0.304438093668,102963679.05,1119779.0,91.95,US9839191015,983919101
2020-05-31,GEN,identifier,NortonLifeLock Inc,0.185611555508,62775483.84,2755728.0,22.78,US6687711084,668771108
2020-05-31,,,TiVo Corp,0.008406499257,2843153.04,466856.0,6.09,US88870P1066,88870P106
2020-05-31,OLED,identifier,Universal Display Corp,0.08245100558,27885665.6,190216.0,146.6,US91347P1057,91347P105
2020-05-31,SNPS,identifier,Synopsys Inc,0.356992557779,120738067.63,667393.0,180.91,US8716071076,871607107
2020-05-31,,,FireEye Inc,0.036958939988,12499843.2,1001590.0,12.479999999999999,US31816Q1013,31816Q101
2020-05-31,POWI,identifier,Power Integrations Inc,0.041822253164,14144659.1,130546.0,108.35,US7392761034,739276103
2020-05-31,CDK,identifier,CDK Global Inc,0.064192978089,21710637.83,552293.0,39.309999999999995,US12508E1010,12508E101
2020-05-31,FSLR,identifier,First Solar Inc,0.049569316711,16764785.1,359605.0,46.62,US3364331070,336433107
2020-05-31,CDNS,identifier,Cadence Design Systems Inc,0.337186997837,114039650.58,1249202.0,91.28999999999999,US1273871087,127387108
2020-05-31,,,Benefitfocus Inc,0.000900975673,304718.01,23937.0,12.73,US08180D1063,08180D106
2020-05-31,,,Anaplan Inc,0.060984822172,20625610.88,449164.0,45.919999999999995,US03272L1089,03272L108
2020-05-31,NTNX,identifier,Nutanix Inc,0.057039121101,19291139.58,801793.0,24.06,US67059N1081,67059N108
2020-05-31,RP,identifier,RealPage Inc,0.071674544765,24240970.42,357431.0,67.82000000000001,US75606N1090,75606N109
2020-05-31,ACIW,identifier,ACI Worldwide Inc,0.043044704362,14558103.0,527850.0,27.58,US0044981019,004498101
2020-05-31,ZBRA,identifier,Zebra Technologies Corp,0.184581163644,62426996.12,238891.0,261.32,US9892071054,989207105
2020-05-31,LRCX,"same company, other snapshot",Lam Research Corp,0.522686202909,176777136.5,645950.0,273.67,US5128071082,512807108
2020-05-31,MTSI,identifier,MACOM Technology Solutions Holdings Inc,0.02008796364,6793928.5,213982.0,31.75,US55405Y1001,55405Y100
2020-05-31,TTD,identifier,Trade Desk Inc/The,0.156826065691,53039974.4,170240.0,311.56,US88339J1051,88339J105
2020-05-31,AMBA,identifier,Ambarella Inc,0.022841190132,7725094.26,136149.0,56.739999999999995,KYG037AX1015,G037AX101
2020-05-31,,,NIC Inc,0.021557319443,7290877.74,303029.0,24.060000000000002,US62914B1008,62914B100
2020-05-31,HUCK,identifier,Domo Inc,0.001848490923,625176.12,24691.0,25.32,US2575541055,257554105
2020-05-31,,,Evo Payments Inc,0.009540635043,3226727.88,145742.0,22.14,US26927E1047,26927E104
2020-05-31,TCX,identifier,Tucows Inc,0.008744909846,2957606.52,49236.0,60.07,US8986972060,898697206
2020-05-31,ITRI,identifier,Itron Inc,0.029872034664,10102988.6,156830.0,64.42,US4657411066,465741106
2020-05-31,OSIS,identifier,OSI Systems Inc,0.017738270413,5999241.29,79177.0,75.77,US6710441055,671044105
2020-05-31,,,Everbridge Inc,0.061474284838,20791151.52,142152.0,146.26,US29978A1043,29978A104
2020-05-31,APPN,identifier,Appian Corp,0.020590446365,6963872.64,122259.0,56.959999999999994,US03782L1017,03782L101
2020-05-31,MMS,identifier,MAXIMUS Inc,0.060272250606,20384612.82,283041.0,72.02,US5779331041,577933104
2020-05-31,CNXN,identifier,PC Connection Inc,0.007141523516,2415326.96,55807.0,43.28,US69318J1007,69318J100
2020-05-31,ON,identifier,ON Semiconductor Corp,0.090648872937,30658257.47,1859203.0,16.49,US6821891057,682189105
2020-05-31,,,GreenSky Inc,0.001493553449,505133.1,125655.0,4.02,US39572G1004,39572G100
2020-05-31,GWRE,identifier,Guidewire Software Inc,0.111435884047,37688610.06,367407.0,102.58000000000001,US40171V1008,40171V100
2020-05-31,IMXI,identifier,International Money Express Inc,0.004881151765,1650849.07,149669.0,11.030000000000001,US46005L1017,46005L101
2020-05-31,XYZ,identifier,Square Inc,0.372823432377,126092210.64,1555158.0,81.08,US8522341036,852234103
2020-05-31,CGNX,identifier,Cognex Corp,0.127476418904,43113662.04,759846.0,56.74,US1924221039,192422103
2020-05-31,CTSH,identifier,Cognizant Technology Solutions Corp,0.383183810672,129596183.0,2445211.0,53.0,US1924461023,192446102
2020-05-31,COUP,manual table,Coupa Software Inc,0.190739433646,64509777.97,283547.0,227.51,US22266L1061,22266L106
2020-05-31,EXLS,identifier,ExlService Holdings Inc,0.027599024098,9334236.15,152595.0,61.17,US3020811044,302081104
2020-05-31,KBR,identifier,KBR Inc,0.045227422513,15296317.75,652295.0,23.45,US48242W1062,48242W106
2020-05-31,PLUS,identifier,ePlus Inc,0.014159269576,4788791.28,64968.0,73.71000000000001,US2942681071,294268107
2020-05-31,INTU,identifier,Intuit Inc,0.99605546666,336874844.24,1160357.0,290.32,US4612021034,461202103
2020-05-31,DELL,identifier,Dell Technologies Inc,0.106585805293,36048270.16,726194.0,49.63999999999999,US24703L2025,24703L202
2020-05-31,NVEC,identifier,NVE Corp,0.003040022061,1028162.58,16986.0,60.529999999999994,US6294452064,629445206
2020-05-31,PFPT,identifier,Proofpoint Inc,0.086278177725,29180049.36,250968.0,116.27,US7434241037,743424103
2020-05-31,ALTR,manual table,Altair Engineering Inc,0.016509021465,5583498.33,142837.0,39.09,US0213691035,021369103
2020-05-31,PLAB,identifier,Photronics Inc,0.011391156753,3852590.83,321317.0,11.99,US7194051022,719405102
2020-05-31,PRSP,identifier,Perspecta Inc,0.043652247237,14763579.42,665926.0,22.169999999999998,US7153471005,715347100
2020-05-31,RPD,identifier,Rapid7 Inc,0.028491912581,9636219.0,197100.0,48.89,US7534221046,753422104
2020-05-31,,,ManTech International Corp/VA,0.027235405569,9211257.12,118488.0,77.74,US5645631046,564563104
2020-05-31,FIS,identifier,Fidelity National Information Services Inc,1.125441972527,380634514.73,2741731.0,138.83,US31620M1062,31620M106
2020-05-31,,,Pluralsight Inc,0.018290992174,6186176.72,296984.0,20.83,US72941B1061,72941B106
2020-05-31,VSH,identifier,Vishay Intertechnology Inc,0.030198235108,10213312.5,628125.0,16.26,US9282981086,928298108
2020-05-31,AOSL,identifier,Alpha & Omega Semiconductor Ltd,0.000551741094,186603.76,17738.0,10.520000000000001,BMG6331P1041,G6331P104
2020-05-31,,,Fitbit Inc,0.019779584666,6689631.98,1055147.0,6.340000000000001,US33812L1026,33812L102
2020-05-31,OSPN,identifier,OneSpan Inc,0.009345271184,3160654.08,155544.0,20.32,US68287N1000,68287N100
2020-05-31,FTNT,identifier,Fortinet Inc,0.265567826655,89817408.0,645240.0,139.2,US34959E1091,34959E109
2020-05-31,WK,identifier,Workiva Inc,0.020642731444,6981555.92,156748.0,44.54,US98139A1051,98139A105
2020-05-31,SCSC,identifier,ScanSource Inc,0.004286669161,1449789.75,58815.0,24.65,US8060371072,806037107
2020-05-31,VPG,identifier,Vishay Precision Group Inc,0.001429733547,483548.64,20472.0,23.62,US92835K1034,92835K103
2020-05-31,MDB,identifier,MongoDB Inc,0.144775994827,48964532.94,210954.0,232.10999999999999,US60937P1066,60937P106
2020-05-31,ZEN,manual table,Zendesk Inc,0.127543295348,43136280.25,503047.0,85.75,US98936J1016,98936J101
2020-05-31,ARLO,identifier,Arlo Technologies Inc,0.002957414305,1000223.9,452590.0,2.21,US04206A1016,04206A101
2020-05-31,ALRM,identifier,Alarm.com Holdings Inc,0.026707658402,9032768.32,191008.0,47.29,US0116421050,011642105
2020-05-31,ZM,identifier,Zoom Video Communications Inc,0.100977390954,34151454.4,190280.0,179.48,US98980L1017,98980L101
2020-05-31,HCKT,identifier,Hackett Group Inc/The,0.005536445185,1872475.15,135785.0,13.79,US4046091090,404609109
2020-05-31,UPLD,SEC company list,Upland Software Inc,0.011833216116,4002099.25,115835.0,34.55,US91544A1097,91544A109
2020-05-31,,,Casa Systems Inc,0.000116721492,39476.25,9075.0,4.35,US14713L1026,14713L102
2020-05-31,MXL,identifier,MaxLinear Inc,0.012896709501,4361782.2,251835.0,17.32,US57776J1007,57776J100
2020-05-31,COHU,identifier,Cohu Inc,0.009470139032,3202885.5,212675.0,15.06,US1925761066,192576106
2020-05-31,BDC,identifier,Belden Inc,0.021935292619,7418711.64,217941.0,34.04,US0774541066,077454106
2020-05-31,KEYS,identifier,Keysight Technologies Inc,0.265648452411,89844676.35,830895.0,108.13,US49338L1035,49338L103
2020-05-31,,,LivePerson Inc,0.032967643284,11149951.05,297729.0,37.45,US5381461012,538146101
2020-05-31,EGHT,identifier,8x8 Inc,0.020039993823,6777704.68,466142.0,14.54,US2829141009,282914100
2020-05-31,TDC,identifier,Teradata Corp,0.033198804809,11228131.94,524434.0,21.41,US88076W1036,88076W103
2020-05-31,CLDR,identifier,Cloudera Inc,0.031516100258,10659026.25,1039905.0,10.25,US18914U1007,18914U100
2020-05-31,,,Switch Inc,0.014684647528,4966478.79,259889.0,19.11,US87105L1044,87105L104
2020-05-31,VSAT,identifier,ViaSat Inc,0.018859514375,6378456.0,151868.0,42.0,US92552V1008,92552V100
2020-05-31,ADBE,identifier,Adobe Inc,2.474341629155,836844411.6,2164626.0,386.6,US00724F1012,00724F101
2020-05-31,SPSC,identifier,SPS Commerce Inc,0.03131166044,10589882.88,155368.0,68.16000000000001,US78463M1071,78463M107
2020-05-31,TXN,identifier,Texas Instruments Inc,1.469619768495,497038515.6,4185940.0,118.74000000000001,US8825081040,882508104
2020-05-31,,,SVMK Inc,0.008677914954,2934948.25,145655.0,20.15,US78489X1037,78489X103
2020-05-31,IT,identifier,Gartner Inc,0.144579169031,48897964.7,401791.0,121.7,US3666511072,366651107
2020-05-31,RMBS,identifier,Rambus Inc,0.02310211406,7813341.06,502789.0,15.54,US7509171069,750917106
2020-05-31,VRSN,identifier,VeriSign Inc,0.305499883136,103322785.72,471772.0,219.01,US92343E1029,92343E102
2020-05-31,VIAV,identifier,Viavi Solutions Inc,0.036343286889,12291623.83,1060537.0,11.59,US9255501051,925550105
2020-05-31,VECO,identifier,Veeco Instruments Inc,0.009414905361,3184204.98,271227.0,11.74,US9224171002,922417100
2020-05-31,QRVO,identifier,Qorvo Inc,0.15911915228,53815516.74,513801.0,104.74000000000001,US74736K1016,74736K101
2020-05-31,WEX,identifier,WEX Inc,0.087459468151,29579572.32,199754.0,148.08,US96208T1043,96208T104
2020-05-31,INTC,identifier,Intel Corp,3.620360629537,1224438260.71,19457147.0,62.93,US4581401001,458140100
2020-05-31,KN,identifier,Knowles Corp,0.018575155228,6282283.2,417705.0,15.040000000000001,US49926D1090,49926D109
2020-05-31,ORCL,identifier,Oracle Corp,1.633010811379,552298823.85,10271505.0,53.77,US68389X1054,68389X105
2020-05-31,AMAT,identifier,Applied Materials Inc,0.683453699765,231150138.08,4114456.0,56.18,US0382221051,038222105
2020-05-31,,,Endurance International Group Holdings Inc,0.001607337379,543615.84,151848.0,3.5799999999999996,US29272B1052,29272B105
2020-05-31,MU,identifier,Micron Technology Inc,0.698811815455,236344389.81,4933091.0,47.910000000000004,US5951121038,595112103
2020-05-31,VRRM,identifier,Verra Mobility Corp,0.011901618629,4025233.59,368949.0,10.91,US92511U1025,92511U102
2020-05-31,TRMB,identifier,Trimble Inc,0.128035272407,43302671.28,1106919.0,39.120000000000005,US8962391004,896239100
2020-05-31,QLYS,identifier,Qualys Inc,0.049975341897,16902106.44,146567.0,115.32000000000001,US74758T3032,74758T303
2020-05-31,,,Intelligent Systems Corp,0.002800041401,946998.98,29566.0,32.03,US45816D1000,45816D100
2020-05-31,WDC,identifier,Western Digital Corp,0.175488823163,59351885.46,1337658.0,44.37,US9581021055,958102105
2020-05-31,ECHO,identifier,EchoStar Corp,0.020995868669,7100990.08,227888.0,31.16,US2787681061,278768106
2020-05-31,PTC,identifier,PTC Inc,0.112546416789,38064202.14,498353.0,76.38,US69370C1009,69370C100
2020-05-31,APPS,identifier,Digital Turbine Inc,0.004171675062,1410897.72,219766.0,6.42,US25400W1027,25400W102
2020-05-31,EEFT,identifier,Euronet Worldwide Inc,0.069109342143,23373396.01,246737.0,94.73,US2987361092,298736109
2020-05-31,ICHR,identifier,Ichor Holdings Ltd,0.008407995256,2843659.0,124996.0,22.75,KYG4740B1059,G4740B105
2020-05-31,TER,identifier,Teradyne Inc,0.146785781615,49644260.76,740738.0,67.02,US8807701029,880770102
2020-05-31,V,identifier,Visa Inc,4.131717845845,1397383832.88,7157262.0,195.24,US92826C8394,92826C839
2020-05-31,MEI,identifier,Methode Electronics Inc,0.015741697145,5323982.4,169824.0,31.35,US5915202007,591520200
2020-05-31,,,Zuora Inc,0.009701743124,3281216.07,273207.0,12.01,US98983V1061,98983V106
2020-05-31,,,Black Knight Inc,0.15042364728,50874619.38,660881.0,76.98,US09215C1053,09215C105
2020-05-31,HPQ,identifier,HP Inc,0.294741747799,99684288.38,6584167.0,15.139999999999999,US40434L1052,40434L105
2020-05-31,SNX,identifier,SYNNEX Corp,0.061716619901,20873111.4,195716.0,106.64999999999999,US87162W1009,87162W100
2020-05-31,ESTC,identifier,Elastic NV,0.032490723368,10988652.48,127894.0,85.92,NL0013056914,N14506104
2020-05-31,XRX,identifier,Xerox Holdings Corp,0.042006985666,14207137.28,894656.0,15.879999999999999,US98421M1062,98421M106
2020-05-31,,,Mimecast Ltd,0.028438433861,9618132.02,230209.0,41.78,GB00BYT5JK65,G14838109
2020-05-31,BMI,identifier,Badger Meter Inc,0.023234941721,7858264.56,128424.0,61.19,US0565251081,056525108
2020-05-31,VMW,manual table,VMware Inc,0.170755356857,57750984.93,369559.0,156.27,US9285634021,928563402
2020-05-31,,,SMART Global Holdings Inc,0.005597917573,1893265.66,70697.0,26.779999999999998,KYG8232Y1017,G8232Y101
2020-05-31,,,CalAmp Corp,0.001565412878,529436.6,68758.0,7.699999999999999,US1281261099,128126109
2020-05-31,CVLT,identifier,CommVault Systems Inc,0.024002124324,8117732.56,200636.0,40.46,US2041661024,204166102
2020-05-31,SEDG,identifier,SolarEdge Technologies Inc,0.082011169754,27736909.2,195468.0,141.9,US83417M1045,83417M104
2020-05-31,NTAP,identifier,NetApp Inc,0.134795398059,45589006.08,1023552.0,44.54,US64110D1046,64110D104
2020-05-31,,,Infinera Corp,0.011074391513,3745458.0,752100.0,4.98,US45667G1031,45667G103
2020-05-31,CTXS,manual table,Citrix Systems Inc,0.254273551172,85997583.28,580594.0,148.12,US1773761002,177376100
2020-05-31,OKTA,identifier,Okta Inc,0.2743246531,92779044.82,474379.0,195.57999999999998,US6792951054,679295105
2020-05-31,,,Plantronics Inc,0.004714408588,1594455.04,122368.0,13.030000000000001,US7274931085,727493108
2020-05-31,CEVA,identifier,CEVA Inc,0.010369672313,3507115.68,101744.0,34.47,US1572101053,157210105
2020-05-31,AKAM,identifier,Akamai Technologies Inc,0.225107806926,76133468.4,719598.0,105.80000000000001,US00971T1016,00971T101
2020-05-31,PLXS,identifier,Plexus Corp,0.024679235559,8346737.62,129971.0,64.22,US7291321005,729132100
2020-05-31,,,National Instruments Corp,0.063086519545,21336423.68,551044.0,38.72,US6365181022,636518102
2020-05-31,TYL,identifier,Tyler Technologies Inc,0.1912465839,64681300.71,172341.0,375.31,US9022521051,902252105
2020-05-31,,,Anixter International Inc,0.039942165055,13508796.53,141143.0,95.71,US0352901054,035290105
2020-05-31,MRVL,manual table,Marvell Technology Group Ltd,0.273086530229,92360300.62,2831401.0,32.620000000000005,BMG5876H1051,G5876H105
2020-05-31,,,GTT Communications Inc,0.002626826307,888416.09,111191.0,7.989999999999999,US3623931009,362393100
2020-05-31,WDAY,identifier,Workday Inc,0.398046160136,134622762.17,733919.0,183.42999999999998,US98138H1014,98138H101
2020-05-31,,,Cree Inc,0.075688544005,25598540.77,485833.0,52.69,US2254471012,225447101
2020-05-31,,,LogMeIn Inc,0.054156838818,18316326.0,215740.0,84.9,US54142L1098,54142L109
2020-05-31,CDW,identifier,CDW Corp/DE,0.210685729468,71255793.15,642465.0,110.91000000000001,US12514G1085,12514G108
2020-05-31,COHR,"same company, other snapshot",Coherent Inc,0.047729551429,16142560.07,111167.0,145.21,US1924791031,192479103
2020-05-31,FN,identifier,Fabrinet,0.031427136815,10628938.02,166233.0,63.94,KYG3323L1005,G3323L100
2020-05-31,DIOD,identifier,Diodes Inc,0.027416445383,9272486.4,190635.0,48.64,US2545431015,254543101
2020-05-31,PDFS,identifier,PDF Solutions Inc,0.007005765003,2369412.22,138887.0,17.060000000000002,US6932821050,693282105
2020-05-31,SMTC,identifier,Semtech Corp,0.047356940353,16016539.68,301176.0,53.18,US8168501018,816850101
2020-05-31,SPWRW,SEC company list,SunPower Corp,0.009457886487,3198741.58,443039.0,7.22,US8676524064,867652406
2020-05-31,IPHI,identifier,Inphi Corp,0.067479888789,22822300.35,181605.0,125.67,US45772F1075,45772F107
2020-05-31,TTEC,identifier,TTEC Holdings Inc,0.010781600655,3646433.52,86082.0,42.36,US89854H1023,89854H102
2020-05-31,LASR,identifier,nLight Inc,0.006823158407,2307653.04,107034.0,21.56,US65487K1007,65487K100
2020-05-31,MCHP,identifier,Microchip Technology Inc,0.303554879324,102664968.08,1069204.0,96.02,US5950171042,595017104
2020-05-31,FISV,identifier,Fiserv Inc,0.813231306819,275042082.48,2576024.0,106.77000000000001,US3377381088,337738108
2020-05-31,,,Limelight Networks Inc,0.007807579455,2640593.02,534533.0,4.94,US53261M1045,53261M104
2020-05-31,,,Model N Inc,0.011157084423,3773425.48,117479.0,32.12,US6075251024,607525102
2020-05-31,ZS,identifier,Zscaler Inc,0.083451448263,28224024.24,287736.0,98.08999999999999,US98980G1022,98980G102
2020-05-31,IDCC,identifier,InterDigital Inc,0.025389879027,8587083.58,156214.0,54.97,US45867G1013,45867G101
2020-05-31,HPE,identifier,Hewlett Packard Enterprise Co,0.167904956672,56786954.16,5848296.0,9.709999999999999,US42824C1099,42824C109
2020-05-31,CMTL,identifier,Comtech Telecommunications Corp,0.00286000413,967278.91,54311.0,17.810000000000002,US2058262096,205826209
2020-05-31,NTGR,identifier,NETGEAR Inc,0.011237292509,3800552.57,147709.0,25.73,US64111Q1040,64111Q104
2020-05-31,ZD,identifier,J2 Global Inc,0.048578057523,16429532.4,209828.0,78.3,US48123V1026,48123V102
2020-05-31,APPF,identifier,Appfolio Inc,0.031372622789,10610500.89,66939.0,158.51000000000002,US03783C1009,03783C100
2020-05-31,PAYC,identifier,Paycom Software Inc,0.195336126238,66064420.41,222267.0,297.22999999999996,US70432V1026,70432V102
2020-05-31,ADSK,identifier,Autodesk Inc,0.608941351495,205949397.2,978940.0,210.38,US0527691069,052769106
2020-05-31,GDDY,identifier,GoDaddy Inc,0.173986303037,58843719.75,761731.0,77.25,US3802371076,380237107
2020-05-31,,,II-VI Inc,0.055776993481,18864276.76,396892.0,47.53,US9021041085,902104108
2020-05-31,NTCT,identifier,NetScout Systems Inc,0.02929222169,9906890.68,360644.0,27.47,US64115T1043,64115T104
2020-05-31,BAH,identifier,Booz Allen Hamilton Holding Corp,0.146171555947,49436524.16,619816.0,79.75999999999999,US0995021062,099502106
2020-05-31,NUAN,manual table,Nuance Communications Inc,0.084693207349,28643998.24,1251923.0,22.88,US67020Y1001,67020Y100
2020-05-31,VRNS,identifier,Varonis Systems Inc,0.034995475189,11835781.89,140251.0,84.39,US9222801022,922280102
2020-05-31,AAPL,identifier,Apple Inc,18.67114131785,6314746551.54,19861441.0,317.94,US0378331005,037833100
2020-05-31,AVGO,identifier,Broadcom Inc,1.526111197893,516144420.96,1772048.0,291.27,US11135F1012,11135F101
2020-05-31,UIS,identifier,Unisys Corp,0.009689501962,3277076.0,288475.0,11.36,US9092143067,909214306
2020-05-31,ENPH,identifier,Enphase Energy Inc,0.065660572968,22206991.51,381629.0,58.190000000000005,US29355A1079,29355A107
2020-05-31,SSTI,identifier,ShotSpotter Inc,0.003070128955,1038345.0,44660.0,23.25,US82536T1079,82536T107
2020-05-31,ROG,identifier,Rogers Corp,0.027296997381,9232088.02,85277.0,108.25999999999999,US7751331015,775133101
2020-05-31,CPAY,manual table,FleetCor Technologies Inc,0.280318668061,94806274.15,388885.0,243.79000000000002,US3390411052,339041105
2020-05-31,,,2U Inc,0.032150983186,10873749.32,298156.0,36.47,US90214J1016,90214J101
2020-05-31,AVT,identifier,Avnet Inc,0.037812584769,12788553.48,469477.0,27.240000000000002,US0538071038,053807103
2020-05-31,TWLO,identifier,Twilio Inc,0.309922926376,104818698.4,530459.0,197.60000000000002,US90138F1021,90138F102
2020-05-31,ATEN,identifier,A10 Networks Inc,0.005634300823,1905570.8,280231.0,6.8,US0021211018,002121101
2020-05-31,RAMP,identifier,LiveRamp Holdings Inc,0.045385653762,15349832.97,304379.0,50.43,US53815P1084,53815P108
2020-05-31,JNPR,manual table,Juniper Networks Inc,0.108539332476,36708970.48,1513148.0,24.259999999999998,US48203R1041,48203R104
2020-05-31,MSI,identifier,Motorola Solutions Inc,0.304957030837,103139188.23,762131.0,135.33,US6200763075,620076307
2020-05-31,XPER,"same company, other snapshot",Xperi Corp,0.010431957985,3528181.25,256595.0,13.75,US98421B1008,98421B100
2020-05-31,DLB,identifier,Dolby Laboratories Inc,0.050779319656,17174018.89,282793.0,60.730000000000004,US25659T1079,25659T107
2020-05-31,APH,identifier,Amphenol Corp,0.376557222479,127355011.76,1318921.0,96.56,US0320951017,032095101
2020-05-31,UCTT,identifier,Ultra Clean Holdings Inc,0.012205492252,4128006.36,199132.0,20.73,US90385V1070,90385V107
2020-05-31,LFUS,identifier,Littelfuse Inc,0.052440798895,17735945.99,109151.0,162.48999999999998,US5370081045,537008104
2020-05-31,HUBS,identifier,HubSpot Inc,0.111322615183,37650301.52,188308.0,199.94000000000003,US4435731009,443573100
2020-05-31,BFH,identifier,Alliance Data Systems Corp,0.023805074081,8051088.41,173777.0,46.33,US0185811082,018581108
2020-05-31,TEL,"same company, other snapshot",TE Connectivity Ltd,0.358812830198,121353700.0,1493584.0,81.25,CH0102993182,H84989104
2020-05-31,EXTR,identifier,Extreme Networks Inc,0.002977083508,1006876.2,305114.0,3.3,US30226D1063,30226D106
2020-05-31,DAKT,identifier,Daktronics Inc,0.000149762578,50651.04,11946.0,4.24,US2342641097,234264109
2020-05-31,VISN,identifier,CommScope Holding Co Inc,0.029259843508,9895940.09,959839.0,10.31,US20337X1090,20337X109
2020-05-31,FFIV,identifier,F5 Networks Inc,0.116373860895,39358677.88,271589.0,144.92000000000002,US3156161024,315616102
2020-05-31,MPWR,identifier,Monolithic Power Systems Inc,0.113278757348,38311886.25,182655.0,209.75,US6098391054,609839105
2020-05-31,ADP,identifier,Automatic Data Processing Inc,0.834954517096,282389065.98,1927702.0,146.49,US0530151036,053015103
2020-05-31,ONTO,identifier,Onto Innovation Inc,0.020933601477,7079930.76,227797.0,31.08,US6833441057,683344105
2020-05-31,LSCC,identifier,Lattice Semiconductor Corp,0.041736083172,14115515.64,567572.0,24.87,US5184151042,518415104
2020-05-31,WU,identifier,Western Union Co/The,0.110599887292,37405868.5,1868425.0,20.02,US9598021098,959802109
2020-05-31,,,Sailpoint Technologies Holdings Inc,0.025607874607,8660811.63,379361.0,22.830000000000002,US78781P1057,78781P105
2020-05-31,,,Tech Data Corp,0.063130790642,21351396.56,156719.0,136.23999999999998,US8782371061,878237106
2020-05-31,MTSC,identifier,MTS Systems Corp,0.0030991637,1048164.81,59521.0,17.61,US5537771033,553777103
2020-05-31,AEIS,identifier,Advanced Energy Industries Inc,0.034990964693,11834256.4,177080.0,66.83,US0079731008,007973100
2020-05-31,ADI,identifier,Analog Devices Inc,0.548295000673,185438260.35,1641773.0,112.95,US0326541051,032654105
2020-05-31,MA,identifier,Mastercard Inc,3.569524416083,1207244999.83,4012247.0,300.89,US57636Q1040,57636Q104
2020-05-31,KLIC,identifier,Kulicke & Soffa Industries Inc,0.018900775735,6392410.96,285886.0,22.36,US5012421013,501242101
2020-05-31,BOX,identifier,Box Inc,0.038492622834,13018548.42,651579.0,19.98,US10316T1043,10316T104
2020-05-31,ARW,identifier,Arrow Electronics Inc,0.074321951044,25136346.84,363873.0,69.08,US0427351004,042735100
2020-05-31,,,ForeScout Technologies Inc,0.010856275267,3671689.14,155646.0,23.59,US34553D1019,34553D101
2020-05-31,,,Alteryx Inc,0.099400248166,33618050.64,233556.0,143.94,US02156B1035,02156B103
2020-05-31,AZTA,identifier,Brooks Automation Inc,0.039606365249,13395226.04,335132.0,39.97,US1143401024,114340102
2020-05-31,,,Envestnet Inc,0.050869026722,17204358.62,236942.0,72.61,US29404K1060,29404K106
2020-05-31,CRUS,identifier,Cirrus Logic Inc,0.054801321168,18534295.68,255716.0,72.48,US1727551004,172755100
2020-05-31,QCOM,identifier,QUALCOMM Inc,1.219758279303,412533131.04,5100558.0,80.88000000000001,US7475251036,747525103
2020-05-31,AAOI,identifier,Applied Optoelectronics Inc,0.003756436695,1270460.4,143880.0,8.83,US03823U1025,03823U102
2020-05-31,GLW,identifier,Corning Inc,0.232669991937,78691066.83,3452877.0,22.79,US2193501051,219350105
2020-05-31,EVTC,identifier,EVERTEC Inc,0.02503711512,8467775.68,290789.0,29.119999999999997,PR30040P1032,30040P103
2020-05-31,NOW,identifier,ServiceNow Inc,0.964760592145,326290638.51,841107.0,387.93,US81762P1021,81762P102
2020-05-31,IBM,identifier,International Business Machines Corp,1.460106008201,493820877.0,3953730.0,124.9,US4592001014,459200101
2020-05-31,PI,identifier,Impinj Inc,0.003713374554,1255896.4,48584.0,25.849999999999998,US4532041096,453204109
2020-05-31,NOVT,identifier,Novanta Inc,0.047020624682,15902794.72,154832.0,102.71000000000001,CA67000B1040,67000B104
2020-05-31,,,New Relic Inc,0.045351063841,15338134.35,231869.0,66.14999999999999,US64829B1008,64829B100
2020-05-31,ENTG,identifier,Entegris Inc,0.10550889319,35684048.88,595926.0,59.88,US29362U1043,29362U104
2020-05-31,ANSS,manual table,ANSYS Inc,0.312364516617,105644466.0,373302.0,283.0,US03662Q1058,03662Q105
2020-05-31,,,Cabot Microelectronics Corp,0.056534599814,19120505.98,131993.0,144.86,US12709P1030,12709P103
2020-05-31,MKSI,identifier,MKS Instruments Inc,0.07594977712,25686892.14,243178.0,105.63,US55306N1046,55306N104
2020-05-31,,,CSG Systems International Inc,0.021629783114,7315385.6,154496.0,47.349999999999994,US1263491094,126349109
2020-05-31,AZPN,manual table,Aspen Technology Inc,0.095762226916,32387639.4,306585.0,105.64,US0453271035,045327103
2020-05-31,CALX,identifier,Calix Inc,0.010998210199,3719692.8,263808.0,14.1,US13100M5094,13100M509
2020-05-31,MANH,identifier,Manhattan Associates Inc,0.075247796405,25449476.0,287890.0,88.4,US5627501092,562750109
2020-05-31,LDOS,identifier,Leidos Holdings Inc,0.186548910145,63092505.54,599226.0,105.28999999999999,US5253271028,525327102
2020-05-31,ACN,identifier,Accenture PLC,1.693457812522,572742538.86,2840703.0,201.62,IE00B4BNMY34,G1151C101
2020-05-31,FICO,identifier,Fair Isaac Corp,0.154287552962,52181426.75,129595.0,402.65,US3032501047,303250104
2020-05-31,SSNC,identifier,SS&C Technologies Holdings Inc,0.17799418446,60199221.0,1039800.0,57.895,US78467J1007,78467J100
2020-08-31,KE,identifier,Kimball Electronics Inc,0.003452422915,1518249.18,112588.0,13.485,US49428J1097,49428J109
2020-08-31,AMKR,identifier,Amkor Technology Inc,0.013555657619,5961281.85,488830.0,12.194999999999999,US0316521006,031652100
2020-08-31,AZTA,identifier,Brooks Automation Inc,0.038913335924,17112660.24,331448.0,51.629999999999995,US1143401024,114340102
2020-08-31,VPG,identifier,Vishay Precision Group Inc,0.002732397983,1201608.58,48238.0,24.91,US92835K1034,92835K103
2020-08-31,HPE,identifier,Hewlett Packard Enterprise Co,0.13040201222,57346030.01,5930303.0,9.67,US42824C1099,42824C109
2020-08-31,ADSK,identifier,Autodesk Inc,0.560257171629,246380589.0,1002770.0,245.7,US0527691069,052769106
2020-08-31,ICHR,identifier,Ichor Holdings Ltd,0.005845352616,2570572.04,102169.0,25.16,KYG4740B1059,G4740B105
2020-08-31,,,Casa Systems Inc,0.001381937023,607725.3,133566.0,4.550000000000001,US14713L1026,14713L102
2020-08-31,,,Black Knight Inc,0.129792710217,57078081.3,678693.0,84.1,US09215C1053,09215C105
2020-08-31,ENTG,identifier,Entegris Inc,0.093951009751,41316213.86,617674.0,66.89,US29362U1043,29362U104
2020-08-31,NTCT,identifier,NetScout Systems Inc,0.017504410285,7697798.68,332662.0,23.14,US64115T1043,64115T104
2020-08-31,,,SMART Global Holdings Inc,0.003605195116,1585432.8,62914.0,25.2,KYG8232Y1017,G8232Y101
2020-08-31,CRWD,identifier,Crowdstrike Holdings Inc,0.13423867206,59033252.52,469524.0,125.73,US22788C1053,22788C105
2020-08-31,IDCC,identifier,InterDigital Inc,0.019222833532,8453498.3,138242.0,61.150000000000006,US45867G1013,45867G101
2020-08-31,PRSP,identifier,Perspecta Inc,0.030901466159,13589333.29,654277.0,20.77,US7153471005,715347100
2020-08-31,ON,identifier,ON Semiconductor Corp,0.090920593617,39983547.81,1871013.0,21.37,US6821891057,682189105
2020-08-31,IPGP,identifier,IPG Photonics Corp,0.062326767293,27409030.02,169474.0,161.73,US44980X1090,44980X109
2020-08-31,,,GTT Communications Inc,0.001291272721,567854.46,114027.0,4.9799999999999995,US3623931009,362393100
2020-08-31,ARLO,identifier,Arlo Technologies Inc,0.004266338907,1876179.63,327431.0,5.7299999999999995,US04206A1016,04206A101
2020-08-31,SANM,identifier,Sanmina Corp,0.020456786201,8996145.5,317885.0,28.3,US8010561020,801056102
2020-08-31,BHE,identifier,Benchmark Electronics Inc,0.007412867232,3259907.57,166237.0,19.61,US08160H1014,08160H101
2020-08-31,MMS,identifier,MAXIMUS Inc,0.051677147738,22725717.3,293046.0,77.55,US5779331041,577933104
2020-08-31,GPN,identifier,Global Payments Inc,0.550013888135,241875968.0,1369471.0,176.61999998539582,US37940X1028,37940X102
2020-08-31,VMW,manual table,VMware Inc,0.122754333986,53982861.16,373739.0,144.44,US9285634021,928563402
2020-08-31,FLIR,identifier,FLIR Systems Inc,0.051484736766,22641102.0,613580.0,36.9,US3024451011,302445101
2020-08-31,XYZ,identifier,Square Inc,0.586726082086,258020646.6,1617076.0,159.560000024736,US8522341036,852234103
2020-08-31,V,identifier,Visa Inc,3.506497611042,1542029251.0,7274066.0,211.9899999532586,US92826C8394,92826C839
2020-08-31,,,Sykes Enterprises Inc,0.013368668176,5879050.74,177588.0,33.105000000000004,US8712371033,871237103
2020-08-31,,,National Instruments Corp,0.046441593301,20423312.17,569053.0,35.89,US6365181022,636518102
2020-08-31,ANSS,manual table,ANSYS Inc,0.302370758046,132971587.4,392235.0,339.0100001274746,US03662Q1058,03662Q105
2020-08-31,CNDT,identifier,Conduent Inc,0.005871075404,2581883.98,763871.0,3.38,US2067871036,206787103
2020-08-31,ZD,identifier,J2 Global Inc,0.033133109171,14570728.17,208183.0,69.99,US48123V1026,48123V102
2020-08-31,RBBN,identifier,Ribbon Communications Inc,0.002675300596,1176499.24,274883.0,4.28,US7625441040,762544104
2020-08-31,LASR,identifier,nLight Inc,0.008134078962,3577070.08,153128.0,23.36,US65487K1007,65487K100
2020-08-31,SPWRW,SEC company list,SunPower Corp,0.010610061826,4665916.68,416972.0,11.19,US8676524064,867652406
2020-08-31,HLIT,identifier,Harmonic Inc,0.005563084595,2446440.9,414651.0,5.8999999999999995,US4131601027,413160102
2020-08-31,QCOM,identifier,QUALCOMM Inc,1.411306810798,620641057.2,5211092.0,119.10000000000001,US7475251036,747525103
2020-08-31,INTC,identifier,Intel Corp,2.258666591139,993278860.6,19495169.0,50.95000000256474,US4581401001,458140100
2020-08-31,,,American Software Inc/GA,0.00465551176,2047323.6,144585.0,14.16,US0296831094,029683109
2020-08-31,NSIT,identifier,Insight Enterprises Inc,0.021560695324,9481604.31,158542.0,59.80500000000001,US45765U1034,45765U103
2020-08-31,ATEN,identifier,A10 Networks Inc,0.004421095244,1944235.8,227396.0,8.55,US0021211018,002121101
2020-08-31,VSAT,identifier,ViaSat Inc,0.018953302269,8334968.32,209632.0,39.76,US92552V1008,92552V100
2020-08-31,EPAM,identifier,EPAM Systems Inc,0.187027075759,82247659.5,251445.0,327.1,US29414B1044,29414B104
2020-08-31,MTSI,identifier,MACOM Technology Solutions Holdings Inc,0.016915531606,7438831.4,208780.0,35.63,US55405Y1001,55405Y100
2020-08-31,PLXS,identifier,Plexus Corp,0.023948996013,10531891.5,138450.0,76.07,US7291321005,729132100
2020-08-31,GDDY,identifier,GoDaddy Inc,0.150737392429,66288785.6,792170.0,83.68,US3802371076,380237107
2020-08-31,CEVA,identifier,CEVA Inc,0.009366004337,4118825.75,97487.0,42.25,US1572101053,157210105
2020-08-31,UPLD,SEC company list,Upland Software Inc,0.011188797733,4920423.54,125457.0,39.22,US91544A1097,91544A109
2020-08-31,XPER,"same company, other snapshot",Xperi Holding Corp,0.013923504935,6123047.63,488671.0,12.53,US98390M1036,98390M103
2020-08-31,FIVN,identifier,Five9 Inc,0.08249224884,36277070.4,284660.0,127.44,US3383071012,338307101
2020-08-31,BILL,identifier,Bill.com Holdings Inc,0.014637565501,6437065.32,65034.0,98.98,US0900431000,090043100
2020-08-31,PRGS,identifier,Progress Software Corp,0.017488406133,7690760.64,202976.0,37.89,US7433121008,743312100
2020-08-31,,,Anaplan Inc,0.06843634823,30095800.0,491360.0,61.25,US03272L1089,03272L108
2020-08-31,CACI,identifier,CACI International Inc,0.062016524159,27272596.45,116455.0,234.19,US1271903049,127190304
2020-08-31,,,Cree Inc,0.070718778144,31099529.1,492861.0,63.1,US2254471012,225447101
2020-08-31,OKTA,identifier,Okta Inc,0.25289423009,111213622.1,516384.0,215.37000003873086,US6792951054,679295105
2020-08-31,MSI,identifier,Motorola Solutions Inc,0.274064730558,120523633.0,778828.0,154.75,US6200763075,620076307
2020-08-31,MRVL,manual table,Marvell Technology Group Ltd,0.269499879143,118516178.5,3056116.0,38.780000006544256,BMG5876H1051,G5876H105
2020-08-31,QRVO,identifier,Qorvo Inc,0.153560258267,67530178.63,526469.0,128.26999999999998,US74736K1016,74736K101
2020-08-31,CDNS,identifier,Cadence Design Systems Inc,0.322977745703,142033786.0,1280622.0,110.9099999843826,US1273871087,127387108
2020-08-31,AOSL,identifier,Alpha & Omega Semiconductor Ltd,0.002768090631,1217304.9,89838.0,13.549999999999999,BMG6331P1041,G6331P104
2020-08-31,TENB,identifier,Tenable Holdings Inc,0.020896818154,9189655.44,244146.0,37.64,US88025T1025,88025T102
2020-08-31,FTNT,identifier,Fortinet Inc,0.201030517887,88405860.58,669716.0,132.005,US34959E1091,34959E109
2020-08-31,,,Ceridian HCM Holding Inc,0.095098505154,41820840.32,525916.0,79.52,US15677J1088,15677J108
2020-08-31,OLED,identifier,Universal Display Corp,0.077326997505,34005582.0,193764.0,175.5,US91347P1057,91347P105
2020-08-31,EXLS,identifier,ExlService Holdings Inc,0.022204576627,9764759.73,153317.0,63.690000000000005,US3020811044,302081104
2020-08-31,SCSC,identifier,ScanSource Inc,0.00641544301,2821276.92,114268.0,24.689999999999998,US8060371072,806037107
2020-08-31,MTSC,identifier,MTS Systems Corp,0.004790799058,2106818.0,86345.0,24.4,US5537771033,553777103
2020-08-31,CVLT,identifier,CommVault Systems Inc,0.019567283379,8604974.73,199051.0,43.230000000000004,US2041661024,204166102
2020-08-31,WK,identifier,Workiva Inc,0.020802652878,9148245.0,155055.0,59.0,US98139A1051,98139A105
2020-08-31,AVT,identifier,Avnet Inc,0.029676740975,13050744.0,474400.0,27.51,US0538071038,053807103
2020-08-31,SNX,identifier,SYNNEX Corp,0.057804288505,25420209.45,199923.0,127.14999999999999,US87162W1009,87162W100
2020-08-31,GEN,identifier,NortonLifeLock Inc,0.139487352716,61341430.08,2608054.0,23.52,US6687711084,668771108
2020-08-31,,,Pluralsight Inc,0.020381270864,8962936.62,468283.0,19.139999999999997,US72941B1061,72941B106
2020-08-31,CPAY,manual table,FleetCor Technologies Inc,0.221650074848,97473586.7,387646.0,251.45000000000002,US3390411052,339041105
2020-08-31,PRO,identifier,PROS Holdings Inc,0.016658590249,7325838.0,187842.0,39.0,US74346Y1038,74346Y103
2020-08-31,CRUS,identifier,Cirrus Logic Inc,0.037130654099,16328702.05,269495.0,60.59,US1727551004,172755100
2020-08-31,SAIC,identifier,Science Applications International Corp,0.044372039933,19513198.38,233803.0,83.46,US8086251076,808625107
2020-08-31,ROG,identifier,Rogers Corp,0.021585316814,9492431.94,83774.0,113.30999999999999,US7751331015,775133101
2020-08-31,ZEN,manual table,Zendesk Inc,0.11499542878,50570778.76,524702.0,96.38,US98936J1016,98936J101
2020-08-31,,,II-VI Inc,0.045969352596,20215638.0,454284.0,44.5,US9021041085,902104108
2020-08-31,OSIS,identifier,OSI Systems Inc,0.013958068681,6138247.5,77946.0,78.75,US6710441055,671044105
2020-08-31,,,Cabot Microelectronics Corp,0.04685679581,20605903.03,135307.0,152.29000000000002,US12709P1030,12709P103
2020-08-31,CRM,identifier,salesforce.com Inc,2.381317422283,1047216205.0,3840881.0,272.6500000911249,US79466L3024,79466L302
2020-08-31,NUAN,manual table,Nuance Communications Inc,0.087979776394,38690284.08,1291398.0,29.959999999999997,US67020Y1001,67020Y100
2020-08-31,BFH,identifier,Alliance Data Systems Corp,0.020888551254,9186019.96,203636.0,45.11000000000001,US0185811082,018581108
2020-08-31,FLEX,identifier,Flex Ltd,0.056870021019,25009352.82,2302887.0,10.86,SG9999000020,Y2573F102
2020-08-31,RP,identifier,RealPage Inc,0.054689981485,24050651.26,384073.0,62.620000000000005,US75606N1090,75606N109
2020-08-31,FORM,identifier,FormFactor Inc,0.02028369023,8920024.23,341371.0,26.130000000000003,US3463751087,346375108
2020-08-31,VSH,identifier,Vishay Intertechnology Inc,0.023799958911,10466350.44,654556.0,15.989999999999998,US9282981086,928298108
2020-08-31,CNXN,identifier,PC Connection Inc,0.005753445896,2530154.83,57127.0,44.29,US69318J1007,69318J100
2020-08-31,TYL,identifier,Tyler Technologies Inc,0.14269133421,62750423.82,181722.0,345.31,US9022521051,902252105
2020-08-31,KEYS,identifier,Keysight Technologies Inc,0.19114785091,84059825.52,853226.0,98.52,US49338L1035,49338L103
2020-08-31,,,Ebix Inc,0.00575822267,2532255.48,109764.0,23.07,US2787152063,278715206
2020-08-31,,,Evo Payments Inc,0.012143714869,5340361.13,185881.0,28.73,US26927E1047,26927E104
2020-08-31,,,Alteryx Inc,0.065706989244,28895527.86,239142.0,120.83,US02156B1035,02156B103
2020-08-31,MCHP,identifier,Microchip Technology Inc,0.272974685732,120044271.2,1094296.0,109.7,US5950171042,595017104
2020-08-31,CSOD,identifier,Cornerstone OnDemand Inc,0.018806538594,8270427.03,234489.0,35.27,US21925Y1038,21925Y103
2020-08-31,TTD,identifier,Trade Desk Inc/The,0.205122230591,90205246.0,187420.0,481.3,US88339J1051,88339J105
2020-08-31,,,Everbridge Inc,0.052977219123,23297441.09,156769.0,148.60999999999999,US29978A1043,29978A104
2020-08-31,NTNX,identifier,Nutanix Inc,0.051455763686,22628360.7,788170.0,28.709999999999997,US67059N1081,67059N108
2020-08-31,AVGO,identifier,Broadcom Inc,1.437645113973,632223678.5,1821183.0,347.15000002745467,US11135F1012,11135F101
2020-08-31,MANH,identifier,Manhattan Associates Inc,0.06444686873,28341373.0,291428.0,97.25,US5627501092,562750109
2020-08-31,PDFS,identifier,PDF Solutions Inc,0.006067751442,2668374.9,128907.0,20.7,US6932821050,693282105
2020-08-31,CASS,identifier,Cass Information Systems Inc,0.004966111608,2183914.04,55769.0,39.160000000000004,US14808P1093,14808P109
2020-08-31,JBL,identifier,Jabil Inc,0.047832229957,21034863.25,615955.0,34.15,US4663131039,466313103
2020-08-31,MSTR,identifier,MicroStrategy Inc,0.011844869137,5208939.72,36063.0,144.44,US5949724083,594972408
2020-08-31,LSCC,identifier,Lattice Semiconductor Corp,0.0393099996,17287098.4,604444.0,28.599999999999998,US5184151042,518415104
2020-08-31,MPWR,identifier,Monolithic Power Systems Inc,0.117056782511,51477286.65,192705.0,267.13,US6098391054,609839105
2020-08-31,PANW,identifier,Palo Alto Networks Inc,0.265241006364,116643282.2,453142.0,257.4099999558637,US6974351057,697435105
2020-08-31,ANET,"same company, other snapshot",Arista Networks Inc,0.13235255909,58203809.1,260478.0,223.45000000000002,US0404131064,040413106
2020-08-31,WORK,identifier,Slack Technologies Inc,0.104352299989,45890320.44,1397391.0,32.839999999999996,US83088V1026,83088V102
2020-08-31,,,Model N Inc,0.010015006644,4404233.2,112010.0,39.32,US6075251024,607525102
2020-08-31,MKSI,identifier,MKS Instruments Inc,0.067565079395,29712647.87,248579.0,119.53,US55306N1046,55306N104
2020-08-31,ZS,identifier,Zscaler Inc,0.104314771762,45873816.9,320035.0,143.34,US98980G1022,98980G102
2020-08-31,NTGR,identifier,NETGEAR Inc,0.010057477551,4422910.35,132621.0,33.349999999999994,US64111Q1040,64111Q104
2020-08-31,KN,identifier,Knowles Corp,0.014099669284,6200518.26,411721.0,15.059999999999999,US49926D1090,49926D109
2020-08-31,OSPN,identifier,OneSpan Inc,0.007109347941,3126430.9,145078.0,21.55,US68287N1000,68287N100
2020-08-31,ESTC,identifier,Elastic NV,0.060846898787,26758238.04,246438.0,108.58,NL0013056914,N14506104
2020-08-31,IBM,identifier,International Business Machines Corp,1.13744440336,500206398.5,4056495.0,123.31000001232592,US4592001014,459200101
2020-08-31,PI,identifier,Impinj Inc,0.004164907816,1831573.95,74911.0,24.45,US4532041096,453204109
2020-08-31,CRNC,identifier,Cerence Inc,0.019817863746,8715170.8,163819.0,53.2,US1567271093,156727109
2020-08-31,INTU,identifier,Intuit Inc,0.932692696342,410164095.2,1187539.0,345.3899999915792,US4612021034,461202103
2020-08-31,WDAY,identifier,Workday Inc,0.415331882482,182647753.6,761953.0,239.7099999606275,US98138H1014,98138H101
2020-08-31,,,Envestnet Inc,0.044554130355,19593275.08,236092.0,82.99,US29404K1060,29404K106
2020-08-31,HUCK,identifier,Domo Inc,0.008729139329,3838755.84,94272.0,40.72,US2575541055,257554105
2020-08-31,,,Endurance International Group Holdings Inc,0.005385941401,2368539.81,363831.0,6.51,US29272B1052,29272B105
2020-08-31,,,Sailpoint Technologies Holdings Inc,0.036021366197,15840877.85,403795.0,39.23,US78781P1057,78781P105
2020-08-31,ADP,identifier,Automatic Data Processing Inc,0.623131753928,274030528.0,1970167.0,139.08999998477287,US0530151036,053015103
2020-08-31,SSTI,identifier,ShotSpotter Inc,0.002307479976,1014745.2,33870.0,29.959999999999997,US82536T1079,82536T107
2020-08-31,FISV,identifier,Fiserv Inc,0.597534051978,262773596.0,2638819.0,99.57999999242085,US3377381088,337738108
2020-08-31,HUBS,identifier,HubSpot Inc,0.12867414428,56586176.96,188822.0,299.68,US4435731009,443573100
2020-08-31,PFPT,identifier,Proofpoint Inc,0.064194961399,28230593.38,257414.0,109.67,US7434241037,743424103
2020-08-31,,,Fitbit Inc,0.014605760124,6423078.48,1009918.0,6.36,US33812L1026,33812L102
2020-08-31,NOW,identifier,ServiceNow Inc,0.948493324527,417112632.9,865343.0,482.0200000462244,US81762P1021,81762P102
2020-08-31,MXL,identifier,MaxLinear Inc,0.017054171161,7499800.0,308000.0,24.35,US57776J1007,57776J100
2020-08-31,MSFT,identifier,Microsoft Corp,16.88862075039,7426996991.0,32931304.0,225.52999999635605,US5949181045,594918104
2020-08-31,PLAB,identifier,Photronics Inc,0.006809153507,2994416.38,298546.0,10.03,US7194051022,719405102
2020-08-31,IT,identifier,Gartner Inc,0.119421614079,52517252.98,404539.0,129.82,US3666511072,366651107
2020-08-31,GLW,identifier,Corning Inc,0.257396903523,113193733.0,3487176.0,32.4600000114706,US2193501051,219350105
2020-08-31,,,Infinera Corp,0.012130804199,5334683.49,731781.0,7.29,US45667G1031,45667G103
2020-08-31,DLB,identifier,Dolby Laboratories Inc,0.046241913602,20335500.35,291131.0,69.85000000000001,US25659T1079,25659T107
2020-08-31,AGYS,identifier,Agilysys Inc,0.005224359098,2297481.83,90559.0,25.37,US00847J1051,00847J105
2020-08-31,,,FireEye Inc,0.033471985203,14719753.44,1002708.0,14.68,US31816Q1013,31816Q101
2020-08-31,TDC,identifier,Teradata Corp,0.028008541487,12317130.95,505837.0,24.349999999999998,US88076W1036,88076W103
2020-08-31,WU,identifier,Western Union Co/The,0.100748254877,44305393.37,1878143.0,23.59,US9598021098,959802109
2020-08-31,NTAP,identifier,NetApp Inc,0.108245380262,47602354.59,1004481.0,47.39,US64110D1046,64110D104
2020-08-31,MU,identifier,Micron Technology Inc,0.523955302655,230416356.3,5062983.0,45.50999999407464,US5951121038,595112103
2020-08-31,LRCX,"same company, other snapshot",Lam Research Corp,0.506861766005,222899244.8,662720.0,336.34000000000003,US5128071082,512807108
2020-08-31,,,Mimecast Ltd,0.029923684591,13159340.76,267249.0,49.24,GB00BYT5JK65,G14838109
2020-08-31,AKAM,identifier,Akamai Technologies Inc,0.194994127559,85751277.15,736505.0,116.43,US00971T1016,00971T101
2020-08-31,CGNX,identifier,Cognex Corp,0.123259866277,54205175.75,783425.0,69.19,US1924221039,192422103
2020-08-31,SSNC,identifier,SS&C Technologies Holdings Inc,0.153121274219,67337129.52,1056766.0,63.72,US78467J1007,78467J100
2020-08-31,NVEC,identifier,NVE Corp,0.002795285051,1229264.01,23007.0,53.43,US6294452064,629445206
2020-08-31,EVTC,identifier,EVERTEC Inc,0.021959877968,9657150.22,275761.0,35.02,PR30040P1032,30040P103
2020-08-31,HPQ,identifier,HP Inc,0.290455924739,127731880.0,6533600.0,19.55,US40434L1052,40434L105
2020-08-31,JNPR,manual table,Juniper Networks Inc,0.085558794744,37625625.0,1505025.0,25.0,US48203R1041,48203R104
2020-08-31,AMBA,identifier,Ambarella Inc,0.018113148826,7965499.6,151148.0,52.699999999999996,KYG037AX1015,G037AX101
2020-08-31,MAXNQ,SEC company list,Maxeon Solar Technologies Ltd,4.25274e-07,187.02,9.0,20.78,SGXZ25336314,Y58473102
2020-08-31,NXPI,identifier,NXP Semiconductors NV,0.363968248567,160059908.2,1272741.0,125.76000003142822,NL0009538784,N6596X109
2020-08-31,,,LogMeIn Inc,0.042759335902,18803990.2,218524.0,86.05,US54142L1098,54142L109
2020-08-31,VYX,identifier,NCR Corp,0.026711280704,11746643.16,574689.0,20.44,US62886E1082,62886E108
2020-08-31,FFIV,identifier,F5 Networks Inc,0.083187373632,36582760.83,276451.0,132.32999999999998,US3156161024,315616102
2020-08-31,SWKS,identifier,Skyworks Solutions Inc,0.255585358425,112397081.8,775955.0,144.85000006443673,US83088M1027,83088M102
2020-08-31,ITRI,identifier,Itron Inc,0.023143747704,10177772.78,170854.0,59.56999999999999,US4657411066,465741106
2020-08-31,KLIC,identifier,Kulicke & Soffa Industries Inc,0.015977855355,7026475.72,293014.0,23.98,US5012421013,501242101
2020-08-31,SPLK,manual table,Splunk Inc,0.354575618889,155929373.6,710935.0,219.3300000703299,US8486371045,848637104
2020-08-31,,,Smartsheet Inc,0.060282118976,26509868.56,486152.0,54.529999999999994,US83200N1037,83200N103
2020-08-31,LFUS,identifier,Littelfuse Inc,0.045202250255,19878294.48,109922.0,180.84,US5370081045,537008104
2020-08-31,ARW,identifier,Arrow Electronics Inc,0.064838654965,28513666.24,362954.0,78.56,US0427351004,042735100
2020-08-31,,,Verint Systems Inc,0.032509934299,14296678.68,300603.0,47.56,US92343X1000,92343X100
2020-08-31,YEXT,identifier,Yext Inc,0.01634011653,7185784.92,361822.0,19.86,US98585N1063,98585N106
2020-08-31,DIOD,identifier,Diodes Inc,0.021723178224,9553058.34,195519.0,48.86,US2545431015,254543101
2020-08-31,,,Plantronics Inc,0.004294993885,1888781.04,152814.0,12.36,US7274931085,727493108
2020-08-31,SMTC,identifier,Semtech Corp,0.040955192285,18010593.9,307086.0,58.65,US8168501018,816850101
2020-08-31,,,2U Inc,0.030422300707,13378613.87,323233.0,41.39,US90214J1016,90214J101
2020-08-31,TTMI,identifier,TTM Technologies Inc,0.011781772342,5181192.06,452111.0,11.459999999999999,US87305R1095,87305R109
2020-08-31,PEGA,identifier,Pegasystems Inc,0.052354277353,23023494.11,179213.0,128.47,US7055731035,705573103
2020-08-31,EGHT,identifier,8x8 Inc,0.016816037101,7395077.36,438097.0,16.88,US2829141009,282914100
2020-08-31,NET,identifier,Cloudflare Inc,0.024860282572,10932641.96,285746.0,38.260000000000005,US18915M1071,18915M107
2020-08-31,VRNS,identifier,Varonis Systems Inc,0.03869889622,17018357.51,137767.0,123.53000000000002,US9222801022,922280102
2020-08-31,VRRM,identifier,Verra Mobility Corp,0.013786767288,6062915.42,573868.0,10.565,US92511U1025,92511U102
2020-08-31,WDC,identifier,Western Digital Corp,0.118488654047,52106971.32,1356246.0,38.42,US9581021055,958102105
2020-08-31,SPT,identifier,Sprout Social Inc,0.007700771898,3386517.5,87394.0,38.75,US85209W1099,85209W109
2020-08-31,ECHO,identifier,EchoStar Corp,0.014321838122,6298219.98,214371.0,29.380000000000003,US2787681061,278768106
2020-08-31,LITE,identifier,Lumentum Holdings Inc,0.066761934149,29359454.0,341389.0,86.0,US55024U1097,55024U109
2020-08-31,MDB,identifier,MongoDB Inc,0.10951183043,48159293.0,205985.0,233.8,US60937P1066,60937P106
2020-08-31,DOCU,identifier,DocuSign Inc,0.394405650419,173445163.0,777781.0,223.0,US2561631068,256163106
2020-08-31,UCTT,identifier,Ultra Clean Holdings Inc,0.01000703372,4400727.0,179475.0,24.52,US90385V1070,90385V107
2020-08-31,MXIM,identifier,Maxim Integrated Products Inc,0.192178651786,84513134.0,1234850.0,68.44,US57772K1016,57772K101
2020-08-31,,,Intelligent Systems Corp,0.002583651537,1136195.34,30226.0,37.59,US45816D1000,45816D100
2020-08-31,RPAY,identifier,Repay Holdings Corp,0.012472879997,5485115.9,216803.0,25.3,US76029L1008,76029L100
2020-08-31,ACLS,identifier,Axcelis Technologies Inc,0.007858462085,3455863.87,146249.0,23.63,US0545402085,054540208
2020-08-31,HCKT,identifier,Hackett Group Inc/The,0.003289310517,1446518.32,114712.0,12.610000000000001,US4046091090,404609109
2020-08-31,IMXI,identifier,International Money Express Inc,0.0039715293,1746533.16,103223.0,16.919999999999998,US46005L1017,46005L101
2020-08-31,ALRM,identifier,Alarm.com Holdings Inc,0.026846674492,11806184.39,197197.0,59.870000000000005,US0116421050,011642105
2020-08-31,TTEC,identifier,TTEC Holdings Inc,0.010726104821,4716948.14,83206.0,56.69,US89854H1023,89854H102
2020-08-31,VRSN,identifier,VeriSign Inc,0.233350446234,102618981.6,477742.0,214.79999999999998,US92343E1029,92343E102
2020-08-31,DBX,identifier,Dropbox Inc,0.054283667938,23871969.44,1127632.0,21.17,US26210C1045,26210C104
2020-08-31,RPD,identifier,Rapid7 Inc,0.031542237608,13871121.11,214823.0,64.57,US7534221046,753422104
2020-08-31,IPHI,identifier,Inphi Corp,0.054076842441,23781015.16,208642.0,113.98,US45772F1075,45772F107
2020-08-31,EEFT,identifier,Euronet Worldwide Inc,0.056196339554,24713092.38,239051.0,103.38,US2987361092,298736109
2020-08-31,BMI,identifier,Badger Meter Inc,0.018478240524,8126053.56,131724.0,61.69,US0565251081,056525108
2020-08-31,UIS,identifier,Unisys Corp,0.00731114769,3215175.04,275744.0,11.66,US9092143067,909214306
2020-08-31,CMTL,identifier,Comtech Telecommunications Corp,0.003740595657,1644977.0,99095.0,16.6,US2058262096,205826209
2020-08-31,ZBRA,identifier,Zebra Technologies Corp,0.16076661806,70699271.79,246743.0,286.53000000000003,US9892071054,989207105
2020-08-31,,,NeoPhotonics Corp,0.003323780281,1461676.86,219471.0,6.66,US64051T1007,64051T100
2020-08-31,,,Exela Technologies Inc,1.51786e-07,66.75,156.0,0.42788461538461536,US30162V1026,30162V102
2020-08-31,,,Switch Inc,0.01042290236,4583610.8,266489.0,17.2,US87105L1044,87105L104
2020-08-31,DELL,identifier,Dell Technologies Inc,0.166647411213,73285429.28,1109041.0,66.08,US24703L2025,24703L202
2020-08-31,QLYS,identifier,Qualys Inc,0.036267036879,15948914.82,150263.0,106.14,US74758T3032,74758T303
2020-08-31,SPSC,identifier,SPS Commerce Inc,0.029897188706,13147688.84,164593.0,79.88,US78463M1071,78463M107
2020-08-31,TRMB,identifier,Trimble Inc,0.134754135782,59259934.59,1130699.0,52.410000000000004,US8962391004,896239100
2020-08-31,TCX,identifier,Tucows Inc,0.005868535083,2580766.84,40822.0,63.22,US8986972060,898697206
2020-08-31,COHU,identifier,Cohu Inc,0.007280688037,3201780.0,186150.0,17.2,US1925761066,192576106
2020-08-31,,,SVMK Inc,0.02741671047,12056865.34,484406.0,24.89,US78489X1037,78489X103
2020-08-31,BAH,identifier,Booz Allen Hamilton Holding Corp,0.127437915432,56042528.78,636413.0,88.06,US0995021062,099502106
2020-08-31,,,New Relic Inc,0.031653192799,13919915.14,226598.0,61.43,US64829B1008,64829B100
2020-08-31,DXC,identifier,DXC Technology Co,0.052897206482,23262254.46,1164277.0,19.98,US23355L1061,23355L106
2020-08-31,,,Avalara Inc,0.108482266628,47706528.54,360294.0,132.41,US05338G1067,05338G106
2020-08-31,RST,identifier,Rosetta Stone Inc,0.006871370374,3021777.08,99466.0,30.38,US7777801074,777780107
2020-08-31,AZPN,manual table,Aspen Technology Inc,0.089496302613,39357196.78,309826.0,127.03,US0453271035,045327103
2020-08-31,RAMP,identifier,LiveRamp Holdings Inc,0.038488366117,16925774.08,303112.0,55.839999999999996,US53815P1084,53815P108
2020-08-31,RMBS,identifier,Rambus Inc,0.015741740903,6922641.23,515461.0,13.430000000000001,US7509171069,750917106
2020-08-31,GWRE,identifier,Guidewire Software Inc,0.096305543895,42351651.76,377096.0,112.30999999999999,US40171V1008,40171V100
2020-08-31,CTSH,identifier,Cognizant Technology Solutions Corp,0.380305895088,167244606.9,2501415.0,66.86,US1924461023,192446102
2020-08-31,BOX,identifier,Box Inc,0.030081529452,13228755.15,673905.0,19.63,US10316T1043,10316T104
2020-08-31,AMAT,identifier,Applied Materials Inc,0.586846426349,258073569.6,4189506.0,61.6,US0382221051,038222105
2020-08-31,CALX,identifier,Calix Inc,0.010167120036,4471127.1,229878.0,19.45,US13100M5094,13100M509
2020-08-31,DDOG,identifier,Datadog Inc,0.090981518744,40010340.45,478879.0,83.55000000000001,US23804L1035,23804L103
2020-08-31,ADTN,"same company, other snapshot",ADTRAN Inc,0.005457828787,2400153.25,216425.0,11.09,US00738A1060,00738A106
2020-08-31,KLAC,identifier,KLA Corp,0.333326611885,146584838.4,714560.0,205.14000000000001,US4824801009,482480100
2020-08-31,QADA,identifier,QAD Inc,0.005512763215,2424311.4,53305.0,45.48,US74727D3061,74727D306
2020-08-31,MOBL,identifier,MobileIron Inc,0.005669545437,2493258.48,381816.0,6.53,US60739U2042,60739U204
2020-08-31,TEL,"same company, other snapshot",TE Connectivity Ltd,0.336318783248,147900685.8,1531063.0,96.60000000000001,CH0102993182,H84989104
2020-08-31,XRX,identifier,Xerox Holdings Corp,0.034899394725,15347475.88,813758.0,18.86,US98421M1062,98421M106
2020-08-31,,,FARO Technologies Inc,0.010193073538,4482540.5,79337.0,56.5,US3116421021,311642102
2020-08-31,,,NIC Inc,0.014604611552,6422573.38,300401.0,21.38,US62914B1008,62914B100
2020-08-31,CTS,identifier,CTS Corp,0.006258973366,2752467.3,131697.0,20.9,US1265011056,126501105
2020-08-31,JKHY,identifier,Jack Henry & Associates Inc,0.131572135996,57860607.6,349780.0,165.42000000000002,US4262811015,426281101
2020-08-31,ONTO,identifier,Onto Innovation Inc,0.016054065338,7059990.08,225992.0,31.240000000000002,US6833441057,683344105
2020-08-31,CATM,identifier,Cardtronics PLC,0.008422680617,3703986.52,170612.0,21.71,GB00BYT18414,G1991C105
2020-08-31,DAKT,identifier,Daktronics Inc,0.001743753777,766839.06,173493.0,4.42,US2342641097,234264109
2020-08-31,STX,"same company, other snapshot",Seagate Technology PLC,0.116262017636,51127778.16,1065384.0,47.989999999999995,IE00B58JVZ52,G7945M107
2020-08-31,ZM,identifier,Zoom Video Communications Inc,0.365284476618,160638737.1,494121.0,325.09999999999997,US98980L1017,98980L101
2020-08-31,,,GreenSky Inc,0.002083198342,916114.35,210601.0,4.35,US39572G1004,39572G100
2020-08-31,,,Zuora Inc,0.01345515846,5917086.0,435400.0,13.59,US98983V1061,98983V106
2020-08-31,ACIA,identifier,Acacia Communications Inc,0.026850468464,11807852.84,174983.0,67.48,US00401C1080,00401C108
2020-08-31,SLAB,identifier,Silicon Laboratories Inc,0.046429732354,20418096.16,199376.0,102.41,US8269191024,826919102
2020-08-31,ENPH,identifier,Enphase Energy Inc,0.074079536402,32577467.52,421824.0,77.23,US29355A1079,29355A107
2020-08-31,ACMR,identifier,ACM Research Inc,0.010366472286,4558794.92,51332.0,88.81,US00108J1097,00108J109
2020-08-31,PCTY,identifier,Paylocity Holding Corp,0.05342358737,23493737.5,159550.0,147.25,US70438V1061,70438V106
2020-08-31,MEI,identifier,Methode Electronics Inc,0.01069631587,4703848.05,166155.0,28.31,US5915202007,591520200
2020-08-31,APPF,identifier,Appfolio Inc,0.025388474389,11164921.38,66446.0,168.03,US03783C1009,03783C100
2020-08-31,DBD,"same company, other snapshot",Diebold Nixdorf Inc,0.005924225713,2605257.54,312381.0,8.34,US2536511031,253651103
2020-08-31,FICO,identifier,Fair Isaac Corp,0.126615900585,55681036.75,132325.0,420.79,US3032501047,303250104
2020-08-31,CLDR,identifier,Cloudera Inc,0.02718557797,11955221.73,905013.0,13.21,US18914U1007,18914U100
2020-08-31,PAYX,identifier,Paychex Inc,0.254852190516,112074661.4,1465603.0,76.46999999317687,US7043261079,704326107
2020-08-31,NOVT,identifier,Novanta Inc,0.03869748894,17017738.64,158792.0,107.17,CA67000B1040,67000B104
2020-08-31,INSG,SEC company list,Inseego Corp,0.007276910733,3200118.88,278756.0,11.48,US45782B1044,45782B104
2020-08-31,ADI,identifier,Analog Devices Inc,0.445662435737,195986020.3,1676814.0,116.87999998807263,US0326541051,032654105
2020-08-31,XLNX,manual table,Xilinx Inc,0.269348023389,118449397.9,1137187.0,104.15999998241274,US9839191015,983919101
2020-08-31,AAPL,identifier,Apple Inc,23.4071172499,10293593062.0,79770560.0,129.0399999949856,US0378331005,037833100
2020-08-31,,,Ping Identity Holding Corp,0.012758254052,5610612.96,162768.0,34.47,US72341T1034,72341T103
2020-08-31,PLUS,identifier,ePlus Inc,0.010632658432,4675853.84,60947.0,76.72,US2942681071,294268107
2020-08-31,TWLO,identifier,Twilio Inc,0.33139689915,145736221.4,540244.0,269.7599999259594,US90138F1021,90138F102
2020-08-31,FN,identifier,Fabrinet,0.026439745818,11627232.06,166627.0,69.78,KYG3323L1005,G3323L100
2020-08-31,KBR,identifier,KBR Inc,0.036298127667,15962587.41,638759.0,24.990000000000002,US48242W1062,48242W106
2020-08-31,APH,identifier,Amphenol Corp,0.339941440937,149493798.0,1361510.0,109.8,US0320951017,032095101
2020-08-31,CIEN,identifier,Ciena Corp,0.090148532929,39644023.79,698327.0,56.769999999999996,US1717793095,171779309
2020-08-31,NVDA,identifier,NVIDIA Corp,3.393167515913,1492190825.0,2789246.0,534.9799999713184,US67066G1040,67066G104
2020-08-31,TER,identifier,Teradyne Inc,0.147342287655,64795742.84,762572.0,84.97,US8807701029,880770102
2020-08-31,PYPL,identifier,PayPal Holdings Inc,2.357676313432,1036819711.0,5078964.0,204.1400000078756,US70450Y1038,70450Y103
2020-08-31,,,ManTech International Corp/VA,0.020684012714,9096071.4,121524.0,74.85000000000001,US5645631046,564563104
2020-08-31,P,identifier,Pure Storage Inc,0.037787676446,16617636.42,1088967.0,15.26,US74624M1027,74624M102
2020-08-31,AEIS,identifier,Advanced Energy Industries Inc,0.029092247017,12793704.96,172608.0,74.12,US0079731008,007973100
2020-08-31,AAOI,identifier,Applied Optoelectronics Inc,0.002287794026,1006088.04,86508.0,11.63,US03823U1025,03823U102
2020-08-31,EXTR,identifier,Extreme Networks Inc,0.005318538063,2338898.29,535217.0,4.37,US30226D1063,30226D106
2020-08-31,ALTR,manual table,Altair Engineering Inc,0.01653249162,7270384.44,173022.0,42.02,US0213691035,021369103
2020-08-31,CTXS,manual table,Citrix Systems Inc,0.174503131938,76740087.6,528513.0,145.2,US1773761002,177376100
2020-08-31,VECO,identifier,Veeco Instruments Inc,0.005978128996,2628962.23,221107.0,11.89,US9224171002,922417100
2020-08-31,PAYS,identifier,Paysign Inc,0.00190117366,836066.56,129824.0,6.44,US70451A1043,70451A104
2020-08-31,COHR,"same company, other snapshot",Coherent Inc,0.027866073713,12254478.84,108774.0,112.66,US1924791031,192479103
2020-08-31,APPN,identifier,Appian Corp,0.017465436781,7680659.56,125419.0,61.239999999999995,US03782L1017,03782L101
2020-08-31,DDD,identifier,3D Systems Corp,0.006665749525,2931352.56,533944.0,5.49,US88554D2053,88554D205
2020-08-31,MA,identifier,Mastercard Inc,3.322585802614,1461151572.0,4079264.0,358.18999996077724,US57636Q1040,57636Q104
2020-08-31,COUP,manual table,Coupa Software Inc,0.226292086849,99514973.6,303640.0,327.73999999999995,US22266L1061,22266L106
2020-08-31,FIS,identifier,Fidelity National Information Services Inc,0.963233780996,423594945.9,2808054.0,150.85,US31620M1062,31620M106
2020-08-31,ACIW,identifier,ACI Worldwide Inc,0.034740567267,15277629.38,520001.0,29.380000000000003,US0044981019,004498101
2020-08-31,SEDG,identifier,SolarEdge Technologies Inc,0.111331492847,48959513.9,221386.0,221.15,US83417M1045,83417M104
2020-08-31,APPS,identifier,Digital Turbine Inc,0.019362632484,8514976.76,352004.0,24.189999999999998,US25400W1027,25400W102
2020-08-31,CDW,identifier,CDW Corp/DE,0.168906025411,74278685.1,653574.0,113.64999999999999,US12514G1085,12514G108
2020-08-31,SYNA,identifier,Synaptics Inc,0.029640382354,13034754.81,152757.0,85.33,US87157D1090,87157D109
2020-08-31,BDC,identifier,Belden Inc,0.015675064251,6893319.28,204671.0,33.68,US0774541066,077454106
2020-08-31,PTC,identifier,PTC Inc,0.104927172068,46143128.13,504793.0,91.41000000000001,US69370C1009,69370C100
2020-08-31,,,Virtusa Corp,0.011488324445,5052144.42,127773.0,39.54,US92827P1021,92827P102
2020-08-31,WEX,identifier,WEX Inc,0.071874757928,31607886.68,197908.0,159.71,US96208T1043,96208T104
2020-08-31,,,Bottomline Technologies DE Inc,0.021444165954,9430358.96,197992.0,47.63,US1013881065,101388106
2020-08-31,LDOS,identifier,Leidos Holdings Inc,0.125321595164,55111848.62,609038.0,90.49,US5253271028,525327102
2020-08-31,VIAV,identifier,Viavi Solutions Inc,0.033219711129,14608812.54,1095524.0,13.334999999999999,US9255501051,925550105
2020-08-31,,,Limelight Networks Inc,0.007063786281,3106394.55,547865.0,5.67,US53261M1045,53261M104
2020-08-31,PAYC,identifier,Paycom Software Inc,0.155590527009,68423016.48,228488.0,299.46000000000004,US70432V1026,70432V102
2020-08-31,QTWO,identifier,Q2 Holdings Inc,0.04428988316,19477068.84,200196.0,97.29,US74736L1098,74736L109
2020-08-31,,,Avaya Holdings Corp,0.015138165525,6657210.88,428944.0,15.52,US05351X1019,05351X101
2020-08-31,,,Perficient Inc,0.014441617468,6350894.55,148005.0,42.91,US71375U1016,71375U101
2020-08-31,PD,identifier,PagerDuty Inc,0.007750076231,3408199.74,104322.0,32.67,US69553P1003,69553P100
2020-08-31,VISN,identifier,CommScope Holding Co Inc,0.020538148819,9031925.8,876886.0,10.3,US20337X1090,20337X109
2020-08-31,POWI,identifier,Power Integrations Inc,0.034069960865,14982721.24,267692.0,55.97,US7392761034,739276103
2020-08-31,CSCO,identifier,Cisco Systems Inc,1.855292437759,815889678.4,19324720.0,42.22,US17275R1023,17275R102
2020-08-31,SABR,identifier,Sabre Corp,0.021122255,9288794.31,1328869.0,6.99,US78573M1045,78573M104
2020-08-31,TXN,identifier,Texas Instruments Inc,1.37623712354,605218692.9,4257606.0,142.15,US8825081040,882508104
2020-08-31,DT,identifier,Dynatrace Inc,0.083355347963,36656629.79,828773.0,44.23,US2681501092,268150109
2020-08-31,ORCL,identifier,Oracle Corp,1.331489893615,585540499.7,10233144.0,57.22000000195444,US68389X1054,68389X105
2020-08-31,,,Benefitfocus Inc,0.003129133243,1376078.22,133083.0,10.34,US08180D1063,08180D106
2020-08-31,RNG,identifier,RingCentral Inc,0.21818624232,95950319.99,329987.0,290.77,US76680R2067,76680R206
2020-08-31,BR,identifier,Broadridge Financial Solutions Inc,0.163635529979,71960914.2,523733.0,137.4,US11133T1034,11133T103
2020-08-31,MDLA,identifier,Medallia Inc,0.028124226266,12368004.88,341752.0,36.190000000000005,US5840211099,584021109
2020-08-31,FSLR,identifier,First Solar Inc,0.063059996621,27731477.43,362077.0,76.59,US3364331070,336433107
2020-08-31,ADBE,identifier,Adobe Inc,2.565465139393,1128197628.0,2197545.0,513.390000204774,US00724F1012,00724F101
2020-08-31,,,CSG Systems International Inc,0.014345290416,6308533.44,148192.0,42.57,US1263491094,126349109
2020-08-31,BL,identifier,Blackline Inc,0.04226632298,18587181.17,212741.0,87.37,US09239B1098,09239B109
2020-08-31,FSLY,identifier,Fastly Inc,0.068217959333,29999760.56,323134.0,92.83999999999999,US31188V1008,31188V100
2020-08-31,,,CalAmp Corp,0.002866816382,1260720.87,154311.0,8.17,US1281261099,128126109
2020-08-31,SNPS,identifier,Synopsys Inc,0.346222938007,152256170.4,688008.0,221.3,US8716071076,871607107
2020-08-31,ACN,identifier,Accenture PLC,1.579358611381,694544085.5,2894778.0,239.92999998618203,IE00B4BNMY34,G1151C101
2020-08-31,BLKB,identifier,Blackbaud Inc,0.032090272982,14112127.0,221020.0,63.85,US09227Q1004,09227Q100
2020-08-31,,,LivePerson Inc,0.038395451287,16884913.54,283019.0,59.66,US5381461012,538146101
2020-08-31,AMD,identifier,Advanced Micro Devices Inc,1.100832945172,484106019.8,5330390.0,90.82000000000001,US0079031078,007903107
2020-08-31,CDK,identifier,CDK Global Inc,0.059779597783,26288878.14,563897.0,46.620000000000005,US12508E1010,12508E101
2020-11-30,EXLS,identifier,ExlService Holdings Inc,0.029667438361,13183055.36,158336.0,83.25999999999999,US3020811044,302081104
2020-11-30,OSIS,identifier,OSI Systems Inc,0.015290177729,6794360.1,77121.0,88.1,US6710441055,671044105
2020-11-30,,,ManTech International Corp/VA,0.020830660828,9256335.23,120259.0,76.97,US5645631046,564563104
2020-11-30,,,II-VI Inc,0.068441334706,30412666.35,449559.0,67.65,US9021041085,902104108
2020-11-30,TER,identifier,Teradyne Inc,0.185031599774,82220844.06,745159.0,110.34,US8807701029,880770102
2020-11-30,SNPS,identifier,Synopsys Inc,0.350297223762,155658457.5,684213.0,227.5,US8716071076,871607107
2020-11-30,ZEN,manual table,Zendesk Inc,0.154202695642,68521678.5,513271.0,133.5,US98936J1016,98936J101
2020-11-30,IT,identifier,Gartner Inc,0.136948461176,60854568.0,400359.0,152.0,US3666511072,366651107
2020-11-30,WK,identifier,Workiva Inc,0.025887653444,11503466.0,153400.0,74.99,US98139A1051,98139A105
2020-11-30,ACLS,identifier,Axcelis Technologies Inc,0.008786207601,3904248.82,144709.0,26.98,US0545402085,054540208
2020-11-30,AZPN,manual table,Aspen Technology Inc,0.0917541231,40771962.5,303250.0,134.45,US0453271035,045327103
2020-11-30,BHE,identifier,Benchmark Electronics Inc,0.009004879806,4001418.24,164532.0,24.32,US08160H1014,08160H101
2020-11-30,MTSI,identifier,MACOM Technology Solutions Holdings Inc,0.020771382844,9229994.4,206580.0,44.68,US55405Y1001,55405Y100
2020-11-30,PFPT,identifier,Proofpoint Inc,0.060223225062,26760858.16,258584.0,103.49,US7434241037,743424103
2020-11-30,CVLT,identifier,CommVault Systems Inc,0.021175847957,9409722.96,197021.0,47.760000000000005,US2041661024,204166102
2020-11-30,ARW,identifier,Arrow Electronics Inc,0.072942173614,32412664.05,353657.0,91.65,US0427351004,042735100
2020-11-30,,,SVMK Inc,0.023796082573,10574053.28,496901.0,21.279999999999998,US78489X1037,78489X103
2020-11-30,MDB,identifier,MongoDB Inc,0.139594194604,62030229.0,215900.0,287.31,US60937P1066,60937P106
2020-11-30,,,Verint Systems Inc,0.036956227693,16421909.76,288306.0,56.96,US92343X1000,92343X100
2020-11-30,BFH,identifier,Alliance Data Systems Corp,0.03317166369,14740196.76,201534.0,73.14,US0185811082,018581108
2020-11-30,GDDY,identifier,GoDaddy Inc,0.133790869569,59451457.14,747441.0,79.54,US3802371076,380237107
2020-11-30,MOBL,identifier,MobileIron Inc,0.005984460559,2659261.44,377736.0,7.04,US60739U2042,60739U204
2020-11-30,CGNX,identifier,Cognex Corp,0.131146506198,58276404.94,775571.0,75.14,US1924221039,192422103
2020-11-30,AAPL,identifier,Apple Inc,20.96128224993,9314378307.65,78239213.0,119.05,US0378331005,037833100
2020-11-30,SNOW,identifier,Snowflake Inc,0.095638453579,42498007.84,130426.0,325.84000000000003,US8334451098,833445109
2020-11-30,JBL,identifier,Jabil Inc,0.052434621405,23299905.72,609626.0,38.22,US4663131039,466313103
2020-11-30,MRVL,manual table,Marvell Technology Group Ltd,0.312635073421,138922863.18,3001142.0,46.29,BMG5876H1051,G5876H105
2020-11-30,ADI,identifier,Analog Devices Inc,0.519455134821,230825651.88,1659661.0,139.07999999999998,US0326541051,032654105
2020-11-30,QTWO,identifier,Q2 Holdings Inc,0.054900478825,24395636.82,215186.0,113.37,US74736L1098,74736L109
2020-11-30,CALX,identifier,Calix Inc,0.012124166393,5387507.84,227513.0,23.68,US13100M5094,13100M509
2020-11-30,TTMI,identifier,TTM Technologies Inc,0.013148609636,5842730.56,447376.0,13.059999999999999,US87305R1095,87305R109
2020-11-30,,,Ping Identity Holding Corp,0.008151719222,3622306.87,161063.0,22.490000000000002,US72341T1034,72341T103
2020-11-30,,,American Software Inc/GA,0.005289853528,2350605.1,143155.0,16.42,US0296831094,029683109
2020-11-30,RBBN,identifier,Ribbon Communications Inc,0.005823313013,2587653.74,377209.0,6.86,US7625441040,762544104
2020-11-30,AMD,identifier,Advanced Micro Devices Inc,1.10218210661,489766846.44,5285634.0,92.66,US0079031078,007903107
2020-11-30,NSIT,identifier,Insight Enterprises Inc,0.025237673407,11214640.16,156892.0,71.48,US45765U1034,45765U103
2020-11-30,SEDG,identifier,SolarEdge Technologies Inc,0.140755022964,62546055.96,225002.0,277.98,US83417M1045,83417M104
2020-11-30,APH,identifier,Amphenol Corp,0.396524711086,176200154.33,1346993.0,130.81,US0320951017,032095101
2020-11-30,VECO,identifier,Veeco Instruments Inc,0.00818344853,3636406.14,218797.0,16.62,US9224171002,922417100
2020-11-30,PRGS,identifier,Progress Software Corp,0.01812833912,8055528.6,200886.0,40.1,US7433121008,743312100
2020-11-30,MSFT,identifier,Microsoft Corp,15.66156275314,6959389155.32,32509876.0,214.07,US5949181045,594918104
2020-11-30,IPGP,identifier,IPG Photonics Corp,0.078131221715,34718475.14,167714.0,207.01,US44980X1090,44980X109
2020-11-30,NOW,identifier,ServiceNow Inc,1.034104374753,459515751.05,859631.0,534.5500000000001,US81762P1021,81762P102
2020-11-30,,,SMART Global Holdings Inc,0.004299600677,1910575.26,62254.0,30.69,KYG8232Y1017,G8232Y101
2020-11-30,LRCX,"same company, other snapshot",Lam Research Corp,0.666460650727,296149183.72,654242.0,452.66,US5128071082,512807108
2020-11-30,,,Model N Inc,0.009356662629,4157736.84,120654.0,34.46,US6075251024,607525102
2020-11-30,LITE,identifier,Lumentum Holdings Inc,0.065678846839,29185124.22,337869.0,86.38,US55024U1097,55024U109
2020-11-30,DDD,identifier,3D Systems Corp,0.010880249008,4834759.35,528389.0,9.149999999999999,US88554D2053,88554D205
2020-11-30,,,Sykes Enterprises Inc,0.014885475422,6614526.14,175778.0,37.629999999999995,US8712371033,871237103
2020-11-30,V,identifier,Visa Inc,3.365421300214,1495462290.0,7109400.0,210.35,US92826C8394,92826C839
2020-11-30,ESTC,identifier,Elastic NV,0.066505978614,29552669.4,238713.0,123.8,NL0013056914,N14506104
2020-11-30,EPAM,identifier,EPAM Systems Inc,0.18252409969,81106608.58,251626.0,322.33,US29414B1044,29414B104
2020-11-30,NET,identifier,Cloudflare Inc,0.087579431828,38916892.12,518339.0,75.08,US18915M1071,18915M107
2020-11-30,TRMB,identifier,Trimble Inc,0.152105075974,67589577.93,1128939.0,59.870000000000005,US8962391004,896239100
2020-11-30,PLUS,identifier,ePlus Inc,0.011447166057,5086675.23,60333.0,84.31,US2942681071,294268107
2020-11-30,,,Black Knight Inc,0.139743867203,62096737.68,677764.0,91.62,US09215C1053,09215C105
2020-11-30,ADBE,identifier,Adobe Inc,2.340828709681,1040173205.79,2173957.0,478.46999999999997,US00724F1012,00724F101
2020-11-30,,,Casa Systems Inc,0.001579648218,701934.21,132191.0,5.31,US14713L1026,14713L102
2020-11-30,RP,identifier,RealPage Inc,0.06397659403,28428709.3,412070.0,68.99,US75606N1090,75606N109
2020-11-30,ON,identifier,ON Semiconductor Corp,0.119810911092,53239307.5,1851802.0,28.75,US6821891057,682189105
2020-11-30,,,LivePerson Inc,0.036818997362,16360929.94,280057.0,58.419999999999995,US5381461012,538146101
2020-11-30,INTU,identifier,Intuit Inc,0.932861002326,414527135.34,1177567.0,352.02,US4612021034,461202103
2020-11-30,OSPN,identifier,OneSpan Inc,0.006391983231,2840348.66,143597.0,19.78,US68287N1000,68287N100
2020-11-30,,,CSG Systems International Inc,0.01431665339,6361763.76,146652.0,43.379999999999995,US1263491094,126349109
2020-11-30,AOSL,identifier,Alpha & Omega Semiconductor Ltd,0.004969720686,2208350.52,88903.0,24.84,BMG6331P1041,G6331P104
2020-11-30,DBD,"same company, other snapshot",Diebold Nixdorf Inc,0.006587852494,2927385.34,309122.0,9.469999999999999,US2536511031,253651103
2020-11-30,,,Cree Inc,0.099226356688,44092332.39,487801.0,90.39,US2254471012,225447101
2020-11-30,PRSP,identifier,Perspecta Inc,0.032670121986,14517331.14,647517.0,22.42,US7153471005,715347100
2020-11-30,SWKS,identifier,Skyworks Solutions Inc,0.239906444717,106605090.18,755154.0,141.17000000000002,US83088M1027,83088M102
2020-11-30,DLB,identifier,Dolby Laboratories Inc,0.057347450207,25482975.7,288106.0,88.45,US25659T1079,25659T107
2020-11-30,NXPI,identifier,NXP Semiconductors NV,0.44854717906,199316915.1,1258155.0,158.42,NL0009538784,N6596X109
2020-11-30,NVEC,identifier,NVE Corp,0.00262504199,1166466.53,22787.0,51.19,US6294452064,629445206
2020-11-30,TWLO,identifier,Twilio Inc,0.396997495727,176410241.43,551127.0,320.09000000000003,US90138F1021,90138F102
2020-11-30,ADSK,identifier,Autodesk Inc,0.624420853294,277468333.35,990145.0,280.23,US0527691069,052769106
2020-11-30,KEYS,identifier,Keysight Technologies Inc,0.227685895763,101174753.68,842842.0,120.04,US49338L1035,49338L103
2020-11-30,WEX,identifier,WEX Inc,0.076363657833,33933038.52,195873.0,173.24,US96208T1043,96208T104
2020-11-30,ARLO,identifier,Arlo Technologies Inc,0.003834797609,1704034.86,323961.0,5.260000000000001,US04206A1016,04206A101
2020-11-30,CASS,identifier,Cass Information Systems Inc,0.005273086129,2343154.32,55224.0,42.43,US14808P1093,14808P109
2020-11-30,AZTA,identifier,Brooks Automation Inc,0.055306756788,24576170.94,336706.0,72.99000000000001,US1143401024,114340102
2020-11-30,CTXS,manual table,Citrix Systems Inc,0.148066410765,65794952.24,530947.0,123.92,US1773761002,177376100
2020-11-30,WDC,identifier,Western Digital Corp,0.137221403523,60975852.96,1358642.0,44.88,US9581021055,958102105
2020-11-30,ADP,identifier,Automatic Data Processing Inc,0.759027218628,337282165.08,1939741.0,173.88,US0530151036,053015103
2020-11-30,GEN,identifier,NortonLifeLock Inc,0.103132291173,45827977.71,2513877.0,18.23,US6687711084,668771108
2020-11-30,MXIM,identifier,Maxim Integrated Products Inc,0.225181627735,100061954.4,1204985.0,83.04,US57772K1016,57772K101
2020-11-30,CTS,identifier,CTS Corp,0.00893329361,3969608.12,130322.0,30.46,US1265011056,126501105
2020-11-30,PCTY,identifier,Paylocity Holding Corp,0.069860166505,31043140.0,157900.0,196.6,US70438V1061,70438V106
2020-11-30,,,GreenSky Inc,0.001997946202,887809.56,208406.0,4.260000000000001,US39572G1004,39572G100
2020-11-30,PLXS,identifier,Plexus Corp,0.022095853479,9818537.62,131422.0,74.71,US7291321005,729132100
2020-11-30,SPT,identifier,Sprout Social Inc,0.01002367728,4454132.2,86690.0,51.38,US85209W1099,85209W109
2020-11-30,ORCL,identifier,Oracle Corp,1.201339681331,533828614.8,9248590.0,57.72,US68389X1054,68389X105
2020-11-30,DELL,identifier,Dell Technologies Inc,0.170004365159,75543325.65,1094355.0,69.03,US24703L2025,24703L202
2020-11-30,ACMR,identifier,ACM Research Inc,0.009441890612,4195608.84,50782.0,82.61999999999999,US00108J1097,00108J109
2020-11-30,INTC,identifier,Intel Corp,2.079408844924,924008388.75,19110825.0,48.35,US4581401001,458140100
2020-11-30,MPWR,identifier,Monolithic Power Systems Inc,0.138278168858,61445438.36,192041.0,319.96,US6098391054,609839105
2020-11-30,CMTL,identifier,Comtech Telecommunications Corp,0.004205662975,1868833.0,98050.0,19.06,US2058262096,205826209
2020-11-30,TYL,identifier,Tyler Technologies Inc,0.1746202246,77594434.0,181465.0,427.6,US9022521051,902252105
2020-11-30,,,Evo Payments Inc,0.011090347127,4928118.78,196027.0,25.14,US26927E1047,26927E104
2020-11-30,SABR,identifier,Sabre Corp,0.035538428591,15791895.0,1403724.0,11.25,US78573M1045,78573M104
2020-11-30,KE,identifier,Kimball Electronics Inc,0.003864385415,1717182.53,111433.0,15.41,US49428J1097,49428J109
2020-11-30,FLIR,identifier,FLIR Systems Inc,0.050659613892,22511161.44,588681.0,38.24,US3024451011,302445101
2020-11-30,ZBRA,identifier,Zebra Technologies Corp,0.203322327504,90348531.84,238752.0,378.42,US9892071054,989207105
2020-11-30,RPAY,identifier,Repay Holdings Corp,0.016636224533,7392490.93,306361.0,24.13,US76029L1008,76029L100
2020-11-30,,,GTT Communications Inc,0.001151804033,511816.9,112735.0,4.54,US3623931009,362393100
2020-11-30,MDLA,identifier,Medallia Inc,0.02662882371,11832813.23,338177.0,34.99,US5840211099,584021109
2020-11-30,NTNX,identifier,Nutanix Inc,0.04983246767,22143609.84,808456.0,27.39,US67059N1081,67059N108
2020-11-30,KLIC,identifier,Kulicke & Soffa Industries Inc,0.019879478477,8833666.8,290104.0,30.450000000000003,US5012421013,501242101
2020-11-30,CIEN,identifier,Ciena Corp,0.069676148594,30961369.6,691102.0,44.800000000000004,US1717793095,171779309
2020-11-30,FFIV,identifier,F5 Networks Inc,0.100241338256,44543350.71,273591.0,162.81,US3156161024,315616102
2020-11-30,AMKR,identifier,Amkor Technology Inc,0.016046777136,7130563.44,483756.0,14.74,US0316521006,031652100
2020-11-30,MANH,identifier,Manhattan Associates Inc,0.065358109713,29042601.12,284063.0,102.24000000000001,US5627501092,562750109
2020-11-30,APPN,identifier,Appian Corp,0.040436888493,17968580.0,128347.0,140.0,US03782L1017,03782L101
2020-11-30,SYNA,identifier,Synaptics Inc,0.026455666133,11755868.74,151162.0,77.77,US87157D1090,87157D109
2020-11-30,IMXI,identifier,International Money Express Inc,0.004459726532,1981728.96,125904.0,15.74,US46005L1017,46005L101
2020-11-30,VSAT,identifier,ViaSat Inc,0.015871524529,7052688.0,207432.0,34.0,US92552V1008,92552V100
2020-11-30,QRVO,identifier,Qorvo Inc,0.183427909014,81508226.28,520221.0,156.68,US74736K1016,74736K101
2020-11-30,,,Avalara Inc,0.137828301368,61245534.75,356597.0,171.75,US05338G1067,05338G106
2020-11-30,CACI,identifier,CACI International Inc,0.060262732639,26778413.79,112851.0,237.29,US1271903049,127190304
2020-11-30,ANSS,manual table,ANSYS Inc,0.293591712743,130460734.6,385910.0,338.06,US03662Q1058,03662Q105
2020-11-30,DDOG,identifier,Datadog Inc,0.133109804498,59148818.32,597946.0,98.92,US23804L1035,23804L103
2020-11-30,SANM,identifier,Sanmina Corp,0.022531989681,10012339.58,314705.0,31.815000015887897,US8010561020,801056102
2020-11-30,,,Pluralsight Inc,0.0170828795,7590967.02,463429.0,16.38,US72941B1061,72941B106
2020-11-30,PRO,identifier,PROS Holdings Inc,0.017944820646,7973980.13,185917.0,42.89,US74346Y1038,74346Y103
2020-11-30,TEL,"same company, other snapshot",TE Connectivity Ltd,0.384036096967,170650700.1,1497330.0,113.97,CH0102993182,H84989104
2020-11-30,VNT,identifier,Vontier Corp,0.042437579805,18857609.38,568514.0,33.17,US9288811014,928881101
2020-11-30,VYX,identifier,NCR Corp,0.035412107855,15735762.98,568694.0,27.67,US62886E1082,62886E108
2020-11-30,DXC,identifier,DXC Technology Co,0.057735143645,25655251.58,1170938.0,21.91,US23355L1061,23355L106
2020-11-30,HUBS,identifier,HubSpot Inc,0.165854065626,73699094.01,186897.0,394.33000000000004,US4435731009,443573100
2020-11-30,TCX,identifier,Tucows Inc,0.006588549359,2927695.0,40382.0,72.5,US8986972060,898697206
2020-11-30,,,FireEye Inc,0.033562148213,14913712.89,992263.0,15.030000000000001,US31816Q1013,31816Q101
2020-11-30,MCHP,identifier,Microchip Technology Inc,0.335205385224,148952231.62,1108358.0,134.39000000000001,US5950171042,595017104
2020-11-30,NTCT,identifier,NetScout Systems Inc,0.017355876488,7712276.26,329303.0,23.419999999999998,US64115T1043,64115T104
2020-11-30,STX,"same company, other snapshot",Seagate Technology PLC,0.1374804111,61090945.85,1038785.0,58.81,IE00B58JVZ52,G7945M107
2020-11-30,XLNX,manual table,Xilinx Inc,0.359005417063,159528039.8,1096036.0,145.55,US9839191015,983919101
2020-11-30,QLYS,identifier,Qualys Inc,0.031798851041,14130172.23,148723.0,95.01,US74758T3032,74758T303
2020-11-30,,,Anaplan Inc,0.077679951379,34517948.16,493184.0,69.99,US03272L1089,03272L108
2020-11-30,,,Ceridian HCM Holding Inc,0.114701892252,50969058.3,528615.0,96.41999999999999,US15677J1088,15677J108
2020-11-30,MKSI,identifier,MKS Instruments Inc,0.076382839755,33941562.22,245989.0,137.98,US55306N1046,55306N104
2020-11-30,P,identifier,Pure Storage Inc,0.044315906512,19692264.69,1077847.0,18.27,US74624M1027,74624M102
2020-11-30,,,Infinera Corp,0.014900441988,6621176.7,782645.0,8.46,US45667G1031,45667G103
2020-11-30,SMTC,identifier,Semtech Corp,0.044521192802,19783485.93,293219.0,67.47,US8168501018,816850101
2020-11-30,KBR,identifier,KBR Inc,0.039502846503,17553528.08,632104.0,27.769999999999996,US48242W1062,48242W106
2020-11-30,TTD,identifier,Trade Desk Inc/The,0.374779794789,166537559.54,184822.0,901.0699999999999,US88339J1051,88339J105
2020-11-30,RMBS,identifier,Rambus Inc,0.018047991492,8019825.24,510167.0,15.72,US7509171069,750917106
2020-11-30,,,CalAmp Corp,0.003134320127,1392769.92,152716.0,9.12,US1281261099,128126109
2020-11-30,DT,identifier,Dynatrace Inc,0.070180506836,31185486.78,820239.0,38.02,US2681501092,268150109
2020-11-30,JNPR,manual table,Juniper Networks Inc,0.07297385393,32426741.55,1489515.0,21.77,US48203R1041,48203R104
2020-11-30,PYPL,identifier,PayPal Holdings Inc,2.425043252524,1077594872.16,5032668.0,214.12,US70450Y1038,70450Y103
2020-11-30,WU,identifier,Western Union Co/The,0.094662057026,42064135.2,1864545.0,22.560000000000002,US9598021098,959802109
2020-11-30,ACIW,identifier,ACI Worldwide Inc,0.038787525103,17235667.08,529026.0,32.58,US0044981019,004498101
2020-11-30,SPWRW,SEC company list,SunPower Corp,0.020574698478,9142595.52,412572.0,22.16,US8676524064,867652406
2020-11-30,VRRM,identifier,Verra Mobility Corp,0.015589390468,6927318.6,567813.0,12.2,US92511U1025,92511U102
2020-11-30,BL,identifier,Blackline Inc,0.060993496908,27103137.0,220530.0,122.9,US09239B1098,09239B109
2020-11-30,,,Ebix Inc,0.008312591137,3693792.09,108609.0,34.01,US2787152063,278715206
2020-11-30,PAYS,identifier,Paysign Inc,0.001413525213,628115.61,128449.0,4.89,US70451A1043,70451A104
2020-11-30,ATEN,identifier,A10 Networks Inc,0.004040111983,1795268.58,224971.0,7.98,US0021211018,002121101
2020-11-30,VMW,manual table,VMware Inc,0.118672302341,52733354.07,376963.0,139.89000000000001,US9285634021,928563402
2020-11-30,CDNS,identifier,Cadence Design Systems Inc,0.329469268684,146403324.6,1258842.0,116.3,US1273871087,127387108
2020-11-30,,,Endurance International Group Holdings Inc,0.007700336973,3421730.16,360942.0,9.48,US29272B1052,29272B105
2020-11-30,LSCC,identifier,Lattice Semiconductor Corp,0.057734323186,25654887.0,613020.0,41.85,US5184151042,518415104
2020-11-30,FORM,identifier,FormFactor Inc,0.031167526126,13849636.0,337796.0,41.0,US3463751087,346375108
2020-11-30,CDK,identifier,CDK Global Inc,0.058859960662,26155076.5,546035.0,47.9,US12508E1010,12508E101
2020-11-30,ZM,identifier,Zoom Video Communications Inc,0.773329538901,343637559.76,718366.0,478.36,US98980L1017,98980L101
2020-11-30,CPAY,manual table,FleetCor Technologies Inc,0.226363184665,100586992.33,379273.0,265.21,US3390411052,339041105
2020-11-30,MMS,identifier,MAXIMUS Inc,0.044550823388,19796652.61,275681.0,71.81,US5779331041,577933104
2020-11-30,BMI,identifier,Badger Meter Inc,0.02418297126,10745971.56,130349.0,82.44,US0565251081,056525108
2020-11-30,HPE,identifier,Hewlett Packard Enterprise Co,0.143416442014,63728687.04,5772526.0,11.04,US42824C1099,42824C109
2020-11-30,CEVA,identifier,CEVA Inc,0.008525142756,3788241.76,96442.0,39.28,US1572101053,157210105
2020-11-30,FISV,identifier,Fiserv Inc,0.664878775559,295446259.94,2565083.0,115.17999999999999,US3377381088,337738108
2020-11-30,FIS,identifier,Fidelity National Information Services Inc,0.931431438534,413891892.81,2788841.0,148.41,US31620M1062,31620M106
2020-11-30,FTNT,identifier,Fortinet Inc,0.171214845819,76081216.16,617392.0,123.22999999999999,US34959E1091,34959E109
2020-11-30,ZD,identifier,J2 Global Inc,0.041549688841,18463065.18,206038.0,89.61,US48123V1026,48123V102
2020-11-30,CRNC,identifier,Cerence Inc,0.033107861389,14711845.5,162114.0,90.75,US1567271093,156727109
2020-11-30,ITRI,identifier,Itron Inc,0.029910681101,13291142.97,169077.0,78.61,US4657411066,465741106
2020-11-30,RPD,identifier,Rapid7 Inc,0.036982519014,16433592.6,219290.0,74.94,US7534221046,753422104
2020-11-30,,,Envestnet Inc,0.043420957707,19294584.26,240401.0,80.26,US29404K1060,29404K106
2020-11-30,ENPH,identifier,Enphase Energy Inc,0.130089397021,57806666.75,423275.0,136.57,US29355A1079,29355A107
2020-11-30,VRSN,identifier,VeriSign Inc,0.212050066935,94226799.68,469444.0,200.72000000000003,US92343E1029,92343E102
2020-11-30,ECHO,identifier,EchoStar Corp,0.011346621904,5041997.32,212116.0,23.770000000000003,US2787681061,278768106
2020-11-30,HUCK,identifier,Domo Inc,0.00797381087,3543251.32,93268.0,37.989999999999995,US2575541055,257554105
2020-11-30,MEI,identifier,Methode Electronics Inc,0.012955933767,5757112.9,164395.0,35.02,US5915202007,591520200
2020-11-30,DIOD,identifier,Diodes Inc,0.03106842267,13805598.28,203143.0,67.96,US2545431015,254543101
2020-11-30,,,New Relic Inc,0.031062722689,13803065.43,231091.0,59.73,US64829B1008,64829B100
2020-11-30,UIS,identifier,Unisys Corp,0.008949865493,3976972.02,272769.0,14.58,US9092143067,909214306
2020-11-30,EGHT,identifier,8x8 Inc,0.019285535029,8569741.44,433472.0,19.77,US2829141009,282914100
2020-11-30,QCOM,identifier,QUALCOMM Inc,1.681796303406,747324844.9,5077970.0,147.17,US7475251036,747525103
2020-11-30,,,NIC Inc,0.015677404722,6966428.71,297266.0,23.435,US62914B1008,62914B100
2020-11-30,,,Switch Inc,0.010760171281,4781401.48,302812.0,15.790000000000001,US87105L1044,87105L104
2020-11-30,FSLY,identifier,Fastly Inc,0.061197318488,27193707.38,320794.0,84.77,US31188V1008,31188V100
2020-11-30,NOVT,identifier,Novanta Inc,0.042429225744,18853897.16,157142.0,119.98,CA67000B1040,67000B104
2020-11-30,TXN,identifier,Texas Instruments Inc,1.502631040034,667710772.5,4140842.0,161.25,US8825081040,882508104
2020-11-30,ROG,identifier,Rogers Corp,0.027405544073,12177957.54,82894.0,146.91,US7751331015,775133101
2020-11-30,BILL,identifier,Bill.com Holdings Inc,0.062421337529,27737613.82,226042.0,122.71000000000001,US0900431000,090043100
2020-11-30,BR,identifier,Broadridge Financial Solutions Inc,0.170858146004,75922712.64,516903.0,146.88,US11133T1034,11133T103
2020-11-30,LASR,identifier,nLight Inc,0.010236270554,4548600.38,151519.0,30.02,US65487K1007,65487K100
2020-11-30,POWI,identifier,Power Integrations Inc,0.043813745448,19469123.85,272715.0,71.39,US7392761034,739276103
2020-11-30,DAKT,identifier,Daktronics Inc,0.001742429278,774267.78,171678.0,4.51,US2342641097,234264109
2020-11-30,BOX,identifier,Box Inc,0.029037230037,12903015.3,690370.0,18.69,US10316T1043,10316T104
2020-11-30,YEXT,identifier,Yext Inc,0.01625287684,7222146.13,379913.0,19.009999999999998,US98585N1063,98585N106
2020-11-30,CRM,identifier,salesforce.com Inc,2.246285972754,998162091.8,4060871.0,245.79999999999998,US79466L3024,79466L302
2020-11-30,RAMP,identifier,LiveRamp Holdings Inc,0.038471718202,17095334.78,292178.0,58.510000000000005,US53815P1084,53815P108
2020-11-30,XRX,identifier,Xerox Holdings Corp,0.03966988687,17627754.32,805288.0,21.89,US98421M1062,98421M106
2020-11-30,WORK,identifier,Slack Technologies Inc,0.165929829032,73732760.32,1719514.0,42.879999999999995,US83088V1026,83088V102
2020-11-30,CCMP,identifier,CMC Materials Inc,0.045402010487,20174887.04,130768.0,154.28,US12571T1007,12571T100
2020-11-30,,,Alteryx Inc,0.064616783606,28713184.64,239596.0,119.84,US02156B1035,02156B103
2020-11-30,ADTN,"same company, other snapshot",ADTRAN Inc,0.006089727448,2706037.95,214170.0,12.635000000000002,US00738A1060,00738A106
2020-11-30,,,FARO Technologies Inc,0.011682421149,5191213.44,78512.0,66.12,US3116421021,311642102
2020-11-30,OKTA,identifier,Okta Inc,0.288959107799,128402185.2,524005.0,245.04,US6792951054,679295105
2020-11-30,MSTR,identifier,MicroStrategy Inc,0.025289600298,11237714.45,32785.0,342.77,US5949724083,594972408
2020-11-30,XYZ,identifier,Square Inc,0.777802231285,345625050.24,1638344.0,210.96,US8522341036,852234103
2020-11-30,ACN,identifier,Accenture PLC,1.610599217224,715687629.81,2873209.0,249.08999999999997,IE00B4BNMY34,G1151C101
2020-11-30,CLDR,identifier,Cloudera Inc,0.024445615226,10862680.32,930024.0,11.68,US18914U1007,18914U100
2020-11-30,CRUS,identifier,Cirrus Logic Inc,0.047879442637,21275761.5,265615.0,80.1,US1727551004,172755100
2020-11-30,CNXN,identifier,PC Connection Inc,0.005812255136,2582740.05,56577.0,45.65,US69318J1007,69318J100
2020-11-30,BLKB,identifier,Blackbaud Inc,0.027949836999,12419820.14,225446.0,55.09,US09227Q1004,09227Q100
2020-11-30,TTEC,identifier,TTEC Holdings Inc,0.012535249458,5570177.16,82326.0,67.66,US89854H1023,89854H102
2020-11-30,,,Benefitfocus Inc,0.004265175656,1895278.12,131708.0,14.39,US08180D1063,08180D106
2020-11-30,PEGA,identifier,Pegasystems Inc,0.053223989973,23650670.4,180705.0,130.88,US7055731035,705573103
2020-11-30,PANW,identifier,Palo Alto Networks Inc,0.290206591091,128956518.24,438747.0,293.92,US6974351057,697435105
2020-11-30,AVT,identifier,Avnet Inc,0.03046630902,13538042.4,446064.0,30.35,US0538071038,053807103
2020-11-30,PAYC,identifier,Paycom Software Inc,0.211508297542,93986058.44,225343.0,417.08,US70432V1026,70432V102
2020-11-30,COHU,identifier,Cohu Inc,0.011769145326,5229750.29,184211.0,28.39,US1925761066,192576106
2020-11-30,TENB,identifier,Tenable Holdings Inc,0.02053649232,9125618.19,253419.0,36.01,US88025T1025,88025T102
2020-11-30,COUP,manual table,Coupa Software Inc,0.222537015242,98886791.5,300650.0,328.91,US22266L1061,22266L106
2020-11-30,ALRM,identifier,Alarm.com Holdings Inc,0.033339434138,14814747.42,195162.0,75.91,US0116421050,011642105
2020-11-30,,,Smartsheet Inc,0.062831463489,27919857.84,481128.0,58.03,US83200N1037,83200N103
2020-11-30,VSH,identifier,Vishay Intertechnology Inc,0.027350790539,12153627.2,627770.0,19.36,US9282981086,928298108
2020-11-30,KLAC,identifier,KLA Corp,0.396284734316,176093517.99,698867.0,251.97000000000003,US4824801009,482480100
2020-11-30,PLAB,identifier,Photronics Inc,0.007707659666,3424984.08,295512.0,11.59,US7194051022,719405102
2020-11-30,,,Sailpoint Technologies Holdings Inc,0.043045471144,19127732.64,410819.0,46.56,US78781P1057,78781P105
2020-11-30,BAH,identifier,Booz Allen Hamilton Holding Corp,0.121063705042,53796000.39,619841.0,86.79,US0995021062,099502106
2020-11-30,HLIT,identifier,Harmonic Inc,0.006628956475,2945650.35,451095.0,6.53,US4131601027,413160102
2020-11-30,UPLD,SEC company list,Upland Software Inc,0.011409467595,5069923.5,110818.0,45.75,US91544A1097,91544A109
2020-11-30,CDW,identifier,CDW Corp/DE,0.187951711566,83518428.13,640037.0,130.48999999999998,US12514G1085,12514G108
2020-11-30,FN,identifier,Fabrinet,0.025353622375,11266163.37,164927.0,68.30999999999999,KYG3323L1005,G3323L100
2020-11-30,KN,identifier,Knowles Corp,0.015568821116,6918178.38,407431.0,16.98,US49926D1090,49926D109
2020-11-30,HPQ,identifier,HP Inc,0.318481140114,141520627.77,6453289.0,21.930000000000003,US40434L1052,40434L105
2020-11-30,PI,identifier,Impinj Inc,0.006972600511,3098352.39,74141.0,41.79,US4532041096,453204109
2020-11-30,CRWD,identifier,Crowdstrike Holdings Inc,0.222602467282,98915875.84,645328.0,153.28,US22788C1053,22788C105
2020-11-30,IBM,identifier,International Business Machines Corp,1.114117580966,495070506.88,4008019.0,123.52,US4592001014,459200101
2020-11-30,AAOI,identifier,Applied Optoelectronics Inc,0.001601329841,711568.68,85628.0,8.31,US03823U1025,03823U102
2020-11-30,EXTR,identifier,Extreme Networks Inc,0.006698124029,2976385.72,529606.0,5.62,US30226D1063,30226D106
2020-11-30,SAIC,identifier,Science Applications International Corp,0.049261872126,21890059.38,236547.0,92.53999999999999,US8086251076,808625107
2020-11-30,GLW,identifier,Corning Inc,0.289553926841,128666499.64,3438442.0,37.42,US2193501051,219350105
2020-11-30,GPN,identifier,Global Payments Inc,0.593936459319,263922254.7,1352130.0,195.19,US37940X1028,37940X102
2020-11-30,,,2U Inc,0.023258692816,10335258.18,319878.0,32.31,US90214J1016,90214J101
2020-11-30,SSTI,identifier,ShotSpotter Inc,0.002499538023,1110697.45,33485.0,33.17,US82536T1079,82536T107
2020-11-30,APPS,identifier,Digital Turbine Inc,0.035262892992,15669457.7,348365.0,44.98,US25400W1027,25400W102
2020-11-30,CNDT,identifier,Conduent Inc,0.007180107765,3190560.54,756057.0,4.22,US2067871036,206787103
2020-11-30,MU,identifier,Micron Technology Inc,0.724220265395,321815309.27,5021303.0,64.08999999999999,US5951121038,595112103
2020-11-30,PTC,identifier,PTC Inc,0.119803832502,53236162.05,493613.0,107.85,US69370C1009,69370C100
2020-11-30,MSI,identifier,Motorola Solutions Inc,0.296224740648,131630749.76,767392.0,171.53,US6200763075,620076307
2020-11-30,,,Intelligent Systems Corp,0.002646891877,1176175.77,29951.0,39.27,US45816D1000,45816D100
2020-11-30,BDC,identifier,Belden Inc,0.017543185911,7795509.28,202586.0,38.480000000000004,US0774541066,077454106
2020-11-30,AMAT,identifier,Applied Materials Inc,0.768277703285,341392720.56,4139097.0,82.48,US0382221051,038222105
2020-11-30,CSOD,identifier,Cornerstone OnDemand Inc,0.025077488006,11143460.0,252400.0,44.15,US21925Y1038,21925Y103
2020-11-30,FICO,identifier,Fair Isaac Corp,0.139890869902,62162059.96,131482.0,472.78000000000003,US3032501047,303250104
2020-11-30,ALTR,manual table,Altair Engineering Inc,0.021994678059,9773579.2,181328.0,53.9,US0213691035,021369103
2020-11-30,NVDA,identifier,NVIDIA Corp,3.348134984856,1487780924.0,2775400.0,536.06,US67066G1040,67066G104
2020-11-30,,,NeoPhotonics Corp,0.003942018832,1751679.8,217330.0,8.06,US64051T1007,64051T100
2020-11-30,APPF,identifier,Appfolio Inc,0.025009231446,11113129.44,68208.0,162.92999999999998,US03783C1009,03783C100
2020-11-30,IDCC,identifier,InterDigital Inc,0.018445374796,8196406.92,136812.0,59.91,US45867G1013,45867G101
2020-11-30,EEFT,identifier,Euronet Worldwide Inc,0.071587701815,31810789.48,236617.0,134.44,US2987361092,298736109
2020-11-30,LFUS,identifier,Littelfuse Inc,0.058874925991,26161726.51,108767.0,240.53,US5370081045,537008104
2020-11-30,MA,identifier,Mastercard Inc,3.053348941719,1356789475.44,4031944.0,336.51,US57636Q1040,57636Q104
2020-11-30,PAYX,identifier,Paychex Inc,0.306244649912,136083207.6,1460904.0,93.14999999999999,US7043261079,704326107
2020-11-30,XPER,"same company, other snapshot",Xperi Holding Corp,0.020764928093,9227126.16,483602.0,19.080000000000002,US98390M1036,98390M103
2020-11-30,PLTR,identifier,Palantir Technologies Inc,0.002748696852,1221413.94,45054.0,27.11,US69608A1088,69608A108
2020-11-30,,,Virtusa Corp,0.014251396732,6332766.24,126453.0,50.08,US92827P1021,92827P102
2020-11-30,SPLK,manual table,Splunk Inc,0.32920428851,146285577.72,716454.0,204.18,US8486371045,848637104
2020-11-30,UCTT,identifier,Ultra Clean Holdings Inc,0.012646071581,5619422.2,177605.0,31.64,US90385V1070,90385V107
2020-11-30,MTSC,identifier,MTS Systems Corp,0.006737401162,2993838.95,85465.0,35.03,US5537771033,553777103
2020-11-30,WDAY,identifier,Workday Inc,0.396677290196,176267954.55,784145.0,224.79000000000002,US98138H1014,98138H101
2020-11-30,,,Mimecast Ltd,0.027674232177,12297352.08,273396.0,44.98,GB00BYT5JK65,G14838109
2020-11-30,SNX,identifier,SYNNEX Corp,0.071391095494,31723425.28,197888.0,160.31,US87162W1009,87162W100
2020-11-30,LDOS,identifier,Leidos Holdings Inc,0.137648375737,61165582.8,607404.0,100.69999999999999,US5253271028,525327102
2020-11-30,,,Plantronics Inc,0.009297175512,4131303.08,151219.0,27.32,US7274931085,727493108
2020-11-30,MAXNQ,SEC company list,Maxeon Solar Technologies Ltd,4.94597e-07,219.78,9.0,24.42,SGXZ25336314,Y58473102
2020-11-30,SLAB,identifier,Silicon Laboratories Inc,0.052053023844,23130338.61,197341.0,117.21,US8269191024,826919102
2020-11-30,DOCU,identifier,DocuSign Inc,0.402138798964,178694836.56,784162.0,227.88,US2561631068,256163106
2020-11-30,IPHI,identifier,Inphi Corp,0.075668803683,33624272.37,216749.0,155.13,US45772F1075,45772F107
2020-11-30,VRNS,identifier,Varonis Systems Inc,0.038430896491,17077195.2,141555.0,120.64,US9222801022,922280102
2020-11-30,FSLR,identifier,First Solar Inc,0.075398976617,33504371.72,358604.0,93.42999999999999,US3364331070,336433107
2020-11-30,ACIA,identifier,Acacia Communications Inc,0.027118305379,12050319.84,172938.0,69.67999999999999,US00401C1080,00401C108
2020-11-30,PDFS,identifier,PDF Solutions Inc,0.006334108182,2814631.24,127532.0,22.07,US6932821050,693282105
2020-11-30,,,Bottomline Technologies DE Inc,0.020127112398,8943705.68,195962.0,45.64,US1013881065,101388106
2020-11-30,ICHR,identifier,Ichor Holdings Ltd,0.007259536546,3225855.6,101124.0,31.900000000000002,KYG4740B1059,G4740B105
2020-11-30,AGYS,identifier,Agilysys Inc,0.007535206585,3348352.64,89624.0,37.36,US00847J1051,00847J105
2020-11-30,NTAP,identifier,NetApp Inc,0.119266015098,52997176.92,994132.0,53.31,US64110D1046,64110D104
2020-11-30,ZS,identifier,Zscaler Inc,0.113056219824,50237785.5,322554.0,155.75,US98980G1022,98980G102
2020-11-30,AEIS,identifier,Advanced Energy Industries Inc,0.037075011765,16474692.78,170793.0,96.46,US0079731008,007973100
2020-11-30,OLED,identifier,Universal Display Corp,0.098852505259,43926207.36,191784.0,229.04,US91347P1057,91347P105
2020-11-30,VPG,identifier,Vishay Precision Group Inc,0.003142675561,1396482.75,47743.0,29.25,US92835K1034,92835K103
2020-11-30,FIVN,identifier,Five9 Inc,0.09721141613,43196971.2,278331.0,155.20000000000002,US3383071012,338307101
2020-11-30,EVTC,identifier,EVERTEC Inc,0.022827673961,10143730.17,272901.0,37.17,PR30040P1032,30040P103
2020-11-30,ONTO,identifier,Onto Innovation Inc,0.022260848234,9891854.87,223747.0,44.209999999999994,US6833441057,683344105
2020-11-30,HCKT,identifier,Hackett Group Inc/The,0.003596417828,1598108.16,113502.0,14.08,US4046091090,404609109
2020-11-30,U,identifier,Unity Software Inc,0.001540454215,684517.92,4504.0,151.98000000000002,US91332U1016,91332U101
2020-11-30,,,National Instruments Corp,0.047442551418,21081624.04,563228.0,37.43,US6365181022,636518102
2020-11-30,CATM,identifier,Cardtronics PLC,0.009226115016,4099726.56,168852.0,24.28,GB00BYT18414,G1991C105
2020-11-30,FLEX,identifier,Flex Ltd,0.083873347963,37270052.64,2296368.0,16.23,SG9999000020,Y2573F102
2020-11-30,AVGO,identifier,Broadcom Inc,1.630827765258,724676409.54,1804563.0,401.58,US11135F1012,11135F101
2020-11-30,JKHY,identifier,Jack Henry & Associates Inc,0.125376442806,55712413.26,346341.0,160.85999999999999,US4262811015,426281101
2020-11-30,COHR,"same company, other snapshot",Coherent Inc,0.030718981456,13650320.2,112090.0,121.77999999999999,US1924791031,192479103
2020-11-30,,,Limelight Networks Inc,0.00540589069,2402167.5,542250.0,4.43,US53261M1045,53261M104
2020-11-30,,,Zuora Inc,0.011889314937,5283148.99,463841.0,11.39,US98983V1061,98983V106
2020-11-30,VISN,identifier,CommScope Holding Co Inc,0.023138964107,10282055.4,867684.0,11.85,US20337X1090,20337X109
2020-11-30,,,Fitbit Inc,0.016147850701,7175476.6,999370.0,7.18,US33812L1026,33812L102
2020-11-30,QADA,identifier,QAD Inc,0.006806275779,3024444.15,52755.0,57.33,US74727D3061,74727D306
2020-11-30,,,Avaya Holdings Corp,0.015637119129,6948527.36,373376.0,18.61,US05351X1019,05351X101
2020-11-30,CSCO,identifier,Cisco Systems Inc,1.843828634021,819325708.56,19045228.0,43.019999999999996,US17275R1023,17275R102
2020-11-30,NUAN,manual table,Nuance Communications Inc,0.122624356413,54489493.14,1263378.0,43.13,US67020Y1001,67020Y100
2020-11-30,SCSC,identifier,ScanSource Inc,0.006386148201,2837755.8,113058.0,25.099999999999998,US8060371072,806037107
2020-11-30,DBX,identifier,Dropbox Inc,0.05014904246,22284283.36,1115888.0,19.97,US26210C1045,26210C104
2020-11-30,PD,identifier,PagerDuty Inc,0.007995527263,3552901.24,103222.0,34.42,US69553P1003,69553P100
2020-11-30,ANET,"same company, other snapshot",Arista Networks Inc,0.157142193763,69827877.1,257953.0,270.7,US0404131064,040413106
2020-11-30,TDC,identifier,Teradata Corp,0.023842918761,10594865.46,483122.0,21.930000000000003,US88076W1036,88076W103
2020-11-30,INSG,SEC company list,Inseego Corp,0.006164133557,2739101.13,275841.0,9.93,US45782B1044,45782B104
2020-11-30,,,Perficient Inc,0.01500705517,6668551.45,146465.0,45.53,US71375U1016,71375U101
2020-11-30,SSNC,identifier,SS&C Technologies Holdings Inc,0.16084060756,71471308.3,1037470.0,68.89,US78467J1007,78467J100
2020-11-30,RNG,identifier,RingCentral Inc,0.221180575269,98284042.35,330867.0,297.04999999999995,US76680R2067,76680R206
2020-11-30,CTSH,identifier,Cognizant Technology Solutions Corp,0.429841943214,191005036.04,2444708.0,78.13,US1924461023,192446102
2020-11-30,GWRE,identifier,Guidewire Software Inc,0.102863266653,45708433.68,373191.0,122.48,US40171V1008,40171V100
2020-11-30,NTGR,identifier,NETGEAR Inc,0.009395366332,4174935.26,131246.0,31.81,US64111Q1040,64111Q104
2020-11-30,MXL,identifier,MaxLinear Inc,0.021434777669,9524781.25,304793.0,31.25,US57776J1007,57776J100
2020-11-30,,,Everbridge Inc,0.044328335301,19697787.56,155174.0,126.94,US29978A1043,29978A104
2020-11-30,AKAM,identifier,Akamai Technologies Inc,0.170750081953,75874693.18,733018.0,103.51,US00971T1016,00971T101
2020-11-30,ENTG,identifier,Entegris Inc,0.126103457895,56035470.48,605004.0,92.61999999999999,US29362U1043,29362U104
2020-11-30,SPSC,identifier,SPS Commerce Inc,0.036382674082,16167044.85,156855.0,103.07,US78463M1071,78463M107
2020-11-30,AMBA,identifier,Ambarella Inc,0.027832645078,12367744.61,158297.0,78.13,KYG037AX1015,G037AX101
2020-11-30,VIAV,identifier,Viavi Solutions Inc,0.031335095837,13924097.46,1027988.0,13.545000000000002,US9255501051,925550105
2021-02-28,EXLS,identifier,ExlService Holdings Inc,0.027795774817,13222721.2,156260.0,84.61999999999999,US3020811044,302081104
2021-02-28,OSIS,identifier,OSI Systems Inc,0.01533421213,7294634.28,77094.0,94.62,US6710441055,671044105
2021-02-28,,,ManTech International Corp/VA,0.020766605682,9878876.88,126393.0,78.16000000000001,US5645631046,564563104
2021-02-28,,,II-VI Inc,0.083397518694,39673013.1,470617.0,84.3,US9021041085,902104108
2021-02-28,TER,identifier,Teradyne Inc,0.204114511188,97099263.9,754990.0,128.61,US8807701029,880770102
2021-02-28,SNPS,identifier,Synopsys Inc,0.354805460787,168784418.46,688326.0,245.21,US8716071076,871607107
2021-02-28,ZEN,manual table,Zendesk Inc,0.160710767356,76451679.6,523140.0,146.14,US98936J1016,98936J101
2021-02-28,IT,identifier,Gartner Inc,0.151580202755,72108180.96,402749.0,179.04,US3666511072,366651107
2021-02-28,WK,identifier,Workiva Inc,0.033679048655,16021451.95,158393.0,101.14999999999999,US98139A1051,98139A105
2021-02-28,ACLS,identifier,Axcelis Technologies Inc,0.011512241244,5476485.45,148535.0,36.870000000000005,US0545402085,054540208
2021-02-28,AZPN,manual table,Aspen Technology Inc,0.097052122842,46168641.48,306748.0,150.51,US0453271035,045327103
2021-02-28,BHE,identifier,Benchmark Electronics Inc,0.009809649604,4666546.0,164315.0,28.4,US08160H1014,08160H101
2021-02-28,MTSI,identifier,MACOM Technology Solutions Holdings Inc,0.028319100853,13471672.5,209350.0,64.35,US55405Y1001,55405Y100
2021-02-28,PFPT,identifier,Proofpoint Inc,0.065641920223,31226501.72,258241.0,120.92,US7434241037,743424103
2021-02-28,CVLT,identifier,CommVault Systems Inc,0.026359859463,12539642.26,196762.0,63.73,US2041661024,204166102
2021-02-28,DMRC,SEC company list,Digimarc Corp,0.003092510775,1471137.54,40206.0,36.59,US25381B1017,25381B101
2021-02-28,ARW,identifier,Arrow Electronics Inc,0.074439363339,35411531.22,353197.0,100.25999999999999,US0427351004,042735100
2021-02-28,,,SVMK Inc,0.019622149813,9334448.06,501313.0,18.62,US78489X1037,78489X103
2021-02-28,MDB,identifier,MongoDB Inc,0.176688549809,84052466.56,217792.0,385.93,US60937P1066,60937P106
2021-02-28,,,Verint Systems Inc,0.029832531226,14191626.09,287921.0,49.29,US92343X1000,92343X100
2021-02-28,BFH,identifier,Alliance Data Systems Corp,0.041253969118,19624915.5,203367.0,96.5,US0185811082,018581108
2021-02-28,NSSC,identifier,Napco Security Technologies Inc,0.004326241816,2058035.43,66111.0,31.13,US6304021057,630402105
2021-02-28,GDDY,identifier,GoDaddy Inc,0.128588848744,61170969.6,754080.0,81.12,US3802371076,380237107
2021-02-28,CGNX,identifier,Cognex Corp,0.1356167009,64514187.42,781138.0,82.59,US1924221039,192422103
2021-02-28,AAPL,identifier,Apple Inc,19.73053881942,9386009767.56,77404006.0,121.25999999999999,US0378331005,037833100
2021-02-28,SNOW,identifier,Snowflake Inc,0.080100029023,38104365.1,146815.0,259.54,US8334451098,833445109
2021-02-28,JBL,identifier,Jabil Inc,0.055249660849,26282802.57,608821.0,43.17,US4663131039,466313103
2021-02-28,MRVL,manual table,Marvell Technology Group Ltd,0.307641727791,146348170.64,3031238.0,48.279999999999994,BMG5876H1051,G5876H105
2021-02-28,ADI,identifier,Analog Devices Inc,0.547311359174,260361352.02,1670911.0,155.82,US0326541051,032654105
2021-02-28,QTWO,identifier,Q2 Holdings Inc,0.055201258878,26259777.28,215456.0,121.88000000000001,US74736L1098,74736L109
2021-02-28,CALX,identifier,Calix Inc,0.02060648849,9802707.57,248107.0,39.51,US13100M5094,13100M509
2021-02-28,TTMI,identifier,TTM Technologies Inc,0.013261129979,6308448.88,446774.0,14.12,US87305R1095,87305R109
2021-02-28,,,Ping Identity Holding Corp,0.008031050252,3820448.94,163058.0,23.43,US72341T1034,72341T103
2021-02-28,,,American Software Inc/GA,0.006071043479,2888054.6,142973.0,20.2,US0296831094,029683109
2021-02-28,RBBN,identifier,Ribbon Communications Inc,0.006187744134,2943570.24,340691.0,8.64,US7625441040,762544104
2021-02-28,AMD,identifier,Advanced Micro Devices Inc,0.94434302355,449233187.4,5315740.0,84.50999999999999,US0079031078,007903107
2021-02-28,NSIT,identifier,Insight Enterprises Inc,0.027531595201,13097048.38,156682.0,83.59,US45765U1034,45765U103
2021-02-28,SEDG,identifier,SolarEdge Technologies Inc,0.142214510854,67652829.97,226787.0,298.31,US83417M1045,83417M104
2021-02-28,APH,identifier,Amphenol Corp,0.357090588328,169871475.92,1351619.0,125.67999999999999,US0320951017,032095101
2021-02-28,VECO,identifier,Veeco Instruments Inc,0.010013271664,4763411.0,221554.0,21.5,US9224171002,922417100
2021-02-28,PRGS,identifier,Progress Software Corp,0.017940298109,8534374.8,200620.0,42.540000000000006,US7433121008,743312100
2021-02-28,MSFT,identifier,Microsoft Corp,15.89343195673,7560660605.94,32535763.0,232.38,US5949181045,594918104
2021-02-28,IPGP,identifier,IPG Photonics Corp,0.08004639632,38078851.5,167490.0,227.35,US44980X1090,44980X109
2021-02-28,NOW,identifier,ServiceNow Inc,0.974233637104,463452443.82,868767.0,533.46,US81762P1021,81762P102
2021-02-28,,,SMART Global Holdings Inc,0.006260571714,2978215.03,63787.0,46.69,KYG8232Y1017,G8232Y101
2021-02-28,LRCX,"same company, other snapshot",Lam Research Corp,0.786802902932,374289815.38,659902.0,567.1899999999999,US5128071082,512807108
2021-02-28,,,Model N Inc,0.010727497086,5103175.0,120500.0,42.35,US6075251024,607525102
2021-02-28,LITE,identifier,Lumentum Holdings Inc,0.065209972553,31021020.0,344678.0,90.0,US55024U1097,55024U109
2021-02-28,DDD,identifier,3D Systems Corp,0.040990716875,19499683.84,544076.0,35.839999999999996,US88554D2053,88554D205
2021-02-28,,,Sykes Enterprises Inc,0.015078980618,7173218.16,175556.0,40.86,US8712371033,871237103
2021-02-28,V,identifier,Visa Inc,3.183253193886,1514304593.7,7129830.0,212.39000000000001,US92826C8394,92826C839
2021-02-28,ESTC,identifier,Elastic NV,0.077838662715,37028611.09,275531.0,134.39000000000001,NL0013056914,N14506104
2021-02-28,EPAM,identifier,EPAM Systems Inc,0.198398785355,94380237.37,252617.0,373.61,US29414B1044,29414B104
2021-02-28,NET,identifier,Cloudflare Inc,0.108702882667,51711021.57,699081.0,73.97,US18915M1071,18915M107
2021-02-28,TRMB,identifier,Trimble Inc,0.176762687326,84087734.5,1134175.0,74.14,US8962391004,896239100
2021-02-28,PLUS,identifier,ePlus Inc,0.011985239218,5701495.2,60295.0,94.56,US2942681071,294268107
2021-02-28,,,Black Knight Inc,0.114009591577,54235474.76,707204.0,76.69,US09215C1053,09215C105
2021-02-28,ADBE,identifier,Adobe Inc,2.097470724249,997787282.2,2170660.0,459.67,US00724F1012,00724F101
2021-02-28,,,Casa Systems Inc,0.002278387926,1083851.36,132016.0,8.21,US14713L1026,14713L102
2021-02-28,RP,identifier,RealPage Inc,0.075071096233,35712052.72,411524.0,86.78,US75606N1090,75606N109
2021-02-28,AFRM,identifier,Affirm Holdings Inc,0.001495737167,711536.76,7646.0,93.06,US00827B1061,00827B106
2021-02-28,ON,identifier,ON Semiconductor Corp,0.158109374595,75214171.69,1867747.0,40.269999999999996,US6821891057,682189105
2021-02-28,,,LivePerson Inc,0.038964403956,18535747.02,282471.0,65.62,US5381461012,538146101
2021-02-28,INTU,identifier,Intuit Inc,0.96765530039,460323064.88,1179892.0,390.14,US4612021034,461202103
2021-02-28,OSPN,identifier,OneSpan Inc,0.007042131997,3350010.88,143408.0,23.36,US68287N1000,68287N100
2021-02-28,,,CSG Systems International Inc,0.01420812658,6758944.4,146456.0,46.150000000000006,US1263491094,126349109
2021-02-28,AOSL,identifier,Alpha & Omega Semiconductor Ltd,0.006716735957,3195216.81,90799.0,35.19,BMG6331P1041,G6331P104
2021-02-28,DBD,"same company, other snapshot",Diebold Nixdorf Inc,0.009583858144,4559134.8,313990.0,14.52,US2536511031,253651103
2021-02-28,,,Cree Inc,0.118598448673,56418438.84,497254.0,113.46000000000001,US2254471012,225447101
2021-02-28,PRSP,identifier,Perspecta Inc,0.039693016681,18882355.2,646656.0,29.2,US7153471005,715347100
2021-02-28,SWKS,identifier,Skyworks Solutions Inc,0.28343859539,134834504.48,758264.0,177.82,US83088M1027,83088M102
2021-02-28,DLB,identifier,Dolby Laboratories Inc,0.06022951758,28651768.99,293473.0,97.63,US25659T1079,25659T107
2021-02-28,NXPI,identifier,NXP Semiconductors NV,0.484711158167,230581825.8,1263116.0,182.55,NL0009538784,N6596X109
2021-02-28,NVEC,identifier,NVE Corp,0.003371439657,1603826.73,22759.0,70.47,US6294452064,629445206
2021-02-28,TWLO,identifier,Twilio Inc,0.488249723155,232265155.68,591186.0,392.88,US90138F1021,90138F102
2021-02-28,ADSK,identifier,Autodesk Inc,0.575056865483,273560160.0,991160.0,276.0,US0527691069,052769106
2021-02-28,KEYS,identifier,Keysight Technologies Inc,0.252859550167,120287754.4,849970.0,141.52,US49338L1035,49338L103
2021-02-28,WEX,identifier,WEX Inc,0.08795194244,41839596.9,200814.0,208.35,US96208T1043,96208T104
2021-02-28,ARLO,identifier,Arlo Technologies Inc,0.004866369673,2314979.52,332612.0,6.96,US04206A1016,04206A101
2021-02-28,CASS,identifier,Cass Information Systems Inc,0.004994714319,2376034.32,55154.0,43.08,US14808P1093,14808P109
2021-02-28,AZTA,identifier,Brooks Automation Inc,0.057785837289,27489286.44,330559.0,83.16000000000001,US1143401024,114340102
2021-02-28,CTXS,manual table,Citrix Systems Inc,0.148601263122,70691070.32,529204.0,133.57999999999998,US1773761002,177376100
2021-02-28,WDC,identifier,Western Digital Corp,0.19700739322,93718338.56,1367552.0,68.53,US9581021055,958102105
2021-02-28,ADP,identifier,Automatic Data Processing Inc,0.711981445263,338696518.16,1946308.0,174.02,US0530151036,053015103
2021-02-28,GEN,identifier,NortonLifeLock Inc,0.104307376957,49620036.63,2543313.0,19.51,US6687711084,668771108
2021-02-28,MXIM,identifier,Maxim Integrated Products Inc,0.237342036077,112905921.59,1211827.0,93.17,US57772K1016,57772K101
2021-02-28,CTS,identifier,CTS Corp,0.008801225863,4186828.99,130147.0,32.17,US1265011056,126501105
2021-02-28,PCTY,identifier,Paylocity Holding Corp,0.067920291669,32310345.24,168996.0,191.19,US70438V1061,70438V106
2021-02-28,,,GreenSky Inc,0.002543583329,1210007.4,227445.0,5.319999999999999,US39572G1004,39572G100
2021-02-28,PLXS,identifier,Plexus Corp,0.023169848774,11022123.06,131247.0,83.98,US7291321005,729132100
2021-02-28,SPT,identifier,Sprout Social Inc,0.012388660881,5893406.82,86706.0,67.97,US85209W1099,85209W109
2021-02-28,ORCL,identifier,Oracle Corp,1.223928002435,582234488.92,9025492.0,64.50999999999999,US68389X1054,68389X105
2021-02-28,DELL,identifier,Dell Technologies Inc,0.188168013546,89513359.43,1104149.0,81.07000000000001,US24703L2025,24703L202
2021-02-28,ACMR,identifier,ACM Research Inc,0.010499682292,4994801.28,51408.0,97.16000000000001,US00108J1097,00108J109
2021-02-28,INTC,identifier,Intel Corp,2.459232055738,1169880676.2,19247790.0,60.78,US4581401001,458140100
2021-02-28,MPWR,identifier,Monolithic Power Systems Inc,0.152306925714,72453890.16,193458.0,374.52,US6098391054,609839105
2021-02-28,CMTL,identifier,Comtech Telecommunications Corp,0.005532804274,2632008.96,97917.0,26.88,US2058262096,205826209
2021-02-28,TYL,identifier,Tyler Technologies Inc,0.17672042929,84067631.94,181407.0,463.41999999999996,US9022521051,902252105
2021-02-28,,,Evo Payments Inc,0.011061519668,5262072.8,206680.0,25.46,US26927E1047,26927E104
2021-02-28,SABR,identifier,Sabre Corp,0.043290236636,20593587.82,1401878.0,14.69,US78573M1045,78573M104
2021-02-28,KE,identifier,Kimball Electronics Inc,0.005492835196,2612995.28,111286.0,23.479999999999997,US49428J1097,49428J109
2021-02-28,FLIR,identifier,FLIR Systems Inc,0.067027805365,31885780.8,597112.0,53.4,US3024451011,302445101
2021-02-28,ZBRA,identifier,Zebra Technologies Corp,0.253966023842,120814114.72,241904.0,499.43,US9892071054,989207105
2021-02-28,RPAY,identifier,Repay Holdings Corp,0.014020774104,6669819.0,305955.0,21.8,US76029L1008,76029L100
2021-02-28,,,GTT Communications Inc,0.000444926845,211656.04,112583.0,1.8800000000000001,US3623931009,362393100
2021-02-28,MDLA,identifier,Medallia Inc,0.029544429481,14054573.28,348144.0,40.37,US5840211099,584021109
2021-02-28,NTNX,identifier,Nutanix Inc,0.053423376245,25414021.17,839162.0,30.285000000000004,US67059N1081,67059N108
2021-02-28,KLIC,identifier,Kulicke & Soffa Industries Inc,0.029847887795,14198931.36,284776.0,49.86,US5012421013,501242101
2021-02-28,CIEN,identifier,Ciena Corp,0.075694080075,36008412.21,690213.0,52.17,US1717793095,171779309
2021-02-28,DGII,identifier,Digi International Inc,0.005873812207,2794229.76,119616.0,23.36,US2537981027,253798102
2021-02-28,FFIV,identifier,F5 Networks Inc,0.11037823341,52508002.26,276387.0,189.98,US3156161024,315616102
2021-02-28,PAR,identifier,PAR Technology Corp,0.016775148487,7980101.76,91852.0,86.88,US6988841036,698884103
2021-02-28,SMCI,"same company, other snapshot",Super Micro Computer Inc,0.013592650825,6466156.58,198166.0,32.63,US86800U1043,86800U104
2021-02-28,AMKR,identifier,Amkor Technology Inc,0.024261738557,11541545.68,483112.0,23.89,US0316521006,031652100
2021-02-28,MANH,identifier,Manhattan Associates Inc,0.074629662527,35502058.4,288752.0,122.94999999999999,US5627501092,562750109
2021-02-28,APPN,identifier,Appian Corp,0.049712663031,23648798.7,137573.0,171.9,US03782L1017,03782L101
2021-02-28,SYNA,identifier,Synaptics Inc,0.043072983408,20490238.34,152878.0,134.03,US87157D1090,87157D109
2021-02-28,IMXI,identifier,International Money Express Inc,0.003893322061,1852091.28,125736.0,14.73,US46005L1017,46005L101
2021-02-28,VSAT,identifier,Viasat Inc,0.025349740549,12059118.84,235806.0,51.14,US92552V1008,92552V100
2021-02-28,QRVO,identifier,Qorvo Inc,0.189518843237,90155962.29,515973.0,174.73000000000002,US74736K1016,74736K101
2021-02-28,,,Avalara Inc,0.11858739727,56413181.58,359457.0,156.94,US05338G1067,05338G106
2021-02-28,CACI,identifier,CACI International Inc,0.052439335438,24945903.36,112704.0,221.34,US1271903049,127190304
2021-02-28,ANSS,manual table,ANSYS Inc,0.278897149031,132674094.15,389085.0,340.99,US03662Q1058,03662Q105
2021-02-28,DDOG,identifier,Datadog Inc,0.137870740345,65586455.97,687417.0,95.41,US23804L1035,23804L103
2021-02-28,SANM,identifier,Sanmina Corp,0.023311864781,11089681.46,311333.0,35.620000000000005,US8010561020,801056102
2021-02-28,,,Pluralsight Inc,0.020658743567,9827565.82,477298.0,20.59,US72941B1061,72941B106
2021-02-28,PRO,identifier,PROS Holdings Inc,0.018500467409,8800852.8,185672.0,47.400000000000006,US74346Y1038,74346Y103
2021-02-28,TEL,"same company, other snapshot",TE Connectivity Ltd,0.409357043624,194735138.51,1497617.0,130.03,CH0102993182,H84989104
2021-02-28,VNT,identifier,Vontier Corp,0.05018378833,23872917.6,760284.0,31.400000000000002,US9288811014,928881101
2021-02-28,VYX,identifier,NCR Corp,0.04201438426,19986652.4,574990.0,34.76,US62886E1082,62886E108
2021-02-28,DXC,identifier,DXC Technology Co,0.060828470255,28936696.62,1147371.0,25.220000000000002,US23355L1061,23355L106
2021-02-28,HUBS,identifier,HubSpot Inc,0.212276980146,100982230.0,196082.0,515.0,US4435731009,443573100
2021-02-28,TCX,identifier,Tucows Inc,0.006698539379,3186560.52,40326.0,79.02,US8986972060,898697206
2021-02-28,,,FireEye Inc,0.041039070477,19522686.12,1010491.0,19.32,US31816Q1013,31816Q101
2021-02-28,MCHP,identifier,Microchip Technology Inc,0.366718060777,174451358.47,1142969.0,152.63,US5950171042,595017104
2021-02-28,NTCT,identifier,NetScout Systems Inc,0.019511502344,9281811.98,328909.0,28.220000000000002,US64115T1043,64115T104
2021-02-28,STX,"same company, other snapshot",Seagate Technology PLC,0.160842232896,76514219.04,1044848.0,73.23,IE00B58JVZ52,G7945M107
2021-02-28,XLNX,manual table,Xilinx Inc,0.303605100785,144427907.8,1108426.0,130.3,US9839191015,983919101
2021-02-28,QLYS,identifier,Qualys Inc,0.031302361651,14890838.76,153261.0,97.16,US74758T3032,74758T303
2021-02-28,,,Anaplan Inc,0.068764895646,32712131.59,503341.0,64.99,US03272L1089,03272L108
2021-02-28,,,Ceridian HCM Holding Inc,0.113389208754,53940352.6,601610.0,89.66,US15677J1088,15677J108
2021-02-28,FROG,identifier,JFrog Ltd,0.006788491812,3229351.77,60373.0,53.49,IL0011684185,M6191J100
2021-02-28,MKSI,identifier,MKS Instruments Inc,0.086396538344,41099676.0,249240.0,164.9,US55306N1046,55306N104
2021-02-28,P,identifier,Pure Storage Inc,0.0529055403,25167681.56,1076462.0,23.38,US74624M1027,74624M102
2021-02-28,,,Infinera Corp,0.015907602517,7567401.68,770219.0,9.82500000649166,US45667G1031,45667G103
2021-02-28,SMTC,identifier,Semtech Corp,0.045127644242,21467660.54,292834.0,73.31,US8168501018,816850101
2021-02-28,KBR,identifier,KBR Inc,0.042991563299,20451506.0,659726.0,31.0,US48242W1062,48242W106
2021-02-28,,,Qualtrics International Inc,0.01885838145,8971116.0,236082.0,38.0,US7476012015,747601201
2021-02-28,TTD,identifier,Trade Desk Inc/The,0.31967249433,152071323.63,188817.0,805.39,US88339J1051,88339J105
2021-02-28,RMBS,identifier,Rambus Inc,0.022471822767,10690065.28,509536.0,20.98,US7509171069,750917106
2021-02-28,,,CalAmp Corp,0.003581112633,1703570.21,152513.0,11.17,US1281261099,128126109
2021-02-28,DT,identifier,Dynatrace Inc,0.087327689316,41542633.6,834860.0,49.760000000000005,US2681501092,268150109
2021-02-28,JNPR,manual table,Juniper Networks Inc,0.074381084567,35383807.44,1519923.0,23.279999999999998,US48203R1041,48203R104
2021-02-28,SITM,identifier,SiTime Corp,0.007716412474,3670772.68,37676.0,97.43,US82982T1060,82982T106
2021-02-28,PYPL,identifier,PayPal Holdings Inc,2.757820486107,1311922104.95,5048767.0,259.85,US70450Y1038,70450Y103
2021-02-28,WU,identifier,Western Union Co/The,0.090614228612,43106072.4,1856420.0,23.22,US9598021098,959802109
2021-02-28,ZIXI,identifier,Zix Corp,0.003968611751,1887907.32,255814.0,7.38,US98974P1003,98974P100
2021-02-28,ACIW,identifier,ACI Worldwide Inc,0.042492339942,20214020.58,528333.0,38.26,US0044981019,004498101
2021-02-28,SPWRW,SEC company list,SunPower Corp,0.030800457374,14652078.0,421400.0,34.77,US8676524064,867652406
2021-02-28,VRRM,identifier,Verra Mobility Corp,0.01726221647,8211804.75,576267.0,14.25,US92511U1025,92511U102
2021-02-28,BL,identifier,Blackline Inc,0.057255812294,27237148.38,219619.0,124.02,US09239B1098,09239B109
2021-02-28,,,Ebix Inc,0.005670988449,2697744.52,110654.0,24.38,US2787152063,278715206
2021-02-28,PAYS,identifier,Paysign Inc,0.00122150369,581081.22,128274.0,4.529999999999999,US70451A1043,70451A104
2021-02-28,ATEN,identifier,A10 Networks Inc,0.004411169757,2098436.48,224672.0,9.34,US0021211018,002121101
2021-02-28,VMW,manual table,VMware Inc,0.110615704808,52620969.72,380732.0,138.21,US9285634021,928563402
2021-02-28,CDNS,identifier,Cadence Design Systems Inc,0.375070449889,178424671.44,1264616.0,141.09,US1273871087,127387108
2021-02-28,LSCC,identifier,Lattice Semiconductor Corp,0.061928977982,29460218.88,612224.0,48.12,US5184151042,518415104
2021-02-28,FORM,identifier,FormFactor Inc,0.032817087603,15611408.67,344091.0,45.37,US3463751087,346375108
2021-02-28,CDK,identifier,CDK Global Inc,0.057476315613,27342043.96,545314.0,50.14,US12508E1010,12508E101
2021-02-28,ZM,identifier,Zoom Video Communications Inc,0.614875468574,292502257.88,782908.0,373.61,US98980L1017,98980L101
2021-02-28,CPAY,manual table,FleetCor Technologies Inc,0.221811972486,105518118.86,380506.0,277.31,US3390411052,339041105
2021-02-28,MMS,identifier,MAXIMUS Inc,0.047040796563,22377765.76,275317.0,81.28,US5779331041,577933104
2021-02-28,BMI,identifier,Badger Meter Inc,0.029714746317,14135594.66,130174.0,108.59,US0565251081,056525108
2021-02-28,HPE,identifier,Hewlett Packard Enterprise Co,0.177686541539,84527220.96,5805441.0,14.559999999999999,US42824C1099,42824C109
2021-02-28,CEVA,identifier,CEVA Inc,0.012566244122,5977884.9,97630.0,61.230000000000004,US1572101053,157210105
2021-02-28,FISV,identifier,Fiserv Inc,0.624515053724,297087902.56,2575088.0,115.37,US3377381088,337738108
2021-02-28,FIS,identifier,Fidelity National Information Services Inc,0.814335894448,387387528.0,2807156.0,138.0,US31620M1062,31620M106
2021-02-28,FTNT,identifier,Fortinet Inc,0.222086261354,105648600.75,625695.0,168.85,US34959E1091,34959E109
2021-02-28,,,SolarWinds Corp,0.009279909552,4414543.49,272671.0,16.19,US83417Q1058,83417Q105
2021-02-28,ZD,identifier,J2 Global Inc,0.048178764316,22919108.12,205774.0,111.38000000000001,US48123V1026,48123V102
2021-02-28,VHC,SEC company list,VirnetX Holding Corp,0.004198314083,1997178.96,286951.0,6.96,US92823T1088,92823T108
2021-02-28,CRNC,identifier,Cerence Inc,0.038630447339,18376880.6,165230.0,111.22000000000001,US1567271093,156727109
2021-02-28,ITRI,identifier,Itron Inc,0.043878702645,20873526.84,178041.0,117.24,US4657411066,465741106
2021-02-28,RPD,identifier,Rapid7 Inc,0.036838213918,17524297.68,229857.0,76.24,US7534221046,753422104
2021-02-28,,,Envestnet Inc,0.032414019286,15419665.14,240857.0,64.02,US29404K1060,29404K106
2021-02-28,ENPH,identifier,Enphase Energy Inc,0.200185775096,95230325.82,540897.0,176.05999999999997,US29355A1079,29355A107
2021-02-28,VRSN,identifier,VeriSign Inc,0.191349547449,91026846.14,469138.0,194.03,US92343E1029,92343E102
2021-02-28,ECHO,identifier,EchoStar Corp,0.010108092717,4808518.3,211829.0,22.7,US2787681061,278768106
2021-02-28,HUCK,identifier,Domo Inc,0.013168274494,6264276.62,98294.0,63.730000000000004,US2575541055,257554105
2021-02-28,MEI,identifier,Methode Electronics Inc,0.013549522678,6445640.1,165570.0,38.93,US5915202007,591520200
2021-02-28,DIOD,identifier,Diodes Inc,0.033487754974,15930451.68,202884.0,78.52,US2545431015,254543101
2021-02-28,,,New Relic Inc,0.029660967348,14110011.48,230782.0,61.14,US64829B1008,64829B100
2021-02-28,UIS,identifier,Unisys Corp,0.014450503574,6874245.5,280010.0,24.55,US9092143067,909214306
2021-02-28,EGHT,identifier,8x8 Inc,0.031962358187,15204805.55,444455.0,34.21,US2829141009,282914100
2021-02-28,QCOM,identifier,QUALCOMM Inc,1.461885647562,695433261.74,5106346.0,136.19,US7475251036,747525103
2021-02-28,,,NIC Inc,0.021660799434,10304253.57,296867.0,34.71,US62914B1008,62914B100
2021-02-28,,,Switch Inc,0.012144895478,5777445.24,333186.0,17.34,US87105L1044,87105L104
2021-02-28,FSLY,identifier,Fastly Inc,0.056591867236,26921303.24,365878.0,73.58,US31188V1008,31188V100
2021-02-28,NOVT,identifier,Novanta Inc,0.044433260792,21137335.56,159732.0,132.32999999999998,CA67000B1040,67000B104
2021-02-28,TXN,identifier,Texas Instruments Inc,1.50011066935,713617277.45,4142435.0,172.27,US8825081040,882508104
2021-02-28,ROG,identifier,Rogers Corp,0.031757776572,15107484.08,83246.0,181.48,US7751331015,775133101
2021-02-28,BILL,identifier,Bill.com Holdings Inc,0.079615258933,37873755.24,229524.0,165.01000000000002,US0900431000,090043100
2021-02-28,BR,identifier,Broadridge Financial Solutions Inc,0.155530771467,73987505.03,519247.0,142.49,US11133T1034,11133T103
2021-02-28,LASR,identifier,nLight Inc,0.012563395621,5976529.84,156782.0,38.12,US65487K1007,65487K100
2021-02-28,POWI,identifier,Power Integrations Inc,0.050594456512,24068276.46,272358.0,88.37,US7392761034,739276103
2021-02-28,DAKT,identifier,Daktronics Inc,0.001949880052,927576.96,171456.0,5.41,US2342641097,234264109
2021-02-28,BOX,identifier,Box Inc,0.027116361903,12899517.85,702971.0,18.349999999999998,US10316T1043,10316T104
2021-02-28,YEXT,identifier,Yext Inc,0.013495281747,6419837.16,379423.0,16.92,US98585N1063,98585N106
2021-02-28,CRM,identifier,salesforce.com Inc,1.874579401727,891755706.0,4118964.0,216.5,US79466L3024,79466L302
2021-02-28,RAMP,identifier,LiveRamp Holdings Inc,0.039183092304,18639779.2,295120.0,63.16,US53815P1084,53815P108
2021-02-28,XRX,identifier,Xerox Holdings Corp,0.045403443464,21598860.92,847679.0,25.48,US98421M1062,98421M106
2021-02-28,WORK,identifier,Slack Technologies Inc,0.1515146424,72076993.26,1760982.0,40.93,US83088V1026,83088V102
2021-02-28,CCMP,identifier,CMC Materials Inc,0.046806075162,22266106.5,130593.0,170.5,US12571T1007,12571T100
2021-02-28,,,Alteryx Inc,0.048327753231,22989983.6,240481.0,95.60000000000001,US02156B1035,02156B103
2021-02-28,ADTN,"same company, other snapshot",ADTRAN Inc,0.007571401868,3601789.72,213883.0,16.84,US00738A1060,00738A106
2021-02-28,,,FARO Technologies Inc,0.015404179037,7327918.22,78407.0,93.46,US3116421021,311642102
2021-02-28,OKTA,identifier,Okta Inc,0.298416219794,141959506.5,542970.0,261.45,US6792951054,679295105
2021-02-28,FOUR,identifier,Shift4 Payments Inc,0.023632499451,11242210.5,146957.0,76.5,US82452J1097,82452J109
2021-02-28,MSTR,identifier,MicroStrategy Inc,0.051650558822,24570674.63,32743.0,750.41,US5949724083,594972408
2021-02-28,XYZ,identifier,Square Inc,0.813461663855,386971647.98,1682266.0,230.03,US8522341036,852234103
2021-02-28,ACN,identifier,Accenture PLC,1.518284653965,722262819.2,2878688.0,250.9,IE00B4BNMY34,G1151C101
2021-02-28,CLDR,identifier,Cloudera Inc,0.031513713214,14991380.76,928834.0,16.14,US18914U1007,18914U100
2021-02-28,CRUS,identifier,Cirrus Logic Inc,0.045602116666,21693371.7,265265.0,81.78,US1727551004,172755100
2021-02-28,CNXN,identifier,PC Connection Inc,0.005465280138,2599887.07,56507.0,46.01,US69318J1007,69318J100
2021-02-28,BLKB,identifier,Blackbaud Inc,0.032572299622,15494960.64,225152.0,68.82000000000001,US09227Q1004,09227Q100
2021-02-28,TTEC,identifier,TTEC Holdings Inc,0.014541400301,6917485.96,82214.0,84.14,US89854H1023,89854H102
2021-02-28,,,Benefitfocus Inc,0.004202776132,1999301.6,131533.0,15.200000000000001,US08180D1063,08180D106
2021-02-28,PEGA,identifier,Pegasystems Inc,0.050208782246,23884807.45,180467.0,132.35,US7055731035,705573103
2021-02-28,PANW,identifier,Palo Alto Networks Inc,0.328422757773,156233909.3,436030.0,358.31,US6974351057,697435105
2021-02-28,AVT,identifier,Avnet Inc,0.035650459504,16959271.32,445476.0,38.07,US0538071038,053807103
2021-02-28,MITK,identifier,Mitek Systems Inc,0.005954291868,2832514.72,185374.0,15.280000000000001,US6067102003,606710200
2021-02-28,PAYC,identifier,Paycom Software Inc,0.177355598902,84369788.32,225443.0,374.23999999999995,US70432V1026,70432V102
2021-02-28,COHU,identifier,Cohu Inc,0.017033475627,8102990.5,186490.0,43.45,US1925761066,192576106
2021-02-28,TENB,identifier,Tenable Holdings Inc,0.022212289955,10566602.99,258289.0,40.910000000000004,US88025T1025,88025T102
2021-02-28,COUP,manual table,Coupa Software Inc,0.220651243837,104965948.92,303142.0,346.26,US22266L1061,22266L106
2021-02-28,ALRM,identifier,Alarm.com Holdings Inc,0.036465110952,17346808.96,197392.0,87.88000000000001,US0116421050,011642105
2021-02-28,,,Smartsheet Inc,0.071666967021,34092675.25,492313.0,69.25,US83200N1037,83200N103
2021-02-28,VSH,identifier,Vishay Intertechnology Inc,0.031030163028,14761351.22,618406.0,23.87,US9282981086,928298108
2021-02-28,KLAC,identifier,KLA Corp,0.460529174985,219078220.53,703911.0,311.23,US4824801009,482480100
2021-02-28,PLAB,identifier,Photronics Inc,0.007388655268,3514855.38,295118.0,11.91,US7194051022,719405102
2021-02-28,,,Sailpoint Technologies Holdings Inc,0.04862541961,23131586.4,410280.0,56.379999999999995,US78781P1057,78781P105
2021-02-28,BAH,identifier,Booz Allen Hamilton Holding Corp,0.101258241222,48169533.02,624443.0,77.14,US0995021062,099502106
2021-02-28,HLIT,identifier,Harmonic Inc,0.007334756983,3489215.44,450512.0,7.745,US4131601027,413160102
2021-02-28,UPLD,SEC company list,Upland Software Inc,0.011499590841,5470467.53,110671.0,49.43,US91544A1097,91544A109
2021-02-28,CDW,identifier,CDW Corp/DE,0.213846876273,101729044.9,648410.0,156.89000000000001,US12514G1085,12514G108
2021-02-28,FN,identifier,Fabrinet,0.030583426508,14548834.3,164710.0,88.33,KYG3323L1005,G3323L100
2021-02-28,KN,identifier,Knowles Corp,0.017782143585,8459139.15,406885.0,20.79,US49926D1090,49926D109
2021-02-28,HPQ,identifier,HP Inc,0.393620357656,187249043.5,6463550.0,28.97,US40434L1052,40434L105
2021-02-28,PI,identifier,Impinj Inc,0.010297519966,4898630.69,76577.0,63.970000000000006,US4532041096,453204109
2021-02-28,CRWD,identifier,Crowdstrike Holdings Inc,0.295821304533,140725080.0,651505.0,216.0,US22788C1053,22788C105
2021-02-28,IBM,identifier,International Business Machines Corp,1.007894457964,479465224.63,4031491.0,118.92999999999999,US4592001014,459200101
2021-02-28,EXTR,identifier,Extreme Networks Inc,0.010379833919,4937788.24,538472.0,9.17,US30226D1063,30226D106
2021-02-28,CNXC,identifier,Concentrix Corp,0.05125339215,24381738.57,197407.0,123.51,US20602D1019,20602D101
2021-02-28,SAIC,identifier,Science Applications International Corp,0.042772436133,20347265.07,236239.0,86.13,US8086251076,808625107
2021-02-28,GLW,identifier,Corning Inc,0.277074027469,131806817.44,3446831.0,38.24,US2193501051,219350105
2021-02-28,GPN,identifier,Global Payments Inc,0.564744802173,268654610.9,1356910.0,197.98999999999998,US37940X1028,37940X102
2021-02-28,,,2U Inc,0.026613785978,12660437.58,319466.0,39.63,US90214J1016,90214J101
2021-02-28,SSTI,identifier,ShotSpotter Inc,0.003150068014,1498518.08,35696.0,41.980000000000004,US82536T1079,82536T107
2021-02-28,APPS,identifier,Digital Turbine Inc,0.061559992843,29284689.05,354665.0,82.57000000000001,US25400W1027,25400W102
2021-02-28,CNDT,identifier,Conduent Inc,0.008539322362,4062238.94,755063.0,5.38,US2067871036,206787103
2021-02-28,MU,identifier,Micron Technology Inc,0.967767233558,460376312.58,5029786.0,91.53,US5951121038,595112103
2021-02-28,PTC,identifier,PTC Inc,0.143524973641,68276229.9,498585.0,136.94000000000003,US69370C1009,69370C100
2021-02-28,MSI,identifier,Motorola Solutions Inc,0.283166605508,134705116.24,767638.0,175.48000000000002,US6200763075,620076307
2021-02-28,,,Intelligent Systems Corp,0.002495359555,1187066.88,29916.0,39.68,US45816D1000,45816D100
2021-02-28,BDC,identifier,Belden Inc,0.01880257263,8944567.2,202320.0,44.209999999999994,US0774541066,077454106
2021-02-28,AMAT,identifier,Applied Materials Inc,1.026604321922,488365689.41,4132039.0,118.19000000000001,US0382221051,038222105
2021-02-28,CSOD,identifier,Cornerstone OnDemand Inc,0.026770484425,12734980.56,252078.0,50.52,US21925Y1038,21925Y103
2021-02-28,FICO,identifier,Fair Isaac Corp,0.125896287914,59890092.15,130893.0,457.55,US3032501047,303250104
2021-02-28,ALTR,manual table,Altair Engineering Inc,0.023445668302,11153333.1,181090.0,61.589999999999996,US0213691035,021369103
2021-02-28,NVDA,identifier,NVIDIA Corp,3.220197747268,1531879478.1,2792445.0,548.5799999999999,US67066G1040,67066G104
2021-02-28,,,NeoPhotonics Corp,0.004384672087,2085831.28,217048.0,9.61,US64051T1007,64051T100
2021-02-28,APPF,identifier,Appfolio Inc,0.023486065288,11172550.34,68117.0,164.02,US03783C1009,03783C100
2021-02-28,,,Avid Technology Inc,0.00600747518,2857814.54,147386.0,19.39,US05367P1003,05367P100
2021-02-28,IDCC,identifier,InterDigital Inc,0.018200684404,8658243.1,136630.0,63.37,US45867G1013,45867G101
2021-02-28,EEFT,identifier,Euronet Worldwide Inc,0.074666549284,35519605.79,236309.0,150.31,US2987361092,298736109
2021-02-28,LFUS,identifier,Littelfuse Inc,0.061120633867,29075681.7,111735.0,260.21999999999997,US5370081045,537008104
2021-02-28,MA,identifier,Mastercard Inc,3.007404474575,1430651642.7,4043102.0,353.85,US57636Q1040,57636Q104
2021-02-28,PAYX,identifier,Paychex Inc,0.280584803075,133476927.64,1465652.0,91.07000000000001,US7043261079,704326107
2021-02-28,XPER,"same company, other snapshot",Xperi Holding Corp,0.021560191722,10256393.5,486085.0,21.1,US98390M1036,98390M103
2021-02-28,PLTR,identifier,Palantir Technologies Inc,0.002263545346,1076790.6,45054.0,23.900000000000002,US69608A1088,69608A108
2021-02-28,SPLK,manual table,Splunk Inc,0.216491115684,102986935.38,720138.0,143.01,US8486371045,848637104
2021-02-28,UCTT,identifier,Ultra Clean Holdings Inc,0.017292648282,8226281.46,177367.0,46.38,US90385V1070,90385V107
2021-02-28,MTSC,identifier,MTS Systems Corp,0.01047109301,4981201.08,85353.0,58.36,US5537771033,553777103
2021-02-28,WDAY,identifier,Workday Inc,0.41307679344,196504659.78,801471.0,245.18,US98138H1014,98138H101
2021-02-28,,,Mimecast Ltd,0.024611461552,11707912.32,273039.0,42.88,GB00BYT5JK65,G14838109
2021-02-28,SNX,identifier,SYNNEX Corp,0.037040656603,17620601.64,197629.0,89.16,US87162W1009,87162W100
2021-02-28,LDOS,identifier,Leidos Holdings Inc,0.113948856518,54206582.5,612850.0,88.45,US5253271028,525327102
2021-02-28,,,Plantronics Inc,0.014007533426,6663520.28,164572.0,40.49,US7274931085,727493108
2021-02-28,SLAB,identifier,Silicon Laboratories Inc,0.064521592049,30693550.68,197082.0,155.74,US8269191024,826919102
2021-02-28,DOCU,identifier,DocuSign Inc,0.37561990173,178686051.04,788344.0,226.66,US2561631068,256163106
2021-02-28,IPHI,identifier,Inphi Corp,0.080734289425,38406088.96,233344.0,164.59,US45772F1075,45772F107
2021-02-28,VRNS,identifier,Varonis Systems Inc,0.054542324228,25946315.64,141366.0,183.54,US9222801022,922280102
2021-02-28,FSLR,identifier,First Solar Inc,0.060998957615,29017799.12,358156.0,81.02,US3364331070,336433107
2021-02-28,ACIA,identifier,Acacia Communications Inc,0.041748950266,19860382.86,172714.0,114.99,US00401C1080,00401C108
2021-02-28,PDFS,identifier,PDF Solutions Inc,0.005568172394,2648833.92,144272.0,18.36,US6932821050,693282105
2021-02-28,,,Bottomline Technologies DE Inc,0.018679961732,8886240.0,198000.0,44.88,US1013881065,101388106
2021-02-28,ICHR,identifier,Ichor Holdings Ltd,0.011047440158,5255375.04,122904.0,42.76,KYG4740B1059,G4740B105
2021-02-28,AGYS,identifier,Agilysys Inc,0.011211884779,5333602.95,89505.0,59.59,US00847J1051,00847J105
2021-02-28,CMRC,identifier,BigCommerce Holdings Inc,0.006963082325,3312406.18,56038.0,59.11000000000001,US08975P1084,08975P108
2021-02-28,NTAP,identifier,NetApp Inc,0.132012494752,62799631.4,1003189.0,62.6,US64110D1046,64110D104
2021-02-28,ZS,identifier,Zscaler Inc,0.14013601515,66664069.29,325143.0,205.03,US98980G1022,98980G102
2021-02-28,PLTK,identifier,Playtika Holding Corp,0.000410187616,195130.25,6559.0,29.75,US72815L1070,72815L107
2021-02-28,AEIS,identifier,Advanced Energy Industries Inc,0.037599252907,17886331.35,171243.0,104.45,US0079731008,007973100
2021-02-28,OLED,identifier,Universal Display Corp,0.085231401587,40545409.08,191532.0,211.69,US91347P1057,91347P105
2021-02-28,VPG,identifier,Vishay Precision Group Inc,0.003239407195,1541017.6,47680.0,32.32,US92835K1034,92835K103
2021-02-28,FIVN,identifier,Five9 Inc,0.114303236176,54375164.36,293539.0,185.24,US3383071012,338307101
2021-02-28,EVTC,identifier,EVERTEC Inc,0.022286045664,10601689.3,272537.0,38.900000000000006,PR30040P1032,30040P103
2021-02-28,ONTO,identifier,Onto Innovation Inc,0.029339973551,13957311.6,223460.0,62.46,US6833441057,683344105
2021-02-28,HCKT,identifier,Hackett Group Inc/The,0.003721798313,1770495.76,113348.0,15.62,US4046091090,404609109
2021-02-28,,,National Instruments Corp,0.05249919345,24974378.4,562486.0,44.4,US6365181022,636518102
2021-02-28,CATM,identifier,Cardtronics PLC,0.01366507486,6500609.4,168628.0,38.550000000000004,GB00BYT18414,G1991C105
2021-02-28,FLEX,identifier,Flex Ltd,0.086606790833,41199695.16,2264964.0,18.189999999999998,SG9999000020,Y2573F102
2021-02-28,AVGO,identifier,Broadcom Inc,1.797866315385,855262542.57,1820211.0,469.87,US11135F1012,11135F101
2021-02-28,JKHY,identifier,Jack Henry & Associates Inc,0.10792992452,51343317.84,345886.0,148.44,US4262811015,426281101
2021-02-28,COHR,"same company, other snapshot",Coherent Inc,0.056065152242,26670739.78,110237.0,241.94,US1924791031,192479103
2021-02-28,,,Limelight Networks Inc,0.003722382514,1770773.67,541521.0,3.27,US53261M1045,53261M104
2021-02-28,,,Zuora Inc,0.014538829028,6916262.78,463246.0,14.93,US98983V1061,98983V106
2021-02-28,VISN,identifier,CommScope Holding Co Inc,0.027062346236,12873822.07,882373.0,14.59,US20337X1090,20337X109
2021-02-28,QADA,identifier,QAD Inc,0.007110169534,3382377.0,52685.0,64.2,US74727D3061,74727D306
2021-02-28,,,Avaya Holdings Corp,0.023257260435,11063705.64,372892.0,29.67,US05351X1019,05351X101
2021-02-28,CSCO,identifier,Cisco Systems Inc/Delaware,1.801853211963,857159148.16,19103168.0,44.87,US17275R1023,17275R102
2021-02-28,NUAN,manual table,Nuance Communications Inc,0.119842439899,57010217.6,1278256.0,44.6,US67020Y1001,67020Y100
2021-02-28,SCSC,identifier,ScanSource Inc,0.006752881842,3212411.76,112954.0,28.439999999999998,US8060371072,806037107
2021-02-28,IIIV,identifier,I3 Verticals Inc,0.005500883633,2616824.0,78820.0,33.2,US46571Y1073,46571Y107
2021-02-28,DBX,identifier,Dropbox Inc,0.067985027445,32341140.68,1434515.0,22.545000003485498,US26210C1045,26210C104
2021-02-28,PD,identifier,PagerDuty Inc,0.00996213439,4739084.5,105925.0,44.74,US69553P1003,69553P100
2021-02-28,ANET,"same company, other snapshot",Arista Networks Inc,0.152262310442,72432666.24,258836.0,279.84,US0404131064,040413106
2021-02-28,TDC,identifier,Teradata Corp,0.042034003156,19995985.3,498653.0,40.1,US88076W1036,88076W103
2021-02-28,INSG,SEC company list,Inseego Corp,0.008809241128,4190641.93,287227.0,14.59,US45782B1044,45782B104
2021-02-28,,,Perficient Inc,0.017247859017,8204974.77,147333.0,55.69,US71375U1016,71375U101
2021-02-28,SSNC,identifier,SS&C Technologies Holdings Inc,0.147226499383,70037081.8,1056685.0,66.28,US78467J1007,78467J100
2021-02-28,RNG,identifier,RingCentral Inc,0.267709055061,127351808.72,336767.0,378.15999999999997,US76680R2067,76680R206
2021-02-28,CTSH,identifier,Cognizant Technology Solutions Corp,0.379598515799,180578716.56,2457522.0,73.48,US1924461023,192446102
2021-02-28,GWRE,identifier,Guidewire Software Inc,0.08780162572,41768089.77,376323.0,110.99000000000001,US40171V1008,40171V100
2021-02-28,NTGR,identifier,NETGEAR Inc,0.011150328442,5304320.0,132608.0,40.0,US64111Q1040,64111Q104
2021-02-28,MXL,identifier,MaxLinear Inc,0.026006638978,12371611.83,311079.0,39.77,US57776J1007,57776J100
2021-02-28,,,Everbridge Inc,0.050047235359,23807958.02,155374.0,153.23,US29978A1043,29978A104
2021-02-28,AKAM,identifier,Akamai Technologies Inc,0.146316651947,69604258.5,736553.0,94.5,US00971T1016,00971T101
2021-02-28,ENTG,identifier,Entegris Inc,0.135352090307,64388309.58,611998.0,105.21,US29362U1043,29362U104
2021-02-28,SPSC,identifier,SPS Commerce Inc,0.033169071515,15778850.85,156645.0,100.73,US78463M1071,78463M107
2021-02-28,AMBA,identifier,Ambarella Inc,0.037002941463,17602660.18,156482.0,112.49,KYG037AX1015,G037AX101
2021-02-28,VIAV,identifier,Viavi Solutions Inc,0.034928875036,16616006.55,1026630.0,16.185000000000002,US9255501051,925550105
2021-02-28,GDYN,identifier,Grid Dynamics Holdings Inc,0.003391054348,1613157.63,108193.0,14.909999999999998,US39813G1094,39813G109
2021-05-31,EXLS,identifier,ExlService Holdings Inc,0.030994676383,15454763.06,151547.0,101.98,US3020811044,302081104
2021-05-31,OSIS,identifier,OSI Systems Inc,0.015030282731,7494495.36,77776.0,96.36,US6710441055,671044105
2021-05-31,MVIS,SEC company list,MicroVision Inc,0.022448952184,11193639.6,717541.0,15.6,US5949603048,594960304
2021-05-31,,,II-VI Inc,0.064050808269,31937422.2,474060.0,67.37,US9021041085,902104108
2021-05-31,TER,identifier,Teradyne Inc,0.200963349659,100205626.1,757126.0,132.35,US8807701029,880770102
2021-05-31,SNPS,identifier,Synopsys Inc,0.353027793863,176028968.34,692101.0,254.34,US8716071076,871607107
2021-05-31,ZEN,manual table,Zendesk Inc,0.146395791171,72996802.34,534149.0,136.66,US98936J1016,98936J101
2021-05-31,IT,identifier,Gartner Inc,0.187168583727,93327192.0,402550.0,231.84,US3666511072,366651107
2021-05-31,WK,identifier,Workiva Inc,0.032411222676,16161090.4,170296.0,94.9,US98139A1051,98139A105
2021-05-31,NCNO,"same company, other snapshot",nCino Inc,0.015753563848,7855142.4,128520.0,61.120000000000005,US63947U1079,63947U107
2021-05-31,ACLS,identifier,Axcelis Technologies Inc,0.012660472098,6312845.28,152337.0,41.440000000000005,US0545402085,054540208
2021-05-31,RMNI,identifier,Rimini Street Inc,0.002017562417,1006009.83,154533.0,6.51,US76674Q1076,76674Q107
2021-05-31,AZPN,manual table,Aspen Technology Inc,0.084230324775,41999461.32,307756.0,136.47,US0453271035,045327103
2021-05-31,BHE,identifier,Benchmark Electronics Inc,0.010301099942,5136400.1,165958.0,30.95,US08160H1014,08160H101
2021-05-31,MTSI,identifier,MACOM Technology Solutions Holdings Inc,0.025774739367,12851964.8,217094.0,59.2,US55405Y1001,55405Y100
2021-05-31,PFPT,identifier,Proofpoint Inc,0.090376305348,45064009.32,260772.0,172.81,US7434241037,743424103
2021-05-31,CVLT,identifier,CommVault Systems Inc,0.029362394389,14640864.21,192213.0,76.17,US2041661024,204166102
2021-05-31,DMRC,SEC company list,Digimarc Corp,0.003954337892,1971737.16,56708.0,34.769999999999996,US25381B1017,25381B101
2021-05-31,ARW,identifier,Arrow Electronics Inc,0.081754432389,40764916.08,338776.0,120.33,US0427351004,042735100
2021-05-31,ALGM,identifier,Allegro MicroSystems Inc,0.01355967233,6761210.23,257963.0,26.21,US01749D1054,01749D105
2021-05-31,,,SVMK Inc,0.02170635478,10823360.95,556471.0,19.45,US78489X1037,78489X103
2021-05-31,MDB,identifier,MongoDB Inc,0.144265533892,71934599.88,246402.0,291.94,US60937P1066,60937P106
2021-05-31,,,Verint Systems Inc,0.027570398139,13747327.62,298142.0,46.11,US92343X1000,92343X100
2021-05-31,BFH,identifier,Alliance Data Systems Corp,0.052072538112,25964740.8,214496.0,121.05,US0185811082,018581108
2021-05-31,NSSC,identifier,Napco Security Technologies Inc,0.004357036086,2172533.1,66765.0,32.54,US6304021057,630402105
2021-05-31,GDDY,identifier,GoDaddy Inc,0.125132438169,62394333.76,770681.0,80.96,US3802371076,380237107
2021-05-31,CGNX,identifier,Cognex Corp,0.127285562931,63467938.55,799445.0,79.39,US1924221039,192422103
2021-05-31,AAPL,identifier,Apple Inc,19.05806445832,9502853552.82,76260762.0,124.61,US0378331005,037833100
2021-05-31,SNOW,identifier,Snowflake Inc,0.05481274588,27331080.66,114822.0,238.03,US8334451098,833445109
2021-05-31,JBL,identifier,Jabil Inc,0.073489801184,36643953.0,649140.0,56.45,US4663131039,466313103
2021-05-31,ADI,identifier,Analog Devices Inc,0.55316605351,275823182.8,1675718.0,164.6,US0326541051,032654105
2021-05-31,QTWO,identifier,Q2 Holdings Inc,0.045665844876,22770194.59,239863.0,94.92999999999999,US74736L1098,74736L109
2021-05-31,CALX,identifier,Calix Inc,0.022574955326,11256468.09,254039.0,44.31,US13100M5094,13100M509
2021-05-31,TTMI,identifier,TTM Technologies Inc,0.014224933512,7092927.0,468180.0,15.15,US87305R1095,87305R109
2021-05-31,,,Ping Identity Holding Corp,0.009808566508,4890809.94,202854.0,24.110000000000003,US72341T1034,72341T103
2021-05-31,,,American Software Inc/GA,0.005824686134,2904342.12,144351.0,20.12,US0296831094,029683109
2021-05-31,RBBN,identifier,Ribbon Communications Inc,0.006380275761,3181373.76,427604.0,7.4399999999999995,US7625441040,762544104
2021-05-31,AMD,identifier,Advanced Micro Devices Inc,0.883851748703,440711791.52,5503394.0,80.08,US0079031078,007903107
2021-05-31,NSIT,identifier,Insight Enterprises Inc,0.033260431508,16584528.32,158734.0,104.48,US45765U1034,45765U103
2021-05-31,SEDG,identifier,SolarEdge Technologies Inc,0.121223617624,60445292.75,234275.0,258.01,US83417M1045,83417M104
2021-05-31,APH,identifier,Amphenol Corp,0.367110240567,183050847.66,2721541.0,67.26,US0320951017,032095101
2021-05-31,VECO,identifier,Veeco Instruments Inc,0.010797303379,5383820.22,226021.0,23.82,US9224171002,922417100
2021-05-31,PRGS,identifier,Progress Software Corp,0.01792806275,8939404.9,200570.0,44.57,US7433121008,743312100
2021-05-31,MSFT,identifier,Microsoft Corp,16.29788829744,8126556925.52,32547889.0,249.68,US5949181045,594918104
2021-05-31,IPGP,identifier,IPG Photonics Corp,0.071551719661,35677574.44,170494.0,209.26,US44980X1090,44980X109
2021-05-31,NOW,identifier,ServiceNow Inc,0.846596109502,422135147.28,890806.0,473.88,US81762P1021,81762P102
2021-05-31,,,SMART Global Holdings Inc,0.007478176052,3728815.8,78667.0,47.4,KYG8232Y1017,G8232Y101
2021-05-31,LRCX,"same company, other snapshot",Lam Research Corp,0.846059688156,421867673.45,649177.0,649.85,US5128071082,512807108
2021-05-31,,,Model N Inc,0.010240454133,5106160.5,143150.0,35.67,US6075251024,607525102
2021-05-31,LITE,identifier,Lumentum Holdings Inc,0.056292300493,28068825.61,344953.0,81.37,US55024U1097,55024U109
2021-05-31,DDD,identifier,3D Systems Corp,0.033385426401,16646854.07,566027.0,29.41,US88554D2053,88554D205
2021-05-31,,,Sykes Enterprises Inc,0.015098977052,7528748.16,179598.0,41.92,US8712371033,871237103
2021-05-31,V,identifier,Visa Inc,3.284314927651,1637646039.4,7204778.0,227.3,US92826C8394,92826C839
2021-05-31,ESTC,identifier,Elastic NV,0.067576698546,33695524.08,285048.0,118.21,NL0013056914,N14506104
2021-05-31,EPAM,identifier,EPAM Systems Inc,0.244171340004,121750269.6,254921.0,477.59999999999997,US29414B1044,29414B104
2021-05-31,NET,identifier,Cloudflare Inc,0.168418501119,83977906.32,1023372.0,82.05999999999999,US18915M1071,18915M107
2021-05-31,TRMB,identifier,Trimble Inc,0.17729144389,88402189.59,1136421.0,77.79,US8962391004,896239100
2021-05-31,PLUS,identifier,ePlus Inc,0.011653533381,5810759.08,61444.0,94.57000000000001,US2942681071,294268107
2021-05-31,,,Black Knight Inc,0.105013680823,52362590.76,713484.0,73.39,US09215C1053,09215C105
2021-05-31,ADBE,identifier,Adobe Inc,2.200464665538,1097209714.58,2174501.0,504.58,US00724F1012,00724F101
2021-05-31,,,Casa Systems Inc,0.002841670552,1416931.88,163241.0,8.68,US14713L1026,14713L102
2021-05-31,ON,identifier,ON Semiconductor Corp,0.150252632375,74919925.08,1871127.0,40.04,US6821891057,682189105
2021-05-31,,,LivePerson Inc,0.032035610273,15973800.15,290697.0,54.95,US5381461012,538146101
2021-05-31,TLS,identifier,Telos Corp,0.004935893435,2461166.64,74853.0,32.88,US87969B1017,87969B101
2021-05-31,INTU,identifier,Intuit Inc,1.095387949596,546189320.08,1243912.0,439.09000000000003,US4612021034,461202103
2021-05-31,OSPN,identifier,OneSpan Inc,0.007735448946,3857098.85,147499.0,26.150000000000002,US68287N1000,68287N100
2021-05-31,,,CSG Systems International Inc,0.01328425571,6623880.24,150406.0,44.04,US1263491094,126349109
2021-05-31,AOSL,identifier,Alpha & Omega Semiconductor Ltd,0.005923587602,2953657.0,91700.0,32.21,BMG6331P1041,G6331P104
2021-05-31,MARA,identifier,Marathon Digital Holdings Inc,0.022297533699,11118138.35,448855.0,24.77,US5657881067,565788106
2021-05-31,DBD,"same company, other snapshot",Diebold Nixdorf Inc,0.00912329409,4549115.04,335976.0,13.540000000000001,US2536511031,253651103
2021-05-31,,,Cree Inc,0.101208738218,50465346.03,504603.0,100.01,US2254471012,225447101
2021-05-31,SWKS,identifier,Skyworks Solutions Inc,0.255368361872,127333400.0,749020.0,170.0,US83088M1027,83088M102
2021-05-31,DLB,identifier,Dolby Laboratories Inc,0.058201265767,29020686.04,297526.0,97.53999999999999,US25659T1079,25659T107
2021-05-31,NXPI,identifier,NXP Semiconductors NV,0.533520213709,266027248.96,1258288.0,211.42000000000002,NL0009538784,N6596X109
2021-05-31,,,SecureWorks Corp,0.000985914959,491603.2,34915.0,14.08,US81374A1051,81374A105
2021-05-31,NVEC,identifier,NVE Corp,5.60419e-07,279.44,4.0,69.86,US6294452064,629445206
2021-05-31,RIOT,identifier,Riot Blockchain Inc,0.020793125607,10368000.8,382160.0,27.130000000000003,US7672921050,767292105
2021-05-31,MRVL,identifier,Marvell Technology Inc,0.352167032051,175599769.8,3635606.0,48.300000000000004,US5738741041,573874104
2021-05-31,TWLO,identifier,Twilio Inc,0.489860202629,244257216.0,726956.0,336.0,US90138F1021,90138F102
2021-05-31,ADSK,identifier,Autodesk Inc,0.572606459934,285516682.14,998799.0,285.86,US0527691069,052769106
2021-05-31,KEYS,identifier,Keysight Technologies Inc,0.241374161362,120355522.56,845312.0,142.38,US49338L1035,49338L103
2021-05-31,WEX,identifier,WEX Inc,0.078746861165,39265261.75,200425.0,195.91,US96208T1043,96208T104
2021-05-31,ARLO,identifier,Arlo Technologies Inc,0.004624164677,2305730.46,343626.0,6.71,US04206A1016,04206A101
2021-05-31,CASS,identifier,Cass Information Systems Inc,0.00569475474,2839554.9,62230.0,45.629999999999995,US14808P1093,14808P109
2021-05-31,AZTA,identifier,Brooks Automation Inc,0.069091168741,34450678.86,337454.0,102.09,US1143401024,114340102
2021-05-31,CTXS,manual table,Citrix Systems Inc,0.128762684339,64204470.24,558494.0,114.96000000000001,US1773761002,177376100
2021-05-31,WDC,identifier,Western Digital Corp,0.209785245973,104604456.26,1390462.0,75.23,US9581021055,958102105
2021-05-31,ADP,identifier,Automatic Data Processing Inc,0.764264200196,381082285.98,1944099.0,196.02,US0530151036,053015103
2021-05-31,GEN,identifier,NortonLifeLock Inc,0.146639339379,73118241.9,2643465.0,27.660000000000004,US6687711084,668771108
2021-05-31,MXIM,identifier,Maxim Integrated Products Inc,0.249097453932,124206559.92,1217592.0,102.01,US57772K1016,57772K101
2021-05-31,CTS,identifier,CTS Corp,0.010085314926,5028804.0,131472.0,38.25,US1265011056,126501105
2021-05-31,PCTY,identifier,Paylocity Holding Corp,0.059046011679,29441898.63,173361.0,169.82999999999998,US70438V1061,70438V106
2021-05-31,,,GreenSky Inc,5.40605e-07,269.56,46.0,5.86,US39572G1004,39572G100
2021-05-31,PATH,identifier,UiPath Inc,0.002061347325,1027842.14,12877.0,79.82000000000001,US90364P1057,90364P105
2021-05-31,PLXS,identifier,Plexus Corp,0.025768308801,12848758.35,130035.0,98.81,US7291321005,729132100
2021-05-31,SPT,identifier,Sprout Social Inc,0.023715296393,11825072.22,170341.0,69.42,US85209W1099,85209W109
2021-05-31,ORCL,identifier,Oracle Corp,1.372723285415,684476032.62,8692863.0,78.74,US68389X1054,68389X105
2021-05-31,DELL,identifier,Dell Technologies Inc,0.236948404121,118148723.28,1197777.0,98.64,US24703L2025,24703L202
2021-05-31,ACMR,identifier,ACM Research Inc,0.0087632946,4369609.8,57510.0,75.97999999999999,US00108J1097,00108J109
2021-05-31,INTC,identifier,Intel Corp,2.114248894597,1054220257.44,18456237.0,57.120000000000005,US4581401001,458140100
2021-05-31,MPWR,identifier,Monolithic Power Systems Inc,0.134421470304,67026090.16,195343.0,343.12,US6098391054,609839105
2021-05-31,CMTL,identifier,Comtech Telecommunications Corp,0.005711504756,2847906.9,112610.0,25.29,US2058262096,205826209
2021-05-31,CMBMF,identifier,Cambium Networks Corp,0.004802430979,2394618.74,41494.0,57.71000000000001,KYG177661090,G17766109
2021-05-31,TYL,identifier,Tyler Technologies Inc,0.149099052638,74344719.8,184405.0,403.15999999999997,US9022521051,902252105
2021-05-31,,,Evo Payments Inc,0.012091804864,6029292.8,210520.0,28.64,US26927E1047,26927E104
2021-05-31,SABR,identifier,Sabre Corp,0.038041321189,18968406.0,1369560.0,13.85,US78573M1045,78573M104
2021-05-31,KE,identifier,Kimball Electronics Inc,0.005134021824,2559958.68,114386.0,22.380000000000003,US49428J1097,49428J109
2021-05-31,ZBRA,identifier,Zebra Technologies Corp,0.242122120075,120728474.5,242890.0,497.05,US9892071054,989207105
2021-05-31,RPAY,identifier,Repay Holdings Corp,0.015739529512,7848144.51,345581.0,22.71,US76029L1008,76029L100
2021-05-31,,,GTT Communications Inc,2.7853099e-05,13888.29,9321.0,1.49,US3623931009,362393100
2021-05-31,APP,identifier,AppLovin Corp,0.002202803882,1098376.11,14781.0,74.31,US03831W1080,03831W108
2021-05-31,MDLA,identifier,Medallia Inc,0.022859918292,11398558.14,444042.0,25.67,US5840211099,584021109
2021-05-31,NTNX,identifier,Nutanix Inc,0.055546487114,27696943.39,878989.0,31.51,US67059N1081,67059N108
2021-05-31,KLIC,identifier,Kulicke & Soffa Industries Inc,0.029534492566,14726676.9,283751.0,51.9,US5012421013,501242101
2021-05-31,CIEN,identifier,Ciena Corp,0.074740929652,37267798.65,704895.0,52.87,US1717793095,171779309
2021-05-31,DGII,identifier,Digi International Inc,0.005763481911,2873824.08,151573.0,18.96,US2537981027,253798102
2021-05-31,FFIV,identifier,F5 Networks Inc,0.104101203155,51907605.33,279931.0,185.43,US3156161024,315616102
2021-05-31,,,Brightcove Inc,0.004524103864,2255837.5,155575.0,14.5,US10921T1016,10921T101
2021-05-31,PAR,identifier,PAR Technology Corp,0.013191201186,6577480.8,98230.0,66.96,US6988841036,698884103
2021-05-31,SMCI,"same company, other snapshot",Super Micro Computer Inc,0.012766448923,6365688.12,183238.0,34.74,US86800U1043,86800U104
2021-05-31,AMKR,identifier,Amkor Technology Inc,0.02108174592,10511914.5,498195.0,21.1,US0316521006,031652100
2021-05-31,MANH,identifier,Manhattan Associates Inc,0.079214387198,39498382.56,290472.0,135.98000000000002,US5627501092,562750109
2021-05-31,APPN,identifier,Appian Corp,0.028919950463,14420250.0,159375.0,90.48,US03782L1017,03782L101
2021-05-31,SYNA,identifier,Synaptics Inc,0.039953486413,19921862.01,157697.0,126.33000000000001,US87157D1090,87157D109
2021-05-31,IMXI,identifier,International Money Express Inc,0.003889509793,1939412.16,127008.0,15.27,US46005L1017,46005L101
2021-05-31,VSAT,identifier,Viasat Inc,0.02644823828,13187789.12,247984.0,53.18,US92552V1008,92552V100
2021-05-31,QRVO,identifier,Qorvo Inc,0.18852804395,94005054.72,514476.0,182.72,US74736K1016,74736K101
2021-05-31,,,Velodyne Lidar Inc,0.008269047477,4123165.15,427271.0,9.65,US92259F1012,92259F101
2021-05-31,,,Avalara Inc,0.10285998389,51288700.67,388051.0,132.17000000000002,US05338G1067,05338G106
2021-05-31,RXT,identifier,Rackspace Technology Inc,0.007591180103,3785162.6,187570.0,20.18,US7501021056,750102105
2021-05-31,ANSS,manual table,ANSYS Inc,0.267043197336,133154780.86,394019.0,337.94,US03662Q1058,03662Q105
2021-05-31,DDOG,identifier,Datadog Inc,0.144992468907,72297068.85,794037.0,91.05,US23804L1035,23804L103
2021-05-31,SANM,identifier,Sanmina Corp,0.025017810431,12474540.07,296237.0,42.11,US8010561020,801056102
2021-05-31,PRO,identifier,PROS Holdings Inc,0.017251684788,8602145.01,193873.0,44.37,US74346Y1038,74346Y103
2021-05-31,TEL,"same company, other snapshot",TE Connectivity Ltd,0.408983904136,203930160.64,1503023.0,135.67999999999998,CH0102993182,H84989104
2021-05-31,VNT,identifier,Vontier Corp,0.054128757069,26990025.8,769385.0,35.08,US9288811014,928881101
2021-05-31,VYX,identifier,NCR Corp,0.056828912283,28336394.4,587892.0,48.199999999999996,US62886E1082,62886E108
2021-05-31,DXC,identifier,DXC Technology Co,0.087963739095,43861040.16,1156673.0,37.919999999999995,US23355L1061,23355L106
2021-05-31,HUBS,identifier,HubSpot Inc,0.202112563963,100778654.66,199807.0,504.38,US4435731009,443573100
2021-05-31,TCX,identifier,Tucows Inc,0.006483711405,3232949.5,41395.0,78.1,US8986972060,898697206
2021-05-31,,,FireEye Inc,0.048623598718,24245008.66,1083818.0,22.37,US31816Q1013,31816Q101
2021-05-31,MCHP,identifier,Microchip Technology Inc,0.384961997065,191952204.25,1223015.0,156.95,US5950171042,595017104
2021-05-31,NTCT,identifier,NetScout Systems Inc,0.019695719954,9820805.4,334041.0,29.400000000000002,US64115T1043,64115T104
2021-05-31,XLNX,manual table,Xilinx Inc,0.283760454174,141490446.0,1114098.0,127.0,US9839191015,983919101
2021-05-31,QLYS,identifier,Qualys Inc,0.029405762712,14662488.8,151660.0,96.68,US74758T3032,74758T303
2021-05-31,,,Anaplan Inc,0.059919614087,29877499.83,580033.0,51.51,US03272L1089,03272L108
2021-05-31,,,Ceridian HCM Holding Inc,0.108967138136,54333888.84,607354.0,89.46000000000001,US15677J1088,15677J108
2021-05-31,FROG,identifier,JFrog Ltd,0.014217777352,7089358.75,169805.0,41.75,IL0011684185,M6191J100
2021-05-31,CLSK,identifier,Cleanspark Inc,0.004916174702,2451334.36,146261.0,16.759999999999998,US18452B2097,18452B209
2021-05-31,MKSI,identifier,MKS Instruments Inc,0.094645313038,47192649.14,250718.0,188.23,US55306N1046,55306N104
2021-05-31,P,identifier,Pure Storage Inc,0.044964294659,22420383.15,1176923.0,19.049999999999997,US74624M1027,74624M102
2021-05-31,,,Infinera Corp,0.014942477989,7450713.6,776116.0,9.6,US45667G1031,45667G103
2021-05-31,SMTC,identifier,Semtech Corp,0.037080475501,18489303.0,293481.0,63.0,US8168501018,816850101
2021-05-31,,,Qualtrics International Inc,0.019611458226,9778790.28,283937.0,34.44,US7476012015,747601201
2021-05-31,TTD,identifier,Trade Desk Inc/The,0.228240744243,113806854.42,193503.0,588.14,US88339J1051,88339J105
2021-05-31,RMBS,identifier,Rambus Inc,0.020396949049,10170456.72,519962.0,19.560000000000002,US7509171069,750917106
2021-05-31,STX,identifier,Seagate Technology Holdings PLC,0.185582719956,92536438.5,966438.0,95.75,IE00BKVD2N49,G7997R103
2021-05-31,,,CalAmp Corp,8.34492e-07,416.1,30.0,13.870000000000001,US1281261099,128126109
2021-05-31,DT,identifier,Dynatrace Inc,0.086474384298,43118408.58,833367.0,51.739999999999995,US2681501092,268150109
2021-05-31,JNPR,manual table,Juniper Networks Inc,0.078606840172,39195443.59,1488623.0,26.330000000000002,US48203R1041,48203R104
2021-05-31,SITM,identifier,SiTime Corp,0.010854773865,5412476.52,55044.0,98.33,US82982T1060,82982T106
2021-05-31,PYPL,identifier,PayPal Holdings Inc,2.635605525409,1314182423.18,5054159.0,260.02000000000004,US70450Y1038,70450Y103
2021-05-31,,,Vonage Holdings Corp,0.029696567868,14807491.92,1074564.0,13.78,US92886T2015,92886T201
2021-05-31,WU,identifier,Western Union Co/The,0.091616998167,45682651.48,1866884.0,24.47,US9598021098,959802109
2021-05-31,ZIXI,identifier,Zix Corp,6.84941e-07,341.53,49.0,6.97,US98974P1003,98974P100
2021-05-31,ACIW,identifier,ACI Worldwide Inc,0.036799093714,18348998.62,479587.0,38.260000000000005,US0044981019,004498101
2021-05-31,SPWRW,SEC company list,SunPower Corp,0.018177234268,9063648.39,387501.0,23.39,US8676524064,867652406
2021-05-31,VRRM,identifier,Verra Mobility Corp,0.017897179105,8924005.5,626246.0,14.25,US92511U1025,92511U102
2021-05-31,BL,identifier,Blackline Inc,0.04925782173,24561248.98,236234.0,103.97,US09239B1098,09239B109
2021-05-31,,,Ebix Inc,0.006753748265,3367597.0,122905.0,27.4,US2787152063,278715206
2021-05-31,PAYS,identifier,Paysign Inc,9.1149631e-05,45449.61,13731.0,3.31,US70451A1043,70451A104
2021-05-31,ATEN,identifier,A10 Networks Inc,0.005063274142,2524682.02,259474.0,9.73,US0021211018,002121101
2021-05-31,VMW,manual table,VMware Inc,0.120908338051,60288086.04,381836.0,157.89,US9285634021,928563402
2021-05-31,CDNS,identifier,Cadence Design Systems Inc,0.322732879123,160923124.89,1267211.0,126.99,US1273871087,127387108
2021-05-31,LSCC,identifier,Lattice Semiconductor Corp,0.065689436758,32754485.58,617194.0,53.07,US5184151042,518415104
2021-05-31,FORM,identifier,FormFactor Inc,0.02495180596,12441628.5,352954.0,35.25,US3463751087,346375108
2021-05-31,CDK,identifier,CDK Global Inc,0.057809862883,28825522.24,550736.0,52.339999999999996,US12508E1010,12508E101
2021-05-31,ZM,identifier,Zoom Video Communications Inc,0.617959580477,308130944.13,929421.0,331.53,US98980L1017,98980L101
2021-05-31,CPAY,manual table,FleetCor Technologies Inc,0.19811912846,98787422.4,359960.0,274.44,US3390411052,339041105
2021-05-31,MMS,identifier,Maximus Inc,0.051714782065,25786354.2,278260.0,92.67,US5779331041,577933104
2021-05-31,BMI,identifier,Badger Meter Inc,0.025119627268,12525308.63,131059.0,95.57000000000001,US0565251081,056525108
2021-05-31,HPE,identifier,Hewlett Packard Enterprise Co,0.188991742167,94236266.88,5904528.0,15.959999999999999,US42824C1099,42824C109
2021-05-31,CEVA,identifier,CEVA Inc,0.009188954756,4581855.18,102114.0,44.87,US1572101053,157210105
2021-05-31,FISV,identifier,Fiserv Inc,0.6323540182,315308390.4,2737052.0,115.19999999999999,US3377381088,337738108
2021-05-31,BSY,identifier,Bentley Systems Inc,0.089673578859,44713611.36,779526.0,57.36,US08265T2087,08265T208
2021-05-31,FIS,identifier,Fidelity National Information Services Inc,0.842992176421,420338131.2,2821440.0,148.98,US31620M1062,31620M106
2021-05-31,FTNT,identifier,Fortinet Inc,0.276168495171,137704895.02,630113.0,218.54000000000002,US34959E1091,34959E109
2021-05-31,,,SolarWinds Corp,0.011890874658,5929103.7,358254.0,16.55,US83417Q1058,83417Q105
2021-05-31,ZD,identifier,J2 Global Inc,0.048970717943,24418091.46,196082.0,124.53,US48123V1026,48123V102
2021-05-31,ASAN,identifier,Asana Inc,0.021405550694,10673372.1,290195.0,36.78,US04342Y1047,04342Y104
2021-05-31,VHC,SEC company list,VirnetX Holding Corp,5.05187e-07,251.9,55.0,4.58,US92823T1088,92823T108
2021-05-31,CRNC,identifier,Cerence Inc,0.032660526437,16285399.83,171191.0,95.13,US1567271093,156727109
2021-05-31,ITRI,identifier,Itron Inc,0.035139569338,17521516.0,183760.0,95.35,US4657411066,465741106
2021-05-31,RPD,identifier,Rapid7 Inc,0.037677751972,18787120.8,224592.0,83.65,US7534221046,753422104
2021-05-31,COIN,identifier,Coinbase Global Inc,0.002480550022,1236867.66,5229.0,236.54,US19260Q1076,19260Q107
2021-05-31,,,Envestnet Inc,0.035535509146,17718942.03,246199.0,71.97,US29404K1060,29404K106
2021-05-31,ENPH,identifier,Enphase Energy Inc,0.159739898349,79650526.1,556802.0,143.04999999999998,US29355A1079,29355A107
2021-05-31,VRSN,identifier,VeriSign Inc,0.203930388991,101685070.16,462373.0,219.92,US92343E1029,92343E102
2021-05-31,ECHO,identifier,EchoStar Corp,0.010476968699,5224092.9,197210.0,26.490000000000002,US2787681061,278768106
2021-05-31,HUCK,identifier,Domo Inc,0.016164940204,8060265.5,121207.0,66.5,US2575541055,257554105
2021-05-31,MEI,identifier,Methode Electronics Inc,0.01630201394,8128614.08,168016.0,48.38,US5915202007,591520200
2021-05-31,DIOD,identifier,Diodes Inc,0.030616350545,15266119.82,201746.0,75.67,US2545431015,254543101
2021-05-31,,,New Relic Inc,0.032398792687,16154892.48,257736.0,62.68,US64829B1008,64829B100
2021-05-31,UIS,identifier,Unisys Corp,0.01486635891,7412758.62,288322.0,25.71,US9092143067,909214306
2021-05-31,EGHT,identifier,8x8 Inc,0.021749773161,10845010.5,460510.0,23.55,US2829141009,282914100
2021-05-31,QCOM,identifier,QUALCOMM Inc,1.392360036728,694267434.7,5160305.0,134.54000000000002,US7475251036,747525103
2021-05-31,,,Switch Inc,0.016330920614,8143027.71,431533.0,18.87,US87105L1044,87105L104
2021-05-31,FSLY,identifier,Fastly Inc,0.041818766152,20851939.68,441872.0,47.19,US31188V1008,31188V100
2021-05-31,NOVT,identifier,Novanta Inc,0.044717489502,22297319.59,160447.0,138.97,CA67000B1040,67000B104
2021-05-31,TXN,identifier,Texas Instruments Inc,1.591355133978,793491638.24,4180232.0,189.82,US8825081040,882508104
2021-05-31,ROG,identifier,Rogers Corp,0.032088284081,16000064.7,85402.0,187.35,US7751331015,775133101
2021-05-31,BILL,identifier,Bill.com Holdings Inc,0.094896684781,47317989.72,317741.0,148.92,US0900431000,090043100
2021-05-31,BR,identifier,Broadridge Financial Solutions Inc,0.168295594262,83916621.72,526189.0,159.48,US11133T1034,11133T103
2021-05-31,LASR,identifier,nLight Inc,0.009661622696,4817539.88,164309.0,29.32,US65487K1007,65487K100
2021-05-31,POWI,identifier,Power Integrations Inc,0.045053594709,22464910.51,273329.0,82.19000000000001,US7392761034,739276103
2021-05-31,DAKT,identifier,Daktronics Inc,4.33831e-07,216.32,32.0,6.76,US2342641097,234264109
2021-05-31,BOX,identifier,Box Inc,0.033944502385,16925624.1,726110.0,23.310000000000002,US10316T1043,10316T104
2021-05-31,YEXT,identifier,Yext Inc,0.012865198413,6414927.22,443326.0,14.469999999999999,US98585N1063,98585N106
2021-05-31,CRM,identifier,salesforce.com Inc,1.990682901691,992606994.6,4168866.0,238.1,US79466L3024,79466L302
2021-05-31,RAMP,identifier,LiveRamp Holdings Inc,0.030560546397,15238294.4,303310.0,50.24,US53815P1084,53815P108
2021-05-31,XRX,identifier,Xerox Holdings Corp,0.036186665879,18043625.95,769451.0,23.45,US98421M1062,98421M106
2021-05-31,,,McAfee Corp,0.009303101647,4638771.83,184591.0,25.13,US5790631080,579063108
2021-05-31,WORK,identifier,Slack Technologies Inc,0.191152990546,95313922.32,2164258.0,44.04,US83088V1026,83088V102
2021-05-31,CCMP,identifier,CMC Materials Inc,0.041137014446,20512000.3,132910.0,154.33,US12571T1007,12571T100
2021-05-31,,,Alteryx Inc,0.04174402923,20814673.88,267644.0,77.77,US02156B1035,02156B103
2021-05-31,ADTN,"same company, other snapshot",ADTRAN Inc,0.008696670346,4336389.19,218899.0,19.810000000000002,US00738A1060,00738A106
2021-05-31,,,FARO Technologies Inc,0.012409676037,6187791.75,81795.0,75.65,US3116421021,311642102
2021-05-31,OKTA,identifier,Okta Inc,0.245650706279,122487920.64,550656.0,222.44,US6792951054,679295105
2021-05-31,FOUR,identifier,Shift4 Payments Inc,0.03040670313,15161584.09,162521.0,93.28999999999999,US82452J1097,82452J109
2021-05-31,MSTR,identifier,MicroStrategy Inc,0.032645645896,16277980.0,34634.0,470.0,US5949724083,594972408
2021-05-31,XYZ,identifier,Square Inc,0.790277297474,394053102.32,1770866.0,222.51999999999998,US8522341036,852234103
2021-05-31,ACN,identifier,Accenture PLC,1.630408653534,812964753.04,2881219.0,282.15999999999997,IE00B4BNMY34,G1151C101
2021-05-31,CLDR,identifier,Cloudera Inc,0.026868292757,13397239.36,1041776.0,12.86,US18914U1007,18914U100
2021-05-31,CRUS,identifier,Cirrus Logic Inc,0.041482475215,20684256.15,264945.0,78.07,US1727551004,172755100
2021-05-31,CNXN,identifier,PC Connection Inc,0.005251937328,2618754.46,53674.0,48.79,US69318J1007,69318J100
2021-05-31,BLKB,identifier,Blackbaud Inc,0.028018185244,13970606.08,197632.0,70.69,US09227Q1004,09227Q100
2021-05-31,,,Jamf Holding Corp,0.01115411447,5561735.64,160373.0,34.68,US47074L1052,47074L105
2021-05-31,,,Duck Creek Technologies Inc,0.014133743971,7047457.49,179279.0,39.31,US2641201064,264120106
2021-05-31,TTEC,identifier,TTEC Holdings Inc,0.018706584547,9327596.4,86040.0,108.41000000000001,US89854H1023,89854H102
2021-05-31,,,Benefitfocus Inc,7.41537e-07,369.75,25.0,14.79,US08180D1063,08180D106
2021-05-31,PEGA,identifier,Pegasystems Inc,0.043599552104,21739886.52,184018.0,118.14,US7055731035,705573103
2021-05-31,PANW,identifier,Palo Alto Networks Inc,0.321816941028,160466414.0,441752.0,363.25,US6974351057,697435105
2021-05-31,AVT,identifier,Avnet Inc,0.039858406425,19874452.62,451077.0,44.06,US0538071038,053807103
2021-05-31,MITK,identifier,Mitek Systems Inc,0.006480241271,3231219.2,190520.0,16.96,US6067102003,606710200
2021-05-31,PAYC,identifier,Paycom Software Inc,0.153593672903,76585856.0,232360.0,329.6,US70432V1026,70432V102
2021-05-31,COHU,identifier,Cohu Inc,0.015984047205,7970067.48,214134.0,37.22,US1925761066,192576106
2021-05-31,TENB,identifier,Tenable Holdings Inc,0.027727962568,13825893.4,330763.0,41.800000000000004,US88025T1025,88025T102
2021-05-31,COUP,manual table,Coupa Software Inc,0.156605589003,78087676.8,327824.0,238.2,US22266L1061,22266L106
2021-05-31,ALRM,identifier,Alarm.com Holdings Inc,0.035124268022,17513886.36,213897.0,81.88,US0116421050,011642105
2021-05-31,,,Smartsheet Inc,0.062501224929,31164759.08,527501.0,59.08,US83200N1037,83200N103
2021-05-31,VSH,identifier,Vishay Intertechnology Inc,0.029152171413,14536041.49,603907.0,24.07,US9282981086,928298108
2021-05-31,KLAC,identifier,KLA Corp,0.444783641104,221780853.63,699867.0,316.89,US4824801009,482480100
2021-05-31,PLAB,identifier,Photronics Inc,0.007580478302,3779826.4,279160.0,13.54,US7194051022,719405102
2021-05-31,,,Sailpoint Technologies Holdings Inc,0.038667968248,19280868.75,414375.0,46.53,US78781P1057,78781P105
2021-05-31,HLIT,identifier,Harmonic Inc,0.006358928935,3170729.67,454911.0,6.97,US4131601027,413160102
2021-05-31,UPLD,SEC company list,Upland Software Inc,0.009317867593,4646134.52,113348.0,40.989999999999995,US91544A1097,91544A109
2021-05-31,CDW,identifier,CDW Corp/DE,0.215460594841,107434334.88,649464.0,165.42,US12514G1085,12514G108
2021-05-31,FN,identifier,Fabrinet,0.029888430062,14903159.47,166163.0,89.69,KYG3323L1005,G3323L100
2021-05-31,KN,identifier,Knowles Corp,0.017394227168,8673220.4,422260.0,20.54,US49926D1090,49926D109
2021-05-31,HPQ,identifier,HP Inc,0.331998657915,165543286.56,5663472.0,29.23,US40434L1052,40434L105
2021-05-31,PI,identifier,Impinj Inc,0.008191961101,4084727.85,78477.0,52.050000000000004,US4532041096,453204109
2021-05-31,CRWD,identifier,Crowdstrike Holdings Inc,0.362013173106,180509315.4,812556.0,222.15,US22788C1053,22788C105
2021-05-31,IBM,identifier,International Business Machines Corp,1.170182929237,583484069.48,4059302.0,143.74,US4592001014,459200101
2021-05-31,EXTR,identifier,Extreme Networks Inc,0.013079225079,6521646.56,570074.0,11.44,US30226D1063,30226D106
2021-05-31,CNXC,identifier,Concentrix Corp,0.061297022037,30564311.76,200133.0,152.72,US20602D1019,20602D101
2021-05-31,GLW,identifier,Corning Inc,0.30541230919,152286631.93,3490411.0,43.63,US2193501051,219350105
2021-05-31,GPN,identifier,Global Payments Inc,0.521010383021,259789517.46,1341126.0,193.71,US37940X1028,37940X102
2021-05-31,SSTI,identifier,ShotSpotter Inc,5.7151e-07,284.97,7.0,40.71,US82536T1079,82536T107
2021-05-31,APPS,identifier,Digital Turbine Inc,0.051211092923,25535201.51,385903.0,66.17,US25400W1027,25400W102
2021-05-31,CNDT,identifier,Conduent Inc,0.011593411812,5780780.88,762636.0,7.58,US2067871036,206787103
2021-05-31,MU,identifier,Micron Technology Inc,0.857500714787,427572471.06,5081679.0,84.14,US5951121038,595112103
2021-05-31,PTC,identifier,PTC Inc,0.135607129692,67617291.2,504080.0,134.14000000000001,US69370C1009,69370C100
2021-05-31,MSI,identifier,Motorola Solutions Inc,0.316065974339,157598830.34,767614.0,205.31,US6200763075,620076307
2021-05-31,,,Intelligent Systems Corp,3.276e-07,163.35,5.0,32.67,US45816D1000,45816D100
2021-05-31,BDC,identifier,Belden Inc,0.020735566678,10339300.4,204334.0,50.6,US0774541066,077454106
2021-05-31,AMAT,identifier,Applied Materials Inc,1.15479714036,575812309.38,4168626.0,138.13,US0382221051,038222105
2021-05-31,AI,identifier,C3.ai Inc,0.013691816343,6827100.72,110632.0,61.71,US12468P1049,12468P104
2021-05-31,CSOD,identifier,Cornerstone OnDemand Inc,0.022039392018,10989422.1,249930.0,43.97,US21925Y1038,21925Y103
2021-05-31,FICO,identifier,Fair Isaac Corp,0.134984821894,67306992.12,133002.0,506.06000000000006,US3032501047,303250104
2021-05-31,ALTR,manual table,Altair Engineering Inc,0.027142215693,13533824.56,200888.0,67.37,US0213691035,021369103
2021-05-31,NVDA,identifier,NVIDIA Corp,3.664225248256,1827079344.54,2811843.0,649.78,US67066G1040,67066G104
2021-05-31,,,NeoPhotonics Corp,0.004488988573,2238328.09,219229.0,10.209999999999999,US64051T1007,64051T100
2021-05-31,APPF,identifier,Appfolio Inc,0.020082559982,10013694.04,74236.0,134.89,US03783C1009,03783C100
2021-05-31,,,Avid Technology Inc,0.009361855078,4668067.84,151168.0,30.88,US05367P1003,05367P100
2021-05-31,MASS,identifier,908 Devices Inc,0.002615115648,1303965.63,30951.0,42.129999999999995,US65443P1021,65443P102
2021-05-31,IDCC,identifier,InterDigital Inc,0.022400602916,11169531.38,138271.0,80.78,US45867G1013,45867G101
2021-05-31,EEFT,identifier,Euronet Worldwide Inc,0.071756777808,35779821.84,239106.0,149.64000000000001,US2987361092,298736109
2021-05-31,LFUS,identifier,Littelfuse Inc,0.058170240372,29005215.96,111029.0,261.24,US5370081045,537008104
2021-05-31,MA,identifier,Mastercard Inc,2.912522378991,1452260469.44,4027568.0,360.58000000000004,US57636Q1040,57636Q104
2021-05-31,PAYX,identifier,Paychex Inc,0.299113538444,149145898.72,1474648.0,101.14,US7043261079,704326107
2021-05-31,XPER,"same company, other snapshot",Xperi Holding Corp,0.02068870967,10315936.26,481603.0,21.419999999999998,US98390M1036,98390M103
2021-05-31,PLTR,identifier,Palantir Technologies Inc,0.109898404582,54798242.85,2387723.0,22.95,US69608A1088,69608A108
2021-05-31,SPLK,manual table,Splunk Inc,0.178510914105,89010249.6,734408.0,121.19999999999999,US8486371045,848637104
2021-05-31,UCTT,identifier,Ultra Clean Holdings Inc,0.020873420136,10408037.77,184769.0,56.33,US90385V1070,90385V107
2021-05-31,,,Cantaloupe Inc,0.005939534933,2961608.76,242556.0,12.209999999999999,US1381031061,138103106
2021-05-31,WDAY,identifier,Workday Inc,0.375062612597,187016110.08,817664.0,228.72000000000003,US98138H1014,98138H101
2021-05-31,,,Mimecast Ltd,0.027768347195,13846030.24,276976.0,49.99,GB00BYT5JK65,G14838109
2021-05-31,SNX,identifier,SYNNEX Corp,0.050780519809,25320506.4,200004.0,126.6,US87162W1009,87162W100
2021-05-31,,,Plantronics Inc,0.011848225289,5907837.6,180117.0,32.8,US7274931085,727493108
2021-05-31,SLAB,identifier,Silicon Laboratories Inc,0.054815012548,27332210.88,200148.0,136.56,US8269191024,826919102
2021-05-31,DOCU,identifier,DocuSign Inc,0.342652979528,170855812.3,847415.0,201.62,US2561631068,256163106
2021-05-31,VERX,identifier,Vertex Inc,0.004571745889,2279593.07,118667.0,19.209999999999997,US92538J1060,92538J106
2021-05-31,VRNS,identifier,Varonis Systems Inc,0.045524555939,22699744.2,469974.0,48.3,US9222801022,922280102
2021-05-31,FSLR,identifier,First Solar Inc,0.066137862437,32978082.45,433295.0,76.11,US3364331070,336433107
2021-05-31,PDFS,identifier,PDF Solutions Inc,0.004617997855,2302655.52,132033.0,17.44,US6932821050,693282105
2021-05-31,,,Bottomline Technologies DE Inc,0.015406627325,7682150.7,205515.0,37.38,US1013881065,101388106
2021-05-31,ICHR,identifier,Ichor Holdings Ltd,0.014537916315,7248988.48,128848.0,56.260000000000005,KYG4740B1059,G4740B105
2021-05-31,AGYS,identifier,Agilysys Inc,0.010389805018,5180630.79,102001.0,50.79,US00847J1051,00847J105
2021-05-31,CMRC,identifier,BigCommerce Holdings Inc,0.018817333804,9382818.9,172510.0,54.39,US08975P1084,08975P108
2021-05-31,NTAP,identifier,NetApp Inc,0.15745234608,78509892.21,1014733.0,77.36999999999999,US64110D1046,64110D104
2021-05-31,ZS,identifier,Zscaler Inc,0.142465389878,71037000.6,365793.0,194.2,US98980G1022,98980G102
2021-05-31,AEIS,identifier,Advanced Energy Industries Inc,0.035340728895,17621819.46,172746.0,102.01,US0079731008,007973100
2021-05-31,OLED,identifier,Universal Display Corp,0.088008298591,43883258.7,203295.0,215.86,US91347P1057,91347P105
2021-05-31,VPG,identifier,Vishay Precision Group Inc,5.88416e-07,293.4,9.0,32.599999999999994,US92835K1034,92835K103
2021-05-31,FIVN,identifier,Five9 Inc,0.106477430195,53092454.8,299788.0,177.1,US3383071012,338307101
2021-05-31,EVTC,identifier,EVERTEC Inc,0.024081048347,12007445.79,275843.0,43.529999999999994,PR30040P1032,30040P103
2021-05-31,,,Paya Holdings Inc,0.006322481786,3152556.16,317798.0,9.92,US70434P1030,70434P103
2021-05-31,ONTO,identifier,Onto Innovation Inc,0.032067085965,15989494.76,222788.0,71.77,US6833441057,683344105
2021-05-31,HCKT,identifier,Hackett Group Inc/The,0.00409022557,2039494.34,114514.0,17.810000000000002,US4046091090,404609109
2021-05-31,U,identifier,Unity Software Inc,0.047834090258,23851338.92,252502.0,94.46000000000001,US91332U1016,91332U101
2021-05-31,,,National Instruments Corp,0.048883849975,24374776.8,597421.0,40.800000000000004,US6365181022,636518102
2021-05-31,CATM,identifier,Cardtronics PLC,0.012815146869,6389970.2,164140.0,38.93,GB00BYT18414,G1991C105
2021-05-31,FLEX,identifier,Flex Ltd,0.083075187981,41423479.65,2267295.0,18.27,SG9999000020,Y2573F102
2021-05-31,AVGO,identifier,Broadcom Inc,1.756608076682,875891113.65,1854405.0,472.33,US11135F1012,11135F101
2021-05-31,JKHY,identifier,Jack Henry & Associates Inc,0.106853749841,53280097.7,345638.0,154.15,US4262811015,426281101
2021-05-31,COHR,"same company, other snapshot",Coherent Inc,0.058379971196,29109793.28,110848.0,262.61,US1924791031,192479103
2021-05-31,,,Limelight Networks Inc,6.52793e-07,325.5,105.0,3.1,US53261M1045,53261M104
2021-05-31,,,Zuora Inc,0.015496452959,7726940.13,499479.0,15.47,US98983V1061,98983V106
2021-05-31,MX,identifier,Magnachip Semiconductor Corp,0.008971586831,4473469.8,188754.0,23.7,US55933J2033,55933J203
2021-05-31,VISN,identifier,CommScope Holding Co Inc,0.036987091391,18442739.22,908062.0,20.31,US20337X1090,20337X109
2021-05-31,QADA,identifier,QAD Inc,0.0081501079,4063858.74,56869.0,71.46000000000001,US74727D3061,74727D306
2021-05-31,,,Avaya Holdings Corp,0.021939959852,10939842.6,381445.0,28.68,US05351X1019,05351X101
2021-05-31,CSCO,identifier,Cisco Systems Inc/Delaware,2.034402627302,1014406802.8,19175932.0,52.9,US17275R1023,17275R102
2021-05-31,NUAN,manual table,Nuance Communications Inc,0.137410932397,68516714.8,1295212.0,52.9,US67020Y1001,67020Y100
2021-05-31,SCSC,identifier,ScanSource Inc,0.007068245729,3524413.73,115441.0,30.53,US8060371072,806037107
2021-05-31,IIIV,identifier,I3 Verticals Inc,0.005996267612,2989897.17,96231.0,31.07,US46571Y1073,46571Y107
2021-05-31,DBX,identifier,Dropbox Inc,0.078640748948,39212351.4,1433724.0,27.349999999999998,US26210C1045,26210C104
2021-05-31,PD,identifier,PagerDuty Inc,0.024255173734,12094269.3,297522.0,40.650000000000006,US69553P1003,69553P100
2021-05-31,ANET,"same company, other snapshot",Arista Networks Inc,0.177133241328,88323305.62,260249.0,339.38,US0404131064,040413106
2021-05-31,TDC,identifier,Teradata Corp,0.047471644667,23670613.99,494477.0,47.87,US88076W1036,88076W103
2021-05-31,INSG,SEC company list,Inseego Corp,0.005792499068,2888292.8,335848.0,8.6,US45782B1044,45782B104
2021-05-31,,,Perficient Inc,0.021589862165,10765274.66,150374.0,71.59,US71375U1016,71375U101
2021-05-31,SSNC,identifier,SS&C Technologies Holdings Inc,0.156074491483,77822857.57,1053511.0,73.86999999999999,US78467J1007,78467J100
2021-05-31,RNG,identifier,RingCentral Inc,0.180194600982,89849780.28,342324.0,262.47,US76680R2067,76680R206
2021-05-31,CTSH,identifier,Cognizant Technology Solutions Corp,0.345955069248,172502321.32,2410597.0,71.56,US1924461023,192446102
2021-05-31,GWRE,identifier,Guidewire Software Inc,0.070824820965,35315123.58,361317.0,97.74,US40171V1008,40171V100
2021-05-31,,,Ideanomics Inc,0.009901032977,4936916.16,1714207.0,2.88,US45166V1061,45166V106
2021-05-31,NTGR,identifier,NETGEAR Inc,0.010909606344,5439817.44,139913.0,38.88,US64111Q1040,64111Q104
2021-05-31,MXL,identifier,MaxLinear Inc,0.024497126881,12214913.52,321276.0,38.019999999999996,US57776J1007,57776J100
2021-05-31,,,Everbridge Inc,0.038148247944,19021722.5,161887.0,117.5,US29978A1043,29978A104
2021-05-31,CRSR,identifier,Corsair Gaming Inc,0.00785918486,3918796.84,125522.0,31.22,US22041X1028,22041X102
2021-05-31,AKAM,identifier,Akamai Technologies Inc,0.169612119753,84573076.05,740505.0,114.21,US00971T1016,00971T101
2021-05-31,ENTG,identifier,Entegris Inc,0.140708671726,70161054.6,613028.0,114.44999999999999,US29362U1043,29362U104
2021-05-31,SPSC,identifier,SPS Commerce Inc,0.030292437474,15104608.22,160927.0,93.86,US78463M1071,78463M107
2021-05-31,AMBA,identifier,Ambarella Inc,0.032324032502,16117615.08,160566.0,100.38,KYG037AX1015,G037AX101
2021-05-31,VIAV,identifier,Viavi Solutions Inc,0.036619941738,18259668.72,1041624.0,17.529999999999998,US9255501051,925550105
2021-05-31,GDYN,identifier,Grid Dynamics Holdings Inc,0.003529981076,1760141.66,114518.0,15.37,US39813G1094,39813G109
2021-08-31,EXLS,identifier,ExlService Holdings Inc,0.032622068849,19084606.62,154983.0,123.14,US3020811044,302081104
2021-08-31,OSIS,identifier,OSI Systems Inc,0.013404612424,7841984.4,79260.0,98.94,US6710441055,671044105
2021-08-31,MVIS,SEC company list,MicroVision Inc,0.018518308346,10833605.67,735479.0,14.73,US5949603048,594960304
2021-08-31,,,II-VI Inc,0.052359876783,30631645.58,486371.0,62.98,US9021041085,902104108
2021-08-31,TER,identifier,Teradyne Inc,0.161908694864,94720042.56,779974.0,121.44,US8807701029,880770102
2021-08-31,SNPS,identifier,Synopsys Inc,0.403318964188,235950203.2,710180.0,332.24,US8716071076,871607107
2021-08-31,ZEN,manual table,Zendesk Inc,0.116613507001,68221390.8,551953.0,123.6,US98936J1016,98936J101
2021-08-31,IT,identifier,Gartner Inc,0.218418983214,127779767.5,413875.0,308.74,US3666511072,366651107
2021-08-31,WK,identifier,Workiva Inc,0.042272238883,24730162.08,176304.0,140.26999999999998,US98139A1051,98139A105
2021-08-31,NCNO,"same company, other snapshot",nCino Inc,0.01476547323,8638117.02,139302.0,62.01,US63947U1079,63947U107
2021-08-31,ACLS,identifier,Axcelis Technologies Inc,0.012850883193,7518040.98,151238.0,49.71,US0545402085,054540208
2021-08-31,RMNI,identifier,Rimini Street Inc,0.002727380482,1595575.8,167076.0,9.55,US76674Q1076,76674Q107
2021-08-31,AZPN,manual table,Aspen Technology Inc,0.06955047332,40688511.5,314197.0,129.5,US0453271035,045327103
2021-08-31,BHE,identifier,Benchmark Electronics Inc,0.009750635855,5704330.11,211037.0,27.03,US08160H1014,08160H101
2021-08-31,MTSI,identifier,MACOM Technology Solutions Holdings Inc,0.023873621776,13966578.34,230054.0,60.71,US55405Y1001,55405Y100
2021-08-31,PFPT,identifier,Proofpoint Inc,0.02056567694,12031360.0,68360.0,176.0,US7434241037,743424103
2021-08-31,CVLT,identifier,CommVault Systems Inc,0.027131434169,15872468.13,196029.0,80.97,US2041661024,204166102
2021-08-31,DMRC,SEC company list,Digimarc Corp,0.001487486988,870211.64,29761.0,29.240000000000002,US25381B1017,25381B101
2021-08-31,ARW,identifier,Arrow Electronics Inc,0.07335738795,42915637.82,354031.0,121.22,US0427351004,042735100
2021-08-31,ALGM,identifier,Allegro MicroSystems Inc,0.013836929384,8094899.05,269381.0,30.05,US01749D1054,01749D105
2021-08-31,MDB,identifier,MongoDB Inc,0.170498770707,99745420.29,254563.0,391.83000000000004,US60937P1066,60937P106
2021-08-31,,,Verint Systems Inc,0.023202643832,13574041.92,304078.0,44.64,US92343X1000,92343X100
2021-08-31,BFH,identifier,Alliance Data Systems Corp,0.031848194967,18631873.88,189908.0,98.11,US0185811082,018581108
2021-08-31,NSSC,identifier,Napco Security Technologies Inc,0.004729406986,2766804.04,70708.0,39.13,US6304021057,630402105
2021-08-31,GDDY,identifier,GoDaddy Inc,0.099261125702,58069877.34,792114.0,73.31,US3802371076,380237107
2021-08-31,CGNX,identifier,Cognex Corp,0.124099828709,72601048.8,819240.0,88.61999999999999,US1924221039,192422103
2021-08-31,AAPL,identifier,Apple Inc,20.28340997014,11866227797.34,78154698.0,151.83,US0378331005,037833100
2021-08-31,,,SolarWinds Corp,0.002189694716,1281018.15,75045.0,17.07,US83417Q2049,83417Q204
2021-08-31,SNOW,identifier,Snowflake Inc,0.061855709902,36186910.65,118899.0,304.34999999999997,US8334451098,833445109
2021-08-31,JBL,identifier,Jabil Inc,0.070326201801,41142329.22,665949.0,61.78,US4663131039,466313103
2021-08-31,ADI,identifier,Analog Devices Inc,0.697078500255,407805802.32,2502643.77,162.94999999940063,US0326541051,032654105
2021-08-31,QTWO,identifier,Q2 Holdings Inc,0.037728398544,22071918.49,250561.0,88.08999999999999,US74736L1098,74736L109
2021-08-31,CALX,identifier,Calix Inc,0.021028020411,12301840.8,263988.0,46.6,US13100M5094,13100M509
2021-08-31,TTMI,identifier,TTM Technologies Inc,0.011854791368,6935306.0,495379.0,14.0,US87305R1095,87305R109
2021-08-31,,,Ping Identity Holding Corp,0.010146479001,5935906.8,228744.0,25.95,US72341T1034,72341T103
2021-08-31,,,American Software Inc/GA,0.006379433189,3732104.59,147107.0,25.369999999999997,US0296831094,029683109
2021-08-31,RBBN,identifier,Ribbon Communications Inc,0.005359003364,3135131.36,480112.0,6.529999999999999,US7625441040,762544104
2021-08-31,AMD,identifier,Advanced Micro Devices Inc,1.065830374427,623533520.0,5631625.0,110.72,US0079031078,007903107
2021-08-31,NSIT,identifier,Insight Enterprises Inc,0.028476450612,16659331.46,161914.0,102.89,US45765U1034,45765U103
2021-08-31,SEDG,identifier,SolarEdge Technologies Inc,0.119013504557,69625440.6,240270.0,289.78,US83417M1045,83417M104
2021-08-31,APH,identifier,Amphenol Corp,0.363545784049,212682043.83,2775441.0,76.63000000000001,US0320951017,032095101
2021-08-31,VECO,identifier,Veeco Instruments Inc,0.009198253771,5381174.8,236120.0,22.79,US9224171002,922417100
2021-08-31,PRGS,identifier,Progress Software Corp,0.016849727743,9857450.4,211715.0,46.56,US7433121008,743312100
2021-08-31,MSFT,identifier,Microsoft Corp,17.21601032993,10071733531.84,33363368.0,301.88,US5949181045,594918104
2021-08-31,IPGP,identifier,IPG Photonics Corp,0.051310954476,30018003.64,175873.0,170.68,US44980X1090,44980X109
2021-08-31,NOW,identifier,ServiceNow Inc,1.003086791162,586827184.48,911732.0,643.64,US81762P1021,81762P102
2021-08-31,,,SMART Global Holdings Inc,0.00839147473,4909191.84,101304.0,48.46,KYG8232Y1017,G8232Y101
2021-08-31,LRCX,"same company, other snapshot",Lam Research Corp,0.686943964784,401876882.74,664457.0,604.82,US5128071082,512807108
2021-08-31,,,Model N Inc,0.009023556487,5278973.16,155676.0,33.910000000000004,US6075251024,607525102
2021-08-31,LITE,identifier,Lumentum Holdings Inc,0.051980918474,30409946.88,350992.0,86.64,US55024U1097,55024U109
2021-08-31,DDD,identifier,3D Systems Corp,0.030628442961,17918292.92,588643.0,30.44,US88554D2053,88554D205
2021-08-31,V,identifier,Visa Inc,2.895252324167,1693784411.0,7393210.0,229.1,US92826C8394,92826C839
2021-08-31,ESTC,identifier,Elastic NV,0.080140268111,46883767.5,293850.0,159.55,NL0013056914,N14506104
2021-08-31,EPAM,identifier,EPAM Systems Inc,0.282292190083,165146956.94,260974.0,632.81,US29414B1044,29414B104
2021-08-31,NET,identifier,Cloudflare Inc,0.2171886812,127060014.56,1052344.0,120.74000000000001,US18915M1071,18915M107
2021-08-31,TRMB,identifier,Trimble Inc,0.186644298112,109190898.46,1158893.0,94.22,US8962391004,896239100
2021-08-31,PLUS,identifier,ePlus Inc,0.012166813897,7117845.84,65772.0,108.22,US2942681071,294268107
2021-08-31,,,Black Knight Inc,0.093178060928,54511154.6,720380.0,75.67,US09215C1053,09215C105
2021-08-31,ADBE,identifier,Adobe Inc,2.523887531797,1476528080.4,2224692.0,663.7,US00724F1012,00724F101
2021-08-31,,,Casa Systems Inc,0.002353680955,1376953.6,195590.0,7.04,US14713L1026,14713L102
2021-08-31,ON,identifier,ON Semiconductor Corp,0.147263684418,86152398.84,1942119.0,44.36,US6821891057,682189105
2021-08-31,,,LivePerson Inc,0.033067599909,19345251.8,301798.0,64.10000000000001,US5381461012,538146101
2021-08-31,TLS,identifier,Telos Corp,0.00454497775,2658909.0,80573.0,33.0,US87969B1017,87969B101
2021-08-31,INTU,identifier,Intuit Inc,1.229823778199,719473161.77,1270907.0,566.11,US4612021034,461202103
2021-08-31,OSPN,identifier,OneSpan Inc,0.004765313591,2787810.17,144671.0,19.27,US68287N1000,68287N100
2021-08-31,,,CSG Systems International Inc,0.013284543062,7771741.26,161206.0,48.21,US1263491094,126349109
2021-08-31,AOSL,identifier,Alpha & Omega Semiconductor Ltd,0.004994282467,2921761.85,100577.0,29.05,BMG6331P1041,G6331P104
2021-08-31,MARA,identifier,Marathon Digital Holdings Inc,0.031941984947,18686743.02,460378.0,40.589999999999996,US5657881067,565788106
2021-08-31,DBD,"same company, other snapshot",Diebold Nixdorf Inc,0.006439311569,3767134.72,346244.0,10.88,US2536511031,253651103
2021-08-31,,,Cree Inc,0.074818746251,43770563.62,515069.0,84.97999999999999,US2254471012,225447101
2021-08-31,SWKS,identifier,Skyworks Solutions Inc,0.241421414831,141236681.0,769850.0,183.46,US83088M1027,83088M102
2021-08-31,DLB,identifier,Dolby Laboratories Inc,0.051398603568,30069280.23,303393.0,99.11,US25659T1079,25659T107
2021-08-31,NXPI,identifier,NXP Semiconductors NV,0.474219681368,277428636.18,1289586.0,215.13,NL0009538784,N6596X109
2021-08-31,,,SecureWorks Corp,0.001734350152,1014631.86,49591.0,20.46,US81374A1051,81374A105
2021-08-31,RIOT,identifier,Riot Blockchain Inc,0.025018415116,14636306.88,392184.0,37.32,US7672921050,767292105
2021-08-31,MRVL,identifier,Marvell Technology Inc,0.389301050996,227749424.76,3722004.0,61.19,US5738741041,573874104
2021-08-31,TWLO,identifier,Twilio Inc,0.455605289091,266538819.36,746691.0,356.96000000000004,US90138F1021,90138F102
2021-08-31,ADSK,identifier,Autodesk Inc,0.541555869894,316821743.81,1021709.0,310.09,US0527691069,052769106
2021-08-31,KEYS,identifier,Keysight Technologies Inc,0.264325949678,154636322.8,862060.0,179.38000000000002,US49338L1035,49338L103
2021-08-31,WEX,identifier,WEX Inc,0.0651238666,38098852.08,207544.0,183.57,US96208T1043,96208T104
2021-08-31,ARLO,identifier,Arlo Technologies Inc,0.004060290136,2375356.4,383122.0,6.2,US04206A1016,04206A101
2021-08-31,CASS,identifier,Cass Information Systems Inc,0.005351532799,3130760.92,69449.0,45.08,US14808P1093,14808P109
2021-08-31,AZTA,identifier,Brooks Automation Inc,0.05055066256,29573216.64,348084.0,84.96000000000001,US1143401024,114340102
2021-08-31,CTXS,manual table,Citrix Systems Inc,0.101040854249,59111056.53,574619.0,102.87,US1773761002,177376100
2021-08-31,WDC,identifier,Western Digital Corp,0.153821350711,89988773.6,1423873.0,63.199999999999996,US9581021055,958102105
2021-08-31,ADP,identifier,Automatic Data Processing Inc,0.711037729981,415972249.68,1989917.0,209.04,US0530151036,053015103
2021-08-31,GEN,identifier,NortonLifeLock Inc,0.123666792885,72347713.6,2723935.0,26.56,US6687711084,668771108
2021-08-31,CTS,identifier,CTS Corp,0.008485512393,4964205.88,141511.0,35.08,US1265011056,126501105
2021-08-31,PCTY,identifier,Paylocity Holding Corp,0.080846323203,47296824.8,175694.0,269.2,US70438V1061,70438V106
2021-08-31,S,identifier,SentinelOne Inc,0.017657149563,10329809.4,161580.0,63.93,US81730H1095,81730H109
2021-08-31,PATH,identifier,UiPath Inc,0.001389809117,813068.0,12865.0,63.2,US90364P1057,90364P105
2021-08-31,PLXS,identifier,Plexus Corp,0.022326904197,13061715.54,142238.0,91.83,US7291321005,729132100
2021-08-31,SPT,identifier,Sprout Social Inc,0.036773408279,21513228.8,176918.0,121.60000000000001,US85209W1099,85209W109
2021-08-31,ORCL,identifier,Oracle Corp,1.356768103851,793738302.0,8905400.0,89.13,US68389X1054,68389X105
2021-08-31,DELL,identifier,Dell Technologies Inc,0.204012820908,119351855.04,1224624.0,97.46000000000001,US24703L2025,24703L202
2021-08-31,ACMR,identifier,ACM Research Inc,0.009391190748,5494047.05,61627.0,89.14999999999999,US00108J1097,00108J109
2021-08-31,INTC,identifier,Intel Corp,1.746443269095,1021706591.58,18899493.0,54.06,US4581401001,458140100
2021-08-31,MPWR,identifier,Monolithic Power Systems Inc,0.167355530493,97906557.67,197819.0,494.93,US6098391054,609839105
2021-08-31,CMTL,identifier,Comtech Telecommunications Corp,0.006229793607,3644562.24,142812.0,25.520000000000003,US2058262096,205826209
2021-08-31,CMBMF,identifier,Cambium Networks Corp,0.000478701814,280050.78,7474.0,37.470000000000006,KYG177661090,G17766109
2021-08-31,TYL,identifier,Tyler Technologies Inc,0.157219089468,91976523.3,189369.0,485.7,US9022521051,902252105
2021-08-31,,,Evo Payments Inc,0.009408760278,5504325.6,216365.0,25.439999999999998,US26927E1047,26927E104
2021-08-31,SABR,identifier,Sabre Corp,0.022507573314,13167410.83,1172521.0,11.23,US78573M1045,78573M104
2021-08-31,KE,identifier,Kimball Electronics Inc,0.004591677978,2686229.63,111139.0,24.169999999999998,US49428J1097,49428J109
2021-08-31,ZBRA,identifier,Zebra Technologies Corp,0.2485696005,145418522.2,247660.0,587.17,US9892071054,989207105
2021-08-31,RPAY,identifier,Repay Holdings Corp,0.014524483357,8497132.8,369280.0,23.01,US76029L1008,76029L100
2021-08-31,APP,identifier,AppLovin Corp,0.00177870843,1040582.4,14781.0,70.4,US03831W1080,03831W108
2021-08-31,MDLA,identifier,Medallia Inc,0.026911918503,15744046.78,466214.0,33.769999999999996,US5840211099,584021109
2021-08-31,NTNX,identifier,Nutanix Inc,0.057118002124,33415250.47,905317.0,36.91,US67059N1081,67059N108
2021-08-31,KLIC,identifier,Kulicke & Soffa Industries Inc,0.034900194117,20417358.53,290887.0,70.19,US5012421013,501242101
2021-08-31,CIEN,identifier,Ciena Corp,0.072483606209,42404456.85,742245.0,57.13,US1717793095,171779309
2021-08-31,DGII,identifier,Digi International Inc,0.005460233926,3194353.4,145330.0,21.98,US2537981027,253798102
2021-08-31,FFIV,identifier,F5 Networks Inc,0.101899248056,59613235.23,292839.0,203.57,US3156161024,315616102
2021-08-31,,,Brightcove Inc,0.00336946666,1971209.92,173522.0,11.36,US10921T1016,10921T101
2021-08-31,PAR,identifier,PAR Technology Corp,0.012095162853,7075928.45,104165.0,67.93,US6988841036,698884103
2021-08-31,SMCI,"same company, other snapshot",Super Micro Computer Inc,0.012538633868,7335368.46,200749.0,36.54,US86800U1043,86800U104
2021-08-31,AMKR,identifier,Amkor Technology Inc,0.024909497534,14572587.77,530491.0,27.47,US0316521006,031652100
2021-08-31,MANH,identifier,Manhattan Associates Inc,0.082713153153,48388960.17,296883.0,162.99,US5627501092,562750109
2021-08-31,APPN,identifier,Appian Corp,0.027695804464,16202636.8,151144.0,107.2,US03782L1017,03782L101
2021-08-31,MQ,SEC company list,Marqeta Inc,0.00059706047,349293.12,12028.0,29.04,US57142B1044,57142B104
2021-08-31,SYNA,identifier,Synaptics Inc,0.052767295729,30869994.36,162662.0,189.78,US87157D1090,87157D109
2021-08-31,IMXI,identifier,International Money Express Inc,0.003809339567,2228544.96,122179.0,18.24,US46005L1017,46005L101
2021-08-31,VSAT,identifier,Viasat Inc,0.022634619156,13241735.36,256424.0,51.64,US92552V1008,92552V100
2021-08-31,QRVO,identifier,Qorvo Inc,0.169084548789,98918070.28,526076.0,188.03,US74736K1016,74736K101
2021-08-31,,,Velodyne Lidar Inc,0.005314047124,3108831.0,471035.0,6.6,US92259F1012,92259F101
2021-08-31,,,Avalara Inc,0.123438030292,72213882.6,401858.0,179.7,US05338G1067,05338G106
2021-08-31,RXT,identifier,Rackspace Technology Inc,0.00487604461,2852590.18,204194.0,13.97,US7501021056,750102105
2021-08-31,ANSS,manual table,ANSYS Inc,0.253156513541,148101964.24,405359.0,365.36,US03662Q1058,03662Q105
2021-08-31,DDOG,identifier,Datadog Inc,0.192297241143,112497990.8,816386.0,137.79999999999998,US23804L1035,23804L103
2021-08-31,SANM,identifier,Sanmina Corp,0.020893740798,12223284.36,309607.0,39.48,US8010561020,801056102
2021-08-31,PRO,identifier,PROS Holdings Inc,0.015074540072,8818927.72,203953.0,43.24,US74346Y1038,74346Y103
2021-08-31,TEL,"same company, other snapshot",TE Connectivity Ltd,0.395024897834,231097997.34,1538397.0,150.22,CH0102993182,H84989104
2021-08-31,VNT,identifier,Vontier Corp,0.048921149471,28619916.7,786910.0,36.37,US9288811014,928881101
2021-08-31,VYX,identifier,NCR Corp,0.04368999351,25559578.8,601685.0,42.480000000000004,US62886E1082,62886E108
2021-08-31,DXC,identifier,DXC Technology Co,0.071211353606,41660161.92,1134536.0,36.72,US23355L1061,23355L106
2021-08-31,HUBS,identifier,HubSpot Inc,0.240050665377,140434763.31,205173.0,684.47,US4435731009,443573100
2021-08-31,TCX,identifier,Tucows Inc,0.00566319088,3313087.55,44705.0,74.11,US8986972060,898697206
2021-08-31,,,FireEye Inc,0.034780560619,20347370.38,1118602.0,18.189999999999998,US31816Q1013,31816Q101
2021-08-31,MCHP,identifier,Microchip Technology Inc,0.337634090775,197523150.16,1255231.0,157.35999999999999,US5950171042,595017104
2021-08-31,NTCT,identifier,NetScout Systems Inc,0.016516877221,9662725.74,352397.0,27.42,US64115T1043,64115T104
2021-08-31,XLNX,manual table,Xilinx Inc,0.304300329449,178022188.25,1144175.0,155.59,US9839191015,983919101
2021-08-31,QLYS,identifier,Qualys Inc,0.031654525453,18518573.08,157766.0,117.38,US74758T3032,74758T303
2021-08-31,,,Anaplan Inc,0.06141102488,35926760.42,598979.0,59.980000000000004,US03272L1089,03272L108
2021-08-31,,,Ceridian HCM Holding Inc,0.119797218525,70083930.0,623800.0,112.35,US15677J1088,15677J108
2021-08-31,FROG,identifier,JFrog Ltd,0.008247083213,4824719.72,125513.0,38.44,IL0011684185,M6191J100
2021-08-31,CLSK,identifier,Cleanspark Inc,0.003611764622,2112959.4,153113.0,13.799999999999999,US18452B2097,18452B209
2021-08-31,MKSI,identifier,MKS Instruments Inc,0.065888949658,38546442.0,261900.0,147.18,US55306N1046,55306N104
2021-08-31,P,identifier,Pure Storage Inc,0.055260319327,32328466.38,1251586.0,25.83,US74624M1027,74624M102
2021-08-31,,,Infinera Corp,0.01228687208,7188082.44,848652.0,8.47,US45667G1031,45667G103
2021-08-31,SMTC,identifier,Semtech Corp,0.036794266595,21525431.36,307858.0,69.92,US8168501018,816850101
2021-08-31,,,Qualtrics International Inc,0.022827408019,13354520.96,294932.0,45.28,US7476012015,747601201
2021-08-31,TTD,identifier,Trade Desk Inc/The,0.271328263832,158732826.05,1982921.0,80.05000000000001,US88339J1051,88339J105
2021-08-31,RMBS,identifier,Rambus Inc,0.021806676444,12757371.2,536024.0,23.799999999999997,US7509171069,750917106
2021-08-31,STX,identifier,Seagate Technology Holdings PLC,0.150049520579,87782172.46,1002194.0,87.58999999999999,IE00BKVD2N49,G7997R103
2021-08-31,DT,identifier,Dynatrace Inc,0.100916395047,59038245.24,858988.0,68.73,US2681501092,268150109
2021-08-31,JNPR,manual table,Juniper Networks Inc,0.08035484305,47009298.42,1622129.0,28.98,US48203R1041,48203R104
2021-08-31,SITM,identifier,SiTime Corp,0.021051108936,12315348.08,57862.0,212.84,US82982T1060,82982T106
2021-08-31,PYPL,identifier,PayPal Holdings Inc,2.554842358918,1494637315.02,5177847.0,288.65999999999997,US70450Y1038,70450Y103
2021-08-31,,,Vonage Holdings Corp,0.027046211586,15822611.1,1122171.0,14.1,US92886T2015,92886T201
2021-08-31,WU,identifier,Western Union Co/The,0.073092074177,42760423.6,1975990.0,21.64,US9598021098,959802109
2021-08-31,ACIW,identifier,ACI Worldwide Inc,0.026944013076,15762822.79,489073.0,32.23,US0044981019,004498101
2021-08-31,SPWRW,SEC company list,SunPower Corp,0.01464683479,8568711.0,397620.0,21.55,US8676524064,867652406
2021-08-31,NABL,identifier,N-Able Inc,0.004271230456,2498760.99,184683.0,13.530000000000001,US62878D1000,62878D100
2021-08-31,VRRM,identifier,Verra Mobility Corp,0.017523486543,10251613.68,660968.0,15.51,US92511U1025,92511U102
2021-08-31,BL,identifier,Blackline Inc,0.045803171105,26795832.8,245608.0,109.10000000000001,US09239B1098,09239B109
2021-08-31,,,Ebix Inc,0.006525737578,3817695.78,132651.0,28.779999999999998,US2787152063,278715206
2021-08-31,ATEN,identifier,A10 Networks Inc,0.006821640575,3990805.35,287315.0,13.89,US0021211018,002121101
2021-08-31,VMW,manual table,VMware Inc,0.099080693995,57964320.94,389362.0,148.87,US9285634021,928563402
2021-08-31,CDNS,identifier,Cadence Design Systems Inc,0.36366825064,212753689.4,1301405.0,163.48000000000002,US1273871087,127387108
2021-08-31,LSCC,identifier,Lattice Semiconductor Corp,0.0675851558,39538758.8,636490.0,62.12,US5184151042,518415104
2021-08-31,FORM,identifier,FormFactor Inc,0.023448901923,13718108.16,352832.0,38.88,US3463751087,346375108
2021-08-31,CDK,identifier,CDK Global Inc,0.039614198982,23175152.0,557095.0,41.6,US12508E1010,12508E101
2021-08-31,ZM,identifier,Zoom Video Communications Inc,0.470565327222,275290761.0,950918.0,289.5,US98980L1017,98980L101
2021-08-31,CPAY,manual table,FleetCor Technologies Inc,0.166678511385,97510487.04,370368.0,263.28000000000003,US3390411052,339041105
2021-08-31,MMS,identifier,Maximus Inc,0.042628329634,24938482.77,286353.0,87.09,US5779331041,577933104
2021-08-31,BMI,identifier,Badger Meter Inc,0.025258039705,14776492.38,137982.0,107.09,US0565251081,056525108
2021-08-31,HPE,identifier,Hewlett Packard Enterprise Co,0.165616751905,96889335.08,6267098.0,15.459999999999999,US42824C1099,42824C109
2021-08-31,CEVA,identifier,CEVA Inc,0.007945536575,4648308.5,96338.0,48.25,US1572101053,157210105
2021-08-31,FISV,identifier,Fiserv Inc,0.565539089244,330852439.07,2808833.0,117.78999999999999,US3377381088,337738108
2021-08-31,BSY,identifier,Bentley Systems Inc,0.087863371725,51401947.97,797053.0,64.49,US08265T2087,08265T208
2021-08-31,FIS,identifier,Fidelity National Information Services Inc,0.632013849237,369741592.62,2893806.0,127.77,US31620M1062,31620M106
2021-08-31,FTNT,identifier,Fortinet Inc,0.34616785081,202515581.94,642621.0,315.14,US34959E1091,34959E109
2021-08-31,ZD,identifier,J2 Global Inc,0.047165354392,27592739.1,200383.0,137.70000000000002,US48123V1026,48123V102
2021-08-31,ASAN,identifier,Asana Inc,0.0392086319,22937886.6,303612.0,75.55000000000001,US04342Y1047,04342Y104
2021-08-31,CRNC,identifier,Cerence Inc,0.032804220117,19191169.0,176975.0,108.44,US1567271093,156727109
2021-08-31,ITRI,identifier,Itron Inc,0.027762496903,16241653.3,193330.0,84.01,US4657411066,465741106
2021-08-31,RPD,identifier,Rapid7 Inc,0.049838415044,29156536.64,239932.0,121.52,US7534221046,753422104
2021-08-31,COIN,identifier,Coinbase Global Inc,0.002314977068,1354311.0,5229.0,259.0,US19260Q1076,19260Q107
2021-08-31,,,Envestnet Inc,0.034804983779,20361658.45,254935.0,79.86999999999999,US29404K1060,29404K106
2021-08-31,ENPH,identifier,Enphase Energy Inc,0.169841456948,99360877.71,571927.0,173.73,US29355A1079,29355A107
2021-08-31,VRSN,identifier,VeriSign Inc,0.17602256305,102976956.72,476172.0,216.26,US92343E1029,92343E102
2021-08-31,ECHO,identifier,EchoStar Corp,0.003711833791,2171502.0,80426.0,27.0,US2787681061,278768106
2021-08-31,HUCK,identifier,Domo Inc,0.019703050296,11526705.0,128790.0,89.5,US2575541055,257554105
2021-08-31,MEI,identifier,Methode Electronics Inc,0.014319712692,8377337.59,179887.0,46.57,US5915202007,591520200
2021-08-31,DIOD,identifier,Diodes Inc,0.034784535842,20349695.97,210159.0,96.83,US2545431015,254543101
2021-08-31,,,New Relic Inc,0.031142462479,18219005.31,227823.0,79.97,US64829B1008,64829B100
2021-08-31,UIS,identifier,Unisys Corp,0.013048175891,7633461.42,315302.0,24.21,US9092143067,909214306
2021-08-31,EGHT,identifier,8x8 Inc,0.019957616135,11675631.45,483463.0,24.15,US2829141009,282914100
2021-08-31,QCOM,identifier,QUALCOMM Inc,1.323031833537,774001863.74,5276446.0,146.69,US7475251036,747525103
2021-08-31,,,Switch Inc,0.019319414602,11302269.93,455553.0,24.81,US87105L1044,87105L104
2021-08-31,FSLY,identifier,Fastly Inc,0.030498764069,17842428.0,409230.0,43.6,US31188V1008,31188V100
2021-08-31,NOVT,identifier,Novanta Inc,0.042854725082,25070928.94,163627.0,153.22,CA67000B1040,67000B104
2021-08-31,TXN,identifier,Texas Instruments Inc,1.395719821366,816525888.2,4277020.0,190.91000000000003,US8825081040,882508104
2021-08-31,ROG,identifier,Rogers Corp,0.032279332671,18884098.64,88904.0,212.41,US7751331015,775133101
2021-08-31,BILL,identifier,Bill.com Holdings Inc,0.153217537666,89635530.08,326672.0,274.39,US0900431000,090043100
2021-08-31,BR,identifier,Broadridge Financial Solutions Inc,0.157958836219,92409290.94,536577.0,172.22,US11133T1034,11133T103
2021-08-31,LASR,identifier,nLight Inc,0.007869837149,4604022.72,166752.0,27.61,US65487K1007,65487K100
2021-08-31,POWI,identifier,Power Integrations Inc,0.052414566104,30663640.0,282250.0,108.64,US7392761034,739276103
2021-08-31,BOX,identifier,Box Inc,0.0329325941,19266270.52,747334.0,25.78,US10316T1043,10316T104
2021-08-31,YEXT,identifier,Yext Inc,0.011395372644,6666536.24,493087.0,13.52,US98585N1063,98585N106
2021-08-31,CRM,identifier,salesforce.com Inc,2.048612261049,1198481901.9,4517970.0,265.27000000000004,US79466L3024,79466L302
2021-08-31,RAMP,identifier,LiveRamp Holdings Inc,0.027011332346,15802206.0,322494.0,49.0,US53815P1084,53815P108
2021-08-31,XRX,identifier,Xerox Holdings Corp,0.030780128281,18007032.07,799957.0,22.51,US98421M1062,98421M106
2021-08-31,,,McAfee Corp,0.00854406294,4998459.2,188195.0,26.560000000000002,US5790631080,579063108
2021-08-31,CCMP,identifier,CMC Materials Inc,0.030915654396,18086317.74,136377.0,132.61999999999998,US12571T1007,12571T100
2021-08-31,,,Alteryx Inc,0.029946262417,17519202.74,236842.0,73.97,US02156B1035,02156B103
2021-08-31,ADTN,"same company, other snapshot",ADTRAN Inc,0.009382758628,5489114.08,265688.0,20.66,US00738A1060,00738A106
2021-08-31,,,FARO Technologies Inc,0.009276746428,5427094.68,78722.0,68.94,US3116421021,311642102
2021-08-31,OKTA,identifier,Okta Inc,0.255551100628,149502848.8,567158.0,263.6,US6792951054,679295105
2021-08-31,FOUR,identifier,Shift4 Payments Inc,0.025471350025,14901283.47,173857.0,85.71000000000001,US82452J1097,82452J109
2021-08-31,MSTR,identifier,MicroStrategy Inc,0.042262931906,24724717.3,35611.0,694.3000000000001,US5949724083,594972408
2021-08-31,XYZ,identifier,Square Inc,0.832177599087,486841658.93,1816099.0,268.07,US8522341036,852234103
2021-08-31,ACN,identifier,Accenture PLC,1.69802879652,993383091.68,2951578.0,336.56,IE00B4BNMY34,G1151C101
2021-08-31,CLDR,identifier,Cloudera Inc,0.029700033675,17375153.67,1090719.0,15.930000000000001,US18914U1007,18914U100
2021-08-31,CRUS,identifier,Cirrus Logic Inc,0.038965485029,22795640.49,272447.0,83.66999999999999,US1727551004,172755100
2021-08-31,CNXN,identifier,PC Connection Inc,0.00480193128,2809232.3,58030.0,48.41,US69318J1007,69318J100
2021-08-31,BLKB,identifier,Blackbaud Inc,0.023460848308,13725097.05,196945.0,69.69,US09227Q1004,09227Q100
2021-08-31,,,Jamf Holding Corp,0.010279167321,6013532.3,171082.0,35.15,US47074L1052,47074L105
2021-08-31,,,Duck Creek Technologies Inc,0.015508731528,9072938.99,194573.0,46.63,US2641201064,264120106
2021-08-31,TTEC,identifier,TTEC Holdings Inc,0.015815899072,9252638.56,87736.0,105.46000000000001,US89854H1023,89854H102
2021-08-31,PEGA,identifier,Pegasystems Inc,0.04510099929,26385047.3,191710.0,137.63,US7055731035,705573103
2021-08-31,PANW,identifier,Palo Alto Networks Inc,0.356656199285,208651489.68,452567.0,461.04,US6974351057,697435105
2021-08-31,AVT,identifier,Avnet Inc,0.034272380871,20050074.38,495553.0,40.46,US0538071038,053807103
2021-08-31,MITK,identifier,Mitek Systems Inc,0.00802258349,4693382.59,209807.0,22.37,US6067102003,606710200
2021-08-31,PAYC,identifier,Paycom Software Inc,0.199269204696,116576738.3,238447.0,488.9,US70432V1026,70432V102
2021-08-31,COHU,identifier,Cohu Inc,0.013697204688,8013157.12,224584.0,35.68,US1925761066,192576106
2021-08-31,TENB,identifier,Tenable Holdings Inc,0.026140940003,15293007.9,344670.0,44.370000000000005,US88025T1025,88025T102
2021-08-31,COUP,manual table,Coupa Software Inc,0.141445219921,82748472.91,338011.0,244.81,US22266L1061,22266L106
2021-08-31,ALRM,identifier,Alarm.com Holdings Inc,0.032307446073,18900545.58,224126.0,84.33,US0116421050,011642105
2021-08-31,,,Smartsheet Inc,0.074138444527,43372572.59,545087.0,79.57000000000001,US83200N1037,83200N103
2021-08-31,VSH,identifier,Vishay Intertechnology Inc,0.024618571039,14402389.56,655548.0,21.970000000000002,US9282981086,928298108
2021-08-31,KLAC,identifier,KLA Corp,0.416770522523,243819651.96,717201.0,339.96000000000004,US4824801009,482480100
2021-08-31,PLAB,identifier,Photronics Inc,0.008825288235,5162982.0,342600.0,15.07,US7194051022,719405102
2021-08-31,,,Sailpoint Technologies Holdings Inc,0.034522304641,20196285.12,430992.0,46.86,US78781P1057,78781P105
2021-08-31,HLIT,identifier,Harmonic Inc,0.008144486409,4764698.4,515660.0,9.24,US4131601027,413160102
2021-08-31,UPLD,SEC company list,Upland Software Inc,0.008201892315,4798282.08,123096.0,38.980000000000004,US91544A1097,91544A109
2021-08-31,CDW,identifier,CDW Corp/DE,0.228176461726,133488100.71,665411.0,200.60999999999999,US12514G1085,12514G108
2021-08-31,FN,identifier,Fabrinet,0.03077526557,18004187.28,174764.0,103.02000000000001,KYG3323L1005,G3323L100
2021-08-31,KN,identifier,Knowles Corp,0.013448945165,7867920.0,393396.0,20.0,US49926D1090,49926D109
2021-08-31,HPQ,identifier,HP Inc,0.292142797452,170909772.52,5746798.0,29.740000000000002,US40434L1052,40434L105
2021-08-31,,,Momentive Global Inc,0.019599798286,11466300.37,584717.0,19.61,US60878Y1082,60878Y108
2021-08-31,PI,identifier,Impinj Inc,0.007609008563,4451432.43,76367.0,58.29,US4532041096,453204109
2021-08-31,CRWD,identifier,Crowdstrike Holdings Inc,0.399586153042,233766429.0,831909.0,281.0,US22788C1053,22788C105
2021-08-31,IBM,identifier,International Business Machines Corp,0.998754700652,584292819.06,4163409.0,140.33999999999997,US4592001014,459200101
2021-08-31,EXTR,identifier,Extreme Networks Inc,0.01202978423,7037680.56,649832.0,10.83,US30226D1063,30226D106
2021-08-31,CNXC,identifier,Concentrix Corp,0.061527789884,35995070.44,207596.0,173.39,US20602D1019,20602D101
2021-08-31,GLW,identifier,Corning Inc,0.245542628728,143647679.1,3592090.0,39.989999999999995,US2193501051,219350105
2021-08-31,GPN,identifier,Global Payments Inc,0.383049373948,224092060.24,1377841.0,162.64000000000001,US37940X1028,37940X102
2021-08-31,APPS,identifier,Digital Turbine Inc,0.040272878538,23560493.6,403088.0,58.45,US25400W1027,25400W102
2021-08-31,CNDT,identifier,Conduent Inc,0.005687989889,3327595.5,455835.0,7.3,US2067871036,206787103
2021-08-31,MU,identifier,Micron Technology Inc,0.656008991263,383779262.9,5207317.0,73.69999999999999,US5951121038,595112103
2021-08-31,PTC,identifier,PTC Inc,0.11672504676,68286643.94,518659.0,131.66,US69370C1009,69370C100
2021-08-31,MSI,identifier,Motorola Solutions Inc,0.328183385189,191994285.66,786153.0,244.22,US6200763075,620076307
2021-08-31,BDC,identifier,Belden Inc,0.014899918717,8716770.5,152258.0,57.25,US0774541066,077454106
2021-08-31,AMAT,identifier,Applied Materials Inc,0.984391674839,575890142.37,4261749.0,135.13,US0382221051,038222105
2021-08-31,AI,identifier,C3.ai Inc,0.010445587471,6110891.64,118566.0,51.54,US12468P1049,12468P104
2021-08-31,CSOD,identifier,Cornerstone OnDemand Inc,0.025614418189,14984981.4,261518.0,57.300000000000004,US21925Y1038,21925Y103
2021-08-31,FICO,identifier,Fair Isaac Corp,0.107746550406,63034031.92,137108.0,459.74,US3032501047,303250104
2021-08-31,ALTR,manual table,Altair Engineering Inc,0.025912755576,15159515.14,204886.0,73.99000000000001,US0213691035,021369103
2021-08-31,NVDA,identifier,NVIDIA Corp,4.408335306805,2578970253.75,11520975.0,223.85,US67066G1040,67066G104
2021-08-31,,,NeoPhotonics Corp,0.004148724516,2427092.4,259860.0,9.34,US64051T1007,64051T100
2021-08-31,APPF,identifier,Appfolio Inc,0.015162477342,8870372.9,75109.0,118.10000000000001,US03783C1009,03783C100
2021-08-31,,,Avid Technology Inc,0.006954504428,4068533.54,157634.0,25.81,US05367P1003,05367P100
2021-08-31,MASS,identifier,908 Devices Inc,0.00237486719,1389348.0,38593.0,36.0,US65443P1021,65443P102
2021-08-31,IDCC,identifier,InterDigital Inc,0.018645239954,10907863.37,151267.0,72.11,US45867G1013,45867G101
2021-08-31,EEFT,identifier,Euronet Worldwide Inc,0.056445327831,33021721.65,247855.0,133.23,US2987361092,298736109
2021-08-31,LFUS,identifier,Littelfuse Inc,0.056226139162,32893491.6,115254.0,285.40000000000003,US5370081045,537008104
2021-08-31,MA,identifier,Mastercard Inc,2.441877008083,1428550173.45,4126015.0,346.23,US57636Q1040,57636Q104
2021-08-31,PAYX,identifier,Paychex Inc,0.294255433152,172145709.5,1503850.0,114.47,US7043261079,704326107
2021-08-31,XPER,"same company, other snapshot",Xperi Holding Corp,0.018036535122,10551758.05,493765.0,21.37,US98390M1036,98390M103
2021-08-31,PLTR,identifier,Palantir Technologies Inc,0.109871117226,64276948.86,2440279.0,26.34,US69608A1088,69608A108
2021-08-31,SPLK,manual table,Splunk Inc,0.197961778521,115811866.08,757584.0,152.87,US8486371045,848637104
2021-08-31,UCTT,identifier,Ultra Clean Holdings Inc,0.015335944209,8971854.72,194028.0,46.24,US90385V1070,90385V107
2021-08-31,,,Cantaloupe Inc,0.00460144304,2691942.4,262885.0,10.24,US1381031061,138103106
2021-08-31,WDAY,identifier,Workday Inc,0.391008902867,228748554.56,837416.0,273.16,US98138H1014,98138H101
2021-08-31,,,Mimecast Ltd,0.034411733034,20131598.37,288377.0,69.81,GB00BYT5JK65,G14838109
2021-08-31,SNX,identifier,SYNNEX Corp,0.044293899714,25912876.82,203926.0,127.07000000000001,US87162W1009,87162W100
2021-08-31,,,Plantronics Inc,0.009590540859,5610671.12,188404.0,29.78,US7274931085,727493108
2021-08-31,SLAB,identifier,Silicon Laboratories Inc,0.053413717681,31248165.0,198250.0,157.62,US8269191024,826919102
2021-08-31,DOCU,identifier,DocuSign Inc,0.439615766132,257184607.12,868163.0,296.24,US2561631068,256163106
2021-08-31,VERX,identifier,Vertex Inc,0.004832866732,2827330.2,136586.0,20.700000000000003,US92538J1060,92538J106
2021-08-31,VRNS,identifier,Varonis Systems Inc,0.058227097792,34064095.11,493611.0,69.01,US9222801022,922280102
2021-08-31,FSLR,identifier,First Solar Inc,0.07175746373,41979648.0,446592.0,94.0,US3364331070,336433107
2021-08-31,PDFS,identifier,PDF Solutions Inc,0.004834078449,2828039.08,125579.0,22.52,US6932821050,693282105
2021-08-31,,,Bottomline Technologies DE Inc,0.014867297771,8697686.55,205765.0,42.27,US1013881065,101388106
2021-08-31,ICHR,identifier,Ichor Holdings Ltd,0.010340743502,6049555.68,136528.0,44.309999999999995,KYG4740B1059,G4740B105
2021-08-31,AGYS,identifier,Agilysys Inc,0.010190267198,5961523.83,104901.0,56.83,US00847J1051,00847J105
2021-08-31,CMRC,identifier,BigCommerce Holdings Inc,0.018399529518,10764117.52,180788.0,59.54,US08975P1084,08975P108
2021-08-31,NTAP,identifier,NetApp Inc,0.158316682307,92618638.54,1041478.0,88.93,US64110D1046,64110D104
2021-08-31,ZS,identifier,Zscaler Inc,0.179851987525,105217251.78,378017.0,278.34,US98980G1022,98980G102
2021-08-31,AEIS,identifier,Advanced Energy Industries Inc,0.028401193222,16615304.28,184246.0,90.17999999999999,US0079731008,007973100
2021-08-31,OLED,identifier,Universal Display Corp,0.074080977051,43338952.89,207771.0,208.59,US91347P1057,91347P105
2021-08-31,FIVN,identifier,Five9 Inc,0.083370373531,48773448.12,308244.0,158.23,US3383071012,338307101
2021-08-31,EVTC,identifier,EVERTEC Inc,0.022635821489,13242438.75,286323.0,46.25,PR30040P1032,30040P103
2021-08-31,,,Paya Holdings Inc,0.005809797325,3398855.45,352213.0,9.65,US70434P1030,70434P103
2021-08-31,ONTO,identifier,Onto Innovation Inc,0.029204633751,17085334.14,230478.0,74.13000000000001,US6833441057,683344105
2021-08-31,HCKT,identifier,Hackett Group Inc/The,0.005436238562,3180315.6,162261.0,19.6,US4046091090,404609109
2021-08-31,U,identifier,Unity Software Inc,0.05634709398,32964252.75,260073.0,126.75,US91332U1016,91332U101
2021-08-31,,,National Instruments Corp,0.044742764943,26175472.56,625908.0,41.82,US6365181022,636518102
2021-08-31,FLEX,identifier,Flex Ltd,0.074483771704,43574596.36,2345242.0,18.58,SG9999000020,Y2573F102
2021-08-31,AVGO,identifier,Broadcom Inc,1.611070750871,942510778.79,1895599.0,497.21,US11135F1012,11135F101
2021-08-31,JKHY,identifier,Jack Henry & Associates Inc,0.107482653129,62879646.38,356501.0,176.38,US4262811015,426281101
2021-08-31,COHR,"same company, other snapshot",Coherent Inc,0.04923516415,28803621.99,113997.0,252.67,US1924791031,192479103
2021-08-31,,,Zuora Inc,0.015420934544,9021575.88,531306.0,16.98,US98983V1061,98983V106
2021-08-31,MX,identifier,Magnachip Semiconductor Corp,0.006142850643,3593698.75,196915.0,18.25,US55933J2033,55933J203
2021-08-31,VISN,identifier,CommScope Holding Co Inc,0.019787630116,11576186.0,732670.0,15.8,US20337X1090,20337X109
2021-08-31,QADA,identifier,QAD Inc,0.008615757914,5040402.29,57929.0,87.01,US74727D3061,74727D306
2021-08-31,,,Avaya Holdings Corp,0.014579447334,8529287.9,422870.0,20.17,US05351X1019,05351X101
2021-08-31,CSCO,identifier,Cisco Systems Inc/Delaware,1.977324345997,1156776949.9,19599745.0,59.02,US17275R1023,17275R102
2021-08-31,NUAN,manual table,Nuance Communications Inc,0.124292153999,72713563.2,1320864.0,55.050000000000004,US67020Y1001,67020Y100
2021-08-31,SCSC,identifier,ScanSource Inc,0.006777833917,3965177.52,111444.0,35.58,US8060371072,806037107
2021-08-31,IIIV,identifier,I3 Verticals Inc,0.005530800086,3235636.11,111921.0,28.91,US46571Y1073,46571Y107
2021-08-31,DBX,identifier,Dropbox Inc,0.079963251852,46780209.21,1475251.0,31.71,US26210C1045,26210C104
2021-08-31,PD,identifier,PagerDuty Inc,0.022942523545,13421866.0,313595.0,42.8,US69553P1003,69553P100
2021-08-31,ANET,"same company, other snapshot",Arista Networks Inc,0.169062333787,98905074.03,267651.0,369.53000000000003,US0404131064,040413106
2021-08-31,TDC,identifier,Teradata Corp,0.047969793501,28063353.15,513135.0,54.69,US88076W1036,88076W103
2021-08-31,INSG,SEC company list,Inseego Corp,0.00567236328,3318453.6,395054.0,8.4,US45782B1044,45782B104
2021-08-31,,,Perficient Inc,0.031249172995,18281433.24,153342.0,119.21999999999998,US71375U1016,71375U101
2021-08-31,SSNC,identifier,SS&C Technologies Holdings Inc,0.138947688676,81287363.82,1074377.0,75.66,US78467J1007,78467J100
2021-08-31,RNG,identifier,RingCentral Inc,0.152538858977,89238488.56,353756.0,252.26000000000002,US76680R2067,76680R206
2021-08-31,CTSH,identifier,Cognizant Technology Solutions Corp,0.323010661387,188968131.82,2476322.0,76.31,US1924461023,192446102
2021-08-31,GWRE,identifier,Guidewire Software Inc,0.075416376512,44120190.08,372448.0,118.46,US40171V1008,40171V100
2021-08-31,NTGR,identifier,NETGEAR Inc,0.00969353122,5670922.68,158716.0,35.73,US64111Q1040,64111Q104
2021-08-31,MXL,identifier,MaxLinear Inc,0.030054545252,17582550.51,336637.0,52.230000000000004,US57776J1007,57776J100
2021-08-31,,,Everbridge Inc,0.044966641851,26306445.33,167589.0,156.97,US29978A1043,29978A104
2021-08-31,CRSR,identifier,Corsair Gaming Inc,0.006497973924,3801453.45,131311.0,28.950000000000003,US22041X1028,22041X102
2021-08-31,AKAM,identifier,Akamai Technologies Inc,0.146793746283,85877475.0,758300.0,113.25,US00971T1016,00971T101
2021-08-31,ENTG,identifier,Entegris Inc,0.129359156735,75677867.96,629914.0,120.13999999999999,US29362U1043,29362U104
2021-08-31,SPSC,identifier,SPS Commerce Inc,0.037405610151,21883080.39,161463.0,135.53,US78463M1071,78463M107
2021-08-31,AMBA,identifier,Ambarella Inc,0.029445912554,17226487.39,166327.0,103.57000000000001,KYG037AX1015,G037AX101
2021-08-31,VIAV,identifier,Viavi Solutions Inc,0.030752003136,17990578.26,1104394.0,16.290000000000003,US9255501051,925550105
2021-08-31,GDYN,identifier,Grid Dynamics Holdings Inc,0.008088683642,4732052.59,176767.0,26.77,US39813G1094,39813G109
2021-11-30,EXLS,identifier,ExlService Holdings Inc,0.03254764353,20432447.1,157330.0,129.87,US3020811044,302081104
2021-11-30,OSIS,identifier,OSI Systems Inc,0.011763229351,7384607.16,81212.0,90.93,US6710441055,671044105
2021-11-30,MVIS,SEC company list,MicroVision Inc,0.008386552831,5264829.6,743620.0,7.079999999999999,US5949603048,594960304
2021-11-30,,,II-VI Inc,0.049188170386,30878877.25,493825.0,62.53,US9021041085,902104108
2021-11-30,TER,identifier,Teradyne Inc,0.190795529316,119775785.18,783514.0,152.87,US8807701029,880770102
2021-11-30,SNPS,identifier,Synopsys Inc,0.39176544352,245938748.0,721228.0,341.0,US8716071076,871607107
2021-11-30,ZEN,manual table,Zendesk Inc,0.090975224086,57111552.54,559314.0,102.11,US98936J1016,98936J101
2021-11-30,IT,identifier,Gartner Inc,0.202699000881,127248432.25,407521.0,312.25,US3666511072,366651107
2021-11-30,WK,identifier,Workiva Inc,0.039770152941,24966524.7,179010.0,139.47,US98139A1051,98139A105
2021-11-30,NCNO,"same company, other snapshot",nCino Inc,0.013342081564,8375763.84,134832.0,62.12,US63947U1079,63947U107
2021-11-30,ACLS,identifier,Axcelis Technologies Inc,0.015825898175,9935030.38,160709.0,61.82000000000001,US0545402085,054540208
2021-11-30,RMNI,identifier,Rimini Street Inc,0.001801030911,1130633.89,171049.0,6.609999999999999,US76674Q1076,76674Q107
2021-11-30,AZPN,manual table,Aspen Technology Inc,0.074058194164,46491541.95,320565.0,145.03,US0453271035,045327103
2021-11-30,BHE,identifier,Benchmark Electronics Inc,0.0063403818,3980304.0,168800.0,23.58,US08160H1014,08160H101
2021-11-30,MTSI,identifier,MACOM Technology Solutions Holdings Inc,0.025904972054,16262374.59,226149.0,71.91,US55405Y1001,55405Y100
2021-11-30,CVLT,identifier,CommVault Systems Inc,0.019545103335,12269837.28,195131.0,62.879999999999995,US2041661024,204166102
2021-11-30,DMRC,SEC company list,Digimarc Corp,0.004098858455,2573142.0,59980.0,42.9,US25381B1017,25381B101
2021-11-30,ARW,identifier,Arrow Electronics Inc,0.067645278997,42465703.65,349081.0,121.64999999999999,US0427351004,042735100
2021-11-30,ALGM,identifier,Allegro MicroSystems Inc,0.013334863781,8371232.73,268051.0,31.23,US01749D1054,01749D105
2021-11-30,MDB,identifier,MongoDB Inc,0.209060317485,131241878.5,263485.0,498.1,US60937P1066,60937P106
2021-11-30,,,Verint Systems Inc,0.023218313718,14575770.02,306278.0,47.589999999999996,US92343X1000,92343X100
2021-11-30,BFH,identifier,Alliance Data Systems Corp,0.02415570545,15164236.8,222480.0,68.16,US0185811082,018581108
2021-11-30,NSSC,identifier,Napco Security Technologies Inc,0.005355775704,3362197.44,72352.0,46.47,US6304021057,630402105
2021-11-30,GDDY,identifier,GoDaddy Inc,0.08836717559,55474296.9,790570.0,70.17,US3802371076,380237107
2021-11-30,CGNX,identifier,Cognex Corp,0.102389010073,64276789.5,832062.0,77.25,US1924221039,192422103
2021-11-30,AAPL,identifier,Apple Inc,20.75024989016,13026392610.9,78804553.0,165.29999999999998,US0378331005,037833100
2021-11-30,,,SolarWinds Corp,0.004267537324,2679033.6,186044.0,14.4,US83417Q2049,83417Q204
2021-11-30,SNOW,identifier,Snowflake Inc,0.492702712711,309304177.55,909317.0,340.15000000000003,US8334451098,833445109
2021-11-30,JBL,identifier,Jabil Inc,0.061983000643,38911092.92,665602.0,58.46,US4663131039,466313103
2021-11-30,ADI,identifier,Analog Devices Inc,0.729148503107,457737845.25,2539461.0,180.25,US0326541051,032654105
2021-11-30,QTWO,identifier,Q2 Holdings Inc,0.032202867318,20216006.8,251756.0,80.3,US74736L1098,74736L109
2021-11-30,CALX,identifier,Calix Inc,0.028466488394,17870418.72,266882.0,66.96,US13100M5094,13100M509
2021-11-30,TTMI,identifier,TTM Technologies Inc,0.010561162507,6629985.18,481131.0,13.78,US87305R1095,87305R109
2021-11-30,,,Ping Identity Holding Corp,0.012754539045,8006922.04,336284.0,23.81,US72341T1034,72341T103
2021-11-30,KD,identifier,Kyndryl Holdings Inc,0.021239946426,13333809.6,843912.0,15.799999999999999,US50155Q1004,50155Q100
2021-11-30,,,American Software Inc/GA,0.005472149079,3435253.2,150669.0,22.8,US0296831094,029683109
2021-11-30,RBBN,identifier,Ribbon Communications Inc,0.003909695585,2454391.15,450347.0,5.45,US7625441040,762544104
2021-11-30,AMD,identifier,Advanced Micro Devices Inc,1.447792815857,908881470.75,5738975.0,158.37,US0079031078,007903107
2021-11-30,NSIT,identifier,Insight Enterprises Inc,0.026081648575,16373286.88,166024.0,98.62,US45765U1034,45765U103
2021-11-30,SEDG,identifier,SolarEdge Technologies Inc,0.127925883964,80308082.96,245021.0,327.76,US83417M1045,83417M104
2021-11-30,APH,identifier,Amphenol Corp,0.362510549169,227573391.36,2824192.0,80.58,US0320951017,032095101
2021-11-30,VECO,identifier,Veeco Instruments Inc,0.010241022754,6429010.92,241874.0,26.58,US9224171002,922417100
2021-11-30,PRGS,identifier,Progress Software Corp,0.015980610026,10032153.9,207062.0,48.45,US7433121008,743312100
2021-11-30,MSFT,identifier,Microsoft Corp,17.79325231982,11170077072.31,33788309.0,330.59,US5949181045,594918104
2021-11-30,IPGP,identifier,IPG Photonics Corp,0.04620265022,29004656.07,176653.0,164.19,US44980X1090,44980X109
2021-11-30,NOW,identifier,ServiceNow Inc,0.962371999237,604148652.0,932760.0,647.7,US81762P1021,81762P102
2021-11-30,,,SMART Global Holdings Inc,0.009428453632,5918904.08,103804.0,57.02,KYG8232Y1017,G8232Y101
2021-11-30,LRCX,"same company, other snapshot",Lam Research Corp,0.729817327652,458157713.5,673910.0,679.85,US5128071082,512807108
2021-11-30,,,Model N Inc,0.006750674164,4237873.4,150814.0,28.1,US6075251024,607525102
2021-11-30,LITE,identifier,Lumentum Holdings Inc,0.049473395575,31057933.18,357934.0,86.77,US55024U1097,55024U109
2021-11-30,DDD,identifier,3D Systems Corp,0.021361230514,13409948.16,588672.0,22.78,US88554D2053,88554D205
2021-11-30,V,identifier,Visa Inc,2.311554537105,1451125509.39,7488907.0,193.77,US92826C8394,92826C839
2021-11-30,ESTC,identifier,Elastic NV,0.073333380295,46036525.26,296131.0,155.45999999999998,NL0013056914,N14506104
2021-11-30,EPAM,identifier,EPAM Systems Inc,0.258588752483,162334363.8,266756.0,608.5500000000001,US29414B1044,29414B104
2021-11-30,NET,identifier,Cloudflare Inc,0.326963530661,205258025.44,1090406.0,188.24,US18915M1071,18915M107
2021-11-30,TRMB,identifier,Trimble Inc,0.162695485518,102135409.53,1189419.0,85.87,US8962391004,896239100
2021-11-30,PLUS,identifier,ePlus Inc,0.010679895822,6704522.44,63556.0,105.49000000000001,US2942681071,294268107
2021-11-30,,,Black Knight Inc,0.084076044863,52780452.06,738498.0,71.47,US09215C1053,09215C105
2021-11-30,ADBE,identifier,Adobe Inc,2.408795167603,1512170298.6,2257476.0,669.8499999999999,US00724F1012,00724F101
2021-11-30,,,Casa Systems Inc,0.001273742062,799617.56,160244.0,4.99,US14713L1026,14713L102
2021-11-30,ON,identifier,ON Semiconductor Corp,0.197967558806,124278172.98,2023086.0,61.43,US6821891057,682189105
2021-11-30,,,LivePerson Inc,0.019047568024,11957499.34,309299.0,38.66,US5381461012,538146101
2021-11-30,TLS,identifier,Telos Corp,0.00206959942,1299233.25,82491.0,15.75,US87969B1017,87969B101
2021-11-30,INTU,identifier,Intuit Inc,1.341025997968,841856423.1,1290597.0,652.3000000000001,US4612021034,461202103
2021-11-30,OSPN,identifier,OneSpan Inc,0.004109007596,2579513.33,150937.0,17.09,US68287N1000,68287N100
2021-11-30,,,CSG Systems International Inc,0.013000453954,8161300.14,154834.0,52.71,US1263491094,126349109
2021-11-30,AOSL,identifier,Alpha & Omega Semiconductor Ltd,0.008062616817,5061472.16,103043.0,49.120000000000005,BMG6331P1041,G6331P104
2021-11-30,MARA,identifier,Marathon Digital Holdings Inc,0.038108574719,23923435.08,468444.0,51.06999999999999,US5657881067,565788106
2021-11-30,DBD,"same company, other snapshot",Diebold Nixdorf Inc,0.004584730203,2878157.9,354890.0,8.11,US2536511031,253651103
2021-11-30,SWKS,identifier,Skyworks Solutions Inc,0.188849520734,118554138.6,781710.0,151.66,US83088M1027,83088M102
2021-11-30,DLB,identifier,Dolby Laboratories Inc,0.0408958133,25673180.95,307795.0,83.41,US25659T1079,25659T107
2021-11-30,NXPI,identifier,NXP Semiconductors NV,0.463703420935,291099280.64,1303274.0,223.35999999999999,NL0009538784,N6596X109
2021-11-30,,,SecureWorks Corp,0.001142204607,717042.24,40374.0,17.759999999999998,US81374A1051,81374A105
2021-11-30,RIOT,identifier,Riot Blockchain Inc,0.023584927437,14805919.26,396198.0,37.37,US7672921050,767292105
2021-11-30,MRVL,identifier,Marvell Technology Inc,0.438886226233,275519780.47,3871291.0,71.17,US5738741041,573874104
2021-11-30,TWLO,identifier,Twilio Inc,0.349848773465,219624703.4,767516.0,286.15000000000003,US90138F1021,90138F102
2021-11-30,ADSK,identifier,Autodesk Inc,0.42109542999,264351245.25,1039975.0,254.19,US0527691069,052769106
2021-11-30,KEYS,identifier,Keysight Technologies Inc,0.27035295888,169719584.32,872684.0,194.48,US49338L1035,49338L103
2021-11-30,WEX,identifier,WEX Inc,0.042479968836,26667666.9,210945.0,126.41999999999999,US96208T1043,96208T104
2021-11-30,ARLO,identifier,Arlo Technologies Inc,0.004843916684,3040867.5,392370.0,7.75,US04206A1016,04206A101
2021-11-30,CASS,identifier,Cass Information Systems Inc,0.004131531675,2593653.28,64583.0,40.16,US14808P1093,14808P109
2021-11-30,AZTA,identifier,Brooks Automation Inc,0.063101533921,39613275.0,350250.0,113.1,US1143401024,114340102
2021-11-30,CTXS,manual table,Citrix Systems Inc,0.074999450988,47082435.12,585384.0,80.42999999999999,US1773761002,177376100
2021-11-30,WDC,identifier,Western Digital Corp,0.133065361097,83534494.56,1444234.0,57.84,US9581021055,958102105
2021-11-30,ADP,identifier,Automatic Data Processing Inc,0.739161628607,464023789.02,2009718.0,230.89,US0530151036,053015103
2021-11-30,GEN,identifier,NortonLifeLock Inc,0.108225111565,67940521.25,2734025.0,24.85,US6687711084,668771108
2021-11-30,CTS,identifier,CTS Corp,0.007590350139,4764997.12,136768.0,34.84,US1265011056,126501105
2021-11-30,PCTY,identifier,Paylocity Holding Corp,0.072258743512,45361900.1,179765.0,252.34,US70438V1061,70438V106
2021-11-30,S,identifier,SentinelOne Inc,0.0160072699,10048890.18,186194.0,53.97,US81730H1095,81730H109
2021-11-30,PLXS,identifier,Plexus Corp,0.018049135726,11330713.1,134665.0,84.14,US7291321005,729132100
2021-11-30,SPT,identifier,Sprout Social Inc,0.031713243083,19908635.2,178265.0,111.67999999999999,US85209W1099,85209W109
2021-11-30,ORCL,identifier,Oracle Corp,1.279410497642,803176036.0,8851400.0,90.74,US68389X1054,68389X105
2021-11-30,DELL,identifier,Dell Technologies Inc,0.118189511463,74195876.53,1313899.0,56.47,US24703L2025,24703L202
2021-11-30,ACMR,identifier,ACM Research Inc,0.008476157183,5321080.56,60868.0,87.41999999999999,US00108J1097,00108J109
2021-11-30,INTC,identifier,Intel Corp,1.494475407759,938187420.0,19068850.0,49.2,US4581401001,458140100
2021-11-30,MPWR,identifier,Monolithic Power Systems Inc,0.180497476889,113310972.72,204732.0,553.46,US6098391054,609839105
2021-11-30,CMTL,identifier,Comtech Telecommunications Corp,0.004970049822,3120050.15,122885.0,25.39,US2058262096,205826209
2021-11-30,CMBMF,identifier,Cambium Networks Corp,0.001889142679,1185947.85,43585.0,27.21,KYG177661090,G17766109
2021-11-30,TYL,identifier,Tyler Technologies Inc,0.158783292618,99679450.64,192068.0,518.98,US9022521051,902252105
2021-11-30,,,Evo Payments Inc,0.0075196109,4720589.12,221728.0,21.29,US26927E1047,26927E104
2021-11-30,SABR,identifier,Sabre Corp,0.017146083555,10763803.68,1429456.0,7.529999999999999,US78573M1045,78573M104
2021-11-30,KE,identifier,Kimball Electronics Inc,0.003986999438,2502920.22,117951.0,21.220000000000002,US49428J1097,49428J109
2021-11-30,ZBRA,identifier,Zebra Technologies Corp,0.237556452738,149130908.64,253288.0,588.78,US9892071054,989207105
2021-11-30,RPAY,identifier,Repay Holdings Corp,0.009382451591,5890025.36,360026.0,16.36,US76029L1008,76029L100
2021-11-30,APP,identifier,AppLovin Corp,0.002145206139,1346696.91,14781.0,91.11,US03831W1080,03831W108
2021-11-30,NTNX,identifier,Nutanix Inc,0.048281233881,30309529.36,912388.0,33.22,US67059N1081,67059N108
2021-11-30,KLIC,identifier,Kulicke & Soffa Industries Inc,0.026831993354,16844331.12,292132.0,57.660000000000004,US5012421013,501242101
2021-11-30,CIEN,identifier,Ciena Corp,0.070108320401,44011928.13,730731.0,60.230000000000004,US1717793095,171779309
2021-11-30,DGII,identifier,Digi International Inc,0.005568397947,3495675.39,162363.0,21.53,US2537981027,253798102
2021-11-30,FFIV,identifier,F5 Inc,0.101845583621,63935642.46,280937.0,227.58,US3156161024,315616102
2021-11-30,,,Brightcove Inc,0.002451516617,1538989.56,159812.0,9.63,US10921T1016,10921T101
2021-11-30,PAR,identifier,PAR Technology Corp,0.009691993488,6084346.6,116180.0,52.37,US6988841036,698884103
2021-11-30,SMCI,"same company, other snapshot",Super Micro Computer Inc,0.012394206604,7780716.0,187940.0,41.4,US86800U1043,86800U104
2021-11-30,AMKR,identifier,Amkor Technology Inc,0.017761497091,11150142.08,517168.0,21.56,US0316521006,031652100
2021-11-30,MANH,identifier,Manhattan Associates Inc,0.074591433405,46826293.76,299861.0,156.16,US5627501092,562750109
2021-11-30,APPN,identifier,Appian Corp,0.019748329102,12397416.4,166744.0,74.35000000000001,US03782L1017,03782L101
2021-11-30,MQ,SEC company list,Marqeta Inc,0.000376683069,236470.48,12028.0,19.66,US57142B1044,57142B104
2021-11-30,REKR,identifier,Rekor Systems Inc,0.0015424187,968284.8,144090.0,6.720000000000001,US7594191048,759419104
2021-11-30,SYNA,identifier,Synaptics Inc,0.074503543947,46771119.36,165714.0,282.24,US87157D1090,87157D109
2021-11-30,IMXI,identifier,International Money Express Inc,0.003410428606,2140966.12,141692.0,15.110000000000001,US46005L1017,46005L101
2021-11-30,VSAT,identifier,Viasat Inc,0.018046662608,11329160.55,255795.0,44.290000000000006,US92552V1008,92552V100
2021-11-30,QRVO,identifier,Qorvo Inc,0.123571341454,77574430.08,530496.0,146.23,US74736K1016,74736K101
2021-11-30,,,Velodyne Lidar Inc,0.004001159933,2511809.76,455038.0,5.52,US92259F1012,92259F101
2021-11-30,,,Avalara Inc,0.090137898748,56585904.48,405111.0,139.67999999999998,US05338G1067,05338G106
2021-11-30,RXT,identifier,Rackspace Technology Inc,0.004426350992,2778732.12,194862.0,14.26,US7501021056,750102105
2021-11-30,ANSS,manual table,ANSYS Inc,0.257242800198,161489414.8,412510.0,391.48,US03662Q1058,03662Q105
2021-11-30,DDOG,identifier,Datadog Inc,0.250568619478,157299561.72,882268.0,178.29,US23804L1035,23804L103
2021-11-30,SANM,identifier,Sanmina Corp,0.017837983558,11198158.02,306463.0,36.54,US8010561020,801056102
2021-11-30,PRO,identifier,PROS Holdings Inc,0.011457481197,7192667.52,198036.0,36.32,US74346Y1038,74346Y103
2021-11-30,TEL,"same company, other snapshot",TE Connectivity Ltd,0.383113743286,240507466.71,1562447.0,153.93,CH0102993182,H84989104
2021-11-30,VNT,identifier,Vontier Corp,0.039949767894,25079281.65,795915.0,31.509999999999998,US9288811014,928881101
2021-11-30,VYX,identifier,NCR Corp,0.038217427288,23991769.5,616755.0,38.9,US62886E1082,62886E108
2021-11-30,DXC,identifier,DXC Technology Co,0.05732712164,35988269.91,1200009.0,29.99,US23355L1061,23355L106
2021-11-30,HUBS,identifier,HubSpot Inc,0.269945845449,169464010.56,210016.0,806.91,US4435731009,443573100
2021-11-30,TCX,identifier,Tucows Inc,0.005520802887,3465796.62,42614.0,81.33,US8986972060,898697206
2021-11-30,MCHP,identifier,Microchip Technology Inc,0.344089359136,216009113.58,2589106.0,83.43,US5950171042,595017104
2021-11-30,NTCT,identifier,NetScout Systems Inc,0.016620859234,10434083.4,348966.0,29.900000000000002,US64115T1043,64115T104
2021-11-30,XLNX,manual table,Xilinx Inc,0.422907164432,265488598.5,1162130.0,228.45,US9839191015,983919101
2021-11-30,QLYS,identifier,Qualys Inc,0.032503886099,20404977.48,156612.0,130.29,US74758T3032,74758T303
2021-11-30,,,Anaplan Inc,0.041867467495,26283156.69,613949.0,42.81,US03272L1089,03272L108
2021-11-30,,,Ceridian HCM Holding Inc,0.110342718187,69269892.0,633180.0,109.4,US15677J1088,15677J108
2021-11-30,FROG,identifier,JFrog Ltd,0.008969178838,5630584.96,176176.0,31.96,IL0011684185,M6191J100
2021-11-30,CLSK,identifier,Cleanspark Inc,0.004441301108,2788117.36,156812.0,17.779999999999998,US18452B2097,18452B209
2021-11-30,MKSI,identifier,MKS Instruments Inc,0.063239301297,39699761.28,260908.0,152.16,US55306N1046,55306N104
2021-11-30,P,identifier,Pure Storage Inc,0.062477003389,39221213.22,1266426.0,30.97,US74624M1027,74624M102
2021-11-30,,,Infinera Corp,0.010636051496,6676998.27,821279.0,8.129999999999999,US45667G1031,45667G103
2021-11-30,SMTC,identifier,Semtech Corp,0.041698611444,26177153.86,305558.0,85.67,US8168501018,816850101
2021-11-30,,,Qualtrics International Inc,0.02589293219,16254816.32,502312.0,32.36,US7476012015,747601201
2021-11-30,TTD,identifier,Trade Desk Inc/The,0.33622953009,211074945.58,2040949.0,103.42,US88339J1051,88339J105
2021-11-30,RMBS,identifier,Rambus Inc,0.022675866795,14235237.9,529191.0,26.900000000000002,US7509171069,750917106
2021-11-30,STX,identifier,Seagate Technology Holdings PLC,0.158718001661,99638462.91,970473.0,102.67,IE00BKVD2N49,G7997R103
2021-11-30,DT,identifier,Dynatrace Inc,0.086646885249,54394349.55,865463.0,62.849999999999994,US2681501092,268150109
2021-11-30,JNPR,manual table,Juniper Networks Inc,0.076614255039,48096161.3,1545010.0,31.13,US48203R1041,48203R104
2021-11-30,SITM,identifier,SiTime Corp,0.030190312654,18952584.56,63497.0,298.47999999999996,US82982T1060,82982T106
2021-11-30,PYPL,identifier,PayPal Holdings Inc,1.552284235708,974478090.87,5270583.0,184.89000000000001,US70450Y1038,70450Y103
2021-11-30,,,Vonage Holdings Corp,0.036930033037,23183581.5,1124325.0,20.62,US92886T2015,92886T201
2021-11-30,WU,identifier,Western Union Co/The,0.048604542245,30512492.78,1928729.0,15.82,US9598021098,959802109
2021-11-30,ACIW,identifier,ACI Worldwide Inc,0.023269419727,14607852.86,501299.0,29.14,US0044981019,004498101
2021-11-30,SPWRW,SEC company list,SunPower Corp,0.018601335147,11677367.55,407587.0,28.650000000000002,US8676524064,867652406
2021-11-30,NABL,identifier,N-able Inc,0.003961456946,2486885.4,210753.0,11.799999999999999,US62878D1000,62878D100
2021-11-30,WOLF,SEC company list,Wolfspeed Inc,0.10626369794,66709203.84,544032.0,122.62,US9778521024,977852102
2021-11-30,VRRM,identifier,Verra Mobility Corp,0.014904048494,9356320.44,650196.0,14.389999999999999,US92511U1025,92511U102
2021-11-30,BL,identifier,Blackline Inc,0.043175888478,27104544.65,246293.0,110.05,US09239B1098,09239B109
2021-11-30,,,Ebix Inc,0.006030846211,3785986.72,123887.0,30.560000000000002,US2787152063,278715206
2021-11-30,ATEN,identifier,A10 Networks Inc,0.006719389031,4218233.52,273556.0,15.419999999999998,US0021211018,002121101
2021-11-30,VMW,manual table,VMware Inc,0.18366775505,115301179.5,987675.0,116.74,US9285634021,928563402
2021-11-30,CDNS,identifier,Cadence Design Systems Inc,0.371808104211,233410121.18,1315283.0,177.46,US1273871087,127387108
2021-11-30,LSCC,identifier,Lattice Semiconductor Corp,0.077749551834,48808867.02,642814.0,75.93,US5184151042,518415104
2021-11-30,FORM,identifier,FormFactor Inc,0.024339386873,15279546.56,364493.0,41.92,US3463751087,346375108
2021-11-30,CDK,identifier,CDK Global Inc,0.035366622999,22202118.96,574589.0,38.64,US12508E1010,12508E101
2021-11-30,ZM,identifier,Zoom Video Communications Inc,0.33840901338,212443160.67,1004887.0,211.41,US98980L1017,98980L101
2021-11-30,CPAY,manual table,FleetCor Technologies Inc,0.123160726043,77316657.88,373276.0,207.13,US3390411052,339041105
2021-11-30,MMS,identifier,Maximus Inc,0.034783272921,21835909.05,289409.0,75.45,US5779331041,577933104
2021-11-30,BMI,identifier,Badger Meter Inc,0.022415255621,14071633.92,137472.0,102.36,US0565251081,056525108
2021-11-30,HPE,identifier,Hewlett Packard Enterprise Co,0.141181445201,88629531.9,6176274.0,14.350000000000001,US42824C1099,42824C109
2021-11-30,CEVA,identifier,CEVA Inc,0.007539010954,4732767.9,107319.0,44.1,US1572101053,157210105
2021-11-30,FISV,identifier,Fiserv Inc,0.435877383894,273630918.32,2834966.0,96.52,US3377381088,337738108
2021-11-30,BSY,identifier,Bentley Systems Inc,0.062062909572,38961257.38,811862.0,47.99,US08265T2087,08265T208
2021-11-30,FIS,identifier,Fidelity National Information Services Inc,0.487620026325,306113417.5,2929315.0,104.5,US31620M1062,31620M106
2021-11-30,FTNT,identifier,Fortinet Inc,0.347142734843,217925932.46,656186.0,332.11,US34959E1091,34959E109
2021-11-30,ASAN,identifier,Asana Inc,0.050105832166,31454958.15,302597.0,103.94999999999999,US04342Y1047,04342Y104
2021-11-30,CRNC,identifier,Cerence Inc,0.021325876059,13387753.68,178076.0,75.17999999999999,US1567271093,156727109
2021-11-30,ITRI,identifier,Itron Inc,0.020947335894,13150117.37,212407.0,61.91,US4657411066,465741106
2021-11-30,RPD,identifier,Rapid7 Inc,0.048709580775,30578432.86,246481.0,124.06,US7534221046,753422104
2021-11-30,,,Envestnet Inc,0.031282786245,19638407.14,256142.0,76.67,US29404K1060,29404K106
2021-11-30,ENPH,identifier,Enphase Energy Inc,0.24203275709,151941000.0,607764.0,250.0,US29355A1079,29355A107
2021-11-30,VRSN,identifier,VeriSign Inc,0.182590514114,114624919.53,477783.0,239.91,US92343E1029,92343E102
2021-11-30,HUCK,identifier,Domo Inc,0.015590443014,9787218.6,135276.0,72.35,US2575541055,257554105
2021-11-30,MEI,identifier,Methode Electronics Inc,0.012848313266,8065790.72,181376.0,44.47,US5915202007,591520200
2021-11-30,DIOD,identifier,Diodes Inc,0.035578615537,22335201.6,210016.0,106.35000000000001,US2545431015,254543101
2021-11-30,,,New Relic Inc,0.047715288749,29954245.76,270272.0,110.83000000000001,US64829B1008,64829B100
2021-11-30,UIS,identifier,Unisys Corp,0.009098999805,5712082.72,314542.0,18.16,US9092143067,909214306
2021-11-30,EGHT,identifier,8x8 Inc,0.017008928425,10677701.75,495485.0,21.55,US2829141009,282914100
2021-11-30,QCOM,identifier,QUALCOMM Inc,1.532223362034,961884468.24,5327229.0,180.56,US7475251036,747525103
2021-11-30,,,Switch Inc,0.020339461149,12768511.6,466856.0,27.349999999999998,US87105L1044,87105L104
2021-11-30,FSLY,identifier,Fastly Inc,0.030724087744,19287672.76,473201.0,40.760000000000005,US31188V1008,31188V100
2021-11-30,NOVT,identifier,Novanta Inc,0.042888367992,26924047.8,166764.0,161.45000000000002,CA67000B1040,67000B104
2021-11-30,TXN,identifier,Texas Instruments Inc,1.336180821715,838814764.88,4360424.0,192.37,US8825081040,882508104
2021-11-30,ROG,identifier,Rogers Corp,0.038283246288,24033088.72,88156.0,272.62,US7751331015,775133101
2021-11-30,BILL,identifier,Bill.com Holdings Inc,0.14900023241,93537935.05,333053.0,280.84999999999997,US0900431000,090043100
2021-11-30,BR,identifier,Broadridge Financial Solutions Inc,0.14699470855,92278926.54,547422.0,168.57000000000002,US11133T1034,11133T103
2021-11-30,LASR,identifier,nLight Inc,0.007196039112,4517460.33,181497.0,24.89,US65487K1007,65487K100
2021-11-30,POWI,identifier,Power Integrations Inc,0.045480900401,28551562.9,285430.0,100.03,US7392761034,739276103
2021-11-30,BOX,identifier,Box Inc,0.028565984373,17932879.35,766035.0,23.410000000000004,US10316T1043,10316T104
2021-11-30,YEXT,identifier,Yext Inc,0.007313478784,4591185.48,475278.0,9.66,US98585N1063,98585N106
2021-11-30,CRM,identifier,salesforce.com Inc,2.08276499978,1307498210.72,4588357.0,284.96,US79466L3024,79466L302
2021-11-30,RAMP,identifier,LiveRamp Holdings Inc,0.02408411958,15119297.31,322167.0,46.93,US53815P1084,53815P108
2021-11-30,XRX,identifier,Xerox Holdings Corp,0.022529238728,14143189.14,767817.0,18.42,US98421M1062,98421M106
2021-11-30,,,McAfee Corp,0.013807878074,8668177.1,335326.0,25.849999999999998,US5790631080,579063108
2021-11-30,CCMP,identifier,CMC Materials Inc,0.029113298887,18276467.2,137624.0,132.79999999999998,US12571T1007,12571T100
2021-11-30,,,Alteryx Inc,0.029519132885,18531237.77,278791.0,66.47,US02156B1035,02156B103
2021-11-30,ADTN,"same company, other snapshot",ADTRAN Inc,0.007435966688,4668079.76,229052.0,20.38,US00738A1060,00738A106
2021-11-30,,,FARO Technologies Inc,0.00946240732,5940219.2,85520.0,69.46000000000001,US3116421021,311642102
2021-11-30,OKTA,identifier,Okta Inc,0.202963781031,127414653.39,591993.0,215.23,US6792951054,679295105
2021-11-30,FOUR,identifier,Shift4 Payments Inc,0.01515305173,9512637.3,182865.0,52.02,US82452J1097,82452J109
2021-11-30,MSTR,identifier,MicroStrategy Inc,0.041280199185,25914487.03,35921.0,721.4300000000001,US5949724083,594972408
2021-11-30,TDY,identifier,Teledyne Technologies Inc,0.145991439977,91649104.23,220687.0,415.29,US8793601050,879360105
2021-11-30,CCSI,identifier,Consensus Cloud Solutions Inc,0.006715109123,4215546.72,67298.0,62.63999999999999,US20848V1052,20848V105
2021-11-30,TOST,identifier,Toast Inc,8.4850576e-05,53266.68,1332.0,39.99,US8887871080,888787108
2021-11-30,XYZ,identifier,Square Inc,0.61464927255,385858617.83,1852151.0,208.32999999999998,US8522341036,852234103
2021-11-30,ACN,identifier,Accenture PLC,1.708327310058,1072437313.6,3000664.0,357.40000000000003,IE00B4BNMY34,G1151C101
2021-11-30,CRUS,identifier,Cirrus Logic Inc,0.034567537055,21700476.46,270647.0,80.18,US1727551004,172755100
2021-11-30,CNXN,identifier,PC Connection Inc,0.003912684528,2456267.52,56028.0,43.84,US69318J1007,69318J100
2021-11-30,BLKB,identifier,Blackbaud Inc,0.024861984979,15607618.18,206833.0,75.46,US09227Q1004,09227Q100
2021-11-30,,,Jamf Holding Corp,0.008544638542,5364071.13,166431.0,32.23,US47074L1052,47074L105
2021-11-30,,,Duck Creek Technologies Inc,0.008469560695,5316939.48,185972.0,28.590000000000003,US2641201064,264120106
2021-11-30,TTEC,identifier,TTEC Holdings Inc,0.011823357242,7422353.67,87953.0,84.39,US89854H1023,89854H102
2021-11-30,PEGA,identifier,Pegasystems Inc,0.035046808874,22001349.12,191616.0,114.82000000000001,US7055731035,705573103
2021-11-30,PANW,identifier,Palo Alto Networks Inc,0.401085013904,251789298.4,460360.0,546.94,US6974351057,697435105
2021-11-30,AVT,identifier,Avnet Inc,0.027069569339,16993474.29,468527.0,36.269999999999996,US0538071038,053807103
2021-11-30,MITK,identifier,Mitek Systems Inc,0.005505489071,3456183.06,201762.0,17.13,US6067102003,606710200
2021-11-30,PAYC,identifier,Paycom Software Inc,0.168055852757,105500489.4,241155.0,437.48,US70432V1026,70432V102
2021-11-30,COHU,identifier,Cohu Inc,0.01208818706,7588605.99,230167.0,32.97,US1925761066,192576106
2021-11-30,TENB,identifier,Tenable Holdings Inc,0.027365805846,17179442.8,347762.0,49.400000000000006,US88025T1025,88025T102
2021-11-30,COUP,manual table,Coupa Software Inc,0.107571952652,67530487.42,343387.0,196.66,US22266L1061,22266L106
2021-11-30,ALRM,identifier,Alarm.com Holdings Inc,0.02829145174,17760535.89,222591.0,79.79,US0116421050,011642105
2021-11-30,,,Smartsheet Inc,0.056965030801,35760960.0,558765.0,64.0,US83200N1037,83200N103
2021-11-30,VSH,identifier,Vishay Intertechnology Inc,0.020287114494,12735649.92,625216.0,20.37,US9282981086,928298108
2021-11-30,KLAC,identifier,KLA Corp,0.470976144087,295664880.94,724438.0,408.13,US4824801009,482480100
2021-11-30,PLAB,identifier,Photronics Inc,0.006263745947,3932194.28,297668.0,13.209999999999999,US7194051022,719405102
2021-11-30,,,Sailpoint Technologies Holdings Inc,0.036422679868,22865080.2,434780.0,52.589999999999996,US78781P1057,78781P105
2021-11-30,HLIT,identifier,Harmonic Inc,0.008187064131,5139596.5,478102.0,10.75,US4131601027,413160102
2021-11-30,UPLD,SEC company list,Upland Software Inc,0.003736750046,2345821.06,119807.0,19.580000000000002,US91544A1097,91544A109
2021-11-30,CDW,identifier,CDW Corp/DE,0.200270160883,125723678.4,663940.0,189.36,US12514G1085,12514G108
2021-11-30,FN,identifier,Fabrinet,0.030586656415,19201397.44,173674.0,110.56,KYG3323L1005,G3323L100
2021-11-30,KN,identifier,Knowles Corp,0.015110158882,9485710.44,436727.0,21.72,US49926D1090,49926D109
2021-11-30,HPQ,identifier,HP Inc,0.332818092676,208933346.16,5922147.0,35.28,US40434L1052,40434L105
2021-11-30,,,Momentive Global Inc,0.018960018642,11902538.43,582601.0,20.43,US60878Y1082,60878Y108
2021-11-30,PI,identifier,Impinj Inc,0.010148416778,6370875.63,84979.0,74.97,US4532041096,453204109
2021-11-30,CRWD,identifier,Crowdstrike Holdings Inc,0.309300388956,194169627.96,894214.0,217.14000000000001,US22788C1053,22788C105
2021-11-30,IBM,identifier,International Business Machines Corp,0.787108033733,494123122.8,4219668.0,117.10000000000001,US4592001014,459200101
2021-11-30,EXTR,identifier,Extreme Networks Inc,0.012781842754,8024062.5,594375.0,13.5,US30226D1063,30226D106
2021-11-30,CNXC,identifier,Concentrix Corp,0.055153839949,34623948.0,208578.0,166.0,US20602D1019,20602D101
2021-11-30,GLW,identifier,Corning Inc,0.226240880844,142027327.58,3829262.0,37.09,US2193501051,219350105
2021-11-30,GPN,identifier,Global Payments Inc,0.264706018379,166174602.24,1395956.0,119.04,US37940X1028,37940X102
2021-11-30,APPS,identifier,Digital Turbine Inc,0.033850630712,21250423.88,400498.0,53.059999999999995,US25400W1027,25400W102
2021-11-30,CNDT,identifier,Conduent Inc,0.006430782877,4037055.12,801003.0,5.04,US2067871036,206787103
2021-11-30,MU,identifier,Micron Technology Inc,0.708968409698,445069380.0,5298445.0,84.0,US5951121038,595112103
2021-11-30,PTC,identifier,PTC Inc,0.091339882823,57340474.5,523275.0,109.58,US69370C1009,69370C100
2021-11-30,MSI,identifier,Motorola Solutions Inc,0.323527110864,203100742.82,802199.0,253.17999999999998,US6200763075,620076307
2021-11-30,BDC,identifier,Belden Inc,0.020707479522,12999542.64,210792.0,61.67,US0774541066,077454106
2021-11-30,AMAT,identifier,Applied Materials Inc,1.016366037509,638044510.84,4334836.0,147.19,US0382221051,038222105
2021-11-30,AI,identifier,C3.ai Inc,0.011119667753,6980598.24,188869.0,36.96,US12468P1049,12468P104
2021-11-30,FICO,identifier,Fair Isaac Corp,0.076319727898,47911265.88,135676.0,353.13,US3032501047,303250104
2021-11-30,ALTR,manual table,Altair Engineering Inc,0.025514380858,16017173.0,215140.0,74.45,US0213691035,021369103
2021-11-30,NVDA,identifier,NVIDIA Corp,6.125692876192,3845528648.64,11768664.0,326.76,US67066G1040,67066G104
2021-11-30,,,NeoPhotonics Corp,0.005880881414,3691843.26,240198.0,15.37,US64051T1007,64051T100
2021-11-30,APPF,identifier,Appfolio Inc,0.015401873975,9668840.54,80246.0,120.49,US03783C1009,03783C100
2021-11-30,,,Avid Technology Inc,0.008253209206,5181120.42,161607.0,32.06,US05367P1003,05367P100
2021-11-30,MASS,identifier,908 Devices Inc,0.002801877897,1758936.0,73289.0,24.0,US65443P1021,65443P102
2021-11-30,IDCC,identifier,InterDigital Inc,0.015677802788,9842060.48,144928.0,67.91,US45867G1013,45867G101
2021-11-30,EEFT,identifier,Euronet Worldwide Inc,0.040194987309,25233223.14,248922.0,101.37,US2987361092,298736109
2021-11-30,LFUS,identifier,Littelfuse Inc,0.054994609249,34523987.68,115666.0,298.48,US5370081045,537008104
2021-11-30,MA,identifier,Mastercard Inc,2.095637093079,1315578929.84,4177502.0,314.91999999999996,US57636Q1040,57636Q104
2021-11-30,PAYX,identifier,Paychex Inc,0.291262928103,182846244.0,1533945.0,119.2,US7043261079,704326107
2021-11-30,XPER,"same company, other snapshot",Xperi Holding Corp,0.014061554801,8827427.84,492602.0,17.919999999999998,US98390M1036,98390M103
2021-11-30,PLTR,identifier,Palantir Technologies Inc,0.238709632011,149854840.45,7256893.0,20.65,US69608A1088,69608A108
2021-11-30,SPLK,manual table,Splunk Inc,0.149651946718,93947062.0,776422.0,121.0,US8486371045,848637104
2021-11-30,UCTT,identifier,Ultra Clean Holdings Inc,0.018003288582,11301931.62,206202.0,54.809999999999995,US90385V1070,90385V107
2021-11-30,,,Cantaloupe Inc,0.003576243752,2245059.96,248898.0,9.02,US1381031061,138103106
2021-11-30,WDAY,identifier,Workday Inc,0.390266300609,244997630.46,893402.0,274.23,US98138H1014,98138H101
2021-11-30,,,Mimecast Ltd,0.037584069133,23594166.0,291286.0,81.0,GB00BYT5JK65,G14838109
2021-11-30,SNX,identifier,TD SYNNEX Corp,0.034187083435,21461638.94,207439.0,103.46000000000001,US87162W1009,87162W100
2021-11-30,,,Plantronics Inc,0.007584610588,4761394.0,186575.0,25.52,US7274931085,727493108
2021-11-30,SLAB,identifier,Silicon Laboratories Inc,0.065938324392,41394128.08,210904.0,196.26999999999998,US8269191024,826919102
2021-11-30,DOCU,identifier,DocuSign Inc,0.360947369757,226592073.6,919760.0,246.35999999999999,US2561631068,256163106
2021-11-30,VERX,identifier,Vertex Inc,0.003582064733,2248714.2,123015.0,18.28,US92538J1060,92538J106
2021-11-30,VRNS,identifier,Varonis Systems Inc,0.041309900809,25933132.83,500543.0,51.809999999999995,US9222801022,922280102
2021-11-30,FSLR,identifier,First Solar Inc,0.074393687604,46702154.8,450793.0,103.6,US3364331070,336433107
2021-11-30,PDFS,identifier,PDF Solutions Inc,0.006765319009,4247067.0,141900.0,29.93,US6932821050,693282105
2021-11-30,,,Bottomline Technologies DE Inc,0.015225390693,9558049.56,213159.0,44.84,US1013881065,101388106
2021-11-30,ICHR,identifier,Ichor Holdings Ltd,0.010096508883,6338289.39,132351.0,47.89,KYG4740B1059,G4740B105
2021-11-30,AGYS,identifier,Agilysys Inc,0.00745782092,4681799.2,107504.0,43.550000000000004,US00847J1051,00847J105
2021-11-30,,,Mandiant Inc,0.030350375856,19053067.5,1122750.0,16.97,US5626621065,562662106
2021-11-30,CMRC,identifier,BigCommerce Holdings Inc,0.012906308244,8102198.25,178975.0,45.27,US08975P1084,08975P108
2021-11-30,NTAP,identifier,NetApp Inc,0.149429219682,93807240.56,1055437.0,88.88,US64110D1046,64110D104
2021-11-30,ZS,identifier,Zscaler Inc,0.213515443362,134038674.64,386312.0,346.97,US98980G1022,98980G102
2021-11-30,AEIS,identifier,Advanced Energy Industries Inc,0.025271220364,15864524.04,180916.0,87.69,US0079731008,007973100
2021-11-30,OLED,identifier,Universal Display Corp,0.048100153249,30195852.3,211086.0,143.05,US91347P1057,91347P105
2021-11-30,FIVN,identifier,Five9 Inc,0.071610919177,44955215.16,315852.0,142.32999999999998,US3383071012,338307101
2021-11-30,EVTC,identifier,EVERTEC Inc,0.019285007477,12106556.8,288320.0,41.99,PR30040P1032,30040P103
2021-11-30,,,Paya Holdings Inc,0.003373578381,2117832.64,328856.0,6.44,US70434P1030,70434P103
2021-11-30,ONTO,identifier,Onto Innovation Inc,0.03462845541,21738719.2,230870.0,94.16,US6833441057,683344105
2021-11-30,HCKT,identifier,Hackett Group Inc/The,0.003947747284,2478278.88,121128.0,20.46,US4046091090,404609109
2021-11-30,U,identifier,Unity Software Inc,0.072338013354,45411663.36,263424.0,172.39,US91332U1016,91332U101
2021-11-30,,,National Instruments Corp,0.040987159324,25730525.28,619714.0,41.52,US6365181022,636518102
2021-11-30,FLEX,identifier,Flex Ltd,0.063018677832,39561260.4,2313524.0,17.099999999999998,SG9999000020,Y2573F102
2021-11-30,AVGO,identifier,Broadcom Inc,1.700449277414,1067491717.92,1927994.0,553.68,US11135F1012,11135F101
2021-11-30,JKHY,identifier,Jack Henry & Associates Inc,0.084614640903,53118566.71,350317.0,151.63,US4262811015,426281101
2021-11-30,COHR,"same company, other snapshot",Coherent Inc,0.047646521537,29911075.74,115518.0,258.93,US1924791031,192479103
2021-11-30,,,Zuora Inc,0.01653537701,10380420.19,523999.0,19.81,US98983V1061,98983V106
2021-11-30,MX,identifier,Magnachip Semiconductor Corp,0.0058093163,3646916.8,201710.0,18.08,US55933J2033,55933J203
2021-11-30,VISN,identifier,CommScope Holding Co Inc,0.015247927404,9572197.44,961064.0,9.959999999999999,US20337X1090,20337X109
2021-11-30,,,Avaya Holdings Corp,0.01234958024,7752700.89,398187.0,19.47,US05351X1019,05351X101
2021-11-30,CSCO,identifier,Cisco Systems Inc/Delaware,1.738122200244,1091141663.64,19896821.0,54.84,US17275R1023,17275R102
2021-11-30,NUAN,manual table,Nuance Communications Inc,0.119216402446,74840528.29,1348721.0,55.49,US67020Y1001,67020Y100
2021-11-30,SCSC,identifier,ScanSource Inc,0.006092095961,3824437.5,122382.0,31.25,US8060371072,806037107
2021-11-30,IIIV,identifier,I3 Verticals Inc,0.003075969111,1931002.35,103539.0,18.650000000000002,US46571Y1073,46571Y107
2021-11-30,DBX,identifier,Dropbox Inc,0.05873376226,36871317.25,1498225.0,24.61,US26210C1045,26210C104
2021-11-30,PD,identifier,PagerDuty Inc,0.017751303667,11143742.95,314351.0,35.449999999999996,US69553P1003,69553P100
2021-11-30,ANET,"same company, other snapshot",Arista Networks Inc,0.215096549232,135031246.1,1088435.0,124.05999999999999,US0404131064,040413106
2021-11-30,TDC,identifier,Teradata Corp,0.035744963107,22439629.68,516804.0,43.42,US88076W1036,88076W103
2021-11-30,INSG,SEC company list,Inseego Corp,0.003740020382,2347874.08,363448.0,6.46,US45782B1044,45782B104
2021-11-30,,,Perficient Inc,0.033924928082,21297065.57,155419.0,137.03,US71375U1016,71375U101
2021-11-30,SSNC,identifier,SS&C Technologies Holdings Inc,0.13195292516,82836140.21,1085237.0,76.33,US78467J1007,78467J100
2021-11-30,RNG,identifier,RingCentral Inc,0.124385644108,78085625.18,361541.0,215.98000000000002,US76680R2067,76680R206
2021-11-30,CTSH,identifier,Cognizant Technology Solutions Corp,0.309843012217,194510270.78,2494361.0,77.98,US1924461023,192446102
2021-11-30,GWRE,identifier,Guidewire Software Inc,0.06950262142,43631688.24,375036.0,116.34,US40171V1008,40171V100
2021-11-30,NTGR,identifier,NETGEAR Inc,0.006120204836,3842083.42,143683.0,26.74,US64111Q1040,64111Q104
2021-11-30,MXL,identifier,MaxLinear Inc,0.036154311288,22696606.35,337095.0,67.33,US57776J1007,57776J100
2021-11-30,,,Everbridge Inc,0.032087377036,20143505.42,177601.0,113.42000000000002,US29978A1043,29978A104
2021-11-30,CRSR,identifier,Corsair Gaming Inc,0.004797850957,3011948.8,134462.0,22.4,US22041X1028,22041X102
2021-11-30,AKAM,identifier,Akamai Technologies Inc,0.137945703743,86598229.2,768396.0,112.7,US00971T1016,00971T101
2021-11-30,ENTG,identifier,Entegris Inc,0.148585118586,93277338.88,638536.0,146.07999999999998,US29362U1043,29362U104
2021-11-30,SPSC,identifier,SPS Commerce Inc,0.037911658569,23799816.95,168805.0,140.99,US78463M1071,78463M107
2021-11-30,AMBA,identifier,Ambarella Inc,0.048843295554,30662375.04,170802.0,179.51999999999998,KYG037AX1015,G037AX101
2021-11-30,VIAV,identifier,Viavi Solutions Inc,0.025398767091,15944594.1,1076610.0,14.81,US9255501051,925550105
2021-11-30,GDYN,identifier,Grid Dynamics Holdings Inc,0.011320307176,7106553.73,181151.0,39.230000000000004,US39813G1094,39813G109
2022-02-28,EXLS,identifier,ExlService Holdings Inc,0.033744299398,18747695.11,155209.0,120.78999999999999,US3020811044,302081104
2022-02-28,OSIS,identifier,OSI Systems Inc,0.011606943459,6448598.46,79938.0,80.67,US6710441055,671044105
2022-02-28,MVIS,SEC company list,MicroVision Inc,0.005490869863,3050623.54,760754.0,4.01,US5949603048,594960304
2022-02-28,,,II-VI Inc,0.061288282667,34050611.74,490219.0,69.46000000000001,US9021041085,902104108
2022-02-28,TER,identifier,Teradyne Inc,0.162133416577,90078262.56,763893.0,117.92,US8807701029,880770102
2022-02-28,SNPS,identifier,Synopsys Inc,0.397645623983,220924394.73,707207.0,312.39,US8716071076,871607107
2022-02-28,ZEN,manual table,Zendesk Inc,0.116801015901,64892437.35,556205.0,116.67,US98936J1016,98936J101
2022-02-28,IT,identifier,Gartner Inc,0.195692473229,108723040.3,387715.0,280.42,US3666511072,366651107
2022-02-28,WK,identifier,Workiva Inc,0.033991488133,18885028.5,179345.0,105.3,US98139A1051,98139A105
2022-02-28,ACLS,identifier,Axcelis Technologies Inc,0.019433216616,10796727.94,155977.0,69.22,US0545402085,054540208
2022-02-28,RMNI,identifier,Rimini Street Inc,0.001373151992,762897.3,168410.0,4.53,US76674Q1076,76674Q107
2022-02-28,AZPN,manual table,Aspen Technology Inc,0.085221923979,47347690.6,310660.0,152.41,US0453271035,045327103
2022-02-28,BHE,identifier,Benchmark Electronics Inc,0.009050412414,5028238.12,192358.0,26.14,US08160H1014,08160H101
2022-02-28,MTSI,identifier,MACOM Technology Solutions Holdings Inc,0.024071431167,13373632.3,222523.0,60.1,US55405Y1001,55405Y100
2022-02-28,CVLT,identifier,CommVault Systems Inc,0.021734581639,12075322.86,191946.0,62.91,US2041661024,204166102
2022-02-28,DMRC,SEC company list,Digimarc Corp,0.003188921019,1771704.26,58802.0,30.13,US25381B1017,25381B101
2022-02-28,ARW,identifier,Arrow Electronics Inc,0.073196738109,40666724.56,333662.0,121.88000000000001,US0427351004,042735100
2022-02-28,ALGM,identifier,Allegro MicroSystems Inc,0.013606999152,7559791.61,263683.0,28.67,US01749D1054,01749D105
2022-02-28,,,ON24 Inc,0.002146504968,1192557.6,76446.0,15.600000000000001,US68339B1044,68339B104
2022-02-28,MDB,identifier,MongoDB Inc,0.185240511365,102916127.79,269421.0,381.99,US60937P1066,60937P106
2022-02-28,,,Verint Systems Inc,0.027238044425,15132942.79,301273.0,50.23,US92343X1000,92343X100
2022-02-28,BFH,identifier,Alliance Data Systems Corp,0.026578340581,14766423.8,218924.0,67.45,US0185811082,018581108
2022-02-28,NSSC,identifier,Napco Security Technologies Inc,0.00500570239,2781073.66,136394.0,20.39,US6304021057,630402105
2022-02-28,GDDY,identifier,GoDaddy Inc,0.117478032951,65268575.23,782503.0,83.41,US3802371076,380237107
2022-02-28,INDI,identifier,indie Semiconductor Inc,0.002524208419,1402402.5,178650.0,7.85,US45569U1016,45569U101
2022-02-28,CGNX,identifier,Cognex Corp,0.099531935648,55298062.68,818503.0,67.56,US1924221039,192422103
2022-02-28,AAPL,identifier,Apple Inc,22.7674913982,12649188003.84,76606032.0,165.12,US0378331005,037833100
2022-02-28,,,SolarWinds Corp,0.004460530753,2478186.6,182892.0,13.55,US83417Q2049,83417Q204
2022-02-28,SNOW,identifier,Snowflake Inc,0.466672334181,259274330.58,975963.0,265.66,US8334451098,833445109
2022-02-28,JBL,identifier,Jabil Inc,0.066688641911,37050949.29,640909.0,57.809999999999995,US4663131039,466313103
2022-02-28,CXM,identifier,Sprinklr Inc,0.002929862064,1627776.0,135648.0,12.0,US85208T1079,85208T107
2022-02-28,,,Olo Inc,0.003031704404,1684357.68,115288.0,14.61,US68134L1098,68134L109
2022-02-28,ADI,identifier,Analog Devices Inc,0.718550616506,399213144.72,2490568.0,160.29000000000002,US0326541051,032654105
2022-02-28,QTWO,identifier,Q2 Holdings Inc,0.029102317891,16168697.9,248558.0,65.05,US74736L1098,74736L109
2022-02-28,CALX,identifier,Calix Inc,0.025675838613,14265010.76,262514.0,54.339999999999996,US13100M5094,13100M509
2022-02-28,TTMI,identifier,TTM Technologies Inc,0.010708506477,5949443.85,473305.0,12.569999999999999,US87305R1095,87305R109
2022-02-28,,,Ping Identity Holding Corp,0.012449355155,6916626.48,328737.0,21.040000000000003,US72341T1034,72341T103
2022-02-28,KD,identifier,Kyndryl Holdings Inc,0.023699345546,13166908.56,830196.0,15.860000000000001,US50155Q1004,50155Q100
2022-02-28,,,American Software Inc/GA,0.005864520746,3258216.91,148303.0,21.970000000000002,US0296831094,029683109
2022-02-28,RBBN,identifier,Ribbon Communications Inc,0.002579125009,1432913.12,471353.0,3.04,US7625441040,762544104
2022-02-28,AMD,identifier,Advanced Micro Devices Inc,1.678748015812,932680675.78,7561867.0,123.33999999999999,US0079031078,007903107
2022-02-28,NSIT,identifier,Insight Enterprises Inc,0.030013144585,16674736.0,160334.0,104.0,US45765U1034,45765U103
2022-02-28,SEDG,identifier,SolarEdge Technologies Inc,0.139157100733,77313055.64,242042.0,319.42,US83417M1045,83417M104
2022-02-28,APH,identifier,Amphenol Corp,0.379410471007,210793288.31,2773231.0,76.01,US0320951017,032095101
2022-02-28,VECO,identifier,Veeco Instruments Inc,0.012241499202,6801145.64,238052.0,28.57,US9224171002,922417100
2022-02-28,PRGS,identifier,Progress Software Corp,0.016161232873,8978875.6,203695.0,44.08,US7433121008,743312100
2022-02-28,MSFT,identifier,Microsoft Corp,17.79292796988,9885414562.96,33084824.0,298.78999999999996,US5949181045,594918104
2022-02-28,IPGP,identifier,IPG Photonics Corp,0.040743033629,22636059.6,173656.0,130.35000000000002,US44980X1090,44980X109
2022-02-28,NOW,identifier,ServiceNow Inc,0.958231399649,532375258.8,918015.0,579.92,US81762P1021,81762P102
2022-02-28,,,SMART Global Holdings Inc,0.010092565983,5607238.95,204271.0,27.45,KYG8232Y1017,G8232Y101
2022-02-28,LRCX,"same company, other snapshot",Lam Research Corp,0.664785888708,369342477.9,657954.0,561.3499999999999,US5128071082,512807108
2022-02-28,,,Model N Inc,0.006601417982,3667623.09,149151.0,24.59,US6075251024,607525102
2022-02-28,LITE,identifier,Lumentum Holdings Inc,0.060261632272,33480224.18,338663.0,98.86,US55024U1097,55024U109
2022-02-28,,,BTRS Holdings Inc,0.003646773415,2026078.4,332144.0,6.1,US11778X1046,11778X104
2022-02-28,DDD,identifier,3D Systems Corp,0.018575608327,10320256.98,579139.0,17.82,US88554D2053,88554D205
2022-02-28,V,identifier,Visa Inc,2.847908853413,1582244344.56,7321138.0,216.12,US92826C8394,92826C839
2022-02-28,ESTC,identifier,Elastic NV,0.046436216367,25799084.35,297739.0,86.65,NL0013056914,N14506104
2022-02-28,EPAM,identifier,EPAM Systems Inc,0.098115480563,54511107.0,262388.0,207.75,US29414B1044,29414B104
2022-02-28,NET,identifier,Cloudflare Inc,0.230251849323,127923576.62,1098811.0,116.42,US18915M1071,18915M107
2022-02-28,TRMB,identifier,Trimble Inc,0.146235170582,81245497.5,1164810.0,69.75,US8962391004,896239100
2022-02-28,PLUS,identifier,ePlus Inc,0.010551592663,5862265.5,124995.0,46.9,US2942681071,294268107
2022-02-28,,,Black Knight Inc,0.073474868122,40821248.34,726486.0,56.190000000000005,US09215C1053,09215C105
2022-02-28,ADBE,identifier,Adobe Inc,1.858432110323,1032509763.36,2207727.0,467.68,US00724F1012,00724F101
2022-02-28,,,Casa Systems Inc,0.000977101626,542859.2,130495.0,4.159999999999999,US14713L1026,14713L102
2022-02-28,AFRM,identifier,Affirm Holdings Inc,0.030470210526,16928673.2,404605.0,41.839999999999996,US00827B1061,00827B106
2022-02-28,ON,identifier,ON Semiconductor Corp,0.224851133156,124923040.77,1995257.0,62.61,US6821891057,682189105
2022-02-28,,,LivePerson Inc,0.011203840008,6224641.8,306935.0,20.28,US5381461012,538146101
2022-02-28,TLS,identifier,Telos Corp,0.001589542937,883120.02,77331.0,11.42,US87969B1017,87969B101
2022-02-28,,,ChannelAdvisor Corp,0.004451337856,2473079.2,137776.0,17.950000000000003,US1591791009,159179100
2022-02-28,INTU,identifier,Intuit Inc,1.081217871149,600704218.4,1266320.0,474.37,US4612021034,461202103
2022-02-28,AEVA,"same company, other snapshot",Aeva Technologies Inc,0.003354656209,1863783.6,443758.0,4.2,US00835Q1031,00835Q103
2022-02-28,OSPN,identifier,OneSpan Inc,0.00391865336,2177129.76,157992.0,13.78,US68287N1000,68287N100
2022-02-28,,,CSG Systems International Inc,0.016826381845,9348419.8,151465.0,61.720000000000006,US1263491094,126349109
2022-02-28,AOSL,identifier,Alpha & Omega Semiconductor Ltd,0.009475397584,5264351.85,97905.0,53.769999999999996,BMG6331P1041,G6331P104
2022-02-28,MARA,identifier,Marathon Digital Holdings Inc,0.021025337107,11681280.0,460800.0,25.35,US5657881067,565788106
2022-02-28,DBD,"same company, other snapshot",Diebold Nixdorf Inc,0.005242758221,2912777.4,334802.0,8.7,US2536511031,253651103
2022-02-28,SWKS,identifier,Skyworks Solutions Inc,0.190160567395,105649617.95,764635.0,138.17000000000002,US83088M1027,83088M102
2022-02-28,DLB,identifier,Dolby Laboratories Inc,0.040929269985,22739529.0,302790.0,75.1,US25659T1079,25659T107
2022-02-28,NXPI,identifier,NXP Semiconductors NV,0.42063495897,233696834.84,1229207.0,190.12,NL0009538784,N6596X109
2022-02-28,INTA,identifier,Intapp Inc,0.00309037753,1716955.36,74456.0,23.060000000000002,US45827U1097,45827U109
2022-02-28,,,SecureWorks Corp,0.001099313287,610757.69,39737.0,15.37,US81374A1051,81374A105
2022-02-28,RIOT,identifier,Riot Blockchain Inc,0.013773986563,7652566.66,444142.0,17.23,US7672921050,767292105
2022-02-28,MRVL,identifier,Marvell Technology Inc,0.469485004913,260836997.29,3817313.0,68.33,US5738741041,573874104
2022-02-28,TWLO,identifier,Twilio Inc,0.243431436837,135245906.4,773718.0,174.8,US90138F1021,90138F102
2022-02-28,ADSK,identifier,Autodesk Inc,0.404335974634,224641427.13,1020031.0,220.23,US0527691069,052769106
2022-02-28,KEYS,identifier,Keysight Technologies Inc,0.24172440576,134297512.19,853387.0,157.37,US49338L1035,49338L103
2022-02-28,WEX,identifier,WEX Inc,0.06296774101,34983687.06,207606.0,168.51000000000002,US96208T1043,96208T104
2022-02-28,ARLO,identifier,Arlo Technologies Inc,0.006432681844,3573876.48,385116.0,9.28,US04206A1016,04206A101
2022-02-28,CASS,identifier,Cass Information Systems Inc,0.005554496757,3085973.44,77968.0,39.58,US14808P1093,14808P109
2022-02-28,AZTA,identifier,Azenta Inc,0.05428220382,30158166.72,344586.0,87.52,US1143401024,114340102
2022-02-28,CTXS,manual table,Citrix Systems Inc,0.106201065131,59003305.0,575642.0,102.5,US1773761002,177376100
2022-02-28,WDC,identifier,Western Digital Corp,0.131221813753,72904360.14,1431181.0,50.94,US9581021055,958102105
2022-02-28,ADP,identifier,Automatic Data Processing Inc,0.721362151868,400775180.64,1960356.0,204.44,US0530151036,053015103
2022-02-28,GEN,identifier,NortonLifeLock Inc,0.140590329248,78109330.32,2695284.0,28.979999999999997,US6687711084,668771108
2022-02-28,CTS,identifier,CTS Corp,0.009184373594,5102664.42,134493.0,37.94,US1265011056,126501105
2022-02-28,PCTY,identifier,Paylocity Holding Corp,0.067624062547,37570651.32,176853.0,212.44,US70438V1061,70438V106
2022-02-28,S,identifier,SentinelOne Inc,0.010096361198,5609347.5,135165.0,41.5,US81730H1095,81730H109
2022-02-28,PATH,identifier,UiPath Inc,0.018727544056,10404669.6,299760.0,34.71,US90364P1057,90364P105
2022-02-28,PLXS,identifier,Plexus Corp,0.019383216841,10768949.01,132183.0,81.47,US7291321005,729132100
2022-02-28,SPT,identifier,Sprout Social Inc,0.020874230618,11597328.09,178119.0,65.11,US85209W1099,85209W109
2022-02-28,ORCL,identifier,Oracle Corp,1.061529936096,589765973.71,7763143.0,75.97,US68389X1054,68389X105
2022-02-28,DELL,identifier,Dell Technologies Inc,0.118044104561,65583073.92,1286952.0,50.96,US24703L2025,24703L202
2022-02-28,ACMR,identifier,ACM Research Inc,0.008926911778,4959623.5,60175.0,82.42,US00108J1097,00108J109
2022-02-28,INTC,identifier,Intel Corp,1.614201436152,896819815.8,18801254.0,47.699999999999996,US4581401001,458140100
2022-02-28,MPWR,identifier,Monolithic Power Systems Inc,0.166727764409,92630795.4,201942.0,458.70000000000005,US6098391054,609839105
2022-02-28,CMTL,identifier,Comtech Telecommunications Corp,0.004480376892,2489212.74,120953.0,20.580000000000002,US2058262096,205826209
2022-02-28,CMBMF,identifier,Cambium Networks Corp,0.001923540366,1068682.68,38428.0,27.81,KYG177661090,G17766109
2022-02-28,YOU,identifier,Clear Secure Inc,0.003343970532,1857846.84,68988.0,26.93,US18467V1098,18467V109
2022-02-28,TYL,identifier,Tyler Technologies Inc,0.146157560131,81202378.6,189610.0,428.26,US9022521051,902252105
2022-02-28,,,Evo Payments Inc,0.009536619123,5298365.38,219758.0,24.11,US26927E1047,26927E104
2022-02-28,SABR,identifier,Sabre Corp,0.027946084345,15526316.39,1420523.0,10.93,US78573M1045,78573M104
2022-02-28,KE,identifier,Kimball Electronics Inc,0.00360078769,2000529.6,116040.0,17.240000000000002,US49428J1097,49428J109
2022-02-28,ZBRA,identifier,Zebra Technologies Corp,0.183940324003,102193768.26,247239.0,413.34000000000003,US9892071054,989207105
2022-02-28,RPAY,identifier,Repay Holdings Corp,0.01241175816,6895738.3,399290.0,17.27,US76029L1008,76029L100
2022-02-28,NTNX,identifier,Nutanix Inc,0.045501211655,25279613.4,946802.0,26.7,US67059N1081,67059N108
2022-02-28,KLIC,identifier,Kulicke & Soffa Industries Inc,0.027023554067,15013776.0,287400.0,52.24,US5012421013,501242101
2022-02-28,CIEN,identifier,Ciena Corp,0.088402730287,49114886.48,717844.0,68.42,US1717793095,171779309
2022-02-28,DGII,identifier,Digi International Inc,0.005772798782,3207257.92,159724.0,20.08,US2537981027,253798102
2022-02-28,FFIV,identifier,F5 Inc,0.100973577767,56099011.8,279308.0,200.85,US3156161024,315616102
2022-02-28,LTCH,identifier,Latch Inc,0.001215313903,675205.44,163488.0,4.13,US51818V1061,51818V106
2022-02-28,PAR,identifier,PAR Technology Corp,0.008598445351,4777133.76,113904.0,41.94,US6988841036,698884103
2022-02-28,SMCI,"same company, other snapshot",Super Micro Computer Inc,0.013072077666,7262599.34,184846.0,39.29,US86800U1043,86800U104
2022-02-28,AMKR,identifier,Amkor Technology Inc,0.02076007715,11533906.58,508774.0,22.67,US0316521006,031652100
2022-02-28,MANH,identifier,Manhattan Associates Inc,0.070518598356,39178800.72,293079.0,133.68,US5627501092,562750109
2022-02-28,APPN,identifier,Appian Corp,0.018115918071,10064861.76,165106.0,60.96,US03782L1017,03782L101
2022-02-28,MQ,SEC company list,Marqeta Inc,0.006201508917,3445441.17,293729.0,11.73,US57142B1044,57142B104
2022-02-28,REKR,identifier,Rekor Systems Inc,0.001019683401,566516.83,119771.0,4.7299999999999995,US7594191048,759419104
2022-02-28,SYNA,identifier,Synaptics Inc,0.073904716669,41060064.07,179749.0,228.43,US87157D1090,87157D109
2022-02-28,IMXI,identifier,International Money Express Inc,0.003674326908,2041386.6,127110.0,16.060000000000002,US46005L1017,46005L101
2022-02-28,VSAT,identifier,Viasat Inc,0.020955518606,11642490.16,255094.0,45.64,US92552V1008,92552V100
2022-02-28,,,LiveVox Holdings Inc,0.00077481944,430475.04,85752.0,5.02,US53838L1008,53838L100
2022-02-28,QRVO,identifier,Qorvo Inc,0.12668878273,70385893.76,514592.0,136.78,US74736K1016,74736K101
2022-02-28,,,Velodyne Lidar Inc,0.0030211541,1678496.13,454877.0,3.69,US92259F1012,92259F101
2022-02-28,,,Avalara Inc,0.074808019043,41561921.8,399980.0,103.91,US05338G1067,05338G106
2022-02-28,RXT,identifier,Rackspace Technology Inc,0.003887959822,2160077.01,194077.0,11.129999999999999,US7501021056,750102105
2022-02-28,ANSS,manual table,ANSYS Inc,0.235811899383,131012635.37,404123.0,324.19,US03662Q1058,03662Q105
2022-02-28,DDOG,identifier,Datadog Inc,0.257540600243,143084690.98,888118.0,161.10999999999999,US23804L1035,23804L103
2022-02-28,SANM,identifier,Sanmina Corp,0.02158460602,11991999.24,301458.0,39.78,US8010561020,801056102
2022-02-28,OUST,"same company, other snapshot",Ouster Inc,0.000916786219,509349.1,150695.0,3.38,US68989M1036,68989M103
2022-02-28,PRO,identifier,PROS Holdings Inc,0.011173257903,6207650.96,195332.0,31.78,US74346Y1038,74346Y103
2022-02-28,TEL,"same company, other snapshot",TE Connectivity Ltd,0.389813610332,216573075.94,1520558.0,142.43,CH0102993182,H84989104
2022-02-28,VNT,identifier,Vontier Corp,0.034278817559,19044663.3,783731.0,24.3,US9288811014,928881101
2022-02-28,VYX,identifier,NCR Corp,0.044399571596,24667563.0,608775.0,40.52,US62886E1082,62886E108
2022-02-28,DXC,identifier,DXC Technology Co,0.069386932906,38550068.78,1132826.0,34.03,US23355L1061,23355L106
2022-02-28,HUBS,identifier,HubSpot Inc,0.195808225366,108787350.0,207214.0,525.0,US4435731009,443573100
2022-02-28,TCX,identifier,Tucows Inc,0.00506781271,2815580.98,41911.0,67.17999999999999,US8986972060,898697206
2022-02-28,MCHP,identifier,Microchip Technology Inc,0.321727653529,178745804.9,2541530.0,70.33,US5950171042,595017104
2022-02-28,NTCT,identifier,NetScout Systems Inc,0.01926382745,10702618.52,343804.0,31.13,US64115T1043,64115T104
2022-02-28,QLYS,identifier,Qualys Inc,0.03474876972,19305759.84,154064.0,125.31,US74758T3032,74758T303
2022-02-28,AEHR,identifier,Aehr Test Systems,0.002851323756,1584141.6,116481.0,13.600000000000001,US00760J1088,00760J108
2022-02-28,,,Anaplan Inc,0.051467601399,28594426.8,603640.0,47.370000000000005,US03272L1089,03272L108
2022-02-28,,,Ceridian HCM Holding Inc,0.082109478347,45618474.62,625682.0,72.91,US15677J1088,15677J108
2022-02-28,FROG,identifier,JFrog Ltd,0.007932420917,4407103.17,177921.0,24.77,IL0011684185,M6191J100
2022-02-28,CLSK,identifier,Cleanspark Inc,0.002995689357,1664348.4,157014.0,10.6,US18452B2097,18452B209
2022-02-28,MKSI,identifier,MKS Instruments Inc,0.069564332424,38648628.6,256631.0,150.6,US55306N1046,55306N104
2022-02-28,P,identifier,Pure Storage Inc,0.05828023533,32379397.48,1248242.0,25.94,US74624M1027,74624M102
2022-02-28,,,Infinera Corp,0.013695071262,7608722.81,824347.0,9.229999999999999,US45667G1031,45667G103
2022-02-28,DOCN,identifier,DigitalOcean Holdings Inc,0.013231287004,7351053.04,123922.0,59.32,US25402D1028,25402D102
2022-02-28,SMTC,identifier,Semtech Corp,0.037532534843,20852367.14,300553.0,69.38,US8168501018,816850101
2022-02-28,,,Qualtrics International Inc,0.026924795579,14958907.65,493205.0,30.330000000000002,US7476012015,747601201
2022-02-28,TTD,identifier,Trade Desk Inc/The,0.308966881698,171656161.2,2011910.0,85.32,US88339J1051,88339J105
2022-02-28,RMBS,identifier,Rambus Inc,0.024587456096,13660326.0,505938.0,27.0,US7509171069,750917106
2022-02-28,STX,identifier,Seagate Technology Holdings PLC,0.176122539292,97850354.8,948530.0,103.16,IE00BKVD2N49,G7997R103
2022-02-28,DT,identifier,Dynatrace Inc,0.068460456004,38035335.72,856266.0,44.42,US2681501092,268150109
2022-02-28,JNPR,manual table,Juniper Networks Inc,0.091711709133,50953292.6,1507940.0,33.79,US48203R1041,48203R104
2022-02-28,SITM,identifier,SiTime Corp,0.02095800296,11643870.42,57603.0,202.14,US82982T1060,82982T106
2022-02-28,PYPL,identifier,PayPal Holdings Inc,1.042235903101,579046573.56,5173292.0,111.92999999999999,US70450Y1038,70450Y103
2022-02-28,,,Vonage Holdings Corp,0.040453243932,22475057.92,1106056.0,20.32,US92886T2015,92886T201
2022-02-28,WU,identifier,Western Union Co/The,0.061632197963,34241684.58,1883481.0,18.18,US9598021098,959802109
2022-02-28,ACIW,identifier,ACI Worldwide Inc,0.02954415484,16414174.16,489683.0,33.52,US0044981019,004498101
2022-02-28,SPWRW,SEC company list,SunPower Corp,0.012939471608,7188925.92,400944.0,17.93,US8676524064,867652406
2022-02-28,NABL,identifier,N-able Inc,0.004061237277,2256346.69,195017.0,11.57,US62878D1000,62878D100
2022-02-28,WOLF,SEC company list,Wolfspeed Inc,0.099316756623,55178513.28,537174.0,102.72,US9778521024,977852102
2022-02-28,VRRM,identifier,Verra Mobility Corp,0.019359513713,10755780.0,640225.0,16.8,US92511U1025,92511U102
2022-02-28,BL,identifier,Blackline Inc,0.033024612395,18347850.61,243631.0,75.31,US09239B1098,09239B109
2022-02-28,,,Ebix Inc,0.006468412577,3593727.8,121780.0,29.509999999999998,US2787152063,278715206
2022-02-28,ATEN,identifier,A10 Networks Inc,0.006900150298,3833593.12,269213.0,14.24,US0021211018,002121101
2022-02-28,VMW,manual table,VMware Inc,0.205169588817,113988346.64,971602.0,117.32000000000001,US9285634021,928563402
2022-02-28,CDNS,identifier,Cadence Design Systems Inc,0.349347754397,194091011.03,1281721.0,151.43,US1273871087,127387108
2022-02-28,LSCC,identifier,Lattice Semiconductor Corp,0.071272572271,39597694.38,632349.0,62.620000000000005,US5184151042,518415104
2022-02-28,FORM,identifier,FormFactor Inc,0.026132680032,14518823.22,358578.0,40.49,US3463751087,346375108
2022-02-28,CDK,identifier,CDK Global Inc,0.043647028435,24249464.24,534836.0,45.339999999999996,US12508E1010,12508E101
2022-02-28,ZM,identifier,Zoom Video Communications Inc,0.239470952248,133045536.0,1003360.0,132.6,US98980L1017,98980L101
2022-02-28,CPAY,manual table,FleetCor Technologies Inc,0.153319801561,85181584.6,363713.0,234.2,US3390411052,339041105
2022-02-28,TASK,identifier,TaskUS Inc,0.006532678189,3629432.56,126373.0,28.72,US87652V1098,87652V109
2022-02-28,MMS,identifier,Maximus Inc,0.040428196032,22461141.78,284823.0,78.86,US5779331041,577933104
2022-02-28,BMI,identifier,Badger Meter Inc,0.024190768325,13439933.77,135197.0,99.41,US0565251081,056525108
2022-02-28,HPE,identifier,Hewlett Packard Enterprise Co,0.173477624139,96380889.92,6054076.0,15.92,US42824C1099,42824C109
2022-02-28,CEVA,identifier,CEVA Inc,0.007748471411,4304904.3,105590.0,40.769999999999996,US1572101053,157210105
2022-02-28,FISV,identifier,Fiserv Inc,0.485553667035,269764442.33,2761999.0,97.66999999999999,US3377381088,337738108
2022-02-28,BSY,identifier,Bentley Systems Inc,0.056155369146,31198861.98,812682.0,38.39,US08265T2087,08265T208
2022-02-28,FIS,identifier,Fidelity National Information Services Inc,0.490663895371,272603588.63,2862581.0,95.23,US31620M1062,31620M106
2022-02-28,FTNT,identifier,Fortinet Inc,0.39918799118,221781304.8,643740.0,344.52000000000004,US34959E1091,34959E109
2022-02-28,ASAN,identifier,Asana Inc,0.030406131241,16893071.96,308324.0,54.790000000000006,US04342Y1047,04342Y104
2022-02-28,CRNC,identifier,Cerence Inc,0.011446336395,6359368.21,176111.0,36.11,US1567271093,156727109
2022-02-28,ITRI,identifier,Itron Inc,0.018003244422,10002262.41,209823.0,47.67,US4657411066,465741106
2022-02-28,RPD,identifier,Rapid7 Inc,0.045709981498,25395601.98,245463.0,103.46000000000001,US7534221046,753422104
2022-02-28,,,Envestnet Inc,0.033930865877,18851347.92,251956.0,74.82000000000001,US29404K1060,29404K106
2022-02-28,ENPH,identifier,Enphase Energy Inc,0.177682559951,98717072.8,592184.0,166.7,US29355A1079,29355A107
2022-02-28,PAYO,identifier,Payoneer Global Inc,0.00886267302,4923933.66,1021563.0,4.82,US70451X1046,70451X104
2022-02-28,VRSN,identifier,VeriSign Inc,0.179468203331,99709142.52,466541.0,213.72,US92343E1029,92343E102
2022-02-28,HUCK,identifier,Domo Inc,0.010547483452,5859982.5,131685.0,44.5,US2575541055,257554105
2022-02-28,AMPL,identifier,Amplitude Inc,0.006164441187,3424847.04,159741.0,21.44,US03213A1043,03213A104
2022-02-28,MEI,identifier,Methode Electronics Inc,0.014660500335,8145096.96,178464.0,45.64,US5915202007,591520200
2022-02-28,DIOD,identifier,Diodes Inc,0.033811699999,18785141.61,209679.0,89.59,US2545431015,254543101
2022-02-28,,,New Relic Inc,0.032243142386,17913680.64,270436.0,66.24000000000001,US64829B1008,64829B100
2022-02-28,UIS,identifier,Unisys Corp,0.011973338192,6652160.45,311285.0,21.37,US9092143067,909214306
2022-02-28,EGHT,identifier,8x8 Inc,0.011498565583,6388385.76,492931.0,12.959999999999999,US2829141009,282914100
2022-02-28,QCOM,identifier,QUALCOMM Inc,1.618285917291,899089076.34,5227566.0,171.99,US7475251036,747525103
2022-02-28,,,Switch Inc,0.022304712945,12392077.04,476252.0,26.02,US87105L1044,87105L104
2022-02-28,FSLY,identifier,Fastly Inc,0.017191256385,9551137.2,513502.0,18.599999999999998,US31188V1008,31188V100
2022-02-28,NOVT,identifier,Novanta Inc,0.040339682654,22411965.42,164034.0,136.63000000000002,CA67000B1040,67000B104
2022-02-28,TXN,identifier,Texas Instruments Inc,1.309085621966,727303234.94,4278506.0,169.99,US8825081040,882508104
2022-02-28,ROG,identifier,Rogers Corp,0.042602420842,23669100.0,86700.0,273.0,US7751331015,775133101
2022-02-28,BILL,identifier,Bill.com Holdings Inc,0.148045945306,82251529.72,345769.0,237.88,US0900431000,090043100
2022-02-28,,,Meta Materials Inc,0.003501329844,1945272.7,904778.0,2.15,US59134N1046,59134N104
2022-02-28,BR,identifier,Broadridge Financial Solutions Inc,0.141672203083,78710398.98,538338.0,146.21,US11133T1034,11133T103
2022-02-28,LASR,identifier,nLight Inc,0.005294893003,2941742.5,180475.0,16.3,US65487K1007,65487K100
2022-02-28,POWI,identifier,Power Integrations Inc,0.04499812867,25000110.0,277779.0,90.0,US7392761034,739276103
2022-02-28,BOX,identifier,Box Inc,0.03258310339,18102556.55,706855.0,25.61,US10316T1043,10316T104
2022-02-28,YEXT,identifier,Yext Inc,0.006246901587,3470660.48,467744.0,7.42,US98585N1063,98585N106
2022-02-28,CRM,identifier,salesforce.com Inc,1.719213636138,955162609.79,4536943.0,210.53,US79466L3024,79466L302
2022-02-28,RAMP,identifier,LiveRamp Holdings Inc,0.024465234445,13592421.96,314931.0,43.160000000000004,US53815P1084,53815P108
2022-02-28,XRX,identifier,Xerox Holdings Corp,0.024939851612,13856110.29,702999.0,19.709999999999997,US98421M1062,98421M106
2022-02-28,,,McAfee Corp,0.015431081582,8573217.34,329866.0,25.99,US5790631080,579063108
2022-02-28,,,E2open Parent Holdings Inc,0.011218221455,6232631.86,694057.0,8.98,US29788T1034,29788T103
2022-02-28,CCMP,identifier,CMC Materials Inc,0.045173899713,25097765.07,135349.0,185.43,US12571T1007,12571T100
2022-02-28,,,Alteryx Inc,0.030896625496,17165581.3,275531.0,62.300000000000004,US02156B1035,02156B103
2022-02-28,ADTN,"same company, other snapshot",ADTRAN Inc,0.008374552081,4652742.89,225971.0,20.59,US00738A1060,00738A106
2022-02-28,,,FARO Technologies Inc,0.008291579155,4606644.7,84155.0,54.74,US3116421021,311642102
2022-02-28,OKTA,identifier,Okta Inc,0.190747834398,105975892.4,579610.0,182.84,US6792951054,679295105
2022-02-28,FOUR,identifier,Shift4 Payments Inc,0.01867612843,10376104.05,197077.0,52.650000000000006,US82452J1097,82452J109
2022-02-28,MSTR,identifier,MicroStrategy Inc,0.028710661482,15951101.0,36007.0,443.0,US5949724083,594972408
2022-02-28,TDY,identifier,Teledyne Technologies Inc,0.166735099396,92634870.58,215741.0,429.38,US8793601050,879360105
2022-02-28,CCSI,identifier,Consensus Cloud Solutions Inc,0.007145780862,3970060.82,71327.0,55.66,US20848V1052,20848V105
2022-02-28,XYZ,identifier,Block Inc,0.538364111747,299104927.5,2345921.0,127.5,US8522341036,852234103
2022-02-28,ACN,identifier,Accenture PLC,1.6716541991,928739485.26,2938863.0,316.02,IE00B4BNMY34,G1151C101
2022-02-28,CRUS,identifier,Cirrus Logic Inc,0.041639289129,23134002.22,266306.0,86.86999999999999,US1727551004,172755100
2022-02-28,CNXN,identifier,PC Connection Inc,0.004840350402,2689207.22,55118.0,48.790000000000006,US69318J1007,69318J100
2022-02-28,BLKB,identifier,Blackbaud Inc,0.022885210189,12714590.34,203466.0,62.49,US09227Q1004,09227Q100
2022-02-28,,,Jamf Holding Corp,0.010079916632,5600211.21,163701.0,34.21,US47074L1052,47074L105
2022-02-28,,,Duck Creek Technologies Inc,0.007737379565,4298741.88,183081.0,23.48,US2641201064,264120106
2022-02-28,TTEC,identifier,TTEC Holdings Inc,0.012473310289,6929935.5,87169.0,79.5,US89854H1023,89854H102
2022-02-28,PEGA,identifier,Pegasystems Inc,0.029597188465,16443638.64,188747.0,87.12,US7055731035,705573103
2022-02-28,PANW,identifier,Palo Alto Networks Inc,0.483004986797,268348443.75,451575.0,594.25,US6974351057,697435105
2022-02-28,AVT,identifier,Avnet Inc,0.034898918257,19389179.53,460879.0,42.07,US0538071038,053807103
2022-02-28,MITK,identifier,Mitek Systems Inc,0.005453238453,3029716.24,203884.0,14.860000000000001,US6067102003,606710200
2022-02-28,PAYC,identifier,Paycom Software Inc,0.14441886815,80236394.19,236539.0,339.21,US70432V1026,70432V102
2022-02-28,COHU,identifier,Cohu Inc,0.012651788246,7029094.48,225436.0,31.180000000000003,US1925761066,192576106
2022-02-28,TENB,identifier,Tenable Holdings Inc,0.034452508816,19141162.88,345758.0,55.36,US88025T1025,88025T102
2022-02-28,COUP,manual table,Coupa Software Inc,0.074212625233,41231132.25,340725.0,121.01,US22266L1061,22266L106
2022-02-28,ALRM,identifier,Alarm.com Holdings Inc,0.026020678256,14456597.15,219605.0,65.83,US0116421050,011642105
2022-02-28,,,Smartsheet Inc,0.052716938687,29288534.99,550847.0,53.169999999999995,US83200N1037,83200N103
2022-02-28,VSH,identifier,Vishay Intertechnology Inc,0.02126943281,11816894.96,615784.0,19.19,US9282981086,928298108
2022-02-28,KLAC,identifier,KLA Corp,0.444074731433,246719529.5,707947.0,348.5,US4824801009,482480100
2022-02-28,,,SkyWater Technology Inc,0.000939145061,521771.25,45175.0,11.55,US83089J1088,83089J108
2022-02-28,PLAB,identifier,Photronics Inc,0.009712305156,5395973.22,292941.0,18.419999999999998,US7194051022,719405102
2022-02-28,,,Sailpoint Technologies Holdings Inc,0.032060904439,17812432.68,430564.0,41.37,US78781P1057,78781P105
2022-02-28,HLIT,identifier,Harmonic Inc,0.00788043902,4378223.01,470271.0,9.309999999999999,US4131601027,413160102
2022-02-28,UPLD,SEC company list,Upland Software Inc,0.00405096434,2250639.24,119334.0,18.860000000000003,US91544A1097,91544A109
2022-02-28,CDW,identifier,CDW Corp/DE,0.197571196448,109766823.42,636477.0,172.46,US12514G1085,12514G108
2022-02-28,FN,identifier,Fabrinet,0.030792103565,17107510.89,170853.0,100.13000000000001,KYG3323L1005,G3323L100
2022-02-28,KN,identifier,Knowles Corp,0.016847026643,9359889.66,429747.0,21.78,US49926D1090,49926D109
2022-02-28,HPQ,identifier,HP Inc,0.344063465192,191155159.8,5563305.0,34.36,US40434L1052,40434L105
2022-02-28,,,Momentive Global Inc,0.016630265815,9239461.44,587752.0,15.719999999999999,US60878Y1082,60878Y108
2022-02-28,PI,identifier,Impinj Inc,0.010346756683,5748462.5,83614.0,68.75,US4532041096,453204109
2022-02-28,CRWD,identifier,Crowdstrike Holdings Inc,0.307993249773,171115229.7,876570.0,195.20999999999998,US22788C1053,22788C105
2022-02-28,IBM,identifier,International Business Machines Corp,0.915933639384,508875422.46,4153746.0,122.50999999999999,US4592001014,459200101
2022-02-28,MAPS,identifier,WM Technology Inc,0.002517017569,1398407.4,239044.0,5.85,US92971A1097,92971A109
2022-02-28,EXTR,identifier,Extreme Networks Inc,0.012436073116,6909247.23,601327.0,11.49,US30226D1063,30226D106
2022-02-28,CNXC,identifier,Concentrix Corp,0.073831932912,41019626.79,205211.0,199.89,US20602D1019,20602D101
2022-02-28,GLW,identifier,Corning Inc,0.273175388682,151771084.0,3756710.0,40.4,US2193501051,219350105
2022-02-28,GPN,identifier,Global Payments Inc,0.32682620465,181578463.56,1361362.0,133.38,US37940X1028,37940X102
2022-02-28,NCNO,identifier,nCino Inc,0.010968020541,6093624.96,132672.0,45.93,US63947X1019,63947X101
2022-02-28,APPS,identifier,Digital Turbine Inc,0.036924761652,20514699.84,423158.0,48.48,US25400W1027,25400W102
2022-02-28,CNDT,identifier,Conduent Inc,0.006902118652,3834686.7,787410.0,4.87,US2067871036,206787103
2022-02-28,MU,identifier,Micron Technology Inc,0.834362361775,463555962.0,5216700.0,88.86,US5951121038,595112103
2022-02-28,PTC,identifier,PTC Inc,0.103677790473,57601421.28,517626.0,111.28,US69370C1009,69370C100
2022-02-28,MSI,identifier,Motorola Solutions Inc,0.311166809542,172878399.54,784278.0,220.42999999999998,US6200763075,620076307
2022-02-28,BDC,identifier,Belden Inc,0.021028920562,11683270.9,207334.0,56.35,US0774541066,077454106
2022-02-28,AMAT,identifier,Applied Materials Inc,1.01077100007,561565268.0,4184540.0,134.2,US0382221051,038222105
2022-02-28,AI,identifier,C3.ai Inc,0.007514910155,4175142.08,186224.0,22.42,US12468P1049,12468P104
2022-02-28,FICO,identifier,Fair Isaac Corp,0.111542506334,61970908.8,131520.0,471.19,US3032501047,303250104
2022-02-28,ALTR,manual table,Altair Engineering Inc,0.025791944901,14329517.22,215741.0,66.42,US0213691035,021369103
2022-02-28,NVDA,identifier,NVIDIA Corp,5.085316659374,2825305843.25,11586245.0,243.85,US67066G1040,67066G104
2022-02-28,APPF,identifier,Appfolio Inc,0.01613480962,8964195.34,79231.0,113.14,US03783C1009,03783C100
2022-02-28,,,Avid Technology Inc,0.009001625946,5001133.28,158968.0,31.46,US05367P1003,05367P100
2022-02-28,MASS,identifier,908 Devices Inc,0.002163559958,1202033.03,72281.0,16.63,US65443P1021,65443P102
2022-02-28,IDCC,identifier,InterDigital Inc,0.016456994228,9143195.02,141931.0,64.42,US45867G1013,45867G101
2022-02-28,EEFT,identifier,Euronet Worldwide Inc,0.056527672899,31405706.91,244917.0,128.23,US2987361092,298736109
2022-02-28,LFUS,identifier,Littelfuse Inc,0.052868390131,29372678.55,113755.0,258.21,US5370081045,537008104
2022-02-28,MA,identifier,Mastercard Inc,2.651441775257,1473090948.4,4082620.0,360.82000000000005,US57636Q1040,57636Q104
2022-02-28,FRSH,identifier,Freshworks Inc,0.00453778356,2521106.8,137615.0,18.32,US3580541049,358054104
2022-02-28,PAYX,identifier,Paychex Inc,0.321626370854,178689534.16,1500836.0,119.06,US7043261079,704326107
2022-02-28,XPER,"same company, other snapshot",Xperi Holding Corp,0.015107007817,8393168.08,484594.0,17.32,US98390M1036,98390M103
2022-02-28,PLTR,identifier,Palantir Technologies Inc,0.156781280068,87104716.65,7350609.0,11.850000000000001,US69608A1088,69608A108
2022-02-28,SPLK,manual table,Splunk Inc,0.16146430372,89706516.1,759581.0,118.1,US8486371045,848637104
2022-02-28,UCTT,identifier,Ultra Clean Holdings Inc,0.017189311233,9550056.51,208471.0,45.81,US90385V1070,90385V107
2022-02-28,,,Cantaloupe Inc,0.003463739347,1924388.13,247669.0,7.77,US1381031061,138103106
2022-02-28,WDAY,identifier,Workday Inc,0.365120426485,202854009.6,885632.0,229.04999999999998,US98138H1014,98138H101
2022-02-28,,,Mimecast Ltd,0.041571011951,23096068.71,290407.0,79.53,GB00BYT5JK65,G14838109
2022-02-28,SNX,identifier,TD SYNNEX Corp,0.037403453095,20780651.76,204072.0,101.83000000000001,US87162W1009,87162W100
2022-02-28,,,Plantronics Inc,0.00946292702,5257423.44,186632.0,28.17,US7274931085,727493108
2022-02-28,SLAB,identifier,Silicon Laboratories Inc,0.057393105051,31886524.66,207446.0,153.71,US8269191024,826919102
2022-02-28,DOCU,identifier,DocuSign Inc,0.192471495936,106933526.18,902926.0,118.43,US2561631068,256163106
2022-02-28,VERX,identifier,Vertex Inc,0.0032429471,1801720.13,129341.0,13.93,US92538J1060,92538J106
2022-02-28,VRNS,identifier,Varonis Systems Inc,0.038886464368,21604584.8,495518.0,43.6,US9222801022,922280102
2022-02-28,FSLR,identifier,First Solar Inc,0.060100023482,33390437.39,443491.0,75.29,US3364331070,336433107
2022-02-28,PDFS,identifier,PDF Solutions Inc,0.006801476244,3778771.68,138113.0,27.360000000000003,US6932821050,693282105
2022-02-28,,,Bottomline Technologies DE Inc,0.02143686903,11909919.36,210274.0,56.64,US1013881065,101388106
2022-02-28,ICHR,identifier,Ichor Holdings Ltd,0.008254030559,4585783.41,130167.0,35.230000000000004,KYG4740B1059,G4740B105
2022-02-28,AGYS,identifier,Agilysys Inc,0.008181679503,4545586.53,108151.0,42.03,US00847J1051,00847J105
2022-02-28,,,Mandiant Inc,0.03948267111,21935826.0,1107870.0,19.8,US5626621065,562662106
2022-02-28,CMRC,identifier,BigCommerce Holdings Inc,0.008456012933,4698001.0,181390.0,25.9,US08975P1084,08975P108
2022-02-28,NTAP,identifier,NetApp Inc,0.14648289715,81383129.7,1038315.0,78.38000000000001,US64110D1046,64110D104
2022-02-28,ZS,identifier,Zscaler Inc,0.1639787142,91103475.05,380947.0,239.15,US98980G1022,98980G102
2022-02-28,AEIS,identifier,Advanced Energy Industries Inc,0.027512028654,15285163.25,178045.0,85.85,US0079731008,007973100
2022-02-28,OLED,identifier,Universal Display Corp,0.057891913988,32163653.48,207628.0,154.91,US91347P1057,91347P105
2022-02-28,FIVN,identifier,Five9 Inc,0.062145778101,34527020.0,313882.0,110.0,US3383071012,338307101
2022-02-28,EVTC,identifier,EVERTEC Inc,0.020603115044,11446701.4,283615.0,40.36,PR30040P1032,30040P103
2022-02-28,,,Paya Holdings Inc,0.003785440568,2103119.25,326065.0,6.45,US70434P1030,70434P103
2022-02-28,ALKT,identifier,Alkami Technology Inc,0.002290724128,1272683.04,80754.0,15.76,US01644J1088,01644J108
2022-02-28,ONTO,identifier,Onto Innovation Inc,0.035248768672,19583549.81,227161.0,86.21,US6833441057,683344105
2022-02-28,HCKT,identifier,Hackett Group Inc/The,0.00444629924,2470279.84,119222.0,20.72,US4046091090,404609109
2022-02-28,U,identifier,Unity Software Inc,0.050162149243,27869142.25,261805.0,106.45,US91332U1016,91332U101
2022-02-28,,,National Instruments Corp,0.044565269636,24759621.7,616678.0,40.15,US6365181022,636518102
2022-02-28,FLEX,identifier,Flex Ltd,0.067192743163,37331018.42,2263858.0,16.490000000000002,SG9999000020,Y2573F102
2022-02-28,AVGO,identifier,Broadcom Inc,2.010332247403,1116902609.2,1901305.0,587.44,US11135F1012,11135F101
2022-02-28,JKHY,identifier,Jack Henry & Associates Inc,0.109172303332,60654068.8,343066.0,176.79999999999998,US4262811015,426281101
2022-02-28,COHR,"same company, other snapshot",Coherent Inc,0.05404899848,30028602.24,113607.0,264.32,US1924791031,192479103
2022-02-28,,,Zuora Inc,0.014083371527,7824455.1,515445.0,15.18,US98983V1061,98983V106
2022-02-28,MX,identifier,Magnachip Semiconductor Corp,0.006503379929,3613155.0,198525.0,18.2,US55933J2033,55933J203
2022-02-28,VISN,identifier,CommScope Holding Co Inc,0.016274031778,9041544.54,947751.0,9.54,US20337X1090,20337X109
2022-02-28,,,Avaya Holdings Corp,0.009663889632,5369074.47,389911.0,13.77,US05351X1019,05351X101
2022-02-28,CSCO,identifier,Cisco Systems Inc/Delaware,1.960544590216,1089241527.66,19530958.0,55.77,US17275R1023,17275R102
2022-02-28,NUAN,manual table,Nuance Communications Inc,0.138181848342,76771223.84,1382767.0,55.52,US67020Y1001,67020Y100
2022-02-28,SCSC,identifier,ScanSource Inc,0.007902828424,4390662.14,139033.0,31.58,US8060371072,806037107
2022-02-28,IIIV,identifier,I3 Verticals Inc,0.004861405078,2700904.8,102307.0,26.4,US46571Y1073,46571Y107
2022-02-28,DBX,identifier,Dropbox Inc,0.05961587784,33121455.22,1459738.0,22.689999999999998,US26210C1045,26210C104
2022-02-28,PD,identifier,PagerDuty Inc,0.018874648951,10486398.3,310065.0,33.82,US69553P1003,69553P100
2022-02-28,ANET,"same company, other snapshot",Arista Networks Inc,0.235439755859,130805879.46,1065802.0,122.72999999999999,US0404131064,040413106
2022-02-28,TDC,identifier,Teradata Corp,0.045747624427,25416515.68,508432.0,49.99,US88076W1036,88076W103
2022-02-28,INSG,SEC company list,Inseego Corp,0.003061044603,1700658.54,361074.0,4.71,US45782B1044,45782B104
2022-02-28,,,Perficient Inc,0.028038309422,15577554.9,152871.0,101.9,US71375U1016,71375U101
2022-02-28,SSNC,identifier,SS&C Technologies Holdings Inc,0.14353114136,79743189.96,1063668.0,74.97,US78467J1007,78467J100
2022-02-28,RNG,identifier,RingCentral Inc,0.084406680845,46894756.92,358413.0,130.84,US76680R2067,76680R206
2022-02-28,CTSH,identifier,Cognizant Technology Solutions Corp,0.377612901574,209794592.7,2435790.0,86.13,US1924461023,192446102
2022-02-28,GWRE,identifier,Guidewire Software Inc,0.058060395096,32257258.4,365936.0,88.14999999999999,US40171V1008,40171V100
2022-02-28,NTGR,identifier,NETGEAR Inc,0.006794402029,3774841.38,141858.0,26.61,US64111Q1040,64111Q104
2022-02-28,PAY,identifier,Paymentus Holdings Inc,0.002265801466,1258836.48,54637.0,23.04,US70439P1084,70439P108
2022-02-28,MXL,identifier,MaxLinear Inc,0.037136674205,20632434.45,336307.0,61.349999999999994,US57776J1007,57776J100
2022-02-28,,,Everbridge Inc,0.012655223784,7031003.2,177910.0,39.52,US29978A1043,29978A104
2022-02-28,CRSR,identifier,Corsair Gaming Inc,0.005462452446,3034835.36,131492.0,23.08,US22041X1028,22041X102
2022-02-28,AKAM,identifier,Akamai Technologies Inc,0.147049984075,81698192.48,754648.0,108.26,US00971T1016,00971T101
2022-02-28,ENTG,identifier,Entegris Inc,0.147525855695,81962577.76,628162.0,130.48000000000002,US29362U1043,29362U104
2022-02-28,SPSC,identifier,SPS Commerce Inc,0.038814924767,21564838.75,166075.0,129.85,US78463M1071,78463M107
2022-02-28,AMBA,identifier,Ambarella Inc,0.042241583354,23468625.51,167981.0,139.71,KYG037AX1015,G037AX101
2022-02-28,VIAV,identifier,Viavi Solutions Inc,0.031335101712,17409190.4,1061536.0,16.4,US9255501051,925550105
2022-02-28,GDYN,identifier,Grid Dynamics Holdings Inc,0.00408462515,2269340.55,186777.0,12.149999999999999,US39813G1094,39813G109
2022-05-31,EXLS,identifier,ExlService Holdings Inc,0.044880683888,22639918.37,159223.0,142.19,US3020811044,302081104
2022-05-31,OSIS,identifier,OSI Systems Inc,0.014195537137,7160893.6,85330.0,83.92,US6710441055,671044105
2022-05-31,MVIS,SEC company list,MicroVision Inc,0.005460758752,2754662.4,765184.0,3.6,US5949603048,594960304
2022-05-31,,,II-VI Inc,0.064775162724,32675625.0,522810.0,62.5,US9021041085,902104108
2022-05-31,TER,identifier,Teradyne Inc,0.169053759663,85278631.86,780511.0,109.26,US8807701029,880770102
2022-05-31,SNPS,identifier,Synopsys Inc,0.456758493096,230410370.4,721837.0,319.2,US8716071076,871607107
2022-05-31,ZEN,manual table,Zendesk Inc,0.105003825197,52968845.95,579211.0,91.45,US98936J1016,98936J101
2022-05-31,IT,identifier,Gartner Inc,0.205455110467,103641177.6,394974.0,262.4,US3666511072,366651107
2022-05-31,WK,identifier,Workiva Inc,0.029764010429,15014360.48,205648.0,73.01,US98139A1051,98139A105
2022-05-31,ACLS,identifier,Axcelis Technologies Inc,0.021760812666,10977172.8,176880.0,62.06,US0545402085,054540208
2022-05-31,RMNI,identifier,Rimini Street Inc,0.004687322777,2364505.08,382606.0,6.180000000000001,US76674Q1076,76674Q107
2022-05-31,AZPN,manual table,Aspentech Corp,0.051648143666,26053741.95,134651.62,193.489999971779,US0453271035,045327103
2022-05-31,BHE,identifier,Benchmark Electronics Inc,0.011076509382,5587509.96,219204.0,25.49,US08160H1014,08160H101
2022-05-31,MTSI,identifier,MACOM Technology Solutions Holdings Inc,0.02598818036,13109655.0,240500.0,54.51,US55405Y1001,55405Y100
2022-05-31,CVLT,identifier,CommVault Systems Inc,0.024576015671,12397293.01,203201.0,61.01,US2041661024,204166102
2022-05-31,DMRC,SEC company list,Digimarc Corp,0.004024245074,2030017.64,117614.0,17.259999999999998,US25381B1017,25381B101
2022-05-31,ARW,identifier,Arrow Electronics Inc,0.080512049545,40614047.55,336627.0,120.64999999999999,US0427351004,042735100
2022-05-31,ALGM,identifier,Allegro MicroSystems Inc,0.015924314803,8032970.0,311960.0,25.75,US01749D1054,01749D105
2022-05-31,,,ON24 Inc,0.004956337535,2500208.72,205948.0,12.14,US68339B1044,68339B104
2022-05-31,MDB,identifier,MongoDB Inc,0.13397402236,67582769.85,284979.0,237.14999999999998,US60937P1066,60937P106
2022-05-31,,,Verint Systems Inc,0.031210025921,15743798.4,308460.0,51.04,US92343X1000,92343X100
2022-05-31,BFH,identifier,Bread Financial Holdings Inc,0.027374206337,13808831.4,250614.0,55.1,US0185811082,018581108
2022-05-31,NSSC,identifier,Napco Security Technologies Inc,0.007221244795,3642733.99,185759.0,19.61,US6304021057,630402105
2022-05-31,GDDY,identifier,GoDaddy Inc,0.118988734484,60023489.0,799780.0,75.05,US3802371076,380237107
2022-05-31,INDI,identifier,indie Semiconductor Inc,0.00482274044,2432816.09,316361.0,7.6899999999999995,US45569U1016,45569U101
2022-05-31,CGNX,identifier,Cognex Corp,0.081536933254,41131046.88,849464.0,48.42,US1924221039,192422103
2022-05-31,AAPL,identifier,Apple Inc,21.76972751104,10981669865.24,73781711.0,148.84,US0378331005,037833100
2022-05-31,,,SolarWinds Corp,0.007081673393,3572327.64,306901.0,11.64,US83417Q2049,83417Q204
2022-05-31,SNOW,identifier,Snowflake Inc,0.254837262457,128551847.25,1007065.0,127.65,US8334451098,833445109
2022-05-31,JBL,identifier,Jabil Inc,0.080816044581,40767396.88,662669.0,61.52,US4663131039,466313103
2022-05-31,CXM,identifier,Sprinklr Inc,0.01410035989,7112881.74,561839.0,12.66,US85208T1079,85208T107
2022-05-31,,,Olo Inc,0.007119151298,3591233.25,337205.0,10.65,US68134L1098,68134L109
2022-05-31,ADI,identifier,Analog Devices Inc,0.844651248785,426081638.4,2530176.0,168.39999999999998,US0326541051,032654105
2022-05-31,QTWO,identifier,Q2 Holdings Inc,0.029678882526,14971417.98,283926.0,52.730000000000004,US74736L1098,74736L109
2022-05-31,CALX,identifier,Calix Inc,0.022416339364,11307851.16,306114.0,36.94,US13100M5094,13100M509
2022-05-31,TTMI,identifier,TTM Technologies Inc,0.014781440224,7456450.55,521795.0,14.29,US87305R1095,87305R109
2022-05-31,,,Ping Identity Holding Corp,0.014048770032,7086857.4,374966.0,18.900000000000002,US72341T1034,72341T103
2022-05-31,KD,identifier,Kyndryl Holdings Inc,0.020597007337,10390094.9,841985.0,12.34,US50155Q1004,50155Q100
2022-05-31,,,American Software Inc/GA,0.006647465603,3353292.9,196099.0,17.099999999999998,US0296831094,029683109
2022-05-31,RBBN,identifier,Ribbon Communications Inc,0.004950519974,2497274.07,882429.0,2.8299999999999996,US7625441040,762544104
2022-05-31,AMD,identifier,Advanced Micro Devices Inc,1.561363207824,787624708.64,7732424.0,101.86,US0079031078,007903107
2022-05-31,NSIT,identifier,Insight Enterprises Inc,0.032759785669,16525569.78,167229.0,98.82,US45765U1034,45765U103
2022-05-31,SEDG,identifier,SolarEdge Technologies Inc,0.13602813521,68618960.55,251545.0,272.78999999999996,US83417M1045,83417M104
2022-05-31,APH,identifier,Amphenol Corp,0.394868485388,199190152.68,2811038.0,70.86,US0320951017,032095101
2022-05-31,VECO,identifier,Veeco Instruments Inc,0.012023178741,6065054.31,283017.0,21.43,US9224171002,922417100
2022-05-31,PRGS,identifier,Progress Software Corp,0.021203478279,10696027.24,221404.0,48.31,US7433121008,743312100
2022-05-31,MSFT,identifier,Microsoft Corp,18.08009460595,9120446270.82,33547086.0,271.87,US5949181045,594918104
2022-05-31,IPGP,identifier,IPG Photonics Corp,0.033078626849,16686408.2,158180.0,105.49,US44980X1090,44980X109
2022-05-31,NOW,identifier,ServiceNow Inc,0.87219266246,439974817.01,941183.0,467.46999999999997,US81762P1021,81762P102
2022-05-31,,,SMART Global Holdings Inc,0.012516923233,6314122.15,256151.0,24.650000000000002,KYG8232Y1017,G8232Y101
2022-05-31,LRCX,"same company, other snapshot",Lam Research Corp,0.691304578114,348726397.67,670589.0,520.03,US5128071082,512807108
2022-05-31,,,Model N Inc,0.010320926943,5206358.8,206930.0,25.16,US6075251024,607525102
2022-05-31,LITE,identifier,Lumentum Holdings Inc,0.060685374487,30612544.32,355629.0,86.08,US55024U1097,55024U109
2022-05-31,,,BTRS Holdings Inc,0.005857553084,2954824.04,594532.0,4.97,US11778X1046,11778X104
2022-05-31,DDD,identifier,3D Systems Corp,0.014930258744,7531521.58,696718.0,10.81,US88554D2053,88554D205
2022-05-31,V,identifier,Visa Inc,3.138642653129,1583278312.7,7462310.0,212.17000000000002,US92826C8394,92826C839
2022-05-31,ESTC,identifier,Elastic NV,0.040601140684,20481116.4,332216.0,61.65,NL0013056914,N14506104
2022-05-31,EPAM,identifier,EPAM Systems Inc,0.179048647364,90320521.2,266810.0,338.52000000000004,US29414B1044,29414B104
2022-05-31,NET,identifier,Cloudflare Inc,0.137872657583,69549424.0,1241954.0,56.0,US18915M1071,18915M107
2022-05-31,TRMB,identifier,Trimble Inc,0.16258123587,82013587.8,1205196.0,68.05,US8962391004,896239100
2022-05-31,PLUS,identifier,ePlus Inc,0.016440812417,8293515.58,146167.0,56.74,US2942681071,294268107
2022-05-31,,,Black Knight Inc,0.10099611358,50947168.56,750216.0,67.91,US09215C1053,09215C105
2022-05-31,ADBE,identifier,Adobe Inc,1.856635695579,936573976.8,2248785.0,416.47999999999996,US00724F1012,00724F101
2022-05-31,,,Casa Systems Inc,0.003018064011,1522452.8,346012.0,4.4,US14713L1026,14713L102
2022-05-31,AFRM,identifier,Affirm Holdings Inc,0.046089612368,23249758.5,815781.0,28.5,US00827B1061,00827B106
2022-05-31,ON,identifier,ON Semiconductor Corp,0.246499362437,124345820.08,2049206.0,60.68,US6821891057,682189105
2022-05-31,,,LivePerson Inc,0.012635491112,6373933.34,379853.0,16.78,US5381461012,538146101
2022-05-31,TLS,identifier,Telos Corp,0.002059681841,1038999.96,107892.0,9.629999999999999,US87969B1017,87969B101
2022-05-31,,,ChannelAdvisor Corp,0.006160763161,3107777.4,227676.0,13.65,US1591791009,159179100
2022-05-31,INTU,identifier,Intuit Inc,1.059268497055,534344627.3,1289255.0,414.46000000000004,US4612021034,461202103
2022-05-31,AEVA,"same company, other snapshot",Aeva Technologies Inc,0.003091923035,1559710.75,479911.0,3.25,US00835Q1031,00835Q103
2022-05-31,OSPN,identifier,OneSpan Inc,0.007046497911,3554583.48,268676.0,13.23,US68287N1000,68287N100
2022-05-31,,,CSG Systems International Inc,0.019227180708,9699090.21,155959.0,62.190000000000005,US1263491094,126349109
2022-05-31,AOSL,identifier,Alpha & Omega Semiconductor Ltd,0.01099315007,5545459.62,126234.0,43.93,BMG6331P1041,G6331P104
2022-05-31,MARA,identifier,Marathon Digital Holdings Inc,0.011031272463,5564690.34,543958.0,10.23,US5657881067,565788106
2022-05-31,DBD,"same company, other snapshot",Diebold Nixdorf Inc,0.002152698286,1085921.81,349171.0,3.1100000000000003,US2536511031,253651103
2022-05-31,SWKS,identifier,Skyworks Solutions Inc,0.170422496148,85969086.63,789649.0,108.86999999999999,US83088M1027,83088M102
2022-05-31,DLB,identifier,Dolby Laboratories Inc,0.048534924629,24483288.5,315425.0,77.62,US25659T1079,25659T107
2022-05-31,NXPI,identifier,NXP Semiconductors NV,0.474265684755,239241817.6,1260760.0,189.76,NL0009538784,N6596X109
2022-05-31,INTA,identifier,Intapp Inc,0.004509472117,2274788.88,114426.0,19.88,US45827U1097,45827U109
2022-05-31,,,SecureWorks Corp,0.003404750955,1717515.8,143605.0,11.96,US81374A1051,81374A105
2022-05-31,RIOT,identifier,Riot Blockchain Inc,0.007803917947,3936661.61,547519.0,7.1899999999999995,US7672921050,767292105
2022-05-31,MRVL,identifier,Marvell Technology Inc,0.459590128536,231838779.9,3919506.0,59.15,US5738741041,573874104
2022-05-31,TWLO,identifier,Twilio Inc,0.166933747221,84209198.32,800696.0,105.16999999999999,US90138F1021,90138F102
2022-05-31,ADSK,identifier,Autodesk Inc,0.428948280443,216381597.0,1041548.0,207.75,US0527691069,052769106
2022-05-31,KEYS,identifier,Keysight Technologies Inc,0.252743218837,127495513.6,875656.0,145.6,US49338L1035,49338L103
2022-05-31,WEX,identifier,WEX Inc,0.074111845267,37385484.84,219553.0,170.28000000000003,US96208T1043,96208T104
2022-05-31,ARLO,identifier,Arlo Technologies Inc,0.008048598069,4060089.72,573459.0,7.08,US04206A1016,04206A101
2022-05-31,CASS,identifier,Cass Information Systems Inc,0.006530018654,3294047.16,96543.0,34.120000000000005,US14808P1093,14808P109
2022-05-31,CTXS,manual table,Citrix Systems Inc,0.119058865504,60058866.37,596473.0,100.69,US1773761002,177376100
2022-05-31,WDC,identifier,Western Digital Corp,0.179591557713,90594390.6,1492740.0,60.69,US9581021055,958102105
2022-05-31,ADP,identifier,Automatic Data Processing Inc,0.882057755727,444951231.96,1995834.0,222.94,US0530151036,053015103
2022-05-31,GEN,identifier,NortonLifeLock Inc,0.134155282199,67674205.8,2780370.0,24.34,US6687711084,668771108
2022-05-31,CTS,identifier,CTS Corp,0.013186773265,6652025.87,163561.0,40.67,US1265011056,126501105
2022-05-31,PCTY,identifier,Paylocity Holding Corp,0.06476360202,32669793.24,186834.0,174.85999999999999,US70438V1061,70438V106
2022-05-31,S,identifier,SentinelOne Inc,0.024252134812,12233912.34,514246.0,23.79,US81730H1095,81730H109
2022-05-31,PATH,identifier,UiPath Inc,0.012315146087,6212336.31,363933.0,17.07,US90364P1057,90364P105
2022-05-31,PLXS,identifier,Plexus Corp,0.02476168874,12490955.2,147299.0,84.8,US7291321005,729132100
2022-05-31,SPT,identifier,Sprout Social Inc,0.021138632435,10663315.96,209372.0,50.93000000000001,US85209W1099,85209W109
2022-05-31,ORCL,identifier,Oracle Corp,1.126405033322,568211439.68,7900604.0,71.91999999999999,US68389X1054,68389X105
2022-05-31,DELL,identifier,Dell Technologies Inc,0.137403630305,69312824.68,1387922.0,49.940000000000005,US24703L2025,24703L202
2022-05-31,ACMR,identifier,ACM Research Inc,0.007828974443,3949301.28,260508.0,15.159999999999998,US00108J1097,00108J109
2022-05-31,INTC,identifier,Intel Corp,1.691606588644,853325568.22,19210391.0,44.42,US4581401001,458140100
2022-05-31,MPWR,identifier,Monolithic Power Systems Inc,0.186545400804,94102234.65,208935.0,450.39000000000004,US6098391054,609839105
2022-05-31,CMTL,identifier,Comtech Telecommunications Corp,0.005548428885,2798887.32,223732.0,12.51,US2058262096,205826209
2022-05-31,CMBMF,identifier,Cambium Networks Corp,0.001406516521,709512.79,49651.0,14.290000000000001,KYG177661090,G17766109
2022-05-31,YOU,identifier,Clear Secure Inc,0.009960546122,5024565.84,183111.0,27.439999999999998,US18467V1098,18467V109
2022-05-31,TYL,identifier,Tyler Technologies Inc,0.13773836997,69481683.04,195272.0,355.82000000000005,US9022521051,902252105
2022-05-31,,,Evo Payments Inc,0.0126948292,6403866.25,277825.0,23.05,US26927E1047,26927E104
2022-05-31,SABR,identifier,Sabre Corp,0.023465767721,11837231.96,1576196.0,7.510000000000001,US78573M1045,78573M104
2022-05-31,KE,identifier,Kimball Electronics Inc,0.00664496861,3352033.3,176330.0,19.009999999999998,US49428J1097,49428J109
2022-05-31,ZBRA,identifier,Zebra Technologies Corp,0.171599404305,86562774.21,255959.0,338.19,US9892071054,989207105
2022-05-31,RPAY,identifier,Repay Holdings Corp,0.013652734531,6887078.55,553179.0,12.45,US76029L1008,76029L100
2022-05-31,NTNX,identifier,Nutanix Inc,0.033624468725,16961756.4,1047022.0,16.2,US67059N1081,67059N108
2022-05-31,KLIC,identifier,Kulicke & Soffa Industries Inc,0.034393039054,17349459.26,320278.0,54.17,US5012421013,501242101
2022-05-31,CIEN,identifier,Ciena Corp,0.075756580338,38215166.22,751971.0,50.82,US1717793095,171779309
2022-05-31,DGII,identifier,Digi International Inc,0.007959073033,4014929.1,181671.0,22.1,US2537981027,253798102
2022-05-31,FFIV,identifier,F5 Inc,0.095124234069,47985117.6,294315.0,163.04,US3156161024,315616102
2022-05-31,LTCH,identifier,Latch Inc,0.000875330323,441557.6,200708.0,2.1999999999999997,US51818V1061,51818V106
2022-05-31,PAR,identifier,PAR Technology Corp,0.013946294414,7035163.9,187205.0,37.580000000000005,US6988841036,698884103
2022-05-31,SMCI,"same company, other snapshot",Super Micro Computer Inc,0.021619367627,10905821.3,217855.0,50.06,US86800U1043,86800U104
2022-05-31,AMKR,identifier,Amkor Technology Inc,0.023749934443,11980578.96,586134.0,20.44,US0316521006,031652100
2022-05-31,MANH,identifier,Manhattan Associates Inc,0.07318246891,36916663.89,305273.0,120.93,US5627501092,562750109
2022-05-31,APPN,identifier,Appian Corp,0.017797597631,8977941.57,187941.0,47.77,US03782L1017,03782L101
2022-05-31,MQ,SEC company list,Marqeta Inc,0.019642960371,9908828.94,946402.0,10.469999999999999,US57142B1044,57142B104
2022-05-31,REKR,identifier,Rekor Systems Inc,0.002481154612,1251610.56,468768.0,2.67,US7594191048,759419104
2022-05-31,SYNA,identifier,Synaptics Inc,0.056837095393,28671292.16,193568.0,148.12,US87157D1090,87157D109
2022-05-31,IMXI,identifier,International Money Express Inc,0.007828782114,3949204.26,191523.0,20.619999999999997,US46005L1017,46005L101
2022-05-31,VSAT,identifier,Viasat Inc,0.022587764708,11394326.13,288537.0,39.49,US92552V1008,92552V100
2022-05-31,,,LiveVox Holdings Inc,0.001876784565,946738.01,448691.0,2.11,US53838L1008,53838L100
2022-05-31,QRVO,identifier,Qorvo Inc,0.11776346559,59405406.0,531592.0,111.75,US74736K1016,74736K101
2022-05-31,,,Velodyne Lidar Inc,0.001449077341,730982.46,432534.0,1.69,US92259F1012,92259F101
2022-05-31,,,Avalara Inc,0.072103979373,36372623.27,429581.0,84.67,US05338G1067,05338G106
2022-05-31,RXT,identifier,Rackspace Technology Inc,0.006593018912,3325827.44,360328.0,9.23,US7501021056,750102105
2022-05-31,ANSS,manual table,ANSYS Inc,0.214539126933,108223580.84,415669.0,260.36,US03662Q1058,03662Q105
2022-05-31,DDOG,identifier,Datadog Inc,0.196745927187,99247857.77,1040443.0,95.39,US23804L1035,23804L103
2022-05-31,SANM,identifier,Sanmina Corp,0.028456073039,14354575.62,327058.0,43.89,US8010561020,801056102
2022-05-31,OUST,"same company, other snapshot",Ouster Inc,0.00141772129,715165.0,325075.0,2.2,US68989M1036,68989M103
2022-05-31,PRO,identifier,PROS Holdings Inc,0.014234979967,7180790.41,263129.0,27.29,US74346Y1038,74346Y103
2022-05-31,TEL,"same company, other snapshot",TE Connectivity Ltd,0.397478477863,200506755.09,1549631.0,129.39000000000001,CH0102993182,H84989104
2022-05-31,VNT,identifier,Vontier Corp,0.045294743489,22848789.42,851931.0,26.820000000000004,US9288811014,928881101
2022-05-31,VYX,identifier,NCR Corp,0.044530907554,22463474.81,647549.0,34.69,US62886E1082,62886E108
2022-05-31,DXC,identifier,DXC Technology Co,0.086066297141,43415870.1,1232705.0,35.22,US23355L1061,23355L106
2022-05-31,HUBS,identifier,HubSpot Inc,0.143817550875,72548306.53,214837.0,337.69,US4435731009,443573100
2022-05-31,TCX,identifier,Tucows Inc,0.006145620872,3100138.92,64026.0,48.42,US8986972060,898697206
2022-05-31,MCHP,identifier,Microchip Technology Inc,0.379083880792,191227659.05,2632177.0,72.65,US5950171042,595017104
2022-05-31,NTCT,identifier,NetScout Systems Inc,0.025149903338,12686788.82,369554.0,34.33,US64115T1043,64115T104
2022-05-31,QLYS,identifier,Qualys Inc,0.04220489316,21290124.24,162918.0,130.67999999999998,US74758T3032,74758T303
2022-05-31,AEHR,identifier,Aehr Test Systems,0.001920027993,968552.02,115579.0,8.38,US00760J1088,00760J108
2022-05-31,,,Anaplan Inc,0.083348871955,42045073.6,640931.0,65.60000000000001,US03272L1089,03272L108
2022-05-31,,,Ceridian HCM Holding Inc,0.075102184264,37885058.2,672914.0,56.300000000000004,US15677J1088,15677J108
2022-05-31,FROG,identifier,JFrog Ltd,0.009007735006,4543923.3,243642.0,18.65,IL0011684185,M6191J100
2022-05-31,CLSK,identifier,Cleanspark Inc,0.003783763571,1908707.51,324059.0,5.89,US18452B2097,18452B209
2022-05-31,MKSI,identifier,MKS Instruments Inc,0.067090215467,33843446.0,274036.0,123.5,US55306N1046,55306N104
2022-05-31,P,identifier,Pure Storage Inc,0.061196595608,30870428.19,1300903.0,23.73,US74624M1027,74624M102
2022-05-31,,,Infinera Corp,0.01153882398,5820723.09,1015833.0,5.7299999999999995,US45667G1031,45667G103
2022-05-31,DOCN,identifier,DigitalOcean Holdings Inc,0.014716391246,7423636.8,151968.0,48.85,US25402D1028,25402D102
2022-05-31,SMTC,identifier,Semtech Corp,0.040278935225,20318580.88,317032.0,64.09,US8168501018,816850101
2022-05-31,,,Qualtrics International Inc,0.015873614117,8007394.2,563901.0,14.200000000000001,US7476012015,747601201
2022-05-31,TTD,identifier,Trade Desk Inc/The,0.213896563583,107899441.8,2072996.0,52.05,US88339J1051,88339J105
2022-05-31,RMBS,identifier,Rambus Inc,0.026236469564,13234903.7,527287.0,25.099999999999998,US7509171069,750917106
2022-05-31,STX,identifier,Seagate Technology Holdings PLC,0.162793682128,82120755.64,969892.0,84.67,IE00BKVD2N49,G7997R103
2022-05-31,DT,identifier,Dynatrace Inc,0.069688109442,35153945.36,933208.0,37.67,US2681501092,268150109
2022-05-31,JNPR,manual table,Juniper Networks Inc,0.093901218416,47368171.24,1543943.0,30.68,US48203R1041,48203R104
2022-05-31,SITM,identifier,SiTime Corp,0.028437758681,14345337.0,67349.0,213.0,US82982T1060,82982T106
2022-05-31,PYPL,identifier,PayPal Holdings Inc,0.890071818045,448993900.23,5269263.0,85.21000000000001,US70450Y1038,70450Y103
2022-05-31,,,Vonage Holdings Corp,0.045621254774,23013497.0,1188100.0,19.37,US92886T2015,92886T201
2022-05-31,WU,identifier,Western Union Co/The,0.071389341806,36012126.62,1985233.0,18.139999999999997,US9598021098,959802109
2022-05-31,ACIW,identifier,ACI Worldwide Inc,0.02840112806,14326858.8,537795.0,26.64,US0044981019,004498101
2022-05-31,SPWRW,SEC company list,SunPower Corp,0.016247079747,8195787.75,463825.0,17.67,US8676524064,867652406
2022-05-31,NABL,identifier,N-able Inc,0.006904216353,3482810.0,348281.0,10.0,US62878D1000,62878D100
2022-05-31,WOLF,SEC company list,Wolfspeed Inc,0.083999085606,42373071.81,563247.0,75.23,US9778521024,977852102
2022-05-31,VRRM,identifier,Verra Mobility Corp,0.022172236409,11184714.2,701236.0,15.95,US92511U1025,92511U102
2022-05-31,BL,identifier,Blackline Inc,0.039336856379,19843352.2,271010.0,73.22,US09239B1098,09239B109
2022-05-31,,,Ebix Inc,0.009660790958,4873355.3,167182.0,29.15,US2787152063,278715206
2022-05-31,ATEN,identifier,A10 Networks Inc,0.010996721031,5547260.98,359978.0,15.410000000000002,US0021211018,002121101
2022-05-31,VMW,manual table,VMware Inc,0.252418138982,127331528.1,994001.0,128.1,US9285634021,928563402
2022-05-31,CDNS,identifier,Cadence Design Systems Inc,0.40013570037,201847182.54,1312998.0,153.73,US1273871087,127387108
2022-05-31,ROP,identifier,Roper Technologies Inc,0.434699928688,219282997.68,495622.0,442.44,US7766961061,776696106
2022-05-31,LSCC,identifier,Lattice Semiconductor Corp,0.069357858853,34987351.5,672575.0,52.02,US5184151042,518415104
2022-05-31,FORM,identifier,FormFactor Inc,0.031871453816,16077453.6,391560.0,41.06,US3463751087,346375108
2022-05-31,CDK,identifier,CDK Global Inc,0.062419250688,31487192.66,578171.0,54.46,US12508E1010,12508E101
2022-05-31,ZM,identifier,Zoom Video Communications Inc,0.217961392241,109949931.7,1023266.0,107.45,US98980L1017,98980L101
2022-05-31,CPAY,manual table,FleetCor Technologies Inc,0.183117816421,92373200.6,371260.0,248.80999999999997,US3390411052,339041105
2022-05-31,TASK,identifier,TaskUS Inc,0.007769658062,3919379.32,159454.0,24.58,US87652V1098,87652V109
2022-05-31,MMS,identifier,Maximus Inc,0.039898629033,20126736.63,310167.0,64.89,US5779331041,577933104
2022-05-31,BMI,identifier,Badger Meter Inc,0.023549495119,11879467.98,150107.0,79.14,US0565251081,056525108
2022-05-31,HPE,identifier,Hewlett Packard Enterprise Co,0.191817843472,96761901.6,6202686.0,15.6,US42824C1099,42824C109
2022-05-31,CEVA,identifier,CEVA Inc,0.010492578476,5292947.87,146741.0,36.07,US1572101053,157210105
2022-05-31,FISV,identifier,Fiserv Inc,0.559850753372,282414933.5,2819075.0,100.18,US3377381088,337738108
2022-05-31,BSY,identifier,Bentley Systems Inc,0.05880615242,29664576.72,862844.0,34.379999999999995,US08265T2087,08265T208
2022-05-31,FIS,identifier,Fidelity National Information Services Inc,0.603871487607,304621053.0,2915034.0,104.5,US31620M1062,31620M106
2022-05-31,FTNT,identifier,Fortinet Inc,0.383729607014,193571180.88,658092.0,294.14,US34959E1091,34959E109
2022-05-31,ASAN,identifier,Asana Inc,0.015175688698,7655327.94,352131.0,21.740000000000002,US04342Y1047,04342Y104
2022-05-31,CRNC,identifier,Cerence Inc,0.011583202156,5843109.52,183977.0,31.759999999999998,US1567271093,156727109
2022-05-31,ITRI,identifier,Itron Inc,0.026843507663,13541122.14,262374.0,51.61,US4657411066,465741106
2022-05-31,RPD,identifier,Rapid7 Inc,0.036991015316,18660000.13,263299.0,70.86999999999999,US7534221046,753422104
2022-05-31,,,Envestnet Inc,0.035302813443,17808392.06,267313.0,66.61999999999999,US29404K1060,29404K106
2022-05-31,ENPH,identifier,Enphase Energy Inc,0.22542880796,113716845.83,610757.0,186.19,US29355A1079,29355A107
2022-05-31,PAYO,identifier,Payoneer Global Inc,0.009050394329,4565442.66,911266.0,5.01,US70451X1046,70451X104
2022-05-31,VRSN,identifier,VeriSign Inc,0.164498451039,82980720.9,475398.0,174.55,US92343E1029,92343E102
2022-05-31,HUCK,identifier,Domo Inc,0.011574133926,5838535.08,183141.0,31.88,US2575541055,257554105
2022-05-31,AMPL,identifier,Amplitude Inc,0.007112336209,3587795.4,190435.0,18.84,US03213A1043,03213A104
2022-05-31,MEI,identifier,Methode Electronics Inc,0.018216407545,9189208.9,203978.0,45.050000000000004,US5915202007,591520200
2022-05-31,DIOD,identifier,Diodes Inc,0.034074677984,17188863.03,223203.0,77.01,US2545431015,254543101
2022-05-31,,,New Relic Inc,0.02758686804,13916107.92,296972.0,46.86,US64829B1008,64829B100
2022-05-31,UIS,identifier,Unisys Corp,0.009202275115,4642058.44,389108.0,11.930000000000001,US9092143067,909214306
2022-05-31,EGHT,identifier,8x8 Inc,0.007191320947,3627639.0,500364.0,7.25,US2829141009,282914100
2022-05-31,QCOM,identifier,QUALCOMM Inc,1.511214606065,762327405.84,5322772.0,143.22,US7475251036,747525103
2022-05-31,,,Switch Inc,0.036646729512,18486326.25,547743.0,33.75,US87105L1044,87105L104
2022-05-31,FSLY,identifier,Fastly Inc,0.012850340538,6482313.45,496729.0,13.05,US31188V1008,31188V100
2022-05-31,NOVT,identifier,Novanta Inc,0.04327551384,21830195.44,177539.0,122.96000000000001,CA67000B1040,67000B104
2022-05-31,TXN,identifier,Texas Instruments Inc,1.526399579984,769987417.68,4356118.0,176.76,US8825081040,882508104
2022-05-31,ROG,identifier,Rogers Corp,0.046441397991,23427215.64,88278.0,265.38,US7751331015,775133101
2022-05-31,BILL,identifier,Bill.com Holdings Inc,0.086970761596,43872124.32,371043.0,118.24,US0900431000,090043100
2022-05-31,,,Meta Materials Inc,0.003382517412,1706300.16,888698.0,1.92,US59134N1046,59134N104
2022-05-31,BR,identifier,Broadridge Financial Solutions Inc,0.161157803412,81295541.82,555981.0,146.22,US11133T1034,11133T103
2022-05-31,LASR,identifier,nLight Inc,0.007180008,3621932.22,295186.0,12.270000000000001,US65487K1007,65487K100
2022-05-31,POWI,identifier,Power Integrations Inc,0.049549914153,24995296.74,296223.0,84.38,US7392761034,739276103
2022-05-31,BOX,identifier,Box Inc,0.038754067913,19549366.41,748731.0,26.11,US10316T1043,10316T104
2022-05-31,YEXT,identifier,Yext Inc,0.00676690071,3413541.56,671957.0,5.08,US98585N1063,98585N106
2022-05-31,CRM,identifier,Salesforce Inc,1.469942287082,741507715.68,4627482.0,160.23999999999998,US79466L3024,79466L302
2022-05-31,RAMP,identifier,LiveRamp Holdings Inc,0.018366142852,9264742.4,361904.0,25.6,US53815P1084,53815P108
2022-05-31,XRX,identifier,Xerox Holdings Corp,0.029638823319,14951210.24,794432.0,18.82,US98421M1062,98421M106
2022-05-31,,,E2open Parent Holdings Inc,0.014164011277,7144990.48,884281.0,8.08,US29788T1034,29788T103
2022-05-31,CCMP,identifier,CMC Materials Inc,0.047207096659,23813469.9,134585.0,176.94,US12571T1007,12571T100
2022-05-31,,,Alteryx Inc,0.033261799179,16778808.9,301506.0,55.65,US02156B1035,02156B103
2022-05-31,ADTN,"same company, other snapshot",ADTRAN Inc,0.011547666062,5825183.45,314365.0,18.53,US00738A1060,00738A106
2022-05-31,,,FARO Technologies Inc,0.009126470693,4603819.14,142887.0,32.22,US3116421021,311642102
2022-05-31,OKTA,identifier,Okta Inc,0.116884659281,58962094.95,709959.0,83.05,US6792951054,679295105
2022-05-31,FOUR,identifier,Shift4 Payments Inc,0.02212136286,11159051.2,244448.0,45.65,US82452J1097,82452J109
2022-05-31,MSTR,identifier,MicroStrategy Inc,0.022751572401,11476958.4,43360.0,264.69,US5949724083,594972408
2022-05-31,TDY,identifier,Teledyne Technologies Inc,0.177902489684,89742345.6,221504.0,405.15,US8793601050,879360105
2022-05-31,CCSI,identifier,Consensus Cloud Solutions Inc,0.008406374096,4240568.7,88290.0,48.03,US20848V1052,20848V105
2022-05-31,XYZ,identifier,Block Inc,0.420785148319,212263730.94,2425594.0,87.51,US8522341036,852234103
2022-05-31,ACN,identifier,Accenture PLC,1.770744840557,893246607.92,2992852.0,298.46,IE00B4BNMY34,G1151C101
2022-05-31,CRUS,identifier,Cirrus Logic Inc,0.044781413226,22589841.6,277040.0,81.54,US1727551004,172755100
2022-05-31,CNXN,identifier,PC Connection Inc,0.004940510495,2492224.82,55742.0,44.709999999999994,US69318J1007,69318J100
2022-05-31,BLKB,identifier,Blackbaud Inc,0.028334743461,14293371.3,224562.0,63.650000000000006,US09227Q1004,09227Q100
2022-05-31,,,Jamf Holding Corp,0.010741676586,5418604.62,210513.0,25.740000000000002,US47074L1052,47074L105
2022-05-31,,,Duck Creek Technologies Inc,0.009305379045,4694068.89,252777.0,18.57,US2641201064,264120106
2022-05-31,TTEC,identifier,TTEC Holdings Inc,0.014466970466,7297817.28,108212.0,67.44,US89854H1023,89854H102
2022-05-31,PEGA,identifier,Pegasystems Inc,0.020963275954,10574857.94,213461.0,49.54,US7055731035,705573103
2022-05-31,PANW,identifier,Palo Alto Networks Inc,0.465236641893,234687145.62,466779.0,502.78000000000003,US6974351057,697435105
2022-05-31,AVT,identifier,Avnet Inc,0.047557847605,23990405.1,495158.0,48.45,US0538071038,053807103
2022-05-31,MITK,identifier,Mitek Systems Inc,0.005529011417,2789092.24,309212.0,9.020000000000001,US6067102003,606710200
2022-05-31,PAYC,identifier,Paycom Software Inc,0.138012724518,69620080.32,244848.0,284.34,US70432V1026,70432V102
2022-05-31,COHU,identifier,Cohu Inc,0.016785919894,8467603.95,278265.0,30.429999999999996,US1925761066,192576106
2022-05-31,TENB,identifier,Tenable Holdings Inc,0.0374765031,18904902.9,375843.0,50.3,US88025T1025,88025T102
2022-05-31,COUP,manual table,Coupa Software Inc,0.047803521469,24114334.5,350550.0,68.79,US22266L1061,22266L106
2022-05-31,ALRM,identifier,Alarm.com Holdings Inc,0.030630361728,15451388.64,244368.0,63.230000000000004,US0116421050,011642105
2022-05-31,,,Smartsheet Inc,0.041904155236,21138417.95,592943.0,35.65,US83200N1037,83200N103
2022-05-31,VSH,identifier,Vishay Intertechnology Inc,0.02857343205,14413777.0,705175.0,20.44,US9282981086,928298108
2022-05-31,KLAC,identifier,KLA Corp,0.521387640231,263012338.3,720878.0,364.85,US4824801009,482480100
2022-05-31,,,SkyWater Technology Inc,0.001109941534,559906.48,83944.0,6.67,US83089J1088,83089J108
2022-05-31,PLAB,identifier,Photronics Inc,0.014683524234,7407057.14,340711.0,21.74,US7194051022,719405102
2022-05-31,,,Sailpoint Technologies Holdings Inc,0.057997189449,29256497.92,461168.0,63.440000000000005,US78781P1057,78781P105
2022-05-31,HLIT,identifier,Harmonic Inc,0.011806860994,5955933.51,618477.0,9.629999999999999,US4131601027,413160102
2022-05-31,UPLD,SEC company list,Upland Software Inc,0.006568329452,3313372.92,251394.0,13.18,US91544A1097,91544A109
2022-05-31,CDW,identifier,CDW Corp/DE,0.218368704392,110155399.02,648507.0,169.85999999999999,US12514G1085,12514G108
2022-05-31,FN,identifier,Fabrinet,0.031767463014,16024995.77,184471.0,86.87,KYG3323L1005,G3323L100
2022-05-31,KN,identifier,Knowles Corp,0.017168069769,8660378.24,450592.0,19.22,US49926D1090,49926D109
2022-05-31,HPQ,identifier,HP Inc,0.436724731135,220304402.84,5672101.0,38.84,US40434L1052,40434L105
2022-05-31,,,Momentive Global Inc,0.016053700889,8098238.4,664880.0,12.18,US60878Y1082,60878Y108
2022-05-31,PI,identifier,Impinj Inc,0.010168909037,5129673.85,109585.0,46.809999999999995,US4532041096,453204109
2022-05-31,CRWD,identifier,Crowdstrike Holdings Inc,0.294712348613,148666707.75,929225.0,159.99,US22788C1053,22788C105
2022-05-31,IBM,identifier,International Business Machines Corp,1.167197209485,588788923.32,4240773.0,138.84,US4592001014,459200101
2022-05-31,MAPS,identifier,WM Technology Inc,0.005935735081,2994262.7,529958.0,5.65,US92971A1097,92971A109
2022-05-31,EXTR,identifier,Extreme Networks Inc,0.01401294124,7068783.68,712579.0,9.92,US30226D1063,30226D106
2022-05-31,CNXC,identifier,Concentrix Corp,0.066553224058,33572562.39,216751.0,154.89000000000001,US20602D1019,20602D101
2022-05-31,GLW,identifier,Corning Inc,0.273720419351,138077395.74,3854757.0,35.82,US2193501051,219350105
2022-05-31,GPN,identifier,Global Payments Inc,0.360808424505,182008663.2,1388955.0,131.04,US37940X1028,37940X102
2022-05-31,NCNO,identifier,nCino Inc,0.011972534295,6039506.88,184864.0,32.67,US63947X1019,63947X101
2022-05-31,APPS,identifier,Digital Turbine Inc,0.024099594927,12156964.08,478056.0,25.43,US25400W1027,25400W102
2022-05-31,CNDT,identifier,Conduent Inc,0.011273673752,5686968.9,1073013.0,5.300000000000001,US2067871036,206787103
2022-05-31,MU,identifier,Micron Technology Inc,0.778023804634,392471635.92,5315163.0,73.84,US5951121038,595112103
2022-05-31,PTC,identifier,PTC Inc,0.124567878084,62837870.26,539242.0,116.53,US69370C1009,69370C100
2022-05-31,MSI,identifier,Motorola Solutions Inc,0.346635989584,174859423.44,795756.0,219.74,US6200763075,620076307
2022-05-31,BDC,identifier,Belden Inc,0.027232104342,13737148.5,238575.0,57.58,US0774541066,077454106
2022-05-31,AMAT,identifier,Applied Materials Inc,0.993325955246,501080121.63,4272147.0,117.28999999999999,US0382221051,038222105
2022-05-31,AI,identifier,C3.ai Inc,0.012567467411,6339619.0,335075.0,18.92,US12468P1049,12468P104
2022-05-31,FICO,identifier,Fair Isaac Corp,0.108804834075,54886252.8,134016.0,409.54999999999995,US3032501047,303250104
2022-05-31,ALTR,manual table,Altair Engineering Inc,0.027940818054,14094656.88,256453.0,54.96,US0213691035,021369103
2022-05-31,NVDA,identifier,NVIDIA Corp,4.354819392047,2196774804.0,11765075.0,186.72,US67066G1040,67066G104
2022-05-31,APPF,identifier,Appfolio Inc,0.01827737972,9219966.12,92034.0,100.17999999999999,US03783C1009,03783C100
2022-05-31,,,Avid Technology Inc,0.011218062281,5658915.87,193203.0,29.29,US05367P1003,05367P100
2022-05-31,MASS,identifier,908 Devices Inc,0.004439664957,2239574.88,160889.0,13.92,US65443P1021,65443P102
2022-05-31,IDCC,identifier,InterDigital Inc,0.021003722754,10595261.2,162280.0,65.28999999999999,US45867G1013,45867G101
2022-05-31,EEFT,identifier,Euronet Worldwide Inc,0.062216033906,31384680.6,259035.0,121.16000000000001,US2987361092,298736109
2022-05-31,LFUS,identifier,Littelfuse Inc,0.06526620477,32923329.6,121848.0,270.2,US5370081045,537008104
2022-05-31,MA,identifier,Mastercard Inc,2.949145472703,1487687062.2,4157060.0,357.87,US57636Q1040,57636Q104
2022-05-31,FRSH,identifier,Freshworks Inc,0.005770486384,2910903.52,184702.0,15.76,US3580541049,358054104
2022-05-31,PAYX,identifier,Paychex Inc,0.375976465162,189660133.11,1531617.0,123.83000000000001,US7043261079,704326107
2022-05-31,XPER,"same company, other snapshot",Xperi Holding Corp,0.018185404475,9173569.5,557325.0,16.46,US98390M1036,98390M103
2022-05-31,PLTR,identifier,Palantir Technologies Inc,0.13242531971,66801531.72,7696029.0,8.68,US69608A1088,69608A108
2022-05-31,SPLK,manual table,Splunk Inc,0.157525385843,79463180.32,774797.0,102.55999999999999,US8486371045,848637104
2022-05-31,UCTT,identifier,Ultra Clean Holdings Inc,0.016730874746,8439836.6,251485.0,33.559999999999995,US90385V1070,90385V107
2022-05-31,,,Cantaloupe Inc,0.003266032745,1647539.84,314416.0,5.24,US1381031061,138103106
2022-05-31,WDAY,identifier,Workday Inc,0.284496297639,143513253.3,918191.0,156.3,US98138H1014,98138H101
2022-05-31,SNX,identifier,TD SYNNEX Corp,0.044153975434,22273332.6,214476.0,103.85000000000001,US87162W1009,87162W100
2022-05-31,,,Plantronics Inc,0.017647815956,8902384.68,225491.0,39.48,US7274931085,727493108
2022-05-31,SLAB,identifier,Silicon Laboratories Inc,0.062306072415,31430100.24,210714.0,149.16,US8269191024,826919102
2022-05-31,DOCU,identifier,DocuSign Inc,0.154484032142,77928979.11,928721.0,83.91,US2561631068,256163106
2022-05-31,VERX,identifier,Vertex Inc,0.004811464663,2427128.06,219451.0,11.06,US92538J1060,92538J106
2022-05-31,VRNS,identifier,Varonis Systems Inc,0.035098868438,17705512.65,535395.0,33.07,US9222801022,922280102
2022-05-31,FSLR,identifier,First Solar Inc,0.065328623956,32954816.76,466716.0,70.61,US3364331070,336433107
2022-05-31,PDFS,identifier,PDF Solutions Inc,0.007737688548,3903252.4,163316.0,23.9,US6932821050,693282105
2022-05-31,ICHR,identifier,Ichor Holdings Ltd,0.011085671973,5592132.0,184925.0,30.24,KYG4740B1059,G4740B105
2022-05-31,AGYS,identifier,Agilysys Inc,0.011930841991,6018475.33,147259.0,40.87,US00847J1051,00847J105
2022-05-31,,,Mandiant Inc,0.051972061555,26217141.3,1188986.0,22.05,US5626621065,562662106
2022-05-31,CMRC,identifier,BigCommerce Holdings Inc,0.008989081028,4534513.36,244712.0,18.53,US08975P1084,08975P108
2022-05-31,NTAP,identifier,NetApp Inc,0.151857176046,76603869.9,1064682.0,71.95,US64110D1046,64110D104
2022-05-31,ZS,identifier,Zscaler Inc,0.122032724122,61559019.9,402110.0,153.09,US98980G1022,98980G102
2022-05-31,AEIS,identifier,Advanced Energy Industries Inc,0.031603998469,15942536.6,195710.0,81.46,US0079731008,007973100
2022-05-31,OLED,identifier,Universal Display Corp,0.055031143547,27760285.49,219779.0,126.30999999999999,US91347P1057,91347P105
2022-05-31,FIVN,identifier,Five9 Inc,0.064055992587,32312841.91,334121.0,96.71,US3383071012,338307101
2022-05-31,EVTC,identifier,EVERTEC Inc,0.023643210726,11926742.52,314358.0,37.94,PR30040P1032,30040P103
2022-05-31,,,Paya Holdings Inc,0.006571597705,3315021.58,562822.0,5.890000000000001,US70434P1030,70434P103
2022-05-31,ALKT,identifier,Alkami Technology Inc,0.002429638954,1225623.65,87233.0,14.049999999999999,US01644J1088,01644J108
2022-05-31,ONTO,identifier,Onto Innovation Inc,0.039257778748,19803461.74,246373.0,80.38,US6833441057,683344105
2022-05-31,HCKT,identifier,Hackett Group Inc/The,0.00462903475,2335101.87,113963.0,20.490000000000002,US4046091090,404609109
2022-05-31,U,identifier,Unity Software Inc,0.023311028001,11759174.0,294200.0,39.97,US91332U1016,91332U101
2022-05-31,,,National Instruments Corp,0.045653234279,23029628.96,652028.0,35.32,US6365181022,636518102
2022-05-31,FLEX,identifier,Flex Ltd,0.078306060091,39501243.18,2314074.0,17.07,SG9999000020,Y2573F102
2022-05-31,AVGO,identifier,Broadcom Inc,2.23407061015,1126969820.08,1942616.0,580.13,US11135F1012,11135F101
2022-05-31,JKHY,identifier,Jack Henry & Associates Inc,0.131587123609,66378706.36,352853.0,188.12,US4262811015,426281101
2022-05-31,COHR,"same company, other snapshot",Coherent Inc,0.062452524007,31503977.28,116268.0,270.96000000000004,US1924791031,192479103
2022-05-31,,,Zuora Inc,0.013487923204,6803940.0,671000.0,10.14,US98983V1061,98983V106
2022-05-31,MX,identifier,Magnachip Semiconductor Corp,0.010965451174,5531487.0,283666.0,19.5,US55933J2033,55933J203
2022-05-31,VISN,identifier,CommScope Holding Co Inc,0.017841889376,9000284.4,1198440.0,7.510000000000001,US20337X1090,20337X109
2022-05-31,,,Avaya Holdings Corp,0.0036801627,1856446.38,503102.0,3.69,US05351X1019,05351X101
2022-05-31,CSCO,identifier,Cisco Systems Inc,1.779609719435,897718467.9,19927158.0,45.05,US17275R1023,17275R102
2022-05-31,SCSC,identifier,ScanSource Inc,0.011428775175,5765209.32,148818.0,38.74,US8060371072,806037107
2022-05-31,IIIV,identifier,I3 Verticals Inc,0.008004064296,4037624.8,173140.0,23.32,US46571Y1073,46571Y107
2022-05-31,DBX,identifier,Dropbox Inc,0.062353284448,31453916.2,1509305.0,20.84,US26210C1045,26210C104
2022-05-31,PD,identifier,PagerDuty Inc,0.018097499471,9129226.1,370354.0,24.65,US69553P1003,69553P100
2022-05-31,ANET,"same company, other snapshot",Arista Networks Inc,0.221896179997,111934822.88,1094396.0,102.28,US0404131064,040413106
2022-05-31,TDC,identifier,Teradata Corp,0.041070573793,20717920.44,539108.0,38.43,US88076W1036,88076W103
2022-05-31,INSG,SEC company list,Inseego Corp,0.002976852491,1501663.78,728963.0,2.06,US45782B1044,45782B104
2022-05-31,,,Perficient Inc,0.03257417996,16431941.57,167827.0,97.91,US71375U1016,71375U101
2022-05-31,SSNC,identifier,SS&C Technologies Holdings Inc,0.13816370959,69696244.26,1089174.0,63.99,US78467J1007,78467J100
2022-05-31,RNG,identifier,RingCentral Inc,0.047066601057,23742597.34,376031.0,63.14,US76680R2067,76680R206
2022-05-31,CTSH,identifier,Cognizant Technology Solutions Corp,0.367434799877,185351317.2,2481276.0,74.69999999999999,US1924461023,192446102
2022-05-31,GWRE,identifier,Guidewire Software Inc,0.061278369639,30911678.84,386686.0,79.94,US40171V1008,40171V100
2022-05-31,NTGR,identifier,NETGEAR Inc,0.007722879752,3895782.15,204503.0,19.05,US64111Q1040,64111Q104
2022-05-31,PAY,identifier,Paymentus Holdings Inc,0.004204505264,2120949.32,139628.0,15.19,US70439P1084,70439P108
2022-05-31,MXL,identifier,MaxLinear Inc,0.028472723456,14362974.87,362793.0,39.589999999999996,US57776J1007,57776J100
2022-05-31,,,Everbridge Inc,0.015161999703,7648422.57,185147.0,41.31,US29978A1043,29978A104
2022-05-31,CRSR,identifier,Corsair Gaming Inc,0.006634232692,3346617.6,208512.0,16.05,US22041X1028,22041X102
2022-05-31,AKAM,identifier,Akamai Technologies Inc,0.155457964593,78420276.24,776131.0,101.03999999999999,US00971T1016,00971T101
2022-05-31,ENTG,identifier,Entegris Inc,0.142836741585,72053540.4,649365.0,110.96000000000001,US29362U1043,29362U104
2022-05-31,SPSC,identifier,SPS Commerce Inc,0.037511661097,18922638.24,176781.0,107.03999999999999,US78463M1071,78463M107
2022-05-31,AMBA,identifier,Ambarella Inc,0.031795225643,16039000.54,188207.0,85.22,KYG037AX1015,G037AX101
2022-05-31,VIAV,identifier,Viavi Solutions Inc,0.034243157328,17273851.9,1193770.0,14.469999999999999,US9255501051,925550105
2022-05-31,GDYN,identifier,Grid Dynamics Holdings Inc,0.010135468485,5112804.87,283887.0,18.01,US39813G1094,39813G109
2022-08-31,EXLS,identifier,ExlService Holdings Inc,0.053661893095,27223190.33,162323.0,167.70999999999998,US3020811044,302081104
2022-08-31,OSIS,identifier,OSI Systems Inc,0.013463982863,6830406.96,81978.0,83.32,US6710441055,671044105
2022-08-31,MVIS,SEC company list,MicroVision Inc,0.007653457878,3882672.2,802205.0,4.84,US5949603048,594960304
2022-08-31,,,II-VI Inc,0.058634481443,29745831.84,629808.0,47.23,US9021041085,902104108
2022-08-31,VERI,identifier,Veritone Inc,0.002221605469,1127041.65,153339.0,7.35,US92347M1009,92347M100
2022-08-31,,,Clearwater Analytics Holdings Inc,0.003560906026,1806481.6,117304.0,15.4,US1851231068,185123106
2022-08-31,MIR,identifier,Mirion Technologies Inc,0.009413408202,4775511.79,630847.0,7.57,US60471A1016,60471A101
2022-08-31,TER,identifier,Teradyne Inc,0.133263031973,67605607.52,798743.0,84.64,US8807701029,880770102
2022-08-31,SNPS,identifier,Synopsys Inc,0.511931498212,259707733.14,750557.0,346.02,US8716071076,871607107
2022-08-31,ZEN,manual table,Zendesk Inc,0.09013261054,45725133.24,595612.0,76.77000000000001,US98936J1016,98936J101
2022-08-31,IT,identifier,Gartner Inc,0.22695702123,115137462.16,403538.0,285.32,US3666511072,366651107
2022-08-31,WK,identifier,Workiva Inc,0.029806133774,15120936.03,222727.0,67.89,US98139A1051,98139A105
2022-08-31,ACLS,identifier,Axcelis Technologies Inc,0.021418285941,10865700.8,162320.0,66.94,US0545402085,054540208
2022-08-31,RMNI,identifier,Rimini Street Inc,0.002533523494,1285280.64,255016.0,5.04,US76674Q1076,76674Q107
2022-08-31,BHE,identifier,Benchmark Electronics Inc,0.009315563718,4725874.35,172163.0,27.45,US08160H1014,08160H101
2022-08-31,MTSI,identifier,MACOM Technology Solutions Holdings Inc,0.02588000698,13129174.45,238063.0,55.15,US55405Y1001,55405Y100
2022-08-31,CVLT,identifier,CommVault Systems Inc,0.020954497147,10630416.32,195808.0,54.29,US2041661024,204166102
2022-08-31,DMRC,SEC company list,Digimarc Corp,0.002434230152,1234908.18,69299.0,17.82,US25381B1017,25381B101
2022-08-31,ARW,identifier,Arrow Electronics Inc,0.068337603298,34668318.13,330773.0,104.81,US0427351004,042735100
2022-08-31,ALGM,identifier,Allegro MicroSystems Inc,0.01490649987,7562209.6,324280.0,23.32,US01749D1054,01749D105
2022-08-31,,,ON24 Inc,0.002432842399,1234204.16,137746.0,8.959999999999999,US68339B1044,68339B104
2022-08-31,MDB,identifier,MongoDB Inc,0.208473393837,105760541.64,327574.0,322.86,US60937P1066,60937P106
2022-08-31,,,Verint Systems Inc,0.030639980442,15543954.4,320560.0,48.49,US92343X1000,92343X100
2022-08-31,BFH,identifier,Bread Financial Holdings Inc,3.8179293e-05,19368.72,504.0,38.43,US0185811082,018581108
2022-08-31,NSSC,identifier,Napco Security Technologies Inc,0.008916249229,4523298.3,152505.0,29.66,US6304021057,630402105
2022-08-31,GDDY,identifier,GoDaddy Inc,0.122091966603,61938419.48,816914.0,75.82,US3802371076,380237107
2022-08-31,LAW,identifier,CS Disco Inc,0.001921572377,974832.0,70640.0,13.8,US1263271058,126327105
2022-08-31,INDI,identifier,indie Semiconductor Inc,0.005517238069,2798947.51,328901.0,8.51,US45569U1016,45569U101
2022-08-31,CGNX,identifier,Cognex Corp,0.070529644766,35780361.68,849688.0,42.11,US1924221039,192422103
2022-08-31,AAPL,identifier,Apple Inc,24.78423425819,12573278493.86,79972513.0,157.22,US0378331005,037833100
2022-08-31,,,SolarWinds Corp,0.003479396106,1765130.84,194612.0,9.07,US83417Q2049,83417Q204
2022-08-31,SNOW,identifier,Snowflake Inc,0.37484658775,190163250.2,1050916.0,180.95,US8334451098,833445109
2022-08-31,JBL,identifier,Jabil Inc,0.079056532148,40106133.0,665110.0,60.3,US4663131039,466313103
2022-08-31,CXM,identifier,Sprinklr Inc,0.006199205709,3144916.2,265170.0,11.860000000000001,US85208T1079,85208T107
2022-08-31,,,Olo Inc,0.005396680865,2737787.69,350549.0,7.81,US68134L1098,68134L109
2022-08-31,ADI,identifier,Analog Devices Inc,0.76646243953,388833708.03,2566051.0,151.53,US0326541051,032654105
2022-08-31,QTWO,identifier,Q2 Holdings Inc,0.021748033101,11032984.68,277769.0,39.72,US74736L1098,74736L109
2022-08-31,CALX,identifier,Calix Inc,0.032840652144,16660376.15,283099.0,58.85,US13100M5094,13100M509
2022-08-31,TTMI,identifier,TTM Technologies Inc,0.015009542324,7614484.02,484074.0,15.729999999999999,US87305R1095,87305R109
2022-08-31,,,Ping Identity Holding Corp,0.019237236086,9759233.4,346810.0,28.14,US72341T1034,72341T103
2022-08-31,KD,identifier,Kyndryl Holdings Inc,0.017976472688,9119636.1,875205.0,10.42,US50155Q1004,50155Q100
2022-08-31,,,American Software Inc/GA,0.005169476444,2622524.72,154904.0,16.93,US0296831094,029683109
2022-08-31,RBBN,identifier,Ribbon Communications Inc,0.002522143223,1279507.32,364532.0,3.5100000000000002,US7625441040,762544104
2022-08-31,PCOR,identifier,Procore Technologies Inc,0.014216612588,7212223.2,132092.0,54.6,US74275K1088,74275K108
2022-08-31,AMD,identifier,Advanced Micro Devices Inc,1.340237886621,679915466.46,8011258.0,84.87,US0079031078,007903107
2022-08-31,NSIT,identifier,Insight Enterprises Inc,0.03057015814,15508532.88,170199.0,91.12,US45765U1034,45765U103
2022-08-31,SEDG,identifier,SolarEdge Technologies Inc,0.140436876203,71244967.14,258162.0,275.97,US83417M1045,83417M104
2022-08-31,APH,identifier,Amphenol Corp,0.42622291346,216226950.39,2940663.0,73.53,US0320951017,032095101
2022-08-31,VECO,identifier,Veeco Instruments Inc,0.010309608675,5230162.84,247406.0,21.14,US9224171002,922417100
2022-08-31,PRGS,identifier,Progress Software Corp,0.020454058895,10376539.22,215594.0,48.13,US7433121008,743312100
2022-08-31,MSFT,identifier,Microsoft Corp,17.98824981823,9125610750.19,34901177.0,261.47,US5949181045,594918104
2022-08-31,IPGP,identifier,IPG Photonics Corp,0.03205607847,16262354.44,179516.0,90.59,US44980X1090,44980X109
2022-08-31,NOW,identifier,ServiceNow Inc,0.83958986018,425931946.2,980010.0,434.62,US81762P1021,81762P102
2022-08-31,,,SMART Global Holdings Inc,0.008285956135,4203544.6,229076.0,18.349999999999998,KYG8232Y1017,G8232Y101
2022-08-31,LRCX,"same company, other snapshot",Lam Research Corp,0.590176427706,299402132.37,683707.0,437.91,US5128071082,512807108
2022-08-31,,,Model N Inc,0.009444462043,4791265.7,160243.0,29.900000000000002,US6075251024,607525102
2022-08-31,LITE,identifier,Lumentum Holdings Inc,0.058117294954,29483458.2,352884.0,83.55,US55024U1097,55024U109
2022-08-31,,,BTRS Holdings Inc,0.00499496374,2533992.76,374851.0,6.76,US11778X1046,11778X104
2022-08-31,DDD,identifier,3D Systems Corp,0.012519230474,6351125.06,626962.0,10.129999999999999,US88554D2053,88554D205
2022-08-31,V,identifier,Visa Inc,2.987280942012,1515476122.12,7626572.0,198.70999999999998,US92826C8394,92826C839
2022-08-31,ESTC,identifier,Elastic NV,0.060378998605,30630842.04,365044.0,83.91,NL0013056914,N14506104
2022-08-31,EPAM,identifier,EPAM Systems Inc,0.234583199196,119006295.0,279030.0,426.5,US29414B1044,29414B104
2022-08-31,NET,identifier,Cloudflare Inc,0.151461200355,76837711.96,1228028.0,62.56999999999999,US18915M1071,18915M107
2022-08-31,TRMB,identifier,Trimble Inc,0.15387988006,78064731.25,1234225.0,63.25,US8962391004,896239100
2022-08-31,PLUS,identifier,ePlus Inc,0.012201091888,6189730.32,131361.0,47.120000000000005,US2942681071,294268107
2022-08-31,,,Black Knight Inc,0.098996607924,50221923.68,759098.0,66.16,US09215C1053,09215C105
2022-08-31,SMRT,identifier,SmartRent Inc,0.002700701643,1370091.71,424177.0,3.23,US83193G1076,83193G107
2022-08-31,ADBE,identifier,Adobe Inc,1.701443235902,863158386.24,2311371.0,373.44,US00724F1012,00724F101
2022-08-31,,,Casa Systems Inc,0.001450639937,735923.48,189671.0,3.88,US14713L1026,14713L102
2022-08-31,AFRM,identifier,Affirm Holdings Inc,0.042879095664,21752974.32,928424.0,23.43,US00827B1061,00827B106
2022-08-31,ON,identifier,ON Semiconductor Corp,0.287568689656,145886339.82,2121366.0,68.77,US6821891057,682189105
2022-08-31,,,LivePerson Inc,0.007694476228,3903481.2,336507.0,11.600000000000001,US5381461012,538146101
2022-08-31,TLS,identifier,Telos Corp,0.002549850922,1293563.7,130663.0,9.9,US87969B1017,87969B101
2022-08-31,,,ChannelAdvisor Corp,0.003956105374,2006970.0,133000.0,15.09,US1591791009,159179100
2022-08-31,INTU,identifier,Intuit Inc,1.121957485104,569179736.26,1318217.0,431.78,US4612021034,461202103
2022-08-31,AEVA,"same company, other snapshot",Aeva Technologies Inc,0.003206138954,1626504.88,528086.0,3.0799999999999996,US00835Q1031,00835Q103
2022-08-31,AZPN,manual table,Aspentech Corp,0.056843752514,28837377.97,136929.62,210.59999998539396,US29109X1063,29109X106
2022-08-31,OSPN,identifier,OneSpan Inc,0.003550721711,1801315.0,156500.0,11.51,US68287N1000,68287N100
2022-08-31,,,CSG Systems International Inc,0.018082431862,9173390.2,158572.0,57.849999999999994,US1263491094,126349109
2022-08-31,AOSL,identifier,Alpha & Omega Semiconductor Ltd,0.008443465651,4283450.68,110798.0,38.66,BMG6331P1041,G6331P104
2022-08-31,MARA,identifier,Marathon Digital Holdings Inc,0.011118445247,5640493.35,475991.0,11.85,US5657881067,565788106
2022-08-31,DV,identifier,DoubleVerify Holdings Inc,0.010060265956,5103668.9,197434.0,25.85,US25862V1052,25862V105
2022-08-31,SWKS,identifier,Skyworks Solutions Inc,0.156577522506,79433271.0,806020.0,98.55,US83088M1027,83088M102
2022-08-31,DLB,identifier,Dolby Laboratories Inc,0.046294374467,23485577.84,320666.0,73.24,US25659T1079,25659T107
2022-08-31,NXPI,identifier,NXP Semiconductors NV,0.417573100674,211838817.84,1287148.0,164.58,NL0009538784,N6596X109
2022-08-31,INTA,identifier,Intapp Inc,0.001715917345,870501.24,60076.0,14.49,US45827U1097,45827U109
2022-08-31,,,SecureWorks Corp,0.001074031447,544866.4,52391.0,10.4,US81374A1051,81374A105
2022-08-31,RIOT,identifier,Riot Blockchain Inc,0.008043011424,4080296.43,569079.0,7.17,US7672921050,767292105
2022-08-31,MRVL,identifier,Marvell Technology Inc,0.38143268088,193504438.08,4132944.0,46.82,US5738741041,573874104
2022-08-31,TWLO,identifier,Twilio Inc,0.115902491758,58798439.84,845048.0,69.58,US90138F1021,90138F102
2022-08-31,BRZE,identifier,Braze Inc,0.007790934142,3952415.22,95979.0,41.18,US10576N1028,10576N102
2022-08-31,ADSK,identifier,Autodesk Inc,0.42912508149,217699247.92,1079108.0,201.73999999999998,US0527691069,052769106
2022-08-31,KEYS,identifier,Keysight Technologies Inc,0.289142655679,146684827.8,895020.0,163.89000000000001,US49338L1035,49338L103
2022-08-31,,,Matterport Inc,0.009295286335,4715587.44,1022904.0,4.61,US5770961002,577096100
2022-08-31,WEX,identifier,WEX Inc,0.066554597938,33763782.5,218890.0,154.25,US96208T1043,96208T104
2022-08-31,ARLO,identifier,Arlo Technologies Inc,0.004974006692,2523361.05,414345.0,6.09,US04206A1016,04206A101
2022-08-31,CASS,identifier,Cass Information Systems Inc,0.004832515385,2451581.16,66837.0,36.68,US14808P1093,14808P109
2022-08-31,GTLB,identifier,Gitlab Inc,0.021059847127,10683861.37,178451.0,59.87,US37637K1088,37637K108
2022-08-31,CTXS,manual table,Citrix Systems Inc,0.124326672635,63072107.17,613721.0,102.77,US1773761002,177376100
2022-08-31,WDC,identifier,Western Digital Corp,0.128306377704,65091049.52,1540252.0,42.260000000000005,US9581021055,958102105
2022-08-31,ADP,identifier,Automatic Data Processing Inc,0.991837886108,503168822.28,2058708.0,244.41,US0530151036,053015103
2022-08-31,GEN,identifier,NortonLifeLock Inc,0.126636276725,64243791.36,2843904.0,22.59,US6687711084,668771108
2022-08-31,CTS,identifier,CTS Corp,0.013120204585,6656004.96,157278.0,42.32,US1265011056,126501105
2022-08-31,PCTY,identifier,Paylocity Holding Corp,0.090503227974,45913151.0,190511.0,241.0,US70438V1061,70438V106
2022-08-31,S,identifier,SentinelOne Inc,0.024743428276,12552577.23,459633.0,27.310000000000002,US81730H1095,81730H109
2022-08-31,EXFY,identifier,Expensify Inc,0.002357856327,1196163.01,65977.0,18.13,US30219Q1067,30219Q106
2022-08-31,PATH,identifier,UiPath Inc,0.021643032749,10979717.0,667460.0,16.45,US90364P1057,90364P105
2022-08-31,PLXS,identifier,Plexus Corp,0.025350042434,12860318.38,137206.0,93.73,US7291321005,729132100
2022-08-31,SPT,identifier,Sprout Social Inc,0.026545631107,13466851.92,224298.0,60.04,US85209W1099,85209W109
2022-08-31,ORCL,identifier,Oracle Corp,1.147755955553,582267546.45,7852563.0,74.15,US68389X1054,68389X105
2022-08-31,DELL,identifier,Dell Technologies Inc,0.106944834456,54254134.83,1416927.0,38.29,US24703L2025,24703L202
2022-08-31,ACMR,identifier,ACM Research Inc,0.006952003674,3526817.79,208811.0,16.89,US00108J1097,00108J109
2022-08-31,INTC,identifier,Intel Corp,1.255582274556,636968866.8,19955165.0,31.919999999999998,US4581401001,458140100
2022-08-31,MPWR,identifier,Monolithic Power Systems Inc,0.193712270614,98272083.0,216850.0,453.18,US6098391054,609839105
2022-08-31,YOU,identifier,Clear Secure Inc,0.0065615396,3328731.64,145106.0,22.94,US18467V1098,18467V109
2022-08-31,TYL,identifier,Tyler Technologies Inc,0.148888272515,75532441.12,203312.0,371.51000000000005,US9022521051,902252105
2022-08-31,,,Evo Payments Inc,0.015220904523,7721710.08,231744.0,33.32,US26927E1047,26927E104
2022-08-31,CIFR,identifier,Cipher Mining Inc,0.000962713651,488393.82,242982.0,2.0100000000000002,US17253J1060,17253J106
2022-08-31,SABR,identifier,Sabre Corp,0.021257395768,10784079.68,1499872.0,7.1899999999999995,US78573M1045,78573M104
2022-08-31,,,AvidXchange Holdings Inc,0.003670244833,1861950.22,239018.0,7.79,US05368X1028,05368X102
2022-08-31,ZBRA,identifier,Zebra Technologies Corp,0.155104140793,78685810.4,260860.0,301.64000000000004,US9892071054,989207105
2022-08-31,RPAY,identifier,Repay Holdings Corp,0.007289024362,3697791.6,398040.0,9.290000000000001,US76029L1008,76029L100
2022-08-31,APP,identifier,AppLovin Corp,0.028181520921,14296754.43,580461.0,24.63,US03831W1080,03831W108
2022-08-31,NTNX,identifier,Nutanix Inc,0.035725106965,18123687.6,1047612.0,17.3,US67059N1081,67059N108
2022-08-31,KLIC,identifier,Kulicke & Soffa Industries Inc,0.025197919255,12783144.84,304071.0,42.04,US5012421013,501242101
2022-08-31,CIEN,identifier,Ciena Corp,0.07567209085,38389173.64,756586.0,50.74,US1717793095,171779309
2022-08-31,DGII,identifier,Digi International Inc,0.011159420014,5661280.24,170984.0,33.11,US2537981027,253798102
2022-08-31,FFIV,identifier,F5 Inc,0.092826194183,47091613.92,299832.0,157.06,US3156161024,315616102
2022-08-31,LTCH,identifier,Latch Inc,0.00044003107,223231.96,208628.0,1.07,US51818V1061,51818V106
2022-08-31,PAR,identifier,PAR Technology Corp,0.009107421073,4620281.6,131258.0,35.199999999999996,US6988841036,698884103
2022-08-31,IOT,identifier,Samsara Inc,0.009126572989,4629997.55,311365.0,14.87,US79589L1061,79589L106
2022-08-31,SMCI,"same company, other snapshot",Super Micro Computer Inc,0.029048122739,14736389.8,226435.0,65.08,US86800U1043,86800U104
2022-08-31,ADTN,identifier,ADTRAN Holdings Inc,0.0163604141,8299794.16,357134.0,23.240000000000002,US00486H1059,00486H105
2022-08-31,AMKR,identifier,Amkor Technology Inc,0.021319939555,10815808.74,537298.0,20.13,US0316521006,031652100
2022-08-31,MANH,identifier,Manhattan Associates Inc,0.08678819995,44028481.84,311684.0,141.26000000000002,US5627501092,562750109
2022-08-31,APPN,identifier,Appian Corp,0.015620096542,7924224.0,168960.0,46.9,US03782L1017,03782L101
2022-08-31,MQ,SEC company list,Marqeta Inc,0.027162879798,13779988.07,1768933.0,7.79,US57142B1044,57142B104
2022-08-31,SYNA,identifier,Synaptics Inc,0.043930745924,22286486.53,192773.0,115.61,US87157D1090,87157D109
2022-08-31,IMXI,identifier,International Money Express Inc,0.007081940537,3592736.0,160390.0,22.4,US46005L1017,46005L101
2022-08-31,VSAT,identifier,Viasat Inc,0.020386184555,10342105.92,272304.0,37.98,US92552V1008,92552V100
2022-08-31,QRVO,identifier,Qorvo Inc,0.093740025134,47555209.08,529686.0,89.78,US74736K1016,74736K101
2022-08-31,,,Avalara Inc,0.077174452759,39151336.17,427463.0,91.59,US05338G1067,05338G106
2022-08-31,RXT,identifier,Rackspace Technology Inc,0.002254336827,1143646.58,256423.0,4.46,US7501021056,750102105
2022-08-31,ANSS,manual table,ANSYS Inc,0.210010960742,106540564.0,429080.0,248.3,US03662Q1058,03662Q105
2022-08-31,ZETA,identifier,Zeta Global Holdings Corp,0.002144266789,1087807.0,155401.0,7.0,US98956A1051,98956A105
2022-08-31,FCUV,SEC company list,Focus Universal Inc,0.00178275427,904408.25,84131.0,10.75,US34417J1043,34417J104
2022-08-31,DDOG,identifier,Datadog Inc,0.228041531171,115687644.4,1102312.0,104.95,US23804L1035,23804L103
2022-08-31,SANM,identifier,Sanmina Corp,0.029672296058,15053038.88,310244.0,48.52,US8010561020,801056102
2022-08-31,OUST,"same company, other snapshot",Ouster Inc,0.000998901971,506752.5,337835.0,1.5,US68989M1036,68989M103
2022-08-31,,,Enfusion Inc,0.001945850395,987148.47,79673.0,12.389999999999999,US2928121043,292812104
2022-08-31,PRO,identifier,PROS Holdings Inc,0.008134511713,4126715.4,197924.0,20.849999999999998,US74346Y1038,74346Y103
2022-08-31,TEL,"same company, other snapshot",TE Connectivity Ltd,0.397468939614,201639785.13,1597653.0,126.21,CH0102993182,H84989104
2022-08-31,,,MeridianLink Inc,0.003347796531,1698369.12,97776.0,17.37,US58985J1051,58985J105
2022-08-31,VNT,identifier,Vontier Corp,0.033996446709,17246721.76,786803.0,21.92,US9288811014,928881101
2022-08-31,VYX,identifier,NCR Corp,0.039484170806,20030696.55,645111.0,31.05,US62886E1082,62886E108
2022-08-31,WULF,identifier,Terawulf Inc,0.000287315235,145757.76,97824.0,1.49,US88080T1043,88080T104
2022-08-31,DXC,identifier,DXC Technology Co,0.058312256397,29582364.0,1193800.0,24.78,US23355L1061,23355L106
2022-08-31,HUBS,identifier,HubSpot Inc,0.147623799864,74890962.08,222202.0,337.03999999999996,US4435731009,443573100
2022-08-31,TCX,identifier,Tucows Inc,0.00463009059,2348889.13,49987.0,46.989999999999995,US8986972060,898697206
2022-08-31,MCHP,identifier,Microchip Technology Inc,0.350821030913,177974856.0,2727584.0,65.25,US5950171042,595017104
2022-08-31,NTCT,identifier,NetScout Systems Inc,0.02254367278,11436620.28,360322.0,31.74,US64115T1043,64115T104
2022-08-31,QLYS,identifier,Qualys Inc,0.051331533156,26040976.5,171435.0,151.9,US74758T3032,74758T303
2022-08-31,,,Ceridian HCM Holding Inc,0.079485469794,40323737.16,676119.0,59.63999999999999,US15677J1088,15677J108
2022-08-31,FROG,identifier,JFrog Ltd,0.009887782998,5016166.65,237171.0,21.150000000000002,IL0011684185,M6191J100
2022-08-31,MKSI,identifier,MKS Instruments Inc,0.057333283205,29085721.56,291996.0,99.61,US55306N1046,55306N104
2022-08-31,P,identifier,Pure Storage Inc,0.076819879849,38971457.95,1345235.0,28.970000000000002,US74624M1027,74624M102
2022-08-31,,,Infinera Corp,0.01009859778,5123115.0,934875.0,5.48,US45667G1031,45667G103
2022-08-31,DOCN,identifier,DigitalOcean Holdings Inc,0.01957500803,9930588.33,235937.0,42.09,US25402D1028,25402D102
2022-08-31,SMTC,identifier,Semtech Corp,0.028625334021,14521905.05,314395.0,46.190000000000005,US8168501018,816850101
2022-08-31,,,Qualtrics International Inc,0.00937828164,4757691.75,388383.0,12.25,US7476012015,747601201
2022-08-31,TTD,identifier,Trade Desk Inc/The,0.266963743396,135433254.0,2160020.0,62.7,US88339J1051,88339J105
2022-08-31,RMBS,identifier,Rambus Inc,0.027132572739,13764613.01,533719.0,25.79,US7509171069,750917106
2022-08-31,STX,identifier,Seagate Technology Holdings PLC,0.134694113122,68331608.64,1020484.0,66.96,IE00BKVD2N49,G7997R103
2022-08-31,DT,identifier,Dynatrace Inc,0.073521571625,37298194.72,976904.0,38.18,US2681501092,268150109
2022-08-31,JNPR,manual table,Juniper Networks Inc,0.089391851832,45349339.28,1595684.0,28.42,US48203R1041,48203R104
2022-08-31,SITM,identifier,SiTime Corp,0.015968960709,8101206.12,76132.0,106.41,US82982T1060,82982T106
2022-08-31,PYPL,identifier,PayPal Holdings Inc,0.998710043798,506655133.44,5422251.0,93.44,US70450Y1038,70450Y103
2022-08-31,WU,identifier,Western Union Co/The,0.056183161369,28502253.78,1923229.0,14.82,US9598021098,959802109
2022-08-31,ACIW,identifier,ACI Worldwide Inc,0.024918542014,12641414.1,533393.0,23.7,US0044981019,004498101
2022-08-31,SPWRW,SEC company list,SunPower Corp,0.019990729899,10141488.0,422562.0,24.0,US8676524064,867652406
2022-08-31,NABL,identifier,N-able Inc,0.00429734603,2180084.64,218884.0,9.96,US62878D1000,62878D100
2022-08-31,WOLF,SEC company list,Wolfspeed Inc,0.135028549982,68501271.65,603695.0,113.47000000000001,US9778521024,977852102
2022-08-31,VRRM,identifier,Verra Mobility Corp,0.021534588426,10924702.16,685364.0,15.94,US92511U1025,92511U102
2022-08-31,BL,identifier,Blackline Inc,0.036754406827,18645861.24,274446.0,67.94,US09239B1098,09239B109
2022-08-31,,,Ebix Inc,0.006206779113,3148758.26,121013.0,26.02,US2787152063,278715206
2022-08-31,AVPT,identifier,AvePoint Inc,0.003681189433,1867502.52,399039.0,4.68,US0536041041,053604104
2022-08-31,ATEN,identifier,A10 Networks Inc,0.008804291153,4466500.9,321331.0,13.9,US0021211018,002121101
2022-08-31,VMW,manual table,VMware Inc,0.235030778478,119233356.24,1027608.0,116.03,US9285634021,928563402
2022-08-31,CDNS,identifier,Cadence Design Systems Inc,0.46573628835,236272462.45,1359685.0,173.76999999999998,US1273871087,127387108
2022-08-31,ROP,identifier,Roper Technologies Inc,0.411032560442,208520739.38,517961.0,402.58,US7766961061,776696106
2022-08-31,LSCC,identifier,Lattice Semiconductor Corp,0.07231272028,36684932.9,680611.0,53.9,US5184151042,518415104
2022-08-31,,,HashiCorp Inc,0.010771896373,5464685.8,154588.0,35.35,US4181001037,418100103
2022-08-31,FORM,identifier,FormFactor Inc,0.022065842618,11194212.48,382316.0,29.28,US3463751087,346375108
2022-08-31,ZM,identifier,Zoom Video Communications Inc,0.169602298254,86040864.0,1070160.0,80.4,US98980L1017,98980L101
2022-08-31,CPAY,manual table,FleetCor Technologies Inc,0.15883564233,80578836.73,379141.0,212.53,US3390411052,339041105
2022-08-31,TASK,identifier,TaskUS Inc,0.003518893963,1785168.48,119971.0,14.879999999999999,US87652V1098,87652V109
2022-08-31,MMS,identifier,Maximus Inc,0.03608470929,18306117.29,302131.0,60.589999999999996,US5779331041,577933104
2022-08-31,BMI,identifier,Badger Meter Inc,0.026660902544,13525330.22,142838.0,94.69,US0565251081,056525108
2022-08-31,HPE,identifier,Hewlett Packard Enterprise Co,0.171375703893,86940529.6,6392686.0,13.6,US42824C1099,42824C109
2022-08-31,CEVA,identifier,CEVA Inc,0.006470665812,3282630.5,112150.0,29.27,US1572101053,157210105
2022-08-31,FISV,identifier,Fiserv Inc,0.605632601902,307243197.0,3036300.0,101.19,US3377381088,337738108
2022-08-31,BSY,identifier,Bentley Systems Inc,0.067474544071,34230479.95,930935.0,36.77,US08265T2087,08265T208
2022-08-31,FIS,identifier,Fidelity National Information Services Inc,0.537931343763,272897702.84,2986732.0,91.36999999999999,US31620M1062,31620M106
2022-08-31,FTNT,identifier,Fortinet Inc,0.32186767152,163286540.55,3353595.0,48.690000000000005,US34959E1091,34959E109
2022-08-31,ASAN,identifier,Asana Inc,0.011462001274,5814782.6,303644.0,19.15,US04342Y1047,04342Y104
2022-08-31,CRNC,identifier,Cerence Inc,0.007543032535,3826652.37,191237.0,20.01,US1567271093,156727109
2022-08-31,ITRI,identifier,Itron Inc,0.020605888643,10453563.9,219705.0,47.58,US4657411066,465741106
2022-08-31,RELY,identifier,Remitly Global Inc,0.008749117935,4438511.0,403501.0,11.0,US75960P1049,75960P104
2022-08-31,RPD,identifier,Rapid7 Inc,0.03211098688,16290210.0,283308.0,57.5,US7534221046,753422104
2022-08-31,,,Envestnet Inc,0.023487601352,11915484.25,227525.0,52.37,US29404K1060,29404K106
2022-08-31,ENPH,identifier,Enphase Energy Inc,0.370673943179,188046427.8,656495.0,286.44,US29355A1079,29355A107
2022-08-31,NVTS,identifier,Navitas Semiconductor Corp,0.002432490681,1234025.73,208803.0,5.91,US63942X1063,63942X106
2022-08-31,PAYO,identifier,Payoneer Global Inc,0.012961097702,6575288.52,993246.0,6.619999999999999,US70451X1046,70451X104
2022-08-31,VRSN,identifier,VeriSign Inc,0.174923240764,88740228.9,486995.0,182.22,US92343E1029,92343E102
2022-08-31,HUCK,identifier,Domo Inc,0.005442053065,2760805.44,143344.0,19.259999999999998,US2575541055,257554105
2022-08-31,AMPL,identifier,Amplitude Inc,0.006859449353,3479864.1,229694.0,15.15,US03213A1043,03213A104
2022-08-31,MEI,identifier,Methode Electronics Inc,0.014505590279,7358824.34,181879.0,40.46,US5915202007,591520200
2022-08-31,DIOD,identifier,Diodes Inc,0.030826846748,15638753.46,219738.0,71.17,US2545431015,254543101
2022-08-31,,,Sumo Logic Inc,0.007192732185,3648941.66,415597.0,8.780000000000001,US86646P1030,86646P103
2022-08-31,,,New Relic Inc,0.034771827298,17640079.73,290563.0,60.71,US64829B1008,64829B100
2022-08-31,UIS,identifier,Unisys Corp,0.00602543687,3056761.61,328331.0,9.309999999999999,US9092143067,909214306
2022-08-31,CFLT,manual table,Confluent Inc,0.028119704875,14265394.56,521396.0,27.36,US20717M1036,20717M103
2022-08-31,EGHT,identifier,8x8 Inc,0.005341623296,2709856.46,520126.0,5.21,US2829141009,282914100
2022-08-31,QCOM,identifier,QUALCOMM Inc,1.440070429525,730561467.93,5523259.0,132.26999999999998,US7475251036,747525103
2022-08-31,,,Switch Inc,0.042886750123,21756857.5,640850.0,33.95,US87105L1044,87105L104
2022-08-31,FSLY,identifier,Fastly Inc,0.009515865096,4827489.15,516309.0,9.350000000000001,US31188V1008,31188V100
2022-08-31,NOVT,identifier,Novanta Inc,0.045782627458,23225963.7,173730.0,133.69,CA67000B1040,67000B104
2022-08-31,TXN,identifier,Texas Instruments Inc,1.474036928227,747792996.78,4526318.0,165.20999999999998,US8825081040,882508104
2022-08-31,ROG,identifier,Rogers Corp,0.04542015515,23042078.04,91977.0,250.51999999999998,US7751331015,775133101
2022-08-31,BILL,identifier,Bill.com Holdings Inc,0.146464023055,74302596.24,458998.0,161.88,US0900431000,090043100
2022-08-31,BR,identifier,Broadridge Financial Solutions Inc,0.193449166554,98138607.8,573340.0,171.17,US11133T1034,11133T103
2022-08-31,FLYW,identifier,Flywire Corp,0.007258170024,3682138.9,148115.0,24.86,US3024921039,302492103
2022-08-31,LASR,identifier,nLight Inc,0.005329680429,2703797.73,216477.0,12.49,US65487K1007,65487K100
2022-08-31,POWI,identifier,Power Integrations Inc,0.040794880022,20695631.84,289328.0,71.53,US7392761034,739276103
2022-08-31,BOX,identifier,Box Inc,0.036735722002,18636382.25,723743.0,25.75,US10316T1043,10316T104
2022-08-31,YEXT,identifier,Yext Inc,0.004448232133,2256630.6,507108.0,4.45,US98585N1063,98585N106
2022-08-31,CRM,identifier,Salesforce Inc,1.485378621139,753546745.8,4826715.0,156.11999999999998,US79466L3024,79466L302
2022-08-31,,,Embark Technology Inc,0.000704484247,357391.58,39273.8,9.1,US29079J2024,29079J202
2022-08-31,RAMP,identifier,LiveRamp Holdings Inc,0.013020971659,6605663.15,332779.0,19.85,US53815P1084,53815P108
2022-08-31,XRX,identifier,Xerox Holdings Corp,0.018777789729,9526151.88,573174.0,16.62,US98421M1062,98421M106
2022-08-31,,,E2open Parent Holdings Inc,0.011942403022,6058494.99,881877.0,6.87,US29788T1034,29788T103
2022-08-31,,,Alteryx Inc,0.035878717007,18201615.44,292067.0,62.32000000000001,US02156B1035,02156B103
2022-08-31,IONQ,identifier,IonQ Inc,0.005619815777,2850986.16,479964.0,5.94,US46222L1089,46222L108
2022-08-31,,,FARO Technologies Inc,0.005877190771,2981554.95,88869.0,33.550000000000004,US3116421021,311642102
2022-08-31,OKTA,identifier,Okta Inc,0.131668835816,66796856.6,730819.0,91.4,US6792951054,679295105
2022-08-31,FOUR,identifier,Shift4 Payments Inc,0.021317324446,10814482.07,238783.0,45.29,US82452J1097,82452J109
2022-08-31,MSTR,identifier,MicroStrategy Inc,0.020773823234,10538758.72,45512.0,231.56,US5949724083,594972408
2022-08-31,TDY,identifier,Teledyne Technologies Inc,0.168400452692,85431156.28,231923.0,368.36,US8793601050,879360105
2022-08-31,CCSI,identifier,Consensus Cloud Solutions Inc,0.008673177712,4399985.8,87388.0,50.35,US20848V1052,20848V105
2022-08-31,TOST,identifier,Toast Inc,0.028195094645,14303640.51,755607.0,18.93,US8887871080,888787108
2022-08-31,XYZ,identifier,Block Inc,0.345185065409,175115676.93,2541223.0,68.91,US8522341036,852234103
2022-08-31,ACN,identifier,Accenture PLC,1.760734005102,893237159.12,3096572.0,288.46,IE00B4BNMY34,G1151C101
2022-08-31,LIDR,SEC company list,AEye Inc,0.001498258556,760080.86,493559.0,1.54,US0081831051,008183105
2022-08-31,CRUS,identifier,Cirrus Logic Inc,0.042348773054,21483936.6,280140.0,76.69000000000001,US1727551004,172755100
2022-08-31,CNXN,identifier,PC Connection Inc,0.005646452296,2864499.12,57659.0,49.68,US69318J1007,69318J100
2022-08-31,BLKB,identifier,Blackbaud Inc,0.020613626917,10457489.6,199952.0,52.3,US09227Q1004,09227Q100
2022-08-31,,,Jamf Holding Corp,0.008231884611,4176113.6,174368.0,23.95,US47074L1052,47074L105
2022-08-31,,,Duck Creek Technologies Inc,0.009058115278,4595268.3,386157.0,11.9,US2641201064,264120106
2022-08-31,TTEC,identifier,TTEC Holdings Inc,0.009471941913,4805206.5,91790.0,52.35,US89854H1023,89854H102
2022-08-31,PEGA,identifier,Pegasystems Inc,0.014368703735,7289380.49,199109.0,36.61,US7055731035,705573103
2022-08-31,PANW,identifier,Palo Alto Networks Inc,0.529925417665,268836220.15,482815.0,556.81,US6974351057,697435105
2022-08-31,AVT,identifier,Avnet Inc,0.041775261545,21192988.74,482866.0,43.88999999999999,US0538071038,053807103
2022-08-31,MITK,identifier,Mitek Systems Inc,0.004360592347,2212170.1,216455.0,10.22,US6067102003,606710200
2022-08-31,PAYC,identifier,Paycom Software Inc,0.173961533442,88252345.6,251288.0,351.2,US70432V1026,70432V102
2022-08-31,,,Informatica Inc,0.007473554106,3791405.3,171790.0,22.07,US45674M1018,45674M101
2022-08-31,COHU,identifier,Cohu Inc,0.012542326354,6362841.82,237154.0,26.830000000000002,US1925761066,192576106
2022-08-31,TENB,identifier,Tenable Holdings Inc,0.041910620738,21261657.75,536775.0,39.61,US88025T1025,88025T102
2022-08-31,COUP,manual table,Coupa Software Inc,0.041949820178,21281544.0,364410.0,58.4,US22266L1061,22266L106
2022-08-31,ALRM,identifier,Alarm.com Holdings Inc,0.030470666457,15458059.8,232103.0,66.60000000000001,US0116421050,011642105
2022-08-31,,,KnowBe4 Inc,0.012805704566,6496456.1,338005.0,19.22,US49926T1043,49926T104
2022-08-31,,,Smartsheet Inc,0.0385337134,19548520.44,587572.0,33.27,US83200N1037,83200N103
2022-08-31,VSH,identifier,Vishay Intertechnology Inc,0.025133661781,12750546.41,648223.0,19.67,US9282981086,928298108
2022-08-31,KLAC,identifier,KLA Corp,0.501284804648,254306563.92,738984.0,344.13,US4824801009,482480100
2022-08-31,PLAB,identifier,Photronics Inc,0.009970031304,5057892.0,301065.0,16.8,US7194051022,719405102
2022-08-31,HLIT,identifier,Harmonic Inc,0.011163681633,5663442.2,502970.0,11.26,US4131601027,413160102
2022-08-31,UPLD,SEC company list,Upland Software Inc,0.002772072822,1406298.99,134317.0,10.47,US91544A1097,91544A109
2022-08-31,CDW,identifier,CDW Corp/DE,0.222997707439,113128864.5,662735.0,170.7,US12514G1085,12514G108
2022-08-31,FN,identifier,Fabrinet,0.036589512234,18562208.64,180496.0,102.84,KYG3323L1005,G3323L100
2022-08-31,KN,identifier,Knowles Corp,0.013383114366,6789381.6,448144.0,15.149999999999999,US49926D1090,49926D109
2022-08-31,HPQ,identifier,HP Inc,0.292390599151,148332540.51,5166581.0,28.709999999999997,US40434L1052,40434L105
2022-08-31,,,Momentive Global Inc,0.008726811081,4427194.52,624428.0,7.089999999999999,US60878Y1082,60878Y108
2022-08-31,PI,identifier,Impinj Inc,0.01809359893,9179055.36,102812.0,89.28,US4532041096,453204109
2022-08-31,CRWD,identifier,Crowdstrike Holdings Inc,0.348939441816,177020307.9,969390.0,182.61,US22788C1053,22788C105
2022-08-31,IBM,identifier,International Business Machines Corp,1.115924406548,566119097.95,4407311.0,128.45000000000002,US4592001014,459200101
2022-08-31,MAPS,identifier,WM Technology Inc,0.001404707783,712621.66,271993.0,2.62,US92971A1097,92971A109
2022-08-31,EXTR,identifier,Extreme Networks Inc,0.017820529691,9040524.73,630881.0,14.33,US30226D1063,30226D106
2022-08-31,CNXC,identifier,Concentrix Corp,0.053895951949,27341930.62,217379.0,125.78,US20602D1019,20602D101
2022-08-31,GLW,identifier,Corning Inc,0.266199058073,135045321.84,3934887.0,34.32,US2193501051,219350105
2022-08-31,GPN,identifier,Global Payments Inc,0.338377251217,171662007.84,1381808.0,124.23,US37940X1028,37940X102
2022-08-31,NCNO,identifier,nCino Inc,0.014656902632,7435586.54,235751.0,31.54,US63947X1019,63947X101
2022-08-31,,,Squarespace Inc,0.006442859317,3268524.0,155644.0,21.0,US85225A1079,85225A107
2022-08-31,APPS,identifier,Digital Turbine Inc,0.016367505451,8303391.67,449561.0,18.47,US25400W1027,25400W102
2022-08-31,CNDT,identifier,Conduent Inc,0.006785563733,3442381.22,841658.0,4.09,US2067871036,206787103
2022-08-31,MU,identifier,Micron Technology Inc,0.611516400119,310228103.97,5487849.0,56.53000000000001,US5951121038,595112103
2022-08-31,PTC,identifier,PTC Inc,0.123950005522,62881020.35,547315.0,114.89,US69370C1009,69370C100
2022-08-31,MSI,identifier,Motorola Solutions Inc,0.395875193143,200831262.34,825074.0,243.41,US6200763075,620076307
2022-08-31,BDC,identifier,Belden Inc,0.028347543996,14380979.52,219624.0,65.48,US0774541066,077454106
2022-08-31,AMAT,identifier,Applied Materials Inc,0.802686458027,407210498.21,4328803.0,94.07,US0382221051,038222105
2022-08-31,AI,identifier,C3.ai Inc,0.013163312468,6677874.0,370993.0,18.0,US12468P1049,12468P104
2022-08-31,FICO,identifier,Fair Isaac Corp,0.113735127748,57698915.4,128391.0,449.4,US3032501047,303250104
2022-08-31,ALTR,manual table,Altair Engineering Inc,0.025791779386,13084415.75,251575.0,52.01,US0213691035,021369103
2022-08-31,NVDA,identifier,NVIDIA Corp,3.644950954354,1849118393.9,12250685.0,150.94,US67066G1040,67066G104
2022-08-31,APPF,identifier,Appfolio Inc,0.017783032526,9021502.06,88987.0,101.38000000000001,US03783C1009,03783C100
2022-08-31,,,Avid Technology Inc,0.009474146484,4806324.9,175734.0,27.35,US05367P1003,05367P100
2022-08-31,MASS,identifier,908 Devices Inc,0.003617438867,1835161.25,91075.0,20.15,US65443P1021,65443P102
2022-08-31,IDCC,identifier,InterDigital Inc,0.014815361824,7515974.4,149840.0,50.160000000000004,US45867G1013,45867G101
2022-08-31,EEFT,identifier,Euronet Worldwide Inc,0.043717313727,22178210.34,250149.0,88.66,US2987361092,298736109
2022-08-31,LFUS,identifier,Littelfuse Inc,0.056358446738,28591177.72,120526.0,237.22,US5370081045,537008104
2022-08-31,MA,identifier,Mastercard Inc,2.734425399957,1387200093.26,4276598.0,324.37,US57636Q1040,57636Q104
2022-08-31,FRSH,identifier,Freshworks Inc,0.011549798085,5859322.76,430516.0,13.61,US3580541049,358054104
2022-08-31,PAYX,identifier,Paychex Inc,0.3870977292,196378371.14,1592171.0,123.33999999999999,US7043261079,704326107
2022-08-31,XPER,"same company, other snapshot",Xperi Holding Corp,0.01600350311,8118729.81,510291.0,15.909999999999998,US98390M1036,98390M103
2022-08-31,PLTR,identifier,Palantir Technologies Inc,0.122749998147,62272245.16,8066353.0,7.72,US69608A1088,69608A108
2022-08-31,,,Couchbase Inc,0.002455326148,1245610.38,75082.0,16.59,US22207T1016,22207T101
2022-08-31,SPLK,manual table,Splunk Inc,0.138570476768,70298124.9,780830.0,90.03,US8486371045,848637104
2022-08-31,UCTT,identifier,Ultra Clean Holdings Inc,0.012649906452,6417418.23,219249.0,29.270000000000003,US90385V1070,90385V107
2022-08-31,,,Paycor HCM Inc,0.009923731504,5034403.67,169909.0,29.63,US70435P1021,70435P102
2022-08-31,WDAY,identifier,Workday Inc,0.311594484888,158074854.96,960591.0,164.56,US98138H1014,98138H101
2022-08-31,SNX,identifier,TD SYNNEX Corp,0.040179110802,20383246.24,211708.0,96.27999999999999,US87162W1009,87162W100
2022-08-31,,,Plantronics Inc,0.000371843982,188640.0,4716.0,40.0,US7274931085,727493108
2022-08-31,LWLG,identifier,Lightwave Logic Inc,0.008507818925,4316097.71,541543.0,7.97,US5322751042,532275104
2022-08-31,SLAB,identifier,Silicon Laboratories Inc,0.046146660943,23410641.36,186792.0,125.33,US8269191024,826919102
2022-08-31,DOCU,identifier,DocuSign Inc,0.111758033923,56695916.84,973822.0,58.220000000000006,US2561631068,256163106
2022-08-31,VERX,identifier,Vertex Inc,0.005364492371,2721458.16,198937.0,13.680000000000001,US92538J1060,92538J106
2022-08-31,VRNS,identifier,Varonis Systems Inc,0.028285718981,14349615.1,524666.0,27.349999999999998,US9222801022,922280102
2022-08-31,FSLR,identifier,First Solar Inc,0.117636702609,59678221.55,467881.0,127.55,US3364331070,336433107
2022-08-31,PDFS,identifier,PDF Solutions Inc,0.007589060351,3850002.72,145944.0,26.380000000000003,US6932821050,693282105
2022-08-31,ICHR,identifier,Ichor Holdings Ltd,0.008405240862,4264058.88,138804.0,30.72,KYG4740B1059,G4740B105
2022-08-31,AGYS,identifier,Agilysys Inc,0.011707780133,5939468.56,114728.0,51.769999999999996,US00847J1051,00847J105
2022-08-31,,,Mandiant Inc,0.052847558932,26810070.84,1172794.0,22.86,US5626621065,562662106
2022-08-31,CMRC,identifier,BigCommerce Holdings Inc,0.009277980136,4706807.84,282352.0,16.669999999999998,US08975P1084,08975P108
2022-08-31,NTAP,identifier,NetApp Inc,0.155453648728,78863119.11,1093347.0,72.13,US64110D1046,64110D104
2022-08-31,ZS,identifier,Zscaler Inc,0.129832619452,65865326.52,413623.0,159.24,US98980G1022,98980G102
2022-08-31,AEIS,identifier,Advanced Energy Industries Inc,0.032547687655,16511752.47,183893.0,89.79,US0079731008,007973100
2022-08-31,,,SEMrush Holdings Inc,0.004540370909,2303373.48,187724.0,12.27,US81686C1045,81686C104
2022-08-31,OLED,identifier,Universal Display Corp,0.049605381093,25165283.09,225233.0,111.73,US91347P1057,91347P105
2022-08-31,FIVN,identifier,Five9 Inc,0.065334268079,33144697.52,337832.0,98.11,US3383071012,338307101
2022-08-31,EVTC,identifier,EVERTEC Inc,0.019826143993,10057992.0,299345.0,33.6,PR30040P1032,30040P103
2022-08-31,,,Paya Holdings Inc,0.005182348605,2629054.89,419307.0,6.2700000000000005,US70434P1030,70434P103
2022-08-31,ALKT,identifier,Alkami Technology Inc,0.00252671968,1281829.0,88402.0,14.5,US01644J1088,01644J108
2022-08-31,ONTO,identifier,Onto Innovation Inc,0.033711289762,17102058.92,240908.0,70.99000000000001,US6833441057,683344105
2022-08-31,HCKT,identifier,Hackett Group Inc/The,0.004715093446,2392011.89,116513.0,20.53,US4046091090,404609109
2022-08-31,U,identifier,Unity Software Inc,0.07863262646,39891081.6,933780.0,42.72,US91332U1016,91332U101
2022-08-31,,,National Instruments Corp,0.050588064346,25663807.68,645468.0,39.76,US6365181022,636518102
2022-08-31,FLEX,identifier,Flex Ltd,0.079608254948,40386027.24,2267604.0,17.810000000000002,SG9999000020,Y2573F102
2022-08-31,AVGO,identifier,Broadcom Inc,1.974985302597,1001928886.41,2007431.0,499.10999999999996,US11135F1012,11135F101
2022-08-31,JKHY,identifier,Jack Henry & Associates Inc,0.134799641908,68385144.4,355802.0,192.20000000000002,US4262811015,426281101
2022-08-31,,,Zuora Inc,0.008676632092,4401738.24,573143.0,7.680000000000001,US98983V1061,98983V106
2022-08-31,MX,identifier,Magnachip Semiconductor Corp,0.005144097817,2609649.9,223047.0,11.7,US55933J2033,55933J203
2022-08-31,VISN,identifier,CommScope Holding Co Inc,0.022254678648,11290010.8,999116.0,11.3,US20337X1090,20337X109
2022-08-31,,,Avaya Holdings Corp,0.001300136696,659571.75,414825.0,1.59,US05351X1019,05351X101
2022-08-31,CSCO,identifier,Cisco Systems Inc,1.794366700403,910299346.32,20355531.0,44.720000000000006,US17275R1023,17275R102
2022-08-31,SCSC,identifier,ScanSource Inc,0.007148026047,3626261.81,125173.0,28.97,US8060371072,806037107
2022-08-31,IIIV,identifier,I3 Verticals Inc,0.004970525879,2521595.2,107945.0,23.360000000000003,US46571Y1073,46571Y107
2022-08-31,DBX,identifier,Dropbox Inc,0.059306823381,30086917.32,1406588.0,21.39,US26210C1045,26210C104
2022-08-31,PD,identifier,PagerDuty Inc,0.019374104003,9828667.8,377445.0,26.040000000000003,US69553P1003,69553P100
2022-08-31,ANET,"same company, other snapshot",Arista Networks Inc,0.284899753333,144532362.96,1205642.0,119.88000000000001,US0404131064,040413106
2022-08-31,TDC,identifier,Teradata Corp,0.033574360108,17032593.2,517708.0,32.9,US88076W1036,88076W103
2022-08-31,,,Perficient Inc,0.025964336263,13171955.5,168655.0,78.1,US71375U1016,71375U101
2022-08-31,SSNC,identifier,SS&C Technologies Holdings Inc,0.124861691373,63343527.28,1136003.0,55.76,US78467J1007,78467J100
2022-08-31,RNG,identifier,RingCentral Inc,0.033251231944,16868667.2,391930.0,43.04,US76680R2067,76680R206
2022-08-31,CTSH,identifier,Cognizant Technology Solutions Corp,0.320543929276,162614993.48,2574244.0,63.169999999999995,US1924461023,192446102
2022-08-31,GWRE,identifier,Guidewire Software Inc,0.054592151117,27695119.1,386210.0,71.71000000000001,US40171V1008,40171V100
2022-08-31,NTGR,identifier,NETGEAR Inc,0.006674733095,3386155.78,143542.0,23.59,US64111Q1040,64111Q104
2022-08-31,PAY,identifier,Paymentus Holdings Inc,0.001682957231,853780.26,71686.0,11.91,US70439P1084,70439P108
2022-08-31,MXL,identifier,MaxLinear Inc,0.02521433998,12791475.23,356011.0,35.93,US57776J1007,57776J100
2022-08-31,,,Everbridge Inc,0.015087337904,7653950.46,192407.0,39.78,US29978A1043,29978A104
2022-08-31,CRSR,identifier,Corsair Gaming Inc,0.005588985902,2835345.87,184233.0,15.39,US22041X1028,22041X102
2022-08-31,AKAM,identifier,Akamai Technologies Inc,0.140380713372,71216475.2,788840.0,90.28,US00971T1016,00971T101
2022-08-31,ENTG,identifier,Entegris Inc,0.136574694668,69285645.6,730245.0,94.88,US29362U1043,29362U104
2022-08-31,SPSC,identifier,SPS Commerce Inc,0.042276364165,21447202.88,175624.0,122.11999999999999,US78463M1071,78463M107
2022-08-31,AMBA,identifier,Ambarella Inc,0.022970117194,11652959.6,171670.0,67.88,KYG037AX1015,G037AX101
2022-08-31,VIAV,identifier,Viavi Solutions Inc,0.031158595565,15807052.8,1122660.0,14.08,US9255501051,925550105
2022-08-31,GDYN,identifier,Grid Dynamics Holdings Inc,0.008259292808,4190018.04,207324.0,20.21,US39813G1094,39813G109
2022-11-30,EXLS,identifier,ExlService Holdings Inc,0.068852407318,33728385.6,180173.0,187.20000000000002,US3020811044,302081104
2022-11-30,OSIS,identifier,OSI Systems Inc,0.022713294725,11126448.48,125751.0,88.48,US6710441055,671044105
2022-11-30,MVIS,SEC company list,MicroVision Inc,0.011409918282,5589319.8,1844660.0,3.03,US5949603048,594960304
2022-11-30,VERI,identifier,Veritone Inc,0.008532962316,4179999.72,620178.0,6.74,US92347M1009,92347M100
2022-11-30,,,Clearwater Analytics Holdings Inc,0.0136007267,6662520.2,355145.0,18.76,US1851231068,185123106
2022-11-30,MIR,identifier,Mirion Technologies Inc,0.014203826759,6957957.82,1090589.0,6.38,US60471A1016,60471A101
2022-11-30,TER,identifier,Teradyne Inc,0.155265892327,76059328.8,813904.0,93.45,US8807701029,880770102
2022-11-30,SNPS,identifier,Synopsys Inc,0.515592164753,252570563.94,743861.0,339.54,US8716071076,871607107
2022-11-30,IT,identifier,Gartner Inc,0.284260554346,139249300.95,397435.0,350.36999999999995,US3666511072,366651107
2022-11-30,WK,identifier,Workiva Inc,0.043804318715,21458203.28,266363.0,80.56,US98139A1051,98139A105
2022-11-30,ACLS,identifier,Axcelis Technologies Inc,0.036910540406,18081182.46,226411.0,79.86,US0545402085,054540208
2022-11-30,RMNI,identifier,Rimini Street Inc,0.007673833971,3759142.8,895034.0,4.2,US76674Q1076,76674Q107
2022-11-30,BHE,identifier,Benchmark Electronics Inc,0.017624923297,8633833.33,299059.0,28.87,US08160H1014,08160H101
2022-11-30,MTSI,identifier,MACOM Technology Solutions Holdings Inc,0.042187842554,20666348.16,300864.0,68.69,US55405Y1001,55405Y100
2022-11-30,CVLT,identifier,CommVault Systems Inc,0.033956925812,16634310.0,252035.0,66.0,US2041661024,204166102
2022-11-30,DMRC,SEC company list,Digimarc Corp,0.013800350671,6760309.0,303425.0,22.28,US25381B1017,25381B101
2022-11-30,ARW,identifier,Arrow Electronics Inc,0.079225599802,38809849.7,356905.0,108.74000000000001,US0427351004,042735100
2022-11-30,ALGM,identifier,Allegro MicroSystems Inc,0.030801560129,15088606.74,484541.0,31.14,US01749D1054,01749D105
2022-11-30,,,ON24 Inc,0.00831187586,4071697.2,532248.0,7.65,US68339B1044,68339B104
2022-11-30,MDB,identifier,MongoDB Inc,0.107379064093,52601246.93,344497.0,152.69,US60937P1066,60937P106
2022-11-30,,,Verint Systems Inc,0.033331805605,16328085.48,415156.0,39.33,US92343X1000,92343X100
2022-11-30,NSSC,identifier,Napco Security Technologies Inc,0.014868956885,7283781.8,276110.0,26.38,US6304021057,630402105
2022-11-30,GDDY,identifier,GoDaddy Inc,0.132465714054,64890319.11,820047.0,79.13,US3802371076,380237107
2022-11-30,LAW,identifier,CS Disco Inc,0.004445426371,2177658.86,278473.0,7.819999999999999,US1263271058,126327105
2022-11-30,INDI,identifier,indie Semiconductor Inc,0.013628048165,6675904.03,813143.0,8.21,US45569U1016,45569U101
2022-11-30,CGNX,identifier,Cognex Corp,0.092618142907,45370388.04,911418.0,49.78,US1924221039,192422103
2022-11-30,AAPL,identifier,Apple Inc,20.7555465217,10167416125.05,68684835.0,148.03,US0378331005,037833100
2022-11-30,,,SolarWinds Corp,0.010570213983,5177978.04,592446.0,8.74,US83417Q2049,83417Q204
2022-11-30,SNOW,identifier,Snowflake Inc,0.316883470934,155230126.5,1086285.0,142.9,US8334451098,833445109
2022-11-30,JBL,identifier,Jabil Inc,0.103123536564,50516612.87,699773.0,72.19,US4663131039,466313103
2022-11-30,CXM,identifier,Sprinklr Inc,0.011350334358,5560131.72,648034.0,8.58,US85208T1079,85208T107
2022-11-30,,,Olo Inc,0.012024203913,5890236.84,828444.0,7.109999999999999,US68134L1098,68134L109
2022-11-30,ADI,identifier,Analog Devices Inc,0.88129977215,431717926.82,2511302.0,171.91,US0326541051,032654105
2022-11-30,QTWO,identifier,Q2 Holdings Inc,0.022155118756,10853017.6,399008.0,27.2,US74736L1098,74736L109
2022-11-30,XPER,identifier,Xperi Inc,0.010369677617,5079742.29,474299.0,10.71,US98423J1016,98423J101
2022-11-30,CALX,identifier,Calix Inc,0.048933865302,23970988.7,336199.0,71.3,US13100M5094,13100M509
2022-11-30,TTMI,identifier,TTM Technologies Inc,0.023278297943,11403223.79,709597.0,16.07,US87305R1095,87305R109
2022-11-30,KD,identifier,Kyndryl Holdings Inc,0.029898465428,14646212.24,1250744.0,11.71,US50155Q1004,50155Q100
2022-11-30,,,American Software Inc/GA,0.011222029115,5497279.47,371187.0,14.809999999999999,US0296831094,029683109
2022-11-30,RBBN,identifier,Ribbon Communications Inc,0.00744255824,3645848.91,1441047.0,2.5300000000000002,US7625441040,762544104
2022-11-30,PCOR,identifier,Procore Technologies Inc,0.019638782255,9620352.38,196454.0,48.970000000000006,US74275K1088,74275K108
2022-11-30,AMD,identifier,Advanced Micro Devices Inc,1.238214980761,606558201.13,7813451.0,77.63,US0079031078,007903107
2022-11-30,NSIT,identifier,Insight Enterprises Inc,0.044269797025,21686224.82,208702.0,103.91,US45765U1034,45765U103
2022-11-30,SEDG,identifier,SolarEdge Technologies Inc,0.172302440581,84404937.78,282423.0,298.86,US83417M1045,83417M104
2022-11-30,APH,identifier,Amphenol Corp,0.477156687709,233742368.37,2906159.0,80.43,US0320951017,032095101
2022-11-30,VECO,identifier,Veeco Instruments Inc,0.017859634792,8748810.28,440081.0,19.88,US9224171002,922417100
2022-11-30,PRGS,identifier,Progress Software Corp,0.03088949468,15131682.8,283790.0,53.32,US7433121008,743312100
2022-11-30,MSFT,identifier,Microsoft Corp,17.718094683,8679474732.06,34018479.0,255.14,US5949181045,594918104
2022-11-30,IPGP,identifier,IPG Photonics Corp,0.039900709315,19545961.6,214720.0,91.03,US44980X1090,44980X109
2022-11-30,NOW,identifier,ServiceNow Inc,0.823330071715,403320598.6,968822.0,416.3,US81762P1021,81762P102
2022-11-30,,,SMART Global Holdings Inc,0.017016630849,8335852.14,492954.0,16.91,KYG8232Y1017,G8232Y101
2022-11-30,LRCX,"same company, other snapshot",Lam Research Corp,0.650102629908,318462535.08,674166.0,472.38,US5128071082,512807108
2022-11-30,,,Model N Inc,0.020778117708,10178472.96,261792.0,38.88,US6075251024,607525102
2022-11-30,LITE,identifier,Lumentum Holdings Inc,0.042591578509,20864124.28,379762.0,54.940000000000005,US55024U1097,55024U109
2022-11-30,,,BTRS Holdings Inc,0.016047045117,7860886.01,830083.0,9.469999999999999,US11778X1046,11778X104
2022-11-30,V,identifier,Visa Inc,3.284303853239,1608865559.0,7414127.0,217.0,US92826C8394,92826C839
2022-11-30,ESTC,identifier,Elastic NV,0.0517285415,25340002.8,414120.0,61.190000000000005,NL0013056914,N14506104
2022-11-30,EPAM,identifier,EPAM Systems Inc,0.213624631729,104647233.6,283920.0,368.58,US29414B1044,29414B104
2022-11-30,NET,identifier,Cloudflare Inc,0.128258941936,62829568.62,1278583.0,49.14,US18915M1071,18915M107
2022-11-30,TRMB,identifier,Trimble Inc,0.153720687984,75302387.25,1260291.0,59.75,US8962391004,896239100
2022-11-30,PLUS,identifier,ePlus Inc,0.021034879053,10304251.36,207496.0,49.66,US2942681071,294268107
2022-11-30,,,Black Knight Inc,0.101659724439,49799542.52,803348.0,61.99,US09215C1053,09215C105
2022-11-30,SMRT,identifier,SmartRent Inc,0.008329636835,4080397.68,1679176.0,2.43,US83193G1076,83193G107
2022-11-30,ADBE,identifier,Adobe Inc,1.599863538632,783717177.65,2272105.0,344.93,US00724F1012,00724F101
2022-11-30,,,Casa Systems Inc,0.004514185721,2211341.66,807059.0,2.74,US14713L1026,14713L102
2022-11-30,AFRM,identifier,Affirm Holdings Inc,0.031702982614,15530182.08,1115674.0,13.92,US00827B1061,00827B106
2022-11-30,ON,identifier,ON Semiconductor Corp,0.327893880181,160623740.8,2135954.0,75.2,US6821891057,682189105
2022-11-30,,,LivePerson Inc,0.018041060036,8837684.16,752784.0,11.74,US5381461012,538146101
2022-11-30,TLS,identifier,Telos Corp,0.004339798784,2125915.6,518516.0,4.1000000000000005,US87969B1017,87969B101
2022-11-30,INTU,identifier,Intuit Inc,1.073917846056,526074782.64,1290696.0,407.59,US4612021034,461202103
2022-11-30,AEVA,"same company, other snapshot",Aeva Technologies Inc,0.007098662953,3477386.64,2069873.0,1.6800000000000002,US00835Q1031,00835Q103
2022-11-30,AZPN,manual table,Aspentech Corp,0.067496292718,33064072.5,143445.0,230.5,US29109X1063,29109X106
2022-11-30,OSPN,identifier,OneSpan Inc,0.013464537387,6595805.82,524726.0,12.57,US68287N1000,68287N100
2022-11-30,,,CSG Systems International Inc,0.026974719103,13213971.2,213680.0,61.839999999999996,US1263491094,126349109
2022-11-30,AOSL,identifier,Alpha & Omega Semiconductor Ltd,0.016181277421,7926641.72,225959.0,35.08,BMG6331P1041,G6331P104
2022-11-30,MARA,identifier,Marathon Digital Holdings Inc,0.010272713824,5032243.12,796241.0,6.32,US5657881067,565788106
2022-11-30,,,PowerSchool Holdings Inc,0.017590476665,8616959.13,422193.0,20.410000000000004,US73939C1062,73939C106
2022-11-30,DV,identifier,DoubleVerify Holdings Inc,0.017042233943,8348394.2,318641.0,26.2,US25862V1052,25862V105
2022-11-30,SWKS,identifier,Skyworks Solutions Inc,0.15856798198,77676907.0,812350.0,95.62,US83088M1027,83088M102
2022-11-30,DLB,identifier,Dolby Laboratories Inc,0.055559830548,27216817.27,363521.0,74.87,US25659T1079,25659T107
2022-11-30,NXPI,identifier,NXP Semiconductors NV,0.459731137212,225206200.8,1280745.0,175.84,NL0009538784,N6596X109
2022-11-30,INTA,identifier,Intapp Inc,0.011272012823,5521764.74,238934.0,23.11,US45827U1097,45827U109
2022-11-30,,,SecureWorks Corp,0.003111233076,1524084.24,212268.0,7.18,US81374A1051,81374A105
2022-11-30,RIOT,identifier,Riot Blockchain Inc,0.011574599669,5669991.45,1219353.0,4.65,US7672921050,767292105
2022-11-30,MRVL,identifier,Marvell Technology Inc,0.394840083852,193418343.92,4157746.0,46.519999999999996,US5738741041,573874104
2022-11-30,TWLO,identifier,Twilio Inc,0.087370105434,42799558.08,873104.0,49.019999999999996,US90138F1021,90138F102
2022-11-30,BRZE,identifier,Braze Inc,0.013017226775,6376684.0,248120.0,25.7,US10576N1028,10576N102
2022-11-30,ADSK,identifier,Autodesk Inc,0.436306639994,213731359.1,1058338.0,201.95,US0527691069,052769106
2022-11-30,KEYS,identifier,Keysight Technologies Inc,0.329430159637,161376310.36,892124.0,180.89000000000001,US49338L1035,49338L103
2022-11-30,,,Matterport Inc,0.012949848826,6343677.9,2013866.0,3.1500000000000004,US5770961002,577096100
2022-11-30,WEX,identifier,WEX Inc,0.082973255505,40645695.12,240308.0,169.14,US96208T1043,96208T104
2022-11-30,ARLO,identifier,Arlo Technologies Inc,0.009503605094,4655483.66,1218713.0,3.8200000000000003,US04206A1016,04206A101
2022-11-30,CASS,identifier,Cass Information Systems Inc,0.013275084013,6502999.24,149563.0,43.480000000000004,US14808P1093,14808P109
2022-11-30,GTLB,identifier,Gitlab Inc,0.021636420356,10598925.4,267988.0,39.550000000000004,US37637K1088,37637K108
2022-11-30,WDC,identifier,Western Digital Corp,0.120245900092,58904259.75,1602837.0,36.75,US9581021055,958102105
2022-11-30,ADP,identifier,Automatic Data Processing Inc,1.091602669304,534737958.86,2024449.0,264.14,US0530151036,053015103
2022-11-30,GEN,identifier,Gen Digital Inc,0.14180666232,69466122.88,3025528.0,22.959999999999997,US6687711084,668771108
2022-11-30,CTS,identifier,CTS Corp,0.020406488884,9996425.0,235210.0,42.5,US1265011056,126501105
2022-11-30,PCTY,identifier,Paylocity Holding Corp,0.089070773726,43632655.98,200306.0,217.82999999999998,US70438V1061,70438V106
2022-11-30,S,identifier,SentinelOne Inc,0.02849274402,13957598.5,962593.0,14.5,US81730H1095,81730H109
2022-11-30,EXFY,identifier,Expensify Inc,0.005078303491,2487683.22,259946.0,9.57,US30219Q1067,30219Q106
2022-11-30,PATH,identifier,UiPath Inc,0.024401834064,11953604.83,958589.0,12.47,US90364P1057,90364P105
2022-11-30,PLXS,identifier,Plexus Corp,0.038548029907,18883331.28,171324.0,110.22000000000001,US7291321005,729132100
2022-11-30,SPT,identifier,Sprout Social Inc,0.034167785736,16737602.9,282253.0,59.300000000000004,US85209W1099,85209W109
2022-11-30,ORCL,identifier,Oracle Corp,1.307037059664,640271729.9,7711330.0,83.03,US68389X1054,68389X105
2022-11-30,DELL,identifier,Dell Technologies Inc,0.129175666984,63278640.15,1412785.0,44.79,US24703L2025,24703L202
2022-11-30,ACMR,identifier,ACM Research Inc,0.014133333217,6923425.5,764175.0,9.06,US00108J1097,00108J109
2022-11-30,INTC,identifier,Intel Corp,1.209028744495,592260885.04,19696072.0,30.069999999999997,US4581401001,458140100
2022-11-30,MPWR,identifier,Monolithic Power Systems Inc,0.173912983148,85193886.24,223044.0,381.96,US6098391054,609839105
2022-11-30,YOU,identifier,Clear Secure Inc,0.018557652223,9090744.6,292495.0,31.08,US18467V1098,18467V109
2022-11-30,TYL,identifier,Tyler Technologies Inc,0.146067763057,71553487.06,208769.0,342.74,US9022521051,902252105
2022-11-30,,,Evo Payments Inc,0.022897805697,11216833.95,332745.0,33.71,US26927E1047,26927E104
2022-11-30,CIFR,identifier,Cipher Mining Inc,0.001502733704,736136.67,941833.0,0.7815999970270738,US17253J1060,17253J106
2022-11-30,SABR,identifier,Sabre Corp,0.026309974837,12888336.24,2109384.0,6.11,US78573M1045,78573M104
2022-11-30,,,AvidXchange Holdings Inc,0.011494594058,5630799.5,653225.0,8.62,US05368X1028,05368X102
2022-11-30,ZBRA,identifier,Zebra Technologies Corp,0.146006314497,71523385.56,264627.0,270.28000000000003,US9892071054,989207105
2022-11-30,RPAY,identifier,Repay Holdings Corp,0.017328044391,8488402.74,958059.0,8.86,US76029L1008,76029L100
2022-11-30,APP,identifier,AppLovin Corp,0.022686972188,11113553.99,771239.0,14.41,US03831W1080,03831W108
2022-11-30,NTNX,identifier,Nutanix Inc,0.070962529835,34762060.8,1230080.0,28.259999999999998,US67059N1081,67059N108
2022-11-30,KLIC,identifier,Kulicke & Soffa Industries Inc,0.036755678235,18005320.9,375502.0,47.949999999999996,US5012421013,501242101
2022-11-30,CIEN,identifier,Ciena Corp,0.0746077247,36547714.24,812894.0,44.96,US1717793095,171779309
2022-11-30,DGII,identifier,Digi International Inc,0.022813714756,11175640.74,263142.0,42.47,US2537981027,253798102
2022-11-30,FFIV,identifier,F5 Inc,0.099040474056,48516463.39,313799.0,154.61,US3156161024,315616102
2022-11-30,LTCH,identifier,Latch Inc,0.00353984276,1734045.13,1931223.0,0.8978999991197287,US51818V1061,51818V106
2022-11-30,PAR,identifier,PAR Technology Corp,0.012710417317,6226388.78,255494.0,24.37,US6988841036,698884103
2022-11-30,IOT,identifier,Samsara Inc,0.012631974564,6187962.42,649314.0,9.53,US79589L1061,79589L106
2022-11-30,SMCI,"same company, other snapshot",Super Micro Computer Inc,0.052727259482,25829239.8,286260.0,90.23,US86800U1043,86800U104
2022-11-30,ADTN,identifier,ADTRAN Holdings Inc,0.022018706524,10786194.02,532126.0,20.27,US00486H1059,00486H105
2022-11-30,AMKR,identifier,Amkor Technology Inc,0.041014165354,20091404.76,717038.0,28.020000000000003,US0316521006,031652100
2022-11-30,MANH,identifier,Manhattan Associates Inc,0.084679424251,41481487.5,329375.0,125.94,US5627501092,562750109
2022-11-30,APPN,identifier,Appian Corp,0.019546440408,9575117.34,251778.0,38.03,US03782L1017,03782L101
2022-11-30,MQ,SEC company list,Marqeta Inc,0.031050044377,15210330.48,2273592.0,6.69,US57142B1044,57142B104
2022-11-30,SYNA,identifier,Synaptics Inc,0.049600487084,24297543.39,229287.0,105.97,US87157D1090,87157D109
2022-11-30,IMXI,identifier,International Money Express Inc,0.01307895431,6406922.16,294978.0,21.72,US46005L1017,46005L101
2022-11-30,VSAT,identifier,Viasat Inc,0.025177670035,12333659.73,361797.0,34.09,US92552V1008,92552V100
2022-11-30,QRVO,identifier,Qorvo Inc,0.1113784471,54560404.75,549727.0,99.25,US74736K1016,74736K101
2022-11-30,RXT,identifier,Rackspace Technology Inc,0.01003140245,4914033.12,1006974.0,4.88,US7501021056,750102105
2022-11-30,ANSS,manual table,ANSYS Inc,0.224517409183,109983224.2,432494.0,254.3,US03662Q1058,03662Q105
2022-11-30,ZETA,identifier,Zeta Global Holdings Corp,0.017190046131,8420802.22,1004869.0,8.38,US98956A1051,98956A105
2022-11-30,FCUV,SEC company list,Focus Universal Inc,0.007468192322,3658406.15,332885.0,10.99,US34417J1043,34417J104
2022-11-30,DDOG,identifier,Datadog Inc,0.184924139826,90587866.68,1195406.0,75.78,US23804L1035,23804L103
2022-11-30,SANM,identifier,Sanmina Corp,0.048243074351,23632594.38,357582.0,66.09,US8010561020,801056102
2022-11-30,OUST,"same company, other snapshot",Ouster Inc,0.003187325956,1561359.48,1323186.0,1.18,US68989M1036,68989M103
2022-11-30,,,Enfusion Inc,0.006107835635,2992015.0,313300.0,9.55,US2928121043,292812104
2022-11-30,PRO,identifier,PROS Holdings Inc,0.016348134734,8008379.28,336204.0,23.82,US74346Y1038,74346Y103
2022-11-30,TEL,"same company, other snapshot",TE Connectivity Ltd,0.404849396381,198321555.96,1572483.0,126.12,CH0102993182,H84989104
2022-11-30,,,MeridianLink Inc,0.008997034321,4407332.36,300227.0,14.680000000000001,US58985J1051,58985J105
2022-11-30,VNT,identifier,Vontier Corp,0.038584180008,18901039.95,962865.0,19.63,US9288811014,928881101
2022-11-30,VYX,identifier,NCR Corp,0.04079712828,19985085.89,837247.0,23.87,US62886E1082,62886E108
2022-11-30,WULF,identifier,Terawulf Inc,0.000674943748,330631.33,398351.0,0.8300000000000001,US88080T1043,88080T104
2022-11-30,DXC,identifier,DXC Technology Co,0.074395252066,36443631.33,1228299.0,29.669999999999998,US23355L1061,23355L106
2022-11-30,HUBS,identifier,HubSpot Inc,0.142490563863,69801142.32,230344.0,303.03,US4435731009,443573100
2022-11-30,TCX,identifier,Tucows Inc,0.007719542686,3781533.9,123177.0,30.7,US8986972060,898697206
2022-11-30,MCHP,identifier,Microchip Technology Inc,0.438305679563,214710618.65,2711335.0,79.19,US5950171042,595017104
2022-11-30,NTCT,identifier,NetScout Systems Inc,0.034919752845,17105965.28,458851.0,37.28,US64115T1043,64115T104
2022-11-30,QLYS,identifier,Qualys Inc,0.048795310602,23903115.6,193830.0,123.32000000000001,US74758T3032,74758T303
2022-11-30,,,Ceridian HCM Holding Inc,0.100402600741,49183721.6,718640.0,68.44,US15677J1088,15677J108
2022-11-30,FROG,identifier,JFrog Ltd,0.01747936375,8562528.8,389560.0,21.98,IL0011684185,M6191J100
2022-11-30,MKSI,identifier,MKS Instruments Inc,0.056648488265,27750112.6,330910.0,83.86,US55306N1046,55306N104
2022-11-30,P,identifier,Pure Storage Inc,0.088390581368,43299453.54,1483366.0,29.189999999999998,US74624M1027,74624M102
2022-11-30,,,Infinera Corp,0.022699091874,11119491.0,1647332.0,6.75,US45667G1031,45667G103
2022-11-30,DOCN,identifier,DigitalOcean Holdings Inc,0.019187375882,9399224.19,315093.0,29.83,US25402D1028,25402D102
2022-11-30,SMTC,identifier,Semtech Corp,0.02740899837,13426709.42,436783.0,30.74,US8168501018,816850101
2022-11-30,,,Qualtrics International Inc,0.01485181894,7275386.52,709102.0,10.26,US7476012015,747601201
2022-11-30,RMBS,identifier,Rambus Inc,0.051363221393,25161045.26,655577.0,38.38,US7509171069,750917106
2022-11-30,STX,identifier,Seagate Technology Holdings PLC,0.112711752355,55213544.35,1042355.0,52.97,IE00BKVD2N49,G7997R103
2022-11-30,DT,identifier,Dynatrace Inc,0.084175930958,41234843.75,1064125.0,38.75,US2681501092,268150109
2022-11-30,JNPR,manual table,Juniper Networks Inc,0.113510933839,55605035.4,1672835.0,33.24,US48203R1041,48203R104
2022-11-30,SITM,identifier,SiTime Corp,0.026063117446,12767409.44,121064.0,105.46,US82982T1060,82982T106
2022-11-30,PYPL,identifier,PayPal Holdings Inc,0.849072557182,415930941.65,5304565.0,78.41,US70450Y1038,70450Y103
2022-11-30,WU,identifier,Western Union Co/The,0.06259438084,30662797.36,2091596.0,14.66,US9598021098,959802109
2022-11-30,ACIW,identifier,ACI Worldwide Inc,0.02892781081,14170722.5,678025.0,20.9,US0044981019,004498101
2022-11-30,NABL,identifier,N-able Inc,0.012558462068,6151951.22,547814.0,11.229999999999999,US62878D1000,62878D100
2022-11-30,WOLF,SEC company list,Wolfspeed Inc,0.116004498802,56826545.64,625017.0,90.92,US9778521024,977852102
2022-11-30,VRRM,identifier,Verra Mobility Corp,0.028693525555,14055954.35,886811.0,15.85,US92511U1025,92511U102
2022-11-30,BL,identifier,Blackline Inc,0.045955105903,22511798.68,332572.0,67.69,US09239B1098,09239B109
2022-11-30,,,Ebix Inc,0.01209759856,5926190.31,312069.0,18.99,US2787152063,278715206
2022-11-30,AVPT,identifier,AvePoint Inc,0.012903805979,6321123.12,1339221.0,4.72,US0536041041,053604104
2022-11-30,ATEN,identifier,A10 Networks Inc,0.020336613778,9962195.63,532453.0,18.71,US0021211018,002121101
2022-11-30,VMW,manual table,VMware Inc,0.257968797017,126369888.83,1040167.0,121.49,US9285634021,928563402
2022-11-30,CDNS,identifier,Cadence Design Systems Inc,0.471261713305,230854626.64,1341866.0,172.04,US1273871087,127387108
2022-11-30,ROP,identifier,Roper Technologies Inc,0.462363631896,226495767.85,516065.0,438.89,US7766961061,776696106
2022-11-30,COHR,identifier,Coherent Corp,0.054529841155,26712261.5,728450.0,36.67,US19247G1076,19247G107
2022-11-30,LSCC,identifier,Lattice Semiconductor Corp,0.108781952517,53288472.89,731683.0,72.83,US5184151042,518415104
2022-11-30,,,HashiCorp Inc,0.016023162599,7849186.8,287516.0,27.3,US4181001037,418100103
2022-11-30,FORM,identifier,FormFactor Inc,0.024021169016,11767130.34,510062.0,23.07,US3463751087,346375108
2022-11-30,ZM,identifier,Zoom Video Communications Inc,0.173910517918,85192678.61,1129427.0,75.42999999999999,US98980L1017,98980L101
2022-11-30,CPAY,manual table,FleetCor Technologies Inc,0.149101020979,73039374.0,372270.0,196.2,US3390411052,339041105
2022-11-30,TASK,identifier,TaskUS Inc,0.013408437442,6568324.42,333926.0,19.669999999999998,US87652V1098,87652V109
2022-11-30,MMS,identifier,Maximus Inc,0.05098958079,24978011.8,355306.0,70.3,US5779331041,577933104
2022-11-30,BMI,identifier,Badger Meter Inc,0.041347311904,20254601.6,174880.0,115.82000000000001,US0565251081,056525108
2022-11-30,HPE,identifier,Hewlett Packard Enterprise Co,0.222377082836,108934753.2,6491940.0,16.78,US42824C1099,42824C109
2022-11-30,CEVA,identifier,CEVA Inc,0.013750477177,6735877.72,247916.0,27.169999999999998,US1572101053,157210105
2022-11-30,FISV,identifier,Fiserv Inc,0.633553260228,310355577.84,2973894.0,104.35999999999999,US3377381088,337738108
2022-11-30,BSY,identifier,Bentley Systems Inc,0.083170687791,40742410.29,1028589.0,39.61,US08265T2087,08265T208
2022-11-30,FIS,identifier,Fidelity National Information Services Inc,0.43965018919,215369246.88,2967336.0,72.58,US31620M1062,31620M106
2022-11-30,FTNT,identifier,Fortinet Inc,0.361499816977,177086113.56,3331191.0,53.160000000000004,US34959E1091,34959E109
2022-11-30,ADEA,identifier,Adeia Inc,0.018754851649,9187345.7,831434.0,11.049999999999999,US00676P1075,00676P107
2022-11-30,ASAN,identifier,Asana Inc,0.019098092123,9355487.2,515170.0,18.16,US04342Y1047,04342Y104
2022-11-30,CRNC,identifier,Cerence Inc,0.016910967884,8284091.55,403905.0,20.509999999999998,US1567271093,156727109
2022-11-30,ITRI,identifier,Itron Inc,0.032074096562,15711977.82,295449.0,53.18,US4657411066,465741106
2022-11-30,RELY,identifier,Remitly Global Inc,0.015477570953,7581920.54,724849.0,10.46,US75960P1049,75960P104
2022-11-30,RPD,identifier,Rapid7 Inc,0.021354242622,10460696.4,355806.0,29.400000000000002,US7534221046,753422104
2022-11-30,,,Envestnet Inc,0.036240313774,17752861.88,300794.0,59.019999999999996,US29404K1060,29404K106
2022-11-30,ENPH,identifier,Enphase Energy Inc,0.432121916236,211681409.33,660287.0,320.59000000000003,US29355A1079,29355A107
2022-11-30,NVTS,identifier,Navitas Semiconductor Corp,0.008037026023,3937057.88,827113.0,4.76,US63942X1063,63942X106
2022-11-30,PAYO,identifier,Payoneer Global Inc,0.016363058273,8015689.8,1484387.0,5.3999999999999995,US70451X1046,70451X104
2022-11-30,VRSN,identifier,VeriSign Inc,0.200176276861,98059355.03,490763.0,199.81,US92343E1029,92343E102
2022-11-30,HUCK,identifier,Domo Inc,0.010316235364,5053562.8,353396.0,14.299999999999999,US2575541055,257554105
2022-11-30,AMPL,identifier,Amplitude Inc,0.013418497152,6573252.32,459026.0,14.32,US03213A1043,03213A104
2022-11-30,MEI,identifier,Methode Electronics Inc,0.025108636222,12299842.48,269261.0,45.68,US5915202007,591520200
2022-11-30,DIOD,identifier,Diodes Inc,0.050208973729,24595619.71,266677.0,92.23,US2545431015,254543101
2022-11-30,,,Sumo Logic Inc,0.01388663689,6802577.6,895076.0,7.6,US86646P1030,86646P103
2022-11-30,,,New Relic Inc,0.040139835883,19663101.34,349442.0,56.269999999999996,US64829B1008,64829B100
2022-11-30,UIS,identifier,Unisys Corp,0.006373478201,3122144.0,726080.0,4.3,US9092143067,909214306
2022-11-30,CFLT,manual table,Confluent Inc,0.03100640458,15188952.87,659529.0,23.029999999999998,US20717M1036,20717M103
2022-11-30,EGHT,identifier,8x8 Inc,0.014102999922,6908566.28,1614151.0,4.28,US2829141009,282914100
2022-11-30,QCOM,identifier,QUALCOMM Inc,1.391507700666,681650941.79,5388971.0,126.49,US7475251036,747525103
2022-11-30,,,Switch Inc,0.052456233187,25696473.5,750262.0,34.25,US87105L1044,87105L104
2022-11-30,FSLY,identifier,Fastly Inc,0.018953350658,9284583.42,961137.0,9.66,US31188V1008,31188V100
2022-11-30,NOVT,identifier,Novanta Inc,0.064387141828,31541008.25,199943.0,157.75,CA67000B1040,67000B104
2022-11-30,TXN,identifier,Texas Instruments Inc,1.633483720434,800186528.54,4434149.0,180.45999999999998,US8825081040,882508104
2022-11-30,ROG,identifier,Rogers Corp,0.02323993319,11384430.24,104406.0,109.04,US7751331015,775133101
2022-11-30,BILL,identifier,Bill.com Holdings Inc,0.11715006095,57387716.46,476563.0,120.42,US0900431000,090043100
2022-11-30,BR,identifier,Broadridge Financial Solutions Inc,0.17812018616,87254847.81,585171.0,149.11,US11133T1034,11133T103
2022-11-30,FLYW,identifier,Flywire Corp,0.013838402419,6778949.22,312538.0,21.689999999999998,US3024921039,302492103
2022-11-30,LASR,identifier,nLight Inc,0.012464729676,6106035.0,562250.0,10.86,US65487K1007,65487K100
2022-11-30,POWI,identifier,Power Integrations Inc,0.054887698308,26887563.2,334090.0,80.48,US7392761034,739276103
2022-11-30,BOX,identifier,Box Inc,0.045618837289,22347072.45,814101.0,27.45,US10316T1043,10316T104
2022-11-30,YEXT,identifier,Yext Inc,0.013841330552,6780383.61,1272117.0,5.33,US98585N1063,98585N106
2022-11-30,CRM,identifier,Salesforce Inc,1.56294621995,765632674.75,4777739.0,160.25,US79466L3024,79466L302
2022-11-30,,,Embark Technology Inc,0.001324802014,648974.16,157518.0,4.12,US29079J2024,29079J202
2022-11-30,RAMP,identifier,LiveRamp Holdings Inc,0.023429393627,11477240.28,522643.0,21.959999999999997,US53815P1084,53815P108
2022-11-30,XRX,identifier,Xerox Holdings Corp,0.026152833528,12811358.21,785491.0,16.310000000000002,US98421M1062,98421M106
2022-11-30,,,E2open Parent Holdings Inc,0.018573894636,9098701.19,1544771.0,5.89,US29788T1034,29788T103
2022-11-30,,,Alteryx Inc,0.032993701179,16162459.95,360367.0,44.85,US02156B1035,02156B103
2022-11-30,IONQ,identifier,IonQ Inc,0.012286733132,6018840.72,1166442.0,5.16,US46222L1089,46222L108
2022-11-30,,,FARO Technologies Inc,0.013416648807,6572346.88,219664.0,29.919999999999998,US3116421021,311642102
2022-11-30,OKTA,identifier,Okta Inc,0.085563105686,41914372.12,786091.0,53.31999999999999,US6792951054,679295105
2022-11-30,FOUR,identifier,Shift4 Payments Inc,0.030086352697,14738251.64,318046.0,46.34,US82452J1097,82452J109
2022-11-30,MSTR,identifier,MicroStrategy Inc,0.024254919021,11881636.29,59981.0,198.08999999999997,US5949724083,594972408
2022-11-30,TDY,identifier,Teledyne Technologies Inc,0.200749074797,98339948.7,234087.0,420.1,US8793601050,879360105
2022-11-30,CCSI,identifier,Consensus Cloud Solutions Inc,0.017880099613,8758835.28,154232.0,56.79,US20848V1052,20848V105
2022-11-30,TOST,identifier,Toast Inc,0.042336895941,20739364.2,1129595.0,18.36,US8887871080,888787108
2022-11-30,XYZ,identifier,Block Inc,0.3523254091,172591892.1,2546730.0,67.77,US8522341036,852234103
2022-11-30,ACN,identifier,Accenture PLC,1.86962750555,915865107.57,3043449.0,300.93,IE00B4BNMY34,G1151C101
2022-11-30,LIDR,SEC company list,AEye Inc,0.003538172525,1733226.94,1947446.0,0.89,US0081831051,008183105
2022-11-30,CRUS,identifier,Cirrus Logic Inc,0.049047209117,24026511.87,321597.0,74.71000000000001,US1727551004,172755100
2022-11-30,CNXN,identifier,PC Connection Inc,0.014751455026,7226221.75,130085.0,55.55,US69318J1007,69318J100
2022-11-30,BLKB,identifier,Blackbaud Inc,0.034111903566,16710228.18,281934.0,59.269999999999996,US09227Q1004,09227Q100
2022-11-30,,,Jamf Holding Corp,0.014044977652,6880143.2,323315.0,21.28,US47074L1052,47074L105
2022-11-30,,,Duck Creek Technologies Inc,0.015594500818,7639200.39,682681.0,11.19,US2641201064,264120106
2022-11-30,TTEC,identifier,TTEC Holdings Inc,0.016898418712,8277944.15,172637.0,47.95,US89854H1023,89854H102
2022-11-30,PEGA,identifier,Pegasystems Inc,0.022769422983,11153943.75,307695.0,36.25,US7055731035,705573103
2022-11-30,PANW,identifier,Palo Alto Networks Inc,0.503502474025,246648247.4,1451726.0,169.9,US6974351057,697435105
2022-11-30,AVT,identifier,Avnet Inc,0.051451649569,25204363.13,557989.0,45.169999999999995,US0538071038,053807103
2022-11-30,MITK,identifier,Mitek Systems Inc,0.011453823928,5610827.64,548468.0,10.229999999999999,US6067102003,606710200
2022-11-30,PAYC,identifier,Paycom Software Inc,0.177162118335,86785523.9,255929.0,339.1,US70432V1026,70432V102
2022-11-30,,,Informatica Inc,0.012215890922,5984137.6,348320.0,17.18,US45674M1018,45674M101
2022-11-30,COHU,identifier,Cohu Inc,0.02629349442,12880263.06,359583.0,35.82,US1925761066,192576106
2022-11-30,TENB,identifier,Tenable Holdings Inc,0.049601380575,24297981.08,636406.0,38.18,US88025T1025,88025T102
2022-11-30,COUP,manual table,Coupa Software Inc,0.054986453023,26935939.68,425932.0,63.24,US22266L1061,22266L106
2022-11-30,ALRM,identifier,Alarm.com Holdings Inc,0.02882936716,14122498.4,283016.0,49.9,US0116421050,011642105
2022-11-30,,,KnowBe4 Inc,0.025344766903,12415514.64,502856.0,24.69,US49926T1043,49926T104
2022-11-30,,,Smartsheet Inc,0.043678704396,21396669.22,696053.0,30.74,US83200N1037,83200N103
2022-11-30,VSH,identifier,Vishay Intertechnology Inc,0.038135592861,18681292.8,810820.0,23.04,US9282981086,928298108
2022-11-30,KLAC,identifier,KLA Corp,0.583229396624,285703677.6,726704.0,393.15000000000003,US4824801009,482480100
2022-11-30,PLAB,identifier,Photronics Inc,0.020265767261,9927490.4,528058.0,18.8,US7194051022,719405102
2022-11-30,HLIT,identifier,Harmonic Inc,0.024350505373,11928460.7,777605.0,15.34,US4131601027,413160102
2022-11-30,UPLD,SEC company list,Upland Software Inc,0.008289328261,4060651.92,538548.0,7.54,US91544A1097,91544A109
2022-11-30,CDW,identifier,CDW Corp/DE,0.257277279437,126031138.56,668104.0,188.64000000000001,US12514G1085,12514G108
2022-11-30,FN,identifier,Fabrinet,0.057452643649,28144040.19,210959.0,133.41,KYG3323L1005,G3323L100
2022-11-30,KN,identifier,Knowles Corp,0.022998411473,11266117.2,722187.0,15.6,US49926D1090,49926D109
2022-11-30,HPQ,identifier,HP Inc,0.317418292265,155492116.76,5176169.0,30.04,US40434L1052,40434L105
2022-11-30,,,Momentive Global Inc,0.017324135172,8486487.75,1070175.0,7.93,US60878Y1082,60878Y108
2022-11-30,PI,identifier,Impinj Inc,0.038416148107,18818727.0,147540.0,127.55,US4532041096,453204109
2022-11-30,CRWD,identifier,Crowdstrike Holdings Inc,0.23837390522,116771036.85,992529.0,117.64999999999999,US22788C1053,22788C105
2022-11-30,IBM,identifier,International Business Machines Corp,1.316566362123,644939801.8,4331362.0,148.89999999999998,US4592001014,459200101
2022-11-30,MAPS,identifier,WM Technology Inc,0.003143345044,1539814.77,1316081.0,1.17,US92971A1097,92971A109
2022-11-30,EXTR,identifier,Extreme Networks Inc,0.037402552516,18322201.98,873734.0,20.97,US30226D1063,30226D106
2022-11-30,CNXC,identifier,Concentrix Corp,0.060678733366,29724388.68,242886.0,122.38,US20602D1019,20602D101
2022-11-30,GLW,identifier,Corning Inc,0.275164925273,134793670.47,3949419.0,34.13,US2193501051,219350105
2022-11-30,GPN,identifier,Global Payments Inc,0.291904478344,142993791.9,1377855.0,103.78,US37940X1028,37940X102
2022-11-30,NCNO,identifier,nCino Inc,0.020151960726,9871740.56,377938.0,26.12,US63947X1019,63947X101
2022-11-30,,,Squarespace Inc,0.013283646514,6507193.71,317579.0,20.49,US85225A1079,85225A107
2022-11-30,APPS,identifier,Digital Turbine Inc,0.025801332759,12639170.28,692178.0,18.259999999999998,US25400W1027,25400W102
2022-11-30,CNDT,identifier,Conduent Inc,0.014932301029,7314811.88,1810597.0,4.04,US2067871036,206787103
2022-11-30,MU,identifier,Micron Technology Inc,0.636426016732,311762840.75,5407855.0,57.65,US5951121038,595112103
2022-11-30,PTC,identifier,PTC Inc,0.146364011973,71698609.04,563624.0,127.21000000000001,US69370C1009,69370C100
2022-11-30,MSI,identifier,Motorola Solutions Inc,0.453378448002,222094240.6,815923.0,272.2,US6200763075,620076307
2022-11-30,BDC,identifier,Belden Inc,0.043757624545,21435329.44,266476.0,80.44000000000001,US0774541066,077454106
2022-11-30,AMAT,identifier,Applied Materials Inc,0.943195377268,462038418.4,4215679.0,109.6,US0382221051,038222105
2022-11-30,AI,identifier,C3.ai Inc,0.017347932054,8498145.01,653201.0,13.01,US12468P1049,12468P104
2022-11-30,FICO,identifier,Fair Isaac Corp,0.16768677768,82143886.0,132550.0,619.72,US3032501047,303250104
2022-11-30,ALTR,manual table,Altair Engineering Inc,0.032563911353,15951920.95,325085.0,49.07,US0213691035,021369103
2022-11-30,NVDA,identifier,NVIDIA Corp,4.148448255892,2032179670.47,12008389.0,169.23,US67066G1040,67066G104
2022-11-30,APPF,identifier,Appfolio Inc,0.029214855211,14311335.51,125439.0,114.09,US03783C1009,03783C100
2022-11-30,,,Avid Technology Inc,0.017490922036,8568190.8,305135.0,28.080000000000002,US05367P1003,05367P100
2022-11-30,MASS,identifier,908 Devices Inc,0.006857313528,3359158.0,313940.0,10.7,US65443P1021,65443P102
2022-11-30,IDCC,identifier,InterDigital Inc,0.022609349193,11075529.2,220760.0,50.169999999999995,US45867G1013,45867G101
2022-11-30,EEFT,identifier,Euronet Worldwide Inc,0.054386369285,26641979.65,286627.0,92.94999999999999,US2987361092,298736109
2022-11-30,LFUS,identifier,Littelfuse Inc,0.068118666209,33368951.5,135371.0,246.5,US5370081045,537008104
2022-11-30,MA,identifier,Mastercard Inc,3.031191487592,1484874666.0,4166315.0,356.4,US57636Q1040,57636Q104
2022-11-30,FRSH,identifier,Freshworks Inc,0.021839001999,10698163.06,723827.0,14.780000000000001,US3580541049,358054104
2022-11-30,PAYX,identifier,Paychex Inc,0.401483070236,196672510.55,1585685.0,124.03,US7043261079,704326107
2022-11-30,PLTR,identifier,Palantir Technologies Inc,0.12795359533,62679990.0,8357332.0,7.5,US69608A1088,69608A108
2022-11-30,,,Couchbase Inc,0.008268218936,4050311.2,297817.0,13.600000000000001,US22207T1016,22207T101
2022-11-30,SPLK,manual table,Splunk Inc,0.129235989745,63308190.16,814987.0,77.67999999999999,US8486371045,848637104
2022-11-30,UCTT,identifier,Ultra Clean Holdings Inc,0.025656886763,12568411.24,352748.0,35.63,US90385V1070,90385V107
2022-11-30,,,Paycor HCM Inc,0.017017497659,8336276.76,288253.0,28.919999999999998,US70435P1021,70435P102
2022-11-30,WDAY,identifier,Workday Inc,0.334475612895,163847901.4,975866.0,167.9,US98138H1014,98138H101
2022-11-30,SNX,identifier,TD SYNNEX Corp,0.051744232761,25347689.4,247778.0,102.3,US87162W1009,87162W100
2022-11-30,LWLG,identifier,Lightwave Logic Inc,0.017346005339,8497201.18,1071526.0,7.93,US5322751042,532275104
2022-11-30,SLAB,identifier,Silicon Laboratories Inc,0.060531884667,29652452.64,203881.0,145.44,US8269191024,826919102
2022-11-30,DOCU,identifier,DocuSign Inc,0.099092260649,48541831.83,1031269.0,47.07,US2561631068,256163106
2022-11-30,VERX,identifier,Vertex Inc,0.015101558472,7397725.18,430601.0,17.18,US92538J1060,92538J106
2022-11-30,VRNS,identifier,Varonis Systems Inc,0.0284718708,13947373.44,656656.0,21.24,US9222801022,922280102
2022-11-30,FSLR,identifier,First Solar Inc,0.171832992483,84174971.58,487886.0,172.53,US3364331070,336433107
2022-11-30,PDFS,identifier,PDF Solutions Inc,0.019254128148,9431923.79,300667.0,31.369999999999997,US6932821050,693282105
2022-11-30,ICHR,identifier,Ichor Holdings Ltd,0.017775838361,8707761.34,292403.0,29.78,KYG4740B1059,G4740B105
2022-11-30,AGYS,identifier,Agilysys Inc,0.024127869552,11819399.2,178003.0,66.39999999999999,US00847J1051,00847J105
2022-11-30,CMRC,identifier,BigCommerce Holdings Inc,0.009639200039,4721906.88,546517.0,8.64,US08975P1084,08975P108
2022-11-30,NTAP,identifier,NetApp Inc,0.154654117653,75759641.79,1120539.0,67.61,US64110D1046,64110D104
2022-11-30,ZS,identifier,Zscaler Inc,0.116718654638,57176385.6,428448.0,133.45000000000002,US98980G1022,98980G102
2022-11-30,AEIS,identifier,Advanced Energy Industries Inc,0.0432598613,21191492.64,228751.0,92.64,US0079731008,007973100
2022-11-30,,,SEMrush Holdings Inc,0.009386489525,4598112.84,485033.0,9.48,US81686C1045,81686C104
2022-11-30,OLED,identifier,Universal Display Corp,0.05767594943,28253429.88,250874.0,112.61999999999999,US91347P1057,91347P105
2022-11-30,FIVN,identifier,Five9 Inc,0.051766992745,25358838.72,395552.0,64.11,US3383071012,338307101
2022-11-30,EVTC,identifier,EVERTEC Inc,0.027201371683,13325000.37,394581.0,33.769999999999996,PR30040P1032,30040P103
2022-11-30,,,Paya Holdings Inc,0.017646836314,8644567.75,928525.0,9.31,US70434P1030,70434P103
2022-11-30,ALKT,identifier,Alkami Technology Inc,0.00811909608,3977261.13,316409.0,12.57,US01644J1088,01644J108
2022-11-30,ONTO,identifier,Onto Innovation Inc,0.048128800055,23576615.4,294892.0,79.94999999999999,US6833441057,683344105
2022-11-30,HCKT,identifier,Hackett Group Inc/The,0.013730509595,6726096.3,291173.0,23.099999999999998,US4046091090,404609109
2022-11-30,U,identifier,Unity Software Inc,0.107704176675,52760508.21,1335371.0,39.51,US91332U1016,91332U101
2022-11-30,,,National Instruments Corp,0.059988351467,29386194.74,716387.0,41.019999999999996,US6365181022,636518102
2022-11-30,FLEX,identifier,Flex Ltd,0.107153668756,52490833.64,2388118.0,21.98,SG9999000020,Y2573F102
2022-11-30,AVGO,identifier,Broadcom Inc,2.198719471696,1077075748.77,1954659.0,551.03,US11135F1012,11135F101
2022-11-30,JKHY,identifier,Jack Henry & Associates Inc,0.141880397061,69502242.95,367057.0,189.35,US4262811015,426281101
2022-11-30,,,Zuora Inc,0.016963978344,8310059.52,1082039.0,7.68,US98983V1061,98983V106
2022-11-30,MX,identifier,Magnachip Semiconductor Corp,0.011834965333,5797535.48,572879.0,10.120000000000001,US55933J2033,55933J203
2022-11-30,VISN,identifier,CommScope Holding Co Inc,0.023282506714,11405285.52,1284379.0,8.879999999999999,US20337X1090,20337X109
2022-11-30,,,Avaya Holdings Corp,0.003223992485,1579321.13,1634908.0,0.9660000012233103,US05351X1019,05351X101
2022-11-30,CSCO,identifier,Cisco Systems Inc,2.019175453138,989123415.28,19893874.0,49.72,US17275R1023,17275R102
2022-11-30,SCSC,identifier,ScanSource Inc,0.014804522482,7252217.64,242874.0,29.86,US8060371072,806037107
2022-11-30,IIIV,identifier,I3 Verticals Inc,0.014808085606,7253963.09,275921.0,26.29,US46571Y1073,46571Y107
2022-11-30,DBX,identifier,Dropbox Inc,0.075422008772,36946603.52,1568192.0,23.560000000000002,US26210C1045,26210C104
2022-11-30,PD,identifier,PagerDuty Inc,0.024235930994,11872334.72,533828.0,22.240000000000002,US69553P1003,69553P100
2022-11-30,ANET,"same company, other snapshot",Arista Networks Inc,0.344929043197,168968671.2,1212984.0,139.29999999999998,US0404131064,040413106
2022-11-30,TDC,identifier,Teradata Corp,0.043007533953,21067886.3,616922.0,34.15,US88076W1036,88076W103
2022-11-30,,,Perficient Inc,0.031824086833,15589506.8,219416.0,71.05,US71375U1016,71375U101
2022-11-30,SSNC,identifier,SS&C Technologies Holdings Inc,0.128282452127,62841085.44,1168919.0,53.76,US78467J1007,78467J100
2022-11-30,RNG,identifier,RingCentral Inc,0.037528293931,18383798.3,496055.0,37.06,US76680R2067,76680R206
2022-11-30,CTSH,identifier,Cognizant Technology Solutions Corp,0.324043017251,158737337.77,2551637.0,62.21,US1924461023,192446102
2022-11-30,GWRE,identifier,Guidewire Software Inc,0.053585369199,26249597.73,442583.0,59.31,US40171V1008,40171V100
2022-11-30,NTGR,identifier,NETGEAR Inc,0.012406823234,6077668.66,308042.0,19.73,US64111Q1040,64111Q104
2022-11-30,PAY,identifier,Paymentus Holdings Inc,0.006043594223,2960545.38,291967.0,10.139999999999999,US70439P1084,70439P108
2022-11-30,MXL,identifier,MaxLinear Inc,0.034938648091,17115221.4,467629.0,36.599999999999994,US57776J1007,57776J100
2022-11-30,,,Everbridge Inc,0.020143763039,9867724.8,302320.0,32.64,US29978A1043,29978A104
2022-11-30,CRSR,identifier,Corsair Gaming Inc,0.016506987882,8086195.88,479324.0,16.87,US22041X1028,22041X102
2022-11-30,AKAM,identifier,Akamai Technologies Inc,0.156625645031,76725424.08,808828.0,94.86,US00971T1016,00971T101
2022-11-30,ENTG,identifier,Entegris Inc,0.119468832557,58523601.55,757195.0,77.28999999999999,US29362U1043,29362U104
2022-11-30,SPSC,identifier,SPS Commerce Inc,0.05852504742,28669373.28,201528.0,142.26000000000002,US78463M1071,78463M107
2022-11-30,AMBA,identifier,Ambarella Inc,0.036621125454,17939408.2,241771.0,74.2,KYG037AX1015,G037AX101
2022-11-30,VIAV,identifier,Viavi Solutions Inc,0.030980985618,15176501.01,1339497.0,11.33,US9255501051,925550105
2022-11-30,GDYN,identifier,Grid Dynamics Holdings Inc,0.011695837945,5729381.84,449716.0,12.74,US39813G1094,39813G109
2023-02-28,EXLS,identifier,ExlService Holdings Inc,0.055439001424,27162246.1,165110.0,164.51000000000002,US3020811044,302081104
2023-02-28,OSIS,identifier,OSI Systems Inc,0.017157179451,8406131.4,90828.0,92.55,US6710441055,671044105
2023-02-28,MVIS,SEC company list,MicroVision Inc,0.007090072065,3473768.96,1356941.0,2.56,US5949603048,594960304
2023-02-28,VERI,identifier,Veritone Inc,0.005197735149,2546621.65,359185.0,7.09,US92347M1009,92347M100
2023-02-28,,,Clearwater Analytics Holdings Inc,0.007316215668,3584567.64,208284.0,17.21,US1851231068,185123106
2023-02-28,MIR,identifier,Mirion Technologies Inc,0.014681091488,7192976.24,792178.0,9.08,US60471A1016,60471A101
2023-02-28,TER,identifier,Teradyne Inc,0.156779610868,76813908.34,759481.0,101.14,US8807701029,880770102
2023-02-28,SNPS,identifier,Synopsys Inc,0.544110195772,266585881.12,732862.0,363.76,US8716071076,871607107
2023-02-28,IT,identifier,Gartner Inc,0.254436826709,124660898.04,380284.0,327.81,US3666511072,366651107
2023-02-28,WK,identifier,Workiva Inc,0.042622070065,20882612.0,234110.0,89.2,US98139A1051,98139A105
2023-02-28,ACLS,identifier,Axcelis Technologies Inc,0.044719322162,21910157.16,170454.0,128.54,US0545402085,054540208
2023-02-28,RMNI,identifier,Rimini Street Inc,0.004606997405,2257190.68,527381.0,4.28,US76674Q1076,76674Q107
2023-02-28,BHE,identifier,Benchmark Electronics Inc,0.010327162788,5059776.15,212685.0,23.790000000000003,US08160H1014,08160H101
2023-02-28,MTSI,identifier,MACOM Technology Solutions Holdings Inc,0.035574053046,17429447.84,254296.0,68.54,US55405Y1001,55405Y100
2023-02-28,CVLT,identifier,CommVault Systems Inc,0.025817276589,12649131.52,214829.0,58.879999999999995,US2041661024,204166102
2023-02-28,DMRC,SEC company list,Digimarc Corp,0.005765526778,2824810.21,138539.0,20.39,US25381B1017,25381B101
2023-02-28,ARW,identifier,Arrow Electronics Inc,0.076341319602,37403301.96,317004.0,117.99000000000001,US0427351004,042735100
2023-02-28,ALGM,identifier,Allegro MicroSystems Inc,0.032103193325,15728905.92,360094.0,43.68,US01749D1054,01749D105
2023-02-28,,,ON24 Inc,0.005613413084,2750282.36,285299.0,9.639999999999999,US68339B1044,68339B104
2023-02-28,MDB,identifier,MongoDB Inc,0.141477691913,69316758.72,330836.0,209.52,US60937P1066,60937P106
2023-02-28,,,Verint Systems Inc,0.026257260292,12864700.8,344160.0,37.38,US92343X1000,92343X100
2023-02-28,NSSC,identifier,Napco Security Technologies Inc,0.01244829473,6099021.2,193007.0,31.6,US6304021057,630402105
2023-02-28,GDDY,identifier,GoDaddy Inc,0.11749901392,57568445.51,760381.0,75.71,US3802371076,380237107
2023-02-28,LAW,identifier,CS Disco Inc,0.003867450685,1894851.0,270693.0,7.0,US1263271058,126327105
2023-02-28,INDI,identifier,indie Semiconductor Inc,0.011259114513,5516384.34,527379.0,10.459999999999999,US45569U1016,45569U101
2023-02-28,CGNX,identifier,Cognex Corp,0.082323801075,40334408.76,850578.0,47.419999999999995,US1924221039,192422103
2023-02-28,TEAM,identifier,Atlassian Corp,0.000408520507,200153.94,1218.0,164.33,US0494681010,049468101
2023-02-28,AAPL,identifier,Apple Inc,22.35055945146,10950619251.74,74286814.0,147.41,US0378331005,037833100
2023-02-28,,,SolarWinds Corp,0.005782351307,2833053.36,332518.0,8.52,US83417Q2049,83417Q204
2023-02-28,SNOW,identifier,Snowflake Inc,0.336800363117,165014775.06,1068887.0,154.38,US8334451098,833445109
2023-02-28,JBL,identifier,Jabil Inc,0.113774111818,55743435.95,671365.0,83.03,US4663131039,466313103
2023-02-28,CXM,identifier,Sprinklr Inc,0.009222542529,4518569.3,416458.0,10.85,US85208T1079,85208T107
2023-02-28,,,Olo Inc,0.010044242342,4921159.75,620575.0,7.93,US68134L1098,68134L109
2023-02-28,ADI,identifier,Analog Devices Inc,0.920014473491,450759553.79,2456857.0,183.47,US0326541051,032654105
2023-02-28,QTWO,identifier,Q2 Holdings Inc,0.020794267804,10188116.76,315617.0,32.28,US74736L1098,74736L109
2023-02-28,CALX,identifier,Calix Inc,0.031546905337,15456353.55,302177.0,51.150000000000006,US13100M5094,13100M509
2023-02-28,TTMI,identifier,TTM Technologies Inc,0.014631202002,7168532.97,539393.0,13.29,US87305R1095,87305R109
2023-02-28,KD,identifier,Kyndryl Holdings Inc,0.031118504733,15246459.39,971731.0,15.690000000000001,US50155Q1004,50155Q100
2023-02-28,,,American Software Inc/GA,0.007286725293,3570118.88,263672.0,13.54,US0296831094,029683109
2023-02-28,RBBN,identifier,Ribbon Communications Inc,0.006971924545,3415882.78,765893.0,4.46,US7625441040,762544104
2023-02-28,PCOR,identifier,Procore Technologies Inc,0.021324071938,10447693.41,155959.0,66.99,US74275K1088,74275K108
2023-02-28,AMD,identifier,Advanced Micro Devices Inc,1.23699150962,606061922.92,7712674.0,78.58,US0079031078,007903107
2023-02-28,NSIT,identifier,Insight Enterprises Inc,0.04888814177,23952663.36,178858.0,133.92,US45765U1034,45765U103
2023-02-28,SEDG,identifier,SolarEdge Technologies Inc,0.174636948928,85563081.28,269134.0,317.92,US83417M1045,83417M104
2023-02-28,APH,identifier,Amphenol Corp,0.451330589832,221128668.24,2852537.0,77.52000000000001,US0320951017,032095101
2023-02-28,VECO,identifier,Veeco Instruments Inc,0.013468629305,6598932.42,310246.0,21.27,US9224171002,922417100
2023-02-28,PRGS,identifier,Progress Software Corp,0.027230017564,13341301.6,232265.0,57.44,US7433121008,743312100
2023-02-28,MSFT,identifier,Microsoft Corp,17.14557668577,8400446644.08,33679924.0,249.42,US5949181045,594918104
2023-02-28,IPGP,identifier,IPG Photonics Corp,0.045144302895,22118375.76,179474.0,123.24000000000001,US44980X1090,44980X109
2023-02-28,NOW,identifier,ServiceNow Inc,0.847548285731,415254866.2,960860.0,432.17,US81762P1021,81762P102
2023-02-28,,,SMART Global Holdings Inc,0.01038092856,5086118.6,304558.0,16.7,KYG8232Y1017,G8232Y101
2023-02-28,LRCX,"same company, other snapshot",Lam Research Corp,0.650508674167,318715637.8,655780.0,486.01,US5128071082,512807108
2023-02-28,,,Model N Inc,0.012855447052,6298504.8,189714.0,33.199999999999996,US6075251024,607525102
2023-02-28,LITE,identifier,Lumentum Holdings Inc,0.03803032937,18632896.32,346272.0,53.81,US55024U1097,55024U109
2023-02-28,V,identifier,Visa Inc,3.269291426084,1601783870.68,7282822.0,219.94,US92826C8394,92826C839
2023-02-28,ESTC,identifier,Elastic NV,0.046639390513,22850891.44,387172.0,59.02,NL0013056914,N14506104
2023-02-28,EPAM,identifier,EPAM Systems Inc,0.173749532838,85128293.25,276705.0,307.65,US29414B1044,29414B104
2023-02-28,NET,identifier,Cloudflare Inc,0.152119591666,74530739.72,1241972.0,60.01,US18915M1071,18915M107
2023-02-28,TRMB,identifier,Trimble Inc,0.12772057937,62576484.42,1202007.0,52.06,US8962391004,896239100
2023-02-28,PLUS,identifier,ePlus Inc,0.017052303168,8354747.44,154232.0,54.17,US2942681071,294268107
2023-02-28,,,Black Knight Inc,0.093005876983,45568074.0,764565.0,59.6,US09215C1053,09215C105
2023-02-28,SMRT,identifier,SmartRent Inc,0.005823700545,2853312.35,1101665.0,2.5900000000000003,US83193G1076,83193G107
2023-02-28,ADBE,identifier,Adobe Inc,1.476776023448,723543944.75,2233505.0,323.95,US00724F1012,00724F101
2023-02-28,,,Casa Systems Inc,0.004290529217,2102137.62,580701.0,3.62,US14713L1026,14713L102
2023-02-28,CLFD,identifier,Clearfield Inc,0.000249762827,122370.88,1952.0,62.690000000000005,US18482P1030,18482P103
2023-02-28,AFRM,identifier,Affirm Holdings Inc,0.028719686693,14071162.5,1033125.0,13.62,US00827B1061,00827B106
2023-02-28,ON,identifier,ON Semiconductor Corp,0.329841509052,161605296.14,2087654.0,77.41,US6821891057,682189105
2023-02-28,,,LivePerson Inc,0.009453675841,4631812.68,457689.0,10.12,US5381461012,538146101
2023-02-28,TLS,identifier,Telos Corp,0.003129627819,1533355.92,396216.0,3.8699999999999997,US87969B1017,87969B101
2023-02-28,INTU,identifier,Intuit Inc,1.064066899465,521337799.16,1280362.0,407.18,US4612021034,461202103
2023-02-28,AEVA,"same company, other snapshot",Aeva Technologies Inc,0.004893619855,2397620.87,1339453.0,1.79,US00835Q1031,00835Q103
2023-02-28,AZPN,manual table,Aspentech Corp,0.061412360139,30088883.22,141922.0,212.01,US29109X1063,29109X106
2023-02-28,OSPN,identifier,OneSpan Inc,0.006892946952,3377187.84,249792.0,13.52,US68287N1000,68287N100
2023-02-28,,,CSG Systems International Inc,0.020158886598,9876812.8,175744.0,56.2,US1263491094,126349109
2023-02-28,AOSL,identifier,Alpha & Omega Semiconductor Ltd,0.008359258148,4095604.56,153336.0,26.71,BMG6331P1041,G6331P104
2023-02-28,MARA,identifier,Marathon Digital Holdings Inc,0.010219093331,5006827.7,705187.0,7.1000000000000005,US5657881067,565788106
2023-02-28,,,PowerSchool Holdings Inc,0.013121336621,6428776.95,280121.0,22.95,US73939C1062,73939C106
2023-02-28,DV,identifier,DoubleVerify Holdings Inc,0.013504257654,6616388.47,251861.0,26.27,US25862V1052,25862V105
2023-02-28,SWKS,identifier,Skyworks Solutions Inc,0.176809051346,86627299.23,776439.0,111.57000000000001,US83088M1027,83088M102
2023-02-28,DLB,identifier,Dolby Laboratories Inc,0.052038687876,25496268.16,309872.0,82.28,US25659T1079,25659T107
2023-02-28,NXPI,identifier,NXP Semiconductors NV,0.458887324006,224831077.52,1259699.0,178.48000000000002,NL0009538784,N6596X109
2023-02-28,INTA,identifier,Intapp Inc,0.008523603682,4176125.38,105511.0,39.58,US45827U1097,45827U109
2023-02-28,,,SecureWorks Corp,0.003253496514,1594045.18,210574.0,7.569999999999999,US81374A1051,81374A105
2023-02-28,RIOT,identifier,Riot Platforms Inc,0.012247796648,6000787.5,960126.0,6.25,US7672921050,767292105
2023-02-28,MRVL,identifier,Marvell Technology Inc,0.378757495493,185571601.95,4110113.0,45.15,US5738741041,573874104
2023-02-28,TWLO,identifier,Twilio Inc,0.116525486322,57091467.29,849449.0,67.21,US90138F1021,90138F102
2023-02-28,BRZE,identifier,Braze Inc,0.010730468277,5257375.0,171250.0,30.7,US10576N1028,10576N102
2023-02-28,ADSK,identifier,Autodesk Inc,0.423287180882,207388846.89,1043781.0,198.69,US0527691069,052769106
2023-02-28,KEYS,identifier,Keysight Technologies Inc,0.281879244549,138106264.8,863380.0,159.96,US49338L1035,49338L103
2023-02-28,,,Matterport Inc,0.009041389957,4429813.9,1452398.0,3.0500000000000003,US5770961002,577096100
2023-02-28,WEX,identifier,WEX Inc,0.085631622583,41955070.38,217598.0,192.81,US96208T1043,96208T104
2023-02-28,ARLO,identifier,Arlo Technologies Inc,0.005833940911,2858329.6,752192.0,3.8000000000000003,US04206A1016,04206A101
2023-02-28,PRCH,identifier,Porch Group Inc,0.000285371929,139817.5,55927.0,2.5,US7332451043,733245104
2023-02-28,CASS,identifier,Cass Information Systems Inc,0.008828259523,4325391.0,89460.0,48.35,US14808P1093,14808P109
2023-02-28,GTLB,identifier,Gitlab Inc,0.021912390446,10735939.08,243777.0,44.04,US37637K1088,37637K108
2023-02-28,WDC,identifier,Western Digital Corp,0.120203542075,58893524.56,1530497.0,38.480000000000004,US9581021055,958102105
2023-02-28,ADP,identifier,Automatic Data Processing Inc,0.890271120341,436186847.62,1984291.0,219.82,US0530151036,053015103
2023-02-28,GEN,identifier,Gen Digital Inc,0.115741344367,56707278.25,2906575.0,19.51,US6687711084,668771108
2023-02-28,CTS,identifier,CTS Corp,0.015906877156,7793547.88,179948.0,43.31,US1265011056,126501105
2023-02-28,PCTY,identifier,Paylocity Holding Corp,0.077918568537,38176072.44,198204.0,192.60999999999999,US70438V1061,70438V106
2023-02-28,S,identifier,SentinelOne Inc,0.029391707783,14400418.11,900589.0,15.99,US81730H1095,81730H109
2023-02-28,EXFY,identifier,Expensify Inc,0.003584943873,1756437.26,208603.0,8.42,US30219Q1067,30219Q106
2023-02-28,PATH,identifier,UiPath Inc,0.022919223148,11229235.08,756687.0,14.84,US90364P1057,90364P105
2023-02-28,PLXS,identifier,Plexus Corp,0.028119087359,13776899.86,143674.0,95.89,US7291321005,729132100
2023-02-28,SPT,identifier,Sprout Social Inc,0.03053515928,14960650.26,245337.0,60.98,US85209W1099,85209W109
2023-02-28,ORCL,identifier,Oracle Corp,1.360954914955,666797586.2,7629263.0,87.4,US68389X1054,68389X105
2023-02-28,DELL,identifier,Dell Technologies Inc,0.107547600959,52692767.36,1296574.0,40.64,US24703L2025,24703L202
2023-02-28,ACMR,identifier,ACM Research Inc,0.007031412043,3445028.58,331891.0,10.38,US00108J1097,00108J109
2023-02-28,INTC,identifier,Intel Corp,0.992950810707,486494590.32,19514424.0,24.93,US4581401001,458140100
2023-02-28,MPWR,identifier,Monolithic Power Systems Inc,0.212313381102,104022586.26,214794.0,484.29,US6098391054,609839105
2023-02-28,YOU,identifier,Clear Secure Inc,0.012936881681,6338403.56,206194.0,30.74,US18467V1098,18467V109
2023-02-28,TYL,identifier,Tyler Technologies Inc,0.132448951615,64893142.5,202002.0,321.25,US9022521051,902252105
2023-02-28,,,Evo Payments Inc,0.018443770328,9036494.45,266957.0,33.849999999999994,US26927E1047,26927E104
2023-02-28,CIFR,identifier,Cipher Mining Inc,0.002883340786,1412688.0,929400.0,1.52,US17253J1060,17253J106
2023-02-28,SABR,identifier,Sabre Corp,0.017296015806,8474154.04,1674734.0,5.06,US78573M1045,78573M104
2023-02-28,,,AvidXchange Holdings Inc,0.00728305117,3568318.75,358625.0,9.95,US05368X1028,05368X102
2023-02-28,ZBRA,identifier,Zebra Technologies Corp,0.153723989485,75316811.75,250847.0,300.25,US9892071054,989207105
2023-02-28,RPAY,identifier,Repay Holdings Corp,0.009362197705,4586993.12,540919.0,8.48,US76029L1008,76029L100
2023-02-28,APP,identifier,AppLovin Corp,0.018822527718,9222066.0,683116.0,13.5,US03831W1080,03831W108
2023-02-28,NTNX,identifier,Nutanix Inc,0.064364784292,31535418.5,1116298.0,28.25,US67059N1081,67059N108
2023-02-28,KLIC,identifier,Kulicke & Soffa Industries Inc,0.032958865557,16148141.1,302967.0,53.3,US5012421013,501242101
2023-02-28,CIEN,identifier,Ciena Corp,0.072617628852,35578885.9,737845.0,48.22,US1717793095,171779309
2023-02-28,DGII,identifier,Digi International Inc,0.014068164343,6892673.61,206553.0,33.370000000000005,US2537981027,253798102
2023-02-28,FFIV,identifier,F5 Inc,0.085339171335,41811784.38,292431.0,142.98000000000002,US3156161024,315616102
2023-02-28,LTCH,identifier,Latch Inc,0.003072766231,1505496.68,1905692.0,0.7899999999999999,US51818V1061,51818V106
2023-02-28,PAR,identifier,PAR Technology Corp,0.011959685144,5859627.75,171585.0,34.15,US6988841036,698884103
2023-02-28,IOT,identifier,Samsara Inc,0.015317391239,7504730.24,450464.0,16.66,US79589L1061,79589L106
2023-02-28,SMCI,"same company, other snapshot",Super Micro Computer Inc,0.048494665542,23759880.34,242522.0,97.97,US86800U1043,86800U104
2023-02-28,ADTN,identifier,ADTRAN Holdings Inc,0.014900096337,7300277.3,418354.0,17.45,US00486H1059,00486H105
2023-02-28,AMKR,identifier,Amkor Technology Inc,0.029939168554,14668645.6,569435.0,25.759999999999998,US0316521006,031652100
2023-02-28,MANH,identifier,Manhattan Associates Inc,0.090702906581,44439737.5,309146.0,143.75,US5627501092,562750109
2023-02-28,APPN,identifier,Appian Corp,0.017007459582,8332776.4,201032.0,41.45,US03782L1017,03782L101
2023-02-28,MQ,SEC company list,Marqeta Inc,0.023792842456,11657263.4,2009873.0,5.8,US57142B1044,57142B104
2023-02-28,SYNA,identifier,Synaptics Inc,0.048114284288,23573513.18,200438.0,117.61,US87157D1090,87157D109
2023-02-28,IMXI,identifier,International Money Express Inc,0.010784488667,5283842.2,206804.0,25.55,US46005L1017,46005L101
2023-02-28,VSAT,identifier,Viasat Inc,0.019887940638,9744063.28,306803.0,31.759999999999998,US92552V1008,92552V100
2023-02-28,QRVO,identifier,Qorvo Inc,0.103786810256,50850174.24,504016.0,100.89,US74736K1016,74736K101
2023-02-28,RXT,identifier,Rackspace Technology Inc,0.003438964174,1684914.75,716985.0,2.35,US7501021056,750102105
2023-02-28,ANSS,manual table,ANSYS Inc,0.261510759746,128126759.71,422011.0,303.60999999999996,US03662Q1058,03662Q105
2023-02-28,ZETA,identifier,Zeta Global Holdings Corp,0.014710692282,7207479.1,679310.0,10.61,US98956A1051,98956A105
2023-02-28,FCUV,SEC company list,Focus Universal Inc,0.003193224995,1564515.25,309805.0,5.05,US34417J1043,34417J104
2023-02-28,DDOG,identifier,Datadog Inc,0.184709555343,90498137.96,1182673.0,76.52,US23804L1035,23804L103
2023-02-28,SANM,identifier,Sanmina Corp,0.036645955835,17954624.82,296967.0,60.46,US8010561020,801056102
2023-02-28,OUST,"same company, other snapshot",Ouster Inc,0.010490281724,5139696.0,4283080.0,1.2,US68989M1036,68989M103
2023-02-28,,,Enfusion Inc,0.004188089313,2051947.36,191413.0,10.72,US2928121043,292812104
2023-02-28,PRO,identifier,PROS Holdings Inc,0.013250218722,6491922.52,248828.0,26.09,US74346Y1038,74346Y103
2023-02-28,TEL,"same company, other snapshot",TE Connectivity Ltd,0.399197571355,195586182.96,1536178.0,127.32000000000001,CH0102993182,H84989104
2023-02-28,,,MeridianLink Inc,0.005700510677,2792955.68,177218.0,15.760000000000002,US58985J1051,58985J105
2023-02-28,VNT,identifier,Vontier Corp,0.04344662128,21286599.49,813397.0,26.169999999999998,US9288811014,928881101
2023-02-28,VYX,identifier,NCR Corp,0.036584388118,17924459.82,702094.0,25.53,US62886E1082,62886E108
2023-02-28,WULF,identifier,Terawulf Inc,0.001233171876,604190.5,937020.0,0.6448000042688523,US88080T1043,88080T104
2023-02-28,DXC,identifier,DXC Technology Co,0.064513059316,31608065.6,1139440.0,27.740000000000002,US23355L1061,23355L106
2023-02-28,HUBS,identifier,HubSpot Inc,0.17461385784,85551767.84,221144.0,386.86,US4435731009,443573100
2023-02-28,TCX,identifier,Tucows Inc,0.004066481877,1992366.0,86175.0,23.12,US8986972060,898697206
2023-02-28,MCHP,identifier,Microchip Technology Inc,0.43863584744,214908900.42,2652214.0,81.03,US5950171042,595017104
2023-02-28,NTCT,identifier,NetScout Systems Inc,0.022231860951,10892463.12,382998.0,28.439999999999998,US64115T1043,64115T104
2023-02-28,QLYS,identifier,Qualys Inc,0.042618064541,20880649.5,176730.0,118.15,US74758T3032,74758T303
2023-02-28,,,Ceridian HCM Holding Inc,0.100419720375,49200474.18,674626.0,72.92999999999999,US15677J1088,15677J108
2023-02-28,FROG,identifier,JFrog Ltd,0.013731180624,6727569.0,292503.0,23.0,IL0011684185,M6191J100
2023-02-28,MKSI,identifier,MKS Instruments Inc,0.05900058912,28907240.04,298228.0,96.92999999999999,US55306N1046,55306N104
2023-02-28,P,identifier,Pure Storage Inc,0.080863745069,39619056.76,1388194.0,28.54,US74624M1027,74624M102
2023-02-28,,,Infinera Corp,0.016011140682,7844631.62,1109566.0,7.07,US45667G1031,45667G103
2023-02-28,DOCN,identifier,DigitalOcean Holdings Inc,0.016749561733,8206419.78,256611.0,31.98,US25402D1028,25402D102
2023-02-28,SMTC,identifier,Semtech Corp,0.021618135518,10591769.37,343777.0,30.81,US8168501018,816850101
2023-02-28,,,Qualtrics International Inc,0.01750869407,8578355.4,506995.0,16.92,US7476012015,747601201
2023-02-28,RMBS,identifier,Rambus Inc,0.050340944092,24664461.43,557641.0,44.23,US7509171069,750917106
2023-02-28,STX,identifier,Seagate Technology Holdings PLC,0.127234826065,62338490.4,965590.0,64.56,IE00BKVD2N49,G7997R103
2023-02-28,DT,identifier,Dynatrace Inc,0.092321881631,45232951.62,1063554.0,42.529999999999994,US2681501092,268150109
2023-02-28,JNPR,manual table,Juniper Networks Inc,0.099000238852,48505001.58,1575861.0,30.779999999999998,US48203R1041,48203R104
2023-02-28,SITM,identifier,SiTime Corp,0.02237494957,10962569.15,88301.0,124.15,US82982T1060,82982T106
2023-02-28,PYPL,identifier,PayPal Holdings Inc,0.789242103388,386687849.6,5253911.0,73.60000000000001,US70450Y1038,70450Y103
2023-02-28,WU,identifier,Western Union Co/The,0.051006655129,24990625.44,1928289.0,12.96,US9598021098,959802109
2023-02-28,ACIW,identifier,ACI Worldwide Inc,0.029624164112,14514309.7,561482.0,25.849999999999998,US0044981019,004498101
2023-02-28,NABL,identifier,N-able Inc,0.008425725075,4128169.92,348663.0,11.84,US62878D1000,62878D100
2023-02-28,WOLF,SEC company list,Wolfspeed Inc,0.091782925491,44968890.96,607852.0,73.98,US9778521024,977852102
2023-02-28,VRRM,identifier,Verra Mobility Corp,0.026189829998,12831663.44,744728.0,17.23,US92511U1025,92511U102
2023-02-28,BL,identifier,Blackline Inc,0.040368604761,19778530.44,289329.0,68.36,US09239B1098,09239B109
2023-02-28,,,Ebix Inc,0.006664194748,3265111.08,187866.0,17.38,US2787152063,278715206
2023-02-28,AVPT,identifier,AvePoint Inc,0.007137324069,3496920.0,699384.0,5.0,US0536041041,053604104
2023-02-28,ATEN,identifier,A10 Networks Inc,0.012208938836,5981749.18,393019.0,15.219999999999999,US0021211018,002121101
2023-02-28,VMW,manual table,VMware Inc,0.228330085616,111869943.87,1015799.0,110.13000000000001,US9285634021,928563402
2023-02-28,CDNS,identifier,Cadence Design Systems Inc,0.516988027702,253297420.2,1312830.0,192.94,US1273871087,127387108
2023-02-28,ROP,identifier,Roper Technologies Inc,0.446424351973,218724865.2,508426.0,430.2,US7766961061,776696106
2023-02-28,COHR,identifier,Coherent Corp,0.057517631781,28180667.57,653389.0,43.13,US19247G1076,19247G107
2023-02-28,LSCC,identifier,Lattice Semiconductor Corp,0.116540130947,57098642.4,672065.0,84.96,US5184151042,518415104
2023-02-28,,,HashiCorp Inc,0.013984639597,6851750.8,234649.0,29.2,US4181001037,418100103
2023-02-28,FORM,identifier,FormFactor Inc,0.025779682788,12630712.5,419625.0,30.1,US3463751087,346375108
2023-02-28,ZM,identifier,Zoom Video Communications Inc,0.166511572341,81582066.6,1093740.0,74.58999999999999,US98980L1017,98980L101
2023-02-28,CPAY,manual table,FleetCor Technologies Inc,0.151546380649,74249895.94,345686.0,214.79,US3390411052,339041105
2023-02-28,TASK,identifier,TaskUS Inc,0.006814846675,3338922.74,194067.0,17.2050000257643,US87652V1098,87652V109
2023-02-28,MMS,identifier,Maximus Inc,0.051285809464,25127396.64,306133.0,82.08,US5779331041,577933104
2023-02-28,BMI,identifier,Badger Meter Inc,0.03746787512,18357322.8,150940.0,121.62,US0565251081,056525108
2023-02-28,HPE,identifier,Hewlett Packard Enterprise Co,0.200488648372,98229078.22,6292702.0,15.61,US42824C1099,42824C109
2023-02-28,CEVA,identifier,CEVA Inc,0.009797063889,4800055.08,152093.0,31.56,US1572101053,157210105
2023-02-28,FISV,identifier,Fiserv Inc,0.68294373506,334607141.68,2907352.0,115.09,US3377381088,337738108
2023-02-28,BSY,identifier,Bentley Systems Inc,0.079086914394,38748501.54,957699.0,40.46,US08265T2087,08265T208
2023-02-28,FIS,identifier,Fidelity National Information Services Inc,0.377632424056,185020375.08,2919684.0,63.370000000000005,US31620M1062,31620M106
2023-02-28,FTNT,identifier,Fortinet Inc,0.391051264479,191594913.52,3223333.0,59.440000000000005,US34959E1091,34959E109
2023-02-28,ADEA,identifier,Adeia Inc,0.012460269095,6104888.02,619157.0,9.86,US00676P1075,00676P107
2023-02-28,ASAN,identifier,Asana Inc,0.012912971323,6326688.72,427768.0,14.79,US04342Y1047,04342Y104
2023-02-28,CRNC,identifier,Cerence Inc,0.013860658849,6791006.64,248028.0,27.38,US1567271093,156727109
2023-02-28,ITRI,identifier,Itron Inc,0.027128136719,13291385.25,238325.0,55.77,US4657411066,465741106
2023-02-28,RELY,identifier,Remitly Global Inc,0.015169864254,7432449.64,508028.0,14.629999999999999,US75960P1049,75960P104
2023-02-28,RPD,identifier,Rapid7 Inc,0.030714453166,15048495.0,318150.0,47.3,US7534221046,753422104
2023-02-28,,,Envestnet Inc,0.031053650078,15214683.96,243396.0,62.510000000000005,US29404K1060,29404K106
2023-02-28,ENPH,identifier,Enphase Energy Inc,0.279410937671,136896921.97,650249.0,210.53,US29355A1079,29355A107
2023-02-28,NVTS,identifier,Navitas Semiconductor Corp,0.008327150762,4079873.6,628640.0,6.49,US63942X1063,63942X106
2023-02-28,PAYO,identifier,Payoneer Global Inc,0.014336495884,7024142.2,1211059.0,5.8,US70451X1046,70451X104
2023-02-28,VRSN,identifier,VeriSign Inc,0.186929881704,91585983.15,465305.0,196.83,US92343E1029,92343E102
2023-02-28,HUCK,identifier,Domo Inc,0.007724459126,3784585.84,246232.0,15.37,US2575541055,257554105
2023-02-28,AMPL,identifier,Amplitude Inc,0.009588817684,4698025.2,355911.0,13.200000000000001,US03213A1043,03213A104
2023-02-28,MEI,identifier,Methode Electronics Inc,0.020217225464,9905395.83,203271.0,48.73,US5915202007,591520200
2023-02-28,DIOD,identifier,Diodes Inc,0.043371885277,21249982.71,231759.0,91.69,US2545431015,254543101
2023-02-28,,,Sumo Logic Inc,0.014467397708,7088277.33,597159.0,11.870000000000001,US86646P1030,86646P103
2023-02-28,,,New Relic Inc,0.046352900364,22710526.07,311231.0,72.97,US64829B1008,64829B100
2023-02-28,UIS,identifier,Unisys Corp,0.005785144296,2834421.78,569161.0,4.9799999999999995,US9092143067,909214306
2023-02-28,CFLT,manual table,Confluent Inc,0.029585999761,14495611.14,594326.0,24.39,US20717M1036,20717M103
2023-02-28,EGHT,identifier,8x8 Inc,0.008755634722,4289808.6,806355.0,5.319999999999999,US2829141009,282914100
2023-02-28,QCOM,identifier,QUALCOMM Inc,1.346284932373,659610052.75,5339675.0,123.53,US7475251036,747525103
2023-02-28,,,Cyxtera Technologies Inc,0.000324875401,159172.16,71059.0,2.24,US23284C1027,23284C102
2023-02-28,FSLY,identifier,Fastly Inc,0.018535154781,9081268.11,653799.0,13.889999999999999,US31188V1008,31188V100
2023-02-28,NOVT,identifier,Novanta Inc,0.057063617027,27958223.8,178180.0,156.91,CA67000B1040,67000B104
2023-02-28,TXN,identifier,Texas Instruments Inc,1.524269360154,746813225.7,4355866.0,171.45000000000002,US8825081040,882508104
2023-02-28,ROG,identifier,Rogers Corp,0.02991840065,14658470.4,99582.0,147.20000000000002,US7751331015,775133101
2023-02-28,BILL,identifier,BILL Holdings Inc,0.07979187859,39093897.57,461939.0,84.63,US0900431000,090043100
2023-02-28,BR,identifier,Broadridge Financial Solutions Inc,0.163913360886,80309077.24,570458.0,140.78,US11133T1034,11133T103
2023-02-28,FLYW,identifier,Flywire Corp,0.010026346944,4912391.93,198641.0,24.729999999999997,US3024921039,302492103
2023-02-28,LASR,identifier,nLight Inc,0.007540316565,3694365.5,326935.0,11.3,US65487K1007,65487K100
2023-02-28,POWI,identifier,Power Integrations Inc,0.048335029137,23681666.75,287923.0,82.25,US7392761034,739276103
2023-02-28,BOX,identifier,Box Inc,0.049551006139,24277432.65,727959.0,33.35,US10316T1043,10316T104
2023-02-28,YEXT,identifier,Yext Inc,0.010110777746,4953758.66,674899.0,7.34,US98585N1063,98585N106
2023-02-28,CRM,identifier,Salesforce Inc,1.581583309641,774894099.47,4736227.0,163.61,US79466L3024,79466L302
2023-02-28,,,Embark Technology Inc,0.00130191239,637869.8,155578.0,4.1000000000000005,US29079J2024,29079J202
2023-02-28,RAMP,identifier,LiveRamp Holdings Inc,0.017979021218,8808791.4,372780.0,23.630000000000003,US53815P1084,53815P108
2023-02-28,XRX,identifier,Xerox Holdings Corp,0.021363701708,10467109.95,634755.0,16.49,US98421M1062,98421M106
2023-02-28,,,E2open Parent Holdings Inc,0.013599463877,6663034.6,1074683.0,6.199999999999999,US29788T1034,29788T103
2023-02-28,,,Alteryx Inc,0.041993826734,20574805.23,315033.0,65.31,US02156B1035,02156B103
2023-02-28,IONQ,identifier,IonQ Inc,0.009095780958,4456462.68,940182.0,4.739999999999999,US46222L1089,46222L108
2023-02-28,,,FARO Technologies Inc,0.006875608307,3368692.8,123849.0,27.2,US3116421021,311642102
2023-02-28,OKTA,identifier,Okta Inc,0.107168609483,52507081.12,736528.0,71.28999999999999,US6792951054,679295105
2023-02-28,FOUR,identifier,Shift4 Payments Inc,0.033257732583,16294570.5,252629.0,64.5,US82452J1097,82452J109
2023-02-28,MSTR,identifier,MicroStrategy Inc,0.026948675672,13203458.61,50343.0,262.27,US5949724083,594972408
2023-02-28,TDY,identifier,Teledyne Technologies Inc,0.199501546811,97745449.46,227278.0,430.07,US8793601050,879360105
2023-02-28,CCSI,identifier,Consensus Cloud Solutions Inc,0.009037709773,4428010.8,107895.0,41.04,US20848V1052,20848V105
2023-02-28,TOST,identifier,Toast Inc,0.043131066515,21131993.96,1116913.0,18.92,US8887871080,888787108
2023-02-28,XYZ,identifier,Block Inc,0.394742155423,193403259.37,2520569.0,76.73,US8522341036,852234103
2023-02-28,ACN,identifier,Accenture PLC,1.635001723461,801066362.05,3016631.0,265.55,IE00B4BNMY34,G1151C101
2023-02-28,LIDR,SEC company list,AEye Inc,0.00231684313,1135133.42,1921675.0,0.5906999986990515,US0081831051,008183105
2023-02-28,CRUS,identifier,Cirrus Logic Inc,0.059006949914,28910356.5,281366.0,102.75,US1727551004,172755100
2023-02-28,CNXN,identifier,PC Connection Inc,0.007367132384,3609514.2,82409.0,43.800000000000004,US69318J1007,69318J100
2023-02-28,BLKB,identifier,Blackbaud Inc,0.026841773603,13151082.12,236148.0,55.69,US09227Q1004,09227Q100
2023-02-28,,,Jamf Holding Corp,0.010369358687,5080449.96,239418.0,21.22,US47074L1052,47074L105
2023-02-28,,,Duck Creek Technologies Inc,0.017256584914,8454834.94,446401.0,18.939999999999998,US2641201064,264120106
2023-02-28,TTEC,identifier,TTEC Holdings Inc,0.009578206728,4692826.38,116563.0,40.26,US89854H1023,89854H102
2023-02-28,PEGA,identifier,Pegasystems Inc,0.02167139989,10617866.16,228932.0,46.38,US7055731035,705573103
2023-02-28,,,Cerberus Cyber Sentinel Corp,6.6971715e-05,32812.68,57556.0,0.5701000764472861,US15672X1028,15672X102
2023-02-28,PANW,identifier,Palo Alto Networks Inc,0.55120298839,270060983.01,1433673.0,188.37,US6974351057,697435105
2023-02-28,AVT,identifier,Avnet Inc,0.043833379064,21476090.82,480342.0,44.71,US0538071038,053807103
2023-02-28,MITK,identifier,Mitek Systems Inc,0.006525378314,3197098.2,343774.0,9.3,US6067102003,606710200
2023-02-28,PAYC,identifier,Paycom Software Inc,0.14569924451,71385101.36,246956.0,289.06,US70432V1026,70432V102
2023-02-28,,,Informatica Inc,0.008705162358,4265079.75,247251.0,17.25,US45674M1018,45674M101
2023-02-28,COHU,identifier,Cohu Inc,0.020233163818,9913204.8,266484.0,37.2,US1925761066,192576106
2023-02-28,TENB,identifier,Tenable Holdings Inc,0.051011686047,24993090.33,565071.0,44.23,US88025T1025,88025T102
2023-02-28,COUP,manual table,Coupa Software Inc,0.062419727143,30582441.0,377561.0,81.0,US22266L1061,22266L106
2023-02-28,ALRM,identifier,Alarm.com Holdings Inc,0.025999797081,12738557.13,250611.0,50.830000000000005,US0116421050,011642105
2023-02-28,,,Smartsheet Inc,0.055368175588,27127545.1,616255.0,44.02,US83200N1037,83200N103
2023-02-28,VSH,identifier,Vishay Intertechnology Inc,0.02953226783,14469285.27,681549.0,21.23,US9282981086,928298108
2023-02-28,KLAC,identifier,KLA Corp,0.525759211044,257594846.82,678989.0,379.38,US4824801009,482480100
2023-02-28,PLAB,identifier,Photronics Inc,0.013202260237,6468425.34,367107.0,17.62,US7194051022,719405102
2023-02-28,HLIT,identifier,Harmonic Inc,0.015837153355,7759386.82,588278.0,13.190000000000001,US4131601027,413160102
2023-02-28,UPLD,SEC company list,Upland Software Inc,0.003574638481,1751388.15,302485.0,5.79,US91544A1097,91544A109
2023-02-28,CDW,identifier,CDW Corp/DE,0.269533715513,132057593.48,652394.0,202.42000000000002,US12514G1085,12514G108
2023-02-28,FN,identifier,Fabrinet,0.045594882756,22339136.61,183303.0,121.86999999999999,KYG3323L1005,G3323L100
2023-02-28,KN,identifier,Knowles Corp,0.017606304772,8626179.6,508020.0,16.98,US49926D1090,49926D109
2023-02-28,HPQ,identifier,HP Inc,0.300362731617,147162218.4,4985170.0,29.52,US40434L1052,40434L105
2023-02-28,,,Momentive Global Inc,0.011003731378,5391259.8,781342.0,6.8999999999999995,US60878Y1082,60878Y108
2023-02-28,PI,identifier,Impinj Inc,0.030805732098,15093216.96,113808.0,132.62,US4532041096,453204109
2023-02-28,CRWD,identifier,Crowdstrike Holdings Inc,0.240733462569,117946957.68,977272.0,120.69000000000001,US22788C1053,22788C105
2023-02-28,IBM,identifier,International Business Machines Corp,1.132113439636,554677087.8,4289846.0,129.29999999999998,US4592001014,459200101
2023-02-28,MAPS,identifier,WM Technology Inc,0.002954725273,1447662.71,1310102.0,1.105,US92971A1097,92971A109
2023-02-28,EXTR,identifier,Extreme Networks Inc,0.026531330009,12998980.8,694390.0,18.720000000000002,US30226D1063,30226D106
2023-02-28,CNXC,identifier,Concentrix Corp,0.060882347146,29829204.24,217986.0,136.84,US20602D1019,20602D101
2023-02-28,GLW,identifier,Corning Inc,0.268145629892,131377503.25,3869735.0,33.95,US2193501051,219350105
2023-02-28,WEAV,identifier,Weave Communications Inc,0.000358012773,175407.76,33928.0,5.17,US94724R1086,94724R108
2023-02-28,GPN,identifier,Global Payments Inc,0.305764420416,149808766.8,1335194.0,112.2,US37940X1028,37940X102
2023-02-28,NCNO,identifier,nCino Inc,0.017298010833,8475131.5,311014.0,27.25,US63947X1019,63947X101
2023-02-28,,,Squarespace Inc,0.00996931593,4884449.68,208648.0,23.41,US85225A1079,85225A107
2023-02-28,APPS,identifier,Digital Turbine Inc,0.01171699745,5740723.32,534518.0,10.74,US25400W1027,25400W102
2023-02-28,CNDT,identifier,Conduent Inc,0.008962646143,4391233.5,1103325.0,3.98,US2067871036,206787103
2023-02-28,MU,identifier,Micron Technology Inc,0.622942614145,305209692.76,5278618.0,57.82,US5951121038,595112103
2023-02-28,PTC,identifier,PTC Inc,0.138370726565,67794506.24,540928.0,125.32999999999998,US69370C1009,69370C100
2023-02-28,MSI,identifier,Motorola Solutions Inc,0.429568553914,210466395.11,800831.0,262.81,US6200763075,620076307
2023-02-28,BDC,identifier,Belden Inc,0.038586565699,18905423.38,224051.0,84.38,US0774541066,077454106
2023-02-28,AMAT,identifier,Applied Materials Inc,0.974807757354,477605431.65,4111971.0,116.14999999999999,US0382221051,038222105
2023-02-28,AI,identifier,C3.ai Inc,0.021865505951,10712968.1,474445.0,22.58,US12468P1049,12468P104
2023-02-28,FICO,identifier,Fair Isaac Corp,0.168925701159,82764864.98,122182.0,677.39,US3032501047,303250104
2023-02-28,ALTR,manual table,Altair Engineering Inc,0.035813708808,17546866.78,273913.0,64.06,US0213691035,021369103
2023-02-28,NVDA,identifier,NVIDIA Corp,5.617298930098,2752186223.36,11854696.0,232.16000000000003,US67066G1040,67066G104
2023-02-28,APPF,identifier,Appfolio Inc,0.027685660102,13564542.9,102715.0,132.06,US03783C1009,03783C100
2023-02-28,,,Avid Technology Inc,0.012719361314,6231829.82,214447.0,29.060000000000002,US05367P1003,05367P100
2023-02-28,MASS,identifier,908 Devices Inc,0.004294940662,2104299.0,233811.0,9.0,US65443P1021,65443P102
2023-02-28,IDCC,identifier,InterDigital Inc,0.024170431559,11842262.55,162245.0,72.99000000000001,US45867G1013,45867G101
2023-02-28,EEFT,identifier,Euronet Worldwide Inc,0.05511279029,27002419.5,248070.0,108.85,US2987361092,298736109
2023-02-28,LFUS,identifier,Littelfuse Inc,0.06505791869,31875018.54,123198.0,258.73,US5370081045,537008104
2023-02-28,MA,identifier,Mastercard Inc,2.979394003129,1459749112.77,4108613.0,355.29,US57636Q1040,57636Q104
2023-02-28,FRSH,identifier,Freshworks Inc,0.021578714974,10572455.34,707661.0,14.94,US3580541049,358054104
2023-02-28,PAYX,identifier,Paychex Inc,0.350740159904,171844555.2,1556563.0,110.39999999999999,US7043261079,704326107
2023-02-28,PLTR,identifier,Palantir Technologies Inc,0.130136283048,63760054.4,8132660.0,7.84,US69608A1088,69608A108
2023-02-28,,,Couchbase Inc,0.005754987687,2819646.6,173410.0,16.26,US22207T1016,22207T101
2023-02-28,SPLK,manual table,Splunk Inc,0.164995541861,80839290.0,788676.0,102.5,US8486371045,848637104
2023-02-28,UCTT,identifier,Ultra Clean Holdings Inc,0.016725207736,8194487.58,257203.0,31.86,US90385V1070,90385V107
2023-02-28,,,Paycor HCM Inc,0.011276745903,5525022.81,223053.0,24.77,US70435P1021,70435P102
2023-02-28,WDAY,identifier,Workday Inc,0.366103016122,179371560.93,967119.0,185.47,US98138H1014,98138H101
2023-02-28,SNX,identifier,TD SYNNEX Corp,0.042825318518,20982193.24,217387.0,96.52,US87162W1009,87162W100
2023-02-28,LWLG,identifier,Lightwave Logic Inc,0.00912971968,4473090.9,758151.0,5.9,US5322751042,532275104
2023-02-28,SLAB,identifier,Silicon Laboratories Inc,0.062614523358,30677881.08,171836.0,178.53,US8269191024,826919102
2023-02-28,DOCU,identifier,DocuSign Inc,0.122097998155,59821710.15,975089.0,61.35,US2561631068,256163106
2023-02-28,VERX,identifier,Vertex Inc,0.010778744714,5281027.96,338962.0,15.58,US92538J1060,92538J106
2023-02-28,VRNS,identifier,Varonis Systems Inc,0.031768853252,15565096.56,574782.0,27.080000000000002,US9222801022,922280102
2023-02-28,FSLR,identifier,First Solar Inc,0.160232863263,78505823.58,464147.0,169.14,US3364331070,336433107
2023-02-28,PDFS,identifier,PDF Solutions Inc,0.014055923359,6886676.16,183939.0,37.44,US6932821050,693282105
2023-02-28,ICHR,identifier,Ichor Holdings Ltd,0.012007977277,5883288.4,178552.0,32.95,KYG4740B1059,G4740B105
2023-02-28,AGYS,identifier,Agilysys Inc,0.021214265032,10393893.7,130070.0,79.91,US00847J1051,00847J105
2023-02-28,CMRC,identifier,BigCommerce Holdings Inc,0.007810837377,3826906.72,401986.0,9.520000000000001,US08975P1084,08975P108
2023-02-28,NTAP,identifier,NetApp Inc,0.140422123418,68799584.7,1065834.0,64.55,US64110D1046,64110D104
2023-02-28,ZS,identifier,Zscaler Inc,0.111534494831,54646139.35,416669.0,131.15,US98980G1022,98980G102
2023-02-28,AEIS,identifier,Advanced Energy Industries Inc,0.036537752955,17901611.0,192325.0,93.08,US0079731008,007973100
2023-02-28,CRDO,identifier,Credo Technology Group Holding Ltd,0.000217073176,106354.64,10024.0,10.61,KYG254571055,G25457105
2023-02-28,,,SEMrush Holdings Inc,0.005694167804,2789848.0,348731.0,8.0,US81686C1045,81686C104
2023-02-28,OLED,identifier,Universal Display Corp,0.06199184243,30372799.6,223576.0,135.85,US91347P1057,91347P105
2023-02-28,FIVN,identifier,Five9 Inc,0.047409970874,23228436.0,351946.0,66.0,US3383071012,338307101
2023-02-28,EVTC,identifier,EVERTEC Inc,0.023089065793,11312449.2,307320.0,36.809999999999995,PR30040P1032,30040P103
2023-02-28,ALKT,identifier,Alkami Technology Inc,0.005475978592,2682946.56,174671.0,15.360000000000001,US01644J1088,01644J108
2023-02-28,ONTO,identifier,Onto Innovation Inc,0.042758976665,20949689.16,254028.0,82.47,US6833441057,683344105
2023-02-28,HCKT,identifier,Hackett Group Inc/The,0.00704879359,3453544.64,185276.0,18.64,US4046091090,404609109
2023-02-28,U,identifier,Unity Software Inc,0.075906106442,37190070.0,1221750.0,30.44,US91332U1016,91332U101
2023-02-28,,,National Instruments Corp,0.067361776064,33003789.61,653411.0,50.51,US6365181022,636518102
2023-02-28,,,ForgeRock Inc,0.000272381294,133452.76,6529.0,20.44,US34631B1017,34631B101
2023-02-28,FLEX,identifier,Flex Ltd,0.103309894658,50616510.24,2223924.0,22.76,SG9999000020,Y2573F102
2023-02-28,AVGO,identifier,Broadcom Inc,2.33412605789,1143601161.35,1924315.0,594.29,US11135F1012,11135F101
2023-02-28,JKHY,identifier,Jack Henry & Associates Inc,0.118684295012,58149172.0,354050.0,164.24,US4262811015,426281101
2023-02-28,,,Zuora Inc,0.013402422589,6566494.55,775265.0,8.47,US98983V1061,98983V106
2023-02-28,MX,identifier,Magnachip Semiconductor Corp,0.006597444607,3232406.96,337412.0,9.58,US55933J2033,55933J203
2023-02-28,VISN,identifier,CommScope Holding Co Inc,0.016798039457,8230171.36,1136764.0,7.24,US20337X1090,20337X109
2023-02-28,CSCO,identifier,Cisco Systems Inc,1.947124316377,953990304.84,19702402.0,48.42,US17275R1023,17275R102
2023-02-28,SCSC,identifier,ScanSource Inc,0.010178607143,4986991.56,159942.0,31.179999999999996,US8060371072,806037107
2023-02-28,IIIV,identifier,I3 Verticals Inc,0.007587058575,3717266.67,151047.0,24.61,US46571Y1073,46571Y107
2023-02-28,DBX,identifier,Dropbox Inc,0.056911843063,27883862.4,1366856.0,20.4,US26210C1045,26210C104
2023-02-28,PD,identifier,PagerDuty Inc,0.025954672343,12716448.34,425869.0,29.86,US69553P1003,69553P100
2023-02-28,ANET,"same company, other snapshot",Arista Networks Inc,0.332163499541,162742951.5,1173345.0,138.7,US0404131064,040413106
2023-02-28,TDC,identifier,Teradata Corp,0.044039751643,21577202.72,529372.0,40.76,US88076W1036,88076W103
2023-02-28,,,Perficient Inc,0.026415375741,12942169.2,182799.0,70.8,US71375U1016,71375U101
2023-02-28,SSNC,identifier,SS&C Technologies Holdings Inc,0.133591328203,65452848.0,1115040.0,58.7,US78467J1007,78467J100
2023-02-28,RNG,identifier,RingCentral Inc,0.028646340795,14035226.8,424795.0,33.04,US76680R2067,76680R206
2023-02-28,CTSH,identifier,Cognizant Technology Solutions Corp,0.31855379489,156074899.45,2492015.0,62.629999999999995,US1924461023,192446102
2023-02-28,GWRE,identifier,Guidewire Software Inc,0.057180038712,28015264.41,399021.0,70.21,US40171V1008,40171V100
2023-02-28,NTGR,identifier,NETGEAR Inc,0.007471138045,3660471.6,202236.0,18.1,US64111Q1040,64111Q104
2023-02-28,PAY,identifier,Paymentus Holdings Inc,0.004289054837,2101415.25,234795.0,8.95,US70439P1084,70439P108
2023-02-28,MXL,identifier,MaxLinear Inc,0.027246600129,13349426.2,390220.0,34.21,US57776J1007,57776J100
2023-02-28,,,Everbridge Inc,0.015614016315,7650061.2,234090.0,32.68,US29978A1043,29978A104
2023-02-28,CRSR,identifier,Corsair Gaming Inc,0.009798926167,4800967.5,274341.0,17.5,US22041X1028,22041X102
2023-02-28,AKAM,identifier,Akamai Technologies Inc,0.114238515994,55970970.0,770950.0,72.6,US00971T1016,00971T101
2023-02-28,ENTG,identifier,Entegris Inc,0.126248161795,61855075.89,725743.0,85.23,US29362U1043,29362U104
2023-02-28,SPSC,identifier,SPS Commerce Inc,0.055663045743,27272016.24,181041.0,150.64,US78463M1071,78463M107
2023-02-28,AMBA,identifier,Ambarella Inc,0.036165154705,17719057.11,187881.0,94.31,KYG037AX1015,G037AX101
2023-02-28,VIAV,identifier,Viavi Solutions Inc,0.026692641591,13078015.14,1195431.0,10.940000000000001,US9255501051,925550105
2023-02-28,GDYN,identifier,Grid Dynamics Holdings Inc,0.007546263008,3697278.95,317363.0,11.65,US39813G1094,39813G109
2023-05-31,EXLS,identifier,ExlService Holdings Inc,0.042954865015,27850543.16,184514.0,150.94,US3020811044,302081104
2023-05-31,OSIS,identifier,OSI Systems Inc,0.01860844775,12065114.79,101379.0,119.00999999999999,US6710441055,671044105
2023-05-31,MVIS,SEC company list,MicroVision Inc,0.010927356183,7084943.81,1510649.0,4.6899999999999995,US5949603048,594960304
2023-05-31,VERI,identifier,Veritone Inc,0.002430355212,1575763.6,399940.0,3.9400000000000004,US92347M1009,92347M100
2023-05-31,,,Clearwater Analytics Holdings Inc,0.012551752488,8138149.76,504848.0,16.12,US1851231068,185123106
2023-05-31,MIR,identifier,Mirion Technologies Inc,0.010794175825,6998593.98,884778.0,7.91,US60471A1016,60471A101
2023-05-31,TER,identifier,Teradyne Inc,0.132064866728,85626581.98,854642.0,100.19000000000001,US8807701029,880770102
2023-05-31,SNPS,identifier,Synopsys Inc,0.574647255606,372582667.6,818935.0,454.96000000000004,US8716071076,871607107
2023-05-31,IT,identifier,Gartner Inc,0.225332777902,146098474.62,426117.0,342.86,US3666511072,366651107
2023-05-31,WK,identifier,Workiva Inc,0.038981972599,25274648.4,260940.0,96.86,US98139A1051,98139A105
2023-05-31,ACLS,identifier,Axcelis Technologies Inc,0.046335961876,30042736.85,190687.0,157.55,US0545402085,054540208
2023-05-31,RMNI,identifier,Rimini Street Inc,0.004164229611,2699951.6,586946.0,4.6000000000000005,US76674Q1076,76674Q107
2023-05-31,BHE,identifier,Benchmark Electronics Inc,0.008612436256,5584024.71,236511.0,23.61,US08160H1014,08160H101
2023-05-31,MTSI,identifier,MACOM Technology Solutions Holdings Inc,0.02619944845,16986873.77,283919.0,59.83,US55405Y1001,55405Y100
2023-05-31,CVLT,identifier,CommVault Systems Inc,0.025806472928,16732081.17,240093.0,69.69,US2041661024,204166102
2023-05-31,DMRC,SEC company list,Digimarc Corp,0.007340039767,4759044.04,154214.0,30.86,US25381B1017,25381B101
2023-05-31,ARW,identifier,Arrow Electronics Inc,0.069020294726,44750523.52,353368.0,126.64000000000001,US0427351004,042735100
2023-05-31,ALGM,identifier,Allegro MicroSystems Inc,0.024396191035,15817700.07,402179.0,39.33,US01749D1054,01749D105
2023-05-31,,,ON24 Inc,0.003909873352,2535035.24,317276.0,7.990000000000001,US68339B1044,68339B104
2023-05-31,MDB,identifier,MongoDB Inc,0.167613664958,108675271.32,369908.0,293.78999999999996,US60937P1066,60937P106
2023-05-31,,,Verint Systems Inc,0.02119670957,13743259.92,383034.0,35.88,US92343X1000,92343X100
2023-05-31,NSSC,identifier,Napco Security Technologies Inc,0.012414302593,8049031.7,216430.0,37.19,US6304021057,630402105
2023-05-31,GDDY,identifier,GoDaddy Inc,0.097189557878,63014561.34,858743.0,73.38000000000001,US3802371076,380237107
2023-05-31,LAW,identifier,CS Disco Inc,0.00384459415,2492710.32,301416.0,8.27,US1263271058,126327105
2023-05-31,INDI,identifier,indie Semiconductor Inc,0.008600010111,5575968.0,586944.0,9.5,US45569U1016,45569U101
2023-05-31,CGNX,identifier,Cognex Corp,0.080499145871,52193038.8,949655.0,54.959999999999994,US1924221039,192422103
2023-05-31,TEAM,identifier,Atlassian Corp,0.01158658569,7512366.87,41553.0,180.79,US0494681010,049468101
2023-05-31,AAPL,identifier,Apple Inc,22.70325643907,14720056112.25,83046861.0,177.25,US0378331005,037833100
2023-05-31,,,SolarWinds Corp,0.005309153862,3442283.4,370138.0,9.299999999999999,US83417Q2049,83417Q204
2023-05-31,SNOW,identifier,Snowflake Inc,0.305087863563,197809088.88,1196233.0,165.35999999999999,US8334451098,833445109
2023-05-31,JBL,identifier,Jabil Inc,0.103416505244,67051912.32,749016.0,89.52,US4663131039,466313103
2023-05-31,CXM,identifier,Sprinklr Inc,0.009507451955,6164323.9,463483.0,13.3,US85208T1079,85208T107
2023-05-31,,,Olo Inc,0.007330250691,4752697.12,690799.0,6.88,US68134L1098,68134L109
2023-05-31,ADI,identifier,Analog Devices Inc,0.752674232207,488009592.9,2746410.0,177.69,US0326541051,032654105
2023-05-31,QTWO,identifier,Q2 Holdings Inc,0.015780379163,10231486.72,351356.0,29.12,US74736L1098,74736L109
2023-05-31,CALX,identifier,Calix Inc,0.02422158896,15704493.74,336934.0,46.61,US13100M5094,13100M509
2023-05-31,TTMI,identifier,TTM Technologies Inc,0.012682472528,8222904.4,600212.0,13.700000000000001,US87305R1095,87305R109
2023-05-31,KD,identifier,Kyndryl Holdings Inc,0.021014332662,13625012.64,1084794.0,12.56,US50155Q1004,50155Q100
2023-05-31,,,American Software Inc/GA,0.005769624736,3740837.8,293860.0,12.729999999999999,US0296831094,029683109
2023-05-31,RBBN,identifier,Ribbon Communications Inc,0.003565562414,2311795.18,831581.0,2.7800000000000002,US7625441040,762544104
2023-05-31,PCOR,identifier,Procore Technologies Inc,0.016182875102,10492452.05,173515.0,60.470000000000006,US74275K1088,74275K108
2023-05-31,AMD,identifier,Advanced Micro Devices Inc,1.571578362902,1018960506.78,8619918.0,118.21,US0079031078,007903107
2023-05-31,NSIT,identifier,Insight Enterprises Inc,0.041643959339,27000594.38,199679.0,135.22,US45765U1034,45765U103
2023-05-31,SEDG,identifier,SolarEdge Technologies Inc,0.131966257838,85562647.17,300399.0,284.83,US83417M1045,83417M104
2023-05-31,APH,identifier,Amphenol Corp,0.37145958081,240842360.55,3192079.0,75.45,US0320951017,032095101
2023-05-31,VECO,identifier,Veeco Instruments Inc,0.013092944745,8489041.29,347769.0,24.409999999999997,US9224171002,922417100
2023-05-31,PRGS,identifier,Progress Software Corp,0.023930775944,15515940.0,258599.0,60.0,US7433121008,743312100
2023-05-31,MSFT,identifier,Microsoft Corp,19.06954950902,12364078235.27,37650593.0,328.39,US5949181045,594918104
2023-05-31,IPGP,identifier,IPG Photonics Corp,0.034067998826,22088586.97,199951.0,110.47,US44980X1090,44980X109
2023-05-31,NOW,identifier,ServiceNow Inc,0.901720639304,584646455.62,1073179.0,544.78,US81762P1021,81762P102
2023-05-31,,,SMART Global Holdings Inc,0.011807485173,7655590.94,339043.0,22.580000000000002,KYG8232Y1017,G8232Y101
2023-05-31,LRCX,"same company, other snapshot",Lam Research Corp,0.696803088195,451784552.8,732584.0,616.7,US5128071082,512807108
2023-05-31,,,Model N Inc,0.010462937718,6783829.92,212526.0,31.919999999999998,US6075251024,607525102
2023-05-31,LITE,identifier,Lumentum Holdings Inc,0.031515582658,20433683.0,386270.0,52.9,US55024U1097,55024U109
2023-05-31,V,identifier,Visa Inc,2.795257948107,1812354714.61,8199587.0,221.03,US92826C8394,92826C839
2023-05-31,ESTC,identifier,Elastic NV,0.048571928831,31492465.4,432470.0,72.82,NL0013056914,N14506104
2023-05-31,EPAM,identifier,EPAM Systems Inc,0.122352586156,79329453.84,309132.0,256.62,US29414B1044,29414B104
2023-05-31,NET,identifier,Cloudflare Inc,0.148022807167,95973193.68,1387698.0,69.16000000000001,US18915M1071,18915M107
2023-05-31,TRMB,identifier,Trimble Inc,0.096648868222,62663995.68,1342704.0,46.67,US8962391004,896239100
2023-05-31,PLUS,identifier,ePlus Inc,0.013164341834,8535332.85,172815.0,49.39,US2942681071,294268107
2023-05-31,,,Black Knight Inc,0.076245516821,49435123.5,855575.0,57.78,US09215C1053,09215C105
2023-05-31,SMRT,identifier,SmartRent Inc,0.006810197692,4415511.6,1226531.0,3.5999999999999996,US83193G1076,83193G107
2023-05-31,ADBE,identifier,Adobe Inc,1.608930125534,1043178179.84,2496896.0,417.79,US00724F1012,00724F101
2023-05-31,,,Casa Systems Inc,0.001047033796,678862.8,646536.0,1.05,US14713L1026,14713L102
2023-05-31,CLFD,identifier,Clearfield Inc,0.000240076459,155657.8,3980.0,39.11,US18482P1030,18482P103
2023-05-31,AFRM,identifier,Affirm Holdings Inc,0.026351162768,17085240.42,1149747.0,14.860000000000001,US00827B1061,00827B106
2023-05-31,ON,identifier,ON Semiconductor Corp,0.30026793235,194684001.6,2328756.0,83.6,US6821891057,682189105
2023-05-31,,,LivePerson Inc,0.002893706304,1876185.44,509833.0,3.6799999999999997,US5381461012,538146101
2023-05-31,TLS,identifier,Telos Corp,0.002182022834,1414752.93,440733.0,3.21,US87969B1017,87969B101
2023-05-31,INTU,identifier,Intuit Inc,0.924007962239,599096833.92,1429416.0,419.11999999999995,US4612021034,461202103
2023-05-31,AEVA,"same company, other snapshot",Aeva Technologies Inc,0.00276004719,1789525.2,1491271.0,1.2,US00835Q1031,00835Q103
2023-05-31,AZPN,manual table,Aspentech Corp,0.040195019994,26061149.04,158987.0,163.92,US29109X1063,29109X106
2023-05-31,OSPN,identifier,OneSpan Inc,0.006491727711,4209025.98,278007.0,15.140000000000002,US68287N1000,68287N100
2023-05-31,,,CSG Systems International Inc,0.014490032657,9394867.84,195808.0,47.98,US1263491094,126349109
2023-05-31,AOSL,identifier,Alpha & Omega Semiconductor Ltd,0.007298327998,4731999.48,170892.0,27.69,BMG6331P1041,G6331P104
2023-05-31,MARA,identifier,Marathon Digital Holdings Inc,0.011915828494,7725837.24,789156.0,9.790000000000001,US5657881067,565788106
2023-05-31,,,PowerSchool Holdings Inc,0.009119960421,5913086.94,312201.0,18.94,US73939C1062,73939C106
2023-05-31,DV,identifier,DoubleVerify Holdings Inc,0.015158128832,9828039.76,281848.0,34.87,US25862V1052,25862V105
2023-05-31,SWKS,identifier,Skyworks Solutions Inc,0.139179052986,90239189.92,871792.0,103.51,US83088M1027,83088M102
2023-05-31,DLB,identifier,Dolby Laboratories Inc,0.044063216727,28569162.51,346167.0,82.53,US25659T1079,25659T107
2023-05-31,NXPI,identifier,NXP Semiconductors NV,0.389071648065,252261454.5,1408495.0,179.1,NL0009538784,N6596X109
2023-05-31,INTA,identifier,Intapp Inc,0.007729720307,5011700.28,118564.0,42.27,US45827U1097,45827U109
2023-05-31,,,SecureWorks Corp,0.002917493057,1891608.0,234400.0,8.07,US81374A1051,81374A105
2023-05-31,RIOT,identifier,Riot Platforms Inc,0.019873318477,12885216.0,1073768.0,12.0,US7672921050,767292105
2023-05-31,MRVL,identifier,Marvell Technology Inc,0.413151096273,267873788.78,4579822.0,58.49,US5738741041,573874104
2023-05-31,TWLO,identifier,Twilio Inc,0.101900144949,66068753.42,948991.0,69.62,US90138F1021,90138F102
2023-05-31,BRZE,identifier,Braze Inc,0.009737757522,6313646.57,190687.0,33.11,US10576N1028,10576N102
2023-05-31,ADSK,identifier,Autodesk Inc,0.359066004421,232806767.05,1167595.0,199.39000000000001,US0527691069,052769106
2023-05-31,KEYS,identifier,Keysight Technologies Inc,0.240096094014,155670530.6,962117.0,161.79999999999998,US49338L1035,49338L103
2023-05-31,,,Matterport Inc,0.007405550088,4801518.81,1616673.0,2.9699999999999998,US5770961002,577096100
2023-05-31,WEX,identifier,WEX Inc,0.062050541531,40231561.3,242578.0,165.85,US96208T1043,96208T104
2023-05-31,ARLO,identifier,Arlo Technologies Inc,0.012573954646,8152544.92,843076.0,9.67,US04206A1016,04206A101
2023-05-31,PRCH,identifier,Porch Group Inc,0.000136631563,88587.48,62828.0,1.41,US7332451043,733245104
2023-05-31,CASS,identifier,Cass Information Systems Inc,0.005995393355,3887218.86,100653.0,38.62,US14808P1093,14808P109
2023-05-31,GTLB,identifier,Gitlab Inc,0.01555510005,10085423.04,272874.0,36.959999999999994,US37637K1088,37637K108
2023-05-31,WDC,identifier,Western Digital Corp,0.102111095246,66205526.76,1709412.0,38.73,US9581021055,958102105
2023-05-31,ADP,identifier,Automatic Data Processing Inc,0.714672880139,463370747.09,2217191.0,208.98999999999998,US0530151036,053015103
2023-05-31,GEN,identifier,Gen Digital Inc,0.08781169867,56934261.18,3245967.0,17.54,US6687711084,668771108
2023-05-31,CTS,identifier,CTS Corp,0.014159745599,9180720.41,201023.0,45.67,US1265011056,126501105
2023-05-31,PCTY,identifier,Paylocity Holding Corp,0.058968669812,38233375.5,221322.0,172.75,US70438V1061,70438V106
2023-05-31,S,identifier,SentinelOne Inc,0.033143326494,21489059.38,1005101.0,21.38,US81730H1095,81730H109
2023-05-31,EXFY,identifier,Expensify Inc,0.002480704858,1608408.68,232429.0,6.92,US30219Q1067,30219Q106
2023-05-31,PATH,identifier,UiPath Inc,0.023231645569,15062646.51,841959.0,17.89,US90364P1057,90364P105
2023-05-31,PLXS,identifier,Plexus Corp,0.022455190326,14559218.08,160556.0,90.68,US7291321005,729132100
2023-05-31,SPT,identifier,Sprout Social Inc,0.018311412862,11872526.99,274129.0,43.31,US85209W1099,85209W109
2023-05-31,ORCL,identifier,Oracle Corp,1.393455425307,903471363.48,8528142.0,105.94,US68389X1054,68389X105
2023-05-31,DELL,identifier,Dell Technologies Inc,0.100083545766,64890929.35,1448135.0,44.81,US24703L2025,24703L202
2023-05-31,ACMR,identifier,ACM Research Inc,0.005761787223,3735756.21,369511.0,10.11,US00108J1097,00108J109
2023-05-31,INTC,identifier,Intel Corp,1.058243548291,686130840.0,21823500.0,31.44,US4581401001,458140100
2023-05-31,MPWR,identifier,Monolithic Power Systems Inc,0.182616954855,118402918.53,241683.0,489.91,US6098391054,609839105
2023-05-31,YOU,identifier,Clear Secure Inc,0.008742418566,5668301.03,229393.0,24.71,US18467V1098,18467V109
2023-05-31,TYL,identifier,Tyler Technologies Inc,0.139010899984,90130164.96,227051.0,396.96,US9022521051,902252105
2023-05-31,CIFR,identifier,Cipher Mining Inc,0.004130029291,2677777.22,1054243.0,2.54,US17253J1060,17253J106
2023-05-31,SABR,identifier,Sabre Corp,0.008909627058,5776713.6,1863456.0,3.0999999999999996,US78573M1045,78573M104
2023-05-31,,,AvidXchange Holdings Inc,0.005968824076,3869992.2,399380.0,9.690000000000001,US05368X1028,05368X102
2023-05-31,ZBRA,identifier,Zebra Technologies Corp,0.114516854847,74249019.46,282778.0,262.57,US9892071054,989207105
2023-05-31,RPAY,identifier,Repay Holdings Corp,0.005881883027,3813622.44,602468.0,6.33,US76029L1008,76029L100
2023-05-31,APP,identifier,AppLovin Corp,0.029447698853,19092934.12,763412.0,25.01,US03831W1080,03831W108
2023-05-31,NTNX,identifier,Nutanix Inc,0.057005313376,36960398.78,1247819.0,29.62,US67059N1081,67059N108
2023-05-31,KLIC,identifier,Kulicke & Soffa Industries Inc,0.027529965979,17849538.24,337548.0,52.879999999999995,US5012421013,501242101
2023-05-31,CIEN,identifier,Ciena Corp,0.059443288524,38541102.9,824585.0,46.739999999999995,US1717793095,171779309
2023-05-31,DGII,identifier,Digi International Inc,0.012821106844,8312790.4,231232.0,35.95,US2537981027,253798102
2023-05-31,FFIV,identifier,F5 Inc,0.074406888608,48243016.52,326894.0,147.58,US3156161024,315616102
2023-05-31,LTCH,identifier,Latch Inc,0.003271898484,2121393.0,2121393.0,1.0,US51818V1061,51818V106
2023-05-31,PAR,identifier,PAR Technology Corp,0.010262748322,6654033.6,192480.0,34.57,US6988841036,698884103
2023-05-31,IOT,identifier,Samsara Inc,0.014956429583,9697264.5,503754.0,19.25,US79589L1061,79589L106
2023-05-31,SMCI,"same company, other snapshot",Super Micro Computer Inc,0.093619161463,60699631.95,271041.0,223.95000000000002,US86800U1043,86800U104
2023-05-31,ADTN,identifier,ADTRAN Holdings Inc,0.006439679275,4175279.46,468606.0,8.91,US00486H1059,00486H105
2023-05-31,AMKR,identifier,Amkor Technology Inc,0.024325857833,15772098.3,636485.0,24.78,US0316521006,031652100
2023-05-31,MANH,identifier,Manhattan Associates Inc,0.096627764731,62650312.86,345333.0,181.42,US5627501092,562750109
2023-05-31,APPN,identifier,Appian Corp,0.01484605294,9625699.86,224742.0,42.83,US03782L1017,03782L101
2023-05-31,MQ,SEC company list,Marqeta Inc,0.016526103923,10714990.5,2236950.0,4.79,US57142B1044,57142B104
2023-05-31,SYNA,identifier,Synaptics Inc,0.029694041264,19252654.56,223764.0,86.03999999999999,US87157D1090,87157D109
2023-05-31,IMXI,identifier,International Money Express Inc,0.008265480599,5359069.9,230003.0,23.3,US46005L1017,46005L101
2023-05-31,VSAT,identifier,Viasat Inc,0.023575264755,15285438.06,342646.0,44.61,US92552V1008,92552V100
2023-05-31,QRVO,identifier,Qorvo Inc,0.084443718303,54750571.8,562930.0,97.25999999999999,US74736K1016,74736K101
2023-05-31,RXT,identifier,Rackspace Technology Inc,0.001919704286,1244674.08,797868.0,1.56,US7501021056,750102105
2023-05-31,ANSS,manual table,ANSYS Inc,0.2350376933,152390827.42,470938.0,323.59,US03662Q1058,03662Q105
2023-05-31,ZETA,identifier,Zeta Global Holdings Corp,0.010592463065,6867809.96,761398.0,9.02,US98956A1051,98956A105
2023-05-31,FCUV,SEC company list,Focus Universal Inc,0.001332602426,864016.25,517375.0,1.67,US34417J1043,34417J104
2023-05-31,DDOG,identifier,Datadog Inc,0.194408343188,126048072.8,1328080.0,94.91,US23804L1035,23804L103
2023-05-31,SANM,identifier,Sanmina Corp,0.027089300042,17563824.72,331143.0,53.04,US8010561020,801056102
2023-05-31,,,Enfusion Inc,0.002620620855,1699125.68,213458.0,7.96,US2928121043,292812104
2023-05-31,PRO,identifier,PROS Holdings Inc,0.013042039164,8456035.76,278893.0,30.32,US74346Y1038,74346Y103
2023-05-31,TEL,"same company, other snapshot",TE Connectivity Ltd,0.324997194203,210717654.0,1720425.0,122.48,CH0102993182,H84989104
2023-05-31,,,MeridianLink Inc,0.005933360861,3846999.0,197282.0,19.5,US58985J1051,58985J105
2023-05-31,VNT,identifier,Vontier Corp,0.041498255855,26906124.96,907764.0,29.64,US9288811014,928881101
2023-05-31,VYX,identifier,NCR Corp,0.028629487684,18562432.5,783225.0,23.7,US62886E1082,62886E108
2023-05-31,WULF,identifier,Terawulf Inc,0.002412943639,1564474.5,1042983.0,1.5,US88080T1043,88080T104
2023-05-31,DXC,identifier,DXC Technology Co,0.049088930336,31827672.43,1271581.0,25.03,US23355L1061,23355L106
2023-05-31,HUBS,identifier,HubSpot Inc,0.198528546264,128719479.02,248498.0,517.99,US4435731009,443573100
2023-05-31,TCX,identifier,Tucows Inc,0.0046147242,2992037.7,96207.0,31.1,US8986972060,898697206
2023-05-31,MCHP,identifier,Microchip Technology Inc,0.343743543028,222872179.38,2961363.0,75.26,US5950171042,595017104
2023-05-31,NTCT,identifier,NetScout Systems Inc,0.020145147725,13061461.28,427964.0,30.52,US64115T1043,64115T104
2023-05-31,QLYS,identifier,Qualys Inc,0.038422035066,24911603.04,197304.0,126.25999999999999,US74758T3032,74758T303
2023-05-31,,,Ceridian HCM Holding Inc,0.071837441515,46577070.25,753065.0,61.85,US15677J1088,15677J108
2023-05-31,FROG,identifier,JFrog Ltd,0.012321538335,7988886.36,327951.0,24.36,IL0011684185,M6191J100
2023-05-31,MKSI,identifier,MKS Instruments Inc,0.05003175541,32438969.67,333357.0,97.31,US55306N1046,55306N104
2023-05-31,P,identifier,Pure Storage Inc,0.068784495485,44597638.93,1549067.0,28.79,US74624M1027,74624M102
2023-05-31,,,Infinera Corp,0.009383001414,6083634.2,1241558.0,4.9,US45667G1031,45667G103
2023-05-31,DOCN,identifier,DigitalOcean Holdings Inc,0.017314837725,11226379.95,286753.0,39.15,US25402D1028,25402D102
2023-05-31,SMTC,identifier,Semtech Corp,0.012830426156,8318832.74,382651.0,21.740000000000002,US8168501018,816850101
2023-05-31,,,Qualtrics International Inc,0.01580693126,10248702.24,566853.0,18.080000000000002,US7476012015,747601201
2023-05-31,RMBS,identifier,Rambus Inc,0.061408711967,39815419.8,622505.0,63.959999999999994,US7509171069,750917106
2023-05-31,STX,identifier,Seagate Technology Holdings PLC,0.09998853755,64829329.1,1078691.0,60.1,IE00BKVD2N49,G7997R103
2023-05-31,DT,identifier,Dynatrace Inc,0.093440775793,60583972.46,1188154.0,50.99,US2681501092,268150109
2023-05-31,JNPR,manual table,Juniper Networks Inc,0.082406020183,53429394.34,1759282.0,30.37,US48203R1041,48203R104
2023-05-31,SITM,identifier,SiTime Corp,0.015040362076,9751683.61,98333.0,99.16999999999999,US82982T1060,82982T106
2023-05-31,PYPL,identifier,PayPal Holdings Inc,0.561064487919,363776040.98,5868302.0,61.99,US70450Y1038,70450Y103
2023-05-31,WU,identifier,Western Union Co/The,0.03777514268,24492178.97,2150323.0,11.389999999999999,US9598021098,959802109
2023-05-31,ACIW,identifier,ACI Worldwide Inc,0.022048422814,14295483.2,626720.0,22.81,US0044981019,004498101
2023-05-31,NABL,identifier,N-able Inc,0.00858109183,5563702.0,391810.0,14.2,US62878D1000,62878D100
2023-05-31,WOLF,SEC company list,Wolfspeed Inc,0.050350717195,32645774.16,679554.0,48.04,US9778521024,977852102
2023-05-31,VRRM,identifier,Verra Mobility Corp,0.022534734553,14610791.98,828746.0,17.63,US92511U1025,92511U102
2023-05-31,BL,identifier,BlackLine Inc,0.025916559334,16803457.63,322709.0,52.07,US09239B1098,09239B109
2023-05-31,,,Ebix Inc,0.006426825179,4166945.28,209184.0,19.919999999999998,US2787152063,278715206
2023-05-31,AVPT,identifier,AvePoint Inc,0.007935515874,5145131.46,778386.0,6.61,US0536041041,053604104
2023-05-31,ATEN,identifier,A10 Networks Inc,0.010048174741,6514911.04,437536.0,14.89,US0021211018,002121101
2023-05-31,VMW,manual table,VMware Inc,0.238925951137,154911847.86,1136634.0,136.29000000000002,US9285634021,928563402
2023-05-31,CDNS,identifier,Cadence Design Systems Inc,0.522618812668,338849110.41,1467451.0,230.91000000000003,US1273871087,127387108
2023-05-31,ROP,identifier,Roper Technologies Inc,0.397631189652,257811184.02,567591.0,454.22,US7766961061,776696106
2023-05-31,COHR,identifier,Coherent Corp,0.041555570007,26943285.6,728985.0,36.96,US19247G1076,19247G107
2023-05-31,LSCC,identifier,Lattice Semiconductor Corp,0.094907204785,61534757.52,756792.0,81.31,US5184151042,518415104
2023-05-31,,,HashiCorp Inc,0.013822646419,8962156.22,260983.0,34.34,US4181001037,418100103
2023-05-31,FORM,identifier,FormFactor Inc,0.022641260494,14679859.95,469155.0,31.29,US3463751087,346375108
2023-05-31,ZM,identifier,Zoom Video Communications Inc,0.126471824902,82000234.82,1221514.0,67.13,US98980L1017,98980L101
2023-05-31,CPAY,manual table,FleetCor Technologies Inc,0.136377404133,88422691.55,390301.0,226.54999999999998,US3390411052,339041105
2023-05-31,TASK,identifier,TaskUS Inc,0.00361481691,2343730.2,216012.0,10.850000000000001,US87652V1098,87652V109
2023-05-31,MMS,identifier,Maximus Inc,0.042646224613,27650430.72,341532.0,80.96,US5779331041,577933104
2023-05-31,BMI,identifier,Badger Meter Inc,0.035803548633,23213861.25,168375.0,137.87,US0565251081,056525108
2023-05-31,HPE,identifier,Hewlett Packard Enterprise Co,0.15600156931,101146364.62,7014311.0,14.42,US42824C1099,42824C109
2023-05-31,CEVA,identifier,CEVA Inc,0.006522427055,4228930.44,169022.0,25.020000000000003,US1572101053,157210105
2023-05-31,FISV,identifier,Fiserv Inc,0.562186496435,364503514.96,3248984.0,112.19,US3377381088,337738108
2023-05-31,BSY,identifier,Bentley Systems Inc,0.080344237176,52092601.02,1067909.0,48.78,US08265T2087,08265T208
2023-05-31,FIS,identifier,Fidelity National Information Services Inc,0.274196891826,177780383.37,3257841.0,54.57,US31620M1062,31620M106
2023-05-31,FTNT,identifier,Fortinet Inc,0.379672839167,246167571.24,3602628.0,68.33,US34959E1091,34959E109
2023-05-31,ADEA,identifier,Adeia Inc,0.010534777796,6830408.7,696270.0,9.81,US00676P1075,00676P107
2023-05-31,ASAN,identifier,Asana Inc,0.017622250505,11425696.44,478463.0,23.88,US04342Y1047,04342Y104
2023-05-31,CRNC,identifier,Cerence Inc,0.012229770519,7929387.08,278029.0,28.52,US1567271093,156727109
2023-05-31,ITRI,identifier,Itron Inc,0.027795862682,18021937.05,266085.0,67.73,US4657411066,465741106
2023-05-31,RELY,identifier,Remitly Global Inc,0.016082867685,10427610.48,568572.0,18.34,US75960P1049,75960P104
2023-05-31,RPD,identifier,Rapid7 Inc,0.026125649992,16939025.24,354967.0,47.72,US7534221046,753422104
2023-05-31,,,Envestnet Inc,0.021942813328,14227009.43,271871.0,52.33,US29404K1060,29404K106
2023-05-31,ENPH,identifier,Enphase Energy Inc,0.19477705149,126287131.32,726289.0,173.88,US29355A1079,29355A107
2023-05-31,NVTS,identifier,Navitas Semiconductor Corp,0.00922416228,5980648.05,699491.0,8.549999999999999,US63942X1063,63942X106
2023-05-31,PAYO,identifier,Payoneer Global Inc,0.008688552473,5633376.0,1357440.0,4.15,US70451X1046,70451X104
2023-05-31,VRSN,identifier,VeriSign Inc,0.17957698688,116431901.76,521368.0,223.32000000000002,US92343E1029,92343E102
2023-05-31,HUCK,identifier,Domo Inc,0.005680232856,3682879.0,273820.0,13.45,US2575541055,257554105
2023-05-31,AMPL,identifier,Amplitude Inc,0.005949433317,3857419.86,396039.0,9.74,US03213A1043,03213A104
2023-05-31,MEI,identifier,Methode Electronics Inc,0.015183386016,9844415.7,228674.0,43.05,US5915202007,591520200
2023-05-31,DIOD,identifier,Diodes Inc,0.035844264963,23240260.4,258685.0,89.83999999999999,US2545431015,254543101
2023-05-31,,,New Relic Inc,0.037781514729,24496310.4,347712.0,70.44999999999999,US64829B1008,64829B100
2023-05-31,OUST,identifier,Ouster Inc,0.005005810115,3245605.14,476594.0,6.8100000000000005,US68989M2026,68989M202
2023-05-31,UIS,identifier,Unisys Corp,0.003841530518,2490723.96,633772.0,3.93,US9092143067,909214306
2023-05-31,CFLT,manual table,Confluent Inc,0.032476184993,21056506.44,663406.0,31.740000000000002,US20717M1036,20717M103
2023-05-31,EGHT,identifier,8x8 Inc,0.005646262065,3660853.44,897268.0,4.08,US2829141009,282914100
2023-05-31,QCOM,identifier,QUALCOMM Inc,1.044435313804,677178028.01,5971061.0,113.41,US7475251036,747525103
2023-05-31,,,Cyxtera Technologies Inc,1.9948929e-05,12934.24,79841.0,0.16199997495021354,US23284C1027,23284C102
2023-05-31,FSLY,identifier,Fastly Inc,0.018345292732,11894493.6,730620.0,16.28,US31188V1008,31188V100
2023-05-31,NOVT,identifier,Novanta Inc,0.050817015997,32948107.2,198962.0,165.6,CA67000B1040,67000B104
2023-05-31,TXN,identifier,Texas Instruments Inc,1.306247843459,846928792.08,4870766.0,173.88,US8825081040,882508104
2023-05-31,ROG,identifier,Rogers Corp,0.027001479492,17506884.72,111176.0,157.47,US7751331015,775133101
2023-05-31,BILL,identifier,BILL Holdings Inc,0.082392548813,53420659.94,515743.0,103.58,US0900431000,090043100
2023-05-31,BR,identifier,Broadridge Financial Solutions Inc,0.143832610311,93256405.76,635608.0,146.72,US11133T1034,11133T103
2023-05-31,FLYW,identifier,Flywire Corp,0.010251268292,6646590.32,221258.0,30.040000000000003,US3024921039,302492103
2023-05-31,LASR,identifier,nLight Inc,0.00811638151,5262398.88,363928.0,14.459999999999999,US65487K1007,65487K100
2023-05-31,POWI,identifier,Power Integrations Inc,0.042876742729,27799891.2,321758.0,86.39999999999999,US7392761034,739276103
2023-05-31,BOX,identifier,Box Inc,0.03527951735,22874096.34,812002.0,28.169999999999998,US10316T1043,10316T104
2023-05-31,YEXT,identifier,Yext Inc,0.010740463195,6963768.45,757755.0,9.19,US98585N1063,98585N106
2023-05-31,CRM,identifier,Salesforce Inc,1.823764528661,1182469848.3,5293535.0,223.38,US79466L3024,79466L302
2023-05-31,,,Embark Technology Inc,0.000745015408,483043.86,173134.0,2.79,US29079J2024,29079J202
2023-05-31,RAMP,identifier,LiveRamp Holdings Inc,0.015663294659,10155572.92,417238.0,24.34,US53815P1084,53815P108
2023-05-31,XRX,identifier,Xerox Holdings Corp,0.015325716707,9936698.31,706233.0,14.07,US98421M1062,98421M106
2023-05-31,,,E2open Parent Holdings Inc,0.009225645929,5981610.0,1196322.0,5.0,US29788T1034,29788T103
2023-05-31,,,Alteryx Inc,0.021123723105,13695937.86,351719.0,38.94,US02156B1035,02156B103
2023-05-31,IONQ,identifier,IonQ Inc,0.017543895404,11374893.53,1054207.0,10.79,US46222L1089,46222L108
2023-05-31,,,FARO Technologies Inc,0.003203480307,2077032.87,137643.0,15.090000000000002,US3116421021,311642102
2023-05-31,OKTA,identifier,Okta Inc,0.115374321863,74804973.3,822937.0,90.89999999999999,US6792951054,679295105
2023-05-31,FOUR,identifier,Shift4 Payments Inc,0.02730294267,17702343.68,282244.0,62.72,US82452J1097,82452J109
2023-05-31,MSTR,identifier,MicroStrategy Inc,0.026113884367,16931396.79,56133.0,301.63,US5949724083,594972408
2023-05-31,TDY,identifier,Teledyne Technologies Inc,0.152241042823,98708161.05,253977.0,388.65,US8793601050,879360105
2023-05-31,CCSI,identifier,Consensus Cloud Solutions Inc,0.006735379025,4367001.6,119808.0,36.449999999999996,US20848V1052,20848V105
2023-05-31,TOST,identifier,Toast Inc,0.040290123866,26122811.31,1245723.0,20.97,US8887871080,888787108
2023-05-31,XYZ,identifier,Block Inc,0.262774263678,170374321.26,2821234.0,60.38999999999999,US8522341036,852234103
2023-05-31,ACN,identifier,Accenture PLC,1.591429195524,1031831143.68,3372879.0,305.91999999999996,IE00B4BNMY34,G1151C101
2023-05-31,LIDR,SEC company list,AEye Inc,0.000672514393,436036.55,2140582.0,0.20369999841164693,US0081831051,008183105
2023-05-31,CRUS,identifier,Cirrus Logic Inc,0.037658591007,24416610.64,314323.0,77.68,US1727551004,172755100
2023-05-31,CNXN,identifier,PC Connection Inc,0.006368108951,4128875.58,91814.0,44.97,US69318J1007,69318J100
2023-05-31,BLKB,identifier,Blackbaud Inc,0.029862202286,19361684.72,263927.0,73.36,US09227Q1004,09227Q100
2023-05-31,,,Jamf Holding Corp,0.007551342704,4896046.02,266379.0,18.38,US47074L1052,47074L105
2023-05-31,TTEC,identifier,TTEC Holdings Inc,0.006346763067,4115035.6,129730.0,31.720000000000002,US89854H1023,89854H102
2023-05-31,PEGA,identifier,Pegasystems Inc,0.019083015704,12372809.28,255848.0,48.36,US7055731035,705573103
2023-05-31,CISO,SEC company list,CISO Global Inc,7.1029997e-05,46053.55,268221.0,0.17170001603155607,US15672X1028,15672X102
2023-05-31,PANW,identifier,Palo Alto Networks Inc,0.527511687546,342021492.0,1602800.0,213.39,US6974351057,697435105
2023-05-31,AVT,identifier,Avnet Inc,0.036256287643,23507402.56,536209.0,43.839999999999996,US0538071038,053807103
2023-05-31,MITK,identifier,Mitek Systems Inc,0.006149585666,3987192.16,382648.0,10.42,US6067102003,606710200
2023-05-31,PAYC,identifier,Paycom Software Inc,0.120207869642,77938889.12,278224.0,280.13,US70432V1026,70432V102
2023-05-31,,,Informatica Inc,0.007503042234,4864729.56,275466.0,17.66,US45674M1018,45674M101
2023-05-31,COHU,identifier,Cohu Inc,0.017622793438,11426048.46,298019.0,38.34,US1925761066,192576106
2023-05-31,TENB,identifier,Tenable Holdings Inc,0.039929630441,25889079.05,631595.0,40.99,US88025T1025,88025T102
2023-05-31,ALRM,identifier,Alarm.com Holdings Inc,0.021676775285,14054518.98,279859.0,50.22,US0116421050,011642105
2023-05-31,,,Smartsheet Inc,0.052649647026,34136325.8,688510.0,49.58,US83200N1037,83200N103
2023-05-31,VSH,identifier,Vishay Intertechnology Inc,0.030251224032,19613913.82,760819.0,25.78,US9282981086,928298108
2023-05-31,KLAC,identifier,KLA Corp,0.51838295093,336102714.86,758714.0,442.99,US4824801009,482480100
2023-05-31,PLAB,identifier,Photronics Inc,0.013375469932,8672221.47,408489.0,21.23,US7194051022,719405102
2023-05-31,HLIT,identifier,Harmonic Inc,0.017876835524,11590761.12,658192.0,17.61,US4131601027,413160102
2023-05-31,UPLD,SEC company list,Upland Software Inc,0.001460553558,946975.62,337002.0,2.81,US91544A1097,91544A109
2023-05-31,CDW,identifier,CDW Corp/DE,0.192525635614,124827386.19,727051.0,171.69,US12514G1085,12514G108
2023-05-31,FN,identifier,Fabrinet,0.035699260064,23146243.92,204436.0,113.22000000000001,KYG3323L1005,G3323L100
2023-05-31,KN,identifier,Knowles Corp,0.015818781174,10256385.34,570433.0,17.98,US49926D1090,49926D109
2023-05-31,HPQ,identifier,HP Inc,0.249419013124,161715209.38,5564873.0,29.06,US40434L1052,40434L105
2023-05-31,,,Momentive Global Inc,0.012754493554,8269600.5,875090.0,9.45,US60878Y1082,60878Y108
2023-05-31,PI,identifier,Impinj Inc,0.020000861492,12967910.76,126714.0,102.34,US4532041096,453204109
2023-05-31,CRWD,identifier,Crowdstrike Holdings Inc,0.271477129683,176016977.69,1099213.0,160.13,US22788C1053,22788C105
2023-05-31,IBM,identifier,International Business Machines Corp,0.951521115688,616935471.46,4797694.0,128.59,US4592001014,459200101
2023-05-31,MAPS,identifier,WM Technology Inc,0.002268557771,1470859.38,1442019.0,1.02,US92971A1097,92971A109
2023-05-31,EXTR,identifier,Extreme Networks Inc,0.024647523655,15980656.0,775760.0,20.6,US30226D1063,30226D106
2023-05-31,CNXC,identifier,Concentrix Corp,0.032891712937,21325921.3,243169.0,87.7,US20602D1019,20602D101
2023-05-31,GLW,identifier,Corning Inc,0.20529817879,133108689.48,4320308.0,30.810000000000002,US2193501051,219350105
2023-05-31,WEAV,identifier,Weave Communications Inc,0.000599241655,388528.88,49684.0,7.82,US94724R1086,94724R108
2023-05-31,GPN,identifier,Global Payments Inc,0.225507778239,146211939.17,1496693.0,97.69,US37940X1028,37940X102
2023-05-31,NCNO,identifier,nCino Inc,0.014675322449,9515003.74,346126.0,27.490000000000002,US63947X1019,63947X101
2023-05-31,,,Squarespace Inc,0.010607310167,6877436.34,234006.0,29.39,US85225A1079,85225A107
2023-05-31,APPS,identifier,Digital Turbine Inc,0.008383591835,5435649.4,594710.0,9.14,US25400W1027,25400W102
2023-05-31,CNDT,identifier,Conduent Inc,0.005739239412,3721136.94,1228098.0,3.03,US2067871036,206787103
2023-05-31,MU,identifier,Micron Technology Inc,0.620807417445,402511421.4,5901927.0,68.2,US5951121038,595112103
2023-05-31,PTC,identifier,PTC Inc,0.125219007815,81187948.8,604077.0,134.4,US69370C1009,69370C100
2023-05-31,MSI,identifier,Motorola Solutions Inc,0.389022510354,252229595.2,894685.0,281.91999999999996,US6200763075,620076307
2023-05-31,BDC,identifier,Belden Inc,0.033702200078,21851414.91,249759.0,87.49,US0774541066,077454106
2023-05-31,AMAT,identifier,Applied Materials Inc,0.94509281545,612767569.8,4596906.0,133.29999999999998,US0382221051,038222105
2023-05-31,AI,identifier,C3.ai Inc,0.032566212563,21114877.4,527740.0,40.01,US12468P1049,12468P104
2023-05-31,FICO,identifier,Fair Isaac Corp,0.165819864153,107512228.98,136494.0,787.6700000000001,US3032501047,303250104
2023-05-31,ALTR,manual table,Altair Engineering Inc,0.034538300589,22393515.4,305380.0,73.33,US0213691035,021369103
2023-05-31,NVDA,identifier,NVIDIA Corp,7.712143621246,5000304126.2,13216430.0,378.34,US67066G1040,67066G104
2023-05-31,APPF,identifier,Appfolio Inc,0.025250104265,16371349.75,114365.0,143.15,US03783C1009,03783C100
2023-05-31,,,Avid Technology Inc,0.008899025664,5769840.0,240410.0,24.0,US05367P1003,05367P100
2023-05-31,MASS,identifier,908 Devices Inc,0.003494719532,2265862.95,260145.0,8.71,US65443P1021,65443P102
2023-05-31,IDCC,identifier,InterDigital Inc,0.023187427275,15033976.8,181045.0,83.04,US45867G1013,45867G101
2023-05-31,EEFT,identifier,Euronet Worldwide Inc,0.048613306283,31519293.2,282938.0,111.39999999999999,US2987361092,298736109
2023-05-31,LFUS,identifier,Littelfuse Inc,0.054276952253,35191417.8,137445.0,256.03999999999996,US5370081045,537008104
2023-05-31,MA,identifier,Mastercard Inc,2.585303356714,1676226958.02,4592151.0,365.02,US57636Q1040,57636Q104
2023-05-31,FRSH,identifier,Freshworks Inc,0.019234213016,12470840.72,791297.0,15.760000000000002,US3580541049,358054104
2023-05-31,PAYX,identifier,Paychex Inc,0.281552388519,182549449.18,1739726.0,104.93,US7043261079,704326107
2023-05-31,PLTR,identifier,Palantir Technologies Inc,0.206128069228,133646763.56,9085436.0,14.71,US69608A1088,69608A108
2023-05-31,,,Couchbase Inc,0.006103359236,3957220.44,192847.0,20.52,US22207T1016,22207T101
2023-05-31,SPLK,manual table,Splunk Inc,0.136116790205,88253717.92,888848.0,99.29,US8486371045,848637104
2023-05-31,UCTT,identifier,Ultra Clean Holdings Inc,0.015123554063,9805622.6,286045.0,34.28,US90385V1070,90385V107
2023-05-31,,,Paycor HCM Inc,0.008415665106,5456444.67,248133.0,21.99,US70435P1021,70435P102
2023-05-31,WDAY,identifier,Workday Inc,0.353952052768,229491046.44,1082556.0,211.99,US98138H1014,98138H101
2023-05-31,SNX,identifier,TD SYNNEX Corp,0.033338585816,21615659.2,241840.0,89.38,US87162W1009,87162W100
2023-05-31,LWLG,identifier,Lightwave Logic Inc,0.009646407092,6254417.91,844051.0,7.41,US5322751042,532275104
2023-05-31,SLAB,identifier,Silicon Laboratories Inc,0.041623607382,26987398.83,191849.0,140.67,US8269191024,826919102
2023-05-31,DOCU,identifier,DocuSign Inc,0.094786222307,61456316.4,1089651.0,56.4,US2561631068,256163106
2023-05-31,VERX,identifier,Vertex Inc,0.012862196806,8339431.8,379410.0,21.98,US92538J1060,92538J106
2023-05-31,VRNS,identifier,Varonis Systems Inc,0.026030051508,16877042.28,642201.0,26.28,US9222801022,922280102
2023-05-31,FSLR,identifier,First Solar Inc,0.162442787219,105322641.68,518933.0,202.96,US3364331070,336433107
2023-05-31,PDFS,identifier,PDF Solutions Inc,0.013411265643,8695430.25,205809.0,42.25,US6932821050,693282105
2023-05-31,ICHR,identifier,Ichor Holdings Ltd,0.009281871439,6018064.8,198616.0,30.3,KYG4740B1059,G4740B105
2023-05-31,AGYS,identifier,Agilysys Inc,0.016642259972,10790302.32,145148.0,74.34,US00847J1051,00847J105
2023-05-31,CMRC,identifier,BigCommerce Holdings Inc,0.005505044848,3569292.77,447841.0,7.97,US08975P1084,08975P108
2023-05-31,NTAP,identifier,NetApp Inc,0.122917673314,79695838.05,1201143.0,66.35,US64110D1046,64110D104
2023-05-31,ZS,identifier,Zscaler Inc,0.097224711361,63037353.72,465289.0,135.48,US98980G1022,98980G102
2023-05-31,AEIS,identifier,Advanced Energy Industries Inc,0.033582177256,21773596.0,221840.0,98.15,US0079731008,007973100
2023-05-31,CRDO,identifier,Credo Technology Group Holding Ltd,0.000534280946,346410.46,25813.0,13.42,KYG254571055,G25457105
2023-05-31,,,SEMrush Holdings Inc,0.004556744469,2954445.52,388232.0,7.61,US81686C1045,81686C104
2023-05-31,OLED,identifier,Universal Display Corp,0.056668075585,36741744.72,249384.0,147.32999999999998,US91347P1057,91347P105
2023-05-31,FIVN,identifier,Five9 Inc,0.039998242197,25933564.69,392279.0,66.11,US3383071012,338307101
2023-05-31,EVTC,identifier,EVERTEC Inc,0.018177090005,11785436.4,341805.0,34.480000000000004,PR30040P1032,30040P103
2023-05-31,ALKT,identifier,Alkami Technology Inc,0.004507581741,2922570.0,194838.0,15.0,US01644J1088,01644J108
2023-05-31,ONTO,identifier,Onto Innovation Inc,0.046933532751,30430182.45,283467.0,107.35,US6833441057,683344105
2023-05-31,HCKT,identifier,Hackett Group Inc/The,0.006159623135,3993700.13,205967.0,19.39,US4046091090,404609109
2023-05-31,U,identifier,Unity Software Inc,0.0625614334,40562807.04,1364832.0,29.72,US91332U1016,91332U101
2023-05-31,,,National Instruments Corp,0.065102775279,42210530.8,730286.0,57.8,US6365181022,636518102
2023-05-31,,,ForgeRock Inc,0.000402030215,260663.37,12949.0,20.13,US34631B1017,34631B101
2023-05-31,FLEX,identifier,Flex Ltd,0.097331694389,63106718.05,2485495.0,25.39,SG9999000020,Y2573F102
2023-05-31,AVGO,identifier,Broadcom Inc,2.680892616699,1738203938.04,2151349.0,807.96,US11135F1012,11135F101
2023-05-31,JKHY,identifier,Jack Henry & Associates Inc,0.093970265692,60927276.56,398504.0,152.89000000000001,US4262811015,426281101
2023-05-31,,,Zuora Inc,0.014455178494,9372269.53,868607.0,10.79,US98983V1061,98983V106
2023-05-31,MX,identifier,Magnachip Semiconductor Corp,0.005927180062,3842991.57,375659.0,10.23,US55933J2033,55933J203
2023-05-31,VISN,identifier,CommScope Holding Co Inc,0.008176951346,5301670.4,1274440.0,4.16,US20337X1090,20337X109
2023-05-31,CSCO,identifier,Cisco Systems Inc,1.687905006412,1094382934.59,22033077.0,49.669999999999995,US17275R1023,17275R102
2023-05-31,SCSC,identifier,ScanSource Inc,0.007901188959,5122875.0,178125.0,28.76,US8060371072,806037107
2023-05-31,IIIV,identifier,I3 Verticals Inc,0.005919869441,3838251.6,167976.0,22.85,US46571Y1073,46571Y107
2023-05-31,DBX,identifier,Dropbox Inc,0.054178274066,35127438.06,1525953.0,23.020000000000003,US26210C1045,26210C104
2023-05-31,PD,identifier,PagerDuty Inc,0.019898537318,12901567.08,474148.0,27.21,US69553P1003,69553P100
2023-05-31,ANET,"same company, other snapshot",Arista Networks Inc,0.335776782718,217706790.04,1308806.0,166.34,US0404131064,040413106
2023-05-31,TDC,identifier,Teradata Corp,0.042653619955,27655225.62,590167.0,46.86,US88076W1036,88076W103
2023-05-31,,,Perficient Inc,0.024080171794,15612803.43,204169.0,76.47,US71375U1016,71375U101
2023-05-31,SSNC,identifier,SS&C Technologies Holdings Inc,0.106411486564,68993761.2,1255345.0,54.96,US78467J1007,78467J100
2023-05-31,RNG,identifier,RingCentral Inc,0.025420732391,16481979.5,474985.0,34.7,US76680R2067,76680R206
2023-05-31,CTSH,identifier,Cognizant Technology Solutions Corp,0.26774129408,173594782.89,2777961.0,62.489999999999995,US1924461023,192446102
2023-05-31,GWRE,identifier,Guidewire Software Inc,0.057081292001,37009660.86,446007.0,82.98,US40171V1008,40171V100
2023-05-31,NTGR,identifier,NETGEAR Inc,0.004923317546,3192119.63,227521.0,14.03,US64111Q1040,64111Q104
2023-05-31,PAY,identifier,Paymentus Holdings Inc,0.003785834706,2454612.6,261129.0,9.4,US70439P1084,70439P108
2023-05-31,MXL,identifier,MaxLinear Inc,0.019557351274,12680353.1,434110.0,29.21,US57776J1007,57776J100
2023-05-31,,,Everbridge Inc,0.009704913022,6292351.26,261963.0,24.02,US29978A1043,29978A104
2023-05-31,CRSR,identifier,Corsair Gaming Inc,0.009278474107,6015862.08,305064.0,19.72,US22041X1028,22041X102
2023-05-31,AKAM,identifier,Akamai Technologies Inc,0.122342295512,79322781.72,861081.0,92.12,US00971T1016,00971T101
2023-05-31,ENTG,identifier,Entegris Inc,0.131660139955,85364170.25,811061.0,105.25,US29362U1043,29362U104
2023-05-31,SPSC,identifier,SPS Commerce Inc,0.048645237243,31539996.2,202439.0,155.79999999999998,US78463M1071,78463M107
2023-05-31,AMBA,identifier,Ambarella Inc,0.023419621724,15184524.16,209963.0,72.32000000000001,KYG037AX1015,G037AX101
2023-05-31,VIAV,identifier,Viavi Solutions Inc,0.020188427123,13089522.24,1330236.0,9.84,US9255501051,925550105
2023-05-31,GDYN,identifier,Grid Dynamics Holdings Inc,0.005228174801,3389779.2,353102.0,9.6,US39813G1094,39813G109
2023-08-31,OSIS,identifier,OSI Systems Inc,0.048883035052,31659515.55,232193.0,136.35,US6710441055,671044105
2023-08-31,MVIS,SEC company list,MicroVision Inc,0.014948295603,9681391.44,3841822.0,2.52,US5949603048,594960304
2023-08-31,VERI,identifier,Veritone Inc,0.003464724079,2243958.17,730931.0,3.07,US92347M1009,92347M100
2023-08-31,,,Clearwater Analytics Holdings Inc,0.042454213481,27495834.3,1514922.0,18.150000000000002,US1851231068,185123106
2023-08-31,MIR,identifier,Mirion Technologies Inc,0.040788856633,26417251.7,3093355.0,8.54,US60471A1016,60471A101
2023-08-31,TER,identifier,Teradyne Inc,0.167617257778,108558749.95,1006385.0,107.87,US8807701029,880770102
2023-08-31,SNPS,identifier,Synopsys Inc,0.620936966722,402155134.85,876365.0,458.89000000000004,US8716071076,871607107
2023-08-31,IT,identifier,Gartner Inc,0.259499466741,168067048.08,480631.0,349.68,US3666511072,366651107
2023-08-31,WK,identifier,Workiva Inc,0.075652534935,48997011.0,438060.0,111.85,US98139A1051,98139A105
2023-08-31,ACLS,identifier,Axcelis Technologies Inc,0.082759735724,53600050.35,278949.0,192.15,US0545402085,054540208
2023-08-31,RMNI,identifier,Rimini Street Inc,0.00442291245,2864537.06,1183693.0,2.42,US76674Q1076,76674Q107
2023-08-31,BHE,identifier,Benchmark Electronics Inc,0.030923758565,20028036.6,778090.0,25.740000000000002,US08160H1014,08160H101
2023-08-31,MTSI,identifier,MACOM Technology Solutions Holdings Inc,0.075035907114,48597646.72,574712.0,84.56,US55405Y1001,55405Y100
2023-08-31,CVLT,identifier,CommVault Systems Inc,0.04852229455,31425878.88,460048.0,68.31,US2041661024,204166102
2023-08-31,DMRC,SEC company list,Digimarc Corp,0.015940299833,10323871.46,315329.0,32.74,US25381B1017,25381B101
2023-08-31,ARW,identifier,Arrow Electronics Inc,0.089980468929,58276619.94,436758.0,133.43,US0427351004,042735100
2023-08-31,ALGM,identifier,Allegro MicroSystems Inc,0.047938402574,31047716.25,811705.0,38.25,US01749D1054,01749D105
2023-08-31,,,ON24 Inc,0.007811081731,5058913.86,737451.0,6.86,US68339B1044,68339B104
2023-08-31,MDB,identifier,MongoDB Inc,0.257282995758,166631531.7,437009.0,381.29999999999995,US60937P1066,60937P106
2023-08-31,,,Verint Systems Inc,0.040096355282,25968747.28,801752.0,32.39,US92343X1000,92343X100
2023-08-31,NSSC,identifier,Napco Security Technologies Inc,0.024920090418,16139709.6,651320.0,24.78,US6304021057,630402105
2023-08-31,GDDY,identifier,GoDaddy Inc,0.114915049483,74425714.2,1026420.0,72.51,US3802371076,380237107
2023-08-31,LAW,identifier,CS Disco Inc,0.007750586336,5019733.5,528393.0,9.5,US1263271058,126327105
2023-08-31,INDI,identifier,indie Semiconductor Inc,0.026092144275,16898800.3,2522209.0,6.7,US45569U1016,45569U101
2023-08-31,CGNX,identifier,Cognex Corp,0.090487561471,58605042.76,1244797.0,47.08,US1924221039,192422103
2023-08-31,TEAM,identifier,Atlassian Corp,0.290822857551,188353909.92,923032.0,204.05999999999997,US0494681010,049468101
2023-08-31,AAPL,identifier,Apple Inc,22.32774337483,14460753875.23,76972129.0,187.87,US0378331005,037833100
2023-08-31,,,SolarWinds Corp,0.017635108219,11421528.6,1072444.0,10.65,US83417Q2049,83417Q204
2023-08-31,SNOW,identifier,Snowflake Inc,0.368678487439,238777774.2,1522332.0,156.85,US8334451098,833445109
2023-08-31,JBL,identifier,Jabil Inc,0.158684921319,102773645.88,898214.0,114.42,US4663131039,466313103
2023-08-31,CXM,identifier,Sprinklr Inc,0.038240351216,24766690.38,1636926.0,15.129999999999999,US85208T1079,85208T107
2023-08-31,,,Olo Inc,0.021503138764,13926691.65,2159177.0,6.45,US68134L1098,68134L109
2023-08-31,ADI,identifier,Analog Devices Inc,0.805123908908,521445382.56,2868552.0,181.78,US0326541051,032654105
2023-08-31,QTWO,identifier,Q2 Holdings Inc,0.046219992137,29934773.04,869944.0,34.41,US74736L1098,74736L109
2023-08-31,XPER,identifier,Xperi Inc,0.016716534071,10826606.2,917509.0,11.799999999999999,US98423J1016,98423J101
2023-08-31,CALX,identifier,Calix Inc,0.049005158801,31738610.04,682404.0,46.51,US13100M5094,13100M509
2023-08-31,TTMI,identifier,TTM Technologies Inc,0.041172551869,26665755.2,1789648.0,14.9,US87305R1095,87305R109
2023-08-31,KD,identifier,Kyndryl Holdings Inc,0.067213101705,43531139.92,2578859.0,16.88,US50155Q1004,50155Q100
2023-08-31,,,American Software Inc/GA,0.012639429871,8186034.81,709977.0,11.53,US0296831094,029683109
2023-08-31,RBBN,identifier,Ribbon Communications Inc,0.009476692078,6137660.64,2073534.0,2.96,US7625441040,762544104
2023-08-31,PCOR,identifier,Procore Technologies Inc,0.070295295375,45527349.0,673980.0,67.55,US74275K1088,74275K108
2023-08-31,AMD,identifier,Advanced Micro Devices Inc,1.473569783342,954370067.64,9027337.0,105.72,US0079031078,007903107
2023-08-31,NSIT,identifier,Insight Enterprises Inc,0.067227025168,43540157.57,271973.0,160.09,US45765U1034,45765U103
2023-08-31,SEDG,identifier,SolarEdge Technologies Inc,0.093350319885,60459132.72,371896.0,162.57,US83417M1045,83417M104
2023-08-31,APH,identifier,Amphenol Corp,0.474378113256,307235040.48,3476296.0,88.38000000000001,US0320951017,032095101
2023-08-31,VECO,identifier,Veeco Instruments Inc,0.042418123631,27472460.4,941160.0,29.189999999999998,US9224171002,922417100
2023-08-31,PRGS,identifier,Progress Software Corp,0.050569570545,32751814.68,538327.0,60.839999999999996,US7433121008,743312100
2023-08-31,MSFT,identifier,Microsoft Corp,19.79707426248,12821744390.08,39119308.0,327.76,US5949181045,594918104
2023-08-31,IPGP,identifier,IPG Photonics Corp,0.049827039838,32270908.32,297812.0,108.36,US44980X1090,44980X109
2023-08-31,NOW,identifier,ServiceNow Inc,1.049030915785,679413840.71,1153837.0,588.83,US81762P1021,81762P102
2023-08-31,,,SMART Global Holdings Inc,0.038621133158,25013307.06,968382.0,25.83,KYG8232Y1017,G8232Y101
2023-08-31,LRCX,"same company, other snapshot",Lam Research Corp,0.834378150778,540392142.4,769351.0,702.4,US5128071082,512807108
2023-08-31,,,Model N Inc,0.02861632882,18533610.0,686430.0,27.0,US6075251024,607525102
2023-08-31,LITE,identifier,Lumentum Holdings Inc,0.058862975718,38123109.44,704288.0,54.129999999999995,US55024U1097,55024U109
2023-08-31,ESTC,identifier,Elastic NV,0.064920640835,42046408.04,679483.0,61.879999999999995,NL0013056914,N14506104
2023-08-31,EPAM,identifier,EPAM Systems Inc,0.156242507716,101191795.83,390717.0,258.99,US29414B1044,29414B104
2023-08-31,NET,identifier,Cloudflare Inc,0.175137590703,113429357.86,1744262.0,65.03,US18915M1071,18915M107
2023-08-31,SOUN,identifier,SoundHound AI Inc,0.012257738422,7938829.08,3150329.0,2.52,US8361001071,836100107
2023-08-31,TRMB,identifier,Trimble Inc,0.14189513269,91899595.74,1677306.0,54.79,US8962391004,896239100
2023-08-31,PLUS,identifier,ePlus Inc,0.046880890354,30362809.42,457409.0,66.38000000000001,US2942681071,294268107
2023-08-31,,,Black Knight Inc,0.134447338497,87075968.16,1149366.0,75.75999999999999,US09215C1053,09215C105
2023-08-31,SMRT,identifier,SmartRent Inc,0.018353788766,11886988.2,3496173.0,3.4,US83193G1076,83193G107
2023-08-31,ADBE,identifier,Adobe Inc,2.221800599215,1438968152.12,2572618.0,559.3399999999999,US00724F1012,00724F101
2023-08-31,,,Casa Systems Inc,0.001126543564,729615.57,752181.0,0.97,US14713L1026,14713L102
2023-08-31,CLFD,identifier,Clearfield Inc,0.016232936579,10513400.15,299101.0,35.15,US18482P1030,18482P103
2023-08-31,ON,identifier,ON Semiconductor Corp,0.3886326733,251701273.26,2556381.0,98.46,US6821891057,682189105
2023-08-31,,,LivePerson Inc,0.009836125548,6370450.8,1516774.0,4.2,US5381461012,538146101
2023-08-31,TLS,identifier,Telos Corp,0.005020930543,3251848.59,1245919.0,2.61,US87969B1017,87969B101
2023-08-31,INTU,identifier,Intuit Inc,1.323713076209,857314090.15,1582315.0,541.81,US4612021034,461202103
2023-08-31,AEVA,"same company, other snapshot",Aeva Technologies Inc,0.003197910756,2071154.24,2197278.0,0.9425999987256961,US00835Q1031,00835Q103
2023-08-31,AZPN,manual table,Aspentech Corp,0.077254204521,50034346.0,257909.0,194.0,US29109X1063,29109X106
2023-08-31,OSPN,identifier,OneSpan Inc,0.013216887994,8560030.5,698778.0,12.25,US68287N1000,68287N100
2023-08-31,AOSL,identifier,Alpha & Omega Semiconductor Ltd,0.025038916689,16216668.45,513999.0,31.549999999999997,BMG6331P1041,G6331P104
2023-08-31,MARA,identifier,Marathon Digital Holdings Inc,0.04733945271,30659801.25,2439125.0,12.57,US5657881067,565788106
2023-08-31,,,PowerSchool Holdings Inc,0.040129040468,25989916.12,1174951.0,22.12,US73939C1062,73939C106
2023-08-31,DV,identifier,DoubleVerify Holdings Inc,0.055037871141,35645747.76,1054296.0,33.809999999999995,US25862V1052,25862V105
2023-08-31,SWKS,identifier,Skyworks Solutions Inc,0.17310158679,112110722.52,1030998.0,108.74,US83088M1027,83088M102
2023-08-31,DLB,identifier,Dolby Laboratories Inc,0.067971987217,44022638.61,521163.0,84.47,US25659T1079,25659T107
2023-08-31,NXPI,identifier,NXP Semiconductors NV,0.481621120127,311926035.8,1516265.0,205.72,NL0009538784,N6596X109
2023-08-31,INTA,identifier,Intapp Inc,0.023658119428,15322383.3,418530.0,36.61,US45827U1097,45827U109
2023-08-31,,,SecureWorks Corp,0.002235862403,1448075.4,209866.0,6.8999999999999995,US81374A1051,81374A105
2023-08-31,RIOT,identifier,Riot Platforms Inc,0.040705979629,26363575.7,2322782.0,11.35,US7672921050,767292105
2023-08-31,MRVL,identifier,Marvell Technology Inc,0.454036499991,294060620.75,5048251.0,58.25,US5738741041,573874104
2023-08-31,TWLO,identifier,Twilio Inc,0.12314356287,79754981.24,1251844.0,63.709999999999994,US90138F1021,90138F102
2023-08-31,BRZE,identifier,Braze Inc,0.046499025372,30115491.3,651005.0,46.26,US10576N1028,10576N102
2023-08-31,ADSK,identifier,Autodesk Inc,0.431963249675,279764691.48,1260542.0,221.94000000000003,US0527691069,052769106
2023-08-31,KEYS,identifier,Keysight Technologies Inc,0.222737830043,144258059.8,1082206.0,133.3,US49338L1035,49338L103
2023-08-31,,,Matterport Inc,0.022392408937,14502635.08,5411431.0,2.68,US5770961002,577096100
2023-08-31,ARLO,identifier,Arlo Technologies Inc,0.029582502742,19159360.8,1961040.0,9.77,US04206A1016,04206A101
2023-08-31,PRCH,identifier,Porch Group Inc,0.002388422653,1546882.35,1830630.0,0.8450000000000001,US7332451043,733245104
2023-08-31,GTLB,identifier,Gitlab Inc,0.058139443695,37654507.74,794902.0,47.370000000000005,US37637K1088,37637K108
2023-08-31,WDC,identifier,Western Digital Corp,0.152635011399,98855370.0,2196786.0,45.0,US9581021055,958102105
2023-08-31,GEN,identifier,Gen Digital Inc,0.126748631488,82089834.75,4053819.0,20.25,US6687711084,668771108
2023-08-31,CTS,identifier,CTS Corp,0.039892505923,25836722.5,578650.0,44.65,US1265011056,126501105
2023-08-31,S,identifier,SentinelOne Inc,0.061950265329,40122618.95,2412665.0,16.630000000000003,US81730H1095,81730H109
2023-08-31,EXFY,identifier,Expensify Inc,0.005023092145,3253248.57,758333.0,4.29,US30219Q1067,30219Q106
2023-08-31,PATH,identifier,UiPath Inc,0.070842853437,45881979.66,2902086.0,15.809999999999999,US90364P1057,90364P105
2023-08-31,PLXS,identifier,Plexus Corp,0.050766490002,32879351.25,323775.0,101.55,US7291321005,729132100
2023-08-31,SPT,identifier,Sprout Social Inc,0.049626580723,32141079.26,600319.0,53.540000000000006,US85209W1099,85209W109
2023-08-31,ORCL,identifier,Oracle Corp,1.689025146663,1093911575.61,9086399.0,120.38999999999999,US68389X1054,68389X105
2023-08-31,AUR,identifier,Aurora Innovation Inc,0.062886512401,40728987.37,12848261.0,3.17,US0517741072,051774107
2023-08-31,DELL,identifier,Dell Technologies Inc,0.151394449066,98051909.2,1743455.0,56.24,US24703L2025,24703L202
2023-08-31,ACMR,identifier,ACM Research Inc,0.027554073036,17845630.96,1016266.0,17.560000000000002,US00108J1097,00108J109
2023-08-31,INTC,identifier,Intel Corp,1.275928467389,826365979.74,23516391.0,35.14,US4581401001,458140100
2023-08-31,MPWR,identifier,Monolithic Power Systems Inc,0.226349344836,146597088.23,281263.0,521.2099999999999,US6098391054,609839105
2023-08-31,YOU,identifier,Clear Secure Inc,0.038168981294,24720467.04,1137096.0,21.74,US18467V1098,18467V109
2023-08-31,TYL,identifier,Tyler Technologies Inc,0.167031413693,108179323.02,271514.0,398.43,US9022521051,902252105
2023-08-31,CIFR,identifier,Cipher Mining Inc,0.005412639184,3505542.04,1098916.0,3.19,US17253J1060,17253J106
2023-08-31,ZBRA,identifier,Zebra Technologies Corp,0.144713264734,93724783.05,340805.0,275.01,US9892071054,989207105
2023-08-31,APP,identifier,AppLovin Corp,0.102066054448,66103952.72,1529476.0,43.22,US03831W1080,03831W108
2023-08-31,NTNX,identifier,Nutanix Inc,0.088919375795,57589393.9,1851749.0,31.099999999999998,US67059N1081,67059N108
2023-08-31,KLIC,identifier,Kulicke & Soffa Industries Inc,0.049057427856,31772462.54,614198.0,51.73,US5012421013,501242101
2023-08-31,CIEN,identifier,Ciena Corp,0.09495727386,61499890.2,1230490.0,49.980000000000004,US1717793095,171779309
2023-08-31,DGII,identifier,Digi International Inc,0.032324854993,20935468.68,627186.0,33.38,US2537981027,253798102
2023-08-31,FFIV,identifier,F5 Inc,0.112519471254,72874197.48,445278.0,163.66,US3156161024,315616102
2023-08-31,PAR,identifier,PAR Technology Corp,0.040127821245,25989126.48,597726.0,43.480000000000004,US6988841036,698884103
2023-08-31,IOT,identifier,Samsara Inc,0.055049840781,35653500.0,1303125.0,27.36,US79589L1061,79589L106
2023-08-31,SMCI,"same company, other snapshot",Super Micro Computer Inc,0.147300603004,95400494.8,346810.0,275.08,US86800U1043,86800U104
2023-08-31,ADTN,identifier,ADTRAN Holdings Inc,0.021520038873,13937637.15,1630133.0,8.55,US00486H1059,00486H105
2023-08-31,AMKR,identifier,Amkor Technology Inc,0.052674753164,34115254.2,1220145.0,27.96,US0316521006,031652100
2023-08-31,,,EngageSmart Inc,0.029848414356,19331580.73,1091563.0,17.71,US29283F1030,29283F103
2023-08-31,MANH,identifier,Manhattan Associates Inc,0.133311657109,86340434.4,426120.0,202.62,US5627501092,562750109
2023-08-31,APPN,identifier,Appian Corp,0.039481632477,25570616.8,525064.0,48.7,US03782L1017,03782L101
2023-08-31,SYNA,identifier,Synaptics Inc,0.055560707936,35984367.48,411062.0,87.53999999999999,US87157D1090,87157D109
2023-08-31,VSAT,identifier,Viasat Inc,0.037070241841,24008859.04,865496.0,27.74,US92552V1008,92552V100
2023-08-31,QRVO,identifier,Qorvo Inc,0.118108040641,76493682.22,712298.0,107.39,US74736K1016,74736K101
2023-08-31,RXT,identifier,Rackspace Technology Inc,0.004563770531,2955765.0,1182306.0,2.5,US7501021056,750102105
2023-08-31,ANSS,manual table,ANSYS Inc,0.25978072059,168249204.54,527642.0,318.87,US03662Q1058,03662Q105
2023-08-31,ZETA,identifier,Zeta Global Holdings Corp,0.032653384772,21148243.8,2601260.0,8.13,US98956A1051,98956A105
2023-08-31,FCUV,SEC company list,Focus Universal Inc,0.00164474012,1065230.0,575800.0,1.85,US34417J1043,34417J104
2023-08-31,DDOG,identifier,Datadog Inc,0.229290002151,148501630.08,1539196.0,96.48,US23804L1035,23804L103
2023-08-31,SANM,identifier,Sanmina Corp,0.052366081101,33915340.1,608893.0,55.7,US8010561020,801056102
2023-08-31,,,Enfusion Inc,0.004281125331,2772707.42,324673.0,8.54,US2928121043,292812104
2023-08-31,PRO,identifier,PROS Holdings Inc,0.04332782054,28061633.38,782533.0,35.86,US74346Y1038,74346Y103
2023-08-31,TEL,"same company, other snapshot",TE Connectivity Ltd,0.381025512353,246774430.44,1863996.0,132.39,CH0102993182,H84989104
2023-08-31,,,MeridianLink Inc,0.01225051511,7934150.84,448004.0,17.71,US58985J1051,58985J105
2023-08-31,VNT,identifier,Vontier Corp,0.067392899161,43647587.28,1389608.0,31.41,US9288811014,928881101
2023-08-31,EVLV,identifier,Evolv Technologies Holdings Inc,0.01920223116,12436489.17,1779183.0,6.99,US30049H1023,30049H102
2023-08-31,VYX,identifier,NCR Corp,0.065786965847,42607490.84,1385159.0,30.76,US62886E1082,62886E108
2023-08-31,WULF,identifier,Terawulf Inc,0.006009110365,3891851.7,1862130.0,2.0900000000000003,US88080T1043,88080T104
2023-08-31,DXC,identifier,DXC Technology Co,0.059772714007,38712309.22,1866553.0,20.74,US23355L1061,23355L106
2023-08-31,HUBS,identifier,HubSpot Inc,0.243857861489,157936628.72,288986.0,546.52,US4435731009,443573100
2023-08-31,TCX,identifier,Tucows Inc,0.007469817711,4837891.3,204562.0,23.65,US8986972060,898697206
2023-08-31,MCHP,identifier,Microchip Technology Inc,0.405596289264,262687904.16,3209774.0,81.84,US5950171042,595017104
2023-08-31,NTCT,identifier,NetScout Systems Inc,0.042601620321,27591303.6,963720.0,28.630000000000003,US64115T1043,64115T104
2023-08-31,QLYS,identifier,Qualys Inc,0.080361588193,52046869.6,334384.0,155.65,US74758T3032,74758T303
2023-08-31,FROG,identifier,JFrog Ltd,0.043617349769,28249149.46,984634.0,28.69,IL0011684185,M6191J100
2023-08-31,MKSI,identifier,MKS Instruments Inc,0.076247459067,49382318.7,492690.0,100.23,US55306N1046,55306N104
2023-08-31,P,identifier,Pure Storage Inc,0.123632907465,80071909.45,2188355.0,36.59,US74624M1027,74624M102
2023-08-31,,,Infinera Corp,0.031974784605,20708742.6,4424945.0,4.680000000000001,US45667G1031,45667G103
2023-08-31,DOCN,identifier,DigitalOcean Holdings Inc,0.030460825742,19728214.2,729324.0,27.05,US25402D1028,25402D102
2023-08-31,SMTC,identifier,Semtech Corp,0.043306517448,28047836.25,1072575.0,26.15,US8168501018,816850101
2023-08-31,RMBS,identifier,Rambus Inc,0.077289333201,50057097.39,886437.0,56.47,US7509171069,750917106
2023-08-31,STX,identifier,Seagate Technology Holdings PLC,0.143077200172,92665171.85,1309015.0,70.78999999999999,IE00BKVD2N49,G7997R103
2023-08-31,DT,identifier,Dynatrace Inc,0.112480860353,72849190.8,1511394.0,48.199999999999996,US2681501092,268150109
2023-08-31,JNPR,manual table,Juniper Networks Inc,0.105088158369,68061244.16,2337268.0,29.119999999999997,US48203R1041,48203R104
2023-08-31,SITM,identifier,SiTime Corp,0.048412720609,31354912.38,236302.0,132.69,US82982T1060,82982T106
2023-08-31,ACIW,identifier,ACI Worldwide Inc,0.049421565997,32008299.72,1318299.0,24.279999999999998,US0044981019,004498101
2023-08-31,NABL,identifier,N-able Inc,0.028800971809,18653195.61,1395153.0,13.37,US62878D1000,62878D100
2023-08-31,WOLF,SEC company list,Wolfspeed Inc,0.074024811126,47942801.76,1002568.0,47.82,US9778521024,977852102
2023-08-31,BL,identifier,BlackLine Inc,0.054591236721,35356481.16,588686.0,60.059999999999995,US09239B1098,09239B109
2023-08-31,,,Ebix Inc,0.013972557167,9049446.1,541883.0,16.7,US2787152063,278715206
2023-08-31,AVPT,identifier,AvePoint Inc,0.02687526004,17405991.92,2508068.0,6.94,US0536041041,053604104
2023-08-31,ATEN,identifier,A10 Networks Inc,0.035460653762,22966395.56,1542404.0,14.889999999999999,US0021211018,002121101
2023-08-31,VMW,manual table,VMware Inc,0.368761646165,238831632.66,1415047.0,168.78,US9285634021,928563402
2023-08-31,CDNS,identifier,Cadence Design Systems Inc,0.584745776891,378715601.36,1575094.0,240.44,US1273871087,127387108
2023-08-31,ROP,identifier,Roper Technologies Inc,0.47742147174,309206097.62,619577.0,499.06,US7766961061,776696106
2023-08-31,COHR,identifier,Coherent Corp,0.070878901027,45905326.19,1219913.0,37.629999999999995,US19247G1076,19247G107
2023-08-31,LSCC,identifier,Lattice Semiconductor Corp,0.141446445245,91608999.48,941898.0,97.26,US5184151042,518415104
2023-08-31,,,HashiCorp Inc,0.048230449101,31236862.68,1071223.0,29.16,US4181001037,418100103
2023-08-31,FORM,identifier,FormFactor Inc,0.051689822754,33477355.6,947830.0,35.32,US3463751087,346375108
2023-08-31,ZM,identifier,Zoom Video Communications Inc,0.166893455983,108089973.53,1521751.0,71.03,US98980L1017,98980L101
2023-08-31,BMI,identifier,Badger Meter Inc,0.071807720651,46506884.16,280027.0,166.07999999999998,US0565251081,056525108
2023-08-31,HPE,identifier,Hewlett Packard Enterprise Co,0.214528231114,138941042.87,8177813.0,16.990000000000002,US42824C1099,42824C109
2023-08-31,CEVA,identifier,CEVA Inc,0.017402634147,11270964.78,485399.0,23.22,US1572101053,157210105
2023-08-31,BSY,identifier,Bentley Systems Inc,0.119459374089,77368884.88,1550168.0,49.91,US08265T2087,08265T208
2023-08-31,FTNT,identifier,Fortinet Inc,0.361910360411,234394338.87,3892947.0,60.21,US34959E1091,34959E109
2023-08-31,ADEA,identifier,Adeia Inc,0.032619101955,21126040.24,2100004.0,10.059999999999999,US00676P1075,00676P107
2023-08-31,ASAN,identifier,Asana Inc,0.03728562839,24148355.98,1123702.0,21.490000000000002,US04342Y1047,04342Y104
2023-08-31,CRNC,identifier,Cerence Inc,0.035356661063,22899043.8,877358.0,26.1,US1567271093,156727109
2023-08-31,ITRI,identifier,Itron Inc,0.051026225569,33047571.21,483081.0,68.41,US4657411066,465741106
2023-08-31,RPD,identifier,Rapid7 Inc,0.055691088041,36068809.27,715793.0,50.39000000000001,US7534221046,753422104
2023-08-31,,,Envestnet Inc,0.043721305318,28316477.16,518332.0,54.63,US29404K1060,29404K106
2023-08-31,ENPH,identifier,Enphase Energy Inc,0.165321624666,107071963.54,846218.0,126.53,US29355A1079,29355A107
2023-08-31,NVTS,identifier,Navitas Semiconductor Corp,0.031218767671,20219101.77,2289819.0,8.83,US63942X1063,63942X106
2023-08-31,VRSN,identifier,VeriSign Inc,0.191141176693,123794217.14,595766.0,207.79,US92343E1029,92343E102
2023-08-31,HUCK,identifier,Domo Inc,0.010772012893,6976586.24,654464.0,10.66,US2575541055,257554105
2023-08-31,AMPL,identifier,Amplitude Inc,0.021484640421,13914711.04,1191328.0,11.68,US03213A1043,03213A104
2023-08-31,MEI,identifier,Methode Electronics Inc,0.036108120225,23385732.75,725139.0,32.25,US5915202007,591520200
2023-08-31,DIOD,identifier,Diodes Inc,0.055322236398,35829919.35,437751.0,81.85000000000001,US2545431015,254543101
2023-08-31,,,New Relic Inc,0.071436263345,46266306.66,543606.0,85.11,US64829B1008,64829B100
2023-08-31,OUST,identifier,Ouster Inc,0.005222682948,3382515.26,600802.0,5.63,US68989M2026,68989M202
2023-08-31,UIS,identifier,Unisys Corp,0.009395086886,6084808.34,1509878.0,4.03,US9092143067,909214306
2023-08-31,CFLT,manual table,Confluent Inc,0.070758478792,45827333.7,1384930.0,33.09,US20717M1036,20717M103
2023-08-31,EGHT,identifier,8x8 Inc,0.012384757775,8021094.25,2468029.0,3.25,US2829141009,282914100
2023-08-31,QCOM,identifier,QUALCOMM Inc,1.112858987502,720752637.02,6293134.0,114.53,US7475251036,747525103
2023-08-31,FSLY,identifier,Fastly Inc,0.062497174547,40476829.38,1701422.0,23.790000000000003,US31188V1008,31188V100
2023-08-31,NOVT,identifier,Novanta Inc,0.075889107185,49150229.04,294348.0,166.98,CA67000B1040,67000B104
2023-08-31,TXN,identifier,Texas Instruments Inc,1.321757780518,856047726.18,5093703.0,168.06,US8825081040,882508104
2023-08-31,ROG,identifier,Rogers Corp,0.042457689155,27498085.35,190285.0,144.51000000000002,US7751331015,775133101
2023-08-31,BILL,identifier,BILL Holdings Inc,0.12041743497,77989381.2,676404.0,115.30000000000001,US0900431000,090043100
2023-08-31,LASR,identifier,nLight Inc,0.016695182666,10812777.78,947658.0,11.41,US65487K1007,65487K100
2023-08-31,POWI,identifier,Power Integrations Inc,0.06469681629,41901446.16,498708.0,84.02,US7392761034,739276103
2023-08-31,BOX,identifier,Box Inc,0.055217134242,35761849.04,1350523.0,26.48,US10316T1043,10316T104
2023-08-31,YEXT,identifier,Yext Inc,0.028930355031,18736991.76,2138926.0,8.760000000000002,US98585N1063,98585N106
2023-08-31,CRM,identifier,Salesforce Inc,1.912402648106,1238583924.06,5592811.0,221.45999999999998,US79466L3024,79466L302
2023-08-31,PMTS,identifier,CPI Card Group Inc,0.002833378688,1835061.93,88779.0,20.669999999999998,US12634H2004,12634H200
2023-08-31,RAMP,identifier,LiveRamp Holdings Inc,0.048550754732,31444311.36,972304.0,32.339999999999996,US53815P1084,53815P108
2023-08-31,XRX,identifier,Xerox Holdings Corp,0.043492292931,28168155.33,1772697.0,15.889999999999999,US98421M1062,98421M106
2023-08-31,,,E2open Parent Holdings Inc,0.024598817194,15931634.25,3298475.0,4.83,US29788T1034,29788T103
2023-08-31,,,Alteryx Inc,0.033842559348,21918422.88,742494.0,29.52,US02156B1035,02156B103
2023-08-31,IONQ,identifier,IonQ Inc,0.06859949676,44429050.53,2584587.0,17.19,US46222L1089,46222L108
2023-08-31,,,FARO Technologies Inc,0.010215869937,6616395.5,417175.0,15.86,US3116421021,311642102
2023-08-31,OKTA,identifier,Okta Inc,0.140723807211,91140976.78,1091378.0,83.51,US6792951054,679295105
2023-08-31,MSTR,identifier,MicroStrategy Inc,0.061957063773,40127022.02,112234.0,357.53000000000003,US5949724083,594972408
2023-08-31,TDY,identifier,Teledyne Technologies Inc,0.195000857792,126293972.6,301922.0,418.29999999999995,US8793601050,879360105
2023-08-31,CCSI,identifier,Consensus Cloud Solutions Inc,0.020368818062,13192039.15,413155.0,31.93,US20848V1052,20848V105
2023-08-31,ACN,identifier,Accenture PLC,1.768961645834,1145683132.67,3538571.0,323.77000000000004,IE00B4BNMY34,G1151C101
2023-08-31,CRUS,identifier,Cirrus Logic Inc,0.066196722748,42872873.4,522585.0,82.03999999999999,US1727551004,172755100
2023-08-31,CNXN,identifier,PC Connection Inc,0.021258710014,13768385.28,259194.0,53.12,US69318J1007,69318J100
2023-08-31,BLKB,identifier,Blackbaud Inc,0.054416785909,35243496.6,463060.0,76.11,US09227Q1004,09227Q100
2023-08-31,,,Jamf Holding Corp,0.028232141843,18284788.02,1084507.0,16.86,US47074L1052,47074L105
2023-08-31,PEGA,identifier,Pegasystems Inc,0.04190438975,27139736.26,546511.0,49.660000000000004,US7055731035,705573103
2023-08-31,PANW,identifier,Palo Alto Networks Inc,0.599745648438,388430396.4,1596508.0,243.29999999999998,US6974351057,697435105
2023-08-31,AVT,identifier,Avnet Inc,0.067283041073,43576436.75,858649.0,50.75,US0538071038,053807103
2023-08-31,MITK,identifier,Mitek Systems Inc,0.016826646012,10897921.14,975642.0,11.17,US6067102003,606710200
2023-08-31,,,Informatica Inc,0.025413358592,16459178.95,785641.0,20.95,US45674M1018,45674M101
2023-08-31,COHU,identifier,Cohu Inc,0.039649387925,25679265.05,686795.0,37.39,US1925761066,192576106
2023-08-31,TENB,identifier,Tenable Holdings Inc,0.072433424026,46912126.3,1033990.0,45.37,US88025T1025,88025T102
2023-08-31,ALRM,identifier,Alarm.com Holdings Inc,0.052512988866,34010486.17,580681.0,58.57,US0116421050,011642105
2023-08-31,,,Smartsheet Inc,0.070750826519,45822377.64,1098068.0,41.730000000000004,US83200N1037,83200N103
2023-08-31,VSH,identifier,Vishay Intertechnology Inc,0.054860379467,35530793.76,1294854.0,27.439999999999998,US9282981086,928298108
2023-08-31,KLAC,identifier,KLA Corp,0.618659261174,400679959.38,798374.0,501.87,US4824801009,482480100
2023-08-31,PLAB,identifier,Photronics Inc,0.04202307658,27216604.8,1145480.0,23.76,US7194051022,719405102
2023-08-31,HLIT,identifier,Harmonic Inc,0.028137244154,18223326.72,1706304.0,10.68,US4131601027,413160102
2023-08-31,UPLD,SEC company list,Upland Software Inc,0.003530549397,2286590.5,644110.0,3.55,US91544A1097,91544A109
2023-08-31,CDW,identifier,CDW Corp/DE,0.272598827405,176550961.0,836140.0,211.15,US12514G1085,12514G108
2023-08-31,FN,identifier,Fabrinet,0.086326380423,55910018.28,347764.0,160.77,KYG3323L1005,G3323L100
2023-08-31,KN,identifier,Knowles Corp,0.036785796511,23824635.59,1486253.0,16.03,US49926D1090,49926D109
2023-08-31,HPQ,identifier,HP Inc,0.247902123893,160555929.84,5404104.0,29.71,US40434L1052,40434L105
2023-08-31,PI,identifier,Impinj Inc,0.032832714961,21264388.53,319429.0,66.57000000000001,US4532041096,453204109
2023-08-31,CRWD,identifier,Crowdstrike Holdings Inc,0.336553264751,217971599.09,1337003.0,163.03,US22788C1053,22788C105
2023-08-31,IBM,identifier,International Business Machines Corp,1.160926059173,751883686.91,5120777.0,146.82999999999998,US4592001014,459200101
2023-08-31,MAPS,identifier,WM Technology Inc,0.003873478708,2508691.6,1650455.0,1.52,US92971A1097,92971A109
2023-08-31,EXTR,identifier,Extreme Networks Inc,0.061880549119,40077466.65,1460017.0,27.45,US30226D1063,30226D106
2023-08-31,GLW,identifier,Corning Inc,0.250671153535,162349315.56,4946658.0,32.82,US2193501051,219350105
2023-08-31,WEAV,identifier,Weave Communications Inc,0.006966954126,4512207.4,441940.0,10.21,US94724R1086,94724R108
2023-08-31,CXT,identifier,Crane NXT Co,0.050068786481,32427477.6,546285.0,59.36,US2244411052,224441105
2023-08-31,NCNO,identifier,nCino Inc,0.042512202139,27533391.15,837645.0,32.87,US63947X1019,63947X101
2023-08-31,,,Squarespace Inc,0.035927302029,23268624.3,771762.0,30.150000000000002,US85225A1079,85225A107
2023-08-31,APPS,identifier,Digital Turbine Inc,0.02987334368,19347726.42,2171462.0,8.91,US25400W1027,25400W102
2023-08-31,MU,identifier,Micron Technology Inc,0.677388872946,438716694.52,6272758.0,69.94,US5951121038,595112103
2023-08-31,PTC,identifier,PTC Inc,0.166799705889,108029255.48,734044.0,147.17000000000002,US69370C1009,69370C100
2023-08-31,MSI,identifier,Motorola Solutions Inc,0.428880992654,277768441.37,979541.0,283.57,US6200763075,620076307
2023-08-31,BDC,identifier,Belden Inc,0.059695921351,38662573.8,411742.0,93.89999999999999,US0774541066,077454106
2023-08-31,AMAT,identifier,Applied Materials Inc,1.12727514008,730089381.48,4779323.0,152.76,US0382221051,038222105
2023-08-31,AI,identifier,C3.ai Inc,0.050778205203,32886938.7,1060185.0,31.02,US12468P1049,12468P104
2023-08-31,FICO,identifier,Fair Isaac Corp,0.221286065465,143317812.06,158434.0,904.59,US3032501047,303250104
2023-08-31,ALTR,manual table,Altair Engineering Inc,0.053599632919,34714260.48,522176.0,66.47999999999999,US0213691035,021369103
2023-08-31,NVDA,identifier,NVIDIA Corp,4.862027069985,3148933397.05,6380171.0,493.55,US67066G1040,67066G104
2023-08-31,APPF,identifier,Appfolio Inc,0.059331539887,38426579.03,199339.0,192.77,US03783C1009,03783C100
2023-08-31,,,Avid Technology Inc,0.031576524471,20450806.02,767097.0,26.66,US05367P1003,05367P100
2023-08-31,MASS,identifier,908 Devices Inc,0.005525375177,3578556.47,497713.0,7.19,US65443P1021,65443P102
2023-08-31,IDCC,identifier,InterDigital Inc,0.046070363556,29837864.81,344111.0,86.71,US45867G1013,45867G101
2023-08-31,LFUS,identifier,Littelfuse Inc,0.080463566435,52112916.68,195121.0,267.08,US5370081045,537008104
2023-08-31,FRSH,identifier,Freshworks Inc,0.059083035162,38265632.82,1749686.0,21.87,US3580541049,358054104
2023-08-31,PLTR,identifier,Palantir Technologies Inc,0.256987904247,166440413.16,11110842.0,14.98,US69608A1088,69608A108
2023-08-31,,,Couchbase Inc,0.018397683192,11915416.8,696808.0,17.1,US22207T1016,22207T101
2023-08-31,SPLK,manual table,Splunk Inc,0.191488852827,124019392.56,1022756.0,121.26,US8486371045,848637104
2023-08-31,UCTT,identifier,Ultra Clean Holdings Inc,0.038711699492,25071963.12,713082.0,35.160000000000004,US90385V1070,90385V107
2023-08-31,WDAY,identifier,Workday Inc,0.453200712753,293519316.0,1200488.0,244.5,US98138H1014,98138H101
2023-08-31,SNX,identifier,TD SYNNEX Corp,0.068388482746,44292385.5,435306.0,101.75,US87162W1009,87162W100
2023-08-31,LWLG,identifier,Lightwave Logic Inc,0.023097364135,14959205.34,2370714.0,6.31,US5322751042,532275104
2023-08-31,SLAB,identifier,Silicon Laboratories Inc,0.058962808137,38187766.76,283166.0,134.85999999999999,US8269191024,826919102
2023-08-31,DOCU,identifier,DocuSign Inc,0.110935490495,71848318.8,1428396.0,50.3,US2561631068,256163106
2023-08-31,VERX,identifier,Vertex Inc,0.032292788451,20914700.51,934109.0,22.39,US92538J1060,92538J106
2023-08-31,VRNS,identifier,Varonis Systems Inc,0.061091023078,39566123.36,1239152.0,31.93,US9222801022,922280102
2023-08-31,FSLR,identifier,First Solar Inc,0.188176661235,121874223.36,644428.0,189.12,US3364331070,336433107
2023-08-31,PDFS,identifier,PDF Solutions Inc,0.03123852112,20231895.26,556739.0,36.34,US6932821050,693282105
2023-08-31,ICHR,identifier,Ichor Holdings Ltd,0.035700614803,23121808.38,631226.0,36.629999999999995,KYG4740B1059,G4740B105
2023-08-31,AGYS,identifier,Agilysys Inc,0.04247926046,27512056.19,389993.0,70.54500001282075,US00847J1051,00847J105
2023-08-31,CMRC,identifier,BigCommerce Holdings Inc,0.022699363459,14701436.8,1386928.0,10.600000000000001,US08975P1084,08975P108
2023-08-31,NTAP,identifier,NetApp Inc,0.165487554631,107179429.5,1397385.0,76.7,US64110D1046,64110D104
2023-08-31,ZS,identifier,Zscaler Inc,0.142512380638,92299361.65,591473.0,156.05,US98980G1022,98980G102
2023-08-31,AEIS,identifier,Advanced Energy Industries Inc,0.065354660599,42327504.65,358495.0,118.07,US0079731008,007973100
2023-08-31,,,Thoughtworks Holding Inc,0.015944177262,10326382.71,2077743.0,4.970000000000001,US88546E1055,88546E105
2023-08-31,CRDO,identifier,Credo Technology Group Holding Ltd,0.047123901768,30520197.84,1854204.0,16.46,KYG254571055,G25457105
2023-08-31,,,SEMrush Holdings Inc,0.011509120758,7453980.45,788781.0,9.450000000000001,US81686C1045,81686C104
2023-08-31,OLED,identifier,Universal Display Corp,0.091502012745,59262060.8,364555.0,162.56,US91347P1057,91347P105
2023-08-31,FIVN,identifier,Five9 Inc,0.069338294172,44907538.99,620527.0,72.37,US3383071012,338307101
2023-08-31,ALKT,identifier,Alkami Technology Inc,0.024556967102,15904529.68,913004.0,17.419999999999998,US01644J1088,01644J108
2023-08-31,ONTO,identifier,Onto Innovation Inc,0.090853502044,58842047.3,423385.0,138.98,US6833441057,683344105
2023-08-31,HCKT,identifier,Hackett Group Inc/The,0.019433593334,12586332.86,533998.0,23.57,US4046091090,404609109
2023-08-31,U,identifier,Unity Software Inc,0.099059645989,64156826.58,1730694.0,37.07,US91332U1016,91332U101
2023-08-31,,,National Instruments Corp,0.094847088949,61428528.0,1030680.0,59.6,US6365181022,636518102
2023-08-31,,,ForgeRock Inc,6.6771294e-05,43245.0,1860.0,23.25,US34631B1017,34631B101
2023-08-31,FLEX,identifier,Flex Ltd,0.132034458975,85513246.11,3099429.0,27.59,SG9999000020,Y2573F102
2023-08-31,AVGO,identifier,Broadcom Inc,3.311487671108,2144713299.9,2323910.0,922.89,US11135F1012,11135F101
2023-08-31,,,Zuora Inc,0.032704784789,21181533.46,2325086.0,9.110000000000001,US98983V1061,98983V106
2023-08-31,MX,identifier,Magnachip Semiconductor Corp,0.011773742834,7625365.2,927660.0,8.22,US55933J2033,55933J203
2023-08-31,VISN,identifier,CommScope Holding Co Inc,0.023682218732,15337991.42,4592213.0,3.34,US20337X1090,20337X109
2023-08-31,CSCO,identifier,Cisco Systems Inc,2.028279837426,1313632776.35,22905541.0,57.349999999999994,US17275R1023,17275R102
2023-08-31,SCSC,identifier,ScanSource Inc,0.028067488694,18178149.0,554550.0,32.78,US8060371072,806037107
2023-08-31,DBX,identifier,Dropbox Inc,0.088665642666,57425061.47,2066393.0,27.79,US26210C1045,26210C104
2023-08-31,PD,identifier,PagerDuty Inc,0.048329282476,31300872.96,1215096.0,25.76,US69553P1003,69553P100
2023-08-31,ANET,"same company, other snapshot",Arista Networks Inc,0.463450278501,300157534.88,1537456.0,195.23,US0404131064,040413106
2023-08-31,TDC,identifier,Teradata Corp,0.062746264179,40638154.41,878283.0,46.269999999999996,US88076W1036,88076W103
2023-08-31,,,Perficient Inc,0.039182686048,25377001.59,397821.0,63.79,US71375U1016,71375U101
2023-08-31,RNG,identifier,RingCentral Inc,0.044243141724,28654448.97,926429.0,30.93,US76680R2067,76680R206
2023-08-31,CTSH,identifier,Cognizant Technology Solutions Corp,0.337758123996,218751936.48,3054768.0,71.61,US1924461023,192446102
2023-08-31,GWRE,identifier,Guidewire Software Inc,0.087452153349,56639134.74,655318.0,86.43,US40171V1008,40171V100
2023-08-31,NTGR,identifier,NETGEAR Inc,0.012417526786,8042317.38,610191.0,13.18,US64111Q1040,64111Q104
2023-08-31,MXL,identifier,MaxLinear Inc,0.033978378014,22006387.0,936442.0,23.5,US57776J1007,57776J100
2023-08-31,,,Everbridge Inc,0.031647741535,20496930.36,826156.0,24.81,US29978A1043,29978A104
2023-08-31,CRSR,identifier,Corsair Gaming Inc,0.024282364566,15726681.0,1000425.0,15.72,US22041X1028,22041X102
2023-08-31,AKAM,identifier,Akamai Technologies Inc,0.16905304071,109488647.04,1041856.0,105.09,US00971T1016,00971T101
2023-08-31,ENTG,identifier,Entegris Inc,0.153353889549,99320957.58,980754.0,101.27,US29362U1043,29362U104
2023-08-31,SPSC,identifier,SPS Commerce Inc,0.083614418336,54153592.85,290945.0,186.13,US78463M1071,78463M107
2023-08-31,AMBA,identifier,Ambarella Inc,0.039894082834,25837743.8,415732.0,62.15,KYG037AX1015,G037AX101
2023-08-31,VIAV,identifier,Viavi Solutions Inc,0.045361937162,29379046.4,2811392.0,10.45,US9255501051,925550105
2023-08-31,GDYN,identifier,Grid Dynamics Holdings Inc,0.022082737784,14302073.91,1229757.0,11.63,US39813G1094,39813G109
2023-11-30,OSIS,identifier,OSI Systems Inc,0.051794654897,34769875.93,282017.0,123.28999999999999,US6710441055,671044105
2023-11-30,MVIS,SEC company list,MicroVision Inc,0.014491130761,9727930.8,3860290.0,2.52,US5949603048,594960304
2023-11-30,VERI,identifier,Veritone Inc,0.002319390798,1557012.6,752180.0,2.0700000000000003,US92347M1009,92347M100
2023-11-30,,,Clearwater Analytics Holdings Inc,0.072560624339,48710120.97,2285787.0,21.31,US1851231068,185123106
2023-11-30,MIR,identifier,Mirion Technologies Inc,0.050774324858,34084925.93,3816901.0,8.93,US60471A1016,60471A101
2023-11-30,TER,identifier,Teradyne Inc,0.147302860853,98884763.42,1072154.0,92.23,US8807701029,880770102
2023-11-30,SNPS,identifier,Synopsys Inc,0.717320799717,481539171.51,886437.0,543.23,US8716071076,871607107
2023-11-30,IT,identifier,Gartner Inc,0.325369018493,218421001.68,502302.0,434.84000000000003,US3666511072,366651107
2023-11-30,WK,identifier,Workiva Inc,0.072592117493,48731262.4,506720.0,96.17,US98139A1051,98139A105
2023-11-30,ACLS,identifier,Axcelis Technologies Inc,0.057958742163,38907842.48,313066.0,124.27999999999999,US0545402085,054540208
2023-11-30,RMNI,identifier,Rimini Street Inc,0.005917931686,3972721.72,1265198.0,3.14,US76674Q1076,76674Q107
2023-11-30,BHE,identifier,Benchmark Electronics Inc,0.028777769179,19318585.4,774292.0,24.95,US08160H1014,08160H101
2023-11-30,MTSI,identifier,MACOM Technology Solutions Holdings Inc,0.07854547682,52727766.78,627861.0,83.98,US55405Y1001,55405Y100
2023-11-30,CVLT,identifier,CommVault Systems Inc,0.06194771586,41585650.08,565176.0,73.58,US2041661024,204166102
2023-11-30,DMRC,SEC company list,Digimarc Corp,0.015533581368,10427730.39,312301.0,33.39,US25381B1017,25381B101
2023-11-30,ARW,identifier,Arrow Electronics Inc,0.086996908744,58401233.28,492588.0,118.56,US0427351004,042735100
2023-11-30,ALGM,identifier,Allegro MicroSystems Inc,0.041082509144,27578786.82,1013181.0,27.22,US01749D1054,01749D105
2023-11-30,,,ON24 Inc,0.007771161881,5216799.59,685519.0,7.609999999999999,US68339B1044,68339B104
2023-11-30,MDB,identifier,MongoDB Inc,0.279227278426,187445941.02,450873.0,415.74,US60937P1066,60937P106
2023-11-30,,,Verint Systems Inc,0.038820498046,26060293.35,1060655.0,24.57,US92343X1000,92343X100
2023-11-30,NSSC,identifier,Napco Security Technologies Inc,0.033046286642,22184051.4,724969.0,30.599999999999998,US6304021057,630402105
2023-11-30,GDDY,identifier,GoDaddy Inc,0.168302167581,112981648.34,1129139.0,100.06,US3802371076,380237107
2023-11-30,LAW,identifier,CS Disco Inc,0.004608844864,3093928.6,519988.0,5.95,US1263271058,126327105
2023-11-30,INDI,identifier,indie Semiconductor Inc,0.029335597964,19693057.2,2639820.0,7.46,US45569U1016,45569U101
2023-11-30,CGNX,identifier,Cognex Corp,0.080692425838,54169018.8,1436844.0,37.699999999999996,US1924221039,192422103
2023-11-30,TEAM,identifier,Atlassian Corp,0.272236611182,182753089.35,957073.0,190.95,US0494681010,049468101
2023-11-30,AAPL,identifier,Apple Inc,21.33276977545,14320739462.35,75392153.0,189.95000000000002,US0378331005,037833100
2023-11-30,,,SolarWinds Corp,0.018502946831,12421072.54,1071706.0,11.59,US83417Q2049,83417Q204
2023-11-30,SNOW,identifier,Snowflake Inc,0.44169112798,296508312.48,1579861.0,187.68,US8334451098,833445109
2023-11-30,JBL,identifier,Jabil Inc,0.161682254519,108537684.84,941187.0,115.32000000000001,US4663131039,466313103
2023-11-30,CXM,identifier,Sprinklr Inc,0.05034717213,33798177.28,2155496.0,15.68,US85208T1079,85208T107
2023-11-30,,,Olo Inc,0.017280592695,11600503.28,2164273.0,5.359999999999999,US68134L1098,68134L109
2023-11-30,ADI,identifier,Analog Devices Inc,0.785989880639,527636890.06,2877287.0,183.38,US0326541051,032654105
2023-11-30,QTWO,identifier,Q2 Holdings Inc,0.054121270502,36331738.56,1022853.0,35.52,US74736L1098,74736L109
2023-11-30,XPER,identifier,Xperi Inc,0.014297215171,9597754.8,930015.0,10.32,US98423J1016,98423J101
2023-11-30,CALX,identifier,Calix Inc,0.051627119282,34657408.87,898093.0,38.589999999999996,US13100M5094,13100M509
2023-11-30,TTMI,identifier,TTM Technologies Inc,0.047479861434,31873344.74,2123474.0,15.01,US87305R1095,87305R109
2023-11-30,KD,identifier,Kyndryl Holdings Inc,0.072424986479,48619066.95,2696565.0,18.03,US50155Q1004,50155Q100
2023-11-30,,,American Software Inc/GA,0.010464034826,7024531.65,707405.0,9.93,US0296831094,029683109
2023-11-30,RBBN,identifier,Ribbon Communications Inc,0.006431038167,4317171.33,2026841.0,2.13,US7625441040,762544104
2023-11-30,PCOR,identifier,Procore Technologies Inc,0.073045207594,49035422.87,829843.0,59.089999999999996,US74275K1088,74275K108
2023-11-30,AMD,identifier,Advanced Micro Devices Inc,1.631350497807,1095129497.8,9038705.0,121.16,US0079031078,007903107
2023-11-30,NSIT,identifier,Insight Enterprises Inc,0.069497088379,46653561.94,308107.0,151.42,US45765U1034,45765U103
2023-11-30,SEDG,identifier,SolarEdge Technologies Inc,0.053151300808,35680595.58,449491.0,79.38,US83417M1045,83417M104
2023-11-30,APH,identifier,Amphenol Corp,0.478254501206,321053392.53,3528447.0,90.99,US0320951017,032095101
2023-11-30,VECO,identifier,Veeco Instruments Inc,0.046173555594,30996418.5,1086450.0,28.53,US9224171002,922417100
2023-11-30,PRGS,identifier,Progress Software Corp,0.050212857728,33708011.7,625845.0,53.86000000000001,US7433121008,743312100
2023-11-30,MSFT,identifier,Microsoft Corp,18.5186422793,12431608931.7,32808870.0,378.91,US5949181045,594918104
2023-11-30,IPGP,identifier,IPG Photonics Corp,0.057279196607,38451661.92,401542.0,95.76,US44980X1090,44980X109
2023-11-30,NOW,identifier,ServiceNow Inc,1.182585207766,793872283.38,1157687.0,685.74,US81762P1021,81762P102
2023-11-30,,,SMART Global Holdings Inc,0.027185632898,18249780.5,1095425.0,16.66,KYG8232Y1017,G8232Y101
2023-11-30,LRCX,"same company, other snapshot",Lam Research Corp,0.821820543311,551690099.76,770603.0,715.92,US5128071082,512807108
2023-11-30,,,Model N Inc,0.02711546668,18202677.75,793145.0,22.95,US6075251024,607525102
2023-11-30,LITE,identifier,Lumentum Holdings Inc,0.054060166356,36290719.2,847914.0,42.800000000000004,US55024U1097,55024U109
2023-11-30,ESTC,identifier,Elastic NV,0.096535562023,64804554.08,806428.0,80.36,NL0013056914,N14506104
2023-11-30,EPAM,identifier,EPAM Systems Inc,0.158735706984,106559660.42,412718.0,258.19,US29414B1044,29414B104
2023-11-30,NET,identifier,Cloudflare Inc,0.218302460911,146546965.05,1899507.0,77.15,US18915M1071,18915M107
2023-11-30,SOUN,identifier,SoundHound AI Inc,0.011162745917,7493578.08,3501672.0,2.14,US8361001071,836100107
2023-11-30,TRMB,identifier,Trimble Inc,0.123676052553,83024030.4,1789311.0,46.400000000000006,US8962391004,896239100
2023-11-30,PLUS,identifier,ePlus Inc,0.04906949607,32940470.28,518911.0,63.480000000000004,US2942681071,294268107
2023-11-30,SMRT,identifier,SmartRent Inc,0.016315918855,10952915.42,3499334.0,3.13,US83193G1076,83193G107
2023-11-30,ADBE,identifier,Adobe Inc,2.34468812275,1573994754.54,2576054.0,611.01,US00724F1012,00724F101
2023-11-30,,,Casa Systems Inc,0.000644715395,432798.99,773961.0,0.5591999984495343,US14713L1026,14713L102
2023-11-30,CLFD,identifier,Clearfield Inc,0.01138406567,7642150.56,300399.0,25.439999999999998,US18482P1030,18482P103
2023-11-30,ON,identifier,ON Semiconductor Corp,0.277664820767,186397059.45,2613165.0,71.33,US6821891057,682189105
2023-11-30,,,LivePerson Inc,0.006610018237,4437321.08,1562437.0,2.84,US5381461012,538146101
2023-11-30,TLS,identifier,Telos Corp,0.00700016277,4699226.04,1143364.0,4.11,US87969B1017,87969B101
2023-11-30,INTU,identifier,Intuit Inc,1.348213448708,905058918.36,1583766.0,571.46,US4612021034,461202103
2023-11-30,AEVA,"same company, other snapshot",Aeva Technologies Inc,0.001391743952,934281.05,1672241.0,0.5587000019733998,US00835Q1031,00835Q103
2023-11-30,AZPN,manual table,Aspentech Corp,0.078161975046,52470321.12,278712.0,188.26,US29109X1063,29109X106
2023-11-30,OSPN,identifier,OneSpan Inc,0.010430714536,7002163.66,698122.0,10.03,US68287N1000,68287N100
2023-11-30,AOSL,identifier,Alpha & Omega Semiconductor Ltd,0.016234292482,10898119.44,509496.0,21.39,BMG6331P1041,G6331P104
2023-11-30,MARA,identifier,Marathon Digital Holdings Inc,0.053716293265,36059876.37,3012521.0,11.969999999999999,US5657881067,565788106
2023-11-30,,,PowerSchool Holdings Inc,0.043409679417,29141021.8,1249615.0,23.32,US73939C1062,73939C106
2023-11-30,DV,identifier,DoubleVerify Holdings Inc,0.063877749072,42881286.0,1291605.0,33.2,US25862V1052,25862V105
2023-11-30,SWKS,identifier,Skyworks Solutions Inc,0.156747220605,105224784.75,1085575.0,96.93,US83088M1027,83088M102
2023-11-30,DLB,identifier,Dolby Laboratories Inc,0.076143883008,51115571.1,593470.0,86.13,US25659T1079,25659T107
2023-11-30,NXPI,identifier,NXP Semiconductors NV,0.467253370248,313668306.96,1536987.0,204.07999999999998,NL0009538784,N6596X109
2023-11-30,INTA,identifier,Intapp Inc,0.032885254295,22075950.0,588692.0,37.5,US45827U1097,45827U109
2023-11-30,,,SecureWorks Corp,0.002354123312,1580328.62,264269.0,5.98,US81374A1051,81374A105
2023-11-30,RIOT,identifier,Riot Platforms Inc,0.058305861764,39140864.7,3118794.0,12.55,US7672921050,767292105
2023-11-30,MRVL,identifier,Marvell Technology Inc,0.422965779306,283937941.05,5094885.0,55.730000000000004,US5738741041,573874104
2023-11-30,TWLO,identifier,Twilio Inc,0.128067291819,85971879.84,1329188.0,64.68,US90138F1021,90138F102
2023-11-30,BRZE,identifier,Braze Inc,0.063944513887,42926105.38,781327.0,54.940000000000005,US10576N1028,10576N102
2023-11-30,ADSK,identifier,Autodesk Inc,0.417975197282,280587751.38,1284566.0,218.43,US0527691069,052769106
2023-11-30,KEYS,identifier,Keysight Technologies Inc,0.23352288256,156764470.57,1153613.0,135.89,US49338L1035,49338L103
2023-11-30,,,Matterport Inc,0.020657097909,13867159.32,5502841.0,2.52,US5770961002,577096100
2023-11-30,ARLO,identifier,Arlo Technologies Inc,0.027285555884,18316859.04,2015056.0,9.09,US04206A1016,04206A101
2023-11-30,PRCH,identifier,Porch Group Inc,0.004265918097,2863721.04,1884027.0,1.52,US7332451043,733245104
2023-11-30,GTLB,identifier,Gitlab Inc,0.065940406897,44265953.14,915721.0,48.34,US37637K1088,37637K108
2023-11-30,WDC,identifier,Western Digital Corp,0.167059384992,112147365.41,2321411.0,48.309999999999995,US9581021055,958102105
2023-11-30,GEN,identifier,Gen Digital Inc,0.140837367736,94544462.4,4281905.0,22.080000000000002,US6687711084,668771108
2023-11-30,CTS,identifier,CTS Corp,0.037823570872,25391053.75,655253.0,38.75,US1265011056,126501105
2023-11-30,S,identifier,SentinelOne Inc,0.074134654145,49766770.95,2606955.0,19.09,US81730H1095,81730H109
2023-11-30,EXFY,identifier,Expensify Inc,0.002596953266,1743340.95,748215.0,2.33,US30219Q1067,30219Q106
2023-11-30,PATH,identifier,UiPath Inc,0.102665122866,68919342.96,3487821.0,19.759999999999998,US90364P1057,90364P105
2023-11-30,PLXS,identifier,Plexus Corp,0.059316980157,39819630.9,390810.0,101.89,US7291321005,729132100
2023-11-30,SPT,identifier,Sprout Social Inc,0.064864327556,43543578.5,765265.0,56.9,US85209W1099,85209W109
2023-11-30,ORCL,identifier,Oracle Corp,1.578923864157,1059935373.02,9120862.0,116.21,US68389X1054,68389X105
2023-11-30,AUR,identifier,Aurora Innovation Inc,0.041943954974,28157077.47,12857113.0,2.19,US0517741072,051774107
2023-11-30,DELL,identifier,Dell Technologies Inc,0.205171503531,137732121.9,1815370.0,75.87,US24703L2025,24703L202
2023-11-30,ACMR,identifier,ACM Research Inc,0.023858224396,16016083.2,962505.0,16.64,US00108J1097,00108J109
2023-11-30,INTC,identifier,Intel Corp,1.568274026375,1052786111.4,23552262.0,44.699999999999996,US4581401001,458140100
2023-11-30,MPWR,identifier,Monolithic Power Systems Inc,0.239738206466,160936832.4,293295.0,548.72,US6098391054,609839105
2023-11-30,YOU,identifier,Clear Secure Inc,0.045743233922,30707542.53,1439641.0,21.330000000000002,US18467V1098,18467V109
2023-11-30,TYL,identifier,Tyler Technologies Inc,0.177160525567,118928285.28,290892.0,408.84000000000003,US9022521051,902252105
2023-11-30,CIFR,identifier,Cipher Mining Inc,0.004463133675,2996112.33,1081629.0,2.77,US17253J1060,17253J106
2023-11-30,ZBRA,identifier,Zebra Technologies Corp,0.129649802005,87034222.72,367264.0,236.98,US9892071054,989207105
2023-11-30,APP,identifier,AppLovin Corp,0.085644537167,57493383.0,1533975.0,37.48,US03831W1080,03831W108
2023-11-30,NTNX,identifier,Nutanix Inc,0.130611530898,87679833.63,2034807.0,43.089999999999996,US67059N1081,67059N108
2023-11-30,KLIC,identifier,Kulicke & Soffa Industries Inc,0.058374798953,39187142.4,760620.0,51.519999999999996,US5012421013,501242101
2023-11-30,CIEN,identifier,Ciena Corp,0.093912731551,63043841.7,1375002.0,45.85,US1717793095,171779309
2023-11-30,DGII,identifier,Digi International Inc,0.027502637993,18462586.78,784307.0,23.540000000000003,US2537981027,253798102
2023-11-30,FFIV,identifier,F5 Inc,0.122605315082,82305241.77,480783.0,171.19,US3156161024,315616102
2023-11-30,PAR,identifier,PAR Technology Corp,0.032903836383,22088424.2,599740.0,36.83,US6988841036,698884103
2023-11-30,IOT,identifier,Samsara Inc,0.07398129168,49663818.36,1803334.0,27.54,US79589L1061,79589L106
2023-11-30,SMCI,"same company, other snapshot",Super Micro Computer Inc,0.142513902778,95669924.39,349837.0,273.47,US86800U1043,86800U104
2023-11-30,ADTN,identifier,ADTRAN Holdings Inc,0.012700518457,8525888.47,1630189.0,5.23,US00486H1059,00486H105
2023-11-30,AMKR,identifier,Amkor Technology Inc,0.063228772378,42445626.39,1506767.0,28.17,US0316521006,031652100
2023-11-30,,,EngageSmart Inc,0.037259371709,25012305.5,1096550.0,22.81,US29283F1030,29283F103
2023-11-30,MANH,identifier,Manhattan Associates Inc,0.153909599197,103319882.7,463214.0,223.05,US5627501092,562750109
2023-11-30,APPN,identifier,Appian Corp,0.036312264021,24376509.84,672641.0,36.24,US03782L1017,03782L101
2023-11-30,SYNA,identifier,Synaptics Inc,0.072820452027,48884543.92,482858.0,101.24000000000001,US87157D1090,87157D109
2023-11-30,VSAT,identifier,Viasat Inc,0.035709782573,23972062.6,1172228.0,20.450000000000003,US92552V1008,92552V100
2023-11-30,QRVO,identifier,Qorvo Inc,0.110564915228,74222492.5,769145.0,96.5,US74736K1016,74736K101
2023-11-30,RXT,identifier,Rackspace Technology Inc,0.002283915936,1533198.24,1216824.0,1.26,US7501021056,750102105
2023-11-30,ANSS,manual table,ANSYS Inc,0.242022665704,162470395.36,553826.0,293.36,US03662Q1058,03662Q105
2023-11-30,ZETA,identifier,Zeta Global Holdings Corp,0.038520627523,25858989.55,3165115.0,8.17,US98956A1051,98956A105
2023-11-30,FCUV,SEC company list,Focus Universal Inc,0.001341437667,900510.32,592441.0,1.52,US34417J1043,34417J104
2023-11-30,DDOG,identifier,Datadog Inc,0.281801455891,189173992.52,1622836.0,116.57000000000001,US23804L1035,23804L103
2023-11-30,SANM,identifier,Sanmina Corp,0.055549121685,37290258.48,744168.0,50.10999999999999,US8010561020,801056102
2023-11-30,,,Enfusion Inc,0.007530642927,5055338.64,494168.0,10.229999999999999,US2928121043,292812104
2023-11-30,PRO,identifier,PROS Holdings Inc,0.0482549748,32393680.2,886284.0,36.55,US74346Y1038,74346Y103
2023-11-30,TEL,"same company, other snapshot",TE Connectivity Ltd,0.371555302807,249425965.0,1904015.0,131.0,CH0102993182,H84989104
2023-11-30,,,MeridianLink Inc,0.012484646041,8380972.8,440640.0,19.02,US58985J1051,58985J105
2023-11-30,VNT,identifier,Vontier Corp,0.08178041196,54899386.49,1627613.0,33.730000000000004,US9288811014,928881101
2023-11-30,EVLV,identifier,Evolv Technologies Holdings Inc,0.010642565918,7144380.0,1786095.0,4.0,US30049H1023,30049H102
2023-11-30,VYX,identifier,NCR Voyix Corp,0.035080587202,23549682.24,1501893.0,15.68,US62886E1082,62886E108
2023-11-30,WULF,identifier,Terawulf Inc,0.003979615231,2671525.24,2303039.0,1.1600000000000001,US88080T1043,88080T104
2023-11-30,DXC,identifier,DXC Technology Co,0.078605403315,52767995.58,2281366.0,23.13,US23355L1061,23355L106
2023-11-30,HUBS,identifier,HubSpot Inc,0.223939395894,150331053.01,304357.0,493.92999999999995,US4435731009,443573100
2023-11-30,TCX,identifier,Tucows Inc,0.006325157716,4246093.53,200193.0,21.21,US8986972060,898697206
2023-11-30,MCHP,identifier,Microchip Technology Inc,0.406138182565,272641535.04,3267516.0,83.44000000000001,US5950171042,595017104
2023-11-30,NTCT,identifier,NetScout Systems Inc,0.036346106058,24399228.08,1215101.0,20.08,US64115T1043,64115T104
2023-11-30,QLYS,identifier,Qualys Inc,0.099337171627,66685281.32,360773.0,184.84,US74758T3032,74758T303
2023-11-30,FROG,identifier,JFrog Ltd,0.049895620308,33495049.46,1241477.0,26.98,IL0011684185,M6191J100
2023-11-30,MKSI,identifier,MKS Instruments Inc,0.070122242575,47073229.45,570239.0,82.55000000000001,US55306N1046,55306N104
2023-11-30,P,identifier,Pure Storage Inc,0.109953123951,73811795.55,2215905.0,33.309999999999995,US74624M1027,74624M102
2023-11-30,,,Infinera Corp,0.02570931402,17258724.1,4436690.0,3.89,US45667G1031,45667G103
2023-11-30,DOCN,identifier,DigitalOcean Holdings Inc,0.04415093877,29638630.98,1000629.0,29.62,US25402D1028,25402D102
2023-11-30,SMTC,identifier,Semtech Corp,0.030661878423,20583392.45,1257385.0,16.37,US8168501018,816850101
2023-11-30,RMBS,identifier,Rambus Inc,0.103374452034,69395517.33,1025499.0,67.67,US7509171069,750917106
2023-11-30,STX,identifier,Seagate Technology Holdings PLC,0.161625361619,108499492.5,1371675.0,79.1,IE00BKVD2N49,G7997R103
2023-11-30,DT,identifier,Dynatrace Inc,0.148661544489,99796851.0,1863620.0,53.55,US2681501092,268150109
2023-11-30,JNPR,manual table,Juniper Networks Inc,0.110601364152,74246960.75,2609735.0,28.45,US48203R1041,48203R104
2023-11-30,SITM,identifier,SiTime Corp,0.044843007833,30103218.6,272181.0,110.60000000000001,US82982T1060,82982T106
2023-11-30,ACIW,identifier,ACI Worldwide Inc,0.064132313127,43052175.46,1610029.0,26.740000000000002,US0044981019,004498101
2023-11-30,NABL,identifier,N-able Inc,0.024782983988,16636876.53,1396883.0,11.91,US62878D1000,62878D100
2023-11-30,WOLF,SEC company list,Wolfspeed Inc,0.065801261975,44172544.82,1198387.0,36.86,US9778521024,977852102
2023-11-30,BL,identifier,BlackLine Inc,0.062796627354,42155526.4,728704.0,57.85,US09239B1098,09239B109
2023-11-30,,,Ebix Inc,0.00315184202,2115839.1,537015.0,3.9400000000000004,US2787152063,278715206
2023-11-30,AVPT,identifier,AvePoint Inc,0.025177114519,16901457.3,2063670.0,8.19,US0536041041,053604104
2023-11-30,ATEN,identifier,A10 Networks Inc,0.028573028959,19181142.8,1535720.0,12.49,US0021211018,002121101
2023-11-30,CDNS,identifier,Cadence Design Systems Inc,0.64980915338,436218441.57,1596291.0,273.27,US1273871087,127387108
2023-11-30,ROP,identifier,Roper Technologies Inc,0.506245851056,339844052.75,631387.0,538.25,US7766961061,776696106
2023-11-30,COHR,identifier,Coherent Corp,0.077102642702,51759188.78,1406882.0,36.79,US19247G1076,19247G107
2023-11-30,LSCC,identifier,Lattice Semiconductor Corp,0.087718192733,58885432.95,1005729.0,58.550000000000004,US5184151042,518415104
2023-11-30,,,HashiCorp Inc,0.042210842254,28336239.54,1322887.0,21.419999999999998,US4181001037,418100103
2023-11-30,FORM,identifier,FormFactor Inc,0.065817779032,44183632.76,1175722.0,37.58,US3463751087,346375108
2023-11-30,ZM,identifier,Zoom Video Communications Inc,0.167408753177,112381897.11,1656817.0,67.83,US98980L1017,98980L101
2023-11-30,BMI,identifier,Badger Meter Inc,0.066661362093,44749932.09,303657.0,147.37,US0565251081,056525108
2023-11-30,HPE,identifier,Hewlett Packard Enterprise Co,0.212106035626,142387289.91,8420301.0,16.91,US42824C1099,42824C109
2023-11-30,CEVA,identifier,CEVA Inc,0.015744809468,10569528.32,485732.0,21.76,US1572101053,157210105
2023-11-30,BSY,identifier,Bentley Systems Inc,0.129401325907,86867420.12,1668602.0,52.06,US08265T2087,08265T208
2023-11-30,FTNT,identifier,Fortinet Inc,0.317106431448,212874307.2,4050120.0,52.559999999999995,US34959E1091,34959E109
2023-11-30,ADEA,identifier,Adeia Inc,0.031869034788,21393759.41,2327939.0,9.19,US00676P1075,00676P107
2023-11-30,ASAN,identifier,Asana Inc,0.048831378508,32780621.39,1560239.0,21.01,US04342Y1047,04342Y104
2023-11-30,CRNC,identifier,Cerence Inc,0.022695020771,15235221.82,881158.0,17.29,US1567271093,156727109
2023-11-30,ITRI,identifier,Itron Inc,0.059321690315,39822792.84,591018.0,67.38000000000001,US4657411066,465741106
2023-11-30,RPD,identifier,Rapid7 Inc,0.066956603047,44948128.05,830067.0,54.15,US7534221046,753422104
2023-11-30,,,Envestnet Inc,0.037189105715,24965135.77,656459.0,38.03,US29404K1060,29404K106
2023-11-30,ENPH,identifier,Enphase Energy Inc,0.139570226661,93693827.56,927478.0,101.02,US29355A1079,29355A107
2023-11-30,NVTS,identifier,Navitas Semiconductor Corp,0.027339770349,18353253.34,2644561.0,6.9399999999999995,US63942X1063,63942X106
2023-11-30,VRSN,identifier,VeriSign Inc,0.198185810752,133042609.6,626968.0,212.2,US92343E1029,92343E102
2023-11-30,HUCK,identifier,Domo Inc,0.009530693959,6397977.69,674181.0,9.49,US2575541055,257554105
2023-11-30,AMPL,identifier,Amplitude Inc,0.019469155374,13069690.65,1227201.0,10.65,US03213A1043,03213A104
2023-11-30,MEI,identifier,Methode Electronics Inc,0.027330619763,18347110.53,773161.0,23.73,US5915202007,591520200
2023-11-30,DIOD,identifier,Diodes Inc,0.052585000252,35300436.66,531473.0,66.41999999999999,US2545431015,254543101
2023-11-30,OUST,identifier,Ouster Inc,0.005142938891,3452467.2,674310.0,5.12,US68989M2026,68989M202
2023-11-30,UIS,identifier,Unisys Corp,0.010640198162,7142790.52,1491188.0,4.79,US9092143067,909214306
2023-11-30,CFLT,manual table,Confluent Inc,0.050667223781,34013028.72,1602876.0,21.22,US20717M1036,20717M103
2023-11-30,EGHT,identifier,8x8 Inc,0.009968296136,6691741.08,2165612.0,3.09,US2829141009,282914100
2023-11-30,QCOM,identifier,QUALCOMM Inc,1.21338882294,814550824.05,6311901.0,129.04999999999998,US7475251036,747525103
2023-11-30,FSLY,identifier,Fastly Inc,0.045545704491,30574940.55,1840755.0,16.61,US31188V1008,31188V100
2023-11-30,NOVT,identifier,Novanta Inc,0.075967250807,50996997.48,353067.0,144.44,CA67000B1040,67000B104
2023-11-30,TXN,identifier,Texas Instruments Inc,1.162534564031,780412238.2,5110420.0,152.71,US8825081040,882508104
2023-11-30,ROG,identifier,Rogers Corp,0.049127682545,32979531.0,254865.0,129.4,US7751331015,775133101
2023-11-30,BILL,identifier,BILL Holdings Inc,0.072531782195,48690759.17,743711.0,65.47,US0900431000,090043100
2023-11-30,LASR,identifier,nLight Inc,0.018731548667,12574533.5,951175.0,13.22,US65487K1007,65487K100
2023-11-30,POWI,identifier,Power Integrations Inc,0.067560745565,45353690.37,593557.0,76.41,US7392761034,739276103
2023-11-30,BOX,identifier,Box Inc,0.060573529315,40663155.36,1553808.0,26.169999999999998,US10316T1043,10316T104
2023-11-30,YEXT,identifier,Yext Inc,0.022770813231,15286101.48,2305596.0,6.63,US98585N1063,98585N106
2023-11-30,CRM,identifier,Salesforce Inc,2.101480163525,1410728668.8,5600352.0,251.9,US79466L3024,79466L302
2023-11-30,PMTS,identifier,CPI Card Group Inc,0.002420284688,1624742.91,91329.0,17.79,US12634H2004,12634H200
2023-11-30,RAMP,identifier,LiveRamp Holdings Inc,0.05493559508,36878396.6,1112135.0,33.160000000000004,US53815P1084,53815P108
2023-11-30,XRX,identifier,Xerox Holdings Corp,0.04441412143,29815306.13,2131187.0,13.99,US98421M1062,98421M106
2023-11-30,,,E2open Parent Holdings Inc,0.021562398119,14474889.52,3976618.0,3.6399999999999997,US29788T1034,29788T103
2023-11-30,,,Alteryx Inc,0.068112558626,45724123.8,1141676.0,40.05,US02156B1035,02156B103
2023-11-30,IONQ,identifier,IonQ Inc,0.047208870356,31691427.78,2591286.0,12.23,US46222L1089,46222L108
2023-11-30,,,FARO Technologies Inc,0.011304884469,7588996.03,413119.0,18.37,US3116421021,311642102
2023-11-30,OKTA,identifier,Okta Inc,0.116317501355,78084217.35,1164567.0,67.05,US6792951054,679295105
2023-11-30,MSTR,identifier,MicroStrategy Inc,0.095594130585,64172568.9,128783.0,498.3,US5949724083,594972408
2023-11-30,TDY,identifier,Teledyne Technologies Inc,0.188643793148,126637030.32,314267.0,402.96,US8793601050,879360105
2023-11-30,CCSI,identifier,Consensus Cloud Solutions Inc,0.011192696205,7513683.78,407909.0,18.42,US20848V1052,20848V105
2023-11-30,ACN,identifier,Accenture PLC,1.758268233949,1180329678.16,3543044.0,333.14000000000004,IE00B4BNMY34,G1151C101
2023-11-30,CRUS,identifier,Cirrus Logic Inc,0.066709307073,44782117.67,589937.0,75.91,US1727551004,172755100
2023-11-30,CNXN,identifier,PC Connection Inc,0.022988868523,15432482.52,258804.0,59.629999999999995,US69318J1007,69318J100
2023-11-30,BLKB,identifier,Blackbaud Inc,0.061855173899,41523526.44,551881.0,75.24,US09227Q1004,09227Q100
2023-11-30,,,Jamf Holding Corp,0.026643080179,17885563.56,1085948.0,16.47,US47074L1052,47074L105
2023-11-30,PEGA,identifier,Pegasystems Inc,0.056181406454,37714712.76,725562.0,51.98,US7055731035,705573103
2023-11-30,PANW,identifier,Palo Alto Networks Inc,0.712744645947,478467188.52,1621428.0,295.09,US6974351057,697435105
2023-11-30,AVT,identifier,Avnet Inc,0.068904546147,46255786.92,989217.0,46.760000000000005,US0538071038,053807103
2023-11-30,MITK,identifier,Mitek Systems Inc,0.015590874311,10466191.28,927032.0,11.29,US6067102003,606710200
2023-11-30,,,Informatica Inc,0.029673780654,19920080.05,793945.0,25.09,US45674M1018,45674M101
2023-11-30,COHU,identifier,Cohu Inc,0.043101267483,28933984.13,911881.0,31.73,US1925761066,192576106
2023-11-30,TENB,identifier,Tenable Holdings Inc,0.070177718409,47110470.51,1138209.0,41.39,US88025T1025,88025T102
2023-11-30,ALRM,identifier,Alarm.com Holdings Inc,0.053673199288,36030947.28,661361.0,54.480000000000004,US0116421050,011642105
2023-11-30,,,Smartsheet Inc,0.080325690815,53922828.7,1272365.0,42.38,US83200N1037,83200N103
2023-11-30,VSH,identifier,Vishay Intertechnology Inc,0.053183056899,35701913.52,1606024.0,22.23,US9282981086,928298108
2023-11-30,KLAC,identifier,KLA Corp,0.648467057068,435317489.1,799305.0,544.62,US4824801009,482480100
2023-11-30,PLAB,identifier,Photronics Inc,0.042640112269,28624409.53,1354681.0,21.130000000000003,US7194051022,719405102
2023-11-30,HLIT,identifier,Harmonic Inc,0.038149812327,25610060.42,2315557.0,11.06,US4131601027,413160102
2023-11-30,UPLD,SEC company list,Upland Software Inc,0.004660282011,3128458.48,662809.0,4.72,US91544A1097,91544A109
2023-11-30,CDW,identifier,CDW Corp/DE,0.267747220159,179739350.4,852330.0,210.88,US12514G1085,12514G108
2023-11-30,FN,identifier,Fabrinet,0.095384637515,64031935.7,395503.0,161.9,KYG3323L1005,G3323L100
2023-11-30,KN,identifier,Knowles Corp,0.045088322316,30267898.8,1907240.0,15.870000000000001,US49926D1090,49926D109
2023-11-30,HPQ,identifier,HP Inc,0.244532926728,164155539.6,5594940.0,29.34,US40434L1052,40434L105
2023-11-30,PI,identifier,Impinj Inc,0.061796485519,41484128.79,496281.0,83.59,US4532041096,453204109
2023-11-30,CRWD,identifier,Crowdstrike Holdings Inc,0.486267641621,326432632.89,1377411.0,236.98999999999998,US22788C1053,22788C105
2023-11-30,IBM,identifier,International Business Machines Corp,1.213418762041,814570922.24,5137304.0,158.56,US4592001014,459200101
2023-11-30,MAPS,identifier,WM Technology Inc,0.002109825346,1416330.81,1702730.0,0.8317999976508313,US92971A1097,92971A109
2023-11-30,EXTR,identifier,Extreme Networks Inc,0.036727757667,24655431.72,1527598.0,16.14,US30226D1063,30226D106
2023-11-30,GLW,identifier,Corning Inc,0.218080728736,146398115.71,5138579.0,28.490000000000002,US2193501051,219350105
2023-11-30,WEAV,identifier,Weave Communications Inc,0.00721107678,4840813.12,512798.0,9.44,US94724R1086,94724R108
2023-11-30,CXT,identifier,Crane NXT Co,0.04999474854,33561594.48,652188.0,51.459999999999994,US2244411052,224441105
2023-11-30,NCNO,identifier,nCino Inc,0.04406045256,29577887.37,1070499.0,27.630000000000003,US63947X1019,63947X101
2023-11-30,,,Squarespace Inc,0.039931897371,26806378.38,956346.0,28.029999999999998,US85225A1079,85225A107
2023-11-30,APPS,identifier,Digital Turbine Inc,0.015119836993,10149982.8,2182792.0,4.65,US25400W1027,25400W102
2023-11-30,MU,identifier,Micron Technology Inc,0.721350595449,484244383.04,6361592.0,76.12,US5951121038,595112103
2023-11-30,PTC,identifier,PTC Inc,0.182799018894,122713419.36,779826.0,157.35999999999999,US69370C1009,69370C100
2023-11-30,MSI,identifier,Motorola Solutions Inc,0.481738308614,323392080.79,1001617.0,322.87,US6200763075,620076307
2023-11-30,BDC,identifier,Belden Inc,0.049454125235,33198672.76,499679.0,66.44,US0774541066,077454106
2023-11-30,AMAT,identifier,Applied Materials Inc,1.068016612741,716962111.04,4786768.0,149.78,US0382221051,038222105
2023-11-30,AI,identifier,C3.ai Inc,0.054025367135,36267358.4,1245445.0,29.119999999999997,US12468P1049,12468P104
2023-11-30,FICO,identifier,Fair Isaac Corp,0.265823526146,178447970.0,164075.0,1087.6,US3032501047,303250104
2023-11-30,ALTR,manual table,Altair Engineering Inc,0.072017081768,48345239.54,667199.0,72.46,US0213691035,021369103
2023-11-30,NVDA,identifier,NVIDIA Corp,6.00121473251,4028629828.5,8613705.0,467.7,US67066G1040,67066G104
2023-11-30,APPF,identifier,Appfolio Inc,0.063845217533,42859447.5,226470.0,189.25,US03783C1009,03783C100
2023-11-30,MASS,identifier,908 Devices Inc,0.005874703298,3943702.4,495440.0,7.96,US65443P1021,65443P102
2023-11-30,IDCC,identifier,InterDigital Inc,0.064131948791,43051930.88,430864.0,99.92,US45867G1013,45867G101
2023-11-30,LFUS,identifier,Littelfuse Inc,0.078360692763,52603720.8,225961.0,232.79999999999998,US5370081045,537008104
2023-11-30,FRSH,identifier,Freshworks Inc,0.055868126148,37504406.94,1873347.0,20.02,US3580541049,358054104
2023-11-30,PLTR,identifier,Palantir Technologies Inc,0.343963018522,230903198.45,11516369.0,20.05,US69608A1088,69608A108
2023-11-30,,,Couchbase Inc,0.01933659787,12980704.48,660932.0,19.64,US22207T1016,22207T101
2023-11-30,SPLK,manual table,Splunk Inc,0.247225577598,165963122.58,1095177.0,151.54000000000002,US8486371045,848637104
2023-11-30,UCTT,identifier,Ultra Clean Holdings Inc,0.037967281174,25487526.82,939113.0,27.14,US90385V1070,90385V107
2023-11-30,WDAY,identifier,Workday Inc,0.495975175319,332949323.52,1229866.0,270.71999999999997,US98138H1014,98138H101
2023-11-30,SNX,identifier,TD SYNNEX Corp,0.075808823307,50890644.72,515923.0,98.64,US87162W1009,87162W100
2023-11-30,LWLG,identifier,Lightwave Logic Inc,0.014063875351,9441113.22,2372139.0,3.9800000000000004,US5322751042,532275104
2023-11-30,SLAB,identifier,Silicon Laboratories Inc,0.053955117885,36220199.91,343743.0,105.36999999999999,US8269191024,826919102
2023-11-30,DOCU,identifier,DocuSign Inc,0.101865488062,68382546.2,1586602.0,43.1,US2561631068,256163106
2023-11-30,VERX,identifier,Vertex Inc,0.044403736081,29808334.42,1062307.0,28.060000000000002,US92538J1060,92538J106
2023-11-30,VRNS,identifier,Varonis Systems Inc,0.085744586445,57560546.32,1374088.0,41.89,US9222801022,922280102
2023-11-30,FSLR,identifier,First Solar Inc,0.160444271152,107706623.64,682638.0,157.78,US3364331070,336433107
2023-11-30,PDFS,identifier,PDF Solutions Inc,0.029630889864,19891287.36,663264.0,29.99,US6932821050,693282105
2023-11-30,ICHR,identifier,Ichor Holdings Ltd,0.024727891082,16599892.53,635281.0,26.13,KYG4740B1059,G4740B105
2023-11-30,AGYS,identifier,Agilysys Inc,0.058920719319,39553620.05,459445.0,86.08999999999999,US00847J1051,00847J105
2023-11-30,CMRC,identifier,BigCommerce Holdings Inc,0.01802179726,12098075.68,1387394.0,8.72,US08975P1084,08975P108
2023-11-30,NTAP,identifier,NetApp Inc,0.199185788518,133713897.07,1463113.0,91.39,US64110D1046,64110D104
2023-11-30,ZS,identifier,Zscaler Inc,0.189102594638,126945024.86,642662.0,197.53,US98980G1022,98980G102
2023-11-30,AEIS,identifier,Advanced Energy Industries Inc,0.057762810149,38776312.85,407957.0,95.05,US0079731008,007973100
2023-11-30,,,Thoughtworks Holding Inc,0.012090863147,8116625.4,2081186.0,3.9000000000000004,US88546E1055,88546E105
2023-11-30,CRDO,identifier,Credo Technology Group Holding Ltd,0.05764574252,38697725.07,2160677.0,17.91,KYG254571055,G25457105
2023-11-30,,,SEMrush Holdings Inc,0.010542146315,7076968.08,648074.0,10.92,US81686C1045,81686C104
2023-11-30,OLED,identifier,Universal Display Corp,0.099983156928,67118932.8,396684.0,169.2,US91347P1057,91347P105
2023-11-30,FIVN,identifier,Five9 Inc,0.081148520442,54475196.2,714710.0,76.22,US3383071012,338307101
2023-11-30,ALKT,identifier,Alkami Technology Inc,0.031043848489,20839809.87,915231.0,22.77,US01644J1088,01644J108
2023-11-30,ONTO,identifier,Onto Innovation Inc,0.098627877317,66209130.35,469535.0,141.01,US6833441057,683344105
2023-11-30,HCKT,identifier,Hackett Group Inc/The,0.016760921736,11251646.92,504332.0,22.31,US4046091090,404609109
2023-11-30,U,identifier,Unity Software Inc,0.08393826444,56347958.03,1909453.0,29.51,US91332U1016,91332U101
2023-11-30,FLEX,identifier,Flex Ltd,0.126233937882,84741144.95,3329711.0,25.45,SG9999000020,Y2573F102
2023-11-30,AVGO,identifier,Broadcom Inc,3.470416226414,2329698727.71,2516607.14,925.7299999991258,US11135F1012,11135F101
2023-11-30,,,Zuora Inc,0.036469082887,24481782.72,2684406.0,9.12,US98983V1061,98983V106
2023-11-30,MX,identifier,Magnachip Semiconductor Corp,0.009060280161,6082187.78,922942.0,6.59,US55933J2033,55933J203
2023-11-30,VISN,identifier,CommScope Holding Co Inc,0.011448041741,7685097.85,4601855.0,1.67,US20337X1090,20337X109
2023-11-30,CSCO,identifier,Cisco Systems Inc,1.653872288719,1110248430.0,22948500.0,48.38,US17275R1023,17275R102
2023-11-30,SCSC,identifier,ScanSource Inc,0.027051461442,18159710.88,543216.0,33.43,US8060371072,806037107
2023-11-30,DBX,identifier,Dropbox Inc,0.095424787855,64058888.72,2273204.0,28.18,US26210C1045,26210C104
2023-11-30,PD,identifier,PagerDuty Inc,0.046820244631,31430542.4,1441768.0,21.8,US69553P1003,69553P100
2023-11-30,ANET,"same company, other snapshot",Arista Networks Inc,0.51066666437,342811755.32,1560292.0,219.71,US0404131064,040413106
2023-11-30,TDC,identifier,Teradata Corp,0.075822078183,50899542.75,1077239.0,47.25,US88076W1036,88076W103
2023-11-30,,,Perficient Inc,0.053089495189,35639105.32,575939.0,61.88,US71375U1016,71375U101
2023-11-30,RNG,identifier,RingCentral Inc,0.052043288853,34936784.5,1227575.0,28.46,US76680R2067,76680R206
2023-11-30,CTSH,identifier,Cognizant Technology Solutions Corp,0.326534146764,219203155.08,3114566.0,70.38000000000001,US1924461023,192446102
2023-11-30,GWRE,identifier,Guidewire Software Inc,0.106000931309,71158679.16,712014.0,99.94,US40171V1008,40171V100
2023-11-30,NTGR,identifier,NETGEAR Inc,0.012328195594,8275947.24,606741.0,13.64,US64111Q1040,64111Q104
2023-11-30,MXL,identifier,MaxLinear Inc,0.039801763618,26719019.28,1426536.0,18.73,US57776J1007,57776J100
2023-11-30,,,Everbridge Inc,0.026925996315,18075485.84,887794.0,20.36,US29978A1043,29978A104
2023-11-30,CRSR,identifier,Corsair Gaming Inc,0.019794711385,13288237.18,1029298.0,12.91,US22041X1028,22041X102
2023-11-30,AKAM,identifier,Akamai Technologies Inc,0.182831036596,122734912.92,1062364.0,115.53,US00971T1016,00971T101
2023-11-30,ENTG,identifier,Entegris Inc,0.164870697123,110678094.0,1060135.0,104.4,US29362U1043,29362U104
2023-11-30,SPSC,identifier,SPS Commerce Inc,0.085784252444,57587174.2,334265.0,172.28,US78463M1071,78463M107
2023-11-30,AMBA,identifier,Ambarella Inc,0.046886497486,31475018.1,536110.0,58.71,KYG037AX1015,G037AX101
2023-11-30,VIAV,identifier,Viavi Solutions Inc,0.041843225362,28089457.44,3476418.0,8.08,US9255501051,925550105
2023-11-30,GDYN,identifier,Grid Dynamics Holdings Inc,0.023223602499,15590060.0,1229500.0,12.68,US39813G1094,39813G109
2024-02-29,OSIS,identifier,OSI Systems Inc,0.046172218371,37472485.26,285657.0,131.18,US6710441055,671044105
2024-02-29,MVIS,SEC company list,MicroVision Inc,0.011993274129,9733510.84,4124369.0,2.36,US5949603048,594960304
2024-02-29,VERI,identifier,Veritone Inc,0.002308894398,1873854.33,818277.0,2.29,US92347M1009,92347M100
2024-02-29,,,Clearwater Analytics Holdings Inc,0.041543766753,33716122.86,1957963.0,17.22,US1851231068,185123106
2024-02-29,MIR,identifier,Mirion Technologies Inc,0.043979095922,35692589.22,3649549.0,9.78,US60471A1016,60471A101
2024-02-29,TER,identifier,Teradyne Inc,0.146414963431,118827571.05,1147095.0,103.59,US8807701029,880770102
2024-02-29,SNPS,identifier,Synopsys Inc,0.658957512792,534797255.93,932141.0,573.73,US8716071076,871607107
2024-02-29,IT,identifier,Gartner Inc,0.295628994436,239926811.56,515351.0,465.56,US3666511072,366651107
2024-02-29,WK,identifier,Workiva Inc,0.055082450633,44703858.56,519088.0,86.12,US98139A1051,98139A105
2024-02-29,ACLS,identifier,Axcelis Technologies Inc,0.04681913063,37997506.82,337246.0,112.67,US0545402085,054540208
2024-02-29,RMNI,identifier,Rimini Street Inc,0.004521072288,3669215.4,1135980.0,3.23,US76674Q1076,76674Q107
2024-02-29,BHE,identifier,Benchmark Electronics Inc,0.031300232262,25402667.09,827179.0,30.71,US08160H1014,08160H101
2024-02-29,MTSI,identifier,MACOM Technology Solutions Holdings Inc,0.065851269271,53443624.85,605045.0,88.33,US55405Y1001,55405Y100
2024-02-29,CVLT,identifier,CommVault Systems Inc,0.066959905017,54343372.32,567792.0,95.71,US2041661024,204166102
2024-02-29,DMRC,SEC company list,Digimarc Corp,0.014253117329,11567556.16,329936.0,35.06,US25381B1017,25381B101
2024-02-29,ARW,identifier,Arrow Electronics Inc,0.073979409767,60040267.5,510981.0,117.5,US0427351004,042735100
2024-02-29,ALGM,identifier,Allegro MicroSystems Inc,0.042679272394,34637677.42,1099958.0,31.490000000000002,US01749D1054,01749D105
2024-02-29,,,ON24 Inc,0.005731192411,4651325.64,662582.0,7.02,US68339B1044,68339B104
2024-02-29,MDB,identifier,MongoDB Inc,0.261330920735,212091153.96,473862.0,447.58000000000004,US60937P1066,60937P106
2024-02-29,,,Verint Systems Inc,0.044676238745,36258376.94,1147054.0,31.61,US92343X1000,92343X100
2024-02-29,NSSC,identifier,Napco Security Technologies Inc,0.043183771474,35047119.18,778306.0,45.03,US6304021057,630402105
2024-02-29,GDDY,identifier,GoDaddy Inc,0.150036258565,121766544.6,1066724.0,114.14999999999999,US3802371076,380237107
2024-02-29,LAW,identifier,CS Disco Inc,0.004660780968,3782600.28,567958.0,6.659999999999999,US1263271058,126327105
2024-02-29,INDI,identifier,indie Semiconductor Inc,0.021543876086,17484595.88,2824652.0,6.1899999999999995,US45569U1016,45569U101
2024-02-29,CGNX,identifier,Cognex Corp,0.075212359854,61040906.1,1547298.0,39.45,US1924221039,192422103
2024-02-29,TEAM,identifier,Atlassian Corp,0.263645086586,213969286.5,1031575.0,207.42,US0494681010,049468101
2024-02-29,AAPL,identifier,Apple Inc,18.94768380671,15377576109.75,85076493.0,180.75,US0378331005,037833100
2024-02-29,,,SolarWinds Corp,0.017209763645,13967113.5,1169775.0,11.94,US83417Q2049,83417Q204
2024-02-29,SNOW,identifier,Snowflake Inc,0.395217335351,320750795.52,1703584.0,188.28,US8334451098,833445109
2024-02-29,JBL,identifier,Jabil Inc,0.166591584218,135202528.8,938320.0,144.09,US4663131039,466313103
2024-02-29,CXM,identifier,Sprinklr Inc,0.034173348693,27734433.18,2128506.0,13.03,US85208T1079,85208T107
2024-02-29,,,Olo Inc,0.016930333348,13740333.24,2360882.0,5.82,US68134L1098,68134L109
2024-02-29,ADI,identifier,Analog Devices Inc,0.718782344983,583349940.24,3041132.0,191.82,US0326541051,032654105
2024-02-29,QTWO,identifier,Q2 Holdings Inc,0.055560991916,45092233.47,975389.0,46.23,US74736L1098,74736L109
2024-02-29,XPER,identifier,Xperi Inc,0.013680121605,11102523.84,1013004.0,10.959999999999999,US98423J1016,98423J101
2024-02-29,CALX,identifier,Calix Inc,0.040592287623,32943920.68,944764.0,34.87,US13100M5094,13100M509
2024-02-29,TTMI,identifier,TTM Technologies Inc,0.040727107498,33053337.9,2225814.0,14.85,US87305R1095,87305R109
2024-02-29,KD,identifier,Kyndryl Holdings Inc,0.07018316988,56959312.15,2592595.0,21.97,US50155Q1004,50155Q100
2024-02-29,,,American Software Inc/GA,0.010630344548,8627383.38,768929.0,11.22,US0296831094,029683109
2024-02-29,RBBN,identifier,Ribbon Communications Inc,0.008158442778,6621235.4,2214460.0,2.99,US7625441040,762544104
2024-02-29,PCOR,identifier,Procore Technologies Inc,0.086216249803,69971451.75,896725.0,78.03,US74275K1088,74275K108
2024-02-29,AMD,identifier,Advanced Micro Devices Inc,2.287014015857,1856096631.74,9640558.0,192.53,US0079031078,007903107
2024-02-29,NSIT,identifier,Insight Enterprises Inc,0.077240039574,62686532.0,333439.0,188.0,US45765U1034,45765U103
2024-02-29,SEDG,identifier,SolarEdge Technologies Inc,0.040136846,32574293.01,484953.0,67.17,US83417M1045,83417M104
2024-02-29,APH,identifier,Amphenol Corp,0.504041066622,409070044.84,3744691.0,109.24,US0320951017,032095101
2024-02-29,VECO,identifier,Veeco Instruments Inc,0.049722423798,40353763.77,1114437.0,36.21,US9224171002,922417100
2024-02-29,PRGS,identifier,Progress Software Corp,0.044586110071,36185230.24,678134.0,53.36000000000001,US7433121008,743312100
2024-02-29,MSFT,identifier,Microsoft Corp,20.42304774678,16574953135.32,40070963.0,413.64,US5949181045,594918104
2024-02-29,IPGP,identifier,IPG Photonics Corp,0.044779323011,36342038.15,420869.0,86.35,US44980X1090,44980X109
2024-02-29,NOW,identifier,ServiceNow Inc,1.168355905964,948215204.06,1229309.0,771.3399999999999,US81762P1021,81762P102
2024-02-29,,,SMART Global Holdings Inc,0.030494972697,24749133.9,1163570.0,21.27,KYG8232Y1017,G8232Y101
2024-02-29,LRCX,"same company, other snapshot",Lam Research Corp,0.931466387122,755960222.25,805713.0,938.25,US5128071082,512807108
2024-02-29,,,Model N Inc,0.026023261533,21119979.04,859934.0,24.56,US6075251024,607525102
2024-02-29,LITE,identifier,Lumentum Holdings Inc,0.054352962429,44111819.95,910085.0,48.470000000000006,US55024U1097,55024U109
2024-02-29,ESTC,identifier,Elastic NV,0.129911383089,105433582.35,787935.0,133.81,NL0013056914,N14506104
2024-02-29,EPAM,identifier,EPAM Systems Inc,0.160245114599,130051856.0,427240.0,304.4,US29414B1044,29414B104
2024-02-29,NET,identifier,Cloudflare Inc,0.235975133407,191512884.16,1943504.0,98.53999999999999,US18915M1071,18915M107
2024-02-29,SOUN,identifier,SoundHound AI Inc,0.034170996937,27732524.54,3737537.0,7.42,US8361001071,836100107
2024-02-29,TRMB,identifier,Trimble Inc,0.145760805349,118296668.92,1933268.0,61.19,US8962391004,896239100
2024-02-29,PLUS,identifier,ePlus Inc,0.053715470772,43594443.97,529123.0,82.39,US2942681071,294268107
2024-02-29,SMRT,identifier,SmartRent Inc,0.013355959618,10839440.2,3737738.0,2.9,US83193G1076,83193G107
2024-02-29,ADBE,identifier,Adobe Inc,1.864660955696,1513323003.36,2701012.0,560.28,US00724F1012,00724F101
2024-02-29,,,Casa Systems Inc,0.000414823522,336662.8,841657.0,0.39999999999999997,US14713L1026,14713L102
2024-02-29,CLFD,identifier,Clearfield Inc,0.012160812706,9869481.93,327129.0,30.169999999999998,US18482P1030,18482P103
2024-02-29,ON,identifier,ON Semiconductor Corp,0.273822514892,222229091.76,2815878.0,78.92,US6821891057,682189105
2024-02-29,APLD,identifier,Applied Digital Corp,6.9870555e-05,56705.6,13664.0,4.1499999999999995,US0381692070,038169207
2024-02-29,,,LivePerson Inc,0.00266851219,2165713.22,1705286.0,1.27,US5381461012,538146101
2024-02-29,TLS,identifier,Telos Corp,0.005640379997,4577624.03,1247309.0,3.6700000000000004,US87969B1017,87969B101
2024-02-29,INTU,identifier,Intuit Inc,1.372105337059,1113574327.42,1679878.0,662.8900000000001,US4612021034,461202103
2024-02-29,AEVA,"same company, other snapshot",Aeva Technologies Inc,0.002274101941,1845617.44,1827344.0,1.01,US00835Q1031,00835Q103
2024-02-29,AZPN,manual table,Aspen Technology Inc,0.070265765453,57026345.13,294117.0,193.89000000000001,US29109X1063,29109X106
2024-02-29,OSPN,identifier,OneSpan Inc,0.008742465181,7095216.76,738316.0,9.61,US68287N1000,68287N100
2024-02-29,AOSL,identifier,Alpha & Omega Semiconductor Ltd,0.015031295116,12199110.3,557037.0,21.900000000000002,BMG6331P1041,G6331P104
2024-02-29,MARA,identifier,Marathon Digital Holdings Inc,0.103669087156,84135839.2,3248488.0,25.900000000000002,US5657881067,565788106
2024-02-29,,,PowerSchool Holdings Inc,0.03460236554,28082615.01,1344309.0,20.89,US73939C1062,73939C106
2024-02-29,DV,identifier,DoubleVerify Holdings Inc,0.052907723273,42938891.62,1390058.0,30.889999999999997,US25862V1052,25862V105
2024-02-29,SWKS,identifier,Skyworks Solutions Inc,0.151580928304,123020168.88,1172514.0,104.92,US83088M1027,83088M102
2024-02-29,DLB,identifier,Dolby Laboratories Inc,0.062097511291,50397147.0,622187.0,81.0,US25659T1079,25659T107
2024-02-29,NXPI,identifier,NXP Semiconductors NV,0.498998262033,404977401.53,1621661.0,249.73,NL0009538784,N6596X109
2024-02-29,INTA,identifier,Intapp Inc,0.030510312883,24761583.7,631190.0,39.23,US45827U1097,45827U109
2024-02-29,,,SecureWorks Corp,0.002331157949,1891923.0,286655.0,6.6,US81374A1051,81374A105
2024-02-29,RIOT,identifier,Riot Platforms Inc,0.055767787066,45260064.44,3205387.0,14.12,US7672921050,767292105
2024-02-29,MRVL,identifier,Marvell Technology Inc,0.48187405045,391079720.44,5457434.0,71.66,US5738741041,573874104
2024-02-29,TWLO,identifier,Twilio Inc,0.100436638426,81512445.92,1367888.0,59.59,US90138F1021,90138F102
2024-02-29,BRZE,identifier,Braze Inc,0.050915137508,41321747.3,726217.0,56.9,US10576N1028,10576N102
2024-02-29,ADSK,identifier,Autodesk Inc,0.431116252632,349885667.01,1355253.0,258.17,US0527691069,052769106
2024-02-29,KEYS,identifier,Keysight Technologies Inc,0.230310560216,186915625.4,1211378.0,154.3,US49338L1035,49338L103
2024-02-29,,,Matterport Inc,0.015361613065,12467190.0,5880750.0,2.12,US5770961002,577096100
2024-02-29,ARLO,identifier,Arlo Technologies Inc,0.026661480056,21637944.93,2078573.0,10.41,US04206A1016,04206A101
2024-02-29,GTLB,identifier,Gitlab Inc,0.084356271824,68461929.36,949278.0,72.12,US37637K1088,37637K108
2024-02-29,WDC,identifier,Western Digital Corp,0.174403714252,141542703.43,2380069.0,59.470000000000006,US9581021055,958102105
2024-02-29,GEN,identifier,Gen Digital Inc,0.118762308098,96385207.31,4485119.0,21.490000000000002,US6687711084,668771108
2024-02-29,CTS,identifier,CTS Corp,0.038037274793,30870321.36,692781.0,44.56,US1265011056,126501105
2024-02-29,S,identifier,SentinelOne Inc,0.092748415158,75272831.64,2672092.0,28.17,US81730H1095,81730H109
2024-02-29,EXFY,identifier,Expensify Inc,0.001725167111,1400112.48,673131.0,2.08,US30219Q1067,30219Q106
2024-02-29,PATH,identifier,UiPath Inc,0.10267286723,83327326.25,3508519.0,23.75,US90364P1057,90364P105
2024-02-29,PLXS,identifier,Plexus Corp,0.043557744867,35350628.8,374477.0,94.39999999999999,US7291321005,729132100
2024-02-29,SPT,identifier,Sprout Social Inc,0.053251771709,43218114.72,699096.0,61.82,US85209W1099,85209W109
2024-02-29,ORCL,identifier,Oracle Corp,1.350113677454,1095726319.04,9811303.0,111.67999999999999,US68389X1054,68389X105
2024-02-29,AUR,identifier,Aurora Innovation Inc,0.043259709078,35108748.68,13822342.0,2.54,US0517741072,051774107
2024-02-29,DELL,identifier,Dell Technologies Inc,0.211578273414,171712861.36,1813996.0,94.66000000000001,US24703L2025,24703L202
2024-02-29,ACMR,identifier,ACM Research Inc,0.039024737402,31671727.04,1024312.0,30.919999999999998,US00108J1097,00108J109
2024-02-29,INTC,identifier,Intel Corp,1.326871983621,1076863806.9,25014258.0,43.050000000000004,US4581401001,458140100
2024-02-29,MPWR,identifier,Monolithic Power Systems Inc,0.272580097109,221220769.36,307234.0,720.0400000000001,US6098391054,609839105
2024-02-29,YOU,identifier,Clear Secure Inc,0.037015950884,30041434.5,1560594.0,19.25,US18467V1098,18467V109
2024-02-29,TYL,identifier,Tyler Technologies Inc,0.162575654766,131943277.62,301833.0,437.14000000000004,US9022521051,902252105
2024-02-29,CIFR,identifier,Cipher Mining Inc,0.004046918382,3284401.2,1109595.0,2.96,US17253J1060,17253J106
2024-02-29,ZBRA,identifier,Zebra Technologies Corp,0.136406756098,110705102.28,396111.0,279.48,US9892071054,989207105
2024-02-29,APP,identifier,AppLovin Corp,0.105004830115,85219902.52,1426991.0,59.72,US03831W1080,03831W108
2024-02-29,NTNX,identifier,Nutanix Inc,0.155743282095,126398255.24,2001239.0,63.16,US67059N1081,67059N108
2024-02-29,KLIC,identifier,Kulicke & Soffa Industries Inc,0.046057539682,37379414.24,784952.0,47.620000000000005,US5012421013,501242101
2024-02-29,CIEN,identifier,Ciena Corp,0.096490781357,78310064.14,1374343.0,56.980000000000004,US1717793095,171779309
2024-02-29,DGII,identifier,Digi International Inc,0.030830688112,25021594.08,846468.0,29.56,US2537981027,253798102
2024-02-29,FFIV,identifier,F5 Inc,0.112484835812,91290531.42,487611.0,187.22,US3156161024,315616102
2024-02-29,PAR,identifier,PAR Technology Corp,0.034844149985,28278842.62,645341.0,43.82,US6988841036,698884103
2024-02-29,IOT,identifier,Samsara Inc,0.07733086941,62760247.75,1816505.0,34.55,US79589L1061,79589L106
2024-02-29,SMCI,"same company, other snapshot",Super Micro Computer Inc,0.378297217671,307018753.12,354476.0,866.12,US86800U1043,86800U104
2024-02-29,ADTN,identifier,ADTRAN Holdings Inc,0.012101372708,9821241.57,1726053.0,5.69,US00486H1059,00486H105
2024-02-29,AMKR,identifier,Amkor Technology Inc,0.057120844949,46358180.22,1494461.0,31.02,US0316521006,031652100
2024-02-29,MANH,identifier,Manhattan Associates Inc,0.144738946226,117467347.69,463693.0,253.32999999999998,US5627501092,562750109
2024-02-29,APPN,identifier,Appian Corp,0.031323918148,25421890.1,729466.0,34.85,US03782L1017,03782L101
2024-02-29,SYNA,identifier,Synaptics Inc,0.054918903193,44571126.6,445266.0,100.10000000000001,US87157D1090,87157D109
2024-02-29,VSAT,identifier,Viasat Inc,0.030294913254,24586769.5,1256350.0,19.57,US92552V1008,92552V100
2024-02-29,QRVO,identifier,Qorvo Inc,0.114955396679,93295591.15,814453.0,114.55000000000001,US74736K1016,74736K101
2024-02-29,RXT,identifier,Rackspace Technology Inc,0.003443554208,2794722.43,1324513.0,2.1100000000000003,US7501021056,750102105
2024-02-29,ANSS,manual table,ANSYS Inc,0.240468512396,195159624.21,584013.0,334.17,US03662Q1058,03662Q105
2024-02-29,ZETA,identifier,Zeta Global Holdings Corp,0.044327053001,35974984.5,3426189.0,10.5,US98956A1051,98956A105
2024-02-29,FCUV,SEC company list,Focus Universal Inc,0.000333351583,270541.74,644147.0,0.42,US34417J1043,34417J104
2024-02-29,DDOG,identifier,Datadog Inc,0.274190650222,222527863.32,1692742.0,131.46,US23804L1035,23804L103
2024-02-29,SANM,identifier,Sanmina Corp,0.062145386501,50436001.6,798038.0,63.2,US8010561020,801056102
2024-02-29,,,Enfusion Inc,0.005763111932,4677230.91,539473.0,8.67,US2928121043,292812104
2024-02-29,PRO,identifier,PROS Holdings Inc,0.038139580862,30953351.0,865828.0,35.75,US74346Y1038,74346Y103
2024-02-29,TEL,"same company, other snapshot",TE Connectivity Ltd,0.356459463952,289295651.8,2015155.0,143.56,CH0102993182,H84989104
2024-02-29,,,MeridianLink Inc,0.011189958856,9081555.6,478985.0,18.96,US58985J1051,58985J105
2024-02-29,VNT,identifier,Vontier Corp,0.083934956576,68119998.0,1584186.0,43.0,US9288811014,928881101
2024-02-29,EVLV,identifier,Evolv Technologies Holdings Inc,0.011426230714,9273309.3,1944090.0,4.7700000000000005,US30049H1023,30049H102
2024-02-29,VYX,identifier,NCR Voyix Corp,0.029428271754,23883419.91,1634731.0,14.61,US62886E1082,62886E108
2024-02-29,WULF,identifier,Terawulf Inc,0.005813305296,4717966.88,2516249.0,1.8750000019870847,US88080T1043,88080T104
2024-02-29,DXC,identifier,DXC Technology Co,0.059255550884,48090666.54,2199939.0,21.86,US23355L1061,23355L106
2024-02-29,HUBS,identifier,HubSpot Inc,0.248767356995,201894807.03,326263.0,618.8100000000001,US4435731009,443573100
2024-02-29,TCX,identifier,Tucows Inc,0.005094644024,4134715.2,218768.0,18.900000000000002,US8986972060,898697206
2024-02-29,MCHP,identifier,Microchip Technology Inc,0.35839626286,290867520.58,3456947.0,84.14,US5950171042,595017104
2024-02-29,NTCT,identifier,NetScout Systems Inc,0.034846334586,28280615.6,1306264.0,21.650000000000002,US64115T1043,64115T104
2024-02-29,QLYS,identifier,Qualys Inc,0.072832163755,59109184.68,343938.0,171.85999999999999,US74758T3032,74758T303
2024-02-29,FROG,identifier,JFrog Ltd,0.072060019144,58482526.95,1305705.0,44.79,IL0011684185,M6191J100
2024-02-29,CLSK,identifier,Cleanspark Inc,0.000766571228,622134.48,37209.0,16.72,US18452B2097,18452B209
2024-02-29,MKSI,identifier,MKS Instruments Inc,0.093135388834,75586892.04,615729.0,122.76,US55306N1046,55306N104
2024-02-29,P,identifier,Pure Storage Inc,0.152682257261,123913986.3,2353542.0,52.65,US74624M1027,74624M102
2024-02-29,,,Infinera Corp,0.029340596773,23812264.58,4743479.0,5.02,US45667G1031,45667G103
2024-02-29,DOCN,identifier,DigitalOcean Holdings Inc,0.050451194021,40945219.68,1079779.0,37.92,US25402D1028,25402D102
2024-02-29,SMTC,identifier,Semtech Corp,0.035174051561,28546584.4,1346537.0,21.2,US8168501018,816850101
2024-02-29,RMBS,identifier,Rambus Inc,0.070977711227,57604146.64,972386.0,59.24,US7509171069,750917106
2024-02-29,STX,identifier,Seagate Technology Holdings PLC,0.166708708418,135297584.55,1454031.0,93.05000000000001,IE00BKVD2N49,G7997R103
2024-02-29,DT,identifier,Dynatrace Inc,0.116173445785,94284136.4,1902808.0,49.550000000000004,US2681501092,268150109
2024-02-29,JNPR,manual table,Juniper Networks Inc,0.124872715414,101344296.48,2736816.0,37.03,US48203R1041,48203R104
2024-02-29,SITM,identifier,SiTime Corp,0.033264658279,26996957.5,291859.0,92.5,US82982T1060,82982T106
2024-02-29,ACIW,identifier,ACI Worldwide Inc,0.060887982718,49415516.85,1501535.0,32.910000000000004,US0044981019,004498101
2024-02-29,NABL,identifier,N-able Inc,0.024700591493,20046525.45,1488235.0,13.469999999999999,US62878D1000,62878D100
2024-02-29,WOLF,SEC company list,Wolfspeed Inc,0.041362744429,33569208.62,1290131.0,26.02,US9778521024,977852102
2024-02-29,BL,identifier,BlackLine Inc,0.049056394834,39813227.46,701802.0,56.730000000000004,US09239B1098,09239B109
2024-02-29,AVPT,identifier,AvePoint Inc,0.021776848728,17673672.0,2209209.0,8.0,US0536041041,053604104
2024-02-29,ATEN,identifier,A10 Networks Inc,0.026831305823,21775772.26,1636046.0,13.31,US0021211018,002121101
2024-02-29,CDNS,identifier,Cadence Design Systems Inc,0.628342429402,509950642.5,1675375.0,304.38,US1273871087,127387108
2024-02-29,ROP,identifier,Roper Technologies Inc,0.448855125601,364282195.47,668739.0,544.73,US7766961061,776696106
2024-02-29,COHR,identifier,Coherent Corp,0.11125302624,90290818.44,1518003.0,59.48,US19247G1076,19247G107
2024-02-29,LSCC,identifier,Lattice Semiconductor Corp,0.102451970391,83148050.62,1085342.0,76.61,US5184151042,518415104
2024-02-29,,,HashiCorp Inc,0.046032274631,37358909.61,1433023.0,26.07,US4181001037,418100103
2024-02-29,FORM,identifier,FormFactor Inc,0.054911524606,44565138.28,1035676.0,43.03,US3463751087,346375108
2024-02-29,ZM,identifier,Zoom Video Communications Inc,0.152074233243,123420525.69,1744953.0,70.73,US98980L1017,98980L101
2024-02-29,BMI,identifier,Badger Meter Inc,0.063875410393,51840055.75,326675.0,158.69,US0565251081,056525108
2024-02-29,HPE,identifier,Hewlett Packard Enterprise Co,0.168119629598,136442661.07,8958809.0,15.229999999999999,US42824C1099,42824C109
2024-02-29,CEVA,identifier,CEVA Inc,0.014820986958,12028428.24,531291.0,22.64,US1572101053,157210105
2024-02-29,BSY,identifier,Bentley Systems Inc,0.106269867716,86246582.73,1678929.0,51.370000000000005,US08265T2087,08265T208
2024-02-29,FTNT,identifier,Fortinet Inc,0.370556224253,300736311.6,4351560.0,69.11,US34959E1091,34959E109
2024-02-29,ADEA,identifier,Adeia Inc,0.034695590529,28158274.62,2483093.0,11.34,US00676P1075,00676P107
2024-02-29,ASAN,identifier,Asana Inc,0.03724711062,30229039.3,1534469.0,19.7,US04342Y1047,04342Y104
2024-02-29,CRNC,identifier,Cerence Inc,0.017162558979,13928803.1,934819.0,14.9,US1567271093,156727109
2024-02-29,ITRI,identifier,Itron Inc,0.069705437784,56571593.96,610397.0,92.68,US4657411066,465741106
2024-02-29,RPD,identifier,Rapid7 Inc,0.057422390678,46602908.94,795543.0,58.58,US7534221046,753422104
2024-02-29,,,Envestnet Inc,0.04500626021,36526216.02,708834.0,51.53,US29404K1060,29404K106
2024-02-29,ENPH,identifier,Enphase Energy Inc,0.156415047038,126943446.76,999476.0,127.01,US29355A1079,29355A107
2024-02-29,NVTS,identifier,Navitas Semiconductor Corp,0.021323311623,17305590.0,2818500.0,6.14,US63942X1063,63942X106
2024-02-29,VRSN,identifier,VeriSign Inc,0.157196531052,127577684.17,653273.0,195.29,US92343E1029,92343E102
2024-02-29,HUCK,identifier,Domo Inc,0.010438225916,8471463.59,736009.0,11.51,US2575541055,257554105
2024-02-29,AMPL,identifier,Amplitude Inc,0.019117644471,15515512.92,1308222.0,11.86,US03213A1043,03213A104
2024-02-29,MEI,identifier,Methode Electronics Inc,0.020811584747,16890282.3,792971.0,21.3,US5915202007,591520200
2024-02-29,DIOD,identifier,Diodes Inc,0.048022942669,38974497.54,573323.0,67.98,US2545431015,254543101
2024-02-29,OUST,identifier,Ouster Inc,0.004928805118,4000123.53,736671.0,5.43,US68989M2026,68989M202
2024-02-29,UIS,identifier,Unisys Corp,0.010311781658,8368843.86,1612494.0,5.19,US9092143067,909214306
2024-02-29,CFLT,manual table,Confluent Inc,0.072151902677,58557097.86,1728878.0,33.87,US20717M1036,20717M103
2024-02-29,EGHT,identifier,8x8 Inc,0.008244805321,6691325.58,2364426.0,2.83,US2829141009,282914100
2024-02-29,QCOM,identifier,QUALCOMM Inc,1.303921808051,1058237885.38,6706622.0,157.79,US7475251036,747525103
2024-02-29,FSLY,identifier,Fastly Inc,0.033455882594,27152151.48,1909434.0,14.22,US31188V1008,31188V100
2024-02-29,NOVT,identifier,Novanta Inc,0.078866214815,64006304.58,370107.0,172.94,CA67000B1040,67000B104
2024-02-29,TXN,identifier,Texas Instruments Inc,1.125780049732,913661457.21,5460237.0,167.33,US8825081040,882508104
2024-02-29,ROG,identifier,Rogers Corp,0.036568052922,29677929.12,264816.0,112.07000000000001,US7751331015,775133101
2024-02-29,BILL,identifier,BILL Holdings Inc,0.061856053332,50201184.36,792692.0,63.33,US0900431000,090043100
2024-02-29,LASR,identifier,nLight Inc,0.016597848517,13470494.94,1018178.0,13.229999999999999,US65487K1007,65487K100
2024-02-29,POWI,identifier,Power Integrations Inc,0.055279087817,44863445.52,627812.0,71.46000000000001,US7392761034,739276103
2024-02-29,BOX,identifier,Box Inc,0.053211406386,43185355.0,1674500.0,25.79,US10316T1043,10316T104
2024-02-29,YEXT,identifier,Yext Inc,0.017890195254,14519338.72,2452591.0,5.92,US98585N1063,98585N106
2024-02-29,CRM,identifier,Salesforce Inc,2.20469252917,1789286094.9,5793945.0,308.82,US79466L3024,79466L302
2024-02-29,PMTS,identifier,CPI Card Group Inc,0.002313045889,1877223.6,99324.0,18.900000000000002,US12634H2004,12634H200
2024-02-29,RAMP,identifier,LiveRamp Holdings Inc,0.045413097269,36856397.16,1053642.0,34.98,US53815P1084,53815P108
2024-02-29,XRX,identifier,Xerox Holdings Corp,0.052887444983,42922434.15,2301471.0,18.65,US98421M1062,98421M106
2024-02-29,,,E2open Parent Holdings Inc,0.018319101232,14867430.57,3514759.0,4.23,US29788T1034,29788T103
2024-02-29,,,Alteryx Inc,0.055471531506,45019629.12,937128.0,48.04,US02156B1035,02156B103
2024-02-29,IONQ,identifier,IonQ Inc,0.034054110902,27637662.08,2667728.0,10.36,US46222L1089,46222L108
2024-02-29,,,FARO Technologies Inc,0.012406080686,10068536.71,449689.0,22.39,US3116421021,311642102
2024-02-29,OKTA,identifier,Okta Inc,0.163507732624,132699734.1,1236717.0,107.3,US6792951054,679295105
2024-02-29,MSTR,identifier,MicroStrategy Inc,0.146855877159,119185408.16,116524.0,1022.8399999999999,US5949724083,594972408
2024-02-29,TDY,identifier,Teledyne Technologies Inc,0.176109322411,142926942.24,334512.0,427.27000000000004,US8793601050,879360105
2024-02-29,CCSI,identifier,Consensus Cloud Solutions Inc,0.008473049783,6876564.4,431945.0,15.920000000000002,US20848V1052,20848V105
2024-02-29,ACN,identifier,Accenture PLC,1.727602609676,1402089083.22,3741099.0,374.78000000000003,IE00B4BNMY34,G1151C101
2024-02-29,CRUS,identifier,Cirrus Logic Inc,0.070109329702,56899384.88,619684.0,91.82000000000001,US1727551004,172755100
2024-02-29,CNXN,identifier,PC Connection Inc,0.022527366595,18282777.88,275426.0,66.38,US69318J1007,69318J100
2024-02-29,BLKB,identifier,Blackbaud Inc,0.047764738281,38764943.82,560349.0,69.18,US09227Q1004,09227Q100
2024-02-29,,,Jamf Holding Corp,0.026116862677,21195943.93,1178207.0,17.99,US47074L1052,47074L105
2024-02-29,PEGA,identifier,Pegasystems Inc,0.054777061639,44456010.72,683518.0,65.03999999999999,US7055731035,705573103
2024-02-29,PANW,identifier,Palo Alto Networks Inc,0.667229563386,541510693.25,1743715.0,310.55,US6974351057,697435105
2024-02-29,AVT,identifier,Avnet Inc,0.058187959234,47224229.67,1013613.0,46.59,US0538071038,053807103
2024-02-29,MITK,identifier,Mitek Systems Inc,0.014470385114,11743886.52,1011532.0,11.61,US6067102003,606710200
2024-02-29,,,Informatica Inc,0.03479370261,28237900.5,866725.0,32.58,US45674M1018,45674M101
2024-02-29,COHU,identifier,Cohu Inc,0.038281251799,31068328.41,966957.0,32.13,US1925761066,192576106
2024-02-29,TENB,identifier,Tenable Holdings Inc,0.073041982769,59279469.76,1230886.0,48.16,US88025T1025,88025T102
2024-02-29,ALRM,identifier,Alarm.com Holdings Inc,0.062385014537,50630479.11,668919.0,75.69,US0116421050,011642105
2024-02-29,,,Smartsheet Inc,0.067584979685,54850670.91,1299471.0,42.209999999999994,US83200N1037,83200N103
2024-02-29,VSH,identifier,Vishay Intertechnology Inc,0.044852557988,36401474.25,1673631.0,21.75,US9282981086,928298108
2024-02-29,KLAC,identifier,KLA Corp,0.70524638167,572364412.5,838875.0,682.3,US4824801009,482480100
2024-02-29,PLAB,identifier,Photronics Inc,0.050522467024,41003063.48,1424212.0,28.79,US7194051022,719405102
2024-02-29,HLIT,identifier,Harmonic Inc,0.040430534151,32812644.67,2499059.0,13.13,US4131601027,413160102
2024-02-29,CDW,identifier,CDW Corp/DE,0.270364456742,219422598.21,891201.0,246.21,US12514G1085,12514G108
2024-02-29,FN,identifier,Fabrinet,0.092101249072,74747604.08,346744.0,215.57,KYG3323L1005,G3323L100
2024-02-29,KN,identifier,Knowles Corp,0.039216988848,31827754.62,1947843.0,16.34,US49926D1090,49926D109
2024-02-29,HPQ,identifier,HP Inc,0.210547743213,170876502.85,6031645.0,28.33,US40434L1052,40434L105
2024-02-29,PI,identifier,Impinj Inc,0.055501788038,45044184.74,412417.0,109.22,US4532041096,453204109
2024-02-29,CRWD,identifier,Crowdstrike Holdings Inc,0.57239711009,464546496.3,1433122.0,324.15000000000003,US22788C1053,22788C105
2024-02-29,IBM,identifier,International Business Machines Corp,1.249075999958,1013726081.36,5478712.0,185.03,US4592001014,459200101
2024-02-29,EXTR,identifier,Extreme Networks Inc,0.025522689209,20713724.16,1638744.0,12.64,US30226D1063,30226D106
2024-02-29,GLW,identifier,Corning Inc,0.220192654685,178704127.68,5542932.0,32.24,US2193501051,219350105
2024-02-29,WEAV,identifier,Weave Communications Inc,0.008641242109,7013066.06,559702.0,12.53,US94724R1086,94724R108
2024-02-29,CXT,identifier,Crane NXT Co,0.050633329013,41093036.94,703407.0,58.419999999999995,US2244411052,224441105
2024-02-29,NCNO,identifier,nCino Inc,0.039104083884,31736123.12,1063543.0,29.84,US63947X1019,63947X101
2024-02-29,,,Squarespace Inc,0.042477332497,34473786.88,1035871.0,33.28,US85225A1079,85225A107
2024-02-29,APPS,identifier,Digital Turbine Inc,0.008641087127,7012940.28,2212284.0,3.17,US25400W1027,25400W102
2024-02-29,MU,identifier,Micron Technology Inc,0.749911852406,608614050.33,6716853.0,90.61,US5951121038,595112103
2024-02-29,PTC,identifier,PTC Inc,0.189283408047,153618777.01,839401.0,183.01,US69370C1009,69370C100
2024-02-29,MSI,identifier,Motorola Solutions Inc,0.42743488078,346897936.35,1049965.0,330.39000000000004,US6200763075,620076307
2024-02-29,BDC,identifier,Belden Inc,0.056841888345,46131784.4,541580.0,85.17999999999999,US0774541066,077454106
2024-02-29,AMAT,identifier,Applied Materials Inc,1.253308137413,1017160802.8,5044940.0,201.62,US0382221051,038222105
2024-02-29,AI,identifier,C3.ai Inc,0.061399941413,49831012.69,1347877.0,36.97,US12468P1049,12468P104
2024-02-29,FICO,identifier,Fair Isaac Corp,0.261902449815,212554995.98,167378.0,1269.9099999999999,US3032501047,303250104
2024-02-29,ALTR,manual table,Altair Engineering Inc,0.065553092165,53201630.04,625313.0,85.08,US0213691035,021369103
2024-02-29,NVDA,identifier,NVIDIA Corp,6.29951134728,5112562368.32,6462436.0,791.12,US67066G1040,67066G104
2024-02-29,APPF,identifier,Appfolio Inc,0.067199463165,54537793.11,225279.0,242.09,US03783C1009,03783C100
2024-02-29,MASS,identifier,908 Devices Inc,0.004897365881,3974608.05,540763.0,7.35,US65443P1021,65443P102
2024-02-29,IDCC,identifier,InterDigital Inc,0.051057897911,41437608.9,387195.0,107.02,US45867G1013,45867G101
2024-02-29,LFUS,identifier,Littelfuse Inc,0.070576895133,57278852.0,240425.0,238.24,US5370081045,537008104
2024-02-29,FRSH,identifier,Freshworks Inc,0.050845552643,41265273.56,2018849.0,20.44,US3580541049,358054104
2024-02-29,PLTR,identifier,Palantir Technologies Inc,0.366951367741,297810679.32,11874429.0,25.08,US69608A1088,69608A108
2024-02-29,,,Couchbase Inc,0.024445886387,19839811.68,706546.0,28.08,US22207T1016,22207T101
2024-02-29,SPLK,manual table,Splunk Inc,0.209846578375,170307450.94,1090177.0,156.22,US8486371045,848637104
2024-02-29,UCTT,identifier,Ultra Clean Holdings Inc,0.054272482517,44046504.0,1019595.0,43.2,US90385V1070,90385V107
2024-02-29,WDAY,identifier,Workday Inc,0.475049565792,385541099.82,1308427.0,294.65999999999997,US98138H1014,98138H101
2024-02-29,SNX,identifier,TD SYNNEX Corp,0.069832413116,56674644.7,545473.0,103.9,US87162W1009,87162W100
2024-02-29,LWLG,identifier,Lightwave Logic Inc,0.013393501488,10869908.46,2581926.0,4.21,US5322751042,532275104
2024-02-29,SLAB,identifier,Silicon Laboratories Inc,0.062872317215,51025964.6,370990.0,137.54,US8269191024,826919102
2024-02-29,DOCU,identifier,DocuSign Inc,0.112323858836,91159885.6,1711280.0,53.269999999999996,US2561631068,256163106
2024-02-29,VERX,identifier,Vertex Inc,0.04668011864,37884687.36,1128192.0,33.58,US92538J1060,92538J106
2024-02-29,VRNS,identifier,Varonis Systems Inc,0.076699425494,62247780.0,1225350.0,50.8,US9222801022,922280102
2024-02-29,FSLR,identifier,First Solar Inc,0.139526886755,113237340.37,735833.0,153.89000000000001,US3364331070,336433107
2024-02-29,PDFS,identifier,PDF Solutions Inc,0.029696094186,24100779.45,709055.0,33.99,US6932821050,693282105
2024-02-29,ICHR,identifier,Ichor Holdings Ltd,0.036432965052,29568294.4,690848.0,42.8,KYG4740B1059,G4740B105
2024-02-29,AGYS,identifier,Agilysys Inc,0.037231287303,30216197.4,388383.0,77.8,US00847J1051,00847J105
2024-02-29,CMRC,identifier,BigCommerce Holdings Inc,0.01411350811,11454252.0,1477968.0,7.75,US08975P1084,08975P108
2024-02-29,NTAP,identifier,NetApp Inc,0.166500548056,135128645.6,1516255.0,89.11999999999999,US64110D1046,64110D104
2024-02-29,ZS,identifier,Zscaler Inc,0.18992232496,154137309.7,637010.0,241.96999999999997,US98980G1022,98980G102
2024-02-29,AEIS,identifier,Advanced Energy Industries Inc,0.055016395644,44650249.6,441208.0,101.2,US0079731008,007973100
2024-02-29,,,Thoughtworks Holding Inc,0.008482133783,6883936.8,2206390.0,3.12,US88546E1055,88546E105
2024-02-29,CRDO,identifier,Credo Technology Group Holding Ltd,0.051074709546,41451252.9,1924385.0,21.54,KYG254571055,G25457105
2024-02-29,,,SEMrush Holdings Inc,0.010877171066,8827703.04,707348.0,12.479999999999999,US81686C1045,81686C104
2024-02-29,OLED,identifier,Universal Display Corp,0.08646803276,70175793.96,402338.0,174.42,US91347P1057,91347P105
2024-02-29,FIVN,identifier,Five9 Inc,0.054814262224,44486202.0,729282.0,61.0,US3383071012,338307101
2024-02-29,ALKT,identifier,Alkami Technology Inc,0.030136107991,24457886.2,980276.0,24.95,US01644J1088,01644J108
2024-02-29,ONTO,identifier,Onto Innovation Inc,0.103644643009,84116000.8,456755.0,184.16,US6833441057,683344105
2024-02-29,HCKT,identifier,Hackett Group Inc/The,0.016784960611,13622351.52,551066.0,24.72,US4046091090,404609109
2024-02-29,U,identifier,Unity Software Inc,0.074541000761,60496043.96,2063303.0,29.32,US91332U1016,91332U101
2024-02-29,FLEX,identifier,Flex Ltd,0.120817416005,98053093.4,3483236.0,28.150000000000002,SG9999000020,Y2573F102
2024-02-29,AVGO,identifier,Broadcom Inc,4.228349463683,3431647179.66,2638734.0,1300.49,US11135F1012,11135F101
2024-02-29,,,Zuora Inc,0.02901443772,23547560.16,2914302.0,8.08,US98983V1061,98983V106
2024-02-29,MX,identifier,Magnachip Semiconductor Corp,0.006558456156,5322717.0,933810.0,5.7,US55933J2033,55933J203
2024-02-29,VISN,identifier,CommScope Holding Co Inc,0.007126384436,5783636.68,4964495.0,1.1650000010071517,US20337X1090,20337X109
2024-02-29,CSCO,identifier,Cisco Systems Inc,1.440839335261,1169357519.68,24175264.0,48.370000000000005,US17275R1023,17275R102
2024-02-29,SCSC,identifier,ScanSource Inc,0.030757786571,24962428.59,577433.0,43.23,US8060371072,806037107
2024-02-29,DBX,identifier,Dropbox Inc,0.0693771731,56305180.65,2350947.0,23.95,US26210C1045,26210C104
2024-02-29,PD,identifier,PagerDuty Inc,0.046258564648,37542562.24,1553914.0,24.16,US69553P1003,69553P100
2024-02-29,ANET,"same company, other snapshot",Arista Networks Inc,0.562975655768,456900225.0,1646250.0,277.54,US0404131064,040413106
2024-02-29,TDC,identifier,Teradata Corp,0.049472351946,40150810.26,1067273.0,37.62,US88076W1036,88076W103
2024-02-29,,,Perficient Inc,0.045317595563,36778889.81,566963.0,64.87,US71375U1016,71375U101
2024-02-29,RNG,identifier,RingCentral Inc,0.049643505185,40289714.94,1205557.0,33.419999999999995,US76680R2067,76680R206
2024-02-29,CTSH,identifier,Cognizant Technology Solutions Corp,0.319912098976,259634512.62,3285681.0,79.02,US1924461023,192446102
2024-02-29,GWRE,identifier,Guidewire Software Inc,0.101237007152,82162009.8,688470.0,119.33999999999999,US40171V1008,40171V100
2024-02-29,NTGR,identifier,NETGEAR Inc,0.012222329342,9919407.65,661735.0,14.99,US64111Q1040,64111Q104
2024-02-29,MXL,identifier,MaxLinear Inc,0.036892465137,29941215.84,1540186.0,19.44,US57776J1007,57776J100
2024-02-29,,,Everbridge Inc,0.03335893694,27073472.25,957675.0,28.27,US29978A1043,29978A104
2024-02-29,CRSR,identifier,Corsair Gaming Inc,0.017099032093,13877245.9,1071602.0,12.950000000000001,US22041X1028,22041X102
2024-02-29,AKAM,identifier,Akamai Technologies Inc,0.149187925273,121078053.6,1091580.0,110.91999999999999,US00971T1016,00971T101
2024-02-29,ENTG,identifier,Entegris Inc,0.181709812517,147472192.4,1097590.0,134.36,US29362U1043,29362U104
2024-02-29,SPSC,identifier,SPS Commerce Inc,0.079913398035,64856178.36,350271.0,185.16,US78463M1071,78463M107
2024-02-29,AMBA,identifier,Ambarella Inc,0.040235110882,32654042.9,584674.0,55.849999999999994,KYG037AX1015,G037AX101
2024-02-29,VIAV,identifier,Viavi Solutions Inc,0.04448201373,36100747.65,3780183.0,9.549999999999999,US9255501051,925550105
2024-02-29,GDYN,identifier,Grid Dynamics Holdings Inc,0.021848466491,17731795.6,1314440.0,13.490000000000002,US39813G1094,39813G109
2024-05-31,OSIS,identifier,OSI Systems Inc,0.057404839736,46094686.94,320681.0,143.73999999999998,US6710441055,671044105
2024-05-31,MVIS,SEC company list,MicroVision Inc,0.006185514128,4966817.06,4209167.0,1.18,US5949603048,594960304
2024-05-31,VERI,identifier,Veritone Inc,0.00272751026,2190124.25,742415.0,2.95,US92347M1009,92347M100
2024-05-31,,,Clearwater Analytics Holdings Inc,0.063988249805,51381004.74,2707113.0,18.98,US1851231068,185123106
2024-05-31,MIR,identifier,Mirion Technologies Inc,0.051830862603,41618919.18,3832313.0,10.86,US60471A1016,60471A101
2024-05-31,TER,identifier,Teradyne Inc,0.202943262298,162958492.44,1156226.0,140.94,US8807701029,880770102
2024-05-31,SNPS,identifier,Synopsys Inc,0.629921136368,505811316.8,901946.0,560.8000000000001,US8716071076,871607107
2024-05-31,IT,identifier,Gartner Inc,0.261777501417,210200952.24,500872.0,419.67,US3666511072,366651107
2024-05-31,WK,identifier,Workiva Inc,0.063353792748,50871551.19,660927.0,76.97,US98139A1051,98139A105
2024-05-31,ACLS,identifier,Axcelis Technologies Inc,0.06955917545,55854322.23,496527.0,112.49,US0545402085,054540208
2024-05-31,RMNI,identifier,Rimini Street Inc,0.00349219513,2804147.56,1091108.0,2.57,US76674Q1076,76674Q107
2024-05-31,BHE,identifier,Benchmark Electronics Inc,0.042430655367,34070781.92,791056.0,43.07,US08160H1014,08160H101
2024-05-31,MTSI,identifier,MACOM Technology Solutions Holdings Inc,0.08122771019,65223871.18,644887.0,101.14,US55405Y1001,55405Y100
2024-05-31,CVLT,identifier,CommVault Systems Inc,0.076564928328,61479771.01,571453.0,107.58500000874962,US2041661024,204166102
2024-05-31,DMRC,SEC company list,Digimarc Corp,0.010561777068,8480849.52,315978.0,26.84,US25381B1017,25381B101
2024-05-31,ARW,identifier,Arrow Electronics Inc,0.090561353002,72718558.83,553793.0,131.31,US0427351004,042735100
2024-05-31,ALGM,identifier,Allegro MicroSystems Inc,0.060006958381,48184124.78,1598677.0,30.14,US01749D1054,01749D105
2024-05-31,,,ON24 Inc,0.004426233274,3554157.42,598343.0,5.9399999999999995,US68339B1044,68339B104
2024-05-31,MDB,identifier,MongoDB Inc,0.144723284142,116209269.22,492287.0,236.06,US60937P1066,60937P106
2024-05-31,,,Verint Systems Inc,0.051598848536,41432617.54,1396919.0,29.66,US92343X1000,92343X100
2024-05-31,NSSC,identifier,Napco Security Technologies Inc,0.045365030226,36427013.4,733676.0,49.65,US6304021057,630402105
2024-05-31,GDDY,identifier,GoDaddy Inc,0.177467640425,142502189.1,1020570.0,139.63,US3802371076,380237107
2024-05-31,LAW,identifier,CS Disco Inc,0.004408170745,3539653.65,605069.0,5.85,US1263271058,126327105
2024-05-31,INDI,identifier,indie Semiconductor Inc,0.02524974834,20274932.4,3039720.0,6.67,US45569U1016,45569U101
2024-05-31,CGNX,identifier,Cognex Corp,0.099436498508,79845084.32,1754066.0,45.519999999999996,US1924221039,192422103
2024-05-31,TEAM,identifier,Atlassian Corp,0.199062750472,159842536.04,1019014.0,156.85999999999999,US0494681010,049468101
2024-05-31,AAPL,identifier,Apple Inc,16.05726779326,12893594607.0,67066812.0,192.25,US0378331005,037833100
2024-05-31,,,SolarWinds Corp,0.015906225764,12772311.54,1102963.0,11.58,US83417Q2049,83417Q204
2024-05-31,SNOW,identifier,Snowflake Inc,0.29847475003,239667948.3,1759935.0,136.18,US8334451098,833445109
2024-05-31,JBL,identifier,Jabil Inc,0.140042835305,112450982.9,945761.0,118.9,US4663131039,466313103
2024-05-31,CXM,identifier,Sprinklr Inc,0.037550158726,30151862.09,2689729.0,11.209999999999999,US85208T1079,85208T107
2024-05-31,,,Olo Inc,0.013127573989,10541121.9,2301555.0,4.58,US68134L1098,68134L109
2024-05-31,ADI,identifier,Analog Devices Inc,0.85142487121,683673416.24,2915576.0,234.49,US0326541051,032654105
2024-05-31,QTWO,identifier,Q2 Holdings Inc,0.071677068997,57554939.12,946316.0,60.82,US74736L1098,74736L109
2024-05-31,XPER,identifier,Xperi Inc,0.010573001195,8489862.22,963662.0,8.81,US98423J1016,98423J101
2024-05-31,CALX,identifier,Calix Inc,0.058429691969,46917618.3,1314219.0,35.699999999999996,US13100M5094,13100M509
2024-05-31,TTMI,identifier,TTM Technologies Inc,0.052507008185,42161847.6,2266766.0,18.6,US87305R1095,87305R109
2024-05-31,KD,identifier,Kyndryl Holdings Inc,0.094370772781,75777430.05,2847705.0,26.61,US50155Q1004,50155Q100
2024-05-31,,,American Software Inc/GA,0.009165064755,7359323.58,717283.0,10.26,US0296831094,029683109
2024-05-31,RBBN,identifier,Ribbon Communications Inc,0.008193224318,6578959.4,2095210.0,3.14,US7625441040,762544104
2024-05-31,PCOR,identifier,Procore Technologies Inc,0.07929581148,63672603.61,948497.0,67.13,US74275K1088,74275K108
2024-05-31,AMD,identifier,Advanced Micro Devices Inc,1.920659952781,1542243121.8,9240522.0,166.9,US0079031078,007903107
2024-05-31,NSIT,identifier,Insight Enterprises Inc,0.078997545128,63433103.0,324466.0,195.5,US45765U1034,45765U103
2024-05-31,SEDG,identifier,SolarEdge Technologies Inc,0.052113947199,41846229.21,854179.0,48.99,US83417M1045,83417M104
2024-05-31,APH,identifier,Amphenol Corp,0.592683320125,475910258.11,3595303.0,132.37,US0320951017,032095101
2024-05-31,VECO,identifier,Veeco Instruments Inc,0.06237428158,50085027.6,1232104.0,40.65,US9224171002,922417100
2024-05-31,PRGS,identifier,Progress Software Corp,0.054128895031,43464183.2,858128.0,50.650000000000006,US7433121008,743312100
2024-05-31,MSFT,identifier,Microsoft Corp,17.16722402991,13784862407.42,33206134.0,415.13,US5949181045,594918104
2024-05-31,IPGP,identifier,IPG Photonics Corp,0.057779487124,46395519.66,534942.0,86.72999999999999,US44980X1090,44980X109
2024-05-31,NOW,identifier,ServiceNow Inc,0.965624787489,775373165.14,1180298.0,656.93,US81762P1021,81762P102
2024-05-31,,,SMART Global Holdings Inc,0.029450105168,23647716.54,1149063.0,20.58,KYG8232Y1017,G8232Y101
2024-05-31,LRCX,"same company, other snapshot",Lam Research Corp,0.896549117389,719907085.92,772068.0,932.4399999999999,US5128071082,512807108
2024-05-31,,,Model N Inc,0.03221074707,25864444.69,865321.0,29.89,US6075251024,607525102
2024-05-31,LITE,identifier,Lumentum Holdings Inc,0.05962454605,47877057.0,1100622.0,43.5,US55024U1097,55024U109
2024-05-31,ESTC,identifier,Elastic NV,0.102900540069,82626625.25,794105.0,104.05,NL0013056914,N14506104
2024-05-31,EPAM,identifier,EPAM Systems Inc,0.098607234902,79179205.86,445002.0,177.93,US29414B1044,29414B104
2024-05-31,NET,identifier,Cloudflare Inc,0.168463101302,135271763.69,1998401.0,67.69,US18915M1071,18915M107
2024-05-31,SOUN,identifier,SoundHound AI Inc,0.027741850583,22276029.75,4411095.0,5.05,US8361001071,836100107
2024-05-31,TRMB,identifier,Trimble Inc,0.132701394976,106555985.28,1913721.0,55.68,US8962391004,896239100
2024-05-31,PLUS,identifier,ePlus Inc,0.052232542817,41941458.6,560415.0,74.84,US2942681071,294268107
2024-05-31,SMRT,identifier,SmartRent Inc,0.011251886985,9034990.96,3828386.0,2.3600000000000003,US83193G1076,83193G107
2024-05-31,ADBE,identifier,Adobe Inc,1.43392540018,1151407141.28,2588828.0,444.76,US00724F1012,00724F101
2024-05-31,CLFD,identifier,Clearfield Inc,0.014250067044,11442456.46,299071.0,38.260000000000005,US18482P1030,18482P103
2024-05-31,ON,identifier,ON Semiconductor Corp,0.261877725332,210281429.6,2878990.0,73.03999999999999,US6821891057,682189105
2024-05-31,APLD,identifier,Applied Digital Corp,0.010690703984,8584374.69,2029403.0,4.2299999999999995,US0381692070,038169207
2024-05-31,,,LivePerson Inc,0.001331880382,1069467.48,1558082.0,0.6863999969192892,US5381461012,538146101
2024-05-31,TLS,identifier,Telos Corp,0.006529315985,5242881.57,1157369.0,4.53,US87969B1017,87969B101
2024-05-31,INTU,identifier,Intuit Inc,1.156144023234,928355467.12,1610498.0,576.44,US4612021034,461202103
2024-05-31,EFOR,identifier,ASGN Inc,0.068479309517,54987216.21,585531.0,93.91,US00191U1025,00191U102
2024-05-31,AZPN,manual table,Aspen Technology Inc,0.082979993734,66630912.15,316311.0,210.65,US29109X1063,29109X106
2024-05-31,OSPN,identifier,OneSpan Inc,0.011603663492,9317458.92,707476.0,13.17,US68287N1000,68287N100
2024-05-31,AOSL,identifier,Alpha & Omega Semiconductor Ltd,0.019111211179,15345836.7,523570.0,29.31,BMG6331P1041,G6331P104
2024-05-31,MARA,identifier,Marathon Digital Holdings Inc,0.080054703846,64281975.68,3293134.0,19.52,US5657881067,565788106
2024-05-31,,,PowerSchool Holdings Inc,0.034036993232,27330875.84,1274761.0,21.44,US73939C1062,73939C106
2024-05-31,DV,identifier,DoubleVerify Holdings Inc,0.041479285863,33306855.4,1830047.0,18.2,US25862V1052,25862V105
2024-05-31,SWKS,identifier,Skyworks Solutions Inc,0.138891748082,111526687.92,1203612.0,92.66,US83088M1027,83088M102
2024-05-31,DLB,identifier,Dolby Laboratories Inc,0.072910708976,58545521.95,722695.0,81.01,US25659T1079,25659T107
2024-05-31,NXPI,identifier,NXP Semiconductors NV,0.53193810181,427133328.6,1569766.0,272.1,NL0009538784,N6596X109
2024-05-31,INTA,identifier,Intapp Inc,0.04342324002,34867803.2,971248.0,35.900000000000006,US45827U1097,45827U109
2024-05-31,,,SecureWorks Corp,0.001845929873,1482236.69,254243.0,5.83,US81374A1051,81374A105
2024-05-31,RIOT,identifier,Riot Platforms Inc,0.055536133567,44594161.44,4578456.0,9.74,US7672921050,767292105
2024-05-31,MRVL,identifier,Marvell Technology Inc,0.451257253887,362348574.49,5265929.0,68.81,US5738741041,573874104
2024-05-31,TWLO,identifier,Twilio Inc,0.106015013882,85127471.8,1483057.0,57.4,US90138F1021,90138F102
2024-05-31,BRZE,identifier,Braze Inc,0.050926007637,40892342.7,1086118.0,37.650000000000006,US10576N1028,10576N102
2024-05-31,ADSK,identifier,Autodesk Inc,0.334565733213,268648128.0,1332580.0,201.6,US0527691069,052769106
2024-05-31,KEYS,identifier,Keysight Technologies Inc,0.203656284641,163531032.0,1180900.0,138.48,US49338L1035,49338L103
2024-05-31,,,Matterport Inc,0.031562097876,25343595.2,5759908.0,4.3999999999999995,US5770961002,577096100
2024-05-31,ARLO,identifier,Arlo Technologies Inc,0.035271299433,28321993.63,1993103.0,14.209999999999999,US04206A1016,04206A101
2024-05-31,GTLB,identifier,Gitlab Inc,0.060966159281,48954339.72,1037388.0,47.19,US37637K1088,37637K108
2024-05-31,WDC,identifier,Western Digital Corp,0.214172891621,171975611.04,2284176.0,75.28999999999999,US9581021055,958102105
2024-05-31,GEN,identifier,Gen Digital Inc,0.145791250772,117066820.39,4714733.0,24.830000000000002,US6687711084,668771108
2024-05-31,CTS,identifier,CTS Corp,0.043273332916,34747431.45,656231.0,52.95,US1265011056,126501105
2024-05-31,S,identifier,SentinelOne Inc,0.058927286701,47317174.74,2811478.0,16.830000000000002,US81730H1095,81730H109
2024-05-31,EXFY,identifier,Expensify Inc,0.001870803879,1502209.91,994841.0,1.51,US30219Q1067,30219Q106
2024-05-31,PATH,identifier,UiPath Inc,0.057560416788,46219611.52,3769952.0,12.260000000000002,US90364P1057,90364P105
2024-05-31,PLXS,identifier,Plexus Corp,0.066470616346,53374284.56,484604.0,110.14,US7291321005,729132100
2024-05-31,SPT,identifier,Sprout Social Inc,0.034854465509,27987286.15,857191.0,32.65,US85209W1099,85209W109
2024-05-31,ORCL,identifier,Oracle Corp,1.380488007698,1108498217.77,9458983.0,117.19,US68389X1054,68389X105
2024-05-31,AUR,identifier,Aurora Innovation Inc,0.044109244432,35418648.02,14819518.0,2.39,US0517741072,051774107
2024-05-31,DELL,identifier,Dell Technologies Inc,0.301859194915,242385575.04,1736784.0,139.56,US24703L2025,24703L202
2024-05-31,ACMR,identifier,ACM Research Inc,0.026536257632,21307968.0,986480.0,21.6,US00108J1097,00108J109
2024-05-31,INTC,identifier,Intel Corp,0.931699552008,748132028.05,24250633.0,30.849999999999998,US4581401001,458140100
2024-05-31,MPWR,identifier,Monolithic Power Systems Inc,0.288992269848,232053747.87,315449.0,735.63,US6098391054,609839105
2024-05-31,YOU,identifier,Clear Secure Inc,0.035662687529,28636268.73,1695457.0,16.89,US18467V1098,18467V109
2024-05-31,TYL,identifier,Tyler Technologies Inc,0.18562140504,149049463.32,310287.0,480.35999999999996,US9022521051,902252105
2024-05-31,CIFR,identifier,Cipher Mining Inc,0.006518039528,5233826.85,1410735.0,3.7099999999999995,US17253J1060,17253J106
2024-05-31,KE,identifier,Kimball Electronics Inc,0.015721370912,12623877.6,550780.0,22.919999999999998,US49428J1097,49428J109
2024-05-31,ZBRA,identifier,Zebra Technologies Corp,0.154821485992,124317879.14,398021.0,312.34,US9892071054,989207105
2024-05-31,APP,identifier,AppLovin Corp,0.15651697425,125679314.88,1542456.0,81.48,US03831W1080,03831W108
2024-05-31,NTNX,identifier,Nutanix Inc,0.132285188605,106221781.71,1920307.0,55.315000002603746,US67059N1081,67059N108
2024-05-31,KLIC,identifier,Kulicke & Soffa Industries Inc,0.05601359516,44977551.46,984838.0,45.67,US5012421013,501242101
2024-05-31,CIEN,identifier,Ciena Corp,0.090574407122,72729040.97,1509841.0,48.17,US1717793095,171779309
2024-05-31,DGII,identifier,Digi International Inc,0.024343326004,19547097.36,802426.0,24.36,US2537981027,253798102
2024-05-31,FFIV,identifier,F5 Inc,0.105904057774,85038376.75,503275.0,168.97,US3156161024,315616102
2024-05-31,PAR,identifier,PAR Technology Corp,0.034521813878,27720175.0,621250.0,44.62,US6988841036,698884103
2024-05-31,IOT,identifier,Samsara Inc,0.082473234938,66223997.19,1951783.0,33.93,US79589L1061,79589L106
2024-05-31,SMCI,"same company, other snapshot",Super Micro Computer Inc,0.331708322883,266353697.16,339516.0,784.51,US86800U1043,86800U104
2024-05-31,ADTN,identifier,ADTRAN Holdings Inc,0.011455485557,9198475.65,1657383.0,5.55,US00486H1059,00486H105
2024-05-31,AEVA,identifier,Aeva Technologies Inc,0.001864060224,1496794.92,463404.0,3.23,US00835Q2021,00835Q202
2024-05-31,AMKR,identifier,Amkor Technology Inc,0.068240458456,54795424.63,1681357.0,32.59,US0316521006,031652100
2024-05-31,MANH,identifier,Manhattan Associates Inc,0.130016191144,104399832.06,475539.0,219.54,US5627501092,562750109
2024-05-31,APPN,identifier,Appian Corp,0.027802750302,22324930.74,786366.0,28.389999999999997,US03782L1017,03782L101
2024-05-31,SYNA,identifier,Synaptics Inc,0.06957227601,55864841.66,596146.0,93.71,US87157D1090,87157D109
2024-05-31,VSAT,identifier,Viasat Inc,0.029033108686,23312878.53,1380277.0,16.89,US92552V1008,92552V100
2024-05-31,QRVO,identifier,Qorvo Inc,0.101278364385,81324057.72,826548.0,98.39,US74736K1016,74736K101
2024-05-31,RXT,identifier,Rackspace Technology Inc,0.002921103771,2345575.12,1196722.0,1.9600000000000002,US7501021056,750102105
2024-05-31,ANSS,manual table,ANSYS Inc,0.228063319728,183129286.2,576876.0,317.45,US03662Q1058,03662Q105
2024-05-31,ZETA,identifier,Zeta Global Holdings Corp,0.07067067796,56746831.65,3475005.0,16.33,US98956A1051,98956A105
2024-05-31,FCUV,SEC company list,Focus Universal Inc,0.000165636846,133002.35,573286.0,0.2319999965113399,US34417J1043,34417J104
2024-05-31,DDOG,identifier,Datadog Inc,0.241709738858,194087028.1,1761545.0,110.17999999999999,US23804L1035,23804L103
2024-05-31,SANM,identifier,Sanmina Corp,0.072267338598,58028911.22,846643.0,68.53999999999999,US8010561020,801056102
2024-05-31,,,Enfusion Inc,0.009176903558,7368829.85,783085.0,9.41,US2928121043,292812104
2024-05-31,PRO,identifier,PROS Holdings Inc,0.032009753658,25703051.88,871881.0,29.48,US74346Y1038,74346Y103
2024-05-31,TEL,"same company, other snapshot",TE Connectivity Ltd,0.360754394989,289676985.0,1935050.0,149.7,CH0102993182,H84989104
2024-05-31,,,MeridianLink Inc,0.010055624941,8074421.7,434810.0,18.57,US58985J1051,58985J105
2024-05-31,VNT,identifier,Vontier Corp,0.080798945991,64879583.98,1622801.0,39.98,US9288811014,928881101
2024-05-31,EVLV,identifier,Evolv Technologies Holdings Inc,0.007751063249,6223914.84,2176194.0,2.86,US30049H1023,30049H102
2024-05-31,VYX,identifier,NCR Voyix Corp,0.048811978678,39194828.98,2973811.0,13.18,US62886E1082,62886E108
2024-05-31,WULF,identifier,Terawulf Inc,0.009429049581,7571296.96,3473072.0,2.18,US88080T1043,88080T104
2024-05-31,DXC,identifier,DXC Technology Co,0.051395627061,41269435.65,2653983.0,15.549999999999999,US23355L1061,23355L106
2024-05-31,HUBS,identifier,HubSpot Inc,0.238124206286,191207932.85,312917.0,611.05,US4435731009,443573100
2024-05-31,TCX,identifier,Tucows Inc,0.005805241862,4661467.7,205351.0,22.7,US8986972060,898697206
2024-05-31,MCHP,identifier,Microchip Technology Inc,0.407617001637,327306515.76,3366312.0,97.23,US5950171042,595017104
2024-05-31,NTCT,identifier,NetScout Systems Inc,0.040261463936,32328974.08,1573952.0,20.54,US64115T1043,64115T104
2024-05-31,QLYS,identifier,Qualys Inc,0.06899047653,55397670.86,393953.0,140.62,US74758T3032,74758T303
2024-05-31,AEHR,identifier,Aehr Test Systems,0.008712990495,6996318.97,607847.0,11.51,US00760J1088,00760J108
2024-05-31,FROG,identifier,JFrog Ltd,0.051313468938,41203464.68,1280804.0,32.17,IL0011684185,M6191J100
2024-05-31,CLSK,identifier,Cleanspark Inc,0.058658041192,47100977.16,2930988.0,16.07,US18452B2097,18452B209
2024-05-31,MKSI,identifier,MKS Instruments Inc,0.099045257141,79530927.04,628256.0,126.59,US55306N1046,55306N104
2024-05-31,P,identifier,Pure Storage Inc,0.169775712433,136325758.43,2261167.0,60.290000000000006,US74624M1027,74624M102
2024-05-31,,,Infinera Corp,0.032253473385,25898752.88,4527754.0,5.72,US45667G1031,45667G103
2024-05-31,DOCN,identifier,DigitalOcean Holdings Inc,0.057179898113,45914064.3,1239246.0,37.05,US25402D1028,25402D102
2024-05-31,SMTC,identifier,Semtech Corp,0.069025355708,55425677.99,1425191.0,38.89,US8168501018,816850101
2024-05-31,RMBS,identifier,Rambus Inc,0.078733232147,63220866.12,1144062.0,55.26,US7509171069,750917106
2024-05-31,STX,identifier,Seagate Technology Holdings PLC,0.170968567935,137283592.32,1472368.0,93.24,IE00BKVD2N49,G7997R103
2024-05-31,DT,identifier,Dynatrace Inc,0.124577655084,100032820.18,2187466.0,45.730000000000004,US2681501092,268150109
2024-05-31,JNPR,manual table,Juniper Networks Inc,0.116880278881,93852014.73,2631119.0,35.67,US48203R1041,48203R104
2024-05-31,SITM,identifier,SiTime Corp,0.056647867989,45486857.08,373394.0,121.82,US82982T1060,82982T106
2024-05-31,ACIW,identifier,ACI Worldwide Inc,0.071072937594,57069836.33,1584833.0,36.01,US0044981019,004498101
2024-05-31,NABL,identifier,N-able Inc/US,0.023600307794,18950471.85,1419511.0,13.350000000000001,US62878D1000,62878D100
2024-05-31,WOLF,SEC company list,Wolfspeed Inc,0.063994334622,51385890.7,1999451.0,25.700000000000003,US9778521024,977852102
2024-05-31,BL,identifier,BlackLine Inc,0.048949013149,39304864.32,823656.0,47.72,US09239B1098,09239B109
2024-05-31,AVPT,identifier,AvePoint Inc,0.027444739184,22037456.54,2443177.0,9.02,US0536041041,053604104
2024-05-31,ATEN,identifier,A10 Networks Inc,0.029459984435,23655649.35,1561429.0,15.15,US0021211018,002121101
2024-05-31,CDNS,identifier,Cadence Design Systems Inc,0.576263968497,462725919.01,1616171.0,286.31,US1273871087,127387108
2024-05-31,ROP,identifier,Roper Technologies Inc,0.431771630805,346702094.16,650766.0,532.76,US7766961061,776696106
2024-05-31,COHR,identifier,Coherent Corp,0.103314210124,82958792.22,1453887.0,57.06,US19247G1076,19247G107
2024-05-31,LSCC,identifier,Lattice Semiconductor Corp,0.112390845445,90247109.12,1215613.0,74.24000000000001,US5184151042,518415104
2024-05-31,,,HashiCorp Inc,0.080799152871,64879750.1,1932095.0,33.58,US4181001037,418100103
2024-05-31,FORM,identifier,FormFactor Inc,0.079512550002,63846639.36,1166788.0,54.72,US3463751087,346375108
2024-05-31,ZM,identifier,Zoom Video Communications Inc,0.143228664771,115009126.3,1874945.0,61.339999999999996,US98980L1017,98980L101
2024-05-31,BMI,identifier,Badger Meter Inc,0.080758975089,64847488.32,336067.0,192.96,US0565251081,056525108
2024-05-31,HPE,identifier,Hewlett Packard Enterprise Co,0.198256181728,159194881.0,9019540.0,17.65,US42824C1099,42824C109
2024-05-31,CEVA,identifier,CEVA Inc,0.012957944057,10404913.2,522335.0,19.919999999999998,US1572101053,157210105
2024-05-31,BSY,identifier,Bentley Systems Inc,0.111153461928,89253520.32,1776543.0,50.239999999999995,US08265T2087,08265T208
2024-05-31,FTNT,identifier,Fortinet Inc,0.307942571074,247270377.8,4168415.0,59.32,US34959E1091,34959E109
2024-05-31,ADEA,identifier,Adeia Inc,0.035004544697,28107796.08,2375976.0,11.83,US00676P1075,00676P107
2024-05-31,ASAN,identifier,Asana Inc,0.029629681243,23791911.75,1823135.0,13.05,US04342Y1047,04342Y104
2024-05-31,CRNC,identifier,Cerence Inc,0.003915657101,3144177.2,914005.0,3.4400000000000004,US1567271093,156727109
2024-05-31,ITRI,identifier,Itron Inc,0.079581379788,63901908.0,594160.0,107.55,US4657411066,465741106
2024-05-31,RPD,identifier,Rapid7 Inc,0.046879683804,37643243.3,1041595.0,36.14,US7534221046,753422104
2024-05-31,,,Envestnet Inc,0.05911767603,47470052.73,724623.0,65.50999999999999,US29404K1060,29404K106
2024-05-31,ENPH,identifier,Enphase Energy Inc,0.165709435404,133060637.1,1040349.0,127.89999999999999,US29355A1079,29355A107
2024-05-31,NVTS,identifier,Navitas Semiconductor Corp,0.013487888725,10830445.85,2769935.0,3.9099999999999997,US63942X1063,63942X106
2024-05-31,VRSN,identifier,VeriSign Inc,0.147291846277,118271762.0,678475.0,174.32,US92343E1029,92343E102
2024-05-31,HUCK,identifier,Domo Inc,0.005824284607,4676758.56,702216.0,6.659999999999999,US2575541055,257554105
2024-05-31,AMPL,identifier,Amplitude Inc,0.01648992595,13241008.56,1484418.0,8.92,US03213A1043,03213A104
2024-05-31,MEI,identifier,Methode Electronics Inc,0.01099911306,8832019.66,749747.0,11.78,US5915202007,591520200
2024-05-31,DIOD,identifier,Diodes Inc,0.065686805391,52744903.47,711519.0,74.13,US2545431015,254543101
2024-05-31,OUST,identifier,Ouster Inc,0.010517468226,8445270.6,721818.0,11.7,US68989M2026,68989M202
2024-05-31,UIS,identifier,Unisys Corp,0.008104168215,6507449.52,1516888.0,4.29,US9092143067,909214306
2024-05-31,CFLT,manual table,Confluent Inc,0.070254249216,56412449.52,2172216.0,25.970000000000002,US20717M1036,20717M103
2024-05-31,EGHT,identifier,8x8 Inc,0.007831584423,6288571.38,2303506.0,2.73,US2829141009,282914100
2024-05-31,QCOM,identifier,QUALCOMM Inc,1.633417998359,1311594834.55,6427811.0,204.04999999999998,US7475251036,747525103
2024-05-31,FSLY,identifier,Fastly Inc,0.025481505812,20461028.0,2609825.0,7.84,US31188V1008,31188V100
2024-05-31,NOVT,identifier,Novanta Inc,0.081746671225,65640584.24,404789.0,162.16,CA67000B1040,67000B104
2024-05-31,TXN,identifier,Texas Instruments Inc,1.272539837109,1021818468.26,5239826.0,195.01,US8825081040,882508104
2024-05-31,ROG,identifier,Rogers Corp,0.054583637105,43829330.0,371435.0,118.0,US7751331015,775133101
2024-05-31,BILL,identifier,BILL Holdings Inc,0.067413667379,54131531.55,1039991.0,52.05,US0900431000,090043100
2024-05-31,NN,identifier,NextNav Inc,0.008408833379,6752088.22,855236.0,7.895,US65345N1063,65345N106
2024-05-31,LASR,identifier,nLight Inc,0.01610208247,12929579.7,983238.0,13.149999999999999,US65487K1007,65487K100
2024-05-31,POWI,identifier,Power Integrations Inc,0.07563792564,60735410.45,799045.0,76.01,US7392761034,739276103
2024-05-31,BOX,identifier,Box Inc,0.066688781052,53549465.5,1965118.0,27.25,US10316T1043,10316T104
2024-05-31,YEXT,identifier,Yext Inc,0.014703776073,11806773.75,2337975.0,5.05,US98585N1063,98585N106
2024-05-31,CRM,identifier,Salesforce Inc,1.62143421923,1301972152.04,5553541.0,234.44,US79466L3024,79466L302
2024-05-31,PMTS,identifier,CPI Card Group Inc,0.003319544658,2665513.44,101776.0,26.189999999999998,US12634H2004,12634H200
2024-05-31,RAMP,identifier,LiveRamp Holdings Inc,0.051628547632,41456465.19,1324911.0,31.29,US53815P1084,53815P108
2024-05-31,XRX,identifier,Xerox Holdings Corp,0.044826794484,35994823.22,2560087.0,14.059999999999999,US98421M1062,98421M106
2024-05-31,,,E2open Parent Holdings Inc,0.021654928774,17388379.92,3731412.0,4.66,US29788T1034,29788T103
2024-05-31,IONQ,identifier,IonQ Inc,0.039153210081,31439073.25,3857555.0,8.15,US46222L1089,46222L108
2024-05-31,,,FARO Technologies Inc,0.009803411668,7871900.59,420283.0,18.73,US3116421021,311642102
2024-05-31,OKTA,identifier,Okta Inc,0.13321697561,106969983.96,1206247.0,88.67999999999999,US6792951054,679295105
2024-05-31,MSTR,identifier,MicroStrategy Inc,0.223592326091,179539187.3,117770.0,1524.49,US5949724083,594972408
2024-05-31,TDY,identifier,Teledyne Technologies Inc,0.167521445892,134515637.35,338873.0,396.95,US8793601050,879360105
2024-05-31,CCSI,identifier,Consensus Cloud Solutions Inc,0.009482004613,7613818.56,403488.0,18.869999999999997,US20848V1052,20848V105
2024-05-31,ACN,identifier,Accenture PLC,1.260556628284,1012196243.69,3585661.0,282.29,IE00B4BNMY34,G1151C101
2024-05-31,CRUS,identifier,Cirrus Logic Inc,0.095778836012,76908070.5,670515.0,114.7,US1727551004,172755100
2024-05-31,CNXN,identifier,PC Connection Inc,0.022082729707,17731893.64,262151.0,67.64,US69318J1007,69318J100
2024-05-31,BLKB,identifier,Blackbaud Inc,0.062339333321,50056965.0,642250.0,77.94,US09227Q1004,09227Q100
2024-05-31,,,Jamf Holding Corp,0.022113908187,17756929.2,1115385.0,15.92,US47074L1052,47074L105
2024-05-31,PEGA,identifier,Pegasystems Inc,0.054494127961,43757456.34,761529.0,57.46000000000001,US7055731035,705573103
2024-05-31,PANW,identifier,Palo Alto Networks Inc,0.627172515368,503604241.14,1707654.0,294.90999999999997,US6974351057,697435105
2024-05-31,AVT,identifier,Avnet Inc,0.079321929072,63693575.4,1166549.0,54.6,US0538071038,053807103
2024-05-31,MITK,identifier,Mitek Systems Inc,0.015796365904,12684096.75,1010685.0,12.55,US6067102003,606710200
2024-05-31,,,Informatica Inc,0.039390607387,31629697.5,1096350.0,28.85,US45674M1018,45674M101
2024-05-31,COHU,identifier,Cohu Inc,0.0422859508,33954587.68,1053182.0,32.24,US1925761066,192576106
2024-05-31,TENB,identifier,Tenable Holdings Inc,0.070936678588,56960423.67,1350093.0,42.190000000000005,US88025T1025,88025T102
2024-05-31,ALRM,identifier,Alarm.com Holdings Inc,0.060650433072,48700819.27,744547.0,65.41000000000001,US0116421050,011642105
2024-05-31,,,Smartsheet Inc,0.071170946385,57148535.0,1544555.0,37.0,US83200N1037,83200N103
2024-05-31,VSH,identifier,Vishay Intertechnology Inc,0.063797375006,51227736.93,2167911.0,23.63,US9282981086,928298108
2024-05-31,KLAC,identifier,KLA Corp,0.760454495429,610626422.09,803953.0,759.5300000000001,US4824801009,482480100
2024-05-31,PLAB,identifier,Photronics Inc,0.047274939451,37960623.95,1387957.0,27.35,US7194051022,719405102
2024-05-31,HLIT,identifier,Harmonic Inc,0.035988545279,28897924.56,2362872.0,12.229999999999999,US4131601027,413160102
2024-05-31,CDW,identifier,CDW Corp/DE,0.243342985251,195398485.14,873797.0,223.61999999999998,US12514G1085,12514G108
2024-05-31,FN,identifier,Fabrinet,0.115956324145,93110101.6,388720.0,239.52999999999997,KYG3323L1005,G3323L100
2024-05-31,KN,identifier,Knowles Corp,0.043659310848,35057362.32,2000991.0,17.52,US49926D1090,49926D109
2024-05-31,HPQ,identifier,HP Inc,0.288104791636,231341124.5,6338113.0,36.5,US40434L1052,40434L105
2024-05-31,PI,identifier,Impinj Inc,0.08061348914,64730666.65,395495.0,163.67,US4532041096,453204109
2024-05-31,CRWD,identifier,Crowdstrike Holdings Inc,0.536664255857,430928315.09,1373827.0,313.66999999999996,US22788C1053,22788C105
2024-05-31,IBM,identifier,International Business Machines Corp,1.091099973033,876126680.4,5250984.0,166.85,US4592001014,459200101
2024-05-31,EXTR,identifier,Extreme Networks Inc,0.039901326627,32039792.6,2873524.0,11.15,US30226D1063,30226D106
2024-05-31,GLW,identifier,Corning Inc,0.25491815423,204693063.66,5493641.0,37.26,US2193501051,219350105
2024-05-31,WEAV,identifier,Weave Communications Inc,0.008300093938,6664773.1,770494.0,8.65,US94724R1086,94724R108
2024-05-31,CXT,identifier,Crane NXT Co,0.060775947455,48801604.26,771933.0,63.22,US2244411052,224441105
2024-05-31,NCNO,identifier,nCino Inc,0.042913061705,34458142.45,1128665.0,30.53,US63947X1019,63947X101
2024-05-31,,,Squarespace Inc,0.064227155264,51572840.0,1172110.0,44.0,US85225A1079,85225A107
2024-05-31,APPS,identifier,Digital Turbine Inc,0.00502025366,4031141.31,2132879.0,1.8900000000000001,US25400W1027,25400W102
2024-05-31,MU,identifier,Micron Technology Inc,1.010369090852,811301750.0,6490414.0,125.0,US5951121038,595112103
2024-05-31,PTC,identifier,PTC Inc,0.18395778547,147713617.36,838139.0,176.24,US69370C1009,69370C100
2024-05-31,MSI,identifier,Motorola Solutions Inc,0.459474719838,368946999.33,1011063.0,364.90999999999997,US6200763075,620076307
2024-05-31,BDC,identifier,Belden Inc,0.07265343789,58338939.54,609666.0,95.69,US0774541066,077454106
2024-05-31,AMAT,identifier,Applied Materials Inc,1.29509760059,1039931802.44,4835093.0,215.08,US0382221051,038222105
2024-05-31,AI,identifier,C3.ai Inc,0.074802181938,60064328.63,2031259.0,29.57,US12468P1049,12468P104
2024-05-31,FICO,identifier,Fair Isaac Corp,0.263908734261,211912280.26,164282.0,1289.9299999999998,US3032501047,303250104
2024-05-31,ALTR,manual table,Altair Engineering Inc,0.074604162004,59905323.45,685965.0,87.33,US0213691035,021369103
2024-05-31,NVDA,identifier,NVIDIA Corp,14.06008359473,11289904381.31,10297907.0,1096.33,US67066G1040,67066G104
2024-05-31,APPF,identifier,Appfolio Inc,0.072117757942,57908801.6,253630.0,228.32,US03783C1009,03783C100
2024-05-31,MASS,identifier,908 Devices Inc,0.003945371204,3168036.9,502863.0,6.3,US65443P1021,65443P102
2024-05-31,IDCC,identifier,InterDigital Inc,0.066085177348,53064786.44,466012.0,113.86999999999999,US45867G1013,45867G101
2024-05-31,LFUS,identifier,Littelfuse Inc,0.087848702246,70540366.4,274904.0,256.6,US5370081045,537008104
2024-05-31,FRSH,identifier,Freshworks Inc,0.042504584585,34130145.28,2649856.0,12.88,US3580541049,358054104
2024-05-31,PLTR,identifier,Palantir Technologies Inc,0.318263314126,255557682.88,11787716.0,21.68,US69608A1088,69608A108
2024-05-31,,,Couchbase Inc,0.019559496233,15705798.67,692801.0,22.669999999999998,US22207T1016,22207T101
2024-05-31,UCTT,identifier,Ultra Clean Holdings Inc,0.057403837016,46093881.78,993831.0,46.38,US90385V1070,90385V107
2024-05-31,WDAY,identifier,Workday Inc,0.336925389218,270542874.25,1279465.0,211.45,US98138H1014,98138H101
2024-05-31,SNX,identifier,TD SYNNEX Corp,0.117277912659,94171304.96,719744.0,130.84,US87162W1009,87162W100
2024-05-31,LWLG,identifier,Lightwave Logic Inc,0.009443839021,7583172.52,2462069.0,3.0799999999999996,US5322751042,532275104
2024-05-31,SLAB,identifier,Silicon Laboratories Inc,0.069065009253,55457518.82,439546.0,126.17,US8269191024,826919102
2024-05-31,DOCU,identifier,DocuSign Inc,0.114044401645,91574874.44,1672906.0,54.74,US2561631068,256163106
2024-05-31,VERX,identifier,Vertex Inc,0.046789807414,37571074.75,1136795.0,33.05,US92538J1060,92538J106
2024-05-31,VRNS,identifier,Varonis Systems Inc,0.070655883625,56734952.16,1320646.0,42.959999999999994,US9222801022,922280102
2024-05-31,FSLR,identifier,First Solar Inc,0.250499930962,201145338.08,740158.0,271.76,US3364331070,336433107
2024-05-31,PDFS,identifier,PDF Solutions Inc,0.029591097469,23760929.92,678496.0,35.02,US6932821050,693282105
2024-05-31,ICHR,identifier,Ichor Holdings Ltd,0.034316419984,27555248.71,725329.0,37.99,KYG4740B1059,G4740B105
2024-05-31,AGYS,identifier,Agilysys Inc,0.060198932018,48338274.93,506319.0,95.47,US00847J1051,00847J105
2024-05-31,CMRC,identifier,BigCommerce Holdings Inc,0.014713043614,11814215.36,1433764.0,8.24,US08975P1084,08975P108
2024-05-31,NTAP,identifier,NetApp Inc,0.218113300085,175139662.98,1454286.0,120.42999999999999,US64110D1046,64110D104
2024-05-31,ZS,identifier,Zscaler Inc,0.142284544927,114251021.08,672223.0,169.96,US98980G1022,98980G102
2024-05-31,AEIS,identifier,Advanced Energy Industries Inc,0.073244064214,58813198.08,547456.0,107.42999999999999,US0079731008,007973100
2024-05-31,,,Thoughtworks Holding Inc,0.007273418861,5840378.04,2116079.0,2.7600000000000002,US88546E1055,88546E105
2024-05-31,CRDO,identifier,Credo Technology Group Holding Ltd,0.079049172075,63474558.18,2434774.0,26.07,KYG254571055,G25457105
2024-05-31,,,SEMrush Holdings Inc,0.015135528918,12153460.76,796426.0,15.26,US81686C1045,81686C104
2024-05-31,OLED,identifier,Universal Display Corp,0.098838517191,79364919.9,451707.0,175.70000000000002,US91347P1057,91347P105
2024-05-31,FIVN,identifier,Five9 Inc,0.053678615658,43102619.84,921784.0,46.760000000000005,US3383071012,338307101
2024-05-31,ALKT,identifier,Alkami Technology Inc,0.032498807184,26095749.94,951358.0,27.43,US01644J1088,01644J108
2024-05-31,ONTO,identifier,Onto Innovation Inc,0.120435423258,96706709.0,446270.0,216.7,US6833441057,683344105
2024-05-31,HCKT,identifier,Hackett Group Inc/The,0.015099855282,12124815.7,543470.0,22.31,US4046091090,404609109
2024-05-31,U,identifier,Unity Software Inc,0.061205903023,49146848.1,2690030.0,18.27,US91332U1016,91332U101
2024-05-31,FLEX,identifier,Flex Ltd,0.145326743196,116693832.13,3522301.0,33.129999999999995,SG9999000020,Y2573F102
2024-05-31,AVGO,identifier,Broadcom Inc,4.184336517429,3359920221.15,2529013.0,1328.55,US11135F1012,11135F101
2024-05-31,,,Zuora Inc,0.035939877351,28858845.4,2843236.0,10.15,US98983V1061,98983V106
2024-05-31,MX,identifier,Magnachip Semiconductor Corp,0.00538306521,4322470.14,859338.0,5.029999999999999,US55933J2033,55933J203
2024-05-31,VISN,identifier,CommScope Holding Co Inc,0.008426352142,6766155.36,4698719.0,1.4400000000000002,US20337X1090,20337X109
2024-05-31,CSCO,identifier,Cisco Systems Inc,1.347426062832,1081950282.0,23267748.0,46.5,US17275R1023,17275R102
2024-05-31,SCSC,identifier,ScanSource Inc,0.032901057515,26418747.15,557005.0,47.43,US8060371072,806037107
2024-05-31,DBX,identifier,Dropbox Inc,0.077994606212,62627767.5,2779750.0,22.53,US26210C1045,26210C104
2024-05-31,PD,identifier,PagerDuty Inc,0.045719442293,36711597.65,1935245.0,18.97,US69553P1003,69553P100
2024-05-31,ANET,"same company, other snapshot",Arista Networks Inc,0.587898096202,472067839.95,1585983.0,297.65,US0404131064,040413106
2024-05-31,TDC,identifier,Teradata Corp,0.05621582359,45139935.96,1384236.0,32.61,US88076W1036,88076W103
2024-05-31,,,Perficient Inc,0.071186807452,57161271.05,770887.0,74.14999999999999,US71375U1016,71375U101
2024-05-31,RNG,identifier,RingCentral Inc,0.062876841295,50488570.8,1476274.0,34.199999999999996,US76680R2067,76680R206
2024-05-31,CTSH,identifier,Cognizant Technology Solutions Corp,0.266928625552,214337179.35,3240169.0,66.14999999999999,US1924461023,192446102
2024-05-31,GWRE,identifier,Guidewire Software Inc,0.101897936519,81821559.04,718237.0,113.92000000000002,US40171V1008,40171V100
2024-05-31,NTGR,identifier,NETGEAR Inc,0.010726361729,8613006.99,623679.0,13.81,US64111Q1040,64111Q104
2024-05-31,MXL,identifier,MaxLinear Inc,0.038041280983,30546221.29,1718977.0,17.77,US57776J1007,57776J100
2024-05-31,,,Everbridge Inc,0.039414448036,31648840.96,910496.0,34.76,US29978A1043,29978A104
2024-05-31,CRSR,identifier,Corsair Gaming Inc,0.014823771347,11903127.03,1027017.0,11.59,US22041X1028,22041X102
2024-05-31,AKAM,identifier,Akamai Technologies Inc,0.131329049953,105454025.68,1143257.0,92.24000000000001,US00971T1016,00971T101
2024-05-31,ENTG,identifier,Entegris Inc,0.169278578375,135926571.9,1075794.0,126.35000000000001,US29362U1043,29362U104
2024-05-31,SPSC,identifier,SPS Commerce Inc,0.092086318985,73943069.34,393126.0,188.09,US78463M1071,78463M107
2024-05-31,AMBA,identifier,Ambarella Inc,0.061503749524,49386011.58,847683.0,58.26,KYG037AX1015,G037AX101
2024-05-31,VIAV,identifier,Viavi Solutions Inc,0.046172712678,37075562.72,4930261.0,7.52,US9255501051,925550105
2024-05-31,GDYN,identifier,Grid Dynamics Holdings Inc,0.014869631357,11939951.5,1256837.0,9.5,US39813G1094,39813G109
2024-08-31,OSIS,identifier,OSI Systems Inc,0.055667232243,51353854.72,342656.0,149.87,US6710441055,671044105
2024-08-31,MVIS,SEC company list,MicroVision Inc,0.004707647725,4342875.47,4580126.0,0.9481999993013293,US5949603048,594960304
2024-08-31,VERI,identifier,Veritone Inc,2.066633e-06,1906.5,615.0,3.1,US92347M1009,92347M100
2024-08-31,,,Clearwater Analytics Holdings Inc,0.077749756219,71725313.52,2894484.0,24.779999999999998,US1851231068,185123106
2024-08-31,MIR,identifier,Mirion Technologies Inc,0.048472227302,44716355.0,4125125.0,10.84,US60471A1016,60471A101
2024-08-31,TER,identifier,Teradyne Inc,0.183211670997,169015507.98,1236126.0,136.73,US8807701029,880770102
2024-08-31,SNPS,identifier,Synopsys Inc,0.543158150355,501071521.24,964378.0,519.58,US8716071076,871607107
2024-08-31,IT,identifier,Gartner Inc,0.286658442397,264446702.52,537537.0,491.96000000000004,US3666511072,366651107
2024-08-31,WK,identifier,Workiva Inc,0.060279235168,55608496.43,711379.0,78.17,US98139A1051,98139A105
2024-08-31,ACLS,identifier,Axcelis Technologies Inc,0.062926719964,58050840.77,530969.0,109.33000000000001,US0545402085,054540208
2024-08-31,RMNI,identifier,Rimini Street Inc,0.002227370266,2054782.4,1167490.0,1.76,US76674Q1076,76674Q107
2024-08-31,BHE,identifier,Benchmark Electronics Inc,0.038823833897,35815567.71,842521.0,42.51,US08160H1014,08160H101
2024-08-31,MTSI,identifier,MACOM Technology Solutions Holdings Inc,0.081643394038,75317252.67,689529.0,109.23,US55405Y1001,55405Y100
2024-08-31,CVLT,identifier,CommVault Systems Inc,0.102925183177,94950021.6,611004.0,155.39999999999998,US2041661024,204166102
2024-08-31,DMRC,SEC company list,Digimarc Corp,0.01102486724,10170605.0,354500.0,28.69,US25381B1017,25381B101
2024-08-31,ARW,identifier,Arrow Electronics Inc,0.086683054048,79966414.44,591993.0,135.07999999999998,US0427351004,042735100
2024-08-31,ALGM,identifier,Allegro MicroSystems Inc,0.063918532548,58965802.72,2403824.0,24.53,US01749D1054,01749D105
2024-08-31,,,ON24 Inc,0.004475570167,4128780.45,640121.0,6.45,US68339B1044,68339B104
2024-08-31,MDB,identifier,MongoDB Inc,0.165923501112,153066912.57,526383.0,290.78999999999996,US60937P1066,60937P106
2024-08-31,,,Verint Systems Inc,0.050278290473,46382475.3,1470126.0,31.549999999999997,US92343X1000,92343X100
2024-08-31,NSSC,identifier,Napco Security Technologies Inc,0.043580756574,40203900.06,866837.0,46.38,US6304021057,630402105
2024-08-31,GDDY,identifier,GoDaddy Inc,0.198043815723,182698383.43,1091323.0,167.41,US3802371076,380237107
2024-08-31,LAW,identifier,CS Disco Inc,0.003438711029,3172262.38,573646.0,5.53,US1263271058,126327105
2024-08-31,HUT,identifier,Hut 8 Corp,0.020749241126,19141485.42,1893322.0,10.110000000000001,US44812J1043,44812J104
2024-08-31,INDI,identifier,indie Semiconductor Inc,0.016564255003,15280773.1,3682114.0,4.1499999999999995,US45569U1016,45569U101
2024-08-31,CGNX,identifier,Cognex Corp,0.082078842942,75718960.8,1875160.0,40.379999999999995,US1924221039,192422103
2024-08-31,TEAM,identifier,Atlassian Corp,0.202116862035,186455829.6,1125941.0,165.6,US0494681010,049468101
2024-08-31,AAPL,identifier,Apple Inc,17.62018584245,16254885099.0,70982031.0,229.0,US0378331005,037833100
2024-08-31,,,SolarWinds Corp,0.016362463382,15094617.31,1180189.0,12.790000000000001,US83417Q2049,83417Q204
2024-08-31,SNOW,identifier,Snowflake Inc,0.246408749004,227315758.09,1989983.0,114.23,US8334451098,833445109
2024-08-31,JBL,identifier,Jabil Inc,0.11982330986,110538796.32,1011519.0,109.27999999999999,US4663131039,466313103
2024-08-31,CXM,identifier,Sprinklr Inc,0.027696285384,25550237.7,2848410.0,8.969999999999999,US85208T1079,85208T107
2024-08-31,,,Olo Inc,0.013614158845,12559265.25,2392241.0,5.25,US68134L1098,68134L109
2024-08-31,ADI,identifier,Analog Devices Inc,0.793589258386,732097965.72,3117433.0,234.84,US0326541051,032654105
2024-08-31,QTWO,identifier,Q2 Holdings Inc,0.081373062304,75067867.6,1011560.0,74.21,US74736L1098,74736L109
2024-08-31,XPER,identifier,Xperi Inc,0.008960850357,8266518.54,937247.0,8.82,US98423J1016,98423J101
2024-08-31,CALX,identifier,Calix Inc,0.055995900776,51657056.36,1387139.0,37.24,US13100M5094,13100M509
2024-08-31,TTMI,identifier,TTM Technologies Inc,0.050559228247,46641644.6,2398028.0,19.45,US87305R1095,87305R109
2024-08-31,KD,identifier,Kyndryl Holdings Inc,0.078184052199,72125958.06,3044574.0,23.69,US50155Q1004,50155Q100
2024-08-31,,,American Software Inc/GA,0.009211980451,8498189.81,738331.0,11.510000000000002,US0296831094,029683109
2024-08-31,RBBN,identifier,Ribbon Communications Inc,0.008287610892,7645445.06,2242066.0,3.4099999999999997,US7625441040,762544104
2024-08-31,PCOR,identifier,Procore Technologies Inc,0.068018947674,62748497.03,1058689.0,59.27,US74275K1088,74275K108
2024-08-31,AMD,identifier,Advanced Micro Devices Inc,1.591119106122,1467831184.08,9880393.0,148.56,US0079031078,007903107
2024-08-31,NSIT,identifier,Insight Enterprises Inc,0.081628290641,75303319.56,346908.0,217.07,US45765U1034,45765U103
2024-08-31,SEDG,identifier,SolarEdge Technologies Inc,0.02811415789,25935731.34,1065998.0,24.33,US83417M1045,83417M104
2024-08-31,APH,identifier,Amphenol Corp,0.562140824244,518583321.95,7688411.0,67.45,US0320951017,032095101
2024-08-31,VECO,identifier,Veeco Instruments Inc,0.050674319919,46747818.39,1317211.0,35.49,US9224171002,922417100
2024-08-31,PRGS,identifier,Progress Software Corp,0.059500132,54889762.1,943934.0,58.15,US7433121008,743312100
2024-08-31,MSFT,identifier,Microsoft Corp,15.67435258779,14459824805.14,34664201.0,417.14,US5949181045,594918104
2024-08-31,IPGP,identifier,IPG Photonics Corp,0.043019855493,39686460.42,580466.0,68.37,US44980X1090,44980X109
2024-08-31,NOW,identifier,ServiceNow Inc,1.169558931518,1078935615.0,1261913.0,855.0,US81762P1021,81762P102
2024-08-31,,,SMART Global Holdings Inc,0.027687692504,25542310.64,1232737.0,20.72,KYG8232Y1017,G8232Y101
2024-08-31,LRCX,"same company, other snapshot",Lam Research Corp,0.734602022802,677681358.24,825424.0,821.01,US5128071082,512807108
2024-08-31,LITE,identifier,Lumentum Holdings Inc,0.073473321998,67780238.96,1176536.0,57.60999999999999,US55024U1097,55024U109
2024-08-31,ESTC,identifier,Elastic NV,0.070119430947,64686224.28,849012.0,76.19,NL0013056914,N14506104
2024-08-31,EPAM,identifier,EPAM Systems Inc,0.114534279293,105659586.48,526298.0,200.76000000000002,US29414B1044,29414B104
2024-08-31,NET,identifier,Cloudflare Inc,0.198910648221,183498049.38,2233967.0,82.14,US18915M1071,18915M107
2024-08-31,SOUN,identifier,SoundHound AI Inc,0.032432546022,29919509.01,6118509.0,4.890000000000001,US8361001071,836100107
2024-08-31,TRMB,identifier,Trimble Inc,0.126411487516,116616488.79,2057091.0,56.690000000000005,US8962391004,896239100
2024-08-31,PLUS,identifier,ePlus Inc,0.062754221548,57891708.4,603290.0,95.96,US2942681071,294268107
2024-08-31,SMRT,identifier,SmartRent Inc,0.007549351799,6964390.0,4096700.0,1.7,US83193G1076,83193G107
2024-08-31,ADBE,identifier,Adobe Inc,1.723594322305,1590041553.3,2768130.0,574.41,US00724F1012,00724F101
2024-08-31,CLFD,identifier,Clearfield Inc,0.012596763803,11620703.1,311547.0,37.3,US18482P1030,18482P103
2024-08-31,ON,identifier,ON Semiconductor Corp,0.25983417399,239700913.53,3078219.0,77.87,US6821891057,682189105
2024-08-31,APLD,identifier,Applied Digital Corp,0.008589610427,7924044.15,2170971.0,3.6500000000000004,US0381692070,038169207
2024-08-31,,,LivePerson Inc,0.002345671285,2163916.86,1759282.0,1.23,US5381461012,538146101
2024-08-31,TLS,identifier,Telos Corp,0.005277074511,4868180.2,1333748.0,3.6500000000000004,US87969B1017,87969B101
2024-08-31,INTU,identifier,Intuit Inc,1.176484696706,1085324737.02,1722027.0,630.26,US4612021034,461202103
2024-08-31,EFOR,identifier,ASGN Inc,0.066022124486,60906397.76,633386.0,96.16,US00191U1025,00191U102
2024-08-31,AZPN,manual table,Aspen Technology Inc,0.085851971247,79199728.12,338258.0,234.14000000000001,US29109X1063,29109X106
2024-08-31,OSPN,identifier,OneSpan Inc,0.013232549197,12207224.64,757272.0,16.12,US68287N1000,68287N100
2024-08-31,AOSL,identifier,Alpha & Omega Semiconductor Ltd,0.025658913336,23670731.5,566150.0,41.81,BMG6331P1041,G6331P104
2024-08-31,MARA,identifier,Marathon Digital Holdings Inc,0.063739435594,58800583.1,3520993.0,16.7,US5657881067,565788106
2024-08-31,,,PowerSchool Holdings Inc,0.033583791023,30981549.75,1364225.0,22.71,US73939C1062,73939C106
2024-08-31,DV,identifier,DoubleVerify Holdings Inc,0.058484133738,53952488.5,2738705.0,19.7,US25862V1052,25862V105
2024-08-31,SWKS,identifier,Skyworks Solutions Inc,0.157787201543,145561054.47,1328233.0,109.59,US83088M1027,83088M102
2024-08-31,DLB,identifier,Dolby Laboratories Inc,0.060644341321,55945312.32,783987.0,71.36,US25659T1079,25659T107
2024-08-31,NXPI,identifier,NXP Semiconductors NV,0.46641784794,430277443.96,1678411.0,256.36,NL0009538784,N6596X109
2024-08-31,INTA,identifier,Intapp Inc,0.052060270349,48026378.4,1039532.0,46.199999999999996,US45827U1097,45827U109
2024-08-31,,,SecureWorks Corp,0.002515167592,2320279.74,278211.0,8.340000000000002,US81374A1051,81374A105
2024-08-31,RIOT,identifier,Riot Platforms Inc,0.039956886705,36860825.88,4895196.0,7.53,US7672921050,767292105
2024-08-31,MRVL,identifier,Marvell Technology Inc,0.46531496584,429260018.72,5630378.0,76.24000000000001,US5738741041,573874104
2024-08-31,TWLO,identifier,Twilio Inc,0.109140829087,100684047.96,1604271.0,62.76,US90138F1021,90138F102
2024-08-31,BRZE,identifier,Braze Inc,0.056364023672,51996655.24,1161158.0,44.78,US10576N1028,10576N102
2024-08-31,ADSK,identifier,Autodesk Inc,0.399132311317,368205529.6,1424944.0,258.40000000000003,US0527691069,052769106
2024-08-31,KEYS,identifier,Keysight Technologies Inc,0.212239260749,195793893.88,1270399.0,154.12,US49338L1035,49338L103
2024-08-31,,,Matterport Inc,0.032375176156,29866584.45,6593065.0,4.53,US5770961002,577096100
2024-08-31,ARLO,identifier,Arlo Technologies Inc,0.027402993513,25279671.56,2153294.0,11.74,US04206A1016,04206A101
2024-08-31,GTLB,identifier,Gitlab Inc,0.065347791403,60284315.4,1271821.0,47.4,US37637K1088,37637K108
2024-08-31,WDC,identifier,Western Digital Corp,0.173626676173,160173206.83,2442037.0,65.59,US9581021055,958102105
2024-08-31,GEN,identifier,Gen Digital Inc,0.144598212972,133394015.16,5041346.0,26.46,US6687711084,668771108
2024-08-31,CTS,identifier,CTS Corp,0.036834932326,33980776.25,689965.0,49.25,US1265011056,126501105
2024-08-31,S,identifier,SentinelOne Inc,0.080633424176,74385540.36,3157281.0,23.56,US81730H1095,81730H109
2024-08-31,DBD,identifier,Diebold Nixdorf Inc,0.01504314565,13877526.96,309628.0,44.82,US2536512021,253651202
2024-08-31,EXFY,identifier,Expensify Inc,0.002709897117,2499920.64,1077552.0,2.3200000000000003,US30219Q1067,30219Q106
2024-08-31,PATH,identifier,UiPath Inc,0.06084182937,56127498.0,4357725.0,12.88,US90364P1057,90364P105
2024-08-31,PLXS,identifier,Plexus Corp,0.071933743892,66359955.12,517992.0,128.10999999999999,US7291321005,729132100
2024-08-31,SPT,identifier,Sprout Social Inc,0.039549456045,36484965.0,1173150.0,31.1,US85209W1099,85209W109
2024-08-31,ORCL,identifier,Oracle Corp,1.549027125322,1429000701.95,10113955.0,141.29,US68389X1054,68389X105
2024-08-31,AUR,identifier,Aurora Innovation Inc,0.084627005534,78069678.92,16717276.0,4.67,US0517741072,051774107
2024-08-31,DELL,identifier,Dell Technologies Inc,0.232572799307,214551887.46,1856949.0,115.54,US24703L2025,24703L202
2024-08-31,ACMR,identifier,ACM Research Inc,0.020685765798,19082928.48,1057812.0,18.04,US00108J1097,00108J109
2024-08-31,INTC,identifier,Intel Corp,0.625971885485,577468431.08,26200927.0,22.040000000000003,US4581401001,458140100
2024-08-31,MPWR,identifier,Monolithic Power Systems Inc,0.341612146528,315142316.88,337166.0,934.68,US6098391054,609839105
2024-08-31,YOU,identifier,Clear Secure Inc,0.068828955717,63495741.57,2089363.0,30.39,US18467V1098,18467V109
2024-08-31,TYL,identifier,Tyler Technologies Inc,0.211480651417,195094065.42,331866.0,587.87,US9022521051,902252105
2024-08-31,CIFR,identifier,Cipher Mining Inc,0.015953986778,14717791.53,4193103.0,3.51,US17253J1060,17253J106
2024-08-31,KE,identifier,Kimball Electronics Inc,0.011783488865,10870444.8,589184.0,18.450000000000003,US49428J1097,49428J109
2024-08-31,ZBRA,identifier,Zebra Technologies Corp,0.159314002718,146969551.4,425530.0,345.38,US9892071054,989207105
2024-08-31,APP,identifier,AppLovin Corp,0.166035477421,153170212.39,1649297.0,92.86999999999999,US03831W1080,03831W108
2024-08-31,NTNX,identifier,Nutanix Inc,0.140645369913,129747458.29,2053291.0,63.190000000000005,US67059N1081,67059N108
2024-08-31,KLIC,identifier,Kulicke & Soffa Industries Inc,0.051142750727,47179952.82,1076922.0,43.81,US5012421013,501242101
2024-08-31,CIEN,identifier,Ciena Corp,0.100855117405,93040354.95,1613883.0,57.65,US1717793095,171779309
2024-08-31,DGII,identifier,Digi International Inc,0.027417378493,25292941.92,858552.0,29.46,US2537981027,253798102
2024-08-31,FFIV,identifier,F5 Inc,0.121215271487,111822901.75,550445.0,203.15,US3156161024,315616102
2024-08-31,PAR,identifier,PAR Technology Corp,0.046817671343,43190002.37,799963.0,53.989999999999995,US6988841036,698884103
2024-08-31,IOT,identifier,Samsara Inc,0.09290519943,85706436.66,2086838.0,41.07,US79589L1061,79589L106
2024-08-31,SMCI,"same company, other snapshot",Super Micro Computer Inc,0.172300123241,158949441.9,363147.0,437.7,US86800U1043,86800U104
2024-08-31,ADTN,identifier,ADTRAN Holdings Inc,0.010729418938,9898049.52,1773844.0,5.58,US00486H1059,00486H105
2024-08-31,AEVA,identifier,Aeva Technologies Inc,0.001773915291,1636463.4,495898.0,3.3,US00835Q2021,00835Q202
2024-08-31,AMKR,identifier,Amkor Technology Inc,0.064109808123,59142257.3,1797637.0,32.9,US0316521006,031652100
2024-08-31,MANH,identifier,Manhattan Associates Inc,0.148936312611,137395976.99,519593.0,264.43,US5627501092,562750109
2024-08-31,APPN,identifier,Appian Corp,0.029730698628,27427014.36,845469.0,32.44,US03782L1017,03782L101
2024-08-31,SYNA,identifier,Synaptics Inc,0.056238816424,51881149.68,637204.0,81.42,US87157D1090,87157D109
2024-08-31,VSAT,identifier,Viasat Inc,0.025142346539,23194190.9,1477337.0,15.7,US92552V1008,92552V100
2024-08-31,QRVO,identifier,Qorvo Inc,0.116833691914,107780829.03,930027.0,115.89,US74736K1016,74736K101
2024-08-31,RXT,identifier,Rackspace Technology Inc,0.003225422803,2975500.8,1293696.0,2.3,US7501021056,750102105
2024-08-31,ANSS,manual table,ANSYS Inc,0.216981634774,200168804.88,622764.0,321.42,US03662Q1058,03662Q105
2024-08-31,ZETA,identifier,Zeta Global Holdings Corp,0.106360319879,98118986.61,3715221.0,26.41,US98956A1051,98956A105
2024-08-31,DDOG,identifier,Datadog Inc,0.240942137676,222272727.34,1911859.0,116.26,US23804L1035,23804L103
2024-08-31,SANM,identifier,Sanmina Corp,0.068056201173,62782863.94,904913.0,69.38,US8010561020,801056102
2024-08-31,,,Enfusion Inc,0.007599879132,7011002.22,845718.0,8.29,US2928121043,292812104
2024-08-31,PRO,identifier,PROS Holdings Inc,0.02042002084,18837774.78,935806.0,20.130000000000003,US74346Y1038,74346Y103
2024-08-31,TEL,"same company, other snapshot",TE Connectivity Ltd,0.344497150268,317803776.0,2069035.0,153.6,CH0102993182,H84989104
2024-08-31,,,MeridianLink Inc,0.013339754775,12306123.39,539033.0,22.830000000000002,US58985J1051,58985J105
2024-08-31,VNT,identifier,Vontier Corp,0.067758540624,62508267.63,1784421.0,35.03,US9288811014,928881101
2024-08-31,EVLV,identifier,Evolv Technologies Holdings Inc,0.010950267583,10101785.7,2563905.0,3.9399999999999995,US30049H1023,30049H102
2024-08-31,VYX,identifier,NCR Voyix Corp,0.047233288016,43573414.97,3230053.0,13.49,US62886E1082,62886E108
2024-08-31,WULF,identifier,Terawulf Inc,0.025255012051,23298126.52,5343607.0,4.36,US88080T1043,88080T104
2024-08-31,DXC,identifier,DXC Technology Co,0.073950257199,68220218.82,3300446.0,20.669999999999998,US23355L1061,23355L106
2024-08-31,HUBS,identifier,HubSpot Inc,0.184770299331,170453365.94,341542.0,499.07,US4435731009,443573100
2024-08-31,TCX,identifier,Tucows Inc,0.005098839342,4703755.59,219699.0,21.41,US8986972060,898697206
2024-08-31,MCHP,identifier,Microchip Technology Inc,0.320562012526,295723253.28,3599358.0,82.16,US5950171042,595017104
2024-08-31,NTCT,identifier,NetScout Systems Inc,0.03895109541,35932968.36,1672857.0,21.48,US64115T1043,64115T104
2024-08-31,QLYS,identifier,Qualys Inc,0.06277190641,57908022.95,462635.0,125.17,US74758T3032,74758T303
2024-08-31,AEHR,identifier,Aehr Test Systems,0.010724631991,9893633.49,650469.0,15.21,US00760J1088,00760J108
2024-08-31,FROG,identifier,JFrog Ltd,0.049129167064,45322391.76,1632651.0,27.759999999999998,IL0011684185,M6191J100
2024-08-31,CLSK,identifier,Cleanspark Inc,0.037644250461,34727384.34,3248586.0,10.690000000000001,US18452B2097,18452B209
2024-08-31,MKSI,identifier,MKS Instruments Inc,0.086832540371,80104317.81,671847.0,119.23,US55306N1046,55306N104
2024-08-31,P,identifier,Pure Storage Inc,0.13441225788,123997319.17,2417573.0,51.29,US74624M1027,74624M102
2024-08-31,,,Infinera Corp,0.033542256543,30943233.57,4919433.0,6.29,US45667G1031,45667G103
2024-08-31,DOCN,identifier,DigitalOcean Holdings Inc,0.052098428396,48061579.77,1284039.0,37.43,US25402D1028,25402D102
2024-08-31,SMTC,identifier,Semtech Corp,0.072279501947,66678922.1,1521655.0,43.82,US8168501018,816850101
2024-08-31,RMBS,identifier,Rambus Inc,0.060164609179,55502752.24,1241117.0,44.72,US7509171069,750917106
2024-08-31,STX,identifier,Seagate Technology Holdings PLC,0.16987076747,156708324.85,1574167.0,99.55,IE00BKVD2N49,G7997R103
2024-08-31,DT,identifier,Dynatrace Inc,0.128345490606,118400635.58,2339009.0,50.62,US2681501092,268150109
2024-08-31,JNPR,manual table,Juniper Networks Inc,0.123713099643,114127185.6,2935370.0,38.879999999999995,US48203R1041,48203R104
2024-08-31,SITM,identifier,SiTime Corp,0.062592151418,57742196.28,399158.0,144.66,US82982T1060,82982T106
2024-08-31,ACIW,identifier,ACI Worldwide Inc,0.092502640865,85335070.36,1694501.0,50.36,US0044981019,004498101
2024-08-31,NABL,identifier,N-able Inc/US,0.024272929466,22392140.64,1741224.0,12.860000000000001,US62878D1000,62878D100
2024-08-31,WOLF,SEC company list,Wolfspeed Inc,0.022583265393,20833400.25,2136759.0,9.75,US9778521024,977852102
2024-08-31,BL,identifier,BlackLine Inc,0.05260792591,48531598.85,979447.0,49.550000000000004,US09239B1098,09239B109
2024-08-31,AVPT,identifier,AvePoint Inc,0.032581426795,30056853.75,2602325.0,11.55,US0536041041,053604104
2024-08-31,ATEN,identifier,A10 Networks Inc,0.024943371989,23010633.9,1671070.0,13.77,US0021211018,002121101
2024-08-31,CDNS,identifier,Cadence Design Systems Inc,0.503885603281,464842008.91,1728487.0,268.93,US1273871087,127387108
2024-08-31,ROP,identifier,Roper Technologies Inc,0.418304424411,385892090.81,696041.0,554.41,US7766961061,776696106
2024-08-31,COHR,identifier,Coherent Corp,0.131347548653,121170079.05,1554459.0,77.95,US19247G1076,19247G107
2024-08-31,LSCC,identifier,Lattice Semiconductor Corp,0.066721533933,61551613.44,1299654.0,47.36,US5184151042,518415104
2024-08-31,,,HashiCorp Inc,0.076008988315,70119429.08,2065982.0,33.94,US4181001037,418100103
2024-08-31,FORM,identifier,FormFactor Inc,0.065947336746,60837404.95,1247435.0,48.77,US3463751087,346375108
2024-08-31,ZM,identifier,Zoom Video Communications Inc,0.150878456816,139187634.08,2014876.0,69.08000000000001,US98980L1017,98980L101
2024-08-31,BMI,identifier,Badger Meter Inc,0.080592681488,74347954.62,359273.0,206.94000000000003,US0565251081,056525108
2024-08-31,HPE,identifier,Hewlett Packard Enterprise Co,0.202632613865,186931618.38,9650574.0,19.37,US42824C1099,42824C109
2024-08-31,CEVA,identifier,CEVA Inc,0.014507767992,13383633.06,559049.0,23.94,US1572101053,157210105
2024-08-31,BSY,identifier,Bentley Systems Inc,0.105984691132,97772463.47,1899601.0,51.47,US08265T2087,08265T208
2024-08-31,FTNT,identifier,Fortinet Inc,0.370620286666,341902760.22,4457082.0,76.71000000000001,US34959E1091,34959E109
2024-08-31,ADEA,identifier,Adeia Inc,0.034909956667,32204957.4,2555949.0,12.6,US00676P1075,00676P107
2024-08-31,ASAN,identifier,Asana Inc,0.030019708726,27693630.5,1969675.0,14.06,US04342Y1047,04342Y104
2024-08-31,CRNC,identifier,Cerence Inc,0.003500515252,3229277.7,978569.0,3.3000000000000003,US1567271093,156727109
2024-08-31,ITRI,identifier,Itron Inc,0.070386276006,64932392.84,635222.0,102.22,US4657411066,465741106
2024-08-31,RPD,identifier,Rapid7 Inc,0.053027121799,48918313.33,1293793.0,37.809999999999995,US7534221046,753422104
2024-08-31,,,Envestnet Inc,0.052708192739,48624096.5,774886.0,62.75,US29404K1060,29404K106
2024-08-31,ENPH,identifier,Enphase Energy Inc,0.146592085584,135233392.48,1117262.0,121.03999999999999,US29355A1079,29355A107
2024-08-31,NVTS,identifier,Navitas Semiconductor Corp,0.009703313761,8951452.14,2964057.0,3.02,US63942X1063,63942X106
2024-08-31,KVYO,identifier,Klaviyo Inc,0.046581324684,42971969.04,1365924.0,31.46,US49845K1016,49845K101
2024-08-31,VRSN,identifier,VeriSign Inc,0.147184992737,135780358.2,738338.0,183.89999999999998,US92343E1029,92343E102
2024-08-31,HUCK,identifier,Domo Inc,0.006289540809,5802195.51,776733.0,7.47,US2575541055,257554105
2024-08-31,AMPL,identifier,Amplitude Inc,0.016903427453,15593664.76,1769996.0,8.81,US03213A1043,03213A104
2024-08-31,MEI,identifier,Methode Electronics Inc,0.009054883953,8353265.94,801657.0,10.42,US5915202007,591520200
2024-08-31,DIOD,identifier,Diodes Inc,0.057468274758,53015343.39,760731.0,69.69,US2545431015,254543101
2024-08-31,OUST,identifier,Ouster Inc,0.005933507462,5473749.42,772038.0,7.09,US68989M2026,68989M202
2024-08-31,UIS,identifier,Unisys Corp,0.009169826143,8459301.83,1529711.0,5.53,US9092143067,909214306
2024-08-31,CFLT,manual table,Confluent Inc,0.053442410466,49301423.34,2323347.0,21.220000000000002,US20717M1036,20717M103
2024-08-31,EGHT,identifier,8x8 Inc,0.005031851995,4641958.76,2469127.0,1.88,US2829141009,282914100
2024-08-31,QCOM,identifier,QUALCOMM Inc,1.306033745352,1204835672.9,6872993.0,175.3,US7475251036,747525103
2024-08-31,FSLY,identifier,Fastly Inc,0.019597852474,18079312.16,3003208.0,6.0200000000000005,US31188V1008,31188V100
2024-08-31,NOVT,identifier,Novanta Inc,0.085953250254,79293159.52,432634.0,183.28,CA67000B1040,67000B104
2024-08-31,TXN,identifier,Texas Instruments Inc,1.301761780109,1200894721.04,5602756.0,214.34,US8825081040,882508104
2024-08-31,ROG,identifier,Rogers Corp,0.046002224852,42437740.78,395653.0,107.26,US7751331015,775133101
2024-08-31,BILL,identifier,BILL Holdings Inc,0.071762653767,66202121.92,1213382.0,54.56,US0900431000,090043100
2024-08-31,NN,identifier,NextNav Inc,0.006636882611,6122623.52,798256.0,7.669999999999999,US65345N1063,65345N106
2024-08-31,LASR,identifier,nLight Inc,0.013673750951,12614239.86,1056469.0,11.94,US65487K1007,65487K100
2024-08-31,BLND,identifier,Blend Labs Inc,0.015909615627,14676858.48,3999144.0,3.67,US09352U1088,09352U108
2024-08-31,POWI,identifier,Power Integrations Inc,0.062132937533,57318564.6,854226.0,67.10000000000001,US7392761034,739276103
2024-08-31,BOX,identifier,Box Inc,0.077055113915,71084495.6,2180506.0,32.599999999999994,US10316T1043,10316T104
2024-08-31,YEXT,identifier,Yext Inc,0.013805583079,12735856.97,2502133.0,5.09,US98585N1063,98585N106
2024-08-31,CRM,identifier,Salesforce Inc,1.627869922815,1501734362.4,5938056.0,252.9,US79466L3024,79466L302
2024-08-31,PMTS,identifier,CPI Card Group Inc,0.003382414511,3120328.0,108950.0,28.64,US12634H2004,12634H200
2024-08-31,RAMP,identifier,LiveRamp Holdings Inc,0.041336798371,38133815.04,1471212.0,25.919999999999998,US53815P1084,53815P108
2024-08-31,XRX,identifier,Xerox Holdings Corp,0.034143263976,31497671.92,2780024.0,11.33,US98421M1062,98421M106
2024-08-31,,,E2open Parent Holdings Inc,0.019385366728,17883290.88,3991806.0,4.4799999999999995,US29788T1034,29788T103
2024-08-31,IONQ,identifier,IonQ Inc,0.033548263936,30948775.48,4170994.0,7.42,US46222L1089,46222L108
2024-08-31,,,FARO Technologies Inc,0.00877689178,8096814.0,449823.0,18.0,US3116421021,311642102
2024-08-31,OKTA,identifier,Okta Inc,0.110292241478,101746243.12,1292344.0,78.73,US6792951054,679295105
2024-08-31,MSTR,identifier,MicroStrategy Inc,0.180746707793,166741542.54,1259187.0,132.42,US5949724083,594972408
2024-08-31,TDY,identifier,Teledyne Technologies Inc,0.171676894434,158374504.0,365930.0,432.8,US8793601050,879360105
2024-08-31,CCSI,identifier,Consensus Cloud Solutions Inc,0.011274772758,10401146.58,431762.0,24.09,US20848V1052,20848V105
2024-08-31,ACN,identifier,Accenture PLC,1.421163405145,1311044506.8,3834024.0,341.95,IE00B4BNMY34,G1151C101
2024-08-31,CRUS,identifier,Cirrus Logic Inc,0.113245487483,104470656.75,717075.0,145.69,US1727551004,172755100
2024-08-31,CNXN,identifier,PC Connection Inc,0.022175875221,20457576.72,279934.0,73.08,US69318J1007,69318J100
2024-08-31,BLKB,identifier,Blackbaud Inc,0.062941668263,58064630.8,694553.0,83.6,US09227Q1004,09227Q100
2024-08-31,,,Jamf Holding Corp,0.023999896344,22140263.5,1196771.0,18.5,US47074L1052,47074L105
2024-08-31,PEGA,identifier,Pegasystems Inc,0.062987210636,58106644.32,819789.0,70.88,US7055731035,705573103
2024-08-31,PANW,identifier,Palo Alto Networks Inc,0.793291356269,731823146.56,2017598.0,362.71999999999997,US6974351057,697435105
2024-08-31,AVT,identifier,Avnet Inc,0.074584564374,68805376.68,1246926.0,55.18000000000001,US0538071038,053807103
2024-08-31,MITK,identifier,Mitek Systems Inc,0.011137244604,10274274.8,1102390.0,9.32,US6067102003,606710200
2024-08-31,,,Informatica Inc,0.040655457845,37505268.21,1505631.0,24.91,US45674M1018,45674M101
2024-08-31,COHU,identifier,Cohu Inc,0.032357021784,29849836.77,1109247.0,26.91,US1925761066,192576106
2024-08-31,TENB,identifier,Tenable Holdings Inc,0.067582251289,62345638.08,1510311.0,41.28,US88025T1025,88025T102
2024-08-31,ALRM,identifier,Alarm.com Holdings Inc,0.051406550763,47423312.3,796495.0,59.54,US0116421050,011642105
2024-08-31,,,Smartsheet Inc,0.087356137504,80587344.0,1651380.0,48.8,US83200N1037,83200N103
2024-08-31,BELFB,identifier,Bel Fuse Inc,0.01536396269,14173485.48,208956.0,67.83,US0773473006,077347300
2024-08-31,VSH,identifier,Vishay Intertechnology Inc,0.050596976035,46676467.5,2316450.0,20.15,US9282981086,928298108
2024-08-31,KLAC,identifier,KLA Corp,0.763614652797,704445943.54,859678.0,819.43,US4824801009,482480100
2024-08-31,PLAB,identifier,Photronics Inc,0.041854144581,38611074.66,1493081.0,25.859999999999996,US7194051022,719405102
2024-08-31,HLIT,identifier,Harmonic Inc,0.039238953331,36198521.6,2505088.0,14.450000000000001,US4131601027,413160102
2024-08-31,CDW,identifier,CDW Corp/DE,0.231006851829,213107277.48,944457.0,225.64,US12514G1085,12514G108
2024-08-31,FN,identifier,Fabrinet,0.109783607756,101277020.9,415666.0,243.65,KYG3323L1005,G3323L100
2024-08-31,KN,identifier,Knowles Corp,0.042262194482,38987506.8,2113144.0,18.45,US49926D1090,49926D109
2024-08-31,HPQ,identifier,HP Inc,0.268576196904,247765560.48,6848136.0,36.18,US40434L1052,40434L105
2024-08-31,PI,identifier,Impinj Inc,0.077060527811,71089490.0,422900.0,168.1,US4532041096,453204109
2024-08-31,CRWD,identifier,Crowdstrike Holdings Inc,0.441550041402,407336520.32,1469044.0,277.28,US22788C1053,22788C105
2024-08-31,IBM,identifier,International Business Machines Corp,1.230218818474,1134895268.4,5614680.0,202.13000000000002,US4592001014,459200101
2024-08-31,EXTR,identifier,Extreme Networks Inc,0.051783845402,47771372.25,3033103.0,15.75,US30226D1063,30226D106
2024-08-31,GLW,identifier,Corning Inc,0.266453743332,245807565.3,5873538.0,41.85,US2193501051,219350105
2024-08-31,WEAV,identifier,Weave Communications Inc,0.010220394609,9428466.96,835857.0,11.280000000000001,US94724R1086,94724R108
2024-08-31,CXT,identifier,Crane NXT Co,0.05503884572,50774158.75,864241.0,58.75,US2244411052,224441105
2024-08-31,NCNO,identifier,nCino Inc,0.048063277058,44339092.28,1479943.0,29.96,US63947X1019,63947X101
2024-08-31,,,Squarespace Inc,0.061789530811,57001766.76,1253337.0,45.48,US85225A1079,85225A107
2024-08-31,APPS,identifier,Digital Turbine Inc,0.007549267898,6964312.6,2162830.0,3.2199999999999998,US25400W1027,25400W102
2024-08-31,MU,identifier,Micron Technology Inc,0.723979190233,667881636.24,6939751.0,96.24,US5951121038,595112103
2024-08-31,PTC,identifier,PTC Inc,0.174387150852,160874756.1,898290.0,179.09,US69370C1009,69370C100
2024-08-31,MSI,identifier,Motorola Solutions Inc,0.517971913904,477836841.24,1080981.0,442.04,US6200763075,620076307
2024-08-31,BDC,identifier,Belden Inc,0.075773455008,69902146.08,651586.0,107.28,US0774541066,077454106
2024-08-31,AMAT,identifier,Applied Materials Inc,1.105507936511,1019847613.68,5170068.0,197.26,US0382221051,038222105
2024-08-31,AI,identifier,C3.ai Inc,0.054943113343,50685844.2,2171630.0,23.34,US12468P1049,12468P104
2024-08-31,FICO,identifier,Fair Isaac Corp,0.329291767445,303776582.82,175566.0,1730.27,US3032501047,303250104
2024-08-31,ALTR,manual table,Altair Engineering Inc,0.071842429991,66275716.68,733463.0,90.36,US0213691035,021369103
2024-08-31,NVDA,identifier,NVIDIA Corp,14.24769678428,13143713478.66,110109018.0,119.37,US67066G1040,67066G104
2024-08-31,APPF,identifier,Appfolio Inc,0.068194649095,62910584.22,271178.0,231.99,US03783C1009,03783C100
2024-08-31,MASS,identifier,908 Devices Inc,0.002594681869,2393632.85,605983.0,3.95,US65443P1021,65443P102
2024-08-31,IDCC,identifier,InterDigital Inc,0.074862490836,69061768.0,498425.0,138.56,US45867G1013,45867G101
2024-08-31,LFUS,identifier,Littelfuse Inc,0.086712218843,79993319.4,293877.0,272.20000000000005,US5370081045,537008104
2024-08-31,FRSH,identifier,Freshworks Inc,0.045599740259,42066442.72,3601579.0,11.68,US3580541049,358054104
2024-08-31,PLTR,identifier,Palantir Technologies Inc,0.439178256134,405148512.92,12870029.0,31.48,US69608A1088,69608A108
2024-08-31,,,Couchbase Inc,0.019741185542,18211539.06,928213.0,19.619999999999997,US22207T1016,22207T101
2024-08-31,UCTT,identifier,Ultra Clean Holdings Inc,0.043007584993,39675140.7,1052391.0,37.7,US90385V1070,90385V107
2024-08-31,WDAY,identifier,Workday Inc,0.393766080301,363255101.19,1380201.0,263.19,US98138H1014,98138H101
2024-08-31,BELFA,identifier,Bel Fuse Inc,0.006083497809,5612117.76,65136.0,86.16,US0773472016,077347201
2024-08-31,SNX,identifier,TD SYNNEX Corp,0.101281722138,93433904.2,769510.0,121.42,US87162W1009,87162W100
2024-08-31,LWLG,identifier,Lightwave Logic Inc,0.008963975628,8269401.65,2803187.0,2.95,US5322751042,532275104
2024-08-31,SLAB,identifier,Silicon Laboratories Inc,0.060282906382,55611883.18,469814.0,118.37,US8269191024,826919102
2024-08-31,DOCU,identifier,DocuSign Inc,0.115593631497,106636854.74,1800994.0,59.209999999999994,US2561631068,256163106
2024-08-31,VERX,identifier,Vertex Inc,0.055556387049,51251598.37,1324673.0,38.69,US92538J1060,92538J106
2024-08-31,VRNS,identifier,Varonis Systems Inc,0.089053026186,82152749.2,1451462.0,56.6,US9222801022,922280102
2024-08-31,FSLR,identifier,First Solar Inc,0.195041846747,179929022.13,791349.0,227.37,US3364331070,336433107
2024-08-31,CCC,identifier,CCC Intelligent Solutions Holdings Inc,0.057190285218,52758893.88,4894146.0,10.780000000000001,US12510Q1004,12510Q100
2024-08-31,PDFS,identifier,PDF Solutions Inc,0.024868247137,22941330.1,727142.0,31.55,US6932821050,693282105
2024-08-31,ICHR,identifier,Ichor Holdings Ltd,0.026100904541,24078475.0,776725.0,31.0,KYG4740B1059,G4740B105
2024-08-31,AGYS,identifier,Agilysys Inc,0.066353866141,61212434.4,541224.0,113.1,US00847J1051,00847J105
2024-08-31,CMRC,identifier,BigCommerce Holdings Inc,0.00974821391,8992873.2,1534620.0,5.859999999999999,US08975P1084,08975P108
2024-08-31,NTAP,identifier,NetApp Inc,0.203482462258,187715616.24,1554967.0,120.72000000000001,US64110D1046,64110D104
2024-08-31,ZS,identifier,Zscaler Inc,0.158214239137,145955003.04,729848.0,199.98,US98980G1022,98980G102
2024-08-31,AEIS,identifier,Advanced Energy Industries Inc,0.067277679134,62064665.71,585019.0,106.09,US0079731008,007973100
2024-08-31,,,Thoughtworks Holding Inc,0.012540221793,11568542.25,2659435.0,4.35,US88546E1055,88546E105
2024-08-31,CRDO,identifier,Credo Technology Group Holding Ltd,0.100477599929,92692089.43,2655173.0,34.910000000000004,KYG254571055,G25457105
2024-08-31,,,SEMrush Holdings Inc,0.01065575197,9830090.64,715436.0,13.74,US81686C1045,81686C104
2024-08-31,OLED,identifier,Universal Display Corp,0.101417547274,93559204.92,482961.0,193.72,US91347P1057,91347P105
2024-08-31,VPG,identifier,Vishay Precision Group Inc,0.008682568161,8009799.05,290105.0,27.61,US92835K1034,92835K103
2024-08-31,FIVN,identifier,Five9 Inc,0.038779043339,35774247.75,1109279.0,32.25,US3383071012,338307101
2024-08-31,ALKT,identifier,Alkami Technology Inc,0.041197416155,38005232.86,1139929.0,33.339999999999996,US01644J1088,01644J108
2024-08-31,ONTO,identifier,Onto Innovation Inc,0.110271666072,101727262.0,477100.0,213.22,US6833441057,683344105
2024-08-31,HCKT,identifier,Hackett Group Inc/The,0.016800986014,15499161.0,584874.0,26.5,US4046091090,404609109
2024-08-31,U,identifier,Unity Software Inc,0.058765572262,54212119.75,3311675.0,16.37,US91332U1016,91332U101
2024-08-31,FLEX,identifier,Flex Ltd,0.132625233717,122348762.64,3765736.0,32.49,SG9999000020,Y2573F102
2024-08-31,AVGO,identifier,Broadcom Inc,4.772667627309,4402857301.92,27041256.0,162.82,US11135F1012,11135F101
2024-08-31,,,Zuora Inc,0.029421934824,27142175.13,3087847.0,8.79,US98983V1061,98983V106
2024-08-31,MX,identifier,Magnachip Semiconductor Corp,0.004699068797,4334961.28,918424.0,4.720000000000001,US55933J2033,55933J203
2024-08-31,VISN,identifier,CommScope Holding Co Inc,0.021035470456,19405536.26,5027341.0,3.8600000000000003,US20337X1090,20337X109
2024-08-31,CSCO,identifier,Cisco Systems Inc,1.362968607461,1257358935.14,24878491.0,50.540000000000006,US17275R1023,17275R102
2024-08-31,SCSC,identifier,ScanSource Inc,0.032732325843,30196060.38,592777.0,50.94,US8060371072,806037107
2024-08-31,DBX,identifier,Dropbox Inc,0.081066396275,74784963.6,2974740.0,25.139999999999997,US26210C1045,26210C104
2024-08-31,PD,identifier,PagerDuty Inc,0.044513219173,41064110.76,2076042.0,19.779999999999998,US69553P1003,69553P100
2024-08-31,ANET,"same company, other snapshot",Arista Networks Inc,0.649579666196,599246962.04,1695758.0,353.38,US0404131064,040413106
2024-08-31,TDC,identifier,Teradata Corp,0.050495729526,46583066.08,1649542.0,28.24,US88076W1036,88076W103
2024-08-31,,,Perficient Inc,0.067142955,61940380.68,824004.0,75.17,US71375U1016,71375U101
2024-08-31,RNG,identifier,RingCentral Inc,0.057023326886,52604872.32,1578304.0,33.33,US76680R2067,76680R206
2024-08-31,CTSH,identifier,Cognizant Technology Solutions Corp,0.29206068729,269430354.27,3464451.0,77.77,US1924461023,192446102
2024-08-31,GWRE,identifier,Guidewire Software Inc,0.12386800513,114270088.23,768099.0,148.77,US40171V1008,40171V100
2024-08-31,NTGR,identifier,NETGEAR Inc,0.011737257647,10827795.81,667147.0,16.23,US64111Q1040,64111Q104
2024-08-31,MXL,identifier,MaxLinear Inc,0.030176659395,27838419.84,1833888.0,15.18,US57776J1007,57776J100
2024-08-31,CRSR,identifier,Corsair Gaming Inc,0.008303730642,7660315.77,1099041.0,6.97,US22041X1028,22041X102
2024-08-31,AKAM,identifier,Akamai Technologies Inc,0.13989851264,129058471.28,1267267.0,101.84,US00971T1016,00971T101
2024-08-31,ENTG,identifier,Entegris Inc,0.145575827445,134295879.14,1159022.0,115.86999999999999,US29362U1043,29362U104
2024-08-31,SPSC,identifier,SPS Commerce Inc,0.090984695232,83934742.8,420220.0,199.73999999999998,US78463M1071,78463M107
2024-08-31,AMBA,identifier,Ambarella Inc,0.059344526178,54746213.4,917022.0,59.699999999999996,KYG037AX1015,G037AX101
2024-08-31,VIAV,identifier,Viavi Solutions Inc,0.048933639601,45142014.75,5242975.0,8.61,US9255501051,925550105
2024-08-31,GDYN,identifier,Grid Dynamics Holdings Inc,0.020295483478,18722887.2,1345035.0,13.92,US39813G1094,39813G109
2024-11-30,OSIS,identifier,OSI Systems Inc,0.064665133934,63278580.0,356700.0,177.4,US6710441055,671044105
2024-11-30,MVIS,SEC company list,MicroVision Inc,0.004358086468,4264640.1,4738489.0,0.8999999999999999,US5949603048,594960304
2024-11-30,,,Clearwater Analytics Holdings Inc,0.106174114713,103897522.56,3347214.0,31.04,US1851231068,185123106
2024-11-30,MIR,identifier,Mirion Technologies Inc,0.074870919807,73265532.76,4342948.0,16.87,US60471A1016,60471A101
2024-11-30,TER,identifier,Teradyne Inc,0.150697147875,147465890.0,1340599.0,110.0,US8807701029,880770102
2024-11-30,SNPS,identifier,Synopsys Inc,0.558296559826,546325529.31,978219.0,558.4899999999999,US8716071076,871607107
2024-11-30,IT,identifier,Gartner Inc,0.296106100286,289756974.36,559452.0,517.9300000000001,US3666511072,366651107
2024-11-30,WK,identifier,Workiva Inc,0.098526653807,96414039.0,991404.0,97.25,US98139A1051,98139A105
2024-11-30,ACLS,identifier,Axcelis Technologies Inc,0.054268996082,53105356.8,715320.0,74.24,US0545402085,054540208
2024-11-30,RMNI,identifier,Rimini Street Inc,0.002540230341,2485762.56,1150816.0,2.16,US76674Q1076,76674Q107
2024-11-30,BHE,identifier,Benchmark Electronics Inc,0.040402241013,39535933.58,815342.0,48.489999999999995,US08160H1014,08160H101
2024-11-30,MTSI,identifier,MACOM Technology Solutions Holdings Inc,0.115634783313,113155334.9,851945.0,132.82,US55405Y1001,55405Y100
2024-11-30,CVLT,identifier,Commvault Systems Inc,0.110440428843,108072358.11,629829.0,171.59,US2041661024,204166102
2024-11-30,DMRC,SEC company list,Digimarc Corp,0.012704967219,12432546.5,366850.0,33.89,US25381B1017,25381B101
2024-11-30,ARW,identifier,Arrow Electronics Inc,0.093814538285,91802960.96,764006.0,120.16,US0427351004,042735100
2024-11-30,ALGM,identifier,Allegro MicroSystems Inc,0.06078690309,59483506.43,2737391.0,21.73,US01749D1054,01749D105
2024-11-30,,,ON24 Inc,0.003885646061,3802329.79,575239.0,6.61,US68339B1044,68339B104
2024-11-30,MDB,identifier,MongoDB Inc,0.211656589141,207118235.03,642247.0,322.49,US60937P1066,60937P106
2024-11-30,,,Verint Systems Inc,0.036127552898,35352903.6,1402893.0,25.2,US92343X1000,92343X100
2024-11-30,NSSC,identifier,Napco Security Technologies Inc,0.033510178243,32791650.86,835882.0,39.23,US6304021057,630402105
2024-11-30,GDDY,identifier,GoDaddy Inc,0.233615872917,228606666.44,1157092.0,197.57,US3802371076,380237107
2024-11-30,LAW,identifier,CS Disco Inc,0.003320533164,3249334.08,548874.0,5.92,US1263271058,126327105
2024-11-30,HUT,identifier,Hut 8 Corp,0.052294508391,51173206.2,1826310.0,28.020000000000003,US44812J1043,44812J104
2024-11-30,INDI,identifier,indie Semiconductor Inc,0.019540282383,19121298.4,3656080.0,5.2299999999999995,US45569U1016,45569U101
2024-11-30,CGNX,identifier,Cognex Corp,0.102002654721,99815507.28,2496636.0,39.980000000000004,US1924221039,192422103
2024-11-30,TEAM,identifier,Atlassian Corp,0.316448044923,309662745.72,1174834.0,263.58000000000004,US0494681010,049468101
2024-11-30,AAPL,identifier,Apple Inc,16.22264686437,15874799833.53,66889141.0,237.33,US0378331005,037833100
2024-11-30,,,SolarWinds Corp,0.015750703082,15412975.5,1154530.0,13.35,US83417Q2049,83417Q204
2024-11-30,SNOW,identifier,Snowflake Inc,0.386033617088,377756259.6,2161077.0,174.8,US8334451098,833445109
2024-11-30,JBL,identifier,Jabil Inc,0.147047223054,143894227.1,1059370.0,135.82999999999998,US4663131039,466313103
2024-11-30,CXM,identifier,Sprinklr Inc,0.020855506217,20408321.12,2476738.0,8.24,US85208T1079,85208T107
2024-11-30,,,Olo Inc,0.017105588696,16738809.57,2296133.0,7.29,US68134L1098,68134L109
2024-11-30,ADI,identifier,Analog Devices Inc,0.68828593848,673527667.4,3088868.0,218.04999999999998,US0326541051,032654105
2024-11-30,QTWO,identifier,Q2 Holdings Inc,0.106446145576,104163720.52,994498.0,104.74,US74736L1098,74736L109
2024-11-30,XPER,identifier,Xperi Inc,0.00900150289,8808492.09,930147.0,9.47,US98423J1016,98423J101
2024-11-30,CALX,identifier,Calix Inc,0.044531548355,43576700.05,1339585.0,32.53,US13100M5094,13100M509
2024-11-30,TTMI,identifier,TTM Technologies Inc,0.057516501664,56283229.16,2308582.0,24.38,US87305R1095,87305R109
2024-11-30,KD,identifier,Kyndryl Holdings Inc,0.129900469723,127115135.55,3662205.0,34.71,US50155Q1004,50155Q100
2024-11-30,,,Logility Supply Chain Solutions Inc,0.00774959963,7583432.22,720174.0,10.53,US0296831094,029683109
2024-11-30,RBBN,identifier,Ribbon Communications Inc,0.008747832329,8560260.75,2189325.0,3.91,US7625441040,762544104
2024-11-30,PCOR,identifier,Procore Technologies Inc,0.124977034357,122297268.8,1506124.0,81.2,US74275K1088,74275K108
2024-11-30,AMD,identifier,Advanced Micro Devices Inc,1.352860030616,1323851919.38,9650825.0,137.1750000005181,US0079031078,007903107
2024-11-30,NSIT,identifier,Insight Enterprises Inc,0.071698620503,70161254.1,448458.0,156.45,US45765U1034,45765U103
2024-11-30,SEDG,identifier,SolarEdge Technologies Inc,0.021182291038,20728099.0,1311905.0,15.8,US83417M1045,83417M104
2024-11-30,APH,identifier,Amphenol Corp,0.573087996802,560799807.35,7719199.0,72.65,US0320951017,032095101
2024-11-30,VECO,identifier,Veeco Instruments Inc,0.03667261247,35886275.97,1287631.0,27.869999999999997,US9224171002,922417100
2024-11-30,PRGS,identifier,Progress Software Corp,0.067931757046,66475159.97,971717.0,68.41,US7433121008,743312100
2024-11-30,MSFT,identifier,Microsoft Corp,13.08086476546,12800384027.18,30228083.0,423.46000000000004,US5949181045,594918104
2024-11-30,IPGP,identifier,IPG Photonics Corp,0.051821712552,50710548.08,649802.0,78.03999999999999,US44980X1090,44980X109
2024-11-30,NOW,identifier,ServiceNow Inc,1.322410223567,1294055019.04,1233091.0,1049.44,US81762P1021,81762P102
2024-11-30,PENG,"same company, other snapshot",Penguin Solutions Inc,0.022239620912,21762757.54,1199711.0,18.14,KYG8232Y1017,G8232Y101
2024-11-30,LITE,identifier,Lumentum Holdings Inc,0.102680825901,100479137.07,1155331.0,86.97,US55024U1097,55024U109
2024-11-30,DJCO,identifier,Daily Journal Corp,0.000481694371,471365.85,835.0,564.51,US2339121046,233912104
2024-11-30,ESTC,identifier,Elastic NV,0.115346895055,112873619.56,1031186.0,109.46000000000001,NL0013056914,N14506104
2024-11-30,EPAM,identifier,EPAM Systems Inc,0.147885536157,144714565.04,593287.0,243.92,US29414B1044,29414B104
2024-11-30,NET,identifier,Cloudflare Inc,0.248391613705,243065584.85,2434795.0,99.83,US18915M1071,18915M107
2024-11-30,SOUN,identifier,SoundHound AI Inc,0.060921822583,59615532.97,6403387.0,9.31,US8361001071,836100107
2024-11-30,TRMB,identifier,Trimble Inc,0.172580349667,168879870.78,2314374.0,72.97,US8962391004,896239100
2024-11-30,PLUS,identifier,ePlus Inc,0.050261285863,49183580.16,608256.0,80.86,US2942681071,294268107
2024-11-30,SMRT,identifier,SmartRent Inc,0.007524029818,7362699.09,4159717.0,1.77,US83193G1076,83193G107
2024-11-30,ADBE,identifier,Adobe Inc,1.381347281817,1351728345.12,2619984.0,515.93,US00724F1012,00724F101
2024-11-30,CLFD,identifier,Clearfield Inc,0.008659865795,8474180.4,276934.0,30.6,US18482P1030,18482P103
2024-11-30,ON,identifier,ON Semiconductor Corp,0.2349667132,229928541.92,3232966.0,71.11999999999999,US6821891057,682189105
2024-11-30,APLD,identifier,Applied Digital Corp,0.031553824419,30877245.3,3057153.0,10.1,US0381692070,038169207
2024-11-30,,,LivePerson Inc,0.001707683324,1671067.07,1721862.0,0.9704999994192334,US5381461012,538146101
2024-11-30,INTU,identifier,Intuit Inc,1.105407438788,1081705221.84,1685608.0,641.7299999999999,US4612021034,461202103
2024-11-30,EFOR,identifier,ASGN Inc,0.085686475074,83849180.2,915884.0,91.55,US00191U1025,00191U102
2024-11-30,AZPN,manual table,Aspen Technology Inc,0.111316607818,108929750.0,435719.0,250.0,US29109X1063,29109X106
2024-11-30,OSPN,identifier,OneSpan Inc,0.014432220841,14122764.24,779402.0,18.12,US68287N1000,68287N100
2024-11-30,AOSL,identifier,Alpha & Omega Semiconductor Ltd,0.023657816983,23150544.56,558248.0,41.47,BMG6331P1041,G6331P104
2024-11-30,MARA,identifier,MARA Holdings Inc,0.133971736107,131099105.58,4781149.0,27.419999999999998,US5657881067,565788106
2024-11-30,DV,identifier,DoubleVerify Holdings Inc,0.067971309461,66513864.3,3271710.0,20.33,US25862V1052,25862V105
2024-11-30,SWKS,identifier,Skyworks Solutions Inc,0.131959210505,129129732.68,1474252.0,87.59,US83088M1027,83088M102
2024-11-30,DLB,identifier,Dolby Laboratories Inc,0.092897387479,90905475.76,1160693.0,78.32000000000001,US25659T1079,25659T107
2024-11-30,NXPI,identifier,NXP Semiconductors NV,0.395896370875,387407535.59,1689007.0,229.36999999999998,NL0009538784,N6596X109
2024-11-30,INTA,identifier,Intapp Inc,0.074686670307,73085233.95,1168429.0,62.550000000000004,US45827U1097,45827U109
2024-11-30,,,SecureWorks Corp,0.002542070641,2487563.4,294735.0,8.44,US81374A1051,81374A105
2024-11-30,NVEC,identifier,NVE Corp,0.000488292233,477822.24,6183.0,77.28,US6294452064,629445206
2024-11-30,RIOT,identifier,Riot Platforms Inc,0.084579084638,82765534.5,6542730.0,12.65,US7672921050,767292105
2024-11-30,MRVL,identifier,Marvell Technology Inc,0.536387863264,524886600.42,5662818.0,92.69,US5738741041,573874104
2024-11-30,TWLO,identifier,Twilio Inc,0.164413576351,160888209.94,1539011.0,104.53999999999999,US90138F1021,90138F102
2024-11-30,BRZE,identifier,Braze Inc,0.053628972863,52479057.0,1321225.0,39.72,US10576N1028,10576N102
2024-11-30,LIF,identifier,Life360 Inc,0.000575207281,562873.65,11415.0,49.31,US5322061095,532206109
2024-11-30,ADSK,identifier,Autodesk Inc,0.428193289478,419011941.6,1435464.0,291.90000000000003,US0527691069,052769106
2024-11-30,KEYS,identifier,Keysight Technologies Inc,0.246799340716,241507453.48,1413647.0,170.84,US49338L1035,49338L103
2024-11-30,,,Matterport Inc,0.031583962461,30906737.12,6493012.0,4.76,US5770961002,577096100
2024-11-30,ARLO,identifier,Arlo Technologies Inc,0.025611272542,25062114.0,2233700.0,11.22,US04206A1016,04206A101
2024-11-30,GTLB,identifier,Gitlab Inc,0.112561697613,110148142.5,1727814.0,63.75,US37637K1088,37637K108
2024-11-30,WDC,identifier,Western Digital Corp,0.207420151872,202972635.72,2780828.0,72.99,US9581021055,958102105
2024-11-30,GEN,identifier,Gen Digital Inc,0.168802466474,165182993.2,5354392.0,30.849999999999998,US6687711084,668771108
2024-11-30,RBRK,identifier,Rubrik Inc,0.00051253233,501542.58,9869.0,50.82,US7811541090,781154109
2024-11-30,CTS,identifier,CTS Corp,0.036810696588,36021399.28,656008.0,54.910000000000004,US1265011056,126501105
2024-11-30,S,identifier,SentinelOne Inc,0.114493045294,112038078.1,4008518.0,27.95,US81730H1095,81730H109
2024-11-30,DBD,identifier,Diebold Nixdorf Inc,0.014029454622,13728634.16,297028.0,46.22,US2536512021,253651202
2024-11-30,EXFY,identifier,Expensify Inc,0.003824824654,3742812.52,1148102.0,3.2600000000000002,US30219Q1067,30219Q106
2024-11-30,PATH,identifier,UiPath Inc,0.106884965562,104593131.3,7360530.0,14.209999999999999,US90364P1057,90364P105
2024-11-30,PLXS,identifier,Plexus Corp,0.09850429417,96392158.8,586327.0,164.4,US7291321005,729132100
2024-11-30,SPT,identifier,Sprout Social Inc,0.037053536027,36259031.74,1132387.0,32.02,US85209W1099,85209W109
2024-11-30,ORCL,identifier,Oracle Corp,1.848633588999,1808995069.44,9786816.0,184.84,US68389X1054,68389X105
2024-11-30,AUR,identifier,Aurora Innovation Inc,0.115862151527,113377827.87,17523621.0,6.470000000000001,US0517741072,051774107
2024-11-30,DELL,identifier,Dell Technologies Inc,0.27875714837,272780019.78,2137942.0,127.58999999999999,US24703L2025,24703L202
2024-11-30,PGY,identifier,Pagaya Technologies Ltd,0.00060163379,588733.52,53864.0,10.93,IL0011858912,M7S64L123
2024-11-30,ACMR,identifier,ACM Research Inc,0.019491128911,19073198.88,1109552.0,17.189999999999998,US00108J1097,00108J109
2024-11-30,INTC,identifier,Intel Corp,0.661655392818,647468135.6,26921752.0,24.05,US4581401001,458140100
2024-11-30,MPWR,identifier,Monolithic Power Systems Inc,0.198775352614,194513198.8,342670.0,567.64,US6098391054,609839105
2024-11-30,YOU,identifier,Clear Secure Inc,0.049801808684,48733955.12,1883074.0,25.88,US18467V1098,18467V109
2024-11-30,TYL,identifier,Tyler Technologies Inc,0.221546027663,216795623.58,344574.0,629.1700000000001,US9022521051,902252105
2024-11-30,CIFR,identifier,Cipher Mining Inc,0.031375649379,30702890.7,4582521.0,6.7,US17253J1060,17253J106
2024-11-30,KE,identifier,Kimball Electronics Inc,0.011403105987,11158599.86,569026.0,19.61,US49428J1097,49428J109
2024-11-30,ZBRA,identifier,Zebra Technologies Corp,0.191815208969,187702295.0,461185.0,407.0,US9892071054,989207105
2024-11-30,APP,identifier,AppLovin Corp,0.487661183001,477204720.75,1417089.0,336.75,US03831W1080,03831W108
2024-11-30,NTNX,identifier,Nutanix Inc,0.158129018929,154738406.4,2370380.0,65.28,US67059N1081,67059N108
2024-11-30,KLIC,identifier,Kulicke & Soffa Industries Inc,0.06114200696,59830996.14,1235667.0,48.42,US5012421013,501242101
2024-11-30,CIEN,identifier,Ciena Corp,0.125680724977,122985870.84,1763997.0,69.72,US1717793095,171779309
2024-11-30,DGII,identifier,Digi International Inc,0.027926605888,27327801.82,822631.0,33.22,US2537981027,253798102
2024-11-30,FFIV,identifier,F5 Inc,0.154523194103,151209897.9,603994.0,250.35000000000002,US3156161024,315616102
2024-11-30,PAR,identifier,PAR Technology Corp,0.064037269811,62664178.58,772297.0,81.14,US6988841036,698884103
2024-11-30,IOT,identifier,Samsara Inc,0.137516369738,134567734.95,2515755.0,53.489999999999995,US79589L1061,79589L106
2024-11-30,ADTN,identifier,ADTRAN Holdings Inc,0.014941298783,14620926.5,1720109.0,8.5,US00486H1059,00486H105
2024-11-30,SMCI,identifier,Super Micro Computer Inc,0.132259456192,129423540.48,3965182.0,32.64,US86800U3023,86800U302
2024-11-30,AMKR,identifier,Amkor Technology Inc,0.06667862371,65248896.4,2467810.0,26.439999999999998,US0316521006,031652100
2024-11-30,MANH,identifier,Manhattan Associates Inc,0.169526736886,165891733.76,581179.0,285.44,US5627501092,562750109
2024-11-30,APPN,identifier,Appian Corp,0.027048364203,26468391.45,699297.0,37.85,US03782L1017,03782L101
2024-11-30,SYNA,identifier,Synaptics Inc,0.073663748728,72084245.92,898358.0,80.24000000000001,US87157D1090,87157D109
2024-11-30,VSAT,identifier,Viasat Inc,0.017850060242,17467318.11,1872167.0,9.33,US92552V1008,92552V100
2024-11-30,QRVO,identifier,Qorvo Inc,0.07599192353,74362499.85,1076937.0,69.05,US74736K1016,74736K101
2024-11-30,RXT,identifier,Rackspace Technology Inc,0.004213860833,4123506.96,1538622.0,2.68,US7501021056,750102105
2024-11-30,ANSS,manual table,ANSYS Inc,0.243650767733,238426392.4,679084.0,351.1,US03662Q1058,03662Q105
2024-11-30,ZETA,identifier,Zeta Global Holdings Corp,0.079223995167,77525269.2,3639684.0,21.3,US98956A1051,98956A105
2024-11-30,DDOG,identifier,Datadog Inc,0.326500847794,319499995.75,2091653.0,152.75,US23804L1035,23804L103
2024-11-30,SANM,identifier,Sanmina Corp,0.094714980862,92684096.19,1167159.0,79.41,US8010561020,801056102
2024-11-30,,,Enfusion Inc,0.009616119059,9409929.62,946673.0,9.94,US2928121043,292812104
2024-11-30,PRO,identifier,PROS Holdings Inc,0.021657114952,21192741.71,914663.0,23.17,US74346Y1038,74346Y103
2024-11-30,,,Meridianlink Inc,0.012565278658,12295853.15,526589.0,23.35,US58985J1051,58985J105
2024-11-30,VNT,identifier,Vontier Corp,0.104150994479,101917782.2,2595970.0,39.26,US9288811014,928881101
2024-11-30,EVLV,identifier,Evolv Technologies Holdings Inc,0.010356240521,10134181.35,2502267.0,4.05,US30049H1023,30049H102
2024-11-30,VYX,identifier,NCR Voyix Corp,0.046396970537,45402123.73,3129023.0,14.51,US62886E1082,62886E108
2024-11-30,WULF,identifier,Terawulf Inc,0.04592291882,44938236.66,5695594.0,7.89,US88080T1043,88080T104
2024-11-30,DXC,identifier,DXC Technology Co,0.092713503875,90725535.0,4032246.0,22.5,US23355L1061,23355L106
2024-11-30,HUBS,identifier,HubSpot Inc,0.274939945328,269044665.45,373129.0,721.05,US4435731009,443573100
2024-11-30,MCHP,identifier,Microchip Technology Inc,0.264407588694,258738144.28,3795484.0,68.17,US5950171042,595017104
2024-11-30,NTCT,identifier,NetScout Systems Inc,0.036034416501,35261764.24,1611598.0,21.880000000000003,US64115T1043,64115T104
2024-11-30,QLYS,identifier,Qualys Inc,0.102772800148,100569139.2,654747.0,153.6,US74758T3032,74758T303
2024-11-30,AEHR,identifier,Aehr Test Systems,0.007662842672,7498535.51,630659.0,11.889999999999999,US00760J1088,00760J108
2024-11-30,FROG,identifier,JFrog Ltd,0.06669496587,65264888.15,2095181.0,31.15,IL0011684185,M6191J100
2024-11-30,CLSK,identifier,Cleanspark Inc,0.077548278595,75885483.45,5288187.0,14.350000000000001,US18452B2097,18452B209
2024-11-30,MKSI,identifier,MKS Instruments Inc,0.103486523286,101267558.64,891126.0,113.64,US55306N1046,55306N104
2024-11-30,P,identifier,Pure Storage Inc,0.147513151399,144350164.98,2724102.0,52.989999999999995,US74624M1027,74624M102
2024-11-30,,,Infinera Corp,0.032478292963,31781891.33,4808153.0,6.609999999999999,US45667G1031,45667G103
2024-11-30,DOCN,identifier,DigitalOcean Holdings Inc,0.052390813899,51267446.72,1346309.0,38.08,US25402D1028,25402D102
2024-11-30,SMTC,identifier,Semtech Corp,0.096195800992,94133164.48,1469912.0,64.04,US8168501018,816850101
2024-11-30,RMBS,identifier,Rambus Inc,0.10952128072,107172918.42,1853882.0,57.81,US7509171069,750917106
2024-11-30,STX,identifier,Seagate Technology Holdings PLC,0.176991956727,173196883.88,1709236.0,101.33,IE00BKVD2N49,G7997R103
2024-11-30,DT,identifier,Dynatrace Inc,0.161082397501,157628458.44,2805276.0,56.19,US2681501092,268150109
2024-11-30,JNPR,manual table,Juniper Networks Inc,0.124153680593,121491569.44,3382282.0,35.92,US48203R1041,48203R104
2024-11-30,SITM,identifier,SiTime Corp,0.090280355267,88344558.12,415974.0,212.38000000000002,US82982T1060,82982T106
2024-11-30,ACIW,identifier,ACI Worldwide Inc,0.103509342844,101289888.9,1782645.0,56.82,US0044981019,004498101
2024-11-30,NABL,identifier,N-able Inc/US,0.018050774173,17663728.32,1691928.0,10.44,US62878D1000,62878D100
2024-11-30,WOLF,SEC company list,Wolfspeed Inc,0.028207831832,27602997.7,2881315.0,9.58,US9778521024,977852102
2024-11-30,BL,identifier,BlackLine Inc,0.075727438863,74103686.28,1195028.0,62.01,US09239B1098,09239B109
2024-11-30,AVPT,identifier,AvePoint Inc,0.041931842905,41032737.65,2324801.0,17.65,US0536041041,053604104
2024-11-30,ATEN,identifier,A10 Networks Inc,0.029186199147,28560386.8,1675096.0,17.05,US0021211018,002121101
2024-11-30,CDNS,identifier,Cadence Design Systems Inc,0.551533649909,539707630.14,1759094.0,306.81,US1273871087,127387108
2024-11-30,ROP,identifier,Roper Technologies Inc,0.415455233794,406547016.12,717723.0,566.44,US7766961061,776696106
2024-11-30,COHR,identifier,Coherent Corp,0.143272930369,140200863.04,1399769.0,100.16,US19247G1076,19247G107
2024-11-30,LSCC,identifier,Lattice Semiconductor Corp,0.117047817789,114538071.0,2018292.0,56.75,US5184151042,518415104
2024-11-30,,,HashiCorp Inc,0.088736599947,86833904.1,2582805.0,33.62,US4181001037,418100103
2024-11-30,FORM,identifier,FormFactor Inc,0.067383685408,65938840.12,1646002.0,40.059999999999995,US3463751087,346375108
2024-11-30,ZM,identifier,Zoom Video Communications Inc,0.186166969967,182175165.9,2203110.0,82.69,US98980L1017,98980L101
2024-11-30,BMI,identifier,Badger Meter Inc,0.102397679671,100202062.08,462144.0,216.82,US0565251081,056525108
2024-11-30,HPE,identifier,Hewlett Packard Enterprise Co,0.22673570982,221874028.24,10455892.0,21.220000000000002,US42824C1099,42824C109
2024-11-30,CEVA,identifier,CEVA Inc,0.016399248514,16047614.78,539597.0,29.74,US1572101053,157210105
2024-11-30,BSY,identifier,Bentley Systems Inc,0.106424061017,104142109.5,2103881.0,49.5,US08265T2087,08265T208
2024-11-30,CORZ,identifier,Core Scientific Inc,0.000504684967,493863.48,27621.0,17.88,US21874A1060,21874A106
2024-11-30,FTNT,identifier,Fortinet Inc,0.425206959142,416089644.35,4377587.0,95.05000000000001,US34959E1091,34959E109
2024-11-30,ADEA,identifier,Adeia Inc,0.030475431223,29821975.08,2460559.0,12.12,US00676P1075,00676P107
2024-11-30,ASAN,identifier,Asana Inc,0.030357956002,29707018.77,1940367.0,15.31,US04342Y1047,04342Y104
2024-11-30,CRNC,identifier,Cerence Inc,0.006772726974,6627505.73,899865.0,7.365000005556389,US1567271093,156727109
2024-11-30,ITRI,identifier,Itron Inc,0.099381248174,97250309.1,820470.0,118.52999999999999,US4657411066,465741106
2024-11-30,RPD,identifier,Rapid7 Inc,0.05873132155,57472000.8,1349108.0,42.599999999999994,US7534221046,753422104
2024-11-30,ENPH,identifier,Enphase Energy Inc,0.093537337825,91531704.25,1282855.0,71.35,US29355A1079,29355A107
2024-11-30,NVTS,identifier,Navitas Semiconductor Corp,0.007660445001,7496189.25,2725887.0,2.75,US63942X1063,63942X106
2024-11-30,KVYO,identifier,Klaviyo Inc,0.04855965803,47518438.74,1279441.0,37.14,US49845K1016,49845K101
2024-11-30,VRSN,identifier,VeriSign Inc,0.161272658714,157814640.06,843117.0,187.18,US92343E1029,92343E102
2024-11-30,HUCK,identifier,Domo Inc,0.007254895288,7099335.36,758476.0,9.360000000000001,US2575541055,257554105
2024-11-30,AMPL,identifier,Amplitude Inc,0.018192356265,17802274.6,1721690.0,10.340000000000002,US03213A1043,03213A104
2024-11-30,MEI,identifier,Methode Electronics Inc,0.00857381832,8389977.96,768313.0,10.920000000000002,US5915202007,591520200
2024-11-30,DIOD,identifier,Diodes Inc,0.06964611648,68152760.0,1048504.0,65.0,US2545431015,254543101
2024-11-30,OUST,identifier,Ouster Inc,0.00940973645,9207972.28,931981.0,9.879999999999999,US68989M2026,68989M202
2024-11-30,UIS,identifier,Unisys Corp,0.01227423403,12011049.12,1505144.0,7.9799999999999995,US9092143067,909214306
2024-11-30,CFLT,manual table,Confluent Inc,0.115818033843,113334656.16,3674924.0,30.84,US20717M1036,20717M103
2024-11-30,EGHT,identifier,8x8 Inc,0.008347151557,8168171.4,2634894.0,3.1,US2829141009,282914100
2024-11-30,QCOM,identifier,QUALCOMM Inc,1.091161135574,1067764388.77,6735409.0,158.53,US7475251036,747525103
2024-11-30,FSLY,identifier,Fastly Inc,0.025744864959,25192841.92,2970854.0,8.48,US31188V1008,31188V100
2024-11-30,NOVT,identifier,Novanta Inc,0.092084743004,90110256.06,539647.0,166.98000000000002,CA67000B1040,67000B104
2024-11-30,TXN,identifier,Texas Instruments Inc,1.127947573987,1103762050.02,5490534.0,201.03,US8825081040,882508104
2024-11-30,ROG,identifier,Rogers Corp,0.0401097079,39249672.98,378931.0,103.58,US7751331015,775133101
2024-11-30,BILL,identifier,BILL Holdings Inc,0.122260638463,119639118.04,1326082.0,90.22,US0900431000,090043100
2024-11-30,NN,identifier,NextNav Inc,0.01742637847,17052720.95,980605.0,17.39,US65345N1063,65345N106
2024-11-30,LASR,identifier,nLight Inc,0.011473662586,11227643.58,1033853.0,10.86,US65487K1007,65487K100
2024-11-30,BLND,identifier,Blend Labs Inc,0.023231514958,22733383.33,4448803.0,5.109999999999999,US09352U1088,09352U108
2024-11-30,POWI,identifier,Power Integrations Inc,0.083366966289,81579406.47,1245297.0,65.51,US7392761034,739276103
2024-11-30,BOX,identifier,Box Inc,0.098944498929,96822924.66,2759274.0,35.089999999999996,US10316T1043,10316T104
2024-11-30,YEXT,identifier,Yext Inc,0.020720441429,20276152.4,2454740.0,8.26,US98585N1063,98585N106
2024-11-30,CRM,identifier,Salesforce Inc,1.89528930109,1854650386.77,5620323.0,329.99,US79466L3024,79466L302
2024-11-30,PMTS,identifier,CPI Card Group Inc,0.003859192073,3776443.03,114403.0,33.01,US12634H2004,12634H200
2024-11-30,RAMP,identifier,LiveRamp Holdings Inc,0.046846382977,45841899.84,1509944.0,30.360000000000003,US53815P1084,53815P108
2024-11-30,XRX,identifier,Xerox Holdings Corp,0.024988214553,24452415.66,2675319.0,9.14,US98421M1062,98421M106
2024-11-30,,,E2open Parent Holdings Inc,0.01094791256,10713166.72,3524068.0,3.04,US29788T1034,29788T103
2024-11-30,IONQ,identifier,IonQ Inc,0.13483722847,131946040.0,3614960.0,36.5,US46222L1089,46222L108
2024-11-30,,,FARO Technologies Inc,0.011791118414,11538292.5,439554.0,26.25,US3116421021,311642102
2024-11-30,OKTA,identifier,Okta Inc,0.1209312719,118338255.84,1525764.0,77.56,US6792951054,679295105
2024-11-30,MSTR,identifier,MicroStrategy Inc,0.438905255805,429494221.26,1108458.0,387.46999999999997,US5949724083,594972408
2024-11-30,TDY,identifier,Teledyne Technologies Inc,0.200314972931,196019806.48,403948.0,485.26,US8793601050,879360105
2024-11-30,CCSI,identifier,Consensus Cloud Solutions Inc,0.010654816761,10426355.5,417890.0,24.95,US20848V1052,20848V105
2024-11-30,ACN,identifier,Accenture PLC,1.380076924422,1350485226.81,3726813.0,362.37,IE00B4BNMY34,G1151C101
2024-11-30,CRUS,identifier,Cirrus Logic Inc,0.077945507247,76274194.7,730246.0,104.45,US1727551004,172755100
2024-11-30,CNXN,identifier,PC Connection Inc,0.021977124385,21505889.48,296306.0,72.58,US69318J1007,69318J100
2024-11-30,BLKB,identifier,Blackbaud Inc,0.080301333995,78579507.66,936139.0,83.94,US09227Q1004,09227Q100
2024-11-30,,,Jamf Holding Corp,0.021526227751,21064661.0,1442785.0,14.6,US47074L1052,47074L105
2024-11-30,PEGA,identifier,Pegasystems Inc,0.093775891028,91765142.38,966254.0,94.97,US7055731035,705573103
2024-11-30,PANW,identifier,Palo Alto Networks Inc,0.793846497431,776824790.1,2003055.0,387.82,US6974351057,697435105
2024-11-30,AVT,identifier,Avnet Inc,0.089940430754,88011922.29,1608699.0,54.71,US0538071038,053807103
2024-11-30,MITK,identifier,Mitek Systems Inc,0.00993537944,9722344.4,1043170.0,9.32,US6067102003,606710200
2024-11-30,,,Informatica Inc,0.03940310755,38558223.6,1453930.0,26.52,US45674M1018,45674M101
2024-11-30,COHU,identifier,Cohu Inc,0.028620869717,28007179.2,1060878.0,26.4,US1925761066,192576106
2024-11-30,TENB,identifier,Tenable Holdings Inc,0.08959807689,87676909.2,2088540.0,41.980000000000004,US88025T1025,88025T102
2024-11-30,ALRM,identifier,Alarm.com Holdings Inc,0.070600256982,69086441.76,1060584.0,65.14,US0116421050,011642105
2024-11-30,,,Smartsheet Inc,0.111315211478,108928383.6,1946888.0,55.949999999999996,US83200N1037,83200N103
2024-11-30,BELFB,identifier,Bel Fuse Inc,0.017899770462,17515962.44,218458.0,80.18,US0773473006,077347300
2024-11-30,VSH,identifier,Vishay Intertechnology Inc,0.049655107999,48590400.0,2544000.0,19.1,US9282981086,928298108
2024-11-30,KLAC,identifier,KLA Corp,0.557144150971,545197830.48,842616.0,647.03,US4824801009,482480100
2024-11-30,PLAB,identifier,Photronics Inc,0.03655362346,35769838.33,1435963.0,24.91,US7194051022,719405102
2024-11-30,HLIT,identifier,Harmonic Inc,0.032793216749,32090062.5,2503125.0,12.82,US4131601027,413160102
2024-11-30,CDW,identifier,CDW Corp/DE,0.18587751336,181891915.84,1033888.0,175.93,US12514G1085,12514G108
2024-11-30,FN,identifier,Fabrinet,0.102528044298,100329631.42,427699.0,234.58,KYG3323L1005,G3323L100
2024-11-30,KN,identifier,Knowles Corp,0.040053627091,39194794.66,2014121.0,19.459999999999997,US49926D1090,49926D109
2024-11-30,HPQ,identifier,HP Inc,0.263366536456,257719414.35,7274045.0,35.43,US40434L1052,40434L105
2024-11-30,PI,identifier,Impinj Inc,0.097978869164,95877999.99,498819.0,192.20999999999998,US4532041096,453204109
2024-11-30,CRWD,identifier,Crowdstrike Holdings Inc,0.535331509734,523852897.29,1514157.0,345.97,US22788C1053,22788C105
2024-11-30,IBM,identifier,International Business Machines Corp,1.28449133896,1256949193.58,5527238.0,227.41,US4592001014,459200101
2024-11-30,AAOI,identifier,Applied Optoelectronics Inc,0.000575192412,562859.1,13655.0,41.22,US03823U1025,03823U102
2024-11-30,EXTR,identifier,Extreme Networks Inc,0.050066435714,48992908.0,2951380.0,16.6,US30226D1063,30226D106
2024-11-30,GLW,identifier,Corning Inc,0.300356246349,293915988.52,6038956.0,48.669999999999995,US2193501051,219350105
2024-11-30,WEAV,identifier,Weave Communications Inc,0.011368240499,11124481.96,813788.0,13.670000000000002,US94724R1086,94724R108
2024-11-30,CXT,identifier,Crane NXT Co,0.070494523518,68982975.44,1100558.0,62.68,US2244411052,224441105
2024-11-30,NCNO,identifier,nCino Inc,0.084193568956,82388285.07,1962093.0,41.989999999999995,US63947X1019,63947X101
2024-11-30,APPS,identifier,Digital Turbine Inc,0.003111510813,3044793.6,2114440.0,1.44,US25400W1027,25400W102
2024-11-30,MU,identifier,Micron Technology Inc,0.686343411646,671626792.35,6856833.0,97.95,US5951121038,595112103
2024-11-30,PTC,identifier,PTC Inc,0.208324036095,203857138.8,1018980.0,200.06,US69370C1009,69370C100
2024-11-30,MSI,identifier,Motorola Solutions Inc,0.552640585452,540790830.7,1082231.0,499.70000000000005,US6200763075,620076307
2024-11-30,BDC,identifier,Belden Inc,0.098435669516,96325005.6,786969.0,122.39999999999999,US0774541066,077454106
2024-11-30,AMAT,identifier,Applied Materials Inc,0.899560934426,880272491.38,5038478.0,174.71,US0382221051,038222105
2024-11-30,AI,identifier,C3.ai Inc,0.094361926539,92338612.08,2483556.0,37.18,US12468P1049,12468P104
2024-11-30,FICO,identifier,Fair Isaac Corp,0.407272292647,398539534.12,167804.0,2375.03,US3032501047,303250104
2024-11-30,ALTR,manual table,Altair Engineering Inc,0.106553371593,104268647.39,987299.0,105.61,US0213691035,021369103
2024-11-30,NVDA,identifier,NVIDIA Corp,15.44944790406,15118179854.75,109353923.0,138.25,US67066G1040,67066G104
2024-11-30,APPF,identifier,Appfolio Inc,0.101336070755,99163216.25,390791.0,253.75,US03783C1009,03783C100
2024-11-30,IDCC,identifier,InterDigital Inc,0.101781225093,99598825.56,508261.0,195.96,US45867G1013,45867G101
2024-11-30,LFUS,identifier,Littelfuse Inc,0.092078715308,90104357.61,365283.0,246.67,US5370081045,537008104
2024-11-30,FRSH,identifier,Freshworks Inc,0.065305257924,63904978.41,3996559.0,15.989999999999998,US3580541049,358054104
2024-11-30,LRCX,identifier,Lam Research Corp,0.61357387872,600417588.4,8126930.0,73.88,US5128073062,512807306
2024-11-30,PLTR,identifier,Palantir Technologies Inc,0.867531876049,848930202.12,12655489.0,67.08,US69608A1088,69608A108
2024-11-30,,,Couchbase Inc,0.019302068445,18888192.26,920926.0,20.51,US22207T1016,22207T101
2024-11-30,UCTT,identifier,Ultra Clean Holdings Inc,0.040067530193,39208399.65,1020255.0,38.43,US90385V1070,90385V107
2024-11-30,WDAY,identifier,Workday Inc,0.371129760585,363171972.54,1452746.0,249.99,US98138H1014,98138H101
2024-11-30,BELFA,identifier,Bel Fuse Inc,0.004341787178,4248690.3,43955.0,96.66,US0773472016,077347201
2024-11-30,SNX,identifier,TD SYNNEX Corp,0.114835149729,112372847.11,944389.0,118.99,US87162W1009,87162W100
2024-11-30,LWLG,identifier,Lightwave Logic Inc,0.008061274973,7888424.6,2748580.0,2.8699999999999997,US5322751042,532275104
2024-11-30,SLAB,identifier,Silicon Laboratories Inc,0.082006979444,80248580.55,725247.0,110.64999999999999,US8269191024,826919102
2024-11-30,DOCU,identifier,DocuSign Inc,0.160737306876,157290767.27,1973783.0,79.69000000000001,US2561631068,256163106
2024-11-30,VERX,identifier,Vertex Inc,0.069561568344,68070024.75,1254747.0,54.25,US92538J1060,92538J106
2024-11-30,VRNS,identifier,Varonis Systems Inc,0.086203850062,84355461.6,1688460.0,49.959999999999994,US9222801022,922280102
2024-11-30,FSLR,identifier,First Solar Inc,0.172808483047,169103112.51,848613.0,199.26999999999998,US3364331070,336433107
2024-11-30,CCC,identifier,CCC Intelligent Solutions Holdings Inc,0.101069709163,98902566.0,7849410.0,12.6,US12510Q1004,12510Q100
2024-11-30,PDFS,identifier,PDF Solutions Inc,0.022711998932,22225006.8,703323.0,31.6,US6932821050,693282105
2024-11-30,ICHR,identifier,Ichor Holdings Ltd,0.025654901027,25104807.0,766325.0,32.76,KYG4740B1059,G4740B105
2024-11-30,AGYS,identifier,Agilysys Inc,0.077087067017,75434161.2,561684.0,134.3,US00847J1051,00847J105
2024-11-30,CMRC,identifier,BigCommerce Holdings Inc,0.011324823907,11081996.31,1503663.0,7.37,US08975P1084,08975P108
2024-11-30,NTAP,identifier,NetApp Inc,0.203441009037,199078813.92,1623278.0,122.63999999999999,US64110D1046,64110D104
2024-11-30,ZS,identifier,Zscaler Inc,0.172699436882,168996404.52,818028.0,206.59,US98980G1022,98980G102
2024-11-30,AEIS,identifier,Advanced Energy Industries Inc,0.090391163668,88452990.56,768889.0,115.04,US0079731008,007973100
2024-11-30,CRDO,identifier,Credo Technology Group Holding Ltd,0.113663879692,111226691.52,2271787.0,48.96,KYG254571055,G25457105
2024-11-30,,,SEMrush Holdings Inc,0.00968464191,9476983.2,696837.0,13.6,US81686C1045,81686C104
2024-11-30,OLED,identifier,Universal Display Corp,0.096034145934,93974975.64,571207.0,164.52,US91347P1057,91347P105
2024-11-30,VPG,identifier,Vishay Precision Group Inc,0.006628160337,6486038.9,282370.0,22.970000000000002,US92835K1034,92835K103
2024-11-30,FIVN,identifier,Five9 Inc,0.070878478138,69358697.28,1680201.0,41.28,US3383071012,338307101
2024-11-30,ALKT,identifier,Alkami Technology Inc,0.049744865168,48678232.59,1233297.0,39.470000000000006,US01644J1088,01644J108
2024-11-30,ALAB,identifier,Astera Labs Inc,0.000491371264,480835.25,4657.0,103.25,US04626A1034,04626A103
2024-11-30,ONTO,identifier,Onto Innovation Inc,0.094596978784,92568624.32,563824.0,164.17999999999998,US6833441057,683344105
2024-11-30,HCKT,identifier,Hackett Group Inc/The,0.018212442107,17821929.76,568664.0,31.340000000000003,US4046091090,404609109
2024-11-30,U,identifier,Unity Software Inc,0.124220867581,121557315.8,5041780.0,24.11,US91332U1016,91332U101
2024-11-30,FLEX,identifier,Flex Ltd,0.160663777331,157218814.35,4034355.0,38.97,SG9999000020,Y2573F102
2024-11-30,AVGO,identifier,Broadcom Inc,4.089558859219,4001870276.8,24690710.0,162.08,US11135F1012,11135F101
2024-11-30,,,Zuora Inc,0.030604010785,29947797.63,3015891.0,9.93,US98983V1061,98983V106
2024-11-30,MX,identifier,Magnachip Semiconductor Corp,0.003671054178,3592339.2,831560.0,4.32,US55933J2033,55933J203
2024-11-30,VISN,identifier,CommScope Holding Co Inc,0.023688464847,23180535.27,4859651.0,4.77,US20337X1090,20337X109
2024-11-30,CSCO,identifier,Cisco Systems Inc,1.438814021604,1407962879.4,23779140.0,59.21,US17275R1023,17275R102
2024-11-30,SCSC,identifier,ScanSource Inc,0.026831986591,26256653.42,520862.0,50.410000000000004,US8060371072,806037107
2024-11-30,TEL,identifier,TE Connectivity PLC,0.329613898926,322546296.64,2134372.0,151.12,IE000IVNQZ81,G87052109
2024-11-30,DBX,identifier,Dropbox Inc,0.106541736094,104257261.38,3769243.0,27.66,US26210C1045,26210C104
2024-11-30,PD,identifier,PagerDuty Inc,0.04347862522,42546353.76,2003124.0,21.24,US69553P1003,69553P100
2024-11-30,ANET,"same company, other snapshot",Arista Networks Inc,0.697856686859,682893199.18,1682749.0,405.82,US0404131064,040413106
2024-11-30,TDC,identifier,Teradata Corp,0.068825588057,67349825.4,2179606.0,30.900000000000002,US88076W1036,88076W103
2024-11-30,RNG,identifier,RingCentral Inc,0.064162292465,62786520.49,1668523.0,37.63,US76680R2067,76680R206
2024-11-30,CTSH,identifier,Cognizant Technology Solutions Corp,0.297493990292,291115105.14,3616786.0,80.49,US1924461023,192446102
2024-11-30,GWRE,identifier,Guidewire Software Inc,0.163973101338,160457179.62,790858.0,202.89000000000001,US40171V1008,40171V100
2024-11-30,NTGR,identifier,NETGEAR Inc,0.015448187013,15116946.0,614510.0,24.6,US64111Q1040,64111Q104
2024-11-30,MXL,identifier,MaxLinear Inc,0.027756486977,27161330.61,1795197.0,15.129999999999999,US57776J1007,57776J100
2024-11-30,CRSR,identifier,Corsair Gaming Inc,0.008041790945,7869358.35,1070661.0,7.35,US22041X1028,22041X102
2024-11-30,AKAM,identifier,Akamai Technologies Inc,0.139526450835,136534715.76,1452188.0,94.02,US00971T1016,00971T101
2024-11-30,ENTG,identifier,Entegris Inc,0.150018750516,146802038.88,1389776.0,105.63,US29362U1043,29362U104
2024-11-30,SPSC,identifier,SPS Commerce Inc,0.101995298488,99808308.78,516954.0,193.07,US78463M1071,78463M107
2024-11-30,AMBA,identifier,Ambarella Inc,0.064714441234,63326830.05,885071.0,71.55,KYG037AX1015,G037AX101
2024-11-30,VIAV,identifier,Viavi Solutions Inc,0.051237193926,50138562.74,5044121.0,9.940000000000001,US9255501051,925550105
2024-11-30,GDYN,identifier,Grid Dynamics Holdings Inc,0.024561166706,24034524.6,1313362.0,18.3,US39813G1094,39813G109
2025-02-28,OSIS,identifier,OSI Systems Inc,0.078307267581,76393381.44,370464.0,206.20999999999998,US6710441055,671044105
2025-02-28,MVIS,SEC company list,MicroVision Inc,0.007296164732,7117841.2,4908856.0,1.45,US5949603048,594960304
2025-02-28,,,Clearwater Analytics Holdings Inc,0.110780522428,108072966.5,3475015.0,31.1,US1851231068,185123106
2025-02-28,MIR,identifier,Mirion Technologies Inc,0.071785136418,70030655.87,4509379.0,15.530000000000001,US60471A1016,60471A101
2025-02-28,TER,identifier,Teradyne Inc,0.15659622382,152768899.08,1390578.0,109.86000000000001,US8807701029,880770102
2025-02-28,SNPS,identifier,Synopsys Inc,0.475859637164,464229284.16,1015197.0,457.28000000000003,US8716071076,871607107
2025-02-28,IT,identifier,Gartner Inc,0.296649672106,289399340.0,580750.0,498.32,US3666511072,366651107
2025-02-28,WK,identifier,Workiva Inc,0.092322203039,90065781.76,1029088.0,87.52000000000001,US98139A1051,98139A105
2025-02-28,ACLS,identifier,Axcelis Technologies Inc,0.041666119607,40647769.57,741883.0,54.79,US0545402085,054540208
2025-02-28,RMNI,identifier,Rimini Street Inc,0.004312225555,4206831.65,1185023.0,3.5500000000000003,US76674Q1076,76674Q107
2025-02-28,BHE,identifier,Benchmark Electronics Inc,0.03478172486,33931634.4,849140.0,39.96,US08160H1014,08160H101
2025-02-28,MTSI,identifier,MACOM Technology Solutions Holdings Inc,0.104860907794,102298031.52,884472.0,115.66,US55405Y1001,55405Y100
2025-02-28,CVLT,identifier,Commvault Systems Inc,0.114359344277,111564319.36,654106.0,170.56,US2041661024,204166102
2025-02-28,DMRC,SEC company list,Digimarc Corp,0.006370598628,6214896.6,380116.0,16.349999999999998,US25381B1017,25381B101
2025-02-28,ARW,identifier,Arrow Electronics Inc,0.087868919967,85721340.14,793202.0,108.07000000000001,US0427351004,042735100
2025-02-28,ALGM,identifier,Allegro MicroSystems Inc,0.064877421817,63291770.8,2838196.0,22.3,US01749D1054,01749D105
2025-02-28,,,ON24 Inc,0.003425534311,3341811.78,598891.0,5.58,US68339B1044,68339B104
2025-02-28,MDB,identifier,MongoDB Inc,0.183006402264,178533593.7,667590.0,267.43,US60937P1066,60937P106
2025-02-28,,,Verint Systems Inc,0.033663764307,32840997.61,1455073.0,22.57,US92343X1000,92343X100
2025-02-28,NSSC,identifier,Napco Security Technologies Inc,0.021825048826,21291628.88,866923.0,24.56,US6304021057,630402105
2025-02-28,GDDY,identifier,GoDaddy Inc,0.221004708597,215603194.0,1201132.0,179.5,US3802371076,380237107
2025-02-28,LAW,identifier,CS Disco Inc,0.00282106277,2752113.96,570978.0,4.82,US1263271058,126327105
2025-02-28,HUT,identifier,Hut 8 Corp,0.028654401505,27954067.25,1895191.0,14.75,US44812J1043,44812J104
2025-02-28,INDI,identifier,indie Semiconductor Inc,0.011675165389,11389815.92,3783992.0,3.01,US45569U1016,45569U101
2025-02-28,CGNX,identifier,Cognex Corp,0.087116213538,84987030.4,2591068.0,32.800000000000004,US1924221039,192422103
2025-02-28,TEAM,identifier,Atlassian Corp,0.355285635002,346602197.64,1219314.0,284.26,US0494681010,049468101
2025-02-28,AAPL,identifier,Apple Inc,17.86327260453,17426681328.48,72058722.0,241.84,US0378331005,037833100
2025-02-28,,,SolarWinds Corp,0.022309872004,21764602.63,1188673.0,18.31,US83417Q2049,83417Q204
2025-02-28,SNOW,identifier,Snowflake Inc,0.407835518546,397867724.1,2246571.0,177.10000000000002,US8334451098,833445109
2025-02-28,JBL,identifier,Jabil Inc,0.190550184732,185893000.68,1199929.0,154.92000000000002,US4663131039,466313103
2025-02-28,CXM,identifier,Sprinklr Inc,0.02233045142,21784679.07,2571981.0,8.47,US85208T1079,85208T107
2025-02-28,,,Olo Inc,0.016658915868,16251759.94,2358746.0,6.89,US68134L1098,68134L109
2025-02-28,ADI,identifier,Analog Devices Inc,0.755835479906,737362315.22,3205087.0,230.06,US0326541051,032654105
2025-02-28,QTWO,identifier,Q2 Holdings Inc,0.092506893538,90245958.29,1032917.0,87.37,US74736L1098,74736L109
2025-02-28,XPER,identifier,Xperi Inc,0.008414938142,8209270.98,970363.0,8.46,US98423J1016,98423J101
2025-02-28,CALX,identifier,Calix Inc,0.052785946164,51495819.54,1391027.0,37.019999999999996,US13100M5094,13100M509
2025-02-28,TTMI,identifier,TTM Technologies Inc,0.05930729266,57857779.62,2399742.0,24.11,US87305R1095,87305R109
2025-02-28,KD,identifier,Kyndryl Holdings Inc,0.148423424588,144795848.96,3802412.0,38.080000000000005,US50155Q1004,50155Q100
2025-02-28,,,Logility Supply Chain Solutions Inc,0.01085771289,10592342.55,749635.0,14.13,US0296831094,029683109
2025-02-28,RBBN,identifier,Ribbon Communications Inc,0.011006675985,10737664.88,2274929.0,4.720000000000001,US7625441040,762544104
2025-02-28,PCOR,identifier,Procore Technologies Inc,0.122465279628,119472139.8,1562340.0,76.47,US74275K1088,74275K108
2025-02-28,AMD,identifier,Advanced Micro Devices Inc,1.026844712729,1001747886.78,10031523.0,99.86,US0079031078,007903107
2025-02-28,NSIT,identifier,Insight Enterprises Inc,0.073400006703,71606057.56,465337.0,153.88,US45765U1034,45765U103
2025-02-28,SEDG,identifier,SolarEdge Technologies Inc,0.022744286611,22188399.83,1345567.0,16.49,US83417M1045,83417M104
2025-02-28,APH,identifier,Amphenol Corp,0.546949661922,533581817.4,8011739.0,66.6,US0320951017,032095101
2025-02-28,VECO,identifier,Veeco Instruments Inc,0.030469615885,29724916.48,1336552.0,22.240000000000002,US9224171002,922417100
2025-02-28,PRGS,identifier,Progress Software Corp,0.056533981309,55152250.0,1009375.0,54.64,US7433121008,743312100
2025-02-28,MSFT,identifier,Microsoft Corp,13.21356327819,12890614254.21,32470879.0,396.98999999999995,US5949181045,594918104
2025-02-28,IPGP,identifier,IPG Photonics Corp,0.040299271072,39314327.8,675620.0,58.19,US44980X1090,44980X109
2025-02-28,NOW,identifier,ServiceNow Inc,1.219672833687,1189863149.28,1279753.0,929.76,US81762P1021,81762P102
2025-02-28,PENG,"same company, other snapshot",Penguin Solutions Inc,0.025424109138,24802725.56,1244492.0,19.93,KYG8232Y1017,G8232Y101
2025-02-28,LITE,identifier,Lumentum Holdings Inc,0.086442537479,84329819.47,1199059.0,70.33,US55024U1097,55024U109
2025-02-28,DJCO,identifier,Daily Journal Corp,0.000443031745,432203.73,1099.0,393.27,US2339121046,233912104
2025-02-28,ESTC,identifier,Elastic NV,0.1276127443,124493796.72,1069902.0,116.36,NL0013056914,N14506104
2025-02-28,EPAM,identifier,EPAM Systems Inc,0.130336377666,127150862.52,616818.0,206.14,US29414B1044,29414B104
2025-02-28,NET,identifier,Cloudflare Inc,0.376389326925,367190100.1,2527117.0,145.3,US18915M1071,18915M107
2025-02-28,SOUN,identifier,SoundHound AI Inc,0.073729987451,71927973.34,6647687.0,10.82,US8361001071,836100107
2025-02-28,TRMB,identifier,Trimble Inc,0.177324184869,172990253.8,2403310.0,71.98,US8962391004,896239100
2025-02-28,PLUS,identifier,ePlus Inc,0.041709765699,40690348.92,632034.0,64.38000000000001,US2942681071,294268107
2025-02-28,SMRT,identifier,SmartRent Inc,0.005497055647,5362703.64,4324761.0,1.24,US83193G1076,83193G107
2025-02-28,ADBE,identifier,Adobe Inc,1.224200803415,1194280452.16,2723186.0,438.56000000000006,US00724F1012,00724F101
2025-02-28,CLFD,identifier,Clearfield Inc,0.009584338695,9350090.54,288494.0,32.41,US18482P1030,18482P103
2025-02-28,ON,identifier,ON Semiconductor Corp,0.161753569132,157800195.15,3353883.0,47.050000000000004,US6821891057,682189105
2025-02-28,APLD,identifier,Applied Digital Corp,0.026007842441,25372192.0,3171524.0,8.0,US0381692070,038169207
2025-02-28,,,LivePerson Inc,0.001983183516,1934713.08,1791401.0,1.08,US5381461012,538146101
2025-02-28,INTU,identifier,Intuit Inc,1.100757458157,1073854151.36,1749404.0,613.8399999999999,US4612021034,461202103
2025-02-28,EFOR,identifier,ASGN Inc,0.065666401879,64061467.62,950749.0,67.38,US00191U1025,00191U102
2025-02-28,AZPN,manual table,Aspen Technology Inc,0.123004626095,119998304.25,452397.0,265.25,US29109X1063,29109X106
2025-02-28,OSPN,identifier,OneSpan Inc,0.013280756925,12956165.64,807741.0,16.04,US68287N1000,68287N100
2025-02-28,AOSL,identifier,Alpha & Omega Semiconductor Ltd,0.017859738007,17423233.12,575404.0,30.28,BMG6331P1041,G6331P104
2025-02-28,MARA,identifier,MARA Holdings Inc,0.070786768187,69056688.48,4960969.0,13.920000000000002,US5657881067,565788106
2025-02-28,DV,identifier,DoubleVerify Holdings Inc,0.048462358214,47277903.2,3401288.0,13.9,US25862V1052,25862V105
2025-02-28,SWKS,identifier,Skyworks Solutions Inc,0.104513522322,101959136.4,1529540.0,66.66000000000001,US83088M1027,83088M102
2025-02-28,DLB,identifier,Dolby Laboratories Inc,0.100826353556,98362084.7,1205270.0,81.61,US25659T1079,25659T107
2025-02-28,NXPI,identifier,NXP Semiconductors NV,0.387285503106,377819965.87,1752493.0,215.59,NL0009538784,N6596X109
2025-02-28,INTA,identifier,Intapp Inc,0.082022276726,80017593.08,1213123.0,65.96,US45827U1097,45827U109
2025-02-28,NVEC,identifier,NVE Corp,0.000499809423,487593.72,7083.0,68.83999999999999,US6294452064,629445206
2025-02-28,RIOT,identifier,Riot Platforms Inc,0.064572442543,62994245.44,6788173.0,9.28,US7672921050,767292105
2025-02-28,MRVL,identifier,Marvell Technology Inc,0.553183908385,539663694.38,5877409.0,91.82,US5738741041,573874104
2025-02-28,TWLO,identifier,Twilio Inc,0.196665749745,191859096.87,1599759.0,119.93,US90138F1021,90138F102
2025-02-28,BRZE,identifier,Braze Inc,0.051915969138,50647105.38,1369581.0,36.980000000000004,US10576N1028,10576N102
2025-02-28,LIF,identifier,Life360 Inc,0.000594351991,579825.6,12828.0,45.199999999999996,US5322061095,532206109
2025-02-28,ADSK,identifier,Autodesk Inc,0.418730470342,408496395.41,1489721.0,274.21000000000004,US0527691069,052769106
2025-02-28,KEYS,identifier,Keysight Technologies Inc,0.239875206292,234012483.11,1466887.0,159.53,US49338L1035,49338L103
2025-02-28,,,Matterport Inc,0.03780451158,36880542.03,6756658.0,5.458400000414406,US5770961002,577096100
2025-02-28,ARLO,identifier,Arlo Technologies Inc,0.033905655349,33076976.66,2300207.0,14.38,US04206A1016,04206A101
2025-02-28,GTLB,identifier,Gitlab Inc,0.110665612568,107960865.12,1793072.0,60.21,US37637K1088,37637K108
2025-02-28,WDC,identifier,Western Digital Corp,0.144725443244,141188248.95,2885515.0,48.92999999999999,US9581021055,958102105
2025-02-28,GEN,identifier,Gen Digital Inc,0.155737272254,151930940.91,5559127.0,27.33,US6687711084,668771108
2025-02-28,RBRK,identifier,Rubrik Inc,0.000591951891,577484.16,8868.0,65.12,US7811541090,781154109
2025-02-28,CTS,identifier,CTS Corp,0.031038622251,30280015.92,678012.0,44.660000000000004,US1265011056,126501105
2025-02-28,S,identifier,SentinelOne Inc,0.087938051696,85788782.24,4158448.0,20.63,US81730H1095,81730H109
2025-02-28,DBD,identifier,Diebold Nixdorf Inc,0.01409108017,13746684.0,310800.0,44.23,US2536512021,253651202
2025-02-28,EXFY,identifier,Expensify Inc,0.004741937249,4626040.88,1193817.0,3.8750000041882466,US30219Q1067,30219Q106
2025-02-28,PATH,identifier,UiPath Inc,0.096452541943,94095172.2,7650014.0,12.3,US90364P1057,90364P105
2025-02-28,PLXS,identifier,Plexus Corp,0.083044541454,81014872.92,609501.0,132.92000000000002,US7291321005,729132100
2025-02-28,SPT,identifier,Sprout Social Inc,0.031913351505,31133366.16,1173958.0,26.52,US85209W1099,85209W109
2025-02-28,ORCL,identifier,Oracle Corp,1.729011918989,1686753619.7,10157495.0,166.06,US68389X1054,68389X105
2025-02-28,AUR,identifier,Aurora Innovation Inc,0.135547534808,132234655.22,18189086.0,7.27,US0517741072,051774107
2025-02-28,DELL,identifier,Dell Technologies Inc,0.233733773819,228021151.68,2218968.0,102.76,US24703L2025,24703L202
2025-02-28,PGY,identifier,Pagaya Technologies Ltd,0.000896940708,875018.83,68201.0,12.83,IL0011858912,M7S64L123
2025-02-28,ACMR,identifier,ACM Research Inc,0.030406533342,29663375.72,1143538.0,25.939999999999998,US00108J1097,00108J109
2025-02-28,INTC,identifier,Intel Corp,0.680709622926,664072588.41,27984517.0,23.73,US4581401001,458140100
2025-02-28,MPWR,identifier,Monolithic Power Systems Inc,0.222701021427,217258047.72,355572.0,611.01,US6098391054,609839105
2025-02-28,YOU,identifier,Clear Secure Inc,0.047486555153,46325949.47,1953857.0,23.71,US18467V1098,18467V109
2025-02-28,TYL,identifier,Tyler Technologies Inc,0.223123388165,217670091.51,357757.0,608.43,US9022521051,902252105
2025-02-28,CIFR,identifier,Cipher Mining Inc,0.019884598745,19398604.8,4754560.0,4.08,US17253J1060,17253J106
2025-02-28,KE,identifier,Kimball Electronics Inc,0.010924148207,10657154.14,591407.0,18.02,US49428J1097,49428J109
2025-02-28,ZBRA,identifier,Zebra Technologies Corp,0.15459602391,150817585.5,478710.0,315.05,US9892071054,989207105
2025-02-28,APP,identifier,AppLovin Corp,0.491124300453,479120868.06,1470869.0,325.74,US03831W1080,03831W108
2025-02-28,NTNX,identifier,Nutanix Inc,0.193914964293,189175542.6,2460340.0,76.89,US67059N1081,67059N108
2025-02-28,KLIC,identifier,Kulicke & Soffa Industries Inc,0.050307026304,49077486.27,1282401.0,38.27,US5012421013,501242101
2025-02-28,CIEN,identifier,Ciena Corp,0.149362778331,145712244.22,1831246.0,79.57,US1717793095,171779309
2025-02-28,DGII,identifier,Digi International Inc,0.026797088566,26142148.38,855997.0,30.54,US2537981027,253798102
2025-02-28,FFIV,identifier,F5 Inc,0.187972653888,183378466.55,627085.0,292.43,US3156161024,315616102
2025-02-28,PAR,identifier,PAR Technology Corp,0.056482597368,55102121.92,801952.0,68.71000000000001,US6988841036,698884103
2025-02-28,IOT,identifier,Samsara Inc,0.127602059557,124483373.12,2610809.0,47.68,US79589L1061,79589L106
2025-02-28,ADTN,identifier,ADTRAN Holdings Inc,0.019119670179,18652371.64,1764652.0,10.57,US00486H1059,00486H105
2025-02-28,SMCI,identifier,Super Micro Computer Inc,0.175160937338,170879877.6,4121560.0,41.46,US86800U3023,86800U302
2025-02-28,AMKR,identifier,Amkor Technology Inc,0.055383388285,54029778.3,2560653.0,21.099999999999998,US0316521006,031652100
2025-02-28,MANH,identifier,Manhattan Associates Inc,0.109367387654,106694369.76,603202.0,176.88,US5627501092,562750109
2025-02-28,APPN,identifier,Appian Corp,0.02412995144,23540198.01,724983.0,32.47,US03782L1017,03782L101
2025-02-28,SYNA,identifier,Synaptics Inc,0.063182268875,61638048.62,931933.0,66.14,US87157D1090,87157D109
2025-02-28,VSAT,identifier,Viasat Inc,0.017273768633,16851585.26,1928099.0,8.74,US92552V1008,92552V100
2025-02-28,QRVO,identifier,Qorvo Inc,0.083223986767,81189932.46,1116934.0,72.69,US74736K1016,74736K101
2025-02-28,RXT,identifier,Rackspace Technology Inc,0.003888519472,3793481.25,1600625.0,2.37,US7501021056,750102105
2025-02-28,ANSS,manual table,ANSYS Inc,0.24074525787,234861270.0,704760.0,333.25,US03662Q1058,03662Q105
2025-02-28,ZETA,identifier,Zeta Global Holdings Corp,0.066650129912,65021152.63,3778103.0,17.21,US98956A1051,98956A105
2025-02-28,DDOG,identifier,Datadog Inc,0.259331229533,252992987.1,2170682.0,116.55,US23804L1035,23804L103
2025-02-28,SANM,identifier,Sanmina Corp,0.10185417155,99364782.08,1212949.0,81.92,US8010561020,801056102
2025-02-28,,,Enfusion Inc,0.011569795349,11287021.2,983190.0,11.479999999999999,US2928121043,292812104
2025-02-28,PRO,identifier,PROS Holdings Inc,0.023309714712,22740008.46,940447.0,24.18,US74346Y1038,74346Y103
2025-02-28,,,Meridianlink Inc,0.010285548386,10034162.16,549516.0,18.26,US58985J1051,58985J105
2025-02-28,VNT,identifier,Vontier Corp,0.103224379645,100701501.3,2696158.0,37.35,US9288811014,928881101
2025-02-28,EVLV,identifier,Evolv Technologies Holdings Inc,0.00939436414,9164759.1,2588915.0,3.54,US30049H1023,30049H102
2025-02-28,VYX,identifier,NCR Voyix Corp,0.03752845919,36611236.56,3245677.0,11.280000000000001,US62886E1082,62886E108
2025-02-28,WULF,identifier,Terawulf Inc,0.025380202037,24759891.58,5909282.0,4.1899999999999995,US88080T1043,88080T104
2025-02-28,DXC,identifier,DXC Technology Co,0.07880017646,76874243.27,4184771.0,18.369999999999997,US23355L1061,23355L106
2025-02-28,HUBS,identifier,HubSpot Inc,0.287386898769,280362955.53,387247.0,723.9899999999999,US4435731009,443573100
2025-02-28,MCHP,identifier,Microchip Technology Inc,0.237466874474,231663012.66,3935831.0,58.86,US5950171042,595017104
2025-02-28,NTCT,identifier,NetScout Systems Inc,0.038682916223,37737477.83,1677967.0,22.49,US64115T1043,64115T104
2025-02-28,QLYS,identifier,Qualys Inc,0.091555147304,89317473.42,679427.0,131.46,US74758T3032,74758T303
2025-02-28,AEHR,identifier,Aehr Test Systems,0.006458229674,6300385.88,653567.0,9.64,US00760J1088,00760J108
2025-02-28,FROG,identifier,JFrog Ltd,0.081894668304,79893103.5,2173962.0,36.75,IL0011684185,M6191J100
2025-02-28,CLSK,identifier,Cleanspark Inc,0.044936985408,43838693.05,5486695.0,7.989999999999999,US18452B2097,18452B209
2025-02-28,MKSI,identifier,MKS Instruments Inc,0.086980963243,84855085.72,924146.0,91.82,US55306N1046,55306N104
2025-02-28,P,identifier,Pure Storage Inc,0.152055704869,148339353.69,2827127.0,52.47,US74624M1027,74624M102
2025-02-28,,,Infinera Corp,0.034047342167,33215200.55,4994767.0,6.65,US45667G1031,45667G103
2025-02-28,DOCN,identifier,DigitalOcean Holdings Inc,0.061339989928,59840796.3,1396518.0,42.849999999999994,US25402D1028,25402D102
2025-02-28,SMTC,identifier,Semtech Corp,0.066983656001,65346527.1,1711090.0,38.19,US8168501018,816850101
2025-02-28,RMBS,identifier,Rambus Inc,0.1102198983,107526044.43,1923887.0,55.89,US7509171069,750917106
2025-02-28,STX,identifier,Seagate Technology Holdings PLC,0.185301549478,180772645.86,1773846.0,101.91000000000001,IE00BKVD2N49,G7997R103
2025-02-28,DT,identifier,Dynatrace Inc,0.170832656941,166657383.5,2911046.0,57.25,US2681501092,268150109
2025-02-28,JNPR,manual table,Juniper Networks Inc,0.130265808996,127082018.6,3510553.0,36.199999999999996,US48203R1041,48203R104
2025-02-28,SITM,identifier,SiTime Corp,0.068684572221,67005871.7,431878.0,155.15,US82982T1060,82982T106
2025-02-28,ACIW,identifier,ACI Worldwide Inc,0.108852915422,106192471.6,1851656.0,57.349999999999994,US0044981019,004498101
2025-02-28,NABL,identifier,N-able Inc/US,0.017893491702,17456161.85,1740395.0,10.030000000000001,US62878D1000,62878D100
2025-02-28,WOLF,SEC company list,Wolfspeed Inc,0.017569421339,17140012.0,2965400.0,5.78,US9778521024,977852102
2025-02-28,BL,identifier,BlackLine Inc,0.061384752867,59884465.2,1239844.0,48.300000000000004,US09239B1098,09239B109
2025-02-28,AVPT,identifier,AvePoint Inc,0.037029974238,36124934.94,2418001.0,14.94,US0536041041,053604104
2025-02-28,ATEN,identifier,A10 Networks Inc,0.037047148479,36141689.43,1738417.0,20.79,US0021211018,002121101
2025-02-28,CDNS,identifier,Cadence Design Systems Inc,0.468799146517,457341357.0,1825714.0,250.5,US1273871087,127387108
2025-02-28,ROP,identifier,Roper Technologies Inc,0.446201336735,435295854.0,744732.0,584.5,US7766961061,776696106
2025-02-28,COHR,identifier,Coherent Corp,0.112367035493,109620704.04,1457916.0,75.19,US19247G1076,19247G107
2025-02-28,LSCC,identifier,Lattice Semiconductor Corp,0.133796962948,130526868.6,2093790.0,62.339999999999996,US5184151042,518415104
2025-02-28,FORM,identifier,FormFactor Inc,0.058300131801,56875234.5,1707965.0,33.3,US3463751087,346375108
2025-02-28,ZM,identifier,Zoom Video Communications Inc,0.17296924438,168741751.2,2289576.0,73.69999999999999,US98980L1017,98980L101
2025-02-28,BMI,identifier,Badger Meter Inc,0.103527600327,100997311.05,480185.0,210.32999999999998,US0565251081,056525108
2025-02-28,HPE,identifier,Hewlett Packard Enterprise Co,0.220342531142,214957200.64,10850944.0,19.81,US42824C1099,42824C109
2025-02-28,CEVA,identifier,CEVA Inc,0.019507909037,19031121.66,555491.0,34.26,US1572101053,157210105
2025-02-28,BSY,identifier,Bentley Systems Inc,0.098250510083,95849196.7,2183353.0,43.9,US08265T2087,08265T208
2025-02-28,CORZ,identifier,Core Scientific Inc,0.000437175443,426490.56,38216.0,11.16,US21874A1060,21874A106
2025-02-28,FTNT,identifier,Fortinet Inc,0.503030962159,490736522.36,4543436.0,108.01,US34959E1091,34959E109
2025-02-28,ADEA,identifier,Adeia Inc,0.041207745852,40200598.8,2557290.0,15.719999999999999,US00676P1075,00676P107
2025-02-28,ASAN,identifier,Asana Inc,0.039722659725,38751809.25,2013081.0,19.25,US04342Y1047,04342Y104
2025-02-28,CRNC,identifier,Cerence Inc,0.010960291115,10692413.69,937109.0,11.41,US1567271093,156727109
2025-02-28,ITRI,identifier,Itron Inc,0.095083154096,92759253.18,851862.0,108.89000000000001,US4657411066,465741106
2025-02-28,RPD,identifier,Rapid7 Inc,0.041814922989,40792936.09,1402301.0,29.090000000000003,US7534221046,753422104
2025-02-28,ENPH,identifier,Enphase Energy Inc,0.078207824931,76296369.24,1330828.0,57.33,US29355A1079,29355A107
2025-02-28,NVTS,identifier,Navitas Semiconductor Corp,0.007050823864,6878496.64,2819056.0,2.44,US63942X1063,63942X106
2025-02-28,KVYO,identifier,Klaviyo Inc,0.053531440976,52223093.92,1328156.0,39.32,US49845K1016,49845K101
2025-02-28,VRSN,identifier,VeriSign Inc,0.213262616027,208050323.76,874602.0,237.88,US92343E1029,92343E102
2025-02-28,HUCK,identifier,Domo Inc,0.00616934484,6018561.6,791916.0,7.6,US2575541055,257554105
2025-02-28,AMPL,identifier,Amplitude Inc,0.022795329732,22238195.42,1766338.0,12.590000000000002,US03213A1043,03213A104
2025-02-28,MEI,identifier,Methode Electronics Inc,0.008916004587,8698091.0,797990.0,10.9,US5915202007,591520200
2025-02-28,DIOD,identifier,Diodes Inc,0.05505958098,53713885.08,1087766.0,49.379999999999995,US2545431015,254543101
2025-02-28,OUST,identifier,Ouster Inc,0.00815394659,7954658.25,964201.0,8.25,US68989M2026,68989M202
2025-02-28,UIS,identifier,Unisys Corp,0.006894639946,6726129.97,1560587.0,4.31,US9092143067,909214306
2025-02-28,CFLT,manual table,Confluent Inc,0.124069928526,121037569.92,3813408.0,31.740000000000002,US20717M1036,20717M103
2025-02-28,EGHT,identifier,8x8 Inc,0.007001529945,6830407.5,2732163.0,2.5,US2829141009,282914100
2025-02-28,QCOM,identifier,QUALCOMM Inc,1.126088052865,1098565648.05,6989665.0,157.17,US7475251036,747525103
2025-02-28,FSLY,identifier,Fastly Inc,0.021351330139,20829488.22,3058662.0,6.81,US31188V1008,31188V100
2025-02-28,NOVT,identifier,Novanta Inc,0.083052712397,81022844.16,560169.0,144.64,CA67000B1040,67000B104
2025-02-28,TXN,identifier,Texas Instruments Inc,1.144686834564,1116709862.1,5697790.0,195.98999999999998,US8825081040,882508104
2025-02-28,ROG,identifier,Rogers Corp,0.032231357235,31443599.6,393340.0,79.94,US7751331015,775133101
2025-02-28,BILL,identifier,BILL Holdings Inc,0.07795503492,76049757.6,1377713.0,55.199999999999996,US0900431000,090043100
2025-02-28,NN,identifier,NextNav Inc,0.010893829403,10627576.35,1013115.0,10.49,US65345N1063,65345N106
2025-02-28,LASR,identifier,nLight Inc,0.010133037971,9885379.21,1078013.0,9.170000000000002,US65487K1007,65487K100
2025-02-28,BLND,identifier,Blend Labs Inc,0.014692973169,14333866.3,4579510.0,3.1300000000000003,US09352U1088,09352U108
2025-02-28,POWI,identifier,Power Integrations Inc,0.080528586376,78560409.6,1292112.0,60.8,US7392761034,739276103
2025-02-28,SNDK,identifier,Sandisk Corp/DE,0.046170114626,45041683.7,961402.0,46.85,US80004C2008,80004C200
2025-02-28,BOX,identifier,Box Inc,0.096012595228,93665978.1,2864403.0,32.699999999999996,US10316T1043,10316T104
2025-02-28,YEXT,identifier,Yext Inc,0.017589335659,17159439.6,2523447.0,6.800000000000001,US98585N1063,98585N106
2025-02-28,CRM,identifier,Salesforce Inc,1.780919669222,1737392707.05,5833113.0,297.84999999999997,US79466L3024,79466L302
2025-02-28,PMTS,identifier,CPI Card Group Inc,0.004104783204,4004459.34,119679.0,33.46,US12634H2004,12634H200
2025-02-28,RAMP,identifier,LiveRamp Holdings Inc,0.047993460823,46820466.0,1566950.0,29.88,US53815P1084,53815P108
2025-02-28,XRX,identifier,Xerox Holdings Corp,0.018821307346,18361301.01,2769427.0,6.630000000000001,US98421M1062,98421M106
2025-02-28,,,E2open Parent Holdings Inc,0.008618261614,8407625.08,3671452.0,2.29,US29788T1034,29788T103
2025-02-28,IONQ,identifier,IonQ Inc,0.092587205849,90324307.71,3676203.0,24.569999999999997,US46222L1089,46222L108
2025-02-28,,,FARO Technologies Inc,0.014982415898,14616234.84,457329.0,31.96,US3116421021,311642102
2025-02-28,OKTA,identifier,Okta Inc,0.146788494199,143200877.45,1582505.0,90.49,US6792951054,679295105
2025-02-28,MSTR,identifier,MicroStrategy Inc,0.30259559489,295199940.14,1155698.0,255.42999999999998,US5949724083,594972408
2025-02-28,TDY,identifier,Teledyne Technologies Inc,0.221413468074,216001963.1,419405.0,515.02,US8793601050,879360105
2025-02-28,CCSI,identifier,Consensus Cloud Solutions Inc,0.011609519116,11325774.09,432777.0,26.169999999999998,US20848V1052,20848V105
2025-02-28,ACN,identifier,Accenture PLC,1.381707284336,1347937361.0,3867826.0,348.5,IE00B4BNMY34,G1151C101
2025-02-28,CRUS,identifier,Cirrus Logic Inc,0.080979335469,79000142.06,758086.0,104.21000000000001,US1727551004,172755100
2025-02-28,CNXN,identifier,PC Connection Inc,0.020203457278,19709670.2,308929.0,63.8,US69318J1007,69318J100
2025-02-28,BLKB,identifier,Blackbaud Inc,0.065852807241,64243317.1,971911.0,66.10000000000001,US09227Q1004,09227Q100
2025-02-28,,,Jamf Holding Corp,0.02099586235,20482708.32,1497274.0,13.68,US47074L1052,47074L105
2025-02-28,PEGA,identifier,Pegasystems Inc,0.08074635057,78772851.48,1003348.0,78.51,US7055731035,705573103
2025-02-28,PANW,identifier,Palo Alto Networks Inc,0.81162268479,791786040.55,4157885.0,190.42999999999998,US6974351057,697435105
2025-02-28,AVT,identifier,Avnet Inc,0.08659553299,84479075.66,1671529.0,50.54,US0538071038,053807103
2025-02-28,MITK,identifier,Mitek Systems Inc,0.010509677391,10252813.29,1094217.0,9.37,US6067102003,606710200
2025-02-28,,,Informatica Inc,0.02962227043,28898280.76,1508261.0,19.16,US45674M1018,45674M101
2025-02-28,COHU,identifier,Cohu Inc,0.022188352551,21646053.2,1101020.0,19.66,US1925761066,192576106
2025-02-28,TENB,identifier,Tenable Holdings Inc,0.084741187672,82670051.88,2167542.0,38.14,US88025T1025,88025T102
2025-02-28,ALRM,identifier,Alarm.com Holdings Inc,0.065538866144,63937048.95,1100655.0,58.09,US0116421050,011642105
2025-02-28,BELFB,identifier,Bel Fuse Inc,0.020246411818,19751574.9,235390.0,83.91,US0773473006,077347300
2025-02-28,VSH,identifier,Vishay Intertechnology Inc,0.046334660445,45202207.9,2637235.0,17.14,US9282981086,928298108
2025-02-28,KLAC,identifier,KLA Corp,0.63527822959,619751571.12,874318.0,708.84,US4824801009,482480100
2025-02-28,PLAB,identifier,Photronics Inc,0.031852778825,31074273.92,1491088.0,20.84,US7194051022,719405102
2025-02-28,HLIT,identifier,Harmonic Inc,0.027438046255,26767440.6,2596260.0,10.31,US4131601027,413160102
2025-02-28,CDW,identifier,CDW Corp/DE,0.195926620831,191138032.8,1072604.0,178.20000000000002,US12514G1085,12514G108
2025-02-28,FN,identifier,Fabrinet,0.090998045872,88773987.95,443759.0,200.05,KYG3323L1005,G3323L100
2025-02-28,KN,identifier,Knowles Corp,0.035343514792,34479693.78,2078342.0,16.59,US49926D1090,49926D109
2025-02-28,HPQ,identifier,HP Inc,0.238886150966,233047601.01,7549323.0,30.869999999999997,US40434L1052,40434L105
2025-02-28,PI,identifier,Impinj Inc,0.051303277205,50049388.08,517788.0,96.66,US4532041096,453204109
2025-02-28,CRWD,identifier,Crowdstrike Holdings Inc,0.627705514282,612363938.44,1571534.0,389.66,US22788C1053,22788C105
2025-02-28,IBM,identifier,International Business Machines Corp,1.484371121252,1448092019.64,5736381.0,252.44000000000003,US4592001014,459200101
2025-02-28,AAOI,identifier,Applied Optoelectronics Inc,0.000432938386,422357.06,19321.0,21.86,US03823U1025,03823U102
2025-02-28,EXTR,identifier,Extreme Networks Inc,0.048549898256,47363303.7,3065586.0,15.450000000000001,US30226D1063,30226D106
2025-02-28,GLW,identifier,Corning Inc,0.322308627598,314431172.1,6269814.0,50.150000000000006,US2193501051,219350105
2025-02-28,WEAV,identifier,Weave Communications Inc,0.010895399426,10629108.0,843580.0,12.6,US94724R1086,94724R108
2025-02-28,CXT,identifier,Crane NXT Co,0.065414203878,63815433.52,1143236.0,55.82,US2244411052,224441105
2025-02-28,NCNO,identifier,nCino Inc,0.065338828038,63741899.92,2035832.0,31.310000000000002,US63947X1019,63947X101
2025-02-28,APPS,identifier,Digital Turbine Inc,0.007681337318,7493599.89,2184723.0,3.4299999999999997,US25400W1027,25400W102
2025-02-28,MU,identifier,Micron Technology Inc,0.68300542272,666312277.2,7116440.0,93.63000000000001,US5951121038,595112103
2025-02-28,PTC,identifier,PTC Inc,0.177373534961,173038397.74,1057498.0,163.63,US69370C1009,69370C100
2025-02-28,MSI,identifier,Motorola Solutions Inc,0.506825106854,494437935.42,1123161.0,440.22,US6200763075,620076307
2025-02-28,BDC,identifier,Belden Inc,0.092206304506,89952715.87,817529.0,110.03,US0774541066,077454106
2025-02-28,AMAT,identifier,Applied Materials Inc,0.848543869206,827804844.57,5236951.0,158.07000000000002,US0382221051,038222105
2025-02-28,AI,identifier,C3.ai Inc,0.06192337211,60409920.2,2576116.0,23.450000000000003,US12468P1049,12468P104
2025-02-28,FICO,identifier,Fair Isaac Corp,0.336840452846,328607829.05,174203.0,1886.3500000000001,US3032501047,303250104
2025-02-28,ALTR,manual table,Altair Engineering Inc,0.117259019882,114393124.8,1025028.0,111.6,US0213691035,021369103
2025-02-28,NVDA,identifier,NVIDIA Corp,14.96189636024,14596216813.8,116844515.0,124.91999999999999,US67066G1040,67066G104
2025-02-28,APPF,identifier,Appfolio Inc,0.08919205777,87012139.5,405651.0,214.5,US03783C1009,03783C100
2025-02-28,IDCC,identifier,InterDigital Inc,0.115577582335,112752782.8,527770.0,213.64,US45867G1013,45867G101
2025-02-28,LFUS,identifier,Littelfuse Inc,0.090238551358,88033056.03,379273.0,232.11,US5370081045,537008104
2025-02-28,FRSH,identifier,Freshworks Inc,0.072489157593,70717470.26,4145221.0,17.060000000000002,US3580541049,358054104
2025-02-28,LRCX,identifier,Lam Research Corp,0.663355474359,647142587.76,8432924.0,76.74,US5128073062,512807306
2025-02-28,PLTR,identifier,Palantir Technologies Inc,1.143402476014,1115456894.2,13135385.0,84.92,US69608A1088,69608A108
2025-02-28,,,Couchbase Inc,0.017118736014,16700341.75,946195.0,17.65,US22207T1016,22207T101
2025-02-28,UCTT,identifier,Ultra Clean Holdings Inc,0.026703083228,26050440.6,1058961.0,24.6,US90385V1070,90385V107
2025-02-28,WDAY,identifier,Workday Inc,0.406920473156,396975043.08,1507462.0,263.34,US98138H1014,98138H101
2025-02-28,BELFA,identifier,Bel Fuse Inc,0.003324954743,3243690.45,39795.0,81.51,US0773472016,077347201
2025-02-28,SNX,identifier,TD SYNNEX Corp,0.138171097432,134794096.08,980392.0,137.49,US87162W1009,87162W100
2025-02-28,LWLG,identifier,Lightwave Logic Inc,0.003561596878,3474548.88,2871528.0,1.21,US5322751042,532275104
2025-02-28,SLAB,identifier,Silicon Laboratories Inc,0.108244328724,105598759.2,752664.0,140.3,US8269191024,826919102
2025-02-28,DOCU,identifier,DocuSign Inc,0.174896350997,170621757.94,2051482.0,83.17,US2561631068,256163106
2025-02-28,VERX,identifier,Vertex Inc,0.043142776518,42088335.92,1303448.0,32.29,US92538J1060,92538J106
2025-02-28,VRNS,identifier,Varonis Systems Inc,0.077151151335,75265521.51,1751583.0,42.970000000000006,US9222801022,922280102
2025-02-28,FSLR,identifier,First Solar Inc,0.122943455266,119938628.48,880736.0,136.18,US3364331070,336433107
2025-02-28,CCC,identifier,CCC Intelligent Solutions Holdings Inc,0.085131540374,83050864.08,8150232.0,10.19,US12510Q1004,12510Q100
2025-02-28,PDFS,identifier,PDF Solutions Inc,0.016694166191,16286148.72,723186.0,22.52,US6932821050,693282105
2025-02-28,ICHR,identifier,Ichor Holdings Ltd,0.023676381072,23097713.23,788587.0,29.29,KYG4740B1059,G4740B105
2025-02-28,AGYS,identifier,Agilysys Inc,0.048391718539,47208990.01,582899.0,80.99,US00847J1051,00847J105
2025-02-28,CMRC,identifier,BigCommerce Holdings Inc,0.011365848337,11088058.8,1566110.0,7.08,US08975P1084,08975P108
2025-02-28,NTAP,identifier,NetApp Inc,0.17237454302,168161584.77,1684817.0,99.81,US64110D1046,64110D104
2025-02-28,ZS,identifier,Zscaler Inc,0.170661451404,166490362.35,848445.0,196.23,US98980G1022,98980G102
2025-02-28,AEIS,identifier,Advanced Energy Industries Inc,0.094216557746,91913837.07,798071.0,115.16999999999999,US0079731008,007973100
2025-02-28,CRDO,identifier,Credo Technology Group Holding Ltd,0.127025691568,123921091.98,2245761.0,55.18,KYG254571055,G25457105
2025-02-28,,,SEMrush Holdings Inc,0.008141929637,7942935.0,722085.0,11.0,US81686C1045,81686C104
2025-02-28,OLED,identifier,Universal Display Corp,0.093337493655,91056257.94,592737.0,153.62,US91347P1057,91347P105
2025-02-28,VPG,identifier,Vishay Precision Group Inc,0.007053270256,6880883.24,292306.0,23.54,US92835K1034,92835K103
2025-02-28,FIVN,identifier,Five9 Inc,0.064660477747,63080129.0,1742545.0,36.2,US3383071012,338307101
2025-02-28,ALKT,identifier,Alkami Technology Inc,0.040474637392,39485408.04,1280331.0,30.84,US01644J1088,01644J108
2025-02-28,ALAB,identifier,Astera Labs Inc,0.000366125778,357177.4,4804.0,74.35000000000001,US04626A1034,04626A103
2025-02-28,ONTO,identifier,Onto Innovation Inc,0.08734828571,85213430.56,585016.0,145.66,US6833441057,683344105
2025-02-28,HCKT,identifier,Hackett Group Inc/The,0.018200422461,17755591.0,584450.0,30.38,US4046091090,404609109
2025-02-28,U,identifier,Unity Software Inc,0.137737043357,134370650.6,5240665.0,25.64,US91332U1016,91332U101
2025-02-28,FLEX,identifier,Flex Ltd,0.162680297051,158704273.17,4188553.0,37.88999999999999,SG9999000020,Y2573F102
2025-02-28,AVGO,identifier,Broadcom Inc,3.948194203443,3851697487.33,19313531.0,199.43,US11135F1012,11135F101
2025-02-28,MX,identifier,Magnachip Semiconductor Corp,0.003962218172,3865378.7,851405.0,4.54,US55933J2033,55933J203
2025-02-28,VISN,identifier,CommScope Holding Co Inc,0.032590886848,31794342.05,5006983.0,6.3500000000000005,US20337X1090,20337X109
2025-02-28,ANET,identifier,Arista Networks Inc,0.666401251388,650113923.8,6986716.0,93.05,US0404132054,040413205
2025-02-28,CSCO,identifier,Cisco Systems Inc,1.621663965267,1582029327.45,24676795.0,64.11,US17275R1023,17275R102
2025-02-28,SCSC,identifier,ScanSource Inc,0.020132625304,19640569.41,536481.0,36.61,US8060371072,806037107
2025-02-28,TEL,identifier,TE Connectivity PLC,0.349684957347,341138404.59,2214753.0,154.03,IE000IVNQZ81,G87052109
2025-02-28,IIIV,identifier,I3 Verticals Inc,0.000658324157,642234.24,24768.0,25.93,US46571Y1073,46571Y107
2025-02-28,DBX,identifier,Dropbox Inc,0.104153576425,101607987.84,3911008.0,25.98,US26210C1045,26210C104
2025-02-28,PD,identifier,PagerDuty Inc,0.037743776869,36821291.72,2077951.0,17.72,US69553P1003,69553P100
2025-02-28,TDC,identifier,Teradata Corp,0.055290483648,53939144.32,2262548.0,23.84,US88076W1036,88076W103
2025-02-28,RNG,identifier,RingCentral Inc,0.050576389464,49340266.0,1734280.0,28.45,US76680R2067,76680R206
2025-02-28,CTSH,identifier,Cognizant Technology Solutions Corp,0.320597113908,312761489.04,3753288.0,83.33000000000001,US1924461023,192446102
2025-02-28,GWRE,identifier,Guidewire Software Inc,0.16944645355,165305059.92,821106.0,201.32,US40171V1008,40171V100
2025-02-28,NTGR,identifier,NETGEAR Inc,0.017246872102,16825346.1,639747.0,26.3,US64111Q1040,64111Q104
2025-02-28,MXL,identifier,MaxLinear Inc,0.027891228885,27209547.12,1862392.0,14.610000000000001,US57776J1007,57776J100
2025-02-28,CRSR,identifier,Corsair Gaming Inc,0.013356456107,13030014.68,1109882.0,11.74,US22041X1028,22041X102
2025-02-28,AKAM,identifier,Akamai Technologies Inc,0.124579966092,121535141.8,1506385.0,80.67999999999999,US00971T1016,00971T101
2025-02-28,ENTG,identifier,Entegris Inc,0.149540635345,145885754.28,1441274.0,101.22,US29362U1043,29362U104
2025-02-28,SPSC,identifier,SPS Commerce Inc,0.073241075551,71451010.8,536419.0,133.2,US78463M1071,78463M107
2025-02-28,AMBA,identifier,Ambarella Inc,0.057840811994,56427140.8,918560.0,61.43,KYG037AX1015,G037AX101
2025-02-28,VIAV,identifier,Viavi Solutions Inc,0.060118306749,58648971.94,5245883.0,11.18,US9255501051,925550105
2025-02-28,GDYN,identifier,Grid Dynamics Holdings Inc,0.026085346455,25447801.76,1352168.0,18.82,US39813G1094,39813G109
2025-05-31,OSIS,identifier,OSI Systems Inc,0.082384308421,83083006.24,379184.0,219.10999999999999,US6710441055,671044105
2025-05-31,MVIS,SEC company list,MicroVision Inc,0.005455918685,5502190.1,5001991.0,1.0999999999999999,US5949603048,594960304
2025-05-31,,,Clearwater Analytics Holdings Inc,0.090885270384,91656064.5,3967795.0,23.1,US1851231068,185123106
2025-05-31,MIR,identifier,Mirion Technologies Inc,0.087404765498,88146041.6,4614976.0,19.099999999999998,US60471A1016,60471A101
2025-05-31,TER,identifier,Teradyne Inc,0.110959419875,111900462.0,1423670.0,78.6,US8807701029,880770102
2025-05-31,SNPS,identifier,Synopsys Inc,0.477824229574,481876636.56,1038572.0,463.98,US8716071076,871607107
2025-05-31,IT,identifier,Gartner Inc,0.257117467841,259298070.16,594148.0,436.42,US3666511072,366651107
2025-05-31,WK,identifier,Workiva Inc,0.070264297012,70860205.53,1053057.0,67.29,US98139A1051,98139A105
2025-05-31,ACLS,identifier,Axcelis Technologies Inc,0.042452893831,42812935.02,759903.0,56.34,US0545402085,054540208
2025-05-31,RMNI,identifier,Rimini Street Inc,0.003626544182,3657300.75,1199115.0,3.05,US76674Q1076,76674Q107
2025-05-31,BHE,identifier,Benchmark Electronics Inc,0.031456861494,31723645.8,868665.0,36.52,US08160H1014,08160H101
2025-05-31,MTSI,identifier,MACOM Technology Solutions Holdings Inc,0.109120657441,110046105.1,904910.0,121.61,US55405Y1001,55405Y100
2025-05-31,CVLT,identifier,Commvault Systems Inc,0.121525452352,122556104.55,669157.0,183.15,US2041661024,204166102
2025-05-31,DMRC,SEC company list,Digimarc Corp,0.005038793883,5081527.68,388496.0,13.08,US25381B1017,25381B101
2025-05-31,ARW,identifier,Arrow Electronics Inc,0.095260547227,96068447.88,811526.0,118.38,US0427351004,042735100
2025-05-31,ALGM,identifier,Allegro MicroSystems Inc,0.073072497107,73692221.85,2906991.0,25.349999999999998,US01749D1054,01749D105
2025-05-31,,,ON24 Inc,0.00332715844,3355375.93,589697.0,5.69,US68339B1044,68339B104
2025-05-31,MDB,identifier,MongoDB Inc,0.127888725939,128973344.79,683013.0,188.83,US60937P1066,60937P106
2025-05-31,,,Verint Systems Inc,0.025912539116,26132302.26,1489869.0,17.540000000000003,US92343X1000,92343X100
2025-05-31,NSSC,identifier,Napco Security Technologies Inc,0.024570584417,24778966.5,888135.0,27.9,US6304021057,630402105
2025-05-31,GDDY,identifier,GoDaddy Inc,0.222009731798,223892586.9,1229166.0,182.15,US3802371076,380237107
2025-05-31,LAW,identifier,CS Disco Inc,0.002207070667,2225788.74,564921.0,3.9400000000000004,US1263271058,126327105
2025-05-31,HUT,identifier,Hut 8 Corp,0.029386757617,29635985.46,1940798.0,15.27,US44812J1043,44812J104
2025-05-31,INDI,identifier,indie Semiconductor Inc,0.010210554768,10297150.05,3885717.0,2.6500000000000004,US45569U1016,45569U101
2025-05-31,CGNX,identifier,Cognex Corp,0.078788888157,79457093.37,2651221.0,29.970000000000002,US1924221039,192422103
2025-05-31,TEAM,identifier,Atlassian Corp,0.252378876007,254519290.53,1225831.0,207.63,US0494681010,049468101
2025-05-31,AAPL,identifier,Apple Inc,14.74166619326,14866689637.8,74018868.0,200.85,US0378331005,037833100
2025-05-31,SNOW,identifier,Snowflake Inc,0.449659600893,453473144.86,2204858.0,205.67000000000002,US8334451098,833445109
2025-05-31,JBL,identifier,Jabil Inc,0.189420233013,191026697.96,1136996.0,168.01000000000002,US4663131039,466313103
2025-05-31,CXM,identifier,Sprinklr Inc,0.022079105405,22266357.36,2638194.0,8.44,US85208T1079,85208T107
2025-05-31,,,Olo Inc,0.020921625037,21099060.45,2422395.0,8.709999999999999,US68134L1098,68134L109
2025-05-31,ADI,identifier,Analog Devices Inc,0.695709325653,701609606.88,3278856.0,213.98,US0326541051,032654105
2025-05-31,QTWO,identifier,Q2 Holdings Inc,0.09169926023,92476957.76,1056638.0,87.52000000000001,US74736L1098,74736L109
2025-05-31,XPER,identifier,Xperi Inc,0.007533423703,7597314.35,975265.0,7.79,US98423J1016,98423J101
2025-05-31,CALX,identifier,Calix Inc,0.06529591849,65849690.4,1424085.0,46.24,US13100M5094,13100M509
2025-05-31,TTMI,identifier,TTM Technologies Inc,0.07270871119,73325350.68,2455638.0,29.860000000000003,US87305R1095,87305R109
2025-05-31,KD,identifier,Kyndryl Holdings Inc,0.126801527077,127876925.44,3275536.0,39.04,US50155Q1004,50155Q100
2025-05-31,RBBN,identifier,Ribbon Communications Inc,0.007763237413,7829077.1,2316295.0,3.38,US7625441040,762544104
2025-05-31,PCOR,identifier,Procore Technologies Inc,0.101013065801,101869753.32,1516596.0,67.17,US74275K1088,74275K108
2025-05-31,AMD,identifier,Advanced Micro Devices Inc,1.126864765619,1136421657.81,10262997.0,110.72999999999999,US0079031078,007903107
2025-05-31,NSIT,identifier,Insight Enterprises Inc,0.061566704812,62088849.42,476178.0,130.39000000000001,US45765U1034,45765U103
2025-05-31,SEDG,identifier,SolarEdge Technologies Inc,0.024468095303,24675608.18,1381613.0,17.86,US83417M1045,83417M104
2025-05-31,APH,identifier,Amphenol Corp,0.730918560915,737117450.17,8196569.0,89.92999999999999,US0320951017,032095101
2025-05-31,VECO,identifier,Veeco Instruments Inc,0.026230885276,26453348.3,1369930.0,19.310000000000002,US9224171002,922417100
2025-05-31,PRGS,identifier,Progress Software Corp,0.063083740557,63618751.08,1033443.0,61.559999999999995,US7433121008,743312100
2025-05-31,MSFT,identifier,Microsoft Corp,15.16692715059,15295557215.24,33225209.0,460.36,US5949181045,594918104
2025-05-31,IPGP,identifier,IPG Photonics Corp,0.041239793781,41589546.72,627672.0,66.26,US44980X1090,44980X109
2025-05-31,NOW,identifier,ServiceNow Inc,1.312812615248,1323946523.25,1309425.0,1011.09,US81762P1021,81762P102
2025-05-31,PENG,"same company, other snapshot",Penguin Solutions Inc,0.021653309284,21836950.08,1229558.0,17.759999999999998,KYG8232Y1017,G8232Y101
2025-05-31,LITE,identifier,Lumentum Holdings Inc,0.088042931003,88789619.36,1228412.0,72.28,US55024U1097,55024U109
2025-05-31,DJCO,identifier,Daily Journal Corp,0.0005612208,565980.49,1343.0,421.43,US2339121046,233912104
2025-05-31,ESTC,identifier,Elastic NV,0.087764170777,88508494.98,1094454.0,80.87,NL0013056914,N14506104
2025-05-31,EPAM,identifier,EPAM Systems Inc,0.109182452956,110108424.7,631030.0,174.49,US29414B1044,29414B104
2025-05-31,NET,identifier,Cloudflare Inc,0.380784039264,384013452.52,2314868.0,165.89,US18915M1071,18915M107
2025-05-31,SOUN,identifier,SoundHound AI Inc,0.068173673878,68751851.91,6800381.0,10.11,US8361001071,836100107
2025-05-31,TRMB,identifier,Trimble Inc,0.173726961759,175200332.74,2458262.0,71.27000000000001,US8962391004,896239100
2025-05-31,PLUS,identifier,ePlus Inc,0.045786506444,46174819.86,646978.0,71.37,US2942681071,294268107
2025-05-31,SMRT,identifier,SmartRent Inc,0.003503316749,3533028.23,4184565.0,0.8443000001194867,US83193G1076,83193G107
2025-05-31,ADBE,identifier,Adobe Inc,1.146828684412,1156554889.75,2786275.0,415.09,US00724F1012,00724F101
2025-05-31,CLFD,identifier,Clearfield Inc,0.010774430512,10865808.0,292800.0,37.11,US18482P1030,18482P103
2025-05-31,ON,identifier,ON Semiconductor Corp,0.142911155979,144123179.42,3429871.0,42.019999999999996,US6821891057,682189105
2025-05-31,APLD,identifier,Applied Digital Corp,0.022000681812,22187268.66,3248502.0,6.83,US0381692070,038169207
2025-05-31,,,LivePerson Inc,0.001313763785,1324905.76,1832258.0,0.723100000109155,US5381461012,538146101
2025-05-31,INTU,identifier,Intuit Inc,1.337310852826,1348652529.34,1789922.0,753.4699999999999,US4612021034,461202103
2025-05-31,EFOR,identifier,ASGN Inc,0.050955150137,51387298.6,973060.0,52.81,US00191U1025,00191U102
2025-05-31,OSPN,identifier,OneSpan Inc,0.012963663352,13073607.63,820691.0,15.930000000000001,US68287N1000,68287N100
2025-05-31,AOSL,identifier,Alpha & Omega Semiconductor Ltd,0.0124307992,12536224.28,590774.0,21.22,BMG6331P1041,G6331P104
2025-05-31,MARA,identifier,MARA Holdings Inc,0.071071453265,71674207.24,5076077.0,14.12,US5657881067,565788106
2025-05-31,DV,identifier,DoubleVerify Holdings Inc,0.047417328789,47819473.14,3480311.0,13.74,US25862V1052,25862V105
2025-05-31,SWKS,identifier,Skyworks Solutions Inc,0.106984145954,107891473.95,1562965.0,69.03,US83088M1027,83088M102
2025-05-31,DLB,identifier,Dolby Laboratories Inc,0.090849492296,91619982.98,1233773.0,74.26,US25659T1079,25659T107
2025-05-31,NXPI,identifier,NXP Semiconductors NV,0.339690192889,342571090.98,1792346.0,191.13000000000002,NL0009538784,N6596X109
2025-05-31,INTA,identifier,Intapp Inc,0.067834734816,68410038.32,1241111.0,55.12,US45827U1097,45827U109
2025-05-31,NVEC,identifier,NVE Corp,0.000508043306,512352.0,7200.0,71.16,US6294452064,629445206
2025-05-31,RIOT,identifier,Riot Platforms Inc,0.055594763612,56066260.44,6947492.0,8.07,US7672921050,767292105
2025-05-31,MRVL,identifier,Marvell Technology Inc,0.356236571287,359257798.51,5968729.0,60.19,US5738741041,573874104
2025-05-31,TWLO,identifier,Twilio Inc,0.175728426085,177218771.4,1505682.0,117.7,US90138F1021,90138F102
2025-05-31,BRZE,identifier,Braze Inc,0.051218028477,51652406.4,1403598.0,36.8,US10576N1028,10576N102
2025-05-31,LIF,identifier,Life360 Inc,0.000915994291,923762.8,14536.0,63.550000000000004,US5322061095,532206109
2025-05-31,ADSK,identifier,Autodesk Inc,0.447548979523,451344623.4,1524195.0,296.12,US0527691069,052769106
2025-05-31,KEYS,identifier,Keysight Technologies Inc,0.229276033384,231220513.68,1472367.0,157.04,US49338L1035,49338L103
2025-05-31,ARLO,identifier,Arlo Technologies Inc,0.033447607779,33731275.52,2355536.0,14.320000000000002,US04206A1016,04206A101
2025-05-31,GTLB,identifier,Gitlab Inc,0.080234178372,80914641.03,1777953.0,45.51,US37637K1088,37637K108
2025-05-31,WDC,identifier,Western Digital Corp,0.150958016278,152238284.8,2953216.0,51.550000000000004,US9581021055,958102105
2025-05-31,GEN,identifier,Gen Digital Inc,0.160617298873,161979487.36,5687482.0,28.480000000000004,US6687711084,668771108
2025-05-31,RBRK,identifier,Rubrik Inc,0.000928840939,936718.4,9824.0,95.35000000000001,US7811541090,781154109
2025-05-31,CTS,identifier,CTS Corp,0.027922057675,28158863.46,692034.0,40.690000000000005,US1265011056,126501105
2025-05-31,S,identifier,SentinelOne Inc,0.074318781294,74949075.72,4256052.0,17.61,US81730H1095,81730H109
2025-05-31,DBD,identifier,Diebold Nixdorf Inc,0.015117354508,15245564.15,316495.0,48.17,US2536512021,253651202
2025-05-31,EXFY,identifier,Expensify Inc,0.002654263404,2676774.1,1211210.0,2.21,US30219Q1067,30219Q106
2025-05-31,PATH,identifier,UiPath Inc,0.102913213479,103786016.07,7797597.0,13.309999999999999,US90364P1057,90364P105
2025-05-31,PLXS,identifier,Plexus Corp,0.081206895708,81895607.94,623919.0,131.26,US7291321005,729132100
2025-05-31,SPT,identifier,Sprout Social Inc,0.026060057271,26281071.51,1203897.0,21.830000000000002,US85209W1099,85209W109
2025-05-31,ORCL,identifier,Oracle Corp,1.705895265485,1720362890.74,10393058.0,165.53,US68389X1054,68389X105
2025-05-31,AUR,identifier,Aurora Innovation Inc,0.084089546886,84802706.76,13993846.0,6.0600000000000005,US0517741072,051774107
2025-05-31,DELL,identifier,Dell Technologies Inc,0.250459100819,252583233.81,2270003.0,111.27,US24703L2025,24703L202
2025-05-31,PGY,identifier,Pagaya Technologies Ltd,0.001157407635,1167223.56,70999.0,16.44,IL0011858912,M7S64L123
2025-05-31,ACMR,identifier,ACM Research Inc,0.026174146178,26396128.0,1170560.0,22.55,US00108J1097,00108J109
2025-05-31,INTC,identifier,Intel Corp,0.555038236948,559745492.65,28631483.0,19.55,US4581401001,458140100
2025-05-31,MPWR,identifier,Monolithic Power Systems Inc,0.238722992247,240747591.8,363722.0,661.9,US6098391054,609839105
2025-05-31,YOU,identifier,Clear Secure Inc,0.049098816275,49515221.25,2000615.0,24.75,US18467V1098,18467V109
2025-05-31,TYL,identifier,Tyler Technologies Inc,0.209455615892,211232000.07,366093.0,576.99,US9022521051,902252105
2025-05-31,CIFR,identifier,Cipher Mining Inc,0.015097038498,15225075.84,4879832.0,3.12,US17253J1060,17253J106
2025-05-31,KE,identifier,Kimball Electronics Inc,0.010672399433,10762911.6,594636.0,18.099999999999998,US49428J1097,49428J109
2025-05-31,ZBRA,identifier,Zebra Technologies Corp,0.140701004589,141894283.83,489679.0,289.77000000000004,US9892071054,989207105
2025-05-31,APP,identifier,AppLovin Corp,0.554847370033,559553007.0,1423799.0,393.0,US03831W1080,03831W108
2025-05-31,NTNX,identifier,Nutanix Inc,0.19141440201,193037779.42,2517118.0,76.69,US67059N1081,67059N108
2025-05-31,KLIC,identifier,Kulicke & Soffa Industries Inc,0.041668366306,42021753.95,1307053.0,32.150000000000006,US5012421013,501242101
2025-05-31,CIEN,identifier,Ciena Corp,0.137672537123,138840132.06,1734201.0,80.06,US1717793095,171779309
2025-05-31,DGII,identifier,Digi International Inc,0.028191029893,28430116.82,877202.0,32.410000000000004,US2537981027,253798102
2025-05-31,FFIV,identifier,F5 Inc,0.172472100742,173934829.3,609485.0,285.38,US3156161024,315616102
2025-05-31,PAR,identifier,PAR Technology Corp,0.05335332587,53805813.16,820711.0,65.56,US6988841036,698884103
2025-05-31,IOT,identifier,Samsara Inc,0.123273335579,124318811.5,2671225.0,46.54,US79589L1061,79589L106
2025-05-31,ADTN,identifier,ADTRAN Holdings Inc,0.014473868565,14596620.83,1817761.0,8.03,US00486H1059,00486H105
2025-05-31,SMCI,identifier,Super Micro Computer Inc,0.167339934526,168759137.4,4216870.0,40.02,US86800U3023,86800U302
2025-05-31,AMKR,identifier,Amkor Technology Inc,0.046913154986,47311023.46,2625473.0,18.02,US0316521006,031652100
2025-05-31,MANH,identifier,Manhattan Associates Inc,0.115511393718,116491040.94,617073.0,188.78,US5627501092,562750109
2025-05-31,APPN,identifier,Appian Corp,0.023234070336,23431117.5,743845.0,31.5,US03782L1017,03782L101
2025-05-31,SYNA,identifier,Synaptics Inc,0.055618540917,56090239.4,954565.0,58.76,US87157D1090,87157D109
2025-05-31,VSAT,identifier,Viasat Inc,0.017110257433,17255368.8,1976560.0,8.73,US92552V1008,92552V100
2025-05-31,QRVO,identifier,Qorvo Inc,0.086095161355,86825330.76,1142138.0,76.02000000000001,US74736K1016,74736K101
2025-05-31,RXT,identifier,Rackspace Technology Inc,0.001851220874,1866921.0,1637650.0,1.14,US7501021056,750102105
2025-05-31,ANSS,manual table,ANSYS Inc,0.236604569738,238611203.04,721272.0,330.82,US03662Q1058,03662Q105
2025-05-31,ZETA,identifier,Zeta Global Holdings Corp,0.050359593725,50786691.3,3865045.0,13.139999999999999,US98956A1051,98956A105
2025-05-31,DDOG,identifier,Datadog Inc,0.259574557329,261775998.12,2220699.0,117.88,US23804L1035,23804L103
2025-05-31,SANM,identifier,Sanmina Corp,0.100358831177,101209970.16,1195064.0,84.69,US8010561020,801056102
2025-05-31,PRO,identifier,PROS Holdings Inc,0.016837671741,16980471.32,965348.0,17.59,US74346Y1038,74346Y103
2025-05-31,,,Meridianlink Inc,0.009173549962,9251350.45,554305.0,16.689999999999998,US58985J1051,58985J105
2025-05-31,VNT,identifier,Vontier Corp,0.097760850134,98589955.75,2757761.0,35.75,US9288811014,928881101
2025-05-31,EVLV,identifier,Evolv Technologies Holdings Inc,0.014312346001,14433728.4,2643540.0,5.46,US30049H1023,30049H102
2025-05-31,VYX,identifier,NCR Voyix Corp,0.036580195228,36890430.31,3326459.0,11.09,US62886E1082,62886E108
2025-05-31,WULF,identifier,Terawulf Inc,0.021208500448,21388368.84,6059028.0,3.53,US88080T1043,88080T104
2025-05-31,DXC,identifier,DXC Technology Co,0.064529973635,65077249.6,4281398.0,15.200000000000001,US23355L1061,23355L106
2025-05-31,HUBS,identifier,HubSpot Inc,0.230690644051,232647121.6,394384.0,589.9,US4435731009,443573100
2025-05-31,MCHP,identifier,Microchip Technology Inc,0.2316922279,233657199.84,4025796.0,58.04,US5950171042,595017104
2025-05-31,NTCT,identifier,NetScout Systems Inc,0.03888408469,39213858.96,1716894.0,22.84,US64115T1043,64115T104
2025-05-31,QLYS,identifier,Qualys Inc,0.095523270551,96333399.35,695297.0,138.54999999999998,US74758T3032,74758T303
2025-05-31,AEHR,identifier,Aehr Test Systems,0.006322854896,6376478.76,668394.0,9.54,US00760J1088,00760J108
2025-05-31,FROG,identifier,JFrog Ltd,0.0947474833,95551032.68,2225222.0,42.940000000000005,IL0011684185,M6191J100
2025-05-31,CLSK,identifier,Cleanspark Inc,0.048064975891,48472612.91,5616757.0,8.629999999999999,US18452B2097,18452B209
2025-05-31,MKSI,identifier,MKS Instruments Inc,0.077282878491,77938311.3,948270.0,82.19,US55306N1046,55306N104
2025-05-31,P,identifier,Pure Storage Inc,0.15368350546,154986888.74,2892086.0,53.59,US74624M1027,74624M102
2025-05-31,DOCN,identifier,DigitalOcean Holdings Inc,0.040137846727,40478254.1,1430327.0,28.3,US25402D1028,25402D102
2025-05-31,SMTC,identifier,Semtech Corp,0.064805289315,65354900.22,1750734.0,37.33,US8168501018,816850101
2025-05-31,RMBS,identifier,Rambus Inc,0.094665637481,95468492.73,1785459.0,53.47,US7509171069,750917106
2025-05-31,STX,identifier,Seagate Technology Holdings PLC,0.212253673336,214053787.72,1814938.0,117.94,IE00BKVD2N49,G7997R103
2025-05-31,DT,identifier,Dynatrace Inc,0.159492426121,160845074.61,2978061.0,54.010000000000005,US2681501092,268150109
2025-05-31,JNPR,manual table,Juniper Networks Inc,0.128022735242,129108490.62,3593334.0,35.93,US48203R1041,48203R104
2025-05-31,SITM,identifier,SiTime Corp,0.085929275714,86658038.25,441975.0,196.07,US82982T1060,82982T106
2025-05-31,ACIW,identifier,ACI Worldwide Inc,0.086924846431,87662052.36,1894986.0,46.26,US0044981019,004498101
2025-05-31,NABL,identifier,N-able Inc/US,0.013768739316,13885511.41,1782479.0,7.79,US62878D1000,62878D100
2025-05-31,WOLF,SEC company list,Wolfspeed Inc,0.003596406023,3626906.99,3047821.0,1.1900000000000002,US9778521024,977852102
2025-05-31,BL,identifier,BlackLine Inc,0.070370086645,70966892.36,1268852.0,55.93,US09239B1098,09239B109
2025-05-31,AVPT,identifier,AvePoint Inc,0.04575409432,46142132.85,2474109.0,18.650000000000002,US0536041041,053604104
2025-05-31,ATEN,identifier,A10 Networks Inc,0.030445144007,30703347.98,1778873.0,17.26,US0021211018,002121101
2025-05-31,CDNS,identifier,Cadence Design Systems Inc,0.531697552918,536206857.27,1867861.0,287.07,US1273871087,127387108
2025-05-31,ROP,identifier,Roper Technologies Inc,0.430966011212,434621015.64,762132.0,570.27,US7766961061,776696106
2025-05-31,COHR,identifier,Coherent Corp,0.11214149693,113092564.2,1495340.0,75.63,US19247G1076,19247G107
2025-05-31,LSCC,identifier,Lattice Semiconductor Corp,0.089058368322,89813668.56,1998524.0,44.94,US5184151042,518415104
2025-05-31,FORM,identifier,FormFactor Inc,0.051816109031,52255559.25,1750605.0,29.85,US3463751087,346375108
2025-05-31,ZM,identifier,Zoom Video Communications Inc,0.188776680494,190377687.5,2343110.0,81.25,US98980L1017,98980L101
2025-05-31,BMI,identifier,Badger Meter Inc,0.120920988713,121946514.48,491284.0,248.22,US0565251081,056525108
2025-05-31,HPE,identifier,Hewlett Packard Enterprise Co,0.19021847337,191831708.16,11101372.0,17.28,US42824C1099,42824C109
2025-05-31,CEVA,identifier,CEVA Inc,0.010639213601,10729444.32,571932.0,18.76,US1572101053,157210105
2025-05-31,BSY,identifier,Bentley Systems Inc,0.105756815997,106653735.06,2234522.0,47.730000000000004,US08265T2087,08265T208
2025-05-31,CORZ,identifier,Core Scientific Inc,0.00054881537,553469.85,51969.0,10.65,US21874A1060,21874A106
2025-05-31,FTNT,identifier,Fortinet Inc,0.467346454301,471309999.72,4630674.0,101.78,US34959E1091,34959E109
2025-05-31,ADEA,identifier,Adeia Inc,0.0333345426,33617251.44,2618166.0,12.84,US00676P1075,00676P107
2025-05-31,ASAN,identifier,Asana Inc,0.0366653304,36976287.51,2064561.0,17.91,US04342Y1047,04342Y104
2025-05-31,CRNC,identifier,Cerence Inc,0.008091529978,8160153.9,958890.0,8.51,US1567271093,156727109
2025-05-31,ITRI,identifier,Itron Inc,0.099941382581,100788981.2,871877.0,115.60000000000001,US4657411066,465741106
2025-05-31,RPD,identifier,Rapid7 Inc,0.032661641258,32938643.25,1435235.0,22.95,US7534221046,753422104
2025-05-31,ENPH,identifier,Enphase Energy Inc,0.055889416196,56363411.96,1361764.0,41.39,US29355A1079,29355A107
2025-05-31,NVTS,identifier,Navitas Semiconductor Corp,0.014604769272,14728631.7,2887967.0,5.1,US63942X1063,63942X106
2025-05-31,KVYO,identifier,Klaviyo Inc,0.060426574787,60939050.0,1792325.0,34.0,US49845K1016,49845K101
2025-05-31,VRSN,identifier,VeriSign Inc,0.233089855589,235066680.75,862725.0,272.47,US92343E1029,92343E102
2025-05-31,HUCK,identifier,Domo Inc,0.010085161573,10170693.4,800842.0,12.700000000000001,US2575541055,257554105
2025-05-31,AMPL,identifier,Amplitude Inc,0.022319891528,22509185.58,1816722.0,12.389999999999999,US03213A1043,03213A104
2025-05-31,MEI,identifier,Methode Electronics Inc,0.006400111278,6454390.35,811873.0,7.949999999999999,US5915202007,591520200
2025-05-31,DIOD,identifier,Diodes Inc,0.049116792966,49533350.4,1115616.0,44.4,US2545431015,254543101
2025-05-31,OUST,identifier,Ouster Inc,0.011956436262,12057838.29,985923.0,12.229999999999999,US68989M2026,68989M202
2025-05-31,UIS,identifier,Unisys Corp,0.007539121441,7603060.41,1593933.0,4.7700000000000005,US9092143067,909214306
2025-05-31,CFLT,manual table,Confluent Inc,0.085044761987,85766023.0,3724100.0,23.03,US20717M1036,20717M103
2025-05-31,EGHT,identifier,8x8 Inc,0.004531077881,4569505.76,2786284.0,1.64,US2829141009,282914100
2025-05-31,QCOM,identifier,QUALCOMM Inc,1.02964883915,1038381247.2,7151386.0,145.20000000000002,US7475251036,747525103
2025-05-31,FSLY,identifier,Fastly Inc,0.022661216307,22853405.12,3139204.0,7.28,US31188V1008,31188V100
2025-05-31,NOVT,identifier,Novanta Inc,0.070376025002,70972881.08,573194.0,123.82,CA67000B1040,67000B104
2025-05-31,TXN,identifier,Texas Instruments Inc,1.057022594544,1065987158.25,5829845.0,182.85,US8825081040,882508104
2025-05-31,ROG,identifier,Rogers Corp,0.02661365051,26839359.75,403175.0,66.57,US7751331015,775133101
2025-05-31,BILL,identifier,BILL Holdings Inc,0.061056784009,61574604.0,1409675.0,43.68,US0900431000,090043100
2025-05-31,NN,identifier,NextNav Inc,0.012880998251,12990241.45,1035079.0,12.549999999999999,US65345N1063,65345N106
2025-05-31,LASR,identifier,nLight Inc,0.016428654737,16567985.46,1095042.0,15.13,US65487K1007,65487K100
2025-05-31,BLND,identifier,Blend Labs Inc,0.017028434332,17172851.76,4692036.0,3.66,US09352U1088,09352U108
2025-05-31,POWI,identifier,Power Integrations Inc,0.065270809587,65824368.55,1323635.0,49.73,US7392761034,739276103
2025-05-31,SNDK,identifier,Sandisk Corp/DE,0.036767410702,37079233.55,983795.0,37.69,US80004C2008,80004C200
2025-05-31,BOX,identifier,Box Inc,0.109987099423,110919895.34,2932837.0,37.82,US10316T1043,10316T104
2025-05-31,YEXT,identifier,Yext Inc,0.01723149891,17377638.52,2589812.0,6.71,US98585N1063,98585N106
2025-05-31,CRM,identifier,Salesforce Inc,1.570542204781,1583861906.48,5968504.0,265.37,US79466L3024,79466L302
2025-05-31,PMTS,identifier,CPI Card Group Inc,0.002655799477,2678323.2,120320.0,22.26,US12634H2004,12634H200
2025-05-31,RAMP,identifier,LiveRamp Holdings Inc,0.051029384498,51462162.54,1579563.0,32.58,US53815P1084,53815P108
2025-05-31,XRX,identifier,Xerox Holdings Corp,0.013828948376,13946231.1,2851990.0,4.89,US98421M1062,98421M106
2025-05-31,,,E2open Parent Holdings Inc,0.011842379909,11942814.63,3720503.0,3.2100000000000004,US29788T1034,29788T103
2025-05-31,IONQ,identifier,IonQ Inc,0.139431552746,140614065.82,3485723.0,40.339999999999996,US46222L1089,46222L108
2025-05-31,,,FARO Technologies Inc,0.019263189964,19426560.26,458498.0,42.370000000000005,US3116421021,311642102
2025-05-31,OKTA,identifier,Okta Inc,0.165649442497,167054308.38,1619214.0,103.17,US6792951054,679295105
2025-05-31,MSTR,identifier,MicroStrategy Inc,0.433859172732,437538713.94,1185549.0,369.06,US5949724083,594972408
2025-05-31,TDY,identifier,Teledyne Technologies Inc,0.212357112056,214158103.7,429295.0,498.85999999999996,US8793601050,879360105
2025-05-31,CCSI,identifier,Consensus Cloud Solutions Inc,0.009589928136,9671259.91,440203.0,21.97,US20848V1052,20848V105
2025-05-31,ACN,identifier,Accenture PLC,1.243360555664,1253905443.7,3957785.0,316.82,IE00B4BNMY34,G1151C101
2025-05-31,CRUS,identifier,Cirrus Logic Inc,0.075586478884,76227524.6,774985.0,98.35999999999999,US1727551004,172755100
2025-05-31,CNXN,identifier,PC Connection Inc,0.020561408964,20735789.4,317061.0,65.39999999999999,US69318J1007,69318J100
2025-05-31,BLKB,identifier,Blackbaud Inc,0.060625999484,61140166.01,982487.0,62.23,US09227Q1004,09227Q100
2025-05-31,,,Jamf Holding Corp,0.015981332994,16116870.0,1534940.0,10.5,US47074L1052,47074L105
2025-05-31,PEGA,identifier,Pegasystems Inc,0.099923452892,100770899.45,1026703.0,98.15,US7055731035,705573103
2025-05-31,PANW,identifier,Palo Alto Networks Inc,0.811681427406,818565263.1,4254055.0,192.42000000000002,US6974351057,697435105
2025-05-31,AVT,identifier,Avnet Inc,0.08479168407,85510798.74,1709874.0,50.01,US0538071038,053807103
2025-05-31,MITK,identifier,Mitek Systems Inc,0.010115553371,10201342.95,1086405.0,9.389999999999999,US6067102003,606710200
2025-05-31,,,Informatica Inc,0.036753444975,37065149.38,1543738.0,24.01,US45674M1018,45674M101
2025-05-31,COHU,identifier,Cohu Inc,0.019179645432,19342307.19,1133117.0,17.07,US1925761066,192576106
2025-05-31,TENB,identifier,Tenable Holdings Inc,0.070865018866,71466022.08,2218064.0,32.22,US88025T1025,88025T102
2025-05-31,ALRM,identifier,Alarm.com Holdings Inc,0.064162117607,64706273.8,1127287.0,57.4,US0116421050,011642105
2025-05-31,BELFB,identifier,Bel Fuse Inc,0.018343872397,18499446.0,250670.0,73.8,US0773473006,077347300
2025-05-31,VSH,identifier,Vishay Intertechnology Inc,0.037661866877,37981275.57,2699451.0,14.07,US9282981086,928298108
2025-05-31,KLAC,identifier,KLA Corp,0.671283805848,676976935.28,894431.0,756.88,US4824801009,482480100
2025-05-31,PLAB,identifier,Photronics Inc,0.025318224057,25532946.84,1528004.0,16.71,US7194051022,719405102
2025-05-31,HLIT,identifier,Harmonic Inc,0.023799708206,24001552.52,2660926.0,9.02,US4131601027,413160102
2025-05-31,CDW,identifier,CDW Corp/DE,0.196273657769,197938246.32,1097462.0,180.35999999999999,US12514G1085,12514G108
2025-05-31,FN,identifier,Fabrinet,0.104834580983,105723678.61,454003.0,232.87,KYG3323L1005,G3323L100
2025-05-31,KN,identifier,Knowles Corp,0.034603672702,34897144.98,2126578.0,16.41,US49926D1090,49926D109
2025-05-31,HPQ,identifier,HP Inc,0.190733552248,192351155.4,7724946.0,24.900000000000002,US40434L1052,40434L105
2025-05-31,PI,identifier,Impinj Inc,0.059930114118,60438378.87,529743.0,114.08999999999999,US4532041096,453204109
2025-05-31,CRWD,identifier,Crowdstrike Holdings Inc,0.751506504153,757879998.88,1607824.0,471.37,US22788C1053,22788C105
2025-05-31,IBM,identifier,International Business Machines Corp,1.507804421892,1520592047.12,5869652.0,259.06,US4592001014,459200101
2025-05-31,AAOI,identifier,Applied Optoelectronics Inc,0.000378664859,381876.3,24765.0,15.42,US03823U1025,03823U102
2025-05-31,EXTR,identifier,Extreme Networks Inc,0.048768446914,49182050.04,3138612.0,15.67,US30226D1063,30226D106
2025-05-31,GLW,identifier,Corning Inc,0.315018445014,317690103.06,6406334.0,49.59,US2193501051,219350105
2025-05-31,WEAV,identifier,Weave Communications Inc,0.008208989459,8278609.55,857887.0,9.65,US94724R1086,94724R108
2025-05-31,CXT,identifier,Crane NXT Co,0.062189465317,62716891.53,1169873.0,53.61,US2244411052,224441105
2025-05-31,NCNO,identifier,nCino Inc,0.054329941177,54790711.1,2083297.0,26.3,US63947X1019,63947X101
2025-05-31,APPS,identifier,Digital Turbine Inc,0.0104746898,10563525.2,2238035.0,4.72,US25400W1027,25400W102
2025-05-31,MU,identifier,Micron Technology Inc,0.681916009878,687699310.58,7280323.0,94.46000000000001,US5951121038,595112103
2025-05-31,PTC,identifier,PTC Inc,0.180605846609,182137557.12,1082091.0,168.32,US69370C1009,69370C100
2025-05-31,MSI,identifier,Motorola Solutions Inc,0.473456880853,477472248.54,1149483.0,415.38,US6200763075,620076307
2025-05-31,BDC,identifier,Belden Inc,0.088098696697,88845858.0,836590.0,106.2,US0774541066,077454106
2025-05-31,AMAT,identifier,Applied Materials Inc,0.832743998288,839806464.75,5357617.0,156.75,US0382221051,038222105
2025-05-31,AI,identifier,C3.ai Inc,0.069578102529,70168191.46,2638894.0,26.589999999999996,US12468P1049,12468P104
2025-05-31,FICO,identifier,Fair Isaac Corp,0.305101144796,307688694.64,178238.0,1726.28,US3032501047,303250104
2025-05-31,NVDA,identifier,NVIDIA Corp,16.01997417244,16155838892.63,119557751.0,135.13,US67066G1040,67066G104
2025-05-31,APPF,identifier,Appfolio Inc,0.086910711806,87647797.86,415058.0,211.17,US03783C1009,03783C100
2025-05-31,IDCC,identifier,InterDigital Inc,0.110699991813,111638833.74,513849.0,217.26,US45867G1013,45867G101
2025-05-31,LFUS,identifier,Littelfuse Inc,0.078911668651,79580915.16,388086.0,205.06,US5370081045,537008104
2025-05-31,FRSH,identifier,Freshworks Inc,0.064256858493,64801818.18,4243734.0,15.27,US3580541049,358054104
2025-05-31,LRCX,identifier,Lam Research Corp,0.691025739488,696886299.42,8625898.0,80.78999999999999,US5128073062,512807306
2025-05-31,PLTR,identifier,Palantir Technologies Inc,1.747056454907,1761873166.46,13369807.0,131.78,US69608A1088,69608A108
2025-05-31,,,Couchbase Inc,0.017420382298,17568123.82,972226.0,18.07,US22207T1016,22207T101
2025-05-31,UCTT,identifier,Ultra Clean Holdings Inc,0.020914098429,21091470.01,1088873.0,19.37,US90385V1070,90385V107
2025-05-31,WDAY,identifier,Workday Inc,0.378836921338,382049821.17,1542327.0,247.71,US98138H1014,98138H101
2025-05-31,BELFA,identifier,Bel Fuse Inc,0.001953764446,1970334.24,31024.0,63.51,US0773472016,077347201
2025-05-31,SNX,identifier,TD SYNNEX Corp,0.120663087185,121686425.7,1002855.0,121.34,US87162W1009,87162W100
2025-05-31,LWLG,identifier,Lightwave Logic Inc,0.002836260039,2860314.24,2918688.0,0.9800000000000001,US5322751042,532275104
2025-05-31,SLAB,identifier,Silicon Laboratories Inc,0.084333272231,85048499.13,705621.0,120.52999999999999,US8269191024,826919102
2025-05-31,DOCU,identifier,DocuSign Inc,0.184409546542,185973516.07,2098787.0,88.61,US2561631068,256163106
2025-05-31,VERX,identifier,Vertex Inc,0.052318609535,52762321.44,1333392.0,39.57,US92538J1060,92538J106
2025-05-31,VRNS,identifier,Varonis Systems Inc,0.084746240337,85464969.6,1792470.0,47.68,US9222801022,922280102
2025-05-31,FSLR,identifier,First Solar Inc,0.141255493998,142453475.84,901148.0,158.08,US3364331070,336433107
2025-05-31,CCC,identifier,CCC Intelligent Solutions Holdings Inc,0.072605902863,73221670.44,8339598.0,8.78,US12510Q1004,12510Q100
2025-05-31,PDFS,identifier,PDF Solutions Inc,0.013046102856,13156746.3,743319.0,17.7,US6932821050,693282105
2025-05-31,ICHR,identifier,Ichor Holdings Ltd,0.012695558745,12803229.24,811358.0,15.780000000000001,KYG4740B1059,G4740B105
2025-05-31,AGYS,identifier,Agilysys Inc,0.062644348671,63175632.73,596503.0,105.91,US00847J1051,00847J105
2025-05-31,CMRC,identifier,BigCommerce Holdings Inc,0.00793906695,8006397.84,1588571.0,5.04,US08975P1084,08975P108
2025-05-31,NTAP,identifier,NetApp Inc,0.169488337531,170925760.92,1723737.0,99.16,US64110D1046,64110D104
2025-05-31,ZS,identifier,Zscaler Inc,0.237338851287,239351712.0,868160.0,275.7,US98980G1022,98980G102
2025-05-31,AEIS,identifier,Advanced Energy Industries Inc,0.093065404023,93854687.76,817692.0,114.78,US0079731008,007973100
2025-05-31,CRDO,identifier,Credo Technology Group Holding Ltd,0.114911437303,115885996.32,1901017.0,60.959999999999994,KYG254571055,G25457105
2025-05-31,,,SEMrush Holdings Inc,0.007186018879,7246963.2,736480.0,9.84,US81686C1045,81686C104
2025-05-31,OLED,identifier,Universal Display Corp,0.086160591485,86891315.8,606148.0,143.35,US91347P1057,91347P105
2025-05-31,VPG,identifier,Vishay Precision Group Inc,0.00747781358,7541232.6,293205.0,25.72,US92835K1034,92835K103
2025-05-31,FIVN,identifier,Five9 Inc,0.046891147778,47288829.61,1783811.0,26.509999999999998,US3383071012,338307101
2025-05-31,ALKT,identifier,Alkami Technology Inc,0.037240541192,37556376.64,1311326.0,28.64,US01644J1088,01644J108
2025-05-31,ALAB,identifier,Astera Labs Inc,0.000636536282,641934.72,7076.0,90.72,US04626A1034,04626A103
2025-05-31,ONTO,identifier,Onto Innovation Inc,0.054597163516,55060199.74,598871.0,91.94,US6833441057,683344105
2025-05-31,HCKT,identifier,Hackett Group Inc/The,0.014596082167,14719870.92,600321.0,24.52,US4046091090,404609109
2025-05-31,U,identifier,Unity Software Inc,0.136904431176,138065511.84,5293923.0,26.080000000000002,US91332U1016,91332U101
2025-05-31,FLEX,identifier,Flex Ltd,0.175541016399,177029772.3,4185101.0,42.300000000000004,SG9999000020,Y2573F102
2025-05-31,AVGO,identifier,Broadcom Inc,5.080671654541,5123760614.94,21166442.0,242.07,US11135F1012,11135F101
2025-05-31,MX,identifier,Magnachip Semiconductor Corp,0.002893892927,2918435.91,808431.0,3.6100000000000003,US55933J2033,55933J203
2025-05-31,VISN,identifier,CommScope Holding Co Inc,0.030702878948,30963268.76,5126369.0,6.04,US20337X1090,20337X109
2025-05-31,ANET,identifier,Arista Networks Inc,0.614036533612,619244151.36,7147324.0,86.64,US0404132054,040413205
2025-05-31,CSCO,identifier,Cisco Systems Inc,1.578468518135,1591855442.56,25251514.0,63.04,US17275R1023,17275R102
2025-05-31,SCSC,identifier,ScanSource Inc,0.021920367574,22106273.28,547456.0,40.38,US8060371072,806037107
2025-05-31,TEL,identifier,TE Connectivity PLC,0.359675589827,362725983.22,2266046.0,160.07000000000002,IE000IVNQZ81,G87052109
2025-05-31,IIIV,identifier,I3 Verticals Inc,0.000635268484,640656.17,25927.0,24.71,US46571Y1073,46571Y107
2025-05-31,DBX,identifier,Dropbox Inc,0.106210783201,107111552.34,3711419.0,28.86,US26210C1045,26210C104
2025-05-31,PD,identifier,PagerDuty Inc,0.029283537165,29531889.6,2070960.0,14.260000000000002,US69553P1003,69553P100
2025-05-31,TDC,identifier,Teradata Corp,0.050404693456,50832173.52,2314762.0,21.96,US88076W1036,88076W103
2025-05-31,RNG,identifier,RingCentral Inc,0.044852419139,45232810.6,1744420.0,25.93,US76680R2067,76680R206
2025-05-31,CTSH,identifier,Cognizant Technology Solutions Corp,0.308410924971,311026544.92,3840308.0,80.99000000000001,US1924461023,192446102
2025-05-31,GWRE,identifier,Guidewire Software Inc,0.179103208797,180622175.5,840025.0,215.02,US40171V1008,40171V100
2025-05-31,NTGR,identifier,NETGEAR Inc,0.019067593817,19229305.27,655619.0,29.33,US64111Q1040,64111Q104
2025-05-31,MXL,identifier,MaxLinear Inc,0.021577042906,21760036.89,1910451.0,11.39,US57776J1007,57776J100
2025-05-31,CRSR,identifier,Corsair Gaming Inc,0.009867107302,9950789.82,1132058.0,8.790000000000001,US22041X1028,22041X102
2025-05-31,AKAM,identifier,Akamai Technologies Inc,0.116025037745,117009041.16,1541012.0,75.92999999999999,US00971T1016,00971T101
2025-05-31,ENTG,identifier,Entegris Inc,0.100584366581,101437418.32,1475668.0,68.74,US29362U1043,29362U104
2025-05-31,SPSC,identifier,SPS Commerce Inc,0.076615083849,77264853.12,548912.0,140.76000000000002,US78463M1071,78463M107
2025-05-31,AMBA,identifier,Ambarella Inc,0.049148419304,49565244.96,941589.0,52.64,KYG037AX1015,G037AX101
2025-05-31,VIAV,identifier,Viavi Solutions Inc,0.048473025679,48884123.35,5365985.0,9.11,US9255501051,925550105
2025-05-31,GDYN,identifier,Grid Dynamics Holdings Inc,0.017213737117,17359726.09,1385453.0,12.53,US39813G1094,39813G109
2025-08-31,AIOT,identifier,Powerfleet Inc NJ,0.011368549865,13304773.96,2848988.0,4.67,US73931J1097,73931J109
2025-08-31,OSIS,identifier,OSI Systems Inc,0.074398057366,87069093.95,378479.0,230.05,US6710441055,671044105
2025-08-31,MVIS,SEC company list,MicroVision Inc,0.005814870704,6805225.05,5917587.0,1.15,US5949603048,594960304
2025-08-31,RAL,identifier,Ralliant Corp,0.096142837249,112517315.98,2691158.0,41.81,US7509401086,750940108
2025-08-31,,,Clearwater Analytics Holdings Inc,0.107783242325,126140245.92,6102576.0,20.67,US1851231068,185123106
2025-08-31,MIR,identifier,Mirion Technologies Inc,0.089055707279,104223148.0,5084056.0,20.5,US60471A1016,60471A101
2025-08-31,TER,identifier,Teradyne Inc,0.180903710318,211714159.04,1790546.0,118.24,US8807701029,880770102
2025-08-31,SNPS,identifier,Synopsys Inc,0.672381160214,786897137.92,1303846.0,603.52,US8716071076,871607107
2025-08-31,IT,identifier,Gartner Inc,0.180864497546,211668267.78,842662.0,251.19,US3666511072,366651107
2025-08-31,WK,identifier,Workiva Inc,0.082205561333,96206325.76,1169824.0,82.24000000000001,US98139A1051,98139A105
2025-08-31,ACLS,identifier,Axcelis Technologies Inc,0.052120096921,60996883.2,762080.0,80.04,US0545402085,054540208
2025-08-31,RMNI,identifier,Rimini Street Inc,0.004430077263,5184581.79,1197363.0,4.33,US76674Q1076,76674Q107
2025-08-31,GPGI,identifier,CompoSecure Inc,0.017847160846,20886783.6,1092405.0,19.12,US20459V1052,20459V105
2025-08-31,BHE,identifier,Benchmark Electronics Inc,0.029721837298,34783884.63,856957.0,40.59,US08160H1014,08160H101
2025-08-31,MTSI,identifier,MACOM Technology Solutions Holdings Inc,0.122959119259,143900788.35,1122909.0,128.15,US55405Y1001,55405Y100
2025-08-31,CVLT,identifier,Commvault Systems Inc,0.123695201099,144762235.29,775602.0,186.64499999999998,US2041661024,204166102
2025-08-31,DMRC,SEC company list,Digimarc Corp,0.002844823506,3329337.0,384450.0,8.66,US25381B1017,25381B101
2025-08-31,ARW,identifier,Arrow Electronics Inc,0.113657635486,133015130.94,1052918.0,126.33,US0427351004,042735100
2025-08-31,ALGM,identifier,Allegro MicroSystems Inc,0.080978180166,94769904.3,3071958.0,30.849999999999998,US01749D1054,01749D105
2025-08-31,,,ON24 Inc,0.002970947802,3476942.04,607857.0,5.72,US68339B1044,68339B104
2025-08-31,MDB,identifier,MongoDB Inc,0.254479783709,297821273.57,943637.0,315.61,US60937P1066,60937P106
2025-08-31,,,Verint Systems Inc,0.024861841376,29096162.98,1426982.0,20.39,US92343X1000,92343X100
2025-08-31,NSSC,identifier,Napco Security Technologies Inc,0.027497532535,32180749.45,845749.0,38.05,US6304021057,630402105
2025-08-31,GDDY,identifier,GoDaddy Inc,0.189893824403,222235416.12,1498452.0,148.31,US3802371076,380237107
2025-08-31,LAW,identifier,CS Disco Inc,0.002707731939,3168896.81,579323.0,5.47,US1263271058,126327105
2025-08-31,HUT,identifier,Hut 8 Corp,0.053664300416,62804086.29,2349573.0,26.73,US44812J1043,44812J104
2025-08-31,INDI,identifier,indie Semiconductor Inc,0.017893269263,20940744.93,4622681.0,4.53,US45569U1016,45569U101
2025-08-31,CGNX,identifier,Cognex Corp,0.118294533529,138441758.0,3150700.0,43.94,US1924221039,192422103
2025-08-31,TEAM,identifier,Atlassian Corp,0.236670138903,276978395.52,1557984.0,177.78,US0494681010,049468101
2025-08-31,AAPL,identifier,Apple Inc,13.1240405674,15359249442.9,66163735.0,232.14,US0378331005,037833100
2025-08-31,SNOW,identifier,Snowflake Inc,0.481610004743,563634968.9,2361665.0,238.66,US8334451098,833445109
2025-08-31,JBL,identifier,Jabil Inc,0.201487777743,235803982.94,1151218.0,204.82999999999998,US4663131039,466313103
2025-08-31,CXM,identifier,Sprinklr Inc,0.021258101407,24878655.36,2879474.0,8.64,US85208T1079,85208T107
2025-08-31,,,Olo Inc,0.023751783611,27797046.75,2711907.0,10.25,US68134L1098,68134L109
2025-08-31,ADI,identifier,Analog Devices Inc,0.717516098885,839719192.08,3341368.0,251.31,US0326541051,032654105
2025-08-31,QTWO,identifier,Q2 Holdings Inc,0.099461776832,116401517.7,1478490.0,78.73,US74736L1098,74736L109
2025-08-31,XPER,identifier,Xperi Inc,0.005013474679,5867340.0,977890.0,6.0,US98423J1016,98423J101
2025-08-31,CALX,identifier,Calix Inc,0.074233173423,86876127.95,1461331.0,59.45,US13100M5094,13100M509
2025-08-31,EXOD,identifier,New Issuer: BB Company ID:69571407,0.002886677979,3378319.88,133954.0,25.22,US30209R1068,30209R106
2025-08-31,TTMI,identifier,TTM Technologies Inc,0.0918375453,107478772.2,2411460.0,44.57,US87305R1095,87305R109
2025-08-31,KD,identifier,Kyndryl Holdings Inc,0.121946472456,142715673.54,4489326.0,31.79,US50155Q1004,50155Q100
2025-08-31,RBBN,identifier,Ribbon Communications Inc,0.008034435415,9402812.88,2304611.0,4.08,US7625441040,762544104
2025-08-31,PCOR,identifier,Procore Technologies Inc,0.125560645538,146945391.18,2114018.0,69.51,US74275K1088,74275K108
2025-08-31,AMD,identifier,Advanced Micro Devices Inc,1.443963323913,1689890606.82,10391014.0,162.63,US0079031078,007903107
2025-08-31,NSIT,identifier,Insight Enterprises Inc,0.075853572806,88772504.16,682026.0,130.16,US45765U1034,45765U103
2025-08-31,SEDG,identifier,SolarEdge Technologies Inc,0.040471184385,47363996.86,1400473.0,33.82,US83417M1045,83417M104
2025-08-31,APH,identifier,Amphenol Corp,0.771875088073,903336282.42,8298147.0,108.86,US0320951017,032095101
2025-08-31,VECO,identifier,Veeco Instruments Inc,0.029848838633,34932516.08,1424654.0,24.52,US9224171002,922417100
2025-08-31,PRGS,identifier,Progress Software Corp,0.040442805251,47330784.36,1022484.0,46.29,US7433121008,743312100
2025-08-31,MSFT,identifier,Microsoft Corp,13.80683593376,16158334472.89,31889981.0,506.69,US5949181045,594918104
2025-08-31,IPGP,identifier,IPG Photonics Corp,0.04232020948,49527936.96,605328.0,81.82000000000001,US44980X1090,44980X109
2025-08-31,NOW,identifier,ServiceNow Inc,1.049871898755,1228679863.74,1339219.0,917.46,US81762P1021,81762P102
2025-08-31,LITE,identifier,Lumentum Holdings Inc,0.141216310164,165267435.9,1244390.0,132.81,US55024U1097,55024U109
2025-08-31,DJCO,identifier,Daily Journal Corp,0.012410611703,14524313.6,31088.0,467.2,US2339121046,233912104
2025-08-31,ESTC,identifier,Elastic NV,0.127859493864,149635765.74,1759179.0,85.06,NL0013056914,N14506104
2025-08-31,EPAM,identifier,EPAM Systems Inc,0.139376823329,163114658.56,924896.0,176.36,US29414B1044,29414B104
2025-08-31,NET,identifier,Cloudflare Inc,0.418020075136,489214779.03,2343993.0,208.70999999999998,US18915M1071,18915M107
2025-08-31,SOUN,identifier,SoundHound AI Inc,0.08906616413,104235385.8,8005790.0,13.02,US8361001071,836100107
2025-08-31,TRMB,identifier,Trimble Inc,0.175159825387,204992009.64,2536402.0,80.82,US8962391004,896239100
2025-08-31,PLUS,identifier,ePlus Inc,0.038941740108,45574066.69,629737.0,72.36999999999999,US2942681071,294268107
2025-08-31,SMRT,identifier,SmartRent Inc,0.005080355358,5945611.4,4017305.0,1.48,US83193G1076,83193G107
2025-08-31,ADBE,identifier,Adobe Inc,0.859286455038,1005635035.8,2819274.0,356.7,US00724F1012,00724F101
2025-08-31,CLFD,identifier,Clearfield Inc,0.007781349833,9106623.26,279173.0,32.62,US18482P1030,18482P103
2025-08-31,ON,identifier,ON Semiconductor Corp,0.182040483937,213044541.21,4296119.0,49.59,US6821891057,682189105
2025-08-31,APLD,identifier,Applied Digital Corp,0.065393679992,76531144.34,4789183.0,15.98,US0381692070,038169207
2025-08-31,INTU,identifier,Intuit Inc,1.032757541073,1208650690.0,1812070.0,667.0,US4612021034,461202103
2025-08-31,EFOR,identifier,ASGN Inc,0.048157965699,56359945.25,1038893.0,54.25,US00191U1025,00191U102
2025-08-31,OSPN,identifier,OneSpan Inc,0.011155441833,13055370.63,863165.0,15.125000005792636,US68287N1000,68287N100
2025-08-31,AOSL,identifier,Alpha & Omega Semiconductor Ltd,0.014763382793,17277794.73,600549.0,28.77,BMG6331P1041,G6331P104
2025-08-31,MARA,identifier,MARA Holdings Inc,0.109772308373,128468077.92,8039304.0,15.98,US5657881067,565788106
2025-08-31,SWKS,identifier,Skyworks Solutions Inc,0.136745957225,160035718.92,2135518.0,74.94,US83088M1027,83088M102
2025-08-31,DLB,identifier,Dolby Laboratories Inc,0.08926266779,104465356.8,1457385.0,71.67999999999999,US25659T1079,25659T107
2025-08-31,NXPI,identifier,NXP Semiconductors NV,0.382068439885,447140074.15,1903939.0,234.85,NL0009538784,N6596X109
2025-08-31,INTA,identifier,Intapp Inc,0.052851435316,61852778.82,1344918.0,45.99,US45827U1097,45827U109
2025-08-31,NVEC,identifier,NVE Corp,0.006346179232,7427022.9,115005.0,64.58,US6294452064,629445206
2025-08-31,RIOT,identifier,Riot Platforms Inc,0.09469464469,110822475.84,8053959.0,13.76,US7672921050,767292105
2025-08-31,MRVL,identifier,Marvell Technology Inc,0.33850034428,396151718.49,6301626.0,62.865,US5738741041,573874104
2025-08-31,TWLO,identifier,Twilio Inc,0.165651664455,193864475.04,1835664.0,105.61,US90138F1021,90138F102
2025-08-31,BRZE,identifier,Braze Inc,0.041262325889,48289880.9,1743317.0,27.7,US10576N1028,10576N102
2025-08-31,LIF,identifier,Life360 Inc,0.118253386242,138393602.75,1530141.0,90.44500000326768,US5322061095,532206109
2025-08-31,ADSK,identifier,Autodesk Inc,0.430296989969,503582625.3,1600199.0,314.7,US0527691069,052769106
2025-08-31,KEYS,identifier,Keysight Technologies Inc,0.222222606329,260070244.75,1591325.0,163.43,US49338L1035,49338L103
2025-08-31,ARLO,identifier,Arlo Technologies Inc,0.036501768853,42718533.98,2453678.0,17.41,US04206A1016,04206A101
2025-08-31,PRCH,identifier,Porch Group Inc,0.023085766544,27017597.6,1592080.0,16.970000000000002,US7332451043,733245104
2025-08-31,GTLB,identifier,Gitlab Inc,0.125862340294,147298468.8,3067440.0,48.02,US37637K1088,37637K108
2025-08-31,WDC,identifier,Western Digital Corp,0.226513375365,265091792.16,3299624.0,80.34,US9581021055,958102105
2025-08-31,GEN,identifier,Gen Digital Inc,0.157525232573,184353997.4,6104437.0,30.2,US6687711084,668771108
2025-08-31,RBRK,identifier,Rubrik Inc,0.137694969034,161146360.8,1802532.0,89.4,US7811541090,781154109
2025-08-31,CTS,identifier,CTS Corp,0.024439134917,28601463.66,673134.0,42.49,US1265011056,126501105
2025-08-31,S,identifier,SentinelOne Inc,0.115637450754,135332136.62,7175617.0,18.86,US81730H1095,81730H109
2025-08-31,DBD,identifier,Diebold Nixdorf Inc,0.018467080946,21612284.82,353662.0,61.11,US2536512021,253651202
2025-08-31,EXFY,identifier,Expensify Inc,0.002558893834,2994709.48,1527913.0,1.96,US30219Q1067,30219Q106
2025-08-31,PATH,identifier,UiPath Inc,0.092871881827,108689270.8,9774215.0,11.12,US90364P1057,90364P105
2025-08-31,PLXS,identifier,Plexus Corp,0.075263980437,88082495.91,642891.0,137.01,US7291321005,729132100
2025-08-31,SPT,identifier,Sprout Social Inc,0.01660459825,19432595.1,1230690.0,15.790000000000001,US85209W1099,85209W109
2025-08-31,ORCL,identifier,Oracle Corp,2.033057371342,2379315664.09,10521893.0,226.13000000000002,US68389X1054,68389X105
2025-08-31,AUR,identifier,Aurora Innovation Inc,0.097109038725,113648075.17,20186159.0,5.63,US0517741072,051774107
2025-08-31,DELL,identifier,Dell Technologies Inc,0.270887407041,317023346.15,2595361.0,122.14999999999999,US24703L2025,24703L202
2025-08-31,PGY,identifier,Pagaya Technologies Ltd,0.035363375798,41386256.56,1122187.0,36.88,IL0011858912,M7S64L123
2025-08-31,ACMR,identifier,ACM Research Inc,0.030304872317,35466218.72,1256776.0,28.22,US00108J1097,00108J109
2025-08-31,INTC,identifier,Intel Corp,0.620216001739,725847518.55,29808933.0,24.349999999999998,US4581401001,458140100
2025-08-31,MPWR,identifier,Monolithic Power Systems Inc,0.281762635839,329750779.52,394552.0,835.76,US6098391054,609839105
2025-08-31,YOU,identifier,Clear Secure Inc,0.057752682558,67588777.47,1861437.0,36.31,US18467V1098,18467V109
2025-08-31,TYL,identifier,Tyler Technologies Inc,0.201749867883,236110710.72,419469.0,562.88,US9022521051,902252105
2025-08-31,CIFR,identifier,Cipher Mining Inc,0.040254553666,47110470.88,6166292.0,7.640000000000001,US17253J1060,17253J106
2025-08-31,KE,identifier,Kimball Electronics Inc,0.014275195895,16706462.73,578679.0,28.87,US49428J1097,49428J109
2025-08-31,ZBRA,identifier,Zebra Technologies Corp,0.159277622916,186404844.49,587861.0,317.09000000000003,US9892071054,989207105
2025-08-31,APP,identifier,AppLovin Corp,0.648375119616,758802530.64,1585496.0,478.59,US03831W1080,03831W108
2025-08-31,RGTI,identifier,Rigetti Computing Inc,0.098877828461,115718114.7,7129890.0,16.23,US76655K1034,76655K103
2025-08-31,NTNX,identifier,Nutanix Inc,0.165257024436,193402622.27,2877587.0,67.21000000000001,US67059N1081,67059N108
2025-08-31,KLIC,identifier,Kulicke & Soffa Industries Inc,0.040106028682,46936650.0,1251644.0,37.5,US5012421013,501242101
2025-08-31,CIEN,identifier,Ciena Corp,0.149703738806,175200393.13,1864429.0,93.97,US1717793095,171779309
2025-08-31,DGII,identifier,Digi International Inc,0.02609617319,30540718.88,879629.0,34.72,US2537981027,253798102
2025-08-31,FFIV,identifier,F5 Inc,0.169951660253,198896820.66,635169.0,313.14,US3156161024,315616102
2025-08-31,PAR,identifier,PAR Technology Corp,0.04200697859,49161358.44,960558.0,51.18,US6988841036,698884103
2025-08-31,IOT,identifier,Samsara Inc,0.141814457988,165967456.72,4592348.0,36.14,US79589L1061,79589L106
2025-08-31,ADTN,identifier,ADTRAN Holdings Inc,0.013698778981,16031873.9,1709155.0,9.38,US00486H1059,00486H105
2025-08-31,SMCI,identifier,Super Micro Computer Inc,0.179991332693,210646390.66,5070929.0,41.54,US86800U3023,86800U302
2025-08-31,AMKR,identifier,Amkor Technology Inc,0.060561415812,70875877.54,2929966.0,24.19,US0316521006,031652100
2025-08-31,MANH,identifier,Manhattan Associates Inc,0.146536096001,171493256.16,796014.0,215.44,US5627501092,562750109
2025-08-31,APPN,identifier,Appian Corp,0.020183894079,23621495.4,767430.0,30.779999999999998,US03782L1017,03782L101
2025-08-31,SYNA,identifier,Synaptics Inc,0.054575804489,63870832.34,914269.0,69.86,US87157D1090,87157D109
2025-08-31,VSAT,identifier,Viasat Inc,0.068311863224,79946335.26,2472822.0,32.330000000000005,US92552V1008,92552V100
2025-08-31,QRVO,identifier,Qorvo Inc,0.120730764582,141292913.5,1557805.0,90.7,US74736K1016,74736K101
2025-08-31,RXT,identifier,Rackspace Technology Inc,0.002132170402,2495309.04,1980404.0,1.26,US7501021056,750102105
2025-08-31,ZETA,identifier,Zeta Global Holdings Corp,0.071581677721,83773045.2,4265430.0,19.64,US98956A1051,98956A105
2025-08-31,DDOG,identifier,Datadog Inc,0.28718816876,336100357.08,2459031.0,136.68,US23804L1035,23804L103
2025-08-31,SANM,identifier,Sanmina Corp,0.121538097483,142237746.56,1210328.0,117.52,US8010561020,801056102
2025-08-31,PRO,identifier,PROS Holdings Inc,0.013529192966,15833405.0,1021510.0,15.5,US74346Y1038,74346Y103
2025-08-31,,,Meridianlink Inc,0.014029733813,16419195.0,825500.0,19.89,US58985J1051,58985J105
2025-08-31,VNT,identifier,Vontier Corp,0.111984513061,131057052.21,3054231.0,42.91,US9288811014,928881101
2025-08-31,EVLV,identifier,Evolv Technologies Holdings Inc,0.017810570737,20843961.68,2529607.0,8.24,US30049H1023,30049H102
2025-08-31,VYX,identifier,NCR Voyix Corp,0.034956930751,40910588.2,3103990.0,13.180000000000001,US62886E1082,62886E108
2025-08-31,WULF,identifier,Terawulf Inc,0.058733914051,68737126.5,7273770.0,9.45,US88080T1043,88080T104
2025-08-31,DXC,identifier,DXC Technology Co,0.053244923943,62313284.1,4312338.0,14.450000000000001,US23355L1061,23355L106
2025-08-31,HUBS,identifier,HubSpot Inc,0.21277926586,249018570.45,515385.0,483.16999999999996,US4435731009,443573100
2025-08-31,MCHP,identifier,Microchip Technology Inc,0.256762407219,300492660.0,4622964.0,65.0,US5950171042,595017104
2025-08-31,NTCT,identifier,NetScout Systems Inc,0.035981940372,42110171.39,1691851.0,24.89,US64115T1043,64115T104
2025-08-31,QLYS,identifier,Qualys Inc,0.100039810227,117077998.32,862072.0,135.81,US74758T3032,74758T303
2025-08-31,AEHR,identifier,Aehr Test Systems,0.014311188771,16748585.7,671286.0,24.95,US00760J1088,00760J108
2025-08-31,PENG,identifier,Penguin Solutions Inc,0.024363831618,28513335.15,1181655.0,24.13,US7069151055,706915105
2025-08-31,FROG,identifier,JFrog Ltd,0.097485614763,114088787.41,2310893.0,49.37,IL0011684185,M6191J100
2025-08-31,CLSK,identifier,Cleanspark Inc,0.05392168346,63105305.29,6663707.0,9.47,US18452B2097,18452B209
2025-08-31,MKSI,identifier,MKS Instruments Inc,0.114207648796,133658819.26,1293389.0,103.34,US55306N1046,55306N104
2025-08-31,P,identifier,Pure Storage Inc,0.229640472584,268751478.06,3462846.0,77.61,US74624M1027,74624M102
2025-08-31,QUBT,identifier,Quantum Computing Inc,0.042946068703,50260388.82,3185069.0,15.78,US74766W1080,74766W108
2025-08-31,DOCN,identifier,DigitalOcean Holdings Inc,0.045169669228,52862699.82,1620561.0,32.62,US25402D1028,25402D102
2025-08-31,SMTC,identifier,Semtech Corp,0.102045673459,119425488.3,2055870.0,58.089999999999996,US8168501018,816850101
2025-08-31,RMBS,identifier,Rambus Inc,0.117957901494,138047792.79,1871327.0,73.77,US7509171069,750917106
2025-08-31,STX,identifier,Seagate Technology Holdings PLC,0.266264212422,311612756.4,1861486.0,167.39999999999998,IE00BKVD2N49,G7997R103
2025-08-31,DT,identifier,Dynatrace Inc,0.16291201046,190658219.4,3767949.0,50.6,US2681501092,268150109
2025-08-31,SITM,identifier,SiTime Corp,0.107167161818,125419238.23,518969.0,241.67000000000002,US82982T1060,82982T106
2025-08-31,ACIW,identifier,ACI Worldwide Inc,0.104963104782,122839799.25,2489155.0,49.35,US0044981019,004498101
2025-08-31,NABL,identifier,N-able Inc/US,0.01235343536,14457399.32,1793722.0,8.06,US62878D1000,62878D100
2025-08-31,BL,identifier,BlackLine Inc,0.058371948158,68313512.72,1256456.0,54.37,US09239B1098,09239B109
2025-08-31,AVPT,identifier,AvePoint Inc,0.040450777162,47340114.0,2893650.0,16.36,US0536041041,053604104
2025-08-31,ATEN,identifier,A10 Networks Inc,0.025892970593,30302908.02,1711062.0,17.71,US0021211018,002121101
2025-08-31,CDNS,identifier,Cadence Design Systems Inc,0.566564204249,663058064.61,1892127.0,350.43,US1273871087,127387108
2025-08-31,ROP,identifier,Roper Technologies Inc,0.367241955013,429788430.17,816607.0,526.3100000000001,US7766961061,776696106
2025-08-31,COHR,identifier,Coherent Corp,0.140095937365,163956247.84,1812272.0,90.47,US19247G1076,19247G107
2025-08-31,LSCC,identifier,Lattice Semiconductor Corp,0.129969659712,152105322.54,2291433.0,66.38,US5184151042,518415104
2025-08-31,FORM,identifier,FormFactor Inc,0.045598506571,53364574.2,1828180.0,29.19,US3463751087,346375108
2025-08-31,ZM,identifier,Zoom Video Communications Inc,0.192857539378,225703893.48,2772094.0,81.42,US98980L1017,98980L101
2025-08-31,,,Pivotal Software Inc,2.52e-09,2.95,295216.0,9.992683323397107e-06,,725ESC016
2025-08-31,BMI,identifier,Badger Meter Inc,0.103996341764,121708382.88,665364.0,182.92,US0565251081,056525108
2025-08-31,HPE,identifier,Hewlett Packard Enterprise Co,0.234964122666,274981820.7,12183510.0,22.57,US42824C1099,42824C109
2025-08-31,CEVA,identifier,CEVA Inc,0.010785674317,12622626.5,568075.0,22.22,US1572101053,157210105
2025-08-31,BSY,identifier,Bentley Systems Inc,0.131505602065,153902857.5,2765550.0,55.65,US08265T2087,08265T208
2025-08-31,CORZ,identifier,Core Scientific Inc,0.083948206771,98245768.25,6846395.0,14.35,US21874A1060,21874A106
2025-08-31,FIG,identifier,Figma Inc,0.000359052435,420204.12,5979.0,70.28,US3168411052,316841105
2025-08-31,FTNT,identifier,Fortinet Inc,0.341506009908,399669291.29,5073877.0,78.77000000000001,US34959E1091,34959E109
2025-08-31,ADEA,identifier,Adeia Inc,0.033096507878,38733309.12,2575353.0,15.04,US00676P1075,00676P107
2025-08-31,ASAN,identifier,Asana Inc,0.025350050678,29667521.2,2032022.0,14.6,US04342Y1047,04342Y104
2025-08-31,CRCL,identifier,Circle Internet Group Inc,0.10372501783,121390848.66,919767.0,131.98,US1725731079,172573107
2025-08-31,CRNC,identifier,Cerence Inc,0.00877023369,10263927.96,974732.0,10.530000000000001,US1567271093,156727109
2025-08-31,ITRI,identifier,Itron Inc,0.106966387911,125184269.7,1018255.0,122.94,US4657411066,465741106
2025-08-31,RPD,identifier,Rapid7 Inc,0.024267198713,28400244.3,1371330.0,20.71,US7534221046,753422104
2025-08-31,ENPH,identifier,Enphase Energy Inc,0.10030540481,117388827.4,3113762.0,37.7,US29355A1079,29355A107
2025-08-31,NVTS,identifier,Navitas Semiconductor Corp,0.017089152738,19999676.04,3412914.0,5.859999999999999,US63942X1063,63942X106
2025-08-31,KVYO,identifier,Klaviyo Inc,0.06742291401,78905985.48,2432367.0,32.440000000000005,US49845K1016,49845K101
2025-08-31,VRSN,identifier,VeriSign Inc,0.203995616257,238738941.66,873318.0,273.37,US92343E1029,92343E102
2025-08-31,HUCK,identifier,Domo Inc,0.009900194326,11586336.8,789260.0,14.680000000000001,US2575541055,257554105
2025-08-31,AMPL,identifier,Amplitude Inc,0.020610924215,24121254.78,2110346.0,11.43,US03213A1043,03213A104
2025-08-31,MEI,identifier,Methode Electronics Inc,0.005525162893,6466175.92,836504.0,7.7299999999999995,US5915202007,591520200
2025-08-31,DIOD,identifier,Diodes Inc,0.051192238733,59910997.7,1100597.0,54.43500000454299,US2545431015,254543101
2025-08-31,OUST,identifier,Ouster Inc,0.029563579551,34598673.36,1212712.0,28.53,US68989M2026,68989M202
2025-08-31,UIS,identifier,Unisys Corp,0.005360955452,6274001.64,1604604.0,3.9099999999999997,US9092143067,909214306
2025-08-31,CFLT,manual table,Confluent Inc,0.109528389698,128182616.46,6454311.0,19.86,US20717M1036,20717M103
2025-08-31,EGHT,identifier,8x8 Inc,0.00488713885,5719487.4,2888630.0,1.9800000000000002,US2829141009,282914100
2025-08-31,QCOM,identifier,QUALCOMM Inc,0.994416705177,1163779869.97,7240589.0,160.73,US7475251036,747525103
2025-08-31,FSLY,identifier,Fastly Inc,0.02121609054,24829489.45,3262745.0,7.609999999999999,US31188V1008,31188V100
2025-08-31,NOVT,identifier,Novanta Inc,0.08492068516,99383873.4,853740.0,116.41000000000001,CA67000B1040,67000B104
2025-08-31,RDVT,identifier,Red Violet Inc,0.01137368746,13310786.56,264944.0,50.24,US75704L1044,75704L104
2025-08-31,TXN,identifier,Texas Instruments Inc,1.021228632101,1195158245.52,5902599.0,202.48,US8825081040,882508104
2025-08-31,KODK,identifier,Eastman Kodak Co,0.007249073352,8483692.6,1437914.0,5.8999999999999995,US2774614067,277461406
2025-08-31,ROG,identifier,Rogers Corp,0.026511826602,31027163.92,395452.0,78.46000000000001,US7751331015,775133101
2025-08-31,BILL,identifier,BILL Holdings Inc,0.092132457244,107823911.8,2322790.0,46.42,US0900431000,090043100
2025-08-31,NN,identifier,NextNav Inc,0.026295966805,30774540.16,1727936.0,17.81,US65345N1063,65345N106
2025-08-31,LASR,identifier,nLight Inc,0.027425991526,32097024.0,1114480.0,28.8,US65487K1007,65487K100
2025-08-31,BLND,identifier,Blend Labs Inc,0.014966470695,17515471.36,4838528.0,3.6199999999999997,US09352U1088,09352U108
2025-08-31,POWI,identifier,Power Integrations Inc,0.051452110852,60215129.7,1335147.0,45.1,US7392761034,739276103
2025-08-31,SNDK,identifier,Sandisk Corp/DE,0.126772415272,148363542.36,2827588.0,52.470000000000006,US80004C2008,80004C200
2025-08-31,DAKT,identifier,Daktronics Inc,0.013822978845,16177226.75,932405.0,17.35,US2342641097,234264109
2025-08-31,BOX,identifier,Box Inc,0.095820998063,112140663.05,3436735.0,32.63,US10316T1043,10316T104
2025-08-31,YEXT,identifier,Yext Inc,0.019179444024,22445973.36,2469304.0,9.09,US98585N1063,98585N106
2025-08-31,CRM,identifier,Salesforce Inc,1.329890190237,1556389212.5,6073714.0,256.25,US79466L3024,79466L302
2025-08-31,PMTS,identifier,CPI Card Group Inc,0.001963578241,2298003.26,147497.0,15.579999999999998,US12634H2004,12634H200
2025-08-31,RAMP,identifier,LiveRamp Holdings Inc,0.037312890754,43667801.36,1564033.0,27.919999999999998,US53815P1084,53815P108
2025-08-31,XRX,identifier,Xerox Holdings Corp,0.009639302566,11281011.5,2834425.0,3.98,US98421M1062,98421M106
2025-08-31,IONQ,identifier,IonQ Inc,0.140264287472,164153270.34,3840741.0,42.74,US46222L1089,46222L108
2025-08-31,OKTA,identifier,Okta Inc,0.162516451663,190195291.37,2050181.0,92.77,US6792951054,679295105
2025-08-31,MSTR,identifier,Strategy Inc,0.475816872494,556855184.67,1665187.0,334.40999999999997,US5949724083,594972408
2025-08-31,TDY,identifier,Teledyne Technologies Inc,0.207416674975,242742654.84,451052.0,538.17,US8793601050,879360105
2025-08-31,CCSI,identifier,Consensus Cloud Solutions Inc,0.010533176654,12327124.93,463949.0,26.57,US20848V1052,20848V105
2025-08-31,ACN,identifier,Accenture PLC,0.904987045189,1059119079.85,4074005.0,259.97,IE00B4BNMY34,G1151C101
2025-08-31,,,Onestream Inc,0.028594068886,33464041.38,1609622.0,20.79,US68278B1070,68278B107
2025-08-31,CRUS,identifier,Cirrus Logic Inc,0.111297369921,130252878.92,1140668.0,114.19,US1727551004,172755100
2025-08-31,CNXN,identifier,PC Connection Inc,0.014891240778,17427428.73,271413.0,64.21000000000001,US69318J1007,69318J100
2025-08-31,BLKB,identifier,Blackbaud Inc,0.052479384079,61417362.02,920662.0,66.71000000000001,US09227Q1004,09227Q100
2025-08-31,,,Jamf Holding Corp,0.013722191038,16059273.36,1723098.0,9.32,US47074L1052,47074L105
2025-08-31,PEGA,identifier,Pegasystems Inc,0.103464166084,121085570.19,2233639.0,54.21,US7055731035,705573103
2025-08-31,PANW,identifier,Palo Alto Networks Inc,0.731977727734,856643839.92,4496346.0,190.51999999999998,US6974351057,697435105
2025-08-31,AVT,identifier,Avnet Inc,0.092803414942,108609143.04,1990272.0,54.57,US0538071038,053807103
2025-08-31,MITK,identifier,Mitek Systems Inc,0.009400867016,11001967.02,1081806.0,10.17,US6067102003,606710200
2025-08-31,,,Informatica Inc,0.059250396712,69341573.43,2781451.0,24.930000000000003,US45674M1018,45674M101
2025-08-31,COHU,identifier,Cohu Inc,0.018755358585,21949660.2,1102998.0,19.9,US1925761066,192576106
2025-08-31,TENB,identifier,Tenable Holdings Inc,0.076614494798,89663021.88,2899839.0,30.919999999999998,US88025T1025,88025T102
2025-08-31,ALRM,identifier,Alarm.com Holdings Inc,0.056151364105,65714731.94,1120838.0,58.629999999999995,US0116421050,011642105
2025-08-31,BELFB,identifier,Bel Fuse Inc,0.028966902323,33900373.6,251935.0,134.56,US0773473006,077347300
2025-08-31,VSH,identifier,Vishay Intertechnology Inc,0.03481458175,40743995.16,2635446.0,15.459999999999999,US9282981086,928298108
2025-08-31,KLAC,identifier,KLA Corp,0.674799025752,789726800.0,905650.0,872.0,US4824801009,482480100
2025-08-31,PLAB,identifier,Photronics Inc,0.027637773905,32344875.9,1426770.0,22.669999999999998,US7194051022,719405102
2025-08-31,HLIT,identifier,Harmonic Inc,0.022051202949,25806833.26,2682623.0,9.620000000000001,US4131601027,413160102
2025-08-31,CDW,identifier,CDW Corp/DE,0.189491289486,221764323.84,1345984.0,164.76,US12514G1085,12514G108
2025-08-31,FN,identifier,Fabrinet,0.142593392931,166879055.25,503725.0,331.29,KYG3323L1005,G3323L100
2025-08-31,KN,identifier,Knowles Corp,0.037660706138,44074854.6,2064396.0,21.35,US49926D1090,49926D109
2025-08-31,HPQ,identifier,HP Inc,0.220835342056,258446709.84,9055596.0,28.54,US40434L1052,40434L105
2025-08-31,PI,identifier,Impinj Inc,0.099154786652,116042242.77,618991.0,187.47,US4532041096,453204109
2025-08-31,CRWD,identifier,Crowdstrike Holdings Inc,0.615258725862,720045948.8,1699424.0,423.7,US22788C1053,22788C105
2025-08-31,IBM,identifier,International Business Machines Corp,1.236323235142,1446886487.67,5942283.0,243.49,US4592001014,459200101
2025-08-31,AAOI,identifier,Applied Optoelectronics Inc,0.026169163613,30626140.6,1265543.0,24.200000000000003,US03823U1025,03823U102
2025-08-31,EXTR,identifier,Extreme Networks Inc,0.057731589973,67564092.52,3160154.0,21.38,US30226D1063,30226D106
2025-08-31,GLW,identifier,Corning Inc,0.371504680833,434777158.21,6486307.0,67.03,US2193501051,219350105
2025-08-31,WEAV,identifier,Weave Communications Inc,0.009483674668,11098877.98,1426591.0,7.78,US94724R1086,94724R108
2025-08-31,BBAI,identifier,BigBear.ai Holdings Inc,0.029936432435,35035028.34,6910262.0,5.07,US08975B1098,08975B109
2025-08-31,CXT,identifier,Crane NXT Co,0.062535429765,73186093.86,1225282.0,59.73,US2244411052,224441105
2025-08-31,NCNO,identifier,nCino Inc,0.067907401944,79472988.53,2475023.0,32.11,US63947X1019,63947X101
2025-08-31,APPS,identifier,Digital Turbine Inc,0.008657709743,10132239.6,2412438.0,4.2,US25400W1027,25400W102
2025-08-31,MU,identifier,Micron Technology Inc,0.751388454416,879360486.63,7388963.0,119.01,US5951121038,595112103
2025-08-31,PTC,identifier,PTC Inc,0.212077399185,248197166.0,1162516.0,213.5,US69370C1009,69370C100
2025-08-31,MSI,identifier,Motorola Solutions Inc,0.481800458369,563857859.46,1193451.0,472.46000000000004,US6200763075,620076307
2025-08-31,BDC,identifier,Belden Inc,0.104257205173,122013675.0,937125.0,130.2,US0774541066,077454106
2025-08-31,AMAT,identifier,Applied Materials Inc,0.744743781595,871584132.48,5421648.0,160.76,US0382221051,038222105
2025-08-31,AI,identifier,C3.ai Inc,0.042613698814,49871411.66,2949226.0,16.91,US12468P1049,12468P104
2025-08-31,FICO,identifier,Fair Isaac Corp,0.280264175424,327997110.2,215555.0,1521.6399999999999,US3032501047,303250104
2025-08-31,NVDA,identifier,NVIDIA Corp,17.27228010525,20213992575.06,116052317.0,174.18,US67066G1040,67066G104
2025-08-31,APPF,identifier,Appfolio Inc,0.114521507637,134026132.68,483186.0,277.38,US03783C1009,03783C100
2025-08-31,QBTS,identifier,D-Wave Quantum Inc,0.093284699727,109172397.4,6989270.0,15.620000000000001,US26740W1099,26740W109
2025-08-31,IDCC,identifier,InterDigital Inc,0.120810243469,141385928.76,520356.0,271.71,US45867G1013,45867G101
2025-08-31,LFUS,identifier,Littelfuse Inc,0.113774553844,133151962.14,512458.0,259.83,US5370081045,537008104
2025-08-31,FRSH,identifier,Freshworks Inc,0.052788194831,61778767.59,4586397.0,13.47,US3580541049,358054104
2025-08-31,LRCX,identifier,Lam Research Corp,0.747472338295,874777400.8,8734672.0,100.14999999999999,US5128073062,512807306
2025-08-31,PLTR,identifier,Palantir Technologies Inc,1.868115522042,2186281895.72,13951132.0,156.70999999999998,US69608A1088,69608A108
2025-08-31,,,Couchbase Inc,0.018986729065,22220436.33,911047.0,24.389999999999997,US22207T1016,22207T101
2025-08-31,UCTT,identifier,Ultra Clean Holdings Inc,0.021979462054,25722873.88,1070894.0,24.02,US90385V1070,90385V107
2025-08-31,WDAY,identifier,Workday Inc,0.336102262157,393345209.22,1704121.0,230.82000000000002,US98138H1014,98138H101
2025-08-31,BELFA,identifier,Bel Fuse Inc,0.003509320451,4107007.13,35891.0,114.42999999999999,US0773472016,077347201
2025-08-31,SNX,identifier,TD SYNNEX Corp,0.134351380401,157233311.95,1061885.0,148.07,US87162W1009,87162W100
2025-08-31,LWLG,identifier,Lightwave Logic Inc,0.008520527901,9971693.76,2967766.0,3.36,US5322751042,532275104
2025-08-31,SLAB,identifier,Silicon Laboratories Inc,0.088738467867,103851878.25,772995.0,134.35,US8269191024,826919102
2025-08-31,DOCU,identifier,DocuSign Inc,0.167549704119,196085777.58,2557863.0,76.66000000000001,US2561631068,256163106
2025-08-31,VERX,identifier,Vertex Inc,0.038342271843,44872500.54,1737897.0,25.82,US92538J1060,92538J106
2025-08-31,VRNS,identifier,Varonis Systems Inc,0.116528981257,136375507.32,2310666.0,59.019999999999996,US9222801022,922280102
2025-08-31,FSLR,identifier,First Solar Inc,0.187677021881,219641060.92,1125268.0,195.19,US3364331070,336433107
2025-08-31,CCC,identifier,CCC Intelligent Solutions Holdings Inc,0.099224899907,116124297.3,11729727.0,9.9,US12510Q1004,12510Q100
2025-08-31,PDFS,identifier,PDF Solutions Inc,0.012977372295,15187601.5,742670.0,20.45,US6932821050,693282105
2025-08-31,ICHR,identifier,Ichor Holdings Ltd,0.011652002697,13636502.8,809288.0,16.85,KYG4740B1059,G4740B105
2025-08-31,AGYS,identifier,Agilysys Inc,0.058899009612,68930340.16,631693.0,109.11999999999999,US00847J1051,00847J105
2025-08-31,CMRC,identifier,Commerce.com Inc,0.006431957743,7527410.7,1618798.0,4.65,US08975P1084,08975P108
2025-08-31,NTAP,identifier,NetApp Inc,0.190796306556,223291603.69,1979711.0,112.78999999999999,US64110D1046,64110D104
2025-08-31,ZS,identifier,Zscaler Inc,0.224054597279,262214249.55,946451.0,277.05,US98980G1022,98980G102
2025-08-31,AEIS,identifier,Advanced Energy Industries Inc,0.105935919081,123978297.52,828289.0,149.68,US0079731008,007973100
2025-08-31,CRDO,identifier,Credo Technology Group Holding Ltd,0.202448222593,236928005.07,1925383.0,123.05500000259688,KYG254571055,G25457105
2025-08-31,,,SEMrush Holdings Inc,0.007140459688,8356580.5,1057795.0,7.9,US81686C1045,81686C104
2025-08-31,OLED,identifier,Universal Display Corp,0.109068295549,127644161.8,921020.0,138.59,US91347P1057,91347P105
2025-08-31,VPG,identifier,Vishay Precision Group Inc,0.007055180734,8256777.34,290527.0,28.419999999999998,US92835K1034,92835K103
2025-08-31,FIVN,identifier,Five9 Inc,0.039532842926,46265842.64,1718642.0,26.92,US3383071012,338307101
2025-08-31,ALKT,identifier,Alkami Technology Inc,0.037415646281,43788057.6,1710471.0,25.6,US01644J1088,01644J108
2025-08-31,ALAB,identifier,Astera Labs Inc,0.21771649481,254796679.0,1398445.0,182.2,US04626A1034,04626A103
2025-08-31,ONTO,identifier,Onto Innovation Inc,0.103374162732,120980238.0,1141323.0,106.0,US6833441057,683344105
2025-08-31,HCKT,identifier,Hackett Group Inc/The,0.010531363337,12325002.78,591979.0,20.82,US4046091090,404609109
2025-08-31,U,identifier,Unity Software Inc,0.18059143325,211348696.79,5362819.0,39.41,US91332U1016,91332U101
2025-08-31,FLEX,identifier,Flex Ltd,0.194198784167,227273571.14,4238597.0,53.62,SG9999000020,Y2573F102
2025-08-31,AVGO,identifier,Broadcom Inc,4.342605372775,5082212205.15,17089385.0,297.39,US11135F1012,11135F101
2025-08-31,MX,identifier,Magnachip Semiconductor Corp,0.002079699026,2433901.05,772667.0,3.15,US55933J2033,55933J203
2025-08-31,VISN,identifier,CommScope Holding Co Inc,0.066924385101,78322550.08,4882952.0,16.04,US20337X1090,20337X109
2025-08-31,ANET,identifier,Arista Networks Inc,0.844399967026,988213169.3,7237006.0,136.54999999999998,US0404132054,040413205
2025-08-31,CSCO,identifier,Cisco Systems Inc,1.509100021693,1766121001.26,25562614.0,69.09,US17275R1023,17275R102
2025-08-31,SCSC,identifier,ScanSource Inc,0.019008165849,22245524.1,509634.0,43.650000000000006,US8060371072,806037107
2025-08-31,TEL,identifier,TE Connectivity PLC,0.404795829342,473738258.0,2294132.0,206.5,IE000IVNQZ81,G87052109
2025-08-31,IIIV,identifier,I3 Verticals Inc,0.014777076229,17293820.35,549883.0,31.450000000000003,US46571Y1073,46571Y107
2025-08-31,DBX,identifier,Dropbox Inc,0.112871873684,132095542.84,4545614.0,29.060000000000002,US26210C1045,26210C104
2025-08-31,PD,identifier,PagerDuty Inc,0.029708286398,34768025.82,2076943.0,16.74,US69553P1003,69553P100
2025-08-31,TDC,identifier,Teradata Corp,0.036584857848,42815774.2,2040790.0,20.98,US88076W1036,88076W103
2025-08-31,RNG,identifier,RingCentral Inc,0.044595030845,52190192.43,1710593.0,30.51,US76680R2067,76680R206
2025-08-31,CTSH,identifier,Cognizant Technology Solutions Corp,0.264091285558,309069749.5,4277782.0,72.25,US1924461023,192446102
2025-08-31,GWRE,identifier,Guidewire Software Inc,0.171244392356,200409723.24,923462.0,217.02,US40171V1008,40171V100
2025-08-31,NTGR,identifier,NETGEAR Inc,0.015065993525,17631944.33,648949.0,27.169999999999998,US64111Q1040,64111Q104
2025-08-31,MXL,identifier,MaxLinear Inc,0.026140663332,30592786.32,1946106.0,15.72,US57776J1007,57776J100
2025-08-31,CRSR,identifier,Corsair Gaming Inc,0.008622775385,10091355.43,1130051.0,8.93,US22041X1028,22041X102
2025-08-31,AKAM,identifier,Akamai Technologies Inc,0.144056788409,168591687.58,2130566.0,79.13000000000001,US00971T1016,00971T101
2025-08-31,ENTG,identifier,Entegris Inc,0.149358292607,174796112.58,2087367.0,83.74000000000001,US29362U1043,29362U104
2025-08-31,SPSC,identifier,SPS Commerce Inc,0.08495184389,99420338.9,901363.0,110.30000000000001,US78463M1071,78463M107
2025-08-31,AMBA,identifier,Ambarella Inc,0.067396477653,78875046.64,956293.0,82.48,KYG037AX1015,G037AX101
2025-08-31,VIAV,identifier,Viavi Solutions Inc,0.051065448342,59762613.12,5298104.0,11.28,US9255501051,925550105
2025-08-31,GDYN,identifier,Grid Dynamics Holdings Inc,0.011364147773,13299622.13,1604297.0,8.290000000000001,US39813G1094,39813G109
2025-11-30,AIOT,identifier,Powerfleet Inc NJ,0.011243333819,14610905.4,2939820.0,4.97,US73931J1097,73931J109
2025-11-30,OSIS,identifier,OSI Systems Inc,0.081236210107,105567850.25,389765.0,270.85,US6710441055,671044105
2025-11-30,MVIS,SEC company list,MicroVision Inc,0.004412766011,5734465.22,6088189.0,0.9419000001478272,US5949603048,594960304
2025-11-30,RAL,identifier,Ralliant Corp,0.104855517289,136261545.59,2760007.0,49.370000000000005,US7509401086,750940108
2025-11-30,VERI,identifier,Veritone Inc,0.00031061444,403648.8,92580.0,4.359999999999999,US92347M1009,92347M100
2025-11-30,,,Clearwater Analytics Holdings Inc,0.106686725446,138641232.04,6284734.0,22.06,US1851231068,185123106
2025-11-30,MIR,identifier,Mirion Technologies Inc,0.100482986291,130579366.46,5018423.0,26.02,US60471A1016,60471A101
2025-11-30,TER,identifier,Teradyne Inc,0.226397779318,294207802.56,1617504.0,181.89000000000001,US8807701029,880770102
2025-11-30,SNPS,identifier,Synopsys Inc,0.437962540625,569139843.46,1361546.0,418.01000000000005,US8716071076,871607107
2025-11-30,IT,identifier,Gartner Inc,0.158830995913,206403607.08,886842.0,232.74,US3666511072,366651107
2025-11-30,WK,identifier,Workiva Inc,0.085797320668,111495091.76,1204571.0,92.56,US98139A1051,98139A105
2025-11-30,ACLS,identifier,Axcelis Technologies Inc,0.048338824556,62817132.72,758936.0,82.77,US0545402085,054540208
2025-11-30,RMNI,identifier,Rimini Street Inc,0.003649310206,4742341.29,1244709.0,3.81,US76674Q1076,76674Q107
2025-11-30,GPGI,identifier,CompoSecure Inc,0.017207376065,22361280.73,1125379.0,19.87,US20459V1052,20459V105
2025-11-30,BHE,identifier,Benchmark Electronics Inc,0.030398313093,39503129.95,879215.0,44.93000000000001,US08160H1014,08160H101
2025-11-30,MTSI,identifier,MACOM Technology Solutions Holdings Inc,0.146398509992,190247378.1,1087190.0,174.98999999999998,US55405Y1001,55405Y100
2025-11-30,CVLT,identifier,Commvault Systems Inc,0.096273226261,125108711.0,1013026.0,123.5,US2041661024,204166102
2025-11-30,DMRC,SEC company list,Digimarc Corp,0.001959474672,2546370.99,317899.0,8.010000000000002,US25381B1017,25381B101
2025-11-30,ARW,identifier,Arrow Electronics Inc,0.100656010491,130804214.38,1211038.0,108.00999999999999,US0427351004,042735100
2025-11-30,ALGM,identifier,Allegro MicroSystems Inc,0.064974575309,84435576.54,3163566.0,26.69,US01749D1054,01749D105
2025-11-30,MDB,identifier,MongoDB Inc,0.205815260296,267460465.59,804707.0,332.37,US60937P1066,60937P106
2025-11-30,NSSC,identifier,Napco Security Technologies Inc,0.027139612068,35268392.0,872980.0,40.4,US6304021057,630402105
2025-11-30,GDDY,identifier,GoDaddy Inc,0.166402351391,216242713.56,1691246.0,127.86,US3802371076,380237107
2025-11-30,LAW,identifier,CS Disco Inc,0.00327205747,4252094.88,593868.0,7.16,US1263271058,126327105
2025-11-30,HUT,identifier,Hut 8 Corp,0.083756099658,108842490.0,2418722.0,45.0,US44812J1043,44812J104
2025-11-30,INDI,identifier,indie Semiconductor Inc,0.013048365815,16956575.48,4763083.0,3.56,US45569U1016,45569U101
2025-11-30,KOPN,identifier,Kopin Corp,0.00031525247,409676.0,167900.0,2.44,US5006001011,500600101
2025-11-30,CGNX,identifier,Cognex Corp,0.094362997487,122626335.9,3218539.0,38.1,US1924221039,192422103
2025-11-30,TEAM,identifier,Atlassian Corp,0.192165810966,249722771.76,1670163.0,149.51999999999998,US0494681010,049468101
2025-11-30,AAPL,identifier,Apple Inc,15.36702019681,19969706671.2,71614512.0,278.85,US0378331005,037833100
2025-11-30,SNOW,identifier,Snowflake Inc,0.454320983277,590397920.64,2349936.0,251.23999999999998,US8334451098,833445109
2025-11-30,JBL,identifier,Jabil Inc,0.182209449434,236784308.95,1123745.0,210.70999999999998,US4663131039,466313103
2025-11-30,CXM,identifier,Sprinklr Inc,0.016488388222,21426943.68,2963616.0,7.2299999999999995,US85208T1079,85208T107
2025-11-30,ADI,identifier,Analog Devices Inc,0.70954633164,922067644.28,3475042.0,265.34,US0326541051,032654105
2025-11-30,QTWO,identifier,Q2 Holdings Inc,0.084511153472,109823695.4,1522580.0,72.13000000000001,US74736L1098,74736L109
2025-11-30,XPER,identifier,Xperi Inc,0.004538796534,5898244.05,1018695.0,5.79,US98423J1016,98423J101
2025-11-30,CALX,identifier,Calix Inc,0.064004493586,83174938.68,1504884.0,55.27,US13100M5094,13100M509
2025-11-30,EXOD,identifier,Exodus Movement Inc,0.001192157448,1549229.08,93779.0,16.52,US30209R1068,30209R106
2025-11-30,TTMI,identifier,TTM Technologies Inc,0.122780758018,159555703.78,2273521.0,70.18,US87305R1095,87305R109
2025-11-30,KD,identifier,Kyndryl Holdings Inc,0.100860772032,131070305.52,5074344.0,25.83,US50155Q1004,50155Q100
2025-11-30,RBBN,identifier,Ribbon Communications Inc,0.005245230099,6816266.6,2383310.0,2.86,US7625441040,762544104
2025-11-30,PCOR,identifier,Procore Technologies Inc,0.121355294873,157703289.94,2129399.0,74.06,US74275K1088,74275K108
2025-11-30,AMD,identifier,Advanced Micro Devices Inc,1.737799176862,2258299876.68,10381556.0,217.52999999999997,US0079031078,007903107
2025-11-30,NSIT,identifier,Insight Enterprises Inc,0.046783621693,60796119.89,702277.0,86.57000000000001,US45765U1034,45765U103
2025-11-30,SEDG,identifier,SolarEdge Technologies Inc,0.040562212868,52711292.27,1442959.0,36.53,US83417M1045,83417M104
2025-11-30,APH,identifier,Amphenol Corp,0.889144990316,1155459185.8,8200562.0,140.9,US0320951017,032095101
2025-11-30,VECO,identifier,Veeco Instruments Inc,0.032988481277,42869097.99,1466613.0,29.23,US9224171002,922417100
2025-11-30,PRGS,identifier,Progress Software Corp,0.033475854066,43502447.3,1050530.0,41.41,US7433121008,743312100
2025-11-30,MSFT,identifier,Microsoft Corp,12.47665251754,16213624230.51,32953851.0,492.01,US5949181045,594918104
2025-11-30,IPGP,identifier,IPG Photonics Corp,0.038010177347,49394878.28,620227.0,79.64,US44980X1090,44980X109
2025-11-30,NOW,identifier,ServiceNow Inc,0.862906803433,1121362211.31,1380291.0,812.41,US81762P1021,81762P102
2025-11-30,LITE,identifier,Lumentum Holdings Inc,0.222389736099,288999281.56,888791.0,325.16,US55024U1097,55024U109
2025-11-30,DJCO,identifier,Daily Journal Corp,0.011297515111,14681314.92,32028.0,458.39,US2339121046,233912104
2025-11-30,ESTC,identifier,Elastic NV,0.095033563445,123497747.88,1750996.0,70.53,NL0013056914,N14506104
2025-11-30,EPAM,identifier,EPAM Systems Inc,0.141058445055,183307872.0,980256.0,187.0,US29414B1044,29414B104
2025-11-30,NET,identifier,Cloudflare Inc,0.362929328105,471632895.11,2355691.0,200.21,US18915M1071,18915M107
2025-11-30,SOUN,identifier,SoundHound AI Inc,0.074191782817,96413496.0,8001120.0,12.05,US8361001071,836100107
2025-11-30,TRMB,identifier,Trimble Inc,0.173404263606,225341818.74,2767647.0,81.42,US8962391004,896239100
2025-11-30,PLUS,identifier,ePlus Inc,0.044697294908,58084902.4,648269.0,89.6,US2942681071,294268107
2025-11-30,SMRT,identifier,SmartRent Inc,0.005481250558,7122979.24,4141267.0,1.72,US83193G1076,83193G107
2025-11-30,ADBE,identifier,Adobe Inc,0.714317974347,928268475.93,2899661.0,320.13,US00724F1012,00724F101
2025-11-30,CLFD,identifier,Clearfield Inc,0.006488711471,8432192.0,287200.0,29.36,US18482P1030,18482P103
2025-11-30,ON,identifier,ON Semiconductor Corp,0.176973985831,229980734.08,4577642.0,50.24,US6821891057,682189105
2025-11-30,APLD,identifier,Applied Digital Corp,0.102572467594,133294683.3,4918623.0,27.099999999999998,US0381692070,038169207
2025-11-30,INTU,identifier,Intuit Inc,0.909307984255,1181661342.72,1863584.0,634.08,US4612021034,461202103
2025-11-30,EFOR,identifier,ASGN Inc,0.037143444423,48268543.96,1072396.0,45.01,US00191U1025,00191U102
2025-11-30,OSPN,identifier,OneSpan Inc,0.008365841106,10871554.2,891111.0,12.2,US68287N1000,68287N100
2025-11-30,AOSL,identifier,Alpha & Omega Semiconductor Ltd,0.009754184343,12675730.08,625036.0,20.28,BMG6331P1041,G6331P104
2025-11-30,MARA,identifier,MARA Holdings Inc,0.069600958413,90447640.84,7658564.0,11.81,US5657881067,565788106
2025-11-30,RCAT,identifier,Red Cat Holdings Inc,0.000312498063,406096.6,54730.0,7.42,US75644T1007,75644T100
2025-11-30,SWKS,identifier,Skyworks Solutions Inc,0.113606470513,147633559.6,2238568.0,65.95,US83088M1027,83088M102
2025-11-30,DLB,identifier,Dolby Laboratories Inc,0.07775374409,101042325.85,1498033.0,67.45,US25659T1079,25659T107
2025-11-30,NXPI,identifier,NXP Semiconductors NV,0.30780101656,399992707.44,2051876.0,194.94,NL0009538784,N6596X109
2025-11-30,INTA,identifier,Intapp Inc,0.046027966763,59814133.33,1384907.0,43.19,US45827U1097,45827U109
2025-11-30,NVEC,identifier,NVE Corp,0.005823161976,7567299.0,118350.0,63.94,US6294452064,629445206
2025-11-30,Q,identifier,Qnity Electronics Inc,0.148250528947,192654108.54,2375806.0,81.09,US74743L1008,74743L100
2025-11-30,RIOT,identifier,Riot Platforms Inc,0.090224392292,117248147.37,7268949.0,16.13,US7672921050,767292105
2025-11-30,MRVL,identifier,Marvell Technology Inc,0.44535994108,578752892.4,6473746.0,89.39999999999999,US5738741041,573874104
2025-11-30,TWLO,identifier,Twilio Inc,0.183614461684,238610146.5,1839850.0,129.69,US90138F1021,90138F102
2025-11-30,BRZE,identifier,Braze Inc,0.039669744271,51551514.0,1796220.0,28.7,US10576N1028,10576N102
2025-11-30,LIF,identifier,Life360 Inc,0.092261593986,119895525.96,1506036.0,79.61,US5322061095,532206109
2025-11-30,ADSK,identifier,Autodesk Inc,0.386988097482,502897679.12,1657868.0,303.34,US0527691069,052769106
2025-11-30,KEYS,identifier,Keysight Technologies Inc,0.253033878718,328821871.2,1661136.0,197.95,US49338L1035,49338L103
2025-11-30,ARLO,identifier,Arlo Technologies Inc,0.028194612361,36639383.0,2526854.0,14.5,US04206A1016,04206A101
2025-11-30,PRCH,identifier,Porch Group Inc,0.012226597638,15888673.62,1639698.0,9.69,US7332451043,733245104
2025-11-30,GTLB,identifier,Gitlab Inc,0.093752248544,121832657.16,2967186.0,41.06,US37637K1088,37637K108
2025-11-30,WDC,identifier,Western Digital Corp,0.35427863748,460391174.07,2818779.0,163.32999999999998,US9581021055,958102105
2025-11-30,GEN,identifier,Gen Digital Inc,0.146953309224,190968349.23,7241879.0,26.369999999999997,US6687711084,668771108
2025-11-30,RBRK,identifier,Rubrik Inc,0.115151773891,149641707.88,2158709.0,69.32,US7811541090,781154109
2025-11-30,CTS,identifier,CTS Corp,0.022331605655,29020305.09,685573.0,42.33,US1265011056,126501105
2025-11-30,S,identifier,SentinelOne Inc,0.092155332659,119757437.54,7387874.0,16.21,US81730H1095,81730H109
2025-11-30,DBD,identifier,Diebold Nixdorf Inc,0.017810909042,23145582.2,358735.0,64.52,US2536512021,253651202
2025-11-30,EXFY,identifier,Expensify Inc,0.00187887813,2441634.4,1575248.0,1.55,US30219Q1067,30219Q106
2025-11-30,PATH,identifier,UiPath Inc,0.106566206423,138484615.5,9991675.0,13.86,US90364P1057,90364P105
2025-11-30,PLXS,identifier,Plexus Corp,0.072683861692,94453926.6,660748.0,142.95,US7291321005,729132100
2025-11-30,SPT,identifier,Sprout Social Inc,0.00972758394,12641162.4,1267920.0,9.97,US85209W1099,85209W109
2025-11-30,ORCL,identifier,Oracle Corp,1.671741140697,2172456324.15,10757397.0,201.95000000000002,US68389X1054,68389X105
2025-11-30,AUR,identifier,Aurora Innovation Inc,0.078230057872,101661303.79,24262841.0,4.19,US0517741072,051774107
2025-11-30,DELL,identifier,Dell Technologies Inc,0.273416836453,355309874.85,2664491.0,133.35000000000002,US24703L2025,24703L202
2025-11-30,PGY,identifier,Pagaya Technologies Ltd,0.022192861286,28840004.4,1155912.0,24.95,IL0011858912,M7S64L123
2025-11-30,ACMR,identifier,ACM Research Inc,0.033273117869,43238988.13,1294193.0,33.410000000000004,US00108J1097,00108J109
2025-11-30,INTC,identifier,Intel Corp,0.936222885727,1216637719.44,29995999.0,40.56,US4581401001,458140100
2025-11-30,MPWR,identifier,Monolithic Power Systems Inc,0.281668552212,366033121.2,394360.0,928.17,US6098391054,609839105
2025-11-30,YOU,identifier,Clear Secure Inc,0.052359909372,68042601.5,1916693.0,35.5,US18467V1098,18467V109
2025-11-30,TYL,identifier,Tyler Technologies Inc,0.173843112073,225912109.86,481053.0,469.62,US9022521051,902252105
2025-11-30,CIFR,identifier,Cipher Mining Inc,0.099408224766,129182695.4,6348044.0,20.35,US17253J1060,17253J106
2025-11-30,KE,identifier,Kimball Electronics Inc,0.013184474997,17133451.7,592853.0,28.9,US49428J1097,49428J109
2025-11-30,ZBRA,identifier,Zebra Technologies Corp,0.135125813383,175598315.25,694751.0,252.75,US9892071054,989207105
2025-11-30,APP,identifier,AppLovin Corp,0.726740068262,944411200.32,1575384.0,599.48,US03831W1080,03831W108
2025-11-30,RGTI,identifier,Rigetti Computing Inc,0.10152119988,131928542.85,5159505.0,25.57,US76655K1034,76655K103
2025-11-30,NTNX,identifier,Nutanix Inc,0.113371052924,147327630.4,3082168.0,47.800000000000004,US67059N1081,67059N108
2025-11-30,KLIC,identifier,Kulicke & Soffa Industries Inc,0.044318644121,57592839.2,1276720.0,45.11,US5012421013,501242101
2025-11-30,IREN,identifier,Iris Energy Ltd,0.000309372048,402034.29,8409.0,47.809999999999995,AU0000185993,N/A
2025-11-30,CIEN,identifier,Ciena Corp,0.222244172221,288810118.8,1414280.0,204.21,US1717793095,171779309
2025-11-30,DGII,identifier,Digi International Inc,0.029254990666,38017362.82,908854.0,41.83,US2537981027,253798102
2025-11-30,FFIV,identifier,F5 Inc,0.138534106614,180027450.84,752749.0,239.16,US3156161024,315616102
2025-11-30,PAR,identifier,PAR Technology Corp,0.02628790731,34161587.04,989904.0,34.51,US6988841036,698884103
2025-11-30,IOT,identifier,Samsara Inc,0.128113870288,166486174.77,4377759.0,38.03,US79589L1061,79589L106
2025-11-30,ADTN,identifier,ADTRAN Holdings Inc,0.010761645818,13984943.57,1763549.0,7.930000000000001,US00486H1059,00486H105
2025-11-30,AEVA,identifier,Aeva Technologies Inc,0.000356658002,463483.2,41568.0,11.15,US00835Q2021,00835Q202
2025-11-30,SMCI,identifier,Super Micro Computer Inc,0.133224128897,173127043.6,5114536.0,33.85,US86800U3023,86800U302
2025-11-30,AMKR,identifier,Amkor Technology Inc,0.084538439314,109859153.82,3018938.0,36.39,US0316521006,031652100
2025-11-30,MANH,identifier,Manhattan Associates Inc,0.129527524233,168323242.35,953943.0,176.45,US5627501092,562750109
2025-11-30,APPN,identifier,Appian Corp,0.024586595867,31950703.6,790859.0,40.4,US03782L1017,03782L101
2025-11-30,SYNA,identifier,Synaptics Inc,0.04966279356,64537653.18,942018.0,68.51,US87157D1090,87157D109
2025-11-30,VSAT,identifier,Viasat Inc,0.067307335313,87467038.23,2547831.0,34.33,US92552V1008,92552V100
2025-11-30,QRVO,identifier,Qorvo Inc,0.107647267125,139889472.45,1628705.0,85.88999999999999,US74736K1016,74736K101
2025-11-30,RXT,identifier,Rackspace Technology Inc,0.001651600103,2146282.7,2024795.0,1.06,US7501021056,750102105
2025-11-30,ZETA,identifier,Zeta Global Holdings Corp,0.061686501959,80162668.75,4392475.0,18.25,US98956A1051,98956A105
2025-11-30,DDOG,identifier,Datadog Inc,0.299499422799,389204643.77,2432377.0,160.01,US23804L1035,23804L103
2025-11-30,SANM,identifier,Sanmina Corp,0.120840670493,157034526.72,1005568.0,156.165,US8010561020,801056102
2025-11-30,PRO,identifier,PROS Holdings Inc,0.018823936608,24462028.92,1052583.0,23.240000000000002,US74346Y1038,74346Y103
2025-11-30,VNT,identifier,Vontier Corp,0.093097158164,120981355.96,3334657.0,36.28,US9288811014,928881101
2025-11-30,EVLV,identifier,Evolv Technologies Holdings Inc,0.012810258796,16647151.32,2605188.0,6.39,US30049H1023,30049H102
2025-11-30,VYX,identifier,NCR Voyix Corp,0.024885076286,32338584.03,3198673.0,10.110000000000001,US62886E1082,62886E108
2025-11-30,WULF,identifier,Terawulf Inc,0.089395259834,116170675.5,7490050.0,15.51,US88080T1043,88080T104
2025-11-30,DXC,identifier,DXC Technology Co,0.044516840809,57850399.2,4382606.0,13.200000000000001,US23355L1061,23355L106
2025-11-30,HUBS,identifier,HubSpot Inc,0.149607077128,194416966.2,529285.0,367.32,US4435731009,443573100
2025-11-30,MCHP,identifier,Microchip Technology Inc,0.204559180683,265828168.56,4961332.0,53.58,US5950171042,595017104
2025-11-30,NTCT,identifier,NetScout Systems Inc,0.036055687349,46854984.96,1743117.0,26.88,US64115T1043,64115T104
2025-11-30,QLYS,identifier,Qualys Inc,0.095777601261,124464637.8,883668.0,140.85,US74758T3032,74758T303
2025-11-30,AEHR,identifier,Aehr Test Systems,0.012217262478,15876542.42,691186.0,22.97,US00760J1088,00760J108
2025-11-30,PENG,identifier,Penguin Solutions Inc,0.018972188939,24654685.37,1218719.0,20.23,US7069151055,706915105
2025-11-30,FROG,identifier,JFrog Ltd,0.111630356822,145065565.92,2378904.0,60.98,IL0011684185,M6191J100
2025-11-30,CLSK,identifier,Cleanspark Inc,0.07972893326,103609118.1,6861531.0,15.1,US18452B2097,18452B209
2025-11-30,MKSI,identifier,MKS Instruments Inc,0.137892878767,179194164.24,1145816.0,156.39000000000001,US55306N1046,55306N104
2025-11-30,P,identifier,Pure Storage Inc,0.203240484698,264114500.48,2968913.0,88.96,US74624M1027,74624M102
2025-11-30,QUBT,identifier,Quantum Computing Inc,0.044347122698,57629847.6,4925628.0,11.700000000000001,US74766W1080,74766W108
2025-11-30,DOCN,identifier,DigitalOcean Holdings Inc,0.057167926304,74290702.08,1668704.0,44.519999999999996,US25402D1028,25402D102
2025-11-30,SMTC,identifier,Semtech Corp,0.116071506529,150836916.24,2033939.0,74.16000000000001,US8168501018,816850101
2025-11-30,RMBS,identifier,Rambus Inc,0.117083726957,152152314.07,1592051.0,95.57,US7509171069,750917106
2025-11-30,STX,identifier,Seagate Technology Holdings PLC,0.36451908677,473698813.8,1712020.0,276.69,IE00BKVD2N49,G7997R103
2025-11-30,DT,identifier,Dynatrace Inc,0.136019976886,176760296.08,3966793.0,44.56,US2681501092,268150109
2025-11-30,SITM,identifier,SiTime Corp,0.116068019126,150832384.3,506659.0,297.70000000000005,US82982T1060,82982T106
2025-11-30,ACIW,identifier,ACI Worldwide Inc,0.091101992198,118388603.52,2526432.0,46.86,US0044981019,004498101
2025-11-30,NABL,identifier,N-able Inc/US,0.010149577593,13189550.4,1831882.0,7.2,US62878D1000,62878D100
2025-11-30,BL,identifier,BlackLine Inc,0.0564841278,73402094.18,1287982.0,56.99000000000001,US09239B1098,09239B109
2025-11-30,AVPT,identifier,AvePoint Inc,0.029817334277,38748138.0,2980626.0,13.0,US0536041041,053604104
2025-11-30,ATEN,identifier,A10 Networks Inc,0.023409893004,30421558.02,1766641.0,17.22,US0021211018,002121101
2025-11-30,CDNS,identifier,Cadence Design Systems Inc,0.473544438638,615379131.04,1973381.0,311.84,US1273871087,127387108
2025-11-30,ROP,identifier,Roper Technologies Inc,0.305615627144,397152756.36,890038.0,446.22,US7766961061,776696106
2025-11-30,COHR,identifier,Coherent Corp,0.196809825033,255757747.8,1557030.0,164.26000000000002,US19247G1076,19247G107
2025-11-30,LSCC,identifier,Lattice Semiconductor Corp,0.121484602475,157871327.39,2248559.0,70.21,US5184151042,518415104
2025-11-30,FORM,identifier,FormFactor Inc,0.079754828631,103642769.58,1883729.0,55.019999999999996,US3463751087,346375108
2025-11-30,ZM,identifier,Zoom Video Communications Inc,0.180409570867,234445335.84,2759479.0,84.96000000000001,US98980L1017,98980L101
2025-11-30,,,Pivotal Software Inc,2.27e-09,2.95,295216.0,9.992683323397107e-06,US725ESC0166,725ESC016
2025-11-30,BMI,identifier,Badger Meter Inc,0.098805848918,128399897.64,719166.0,178.54,US0565251081,056525108
2025-11-30,HPE,identifier,Hewlett Packard Enterprise Co,0.207086943696,269113040.01,12305123.0,21.87,US42824C1099,42824C109
2025-11-30,CEVA,identifier,CEVA Inc,0.010933333876,14208055.15,658085.0,21.59,US1572101053,157210105
2025-11-30,BSY,identifier,Bentley Systems Inc,0.09817021715,127573883.24,3040369.0,41.96,US08265T2087,08265T208
2025-11-30,CORZ,identifier,Core Scientific Inc,0.078238423933,101672175.63,6019667.0,16.89,US21874A1060,21874A106
2025-11-30,FIG,identifier,Figma Inc,0.000165495796,215064.63,5979.0,35.97,US3168411052,316841105
2025-11-30,FTNT,identifier,Fortinet Inc,0.325364771009,422817108.0,5211600.0,81.13,US34959E1091,34959E109
2025-11-30,ADEA,identifier,Adeia Inc,0.025238521549,32797892.22,2651406.0,12.37,US00676P1075,00676P107
2025-11-30,ASAN,identifier,Asana Inc,0.020752849968,26968684.96,2093842.0,12.88,US04342Y1047,04342Y104
2025-11-30,CRCL,identifier,Circle Internet Group Inc,0.06234469904,81018007.16,1013612.0,79.92999999999999,US1725731079,172573107
2025-11-30,CRNC,identifier,Cerence Inc,0.008589107598,11161692.84,1007373.0,11.08,US1567271093,156727109
2025-11-30,ITRI,identifier,Itron Inc,0.079000484973,102662487.04,1036576.0,99.04,US4657411066,465741106
2025-11-30,RPD,identifier,Rapid7 Inc,0.017049237755,22155777.28,1412996.0,15.680000000000001,US7534221046,753422104
2025-11-30,ENPH,identifier,Enphase Energy Inc,0.071070896938,92357851.2,3201312.0,28.85,US29355A1079,29355A107
2025-11-30,NVTS,identifier,Navitas Semiconductor Corp,0.023637900333,30717857.46,3514629.0,8.74,US63942X1063,63942X106
2025-11-30,KVYO,identifier,Klaviyo Inc,0.055052051475,71541086.4,2504940.0,28.560000000000002,US49845K1016,49845K101
2025-11-30,VRSN,identifier,VeriSign Inc,0.18662216134,242518703.86,962414.0,251.99,US92343E1029,92343E102
2025-11-30,HUCK,identifier,Domo Inc,0.007157093373,9300765.76,813004.0,11.44,US2575541055,257554105
2025-11-30,AMPL,identifier,Amplitude Inc,0.017191302764,22340393.2,2173190.0,10.28,US03213A1043,03213A104
2025-11-30,MEI,identifier,Methode Electronics Inc,0.005024729881,6529722.78,861441.0,7.58,US5915202007,591520200
2025-11-30,DIOD,identifier,Diodes Inc,0.040325808566,52404080.82,1134042.0,46.21,US2545431015,254543101
2025-11-30,OUST,identifier,Ouster Inc,0.022069807337,28680093.68,1249133.0,22.96,US68989M2026,68989M202
2025-11-30,UIS,identifier,Unisys Corp,0.003414219193,4436836.48,1655536.0,2.68,US9092143067,909214306
2025-11-30,CFLT,manual table,Confluent Inc,0.105992702267,137739337.0,6190532.0,22.25,US20717M1036,20717M103
2025-11-30,EGHT,identifier,8x8 Inc,0.004482751527,5825412.6,3002790.0,1.94,US2829141009,282914100
2025-11-30,QCOM,identifier,QUALCOMM Inc,0.933916651582,1213640728.56,7220184.0,168.09,US7475251036,747525103
2025-11-30,FSLY,identifier,Fastly Inc,0.030169113267,39205280.84,3362374.0,11.660000000000002,US31188V1008,31188V100
2025-11-30,NOVT,identifier,Novanta Inc,0.076882561275,99910208.82,879027.0,113.66,CA67000B1040,67000B104
2025-11-30,RDVT,identifier,Red Violet Inc,0.011418030294,14837926.47,273813.0,54.190000000000005,US75704L1044,75704L104
2025-11-30,TXN,identifier,Texas Instruments Inc,0.802966705763,1043469024.93,6201159.0,168.26999999999998,US8825081040,882508104
2025-11-30,KODK,identifier,Eastman Kodak Co,0.007576586928,9845904.84,1288731.0,7.64,US2774614067,277461406
2025-11-30,ROG,identifier,Rogers Corp,0.024320379609,31604751.0,377100.0,83.81,US7751331015,775133101
2025-11-30,BILL,identifier,BILL Holdings Inc,0.08161467921,106059677.35,2114849.0,50.15,US0900431000,090043100
2025-11-30,NN,identifier,NextNav Inc,0.019460663114,25289465.95,1779695.0,14.209999999999999,US65345N1063,65345N106
2025-11-30,LASR,identifier,nLight Inc,0.031122006537,40443582.01,1147987.0,35.23,US65487K1007,65487K100
2025-11-30,BLND,identifier,Blend Labs Inc,0.012175950104,15822856.28,5007233.0,3.1599999999999997,US09352U1088,09352U108
2025-11-30,POWI,identifier,Power Integrations Inc,0.035511253021,46147483.2,1373437.0,33.6,US7392761034,739276103
2025-11-30,SNDK,identifier,Sandisk Corp/DE,0.216866360357,281821559.92,1262189.0,223.28,US80004C2008,80004C200
2025-11-30,BMNR,identifier,BitMine Immersion Technologies Inc,0.000294291331,382436.64,11547.0,33.120000000000005,US09175A2069,09175A206
2025-11-30,DAKT,identifier,Daktronics Inc,0.013844413462,17991053.07,950399.0,18.93,US2342641097,234264109
2025-11-30,BOX,identifier,Box Inc,0.080441346484,104534911.32,3538758.0,29.54,US10316T1043,10316T104
2025-11-30,YEXT,identifier,Yext Inc,0.01647504302,21409601.36,2542708.0,8.42,US98585N1063,98585N106
2025-11-30,CRM,identifier,Salesforce Inc,1.110062483418,1442545262.3,6257245.0,230.54,US79466L3024,79466L302
2025-11-30,PMTS,identifier,CPI Card Group Inc,0.001579812217,2052993.11,151961.0,13.51,US12634H2004,12634H200
2025-11-30,RAMP,identifier,LiveRamp Holdings Inc,0.03565992697,46340687.55,1606263.0,28.849999999999998,US53815P1084,53815P108
2025-11-30,XRX,identifier,Xerox Holdings Corp,0.006256314266,8130187.84,2924528.0,2.78,US98421M1062,98421M106
2025-11-30,CRWV,identifier,Coreweave Inc,0.000308455977,400843.84,5482.0,73.12,US21873S1087,21873S108
2025-11-30,IONQ,identifier,IonQ Inc,0.125335522268,162875663.8,3303766.0,49.300000000000004,US46222L1089,46222L108
2025-11-30,OKTA,identifier,Okta Inc,0.136486685862,177366792.41,2207977.0,80.33,US6792951054,679295105
2025-11-30,MSTR,identifier,Strategy Inc,0.250610741971,325672963.38,1838091.0,177.18,US5949724083,594972408
2025-11-30,TDY,identifier,Teledyne Technologies Inc,0.187632531042,243831696.64,488132.0,499.52,US8793601050,879360105
2025-11-30,CCSI,identifier,Consensus Cloud Solutions Inc,0.007805843921,10143828.24,464461.0,21.84,US20848V1052,20848V105
2025-11-30,ACN,identifier,Accenture PLC,0.813117379664,1056660000.0,4226640.0,250.0,IE00B4BNMY34,G1151C101
2025-11-30,,,Onestream Inc,0.02658736837,34550741.83,1658701.0,20.83,US68278B1070,68278B107
2025-11-30,CRUS,identifier,Cirrus Logic Inc,0.102452575173,133138881.04,1106356.0,120.34,US1727551004,172755100
2025-11-30,CNXN,identifier,PC Connection Inc,0.012491186291,16232511.12,279678.0,58.04,US69318J1007,69318J100
2025-11-30,BLKB,identifier,Blackbaud Inc,0.041223235628,53570302.7,950165.0,56.38,US09227Q1004,09227Q100
2025-11-30,,,Jamf Holding Corp,0.017637142597,22919769.72,1772604.0,12.93,US47074L1052,47074L105
2025-11-30,PEGA,identifier,Pegasystems Inc,0.09333236773,121287014.83,2214479.0,54.769999999999996,US7055731035,705573103
2025-11-30,PANW,identifier,Palo Alto Networks Inc,0.666968395516,866736885.02,4558654.0,190.13,US6974351057,697435105
2025-11-30,AVT,identifier,Avnet Inc,0.072797080834,94601056.82,1991182.0,47.51,US0538071038,053807103
2025-11-30,MITK,identifier,Mitek Systems Inc,0.007613560891,9893953.14,1116699.0,8.860000000000001,US6067102003,606710200
2025-11-30,COHU,identifier,Cohu Inc,0.021271362669,27642501.12,1136616.0,24.32,US1925761066,192576106
2025-11-30,TENB,identifier,Tenable Holdings Inc,0.06050677926,78629598.84,2964917.0,26.52,US88025T1025,88025T102
2025-11-30,ALRM,identifier,Alarm.com Holdings Inc,0.046175655946,60006057.96,1154851.0,51.96,US0116421050,011642105
2025-11-30,BELFB,identifier,Bel Fuse Inc,0.030609309435,39777323.32,258244.0,154.03,US0773473006,077347300
2025-11-30,BTBT,identifier,Bit Digital Inc,0.000302103079,392588.14,164953.0,2.38,KYG1144A1058,G1144A105
2025-11-30,VSH,identifier,Vishay Intertechnology Inc,0.028623749621,37197054.24,2721072.0,13.67,US9282981086,928298108
2025-11-30,KLAC,identifier,KLA Corp,0.816773964627,1061411794.96,902968.0,1175.47,US4824801009,482480100
2025-11-30,,,SkyWater Technology Inc,0.000259370477,337056.39,21901.0,15.39,US83089J1088,83089J108
2025-11-30,PLAB,identifier,Photronics Inc,0.025467350268,33095259.07,1444577.0,22.91,US7194051022,719405102
2025-11-30,HLIT,identifier,Harmonic Inc,0.02033550281,26426335.16,2764261.0,9.56,US4131601027,413160102
2025-11-30,CDW,identifier,CDW Corp/DE,0.162685778549,211412963.32,1465906.0,144.22,US12514G1085,12514G108
2025-11-30,FN,identifier,Fabrinet,0.161931488541,210432750.5,458050.0,459.41,KYG3323L1005,G3323L100
2025-11-30,KN,identifier,Knowles Corp,0.036376483971,47271865.68,2102841.0,22.48,US49926D1090,49926D109
2025-11-30,HPQ,identifier,HP Inc,0.178437034028,231881990.34,9495577.0,24.42,US40434L1052,40434L105
2025-11-30,PI,identifier,Impinj Inc,0.083166125932,108075809.01,628823.0,171.87,US4532041096,453204109
2025-11-30,CRWD,identifier,Crowdstrike Holdings Inc,0.673826642466,875649294.72,1719792.0,509.16,US22788C1053,22788C105
2025-11-30,IBM,identifier,International Business Machines Corp,1.441340439762,1873046656.2,6069890.0,308.58,US4592001014,459200101
2025-11-30,AAOI,identifier,Applied Optoelectronics Inc,0.02685770786,34902052.64,1303288.0,26.78,US03823U1025,03823U102
2025-11-30,EXTR,identifier,Extreme Networks Inc,0.043826342663,56953085.0,3254462.0,17.5,US30226D1063,30226D106
2025-11-30,GLW,identifier,Corning Inc,0.399345635336,518956511.8,6163379.0,84.2,US2193501051,219350105
2025-11-30,WEAV,identifier,Weave Communications Inc,0.00721425351,9375046.34,1469443.0,6.38,US94724R1086,94724R108
2025-11-30,ONDS,identifier,Ondas Holdings Inc,0.000516839802,671642.2,85018.0,7.8999999999999995,US68236H2040,68236H204
2025-11-30,BBAI,identifier,BigBear.ai Holdings Inc,0.034718927717,45117842.86,7116379.0,6.34,US08975B1098,08975B109
2025-11-30,CXT,identifier,Crane NXT Co,0.054665905982,71039283.7,1261799.0,56.300000000000004,US2244411052,224441105
2025-11-30,NCNO,identifier,nCino Inc,0.048507478871,63036301.9,2552077.0,24.7,US63947X1019,63947X101
2025-11-30,APPS,identifier,Digital Turbine Inc,0.00879984906,11435554.99,2387381.0,4.79,US25400W1027,25400W102
2025-11-30,MU,identifier,Micron Technology Inc,1.336237374124,1736463417.28,7342961.0,236.48,US5951121038,595112103
2025-11-30,PTC,identifier,PTC Inc,0.169921992692,220816547.88,1258716.0,175.43,US69370C1009,69370C100
2025-11-30,MSI,identifier,Motorola Solutions Inc,0.35865910872,466083671.68,1260776.0,369.68,US6200763075,620076307
2025-11-30,BDC,identifier,Belden Inc,0.084214552698,109438257.6,965064.0,113.39999999999999,US0774541066,077454106
2025-11-30,AMAT,identifier,Applied Materials Inc,1.043710907831,1356320250.25,5376889.0,252.25,US0382221051,038222105
2025-11-30,AI,identifier,C3.ai Inc,0.033789057583,43909460.65,3038717.0,14.45,US12468P1049,12468P104
2025-11-30,FICO,identifier,Fair Isaac Corp,0.294523575834,382738445.18,211946.0,1805.83,US3032501047,303250104
2025-11-30,NVDA,identifier,NVIDIA Corp,16.67762426256,21672859164.0,122445532.0,177.0,US67066G1040,67066G104
2025-11-30,APPF,identifier,Appfolio Inc,0.093441261258,121428523.84,531928.0,228.28,US03783C1009,03783C100
2025-11-30,QBTS,identifier,D-Wave Quantum Inc,0.091906942814,119434650.67,5268401.0,22.67,US26740W1099,26740W109
2025-11-30,IDCC,identifier,InterDigital Inc,0.119170882658,154864608.75,432885.0,357.75,US45867G1013,45867G101
2025-11-30,LFUS,identifier,Littelfuse Inc,0.110813920949,144004593.48,562474.0,256.02,US5370081045,537008104
2025-11-30,FRSH,identifier,Freshworks Inc,0.043561836086,56609354.16,4663044.0,12.139999999999999,US3580541049,358054104
2025-11-30,LRCX,identifier,Lam Research Corp,1.012572593514,1315855476.0,8434971.0,156.0,US5128073062,512807306
2025-11-30,PLTR,identifier,Palantir Technologies Inc,1.861765940399,2419396815.0,14362700.0,168.45,US69608A1088,69608A108
2025-11-30,UCTT,identifier,Ultra Clean Holdings Inc,0.021535400056,27985622.24,1103534.0,25.36,US90385V1070,90385V107
2025-11-30,WDAY,identifier,Workday Inc,0.293643347314,381594573.1,1769755.0,215.62,US98138H1014,98138H101
2025-11-30,BELFA,identifier,Bel Fuse Inc,0.003930255958,5107435.12,38828.0,131.54,US0773472016,077347201
2025-11-30,SNX,identifier,TD SYNNEX Corp,0.13164511543,171075088.48,1121951.0,152.48,US87162W1009,87162W100
2025-11-30,NTSK,identifier,Netskope Inc,0.014866316948,19319034.2,1051090.0,18.38,US64119N6085,64119N608
2025-11-30,LWLG,identifier,Lightwave Logic Inc,0.010205390984,13262080.86,3055779.0,4.34,US5322751042,532275104
2025-11-30,SLAB,identifier,Silicon Laboratories Inc,0.07814282171,101547938.9,795955.0,127.58000000000001,US8269191024,826919102
2025-11-30,DOCU,identifier,DocuSign Inc,0.146316106349,190140293.15,2741749.0,69.35000000000001,US2561631068,256163106
2025-11-30,VERX,identifier,Vertex Inc,0.027090401106,35204441.51,1789753.0,19.669999999999998,US92538J1060,92538J106
2025-11-30,VRNS,identifier,Varonis Systems Inc,0.069607523728,90456172.58,2735294.0,33.07,US9222801022,922280102
2025-11-30,FSLR,identifier,First Solar Inc,0.221457949353,287788408.68,1054479.0,272.92,US3364331070,336433107
2025-11-30,CCC,identifier,CCC Intelligent Solutions Holdings Inc,0.069248110371,89989108.75,12079075.0,7.45,US12510Q1004,12510Q100
2025-11-30,PDFS,identifier,PDF Solutions Inc,0.015958029183,20737733.0,765230.0,27.1,US6932821050,693282105
2025-11-30,ICHR,identifier,Ichor Holdings Ltd,0.010862585176,14116116.0,840245.0,16.8,KYG4740B1059,G4740B105
2025-11-30,AGYS,identifier,Agilysys Inc,0.061549300702,79984373.36,650491.0,122.96,US00847J1051,00847J105
2025-11-30,CMRC,identifier,Commerce.com Inc,0.005932123075,7708895.82,1679498.0,4.59,US08975P1084,08975P108
2025-11-30,NTAP,identifier,NetApp Inc,0.177760161881,231002383.36,2070656.0,111.56,US64110D1046,64110D104
2025-11-30,ZS,identifier,Zscaler Inc,0.182584651516,237271890.5,943427.0,251.5,US98980G1022,98980G102
2025-11-30,AEIS,identifier,Advanced Energy Industries Inc,0.122007376574,158550681.31,750749.0,211.19,US0079731008,007973100
2025-11-30,CRDO,identifier,Credo Technology Group Holding Ltd,0.211924224582,275399169.6,1550671.0,177.60000000000002,KYG254571055,G25457105
2025-11-30,,,SEMrush Holdings Inc,0.009955630461,12937512.77,1093619.0,11.83,US81686C1045,81686C104
2025-11-30,OLED,identifier,Universal Display Corp,0.08906169727,115737205.22,973154.0,118.92999999999999,US91347P1057,91347P105
2025-11-30,VPG,identifier,Vishay Precision Group Inc,0.007878025991,10237630.08,299872.0,34.14,US92835K1034,92835K103
2025-11-30,FIVN,identifier,Five9 Inc,0.025663631144,33350329.44,1702416.0,19.59,US3383071012,338307101
2025-11-30,ALKT,identifier,Alkami Technology Inc,0.02891805268,37579506.12,1762641.0,21.319999999999997,US01644J1088,01644J108
2025-11-30,ALAB,identifier,Astera Labs Inc,0.170370629095,221399558.59,1405087.0,157.57,US04626A1034,04626A103
2025-11-30,ONTO,identifier,Onto Innovation Inc,0.11672701211,151688757.0,1059575.0,143.16,US6833441057,683344105
2025-11-30,HCKT,identifier,Hackett Group Inc/The,0.008613259445,11193078.58,606014.0,18.47,US4046091090,404609109
2025-11-30,TTAN,identifier,ServiceTitan Inc,0.000346295507,450016.96,5036.0,89.36,US81764X1037,81764X103
2025-11-30,U,identifier,Unity Software Inc,0.153854729708,199936863.68,4702184.0,42.52,US91332U1016,91332U101
2025-11-30,FLEX,identifier,Flex Ltd,0.17576648159,228411561.58,3864178.0,59.11000000000001,SG9999000020,Y2573F102
2025-11-30,AVGO,identifier,Broadcom Inc,5.251575709901,6824512829.76,16935956.0,402.96000000000004,US11135F1012,11135F101
2025-11-30,VISN,identifier,CommScope Holding Co Inc,0.076388491514,99268156.68,5028782.0,19.740000000000002,US20337X1090,20337X109
2025-11-30,ANET,identifier,Arista Networks Inc,0.723890457475,940708082.16,7198562.0,130.68,US0404132054,040413205
2025-11-30,CSCO,identifier,Cisco Systems Inc,1.525304949963,1982159979.28,25762412.0,76.94,US17275R1023,17275R102
2025-11-30,SCSC,identifier,ScanSource Inc,0.016600552711,21572703.36,524628.0,41.12,US8060371072,806037107
2025-11-30,TEL,identifier,TE Connectivity PLC,0.391868480637,509239820.85,2251779.0,226.15,IE000IVNQZ81,G87052109
2025-11-30,IIIV,identifier,I3 Verticals Inc,0.010113522733,13142696.49,555247.0,23.67,US46571Y1073,46571Y107
2025-11-30,DBX,identifier,Dropbox Inc,0.10435328492,135608886.0,4538450.0,29.88,US26210C1045,26210C104
2025-11-30,PD,identifier,PagerDuty Inc,0.019763844986,25683456.0,2140288.0,12.0,US69553P1003,69553P100
2025-11-30,TDC,identifier,Teradata Corp,0.045892993395,59638733.12,2082358.0,28.639999999999997,US88076W1036,88076W103
2025-11-30,RNG,identifier,RingCentral Inc,0.038300887502,49772661.12,1762488.0,28.24,US76680R2067,76680R206
2025-11-30,CTSH,identifier,Cognizant Technology Solutions Corp,0.266967367687,346928679.42,4464402.0,77.71000000000001,US1924461023,192446102
2025-11-30,GWRE,identifier,Guidewire Software Inc,0.153429366434,199384096.8,923160.0,215.98000000000002,US40171V1008,40171V100
2025-11-30,NTGR,identifier,NETGEAR Inc,0.013602060936,17676111.8,668284.0,26.450000000000003,US64111Q1040,64111Q104
2025-11-30,MXL,identifier,MaxLinear Inc,0.02402930254,31226491.35,2005555.0,15.57,US57776J1007,57776J100
2025-11-30,CRSR,identifier,Corsair Gaming Inc,0.005857411312,7611806.6,1167455.0,6.52,US22041X1028,22041X102
2025-11-30,AKAM,identifier,Akamai Technologies Inc,0.148694853617,193231516.08,2158529.0,89.52000000000001,US00971T1016,00971T101
2025-11-30,ENTG,identifier,Entegris Inc,0.120248184333,156264580.78,2025727.0,77.14,US29362U1043,29362U104
2025-11-30,SPSC,identifier,SPS Commerce Inc,0.05951078796,77335291.04,928172.0,83.32000000000001,US78463M1071,78463M107
2025-11-30,AMBA,identifier,Ambarella Inc,0.056209316226,73044971.82,984699.0,74.17999999999999,KYG037AX1015,G037AX101
2025-11-30,VIAV,identifier,Viavi Solutions Inc,0.075258955077,97800304.68,5451522.0,17.94,US9255501051,925550105
2025-11-30,GDYN,identifier,Grid Dynamics Holdings Inc,0.011176526976,14524088.76,1658001.0,8.76,US39813G1094,39813G109
